sale_date,product_code,region,sales_quantity,inventory
2024-10-01,TK-A-001,กรุงเทพฯ,174,2927
2024-10-01,TK-A-001,ภาคกลาง,144,2810
2024-10-01,TK-A-001,ภาคตะวันออก,116,1936
2024-10-01,TK-A-001,ภาคเหนือ,90,1611
2024-10-01,TK-A-001,ภาคใต้,119,2260
2024-10-01,GL-B-014,กรุงเทพฯ,926,14261
2024-10-01,GL-B-014,ภาคกลาง,747,13855
2024-10-01,GL-B-014,ภาคตะวันออก,608,10568
2024-10-01,GL-B-014,ภาคเหนือ,478,7911
2024-10-01,GL-B-014,ภาคใต้,654,10620
2024-10-01,MK-C-028,กรุงเทพฯ,713,13954
2024-10-01,MK-C-028,ภาคกลาง,537,10290
2024-10-01,MK-C-028,ภาคตะวันออก,380,6859
2024-10-01,MK-C-028,ภาคเหนือ,384,6800
2024-10-01,MK-C-028,ภาคใต้,442,8846
2024-10-01,SY-D-039,กรุงเทพฯ,429,7665
2024-10-01,SY-D-039,ภาคกลาง,330,6226
2024-10-01,SY-D-039,ภาคตะวันออก,291,4749
2024-10-01,SY-D-039,ภาคเหนือ,223,3906
2024-10-01,SY-D-039,ภาคใต้,315,4700
2024-10-01,AG-E-052,กรุงเทพฯ,131,2765
2024-10-01,AG-E-052,ภาคกลาง,106,1778
2024-10-01,AG-E-052,ภาคตะวันออก,85,1461
2024-10-01,AG-E-052,ภาคเหนือ,70,1153
2024-10-01,AG-E-052,ภาคใต้,89,1512
2024-10-02,TK-A-001,กรุงเทพฯ,173,3703
2024-10-02,TK-A-001,ภาคกลาง,131,2839
2024-10-02,TK-A-001,ภาคตะวันออก,105,1705
2024-10-02,TK-A-001,ภาคเหนือ,91,1602
2024-10-02,TK-A-001,ภาคใต้,110,2299
2024-10-02,GL-B-014,กรุงเทพฯ,984,15323
2024-10-02,GL-B-014,ภาคกลาง,775,12089
2024-10-02,GL-B-014,ภาคตะวันออก,532,10879
2024-10-02,GL-B-014,ภาคเหนือ,503,9749
2024-10-02,GL-B-014,ภาคใต้,596,10816
2024-10-02,MK-C-028,กรุงเทพฯ,669,10681
2024-10-02,MK-C-028,ภาคกลาง,576,11013
2024-10-02,MK-C-028,ภาคตะวันออก,422,8086
2024-10-02,MK-C-028,ภาคเหนือ,383,5873
2024-10-02,MK-C-028,ภาคใต้,416,7953
2024-10-02,SY-D-039,กรุงเทพฯ,480,7955
2024-10-02,SY-D-039,ภาคกลาง,324,5805
2024-10-02,SY-D-039,ภาคตะวันออก,291,4415
2024-10-02,SY-D-039,ภาคเหนือ,258,4470
2024-10-02,SY-D-039,ภาคใต้,288,6103
2024-10-02,AG-E-052,กรุงเทพฯ,144,2489
2024-10-02,AG-E-052,ภาคกลาง,104,1934
2024-10-02,AG-E-052,ภาคตะวันออก,80,1408
2024-10-02,AG-E-052,ภาคเหนือ,66,1313
2024-10-02,AG-E-052,ภาคใต้,92,1498
2024-10-03,TK-A-001,กรุงเทพฯ,168,3074
2024-10-03,TK-A-001,ภาคกลาง,158,2931
2024-10-03,TK-A-001,ภาคตะวันออก,98,1875
2024-10-03,TK-A-001,ภาคเหนือ,99,1758
2024-10-03,TK-A-001,ภาคใต้,116,1862
2024-10-03,GL-B-014,กรุงเทพฯ,924,16836
2024-10-03,GL-B-014,ภาคกลาง,688,11925
2024-10-03,GL-B-014,ภาคตะวันออก,603,11200
2024-10-03,GL-B-014,ภาคเหนือ,470,9804
2024-10-03,GL-B-014,ภาคใต้,601,11713
2024-10-03,MK-C-028,กรุงเทพฯ,640,13015
2024-10-03,MK-C-028,ภาคกลาง,551,10649
2024-10-03,MK-C-028,ภาคตะวันออก,434,7819
2024-10-03,MK-C-028,ภาคเหนือ,366,7343
2024-10-03,MK-C-028,ภาคใต้,423,7087
2024-10-03,SY-D-039,กรุงเทพฯ,457,9227
2024-10-03,SY-D-039,ภาคกลาง,339,6840
2024-10-03,SY-D-039,ภาคตะวันออก,282,4565
2024-10-03,SY-D-039,ภาคเหนือ,263,4725
2024-10-03,SY-D-039,ภาคใต้,295,5064
2024-10-03,AG-E-052,กรุงเทพฯ,148,2405
2024-10-03,AG-E-052,ภาคกลาง,114,2196
2024-10-03,AG-E-052,ภาคตะวันออก,78,1307
2024-10-03,AG-E-052,ภาคเหนือ,72,1131
2024-10-03,AG-E-052,ภาคใต้,91,1830
2024-10-04,TK-A-001,กรุงเทพฯ,189,3505
2024-10-04,TK-A-001,ภาคกลาง,149,2857
2024-10-04,TK-A-001,ภาคตะวันออก,114,1867
2024-10-04,TK-A-001,ภาคเหนือ,93,1550
2024-10-04,TK-A-001,ภาคใต้,115,2148
2024-10-04,GL-B-014,กรุงเทพฯ,916,14572
2024-10-04,GL-B-014,ภาคกลาง,729,11597
2024-10-04,GL-B-014,ภาคตะวันออก,549,10619
2024-10-04,GL-B-014,ภาคเหนือ,528,7689
2024-10-04,GL-B-014,ภาคใต้,606,11297
2024-10-04,MK-C-028,กรุงเทพฯ,630,12000
2024-10-04,MK-C-028,ภาคกลาง,532,10831
2024-10-04,MK-C-028,ภาคตะวันออก,415,8121
2024-10-04,MK-C-028,ภาคเหนือ,376,6595
2024-10-04,MK-C-028,ภาคใต้,472,8172
2024-10-04,SY-D-039,กรุงเทพฯ,486,7473
2024-10-04,SY-D-039,ภาคกลาง,384,6699
2024-10-04,SY-D-039,ภาคตะวันออก,247,4394
2024-10-04,SY-D-039,ภาคเหนือ,251,4403
2024-10-04,SY-D-039,ภาคใต้,318,6045
2024-10-04,AG-E-052,กรุงเทพฯ,124,2262
2024-10-04,AG-E-052,ภาคกลาง,98,1910
2024-10-04,AG-E-052,ภาคตะวันออก,81,1463
2024-10-04,AG-E-052,ภาคเหนือ,71,1135
2024-10-04,AG-E-052,ภาคใต้,82,1450
2024-10-05,TK-A-001,กรุงเทพฯ,195,3374
2024-10-05,TK-A-001,ภาคกลาง,130,2851
2024-10-05,TK-A-001,ภาคตะวันออก,108,2070
2024-10-05,TK-A-001,ภาคเหนือ,102,1576
2024-10-05,TK-A-001,ภาคใต้,132,2271
2024-10-05,GL-B-014,กรุงเทพฯ,846,18908
2024-10-05,GL-B-014,ภาคกลาง,808,11404
2024-10-05,GL-B-014,ภาคตะวันออก,611,8541
2024-10-05,GL-B-014,ภาคเหนือ,517,8824
2024-10-05,GL-B-014,ภาคใต้,657,9917
2024-10-05,MK-C-028,กรุงเทพฯ,652,10904
2024-10-05,MK-C-028,ภาคกลาง,548,8915
2024-10-05,MK-C-028,ภาคตะวันออก,409,7092
2024-10-05,MK-C-028,ภาคเหนือ,382,5937
2024-10-05,MK-C-028,ภาคใต้,438,7193
2024-10-05,SY-D-039,กรุงเทพฯ,494,8763
2024-10-05,SY-D-039,ภาคกลาง,327,7332
2024-10-05,SY-D-039,ภาคตะวันออก,296,4985
2024-10-05,SY-D-039,ภาคเหนือ,221,4217
2024-10-05,SY-D-039,ภาคใต้,294,5230
2024-10-05,AG-E-052,กรุงเทพฯ,124,2126
2024-10-05,AG-E-052,ภาคกลาง,103,2155
2024-10-05,AG-E-052,ภาคตะวันออก,87,1670
2024-10-05,AG-E-052,ภาคเหนือ,69,1449
2024-10-05,AG-E-052,ภาคใต้,94,1450
2024-10-06,TK-A-001,กรุงเทพฯ,172,2926
2024-10-06,TK-A-001,ภาคกลาง,132,2313
2024-10-06,TK-A-001,ภาคตะวันออก,111,2175
2024-10-06,TK-A-001,ภาคเหนือ,104,1700
2024-10-06,TK-A-001,ภาคใต้,123,2456
2024-10-06,GL-B-014,กรุงเทพฯ,843,17166
2024-10-06,GL-B-014,ภาคกลาง,787,12108
2024-10-06,GL-B-014,ภาคตะวันออก,504,8672
2024-10-06,GL-B-014,ภาคเหนือ,456,8327
2024-10-06,GL-B-014,ภาคใต้,582,11013
2024-10-06,MK-C-028,กรุงเทพฯ,681,12404
2024-10-06,MK-C-028,ภาคกลาง,524,10150
2024-10-06,MK-C-028,ภาคตะวันออก,421,7922
2024-10-06,MK-C-028,ภาคเหนือ,356,6406
2024-10-06,MK-C-028,ภาคใต้,464,7832
2024-10-06,SY-D-039,กรุงเทพฯ,408,8063
2024-10-06,SY-D-039,ภาคกลาง,351,5925
2024-10-06,SY-D-039,ภาคตะวันออก,262,4229
2024-10-06,SY-D-039,ภาคเหนือ,230,4298
2024-10-06,SY-D-039,ภาคใต้,287,5057
2024-10-06,AG-E-052,กรุงเทพฯ,141,2346
2024-10-06,AG-E-052,ภาคกลาง,114,2088
2024-10-06,AG-E-052,ภาคตะวันออก,79,1585
2024-10-06,AG-E-052,ภาคเหนือ,79,1228
2024-10-06,AG-E-052,ภาคใต้,87,1792
2024-10-07,TK-A-001,กรุงเทพฯ,191,3047
2024-10-07,TK-A-001,ภาคกลาง,149,2588
2024-10-07,TK-A-001,ภาคตะวันออก,105,1937
2024-10-07,TK-A-001,ภาคเหนือ,89,1507
2024-10-07,TK-A-001,ภาคใต้,111,1985
2024-10-07,GL-B-014,กรุงเทพฯ,936,17863
2024-10-07,GL-B-014,ภาคกลาง,734,13241
2024-10-07,GL-B-014,ภาคตะวันออก,537,8948
2024-10-07,GL-B-014,ภาคเหนือ,489,8055
2024-10-07,GL-B-014,ภาคใต้,664,12223
2024-10-07,MK-C-028,กรุงเทพฯ,642,13759
2024-10-07,MK-C-028,ภาคกลาง,524,8436
2024-10-07,MK-C-028,ภาคตะวันออก,400,7109
2024-10-07,MK-C-028,ภาคเหนือ,355,5822
2024-10-07,MK-C-028,ภาคใต้,478,9096
2024-10-07,SY-D-039,กรุงเทพฯ,458,8487
2024-10-07,SY-D-039,ภาคกลาง,327,6385
2024-10-07,SY-D-039,ภาคตะวันออก,263,4972
2024-10-07,SY-D-039,ภาคเหนือ,220,4955
2024-10-07,SY-D-039,ภาคใต้,314,6161
2024-10-07,AG-E-052,กรุงเทพฯ,143,2503
2024-10-07,AG-E-052,ภาคกลาง,101,1813
2024-10-07,AG-E-052,ภาคตะวันออก,81,1611
2024-10-07,AG-E-052,ภาคเหนือ,68,1191
2024-10-07,AG-E-052,ภาคใต้,94,1723
2024-10-08,TK-A-001,กรุงเทพฯ,189,3120
2024-10-08,TK-A-001,ภาคกลาง,149,2728
2024-10-08,TK-A-001,ภาคตะวันออก,102,1902
2024-10-08,TK-A-001,ภาคเหนือ,98,1942
2024-10-08,TK-A-001,ภาคใต้,114,2478
2024-10-08,GL-B-014,กรุงเทพฯ,899,17744
2024-10-08,GL-B-014,ภาคกลาง,781,13094
2024-10-08,GL-B-014,ภาคตะวันออก,517,9787
2024-10-08,GL-B-014,ภาคเหนือ,494,9893
2024-10-08,GL-B-014,ภาคใต้,661,12185
2024-10-08,MK-C-028,กรุงเทพฯ,639,12572
2024-10-08,MK-C-028,ภาคกลาง,487,9424
2024-10-08,MK-C-028,ภาคตะวันออก,404,7424
2024-10-08,MK-C-028,ภาคเหนือ,376,5853
2024-10-08,MK-C-028,ภาคใต้,420,7295
2024-10-08,SY-D-039,กรุงเทพฯ,474,9197
2024-10-08,SY-D-039,ภาคกลาง,372,6044
2024-10-08,SY-D-039,ภาคตะวันออก,283,4165
2024-10-08,SY-D-039,ภาคเหนือ,238,4746
2024-10-08,SY-D-039,ภาคใต้,285,4701
2024-10-08,AG-E-052,กรุงเทพฯ,144,2152
2024-10-08,AG-E-052,ภาคกลาง,100,1862
2024-10-08,AG-E-052,ภาคตะวันออก,83,1359
2024-10-08,AG-E-052,ภาคเหนือ,70,1381
2024-10-08,AG-E-052,ภาคใต้,81,1393
2024-10-09,TK-A-001,กรุงเทพฯ,169,3585
2024-10-09,TK-A-001,ภาคกลาง,150,2238
2024-10-09,TK-A-001,ภาคตะวันออก,116,2217
2024-10-09,TK-A-001,ภาคเหนือ,89,1595
2024-10-09,TK-A-001,ภาคใต้,115,2318
2024-10-09,GL-B-014,กรุงเทพฯ,882,14348
2024-10-09,GL-B-014,ภาคกลาง,681,12080
2024-10-09,GL-B-014,ภาคตะวันออก,555,9358
2024-10-09,GL-B-014,ภาคเหนือ,543,9699
2024-10-09,GL-B-014,ภาคใต้,643,11117
2024-10-09,MK-C-028,กรุงเทพฯ,620,11180
2024-10-09,MK-C-028,ภาคกลาง,589,9788
2024-10-09,MK-C-028,ภาคตะวันออก,413,6889
2024-10-09,MK-C-028,ภาคเหนือ,395,6906
2024-10-09,MK-C-028,ภาคใต้,406,9077
2024-10-09,SY-D-039,กรุงเทพฯ,422,7910
2024-10-09,SY-D-039,ภาคกลาง,333,6132
2024-10-09,SY-D-039,ภาคตะวันออก,285,4395
2024-10-09,SY-D-039,ภาคเหนือ,220,3885
2024-10-09,SY-D-039,ภาคใต้,296,4784
2024-10-09,AG-E-052,กรุงเทพฯ,130,2511
2024-10-09,AG-E-052,ภาคกลาง,106,1799
2024-10-09,AG-E-052,ภาคตะวันออก,78,1536
2024-10-09,AG-E-052,ภาคเหนือ,68,1399
2024-10-09,AG-E-052,ภาคใต้,86,1394
2024-10-10,TK-A-001,กรุงเทพฯ,195,3262
2024-10-10,TK-A-001,ภาคกลาง,139,2416
2024-10-10,TK-A-001,ภาคตะวันออก,98,1842
2024-10-10,TK-A-001,ภาคเหนือ,87,1867
2024-10-10,TK-A-001,ภาคใต้,122,2265
2024-10-10,GL-B-014,กรุงเทพฯ,946,16859
2024-10-10,GL-B-014,ภาคกลาง,736,15379
2024-10-10,GL-B-014,ภาคตะวันออก,601,10502
2024-10-10,GL-B-014,ภาคเหนือ,489,9831
2024-10-10,GL-B-014,ภาคใต้,669,10698
2024-10-10,MK-C-028,กรุงเทพฯ,664,10808
2024-10-10,MK-C-028,ภาคกลาง,566,10029
2024-10-10,MK-C-028,ภาคตะวันออก,419,7731
2024-10-10,MK-C-028,ภาคเหนือ,338,7021
2024-10-10,MK-C-028,ภาคใต้,426,8801
2024-10-10,SY-D-039,กรุงเทพฯ,473,7122
2024-10-10,SY-D-039,ภาคกลาง,375,7343
2024-10-10,SY-D-039,ภาคตะวันออก,284,4963
2024-10-10,SY-D-039,ภาคเหนือ,226,4692
2024-10-10,SY-D-039,ภาคใต้,297,5684
2024-10-10,AG-E-052,กรุงเทพฯ,123,2355
2024-10-10,AG-E-052,ภาคกลาง,110,1743
2024-10-10,AG-E-052,ภาคตะวันออก,79,1397
2024-10-10,AG-E-052,ภาคเหนือ,66,1321
2024-10-10,AG-E-052,ภาคใต้,84,1726
2024-10-11,TK-A-001,กรุงเทพฯ,167,3191
2024-10-11,TK-A-001,ภาคกลาง,154,2484
2024-10-11,TK-A-001,ภาคตะวันออก,103,1842
2024-10-11,TK-A-001,ภาคเหนือ,104,1787
2024-10-11,TK-A-001,ภาคใต้,121,2359
2024-10-11,GL-B-014,กรุงเทพฯ,1012,14357
2024-10-11,GL-B-014,ภาคกลาง,815,13684
2024-10-11,GL-B-014,ภาคตะวันออก,612,10497
2024-10-11,GL-B-014,ภาคเหนือ,524,7640
2024-10-11,GL-B-014,ภาคใต้,601,10516
2024-10-11,MK-C-028,กรุงเทพฯ,718,13111
2024-10-11,MK-C-028,ภาคกลาง,495,10043
2024-10-11,MK-C-028,ภาคตะวันออก,411,7038
2024-10-11,MK-C-028,ภาคเหนือ,388,6999
2024-10-11,MK-C-028,ภาคใต้,463,6975
2024-10-11,SY-D-039,กรุงเทพฯ,488,7897
2024-10-11,SY-D-039,ภาคกลาง,343,7124
2024-10-11,SY-D-039,ภาคตะวันออก,252,4171
2024-10-11,SY-D-039,ภาคเหนือ,240,3834
2024-10-11,SY-D-039,ภาคใต้,328,5587
2024-10-11,AG-E-052,กรุงเทพฯ,127,2144
2024-10-11,AG-E-052,ภาคกลาง,98,2115
2024-10-11,AG-E-052,ภาคตะวันออก,85,1381
2024-10-11,AG-E-052,ภาคเหนือ,67,1270
2024-10-11,AG-E-052,ภาคใต้,87,1393
2024-10-12,TK-A-001,กรุงเทพฯ,197,3172
2024-10-12,TK-A-001,ภาคกลาง,154,2612
2024-10-12,TK-A-001,ภาคตะวันออก,102,1872
2024-10-12,TK-A-001,ภาคเหนือ,91,1892
2024-10-12,TK-A-001,ภาคใต้,130,1904
2024-10-12,GL-B-014,กรุงเทพฯ,989,15823
2024-10-12,GL-B-014,ภาคกลาง,681,13071
2024-10-12,GL-B-014,ภาคตะวันออก,529,9825
2024-10-12,GL-B-014,ภาคเหนือ,496,8917
2024-10-12,GL-B-014,ภาคใต้,658,9931
2024-10-12,MK-C-028,กรุงเทพฯ,700,12989
2024-10-12,MK-C-028,ภาคกลาง,501,8385
2024-10-12,MK-C-028,ภาคตะวันออก,401,6314
2024-10-12,MK-C-028,ภาคเหนือ,346,6442
2024-10-12,MK-C-028,ภาคใต้,414,9243
2024-10-12,SY-D-039,กรุงเทพฯ,493,8195
2024-10-12,SY-D-039,ภาคกลาง,348,7137
2024-10-12,SY-D-039,ภาคตะวันออก,248,4453
2024-10-12,SY-D-039,ภาคเหนือ,218,3881
2024-10-12,SY-D-039,ภาคใต้,288,4700
2024-10-12,AG-E-052,กรุงเทพฯ,143,2726
2024-10-12,AG-E-052,ภาคกลาง,101,2187
2024-10-12,AG-E-052,ภาคตะวันออก,81,1285
2024-10-12,AG-E-052,ภาคเหนือ,74,1363
2024-10-12,AG-E-052,ภาคใต้,94,1507
2024-10-13,TK-A-001,กรุงเทพฯ,177,2986
2024-10-13,TK-A-001,ภาคกลาง,153,2489
2024-10-13,TK-A-001,ภาคตะวันออก,106,2229
2024-10-13,TK-A-001,ภาคเหนือ,91,1679
2024-10-13,TK-A-001,ภาคใต้,110,2119
2024-10-13,GL-B-014,กรุงเทพฯ,860,18429
2024-10-13,GL-B-014,ภาคกลาง,790,15327
2024-10-13,GL-B-014,ภาคตะวันออก,546,9605
2024-10-13,GL-B-014,ภาคเหนือ,540,9922
2024-10-13,GL-B-014,ภาคใต้,561,12236
2024-10-13,MK-C-028,กรุงเทพฯ,690,13154
2024-10-13,MK-C-028,ภาคกลาง,583,9251
2024-10-13,MK-C-028,ภาคตะวันออก,418,7538
2024-10-13,MK-C-028,ภาคเหนือ,354,6939
2024-10-13,MK-C-028,ภาคใต้,465,8151
2024-10-13,SY-D-039,กรุงเทพฯ,439,9285
2024-10-13,SY-D-039,ภาคกลาง,355,5701
2024-10-13,SY-D-039,ภาคตะวันออก,248,4613
2024-10-13,SY-D-039,ภาคเหนือ,219,4111
2024-10-13,SY-D-039,ภาคใต้,310,4739
2024-10-13,AG-E-052,กรุงเทพฯ,146,2687
2024-10-13,AG-E-052,ภาคกลาง,97,1939
2024-10-13,AG-E-052,ภาคตะวันออก,81,1379
2024-10-13,AG-E-052,ภาคเหนือ,76,1468
2024-10-13,AG-E-052,ภาคใต้,93,1506
2024-10-14,TK-A-001,กรุงเทพฯ,184,3341
2024-10-14,TK-A-001,ภาคกลาง,131,2661
2024-10-14,TK-A-001,ภาคตะวันออก,117,1779
2024-10-14,TK-A-001,ภาคเหนือ,96,1702
2024-10-14,TK-A-001,ภาคใต้,124,2142
2024-10-14,GL-B-014,กรุงเทพฯ,839,16421
2024-10-14,GL-B-014,ภาคกลาง,778,13147
2024-10-14,GL-B-014,ภาคตะวันออก,578,8948
2024-10-14,GL-B-014,ภาคเหนือ,463,9761
2024-10-14,GL-B-014,ภาคใต้,604,11164
2024-10-14,MK-C-028,กรุงเทพฯ,644,13949
2024-10-14,MK-C-028,ภาคกลาง,591,10171
2024-10-14,MK-C-028,ภาคตะวันออก,444,6830
2024-10-14,MK-C-028,ภาคเหนือ,353,5561
2024-10-14,MK-C-028,ภาคใต้,488,8604
2024-10-14,SY-D-039,กรุงเทพฯ,425,9220
2024-10-14,SY-D-039,ภาคกลาง,337,5793
2024-10-14,SY-D-039,ภาคตะวันออก,276,4387
2024-10-14,SY-D-039,ภาคเหนือ,246,4957
2024-10-14,SY-D-039,ภาคใต้,284,5780
2024-10-14,AG-E-052,กรุงเทพฯ,131,2329
2024-10-14,AG-E-052,ภาคกลาง,119,1887
2024-10-14,AG-E-052,ภาคตะวันออก,85,1479
2024-10-14,AG-E-052,ภาคเหนือ,78,1311
2024-10-14,AG-E-052,ภาคใต้,93,1568
2024-10-15,TK-A-001,กรุงเทพฯ,182,3629
2024-10-15,TK-A-001,ภาคกลาง,151,2696
2024-10-15,TK-A-001,ภาคตะวันออก,113,1672
2024-10-15,TK-A-001,ภาคเหนือ,100,1714
2024-10-15,TK-A-001,ภาคใต้,115,1898
2024-10-15,GL-B-014,กรุงเทพฯ,990,18720
2024-10-15,GL-B-014,ภาคกลาง,752,12489
2024-10-15,GL-B-014,ภาคตะวันออก,516,9978
2024-10-15,GL-B-014,ภาคเหนือ,481,8166
2024-10-15,GL-B-014,ภาคใต้,576,12016
2024-10-15,MK-C-028,กรุงเทพฯ,712,10480
2024-10-15,MK-C-028,ภาคกลาง,511,9259
2024-10-15,MK-C-028,ภาคตะวันออก,404,8204
2024-10-15,MK-C-028,ภาคเหนือ,328,6243
2024-10-15,MK-C-028,ภาคใต้,461,7507
2024-10-15,SY-D-039,กรุงเทพฯ,425,7001
2024-10-15,SY-D-039,ภาคกลาง,394,7403
2024-10-15,SY-D-039,ภาคตะวันออก,295,4385
2024-10-15,SY-D-039,ภาคเหนือ,262,4253
2024-10-15,SY-D-039,ภาคใต้,289,4876
2024-10-15,AG-E-052,กรุงเทพฯ,138,2087
2024-10-15,AG-E-052,ภาคกลาง,103,2171
2024-10-15,AG-E-052,ภาคตะวันออก,79,1369
2024-10-15,AG-E-052,ภาคเหนือ,75,1108
2024-10-15,AG-E-052,ภาคใต้,88,1575
2024-10-16,TK-A-001,กรุงเทพฯ,188,2990
2024-10-16,TK-A-001,ภาคกลาง,140,2368
2024-10-16,TK-A-001,ภาคตะวันออก,105,1794
2024-10-16,TK-A-001,ภาคเหนือ,105,1985
2024-10-16,TK-A-001,ภาคใต้,109,1925
2024-10-16,GL-B-014,กรุงเทพฯ,877,14281
2024-10-16,GL-B-014,ภาคกลาง,715,11954
2024-10-16,GL-B-014,ภาคตะวันออก,506,9083
2024-10-16,GL-B-014,ภาคเหนือ,453,8715
2024-10-16,GL-B-014,ภาคใต้,664,11563
2024-10-16,MK-C-028,กรุงเทพฯ,663,11872
2024-10-16,MK-C-028,ภาคกลาง,530,10746
2024-10-16,MK-C-028,ภาคตะวันออก,420,6674
2024-10-16,MK-C-028,ภาคเหนือ,334,7208
2024-10-16,MK-C-028,ภาคใต้,428,8281
2024-10-16,SY-D-039,กรุงเทพฯ,492,8012
2024-10-16,SY-D-039,ภาคกลาง,379,7118
2024-10-16,SY-D-039,ภาคตะวันออก,271,4643
2024-10-16,SY-D-039,ภาคเหนือ,228,4688
2024-10-16,SY-D-039,ภาคใต้,302,4858
2024-10-16,AG-E-052,กรุงเทพฯ,143,2191
2024-10-16,AG-E-052,ภาคกลาง,116,1819
2024-10-16,AG-E-052,ภาคตะวันออก,80,1427
2024-10-16,AG-E-052,ภาคเหนือ,69,1486
2024-10-16,AG-E-052,ภาคใต้,87,1774
2024-10-17,TK-A-001,กรุงเทพฯ,193,3277
2024-10-17,TK-A-001,ภาคกลาง,130,2304
2024-10-17,TK-A-001,ภาคตะวันออก,102,1710
2024-10-17,TK-A-001,ภาคเหนือ,92,1753
2024-10-17,TK-A-001,ภาคใต้,115,2243
2024-10-17,GL-B-014,กรุงเทพฯ,1010,15982
2024-10-17,GL-B-014,ภาคกลาง,720,11839
2024-10-17,GL-B-014,ภาคตะวันออก,612,10120
2024-10-17,GL-B-014,ภาคเหนือ,460,9812
2024-10-17,GL-B-014,ภาคใต้,558,11414
2024-10-17,MK-C-028,กรุงเทพฯ,708,12051
2024-10-17,MK-C-028,ภาคกลาง,496,11090
2024-10-17,MK-C-028,ภาคตะวันออก,416,6922
2024-10-17,MK-C-028,ภาคเหนือ,326,5621
2024-10-17,MK-C-028,ภาคใต้,426,9035
2024-10-17,SY-D-039,กรุงเทพฯ,433,7971
2024-10-17,SY-D-039,ภาคกลาง,378,6393
2024-10-17,SY-D-039,ภาคตะวันออก,276,4279
2024-10-17,SY-D-039,ภาคเหนือ,226,4741
2024-10-17,SY-D-039,ภาคใต้,328,5706
2024-10-17,AG-E-052,กรุงเทพฯ,148,2750
2024-10-17,AG-E-052,ภาคกลาง,117,2196
2024-10-17,AG-E-052,ภาคตะวันออก,88,1283
2024-10-17,AG-E-052,ภาคเหนือ,68,1486
2024-10-17,AG-E-052,ภาคใต้,89,1515
2024-10-18,TK-A-001,กรุงเทพฯ,163,2870
2024-10-18,TK-A-001,ภาคกลาง,153,2575
2024-10-18,TK-A-001,ภาคตะวันออก,105,1745
2024-10-18,TK-A-001,ภาคเหนือ,93,1554
2024-10-18,TK-A-001,ภาคใต้,120,2200
2024-10-18,GL-B-014,กรุงเทพฯ,947,16094
2024-10-18,GL-B-014,ภาคกลาง,772,11536
2024-10-18,GL-B-014,ภาคตะวันออก,577,11226
2024-10-18,GL-B-014,ภาคเหนือ,461,7681
2024-10-18,GL-B-014,ภาคใต้,576,11485
2024-10-18,MK-C-028,กรุงเทพฯ,642,12466
2024-10-18,MK-C-028,ภาคกลาง,509,11054
2024-10-18,MK-C-028,ภาคตะวันออก,388,6867
2024-10-18,MK-C-028,ภาคเหนือ,331,5867
2024-10-18,MK-C-028,ภาคใต้,455,8143
2024-10-18,SY-D-039,กรุงเทพฯ,490,8389
2024-10-18,SY-D-039,ภาคกลาง,344,7077
2024-10-18,SY-D-039,ภาคตะวันออก,272,4505
2024-10-18,SY-D-039,ภาคเหนือ,256,4328
2024-10-18,SY-D-039,ภาคใต้,311,5506
2024-10-18,AG-E-052,กรุงเทพฯ,126,2698
2024-10-18,AG-E-052,ภาคกลาง,99,2216
2024-10-18,AG-E-052,ภาคตะวันออก,79,1657
2024-10-18,AG-E-052,ภาคเหนือ,66,1348
2024-10-18,AG-E-052,ภาคใต้,82,1628
2024-10-19,TK-A-001,กรุงเทพฯ,174,3240
2024-10-19,TK-A-001,ภาคกลาง,143,2461
2024-10-19,TK-A-001,ภาคตะวันออก,116,2000
2024-10-19,TK-A-001,ภาคเหนือ,90,1906
2024-10-19,TK-A-001,ภาคใต้,119,1928
2024-10-19,GL-B-014,กรุงเทพฯ,881,14459
2024-10-19,GL-B-014,ภาคกลาง,746,15400
2024-10-19,GL-B-014,ภาคตะวันออก,514,11312
2024-10-19,GL-B-014,ภาคเหนือ,472,8665
2024-10-19,GL-B-014,ภาคใต้,604,12575
2024-10-19,MK-C-028,กรุงเทพฯ,627,10622
2024-10-19,MK-C-028,ภาคกลาง,524,9118
2024-10-19,MK-C-028,ภาคตะวันออก,408,6639
2024-10-19,MK-C-028,ภาคเหนือ,361,5912
2024-10-19,MK-C-028,ภาคใต้,469,8663
2024-10-19,SY-D-039,กรุงเทพฯ,414,6942
2024-10-19,SY-D-039,ภาคกลาง,372,5766
2024-10-19,SY-D-039,ภาคตะวันออก,273,4352
2024-10-19,SY-D-039,ภาคเหนือ,243,4366
2024-10-19,SY-D-039,ภาคใต้,304,5083
2024-10-19,AG-E-052,กรุงเทพฯ,137,2622
2024-10-19,AG-E-052,ภาคกลาง,113,1741
2024-10-19,AG-E-052,ภาคตะวันออก,79,1616
2024-10-19,AG-E-052,ภาคเหนือ,70,1348
2024-10-19,AG-E-052,ภาคใต้,98,1387
2024-10-20,TK-A-001,กรุงเทพฯ,182,3199
2024-10-20,TK-A-001,ภาคกลาง,132,2222
2024-10-20,TK-A-001,ภาคตะวันออก,104,1972
2024-10-20,TK-A-001,ภาคเหนือ,102,1795
2024-10-20,TK-A-001,ภาคใต้,118,2122
2024-10-20,GL-B-014,กรุงเทพฯ,969,16747
2024-10-20,GL-B-014,ภาคกลาง,767,15102
2024-10-20,GL-B-014,ภาคตะวันออก,573,10380
2024-10-20,GL-B-014,ภาคเหนือ,470,8709
2024-10-20,GL-B-014,ภาคใต้,665,10225
2024-10-20,MK-C-028,กรุงเทพฯ,671,13407
2024-10-20,MK-C-028,ภาคกลาง,499,10755
2024-10-20,MK-C-028,ภาคตะวันออก,426,6312
2024-10-20,MK-C-028,ภาคเหนือ,394,7264
2024-10-20,MK-C-028,ภาคใต้,428,6905
2024-10-20,SY-D-039,กรุงเทพฯ,408,8673
2024-10-20,SY-D-039,ภาคกลาง,372,6097
2024-10-20,SY-D-039,ภาคตะวันออก,278,4821
2024-10-20,SY-D-039,ภาคเหนือ,227,4617
2024-10-20,SY-D-039,ภาคใต้,326,5903
2024-10-20,AG-E-052,กรุงเทพฯ,138,2753
2024-10-20,AG-E-052,ภาคกลาง,108,1959
2024-10-20,AG-E-052,ภาคตะวันออก,80,1450
2024-10-20,AG-E-052,ภาคเหนือ,69,1322
2024-10-20,AG-E-052,ภาคใต้,97,1689
2024-10-21,TK-A-001,กรุงเทพฯ,164,3593
2024-10-21,TK-A-001,ภาคกลาง,153,2210
2024-10-21,TK-A-001,ภาคตะวันออก,116,1792
2024-10-21,TK-A-001,ภาคเหนือ,89,1784
2024-10-21,TK-A-001,ภาคใต้,113,1895
2024-10-21,GL-B-014,กรุงเทพฯ,947,14229
2024-10-21,GL-B-014,ภาคกลาง,774,14142
2024-10-21,GL-B-014,ภาคตะวันออก,583,10912
2024-10-21,GL-B-014,ภาคเหนือ,531,8316
2024-10-21,GL-B-014,ภาคใต้,592,10580
2024-10-21,MK-C-028,กรุงเทพฯ,730,11520
2024-10-21,MK-C-028,ภาคกลาง,575,10140
2024-10-21,MK-C-028,ภาคตะวันออก,433,7622
2024-10-21,MK-C-028,ภาคเหนือ,376,7139
2024-10-21,MK-C-028,ภาคใต้,425,7239
2024-10-21,SY-D-039,กรุงเทพฯ,460,8040
2024-10-21,SY-D-039,ภาคกลาง,347,6362
2024-10-21,SY-D-039,ภาคตะวันออก,266,5194
2024-10-21,SY-D-039,ภาคเหนือ,249,4652
2024-10-21,SY-D-039,ภาคใต้,271,5101
2024-10-21,AG-E-052,กรุงเทพฯ,129,2542
2024-10-21,AG-E-052,ภาคกลาง,109,1917
2024-10-21,AG-E-052,ภาคตะวันออก,82,1470
2024-10-21,AG-E-052,ภาคเหนือ,71,1252
2024-10-21,AG-E-052,ภาคใต้,90,1391
2024-10-22,TK-A-001,กรุงเทพฯ,182,2969
2024-10-22,TK-A-001,ภาคกลาง,155,2806
2024-10-22,TK-A-001,ภาคตะวันออก,119,1718
2024-10-22,TK-A-001,ภาคเหนือ,102,1984
2024-10-22,TK-A-001,ภาคใต้,110,1862
2024-10-22,GL-B-014,กรุงเทพฯ,966,14279
2024-10-22,GL-B-014,ภาคกลาง,698,14233
2024-10-22,GL-B-014,ภาคตะวันออก,571,10621
2024-10-22,GL-B-014,ภาคเหนือ,468,8480
2024-10-22,GL-B-014,ภาคใต้,613,10346
2024-10-22,MK-C-028,กรุงเทพฯ,692,11480
2024-10-22,MK-C-028,ภาคกลาง,555,8517
2024-10-22,MK-C-028,ภาคตะวันออก,422,6424
2024-10-22,MK-C-028,ภาคเหนือ,391,6341
2024-10-22,MK-C-028,ภาคใต้,414,8605
2024-10-22,SY-D-039,กรุงเทพฯ,428,7181
2024-10-22,SY-D-039,ภาคกลาง,334,6834
2024-10-22,SY-D-039,ภาคตะวันออก,244,5246
2024-10-22,SY-D-039,ภาคเหนือ,228,4397
2024-10-22,SY-D-039,ภาคใต้,323,6096
2024-10-22,AG-E-052,กรุงเทพฯ,140,2077
2024-10-22,AG-E-052,ภาคกลาง,107,1849
2024-10-22,AG-E-052,ภาคตะวันออก,75,1360
2024-10-22,AG-E-052,ภาคเหนือ,76,1151
2024-10-22,AG-E-052,ภาคใต้,98,1637
2024-10-23,TK-A-001,กรุงเทพฯ,168,3349
2024-10-23,TK-A-001,ภาคกลาง,143,2507
2024-10-23,TK-A-001,ภาคตะวันออก,100,1743
2024-10-23,TK-A-001,ภาคเหนือ,91,1768
2024-10-23,TK-A-001,ภาคใต้,122,1884
2024-10-23,GL-B-014,กรุงเทพฯ,1009,16780
2024-10-23,GL-B-014,ภาคกลาง,756,14151
2024-10-23,GL-B-014,ภาคตะวันออก,506,9657
2024-10-23,GL-B-014,ภาคเหนือ,512,10065
2024-10-23,GL-B-014,ภาคใต้,676,12280
2024-10-23,MK-C-028,กรุงเทพฯ,708,10712
2024-10-23,MK-C-028,ภาคกลาง,498,9971
2024-10-23,MK-C-028,ภาคตะวันออก,439,7994
2024-10-23,MK-C-028,ภาคเหนือ,370,5997
2024-10-23,MK-C-028,ภาคใต้,444,6936
2024-10-23,SY-D-039,กรุงเทพฯ,437,7962
2024-10-23,SY-D-039,ภาคกลาง,389,6880
2024-10-23,SY-D-039,ภาคตะวันออก,256,5528
2024-10-23,SY-D-039,ภาคเหนือ,262,4819
2024-10-23,SY-D-039,ภาคใต้,307,5224
2024-10-23,AG-E-052,กรุงเทพฯ,146,2553
2024-10-23,AG-E-052,ภาคกลาง,112,2049
2024-10-23,AG-E-052,ภาคตะวันออก,86,1518
2024-10-23,AG-E-052,ภาคเหนือ,68,1234
2024-10-23,AG-E-052,ภาคใต้,83,1813
2024-10-24,TK-A-001,กรุงเทพฯ,184,3172
2024-10-24,TK-A-001,ภาคกลาง,144,2538
2024-10-24,TK-A-001,ภาคตะวันออก,104,1923
2024-10-24,TK-A-001,ภาคเหนือ,105,1817
2024-10-24,TK-A-001,ภาคใต้,123,2385
2024-10-24,GL-B-014,กรุงเทพฯ,849,16296
2024-10-24,GL-B-014,ภาคกลาง,692,13608
2024-10-24,GL-B-014,ภาคตะวันออก,594,9860
2024-10-24,GL-B-014,ภาคเหนือ,530,7809
2024-10-24,GL-B-014,ภาคใต้,630,11390
2024-10-24,MK-C-028,กรุงเทพฯ,728,13799
2024-10-24,MK-C-028,ภาคกลาง,587,10961
2024-10-24,MK-C-028,ภาคตะวันออก,435,6757
2024-10-24,MK-C-028,ภาคเหนือ,325,6751
2024-10-24,MK-C-028,ภาคใต้,461,6966
2024-10-24,SY-D-039,กรุงเทพฯ,486,7708
2024-10-24,SY-D-039,ภาคกลาง,325,6435
2024-10-24,SY-D-039,ภาคตะวันออก,271,4249
2024-10-24,SY-D-039,ภาคเหนือ,257,3998
2024-10-24,SY-D-039,ภาคใต้,282,5584
2024-10-24,AG-E-052,กรุงเทพฯ,139,2370
2024-10-24,AG-E-052,ภาคกลาง,118,1713
2024-10-24,AG-E-052,ภาคตะวันออก,89,1569
2024-10-24,AG-E-052,ภาคเหนือ,67,1385
2024-10-24,AG-E-052,ภาคใต้,87,1603
2024-10-25,TK-A-001,กรุงเทพฯ,191,3498
2024-10-25,TK-A-001,ภาคกลาง,144,2638
2024-10-25,TK-A-001,ภาคตะวันออก,101,1699
2024-10-25,TK-A-001,ภาคเหนือ,100,1684
2024-10-25,TK-A-001,ภาคใต้,113,1922
2024-10-25,GL-B-014,กรุงเทพฯ,858,15641
2024-10-25,GL-B-014,ภาคกลาง,739,15103
2024-10-25,GL-B-014,ภาคตะวันออก,510,10793
2024-10-25,GL-B-014,ภาคเหนือ,502,8924
2024-10-25,GL-B-014,ภาคใต้,632,10966
2024-10-25,MK-C-028,กรุงเทพฯ,694,13556
2024-10-25,MK-C-028,ภาคกลาง,497,9604
2024-10-25,MK-C-028,ภาคตะวันออก,385,7656
2024-10-25,MK-C-028,ภาคเหนือ,355,6139
2024-10-25,MK-C-028,ภาคใต้,422,8110
2024-10-25,SY-D-039,กรุงเทพฯ,414,7973
2024-10-25,SY-D-039,ภาคกลาง,380,6090
2024-10-25,SY-D-039,ภาคตะวันออก,260,4712
2024-10-25,SY-D-039,ภาคเหนือ,256,4810
2024-10-25,SY-D-039,ภาคใต้,276,5349
2024-10-25,AG-E-052,กรุงเทพฯ,126,2299
2024-10-25,AG-E-052,ภาคกลาง,108,1832
2024-10-25,AG-E-052,ภาคตะวันออก,80,1391
2024-10-25,AG-E-052,ภาคเหนือ,79,1357
2024-10-25,AG-E-052,ภาคใต้,93,1567
2024-10-26,TK-A-001,กรุงเทพฯ,196,3162
2024-10-26,TK-A-001,ภาคกลาง,130,2394
2024-10-26,TK-A-001,ภาคตะวันออก,118,2008
2024-10-26,TK-A-001,ภาคเหนือ,103,1696
2024-10-26,TK-A-001,ภาคใต้,110,2440
2024-10-26,GL-B-014,กรุงเทพฯ,899,17819
2024-10-26,GL-B-014,ภาคกลาง,752,11445
2024-10-26,GL-B-014,ภาคตะวันออก,612,9323
2024-10-26,GL-B-014,ภาคเหนือ,519,9067
2024-10-26,GL-B-014,ภาคใต้,630,11443
2024-10-26,MK-C-028,กรุงเทพฯ,700,13516
2024-10-26,MK-C-028,ภาคกลาง,541,8760
2024-10-26,MK-C-028,ภาคตะวันออก,415,7793
2024-10-26,MK-C-028,ภาคเหนือ,357,6105
2024-10-26,MK-C-028,ภาคใต้,406,7514
2024-10-26,SY-D-039,กรุงเทพฯ,429,8656
2024-10-26,SY-D-039,ภาคกลาง,376,6401
2024-10-26,SY-D-039,ภาคตะวันออก,272,5535
2024-10-26,SY-D-039,ภาคเหนือ,261,4503
2024-10-26,SY-D-039,ภาคใต้,309,5434
2024-10-26,AG-E-052,กรุงเทพฯ,133,2530
2024-10-26,AG-E-052,ภาคกลาง,98,1841
2024-10-26,AG-E-052,ภาคตะวันออก,80,1586
2024-10-26,AG-E-052,ภาคเหนือ,68,1103
2024-10-26,AG-E-052,ภาคใต้,91,1857
2024-10-27,TK-A-001,กรุงเทพฯ,188,3706
2024-10-27,TK-A-001,ภาคกลาง,151,2382
2024-10-27,TK-A-001,ภาคตะวันออก,112,1897
2024-10-27,TK-A-001,ภาคเหนือ,90,1754
2024-10-27,TK-A-001,ภาคใต้,116,2178
2024-10-27,GL-B-014,กรุงเทพฯ,986,15463
2024-10-27,GL-B-014,ภาคกลาง,675,14407
2024-10-27,GL-B-014,ภาคตะวันออก,527,10725
2024-10-27,GL-B-014,ภาคเหนือ,456,9803
2024-10-27,GL-B-014,ภาคใต้,614,11072
2024-10-27,MK-C-028,กรุงเทพฯ,627,13169
2024-10-27,MK-C-028,ภาคกลาง,586,10858
2024-10-27,MK-C-028,ภาคตะวันออก,433,6871
2024-10-27,MK-C-028,ภาคเหนือ,372,5589
2024-10-27,MK-C-028,ภาคใต้,461,7257
2024-10-27,SY-D-039,กรุงเทพฯ,406,8264
2024-10-27,SY-D-039,ภาคกลาง,333,6201
2024-10-27,SY-D-039,ภาคตะวันออก,262,4529
2024-10-27,SY-D-039,ภาคเหนือ,262,4404
2024-10-27,SY-D-039,ภาคใต้,320,4858
2024-10-27,AG-E-052,กรุงเทพฯ,144,2608
2024-10-27,AG-E-052,ภาคกลาง,99,2209
2024-10-27,AG-E-052,ภาคตะวันออก,73,1662
2024-10-27,AG-E-052,ภาคเหนือ,68,1208
2024-10-27,AG-E-052,ภาคใต้,82,1445
2024-10-28,TK-A-001,กรุงเทพฯ,185,2913
2024-10-28,TK-A-001,ภาคกลาง,153,2863
2024-10-28,TK-A-001,ภาคตะวันออก,97,1963
2024-10-28,TK-A-001,ภาคเหนือ,94,1813
2024-10-28,TK-A-001,ภาคใต้,116,2270
2024-10-28,GL-B-014,กรุงเทพฯ,956,17203
2024-10-28,GL-B-014,ภาคกลาง,798,11549
2024-10-28,GL-B-014,ภาคตะวันออก,530,10127
2024-10-28,GL-B-014,ภาคเหนือ,466,9945
2024-10-28,GL-B-014,ภาคใต้,613,12414
2024-10-28,MK-C-028,กรุงเทพฯ,645,11643
2024-10-28,MK-C-028,ภาคกลาง,583,10333
2024-10-28,MK-C-028,ภาคตะวันออก,432,6980
2024-10-28,MK-C-028,ภาคเหนือ,368,5776
2024-10-28,MK-C-028,ภาคใต้,478,7014
2024-10-28,SY-D-039,กรุงเทพฯ,445,8632
2024-10-28,SY-D-039,ภาคกลาง,348,7279
2024-10-28,SY-D-039,ภาคตะวันออก,294,4313
2024-10-28,SY-D-039,ภาคเหนือ,218,4702
2024-10-28,SY-D-039,ภาคใต้,290,5239
2024-10-28,AG-E-052,กรุงเทพฯ,143,2229
2024-10-28,AG-E-052,ภาคกลาง,99,1929
2024-10-28,AG-E-052,ภาคตะวันออก,77,1262
2024-10-28,AG-E-052,ภาคเหนือ,67,1420
2024-10-28,AG-E-052,ภาคใต้,94,1411
2024-10-29,TK-A-001,กรุงเทพฯ,164,3122
2024-10-29,TK-A-001,ภาคกลาง,132,2448
2024-10-29,TK-A-001,ภาคตะวันออก,109,1764
2024-10-29,TK-A-001,ภาคเหนือ,90,1508
2024-10-29,TK-A-001,ภาคใต้,120,2033
2024-10-29,GL-B-014,กรุงเทพฯ,974,18734
2024-10-29,GL-B-014,ภาคกลาง,789,14999
2024-10-29,GL-B-014,ภาคตะวันออก,509,8698
2024-10-29,GL-B-014,ภาคเหนือ,505,9664
2024-10-29,GL-B-014,ภาคใต้,600,10489
2024-10-29,MK-C-028,กรุงเทพฯ,674,12306
2024-10-29,MK-C-028,ภาคกลาง,544,10854
2024-10-29,MK-C-028,ภาคตะวันออก,365,6675
2024-10-29,MK-C-028,ภาคเหนือ,384,5761
2024-10-29,MK-C-028,ภาคใต้,437,7057
2024-10-29,SY-D-039,กรุงเทพฯ,409,6892
2024-10-29,SY-D-039,ภาคกลาง,366,7209
2024-10-29,SY-D-039,ภาคตะวันออก,286,4995
2024-10-29,SY-D-039,ภาคเหนือ,253,4934
2024-10-29,SY-D-039,ภาคใต้,305,5180
2024-10-29,AG-E-052,กรุงเทพฯ,140,2624
2024-10-29,AG-E-052,ภาคกลาง,98,1964
2024-10-29,AG-E-052,ภาคตะวันออก,78,1472
2024-10-29,AG-E-052,ภาคเหนือ,65,1129
2024-10-29,AG-E-052,ภาคใต้,94,1730
2024-10-30,TK-A-001,กรุงเทพฯ,169,2812
2024-10-30,TK-A-001,ภาคกลาง,150,2306
2024-10-30,TK-A-001,ภาคตะวันออก,103,1940
2024-10-30,TK-A-001,ภาคเหนือ,104,1732
2024-10-30,TK-A-001,ภาคใต้,123,2290
2024-10-30,GL-B-014,กรุงเทพฯ,861,17455
2024-10-30,GL-B-014,ภาคกลาง,671,15314
2024-10-30,GL-B-014,ภาคตะวันออก,566,11328
2024-10-30,GL-B-014,ภาคเหนือ,537,8003
2024-10-30,GL-B-014,ภาคใต้,653,12344
2024-10-30,MK-C-028,กรุงเทพฯ,678,10763
2024-10-30,MK-C-028,ภาคกลาง,547,8521
2024-10-30,MK-C-028,ภาคตะวันออก,392,7475
2024-10-30,MK-C-028,ภาคเหนือ,370,7414
2024-10-30,MK-C-028,ภาคใต้,426,8302
2024-10-30,SY-D-039,กรุงเทพฯ,408,8531
2024-10-30,SY-D-039,ภาคกลาง,381,6440
2024-10-30,SY-D-039,ภาคตะวันออก,291,4460
2024-10-30,SY-D-039,ภาคเหนือ,262,4324
2024-10-30,SY-D-039,ภาคใต้,302,5063
2024-10-30,AG-E-052,กรุงเทพฯ,128,2121
2024-10-30,AG-E-052,ภาคกลาง,102,1890
2024-10-30,AG-E-052,ภาคตะวันออก,76,1431
2024-10-30,AG-E-052,ภาคเหนือ,71,1436
2024-10-30,AG-E-052,ภาคใต้,97,1546
2024-10-31,TK-A-001,กรุงเทพฯ,189,3383
2024-10-31,TK-A-001,ภาคกลาง,153,2888
2024-10-31,TK-A-001,ภาคตะวันออก,115,1714
2024-10-31,TK-A-001,ภาคเหนือ,97,1757
2024-10-31,TK-A-001,ภาคใต้,111,1918
2024-10-31,GL-B-014,กรุงเทพฯ,885,15996
2024-10-31,GL-B-014,ภาคกลาง,690,11731
2024-10-31,GL-B-014,ภาคตะวันออก,543,9596
2024-10-31,GL-B-014,ภาคเหนือ,454,9986
2024-10-31,GL-B-014,ภาคใต้,646,9584
2024-10-31,MK-C-028,กรุงเทพฯ,740,13190
2024-10-31,MK-C-028,ภาคกลาง,548,9606
2024-10-31,MK-C-028,ภาคตะวันออก,441,7841
2024-10-31,MK-C-028,ภาคเหนือ,377,7375
2024-10-31,MK-C-028,ภาคใต้,449,8756
2024-10-31,SY-D-039,กรุงเทพฯ,421,9106
2024-10-31,SY-D-039,ภาคกลาง,324,5865
2024-10-31,SY-D-039,ภาคตะวันออก,267,5337
2024-10-31,SY-D-039,ภาคเหนือ,237,4857
2024-10-31,SY-D-039,ภาคใต้,284,5962
2024-10-31,AG-E-052,กรุงเทพฯ,140,2332
2024-10-31,AG-E-052,ภาคกลาง,107,1815
2024-10-31,AG-E-052,ภาคตะวันออก,80,1319
2024-10-31,AG-E-052,ภาคเหนือ,65,1436
2024-10-31,AG-E-052,ภาคใต้,87,1488
2024-11-01,TK-A-001,กรุงเทพฯ,193,3550
2024-11-01,TK-A-001,ภาคกลาง,150,2568
2024-11-01,TK-A-001,ภาคตะวันออก,100,2206
2024-11-01,TK-A-001,ภาคเหนือ,91,1771
2024-11-01,TK-A-001,ภาคใต้,125,2010
2024-11-01,GL-B-014,กรุงเทพฯ,973,16822
2024-11-01,GL-B-014,ภาคกลาง,682,15324
2024-11-01,GL-B-014,ภาคตะวันออก,605,9471
2024-11-01,GL-B-014,ภาคเหนือ,504,9671
2024-11-01,GL-B-014,ภาคใต้,653,12426
2024-11-01,MK-C-028,กรุงเทพฯ,636,13056
2024-11-01,MK-C-028,ภาคกลาง,564,10047
2024-11-01,MK-C-028,ภาคตะวันออก,438,7081
2024-11-01,MK-C-028,ภาคเหนือ,337,7363
2024-11-01,MK-C-028,ภาคใต้,482,8304
2024-11-01,SY-D-039,กรุงเทพฯ,483,7689
2024-11-01,SY-D-039,ภาคกลาง,391,6020
2024-11-01,SY-D-039,ภาคตะวันออก,265,4260
2024-11-01,SY-D-039,ภาคเหนือ,251,4357
2024-11-01,SY-D-039,ภาคใต้,308,5108
2024-11-01,AG-E-052,กรุงเทพฯ,139,2231
2024-11-01,AG-E-052,ภาคกลาง,99,2075
2024-11-01,AG-E-052,ภาคตะวันออก,88,1270
2024-11-01,AG-E-052,ภาคเหนือ,78,1446
2024-11-01,AG-E-052,ภาคใต้,92,1470
2024-11-02,TK-A-001,กรุงเทพฯ,179,3362
2024-11-02,TK-A-001,ภาคกลาง,155,2547
2024-11-02,TK-A-001,ภาคตะวันออก,104,1823
2024-11-02,TK-A-001,ภาคเหนือ,93,1942
2024-11-02,TK-A-001,ภาคใต้,118,1942
2024-11-02,GL-B-014,กรุงเทพฯ,1004,16668
2024-11-02,GL-B-014,ภาคกลาง,801,12670
2024-11-02,GL-B-014,ภาคตะวันออก,576,9720
2024-11-02,GL-B-014,ภาคเหนือ,468,9347
2024-11-02,GL-B-014,ภาคใต้,652,9730
2024-11-02,MK-C-028,กรุงเทพฯ,628,13601
2024-11-02,MK-C-028,ภาคกลาง,593,10700
2024-11-02,MK-C-028,ภาคตะวันออก,385,7910
2024-11-02,MK-C-028,ภาคเหนือ,325,5687
2024-11-02,MK-C-028,ภาคใต้,461,8806
2024-11-02,SY-D-039,กรุงเทพฯ,418,7302
2024-11-02,SY-D-039,ภาคกลาง,366,5609
2024-11-02,SY-D-039,ภาคตะวันออก,247,5586
2024-11-02,SY-D-039,ภาคเหนือ,217,4126
2024-11-02,SY-D-039,ภาคใต้,281,4797
2024-11-02,AG-E-052,กรุงเทพฯ,122,2307
2024-11-02,AG-E-052,ภาคกลาง,100,2191
2024-11-02,AG-E-052,ภาคตะวันออก,84,1384
2024-11-02,AG-E-052,ภาคเหนือ,65,1442
2024-11-02,AG-E-052,ภาคใต้,91,1596
2024-11-03,TK-A-001,กรุงเทพฯ,162,3094
2024-11-03,TK-A-001,ภาคกลาง,143,2801
2024-11-03,TK-A-001,ภาคตะวันออก,113,1793
2024-11-03,TK-A-001,ภาคเหนือ,102,1910
2024-11-03,TK-A-001,ภาคใต้,121,2062
2024-11-03,GL-B-014,กรุงเทพฯ,941,18826
2024-11-03,GL-B-014,ภาคกลาง,811,13221
2024-11-03,GL-B-014,ภาคตะวันออก,545,9494
2024-11-03,GL-B-014,ภาคเหนือ,451,8604
2024-11-03,GL-B-014,ภาคใต้,570,10305
2024-11-03,MK-C-028,กรุงเทพฯ,692,12193
2024-11-03,MK-C-028,ภาคกลาง,567,10445
2024-11-03,MK-C-028,ภาคตะวันออก,410,7602
2024-11-03,MK-C-028,ภาคเหนือ,379,6510
2024-11-03,MK-C-028,ภาคใต้,416,6953
2024-11-03,SY-D-039,กรุงเทพฯ,413,6915
2024-11-03,SY-D-039,ภาคกลาง,376,5540
2024-11-03,SY-D-039,ภาคตะวันออก,288,5442
2024-11-03,SY-D-039,ภาคเหนือ,249,4611
2024-11-03,SY-D-039,ภาคใต้,280,5967
2024-11-03,AG-E-052,กรุงเทพฯ,139,2455
2024-11-03,AG-E-052,ภาคกลาง,107,1751
2024-11-03,AG-E-052,ภาคตะวันออก,73,1428
2024-11-03,AG-E-052,ภาคเหนือ,73,1431
2024-11-03,AG-E-052,ภาคใต้,90,1590
2024-11-04,TK-A-001,กรุงเทพฯ,172,3678
2024-11-04,TK-A-001,ภาคกลาง,145,2725
2024-11-04,TK-A-001,ภาคตะวันออก,100,1926
2024-11-04,TK-A-001,ภาคเหนือ,87,1875
2024-11-04,TK-A-001,ภาคใต้,120,1861
2024-11-04,GL-B-014,กรุงเทพฯ,897,18242
2024-11-04,GL-B-014,ภาคกลาง,811,11995
2024-11-04,GL-B-014,ภาคตะวันออก,570,10409
2024-11-04,GL-B-014,ภาคเหนือ,450,9656
2024-11-04,GL-B-014,ภาคใต้,591,11874
2024-11-04,MK-C-028,กรุงเทพฯ,676,12028
2024-11-04,MK-C-028,ภาคกลาง,542,10393
2024-11-04,MK-C-028,ภาคตะวันออก,368,7236
2024-11-04,MK-C-028,ภาคเหนือ,366,5734
2024-11-04,MK-C-028,ภาคใต้,410,7697
2024-11-04,SY-D-039,กรุงเทพฯ,467,9112
2024-11-04,SY-D-039,ภาคกลาง,392,7370
2024-11-04,SY-D-039,ภาคตะวันออก,266,4640
2024-11-04,SY-D-039,ภาคเหนือ,241,4078
2024-11-04,SY-D-039,ภาคใต้,294,6003
2024-11-04,AG-E-052,กรุงเทพฯ,136,2125
2024-11-04,AG-E-052,ภาคกลาง,101,2109
2024-11-04,AG-E-052,ภาคตะวันออก,81,1652
2024-11-04,AG-E-052,ภาคเหนือ,76,1336
2024-11-04,AG-E-052,ภาคใต้,89,1564
2024-11-05,TK-A-001,กรุงเทพฯ,186,3504
2024-11-05,TK-A-001,ภาคกลาง,154,2323
2024-11-05,TK-A-001,ภาคตะวันออก,102,1892
2024-11-05,TK-A-001,ภาคเหนือ,90,1870
2024-11-05,TK-A-001,ภาคใต้,109,1949
2024-11-05,GL-B-014,กรุงเทพฯ,876,17917
2024-11-05,GL-B-014,ภาคกลาง,695,13194
2024-11-05,GL-B-014,ภาคตะวันออก,613,9361
2024-11-05,GL-B-014,ภาคเหนือ,506,8749
2024-11-05,GL-B-014,ภาคใต้,575,12392
2024-11-05,MK-C-028,กรุงเทพฯ,674,13350
2024-11-05,MK-C-028,ภาคกลาง,531,10720
2024-11-05,MK-C-028,ภาคตะวันออก,400,6659
2024-11-05,MK-C-028,ภาคเหนือ,361,6921
2024-11-05,MK-C-028,ภาคใต้,489,7588
2024-11-05,SY-D-039,กรุงเทพฯ,415,7497
2024-11-05,SY-D-039,ภาคกลาง,375,6687
2024-11-05,SY-D-039,ภาคตะวันออก,249,4323
2024-11-05,SY-D-039,ภาคเหนือ,251,4244
2024-11-05,SY-D-039,ภาคใต้,321,4622
2024-11-05,AG-E-052,กรุงเทพฯ,147,2730
2024-11-05,AG-E-052,ภาคกลาง,111,1810
2024-11-05,AG-E-052,ภาคตะวันออก,74,1486
2024-11-05,AG-E-052,ภาคเหนือ,79,1264
2024-11-05,AG-E-052,ภาคใต้,81,1838
2024-11-06,TK-A-001,กรุงเทพฯ,163,3224
2024-11-06,TK-A-001,ภาคกลาง,131,2953
2024-11-06,TK-A-001,ภาคตะวันออก,117,1964
2024-11-06,TK-A-001,ภาคเหนือ,88,1967
2024-11-06,TK-A-001,ภาคใต้,132,1906
2024-11-06,GL-B-014,กรุงเทพฯ,845,18755
2024-11-06,GL-B-014,ภาคกลาง,744,12999
2024-11-06,GL-B-014,ภาคตะวันออก,503,8731
2024-11-06,GL-B-014,ภาคเหนือ,541,8618
2024-11-06,GL-B-014,ภาคใต้,571,9737
2024-11-06,MK-C-028,กรุงเทพฯ,742,10998
2024-11-06,MK-C-028,ภาคกลาง,502,9052
2024-11-06,MK-C-028,ภาคตะวันออก,392,7142
2024-11-06,MK-C-028,ภาคเหนือ,386,6813
2024-11-06,MK-C-028,ภาคใต้,486,7928
2024-11-06,SY-D-039,กรุงเทพฯ,438,7041
2024-11-06,SY-D-039,ภาคกลาง,327,6050
2024-11-06,SY-D-039,ภาคตะวันออก,287,5555
2024-11-06,SY-D-039,ภาคเหนือ,255,4173
2024-11-06,SY-D-039,ภาคใต้,282,5472
2024-11-06,AG-E-052,กรุงเทพฯ,130,2763
2024-11-06,AG-E-052,ภาคกลาง,111,1973
2024-11-06,AG-E-052,ภาคตะวันออก,85,1406
2024-11-06,AG-E-052,ภาคเหนือ,77,1153
2024-11-06,AG-E-052,ภาคใต้,97,1698
2024-11-07,TK-A-001,กรุงเทพฯ,171,3685
2024-11-07,TK-A-001,ภาคกลาง,150,2400
2024-11-07,TK-A-001,ภาคตะวันออก,112,2141
2024-11-07,TK-A-001,ภาคเหนือ,97,1973
2024-11-07,TK-A-001,ภาคใต้,122,1887
2024-11-07,GL-B-014,กรุงเทพฯ,928,18547
2024-11-07,GL-B-014,ภาคกลาง,817,11731
2024-11-07,GL-B-014,ภาคตะวันออก,599,8947
2024-11-07,GL-B-014,ภาคเหนือ,488,10156
2024-11-07,GL-B-014,ภาคใต้,679,11637
2024-11-07,MK-C-028,กรุงเทพฯ,639,10761
2024-11-07,MK-C-028,ภาคกลาง,508,9462
2024-11-07,MK-C-028,ภาคตะวันออก,423,6710
2024-11-07,MK-C-028,ภาคเหนือ,367,5993
2024-11-07,MK-C-028,ภาคใต้,417,9168
2024-11-07,SY-D-039,กรุงเทพฯ,434,8049
2024-11-07,SY-D-039,ภาคกลาง,329,5756
2024-11-07,SY-D-039,ภาคตะวันออก,251,4464
2024-11-07,SY-D-039,ภาคเหนือ,249,4757
2024-11-07,SY-D-039,ภาคใต้,329,6065
2024-11-07,AG-E-052,กรุงเทพฯ,141,2783
2024-11-07,AG-E-052,ภาคกลาง,118,2106
2024-11-07,AG-E-052,ภาคตะวันออก,89,1442
2024-11-07,AG-E-052,ภาคเหนือ,65,1375
2024-11-07,AG-E-052,ภาคใต้,90,1567
2024-11-08,TK-A-001,กรุงเทพฯ,175,3300
2024-11-08,TK-A-001,ภาคกลาง,150,2576
2024-11-08,TK-A-001,ภาคตะวันออก,112,2162
2024-11-08,TK-A-001,ภาคเหนือ,100,1909
2024-11-08,TK-A-001,ภาคใต้,115,2214
2024-11-08,GL-B-014,กรุงเทพฯ,949,18013
2024-11-08,GL-B-014,ภาคกลาง,726,11859
2024-11-08,GL-B-014,ภาคตะวันออก,547,8566
2024-11-08,GL-B-014,ภาคเหนือ,502,7935
2024-11-08,GL-B-014,ภาคใต้,639,9941
2024-11-08,MK-C-028,กรุงเทพฯ,675,12270
2024-11-08,MK-C-028,ภาคกลาง,495,9638
2024-11-08,MK-C-028,ภาคตะวันออก,378,7878
2024-11-08,MK-C-028,ภาคเหนือ,333,7035
2024-11-08,MK-C-028,ภาคใต้,480,7846
2024-11-08,SY-D-039,กรุงเทพฯ,461,7238
2024-11-08,SY-D-039,ภาคกลาง,393,6325
2024-11-08,SY-D-039,ภาคตะวันออก,265,4222
2024-11-08,SY-D-039,ภาคเหนือ,224,3688
2024-11-08,SY-D-039,ภาคใต้,294,4872
2024-11-08,AG-E-052,กรุงเทพฯ,140,2411
2024-11-08,AG-E-052,ภาคกลาง,111,2226
2024-11-08,AG-E-052,ภาคตะวันออก,75,1513
2024-11-08,AG-E-052,ภาคเหนือ,65,1266
2024-11-08,AG-E-052,ภาคใต้,85,1857
2024-11-09,TK-A-001,กรุงเทพฯ,168,2989
2024-11-09,TK-A-001,ภาคกลาง,142,2506
2024-11-09,TK-A-001,ภาคตะวันออก,99,1956
2024-11-09,TK-A-001,ภาคเหนือ,95,1952
2024-11-09,TK-A-001,ภาคใต้,130,2342
2024-11-09,GL-B-014,กรุงเทพฯ,930,16196
2024-11-09,GL-B-014,ภาคกลาง,717,13335
2024-11-09,GL-B-014,ภาคตะวันออก,605,10071
2024-11-09,GL-B-014,ภาคเหนือ,476,10122
2024-11-09,GL-B-014,ภาคใต้,592,12031
2024-11-09,MK-C-028,กรุงเทพฯ,635,13548
2024-11-09,MK-C-028,ภาคกลาง,509,9809
2024-11-09,MK-C-028,ภาคตะวันออก,389,6592
2024-11-09,MK-C-028,ภาคเหนือ,346,7095
2024-11-09,MK-C-028,ภาคใต้,472,8276
2024-11-09,SY-D-039,กรุงเทพฯ,460,8956
2024-11-09,SY-D-039,ภาคกลาง,329,6093
2024-11-09,SY-D-039,ภาคตะวันออก,261,4565
2024-11-09,SY-D-039,ภาคเหนือ,238,3672
2024-11-09,SY-D-039,ภาคใต้,321,6017
2024-11-09,AG-E-052,กรุงเทพฯ,135,2299
2024-11-09,AG-E-052,ภาคกลาง,97,2025
2024-11-09,AG-E-052,ภาคตะวันออก,74,1268
2024-11-09,AG-E-052,ภาคเหนือ,71,1154
2024-11-09,AG-E-052,ภาคใต้,91,1789
2024-11-10,TK-A-001,กรุงเทพฯ,164,3062
2024-11-10,TK-A-001,ภาคกลาง,154,2623
2024-11-10,TK-A-001,ภาคตะวันออก,117,2163
2024-11-10,TK-A-001,ภาคเหนือ,94,1487
2024-11-10,TK-A-001,ภาคใต้,124,2008
2024-11-10,GL-B-014,กรุงเทพฯ,878,14531
2024-11-10,GL-B-014,ภาคกลาง,688,14552
2024-11-10,GL-B-014,ภาคตะวันออก,544,8846
2024-11-10,GL-B-014,ภาคเหนือ,464,8496
2024-11-10,GL-B-014,ภาคใต้,625,11721
2024-11-10,MK-C-028,กรุงเทพฯ,726,13056
2024-11-10,MK-C-028,ภาคกลาง,574,9473
2024-11-10,MK-C-028,ภาคตะวันออก,380,8046
2024-11-10,MK-C-028,ภาคเหนือ,344,7311
2024-11-10,MK-C-028,ภาคใต้,465,8393
2024-11-10,SY-D-039,กรุงเทพฯ,455,7189
2024-11-10,SY-D-039,ภาคกลาง,388,5796
2024-11-10,SY-D-039,ภาคตะวันออก,276,5005
2024-11-10,SY-D-039,ภาคเหนือ,234,3861
2024-11-10,SY-D-039,ภาคใต้,294,5200
2024-11-10,AG-E-052,กรุงเทพฯ,140,2298
2024-11-10,AG-E-052,ภาคกลาง,100,2162
2024-11-10,AG-E-052,ภาคตะวันออก,78,1623
2024-11-10,AG-E-052,ภาคเหนือ,69,1131
2024-11-10,AG-E-052,ภาคใต้,85,1795
2024-11-11,TK-A-001,กรุงเทพฯ,198,2922
2024-11-11,TK-A-001,ภาคกลาง,149,2344
2024-11-11,TK-A-001,ภาคตะวันออก,106,1779
2024-11-11,TK-A-001,ภาคเหนือ,100,1723
2024-11-11,TK-A-001,ภาคใต้,116,2165
2024-11-11,GL-B-014,กรุงเทพฯ,849,15755
2024-11-11,GL-B-014,ภาคกลาง,801,14511
2024-11-11,GL-B-014,ภาคตะวันออก,548,11502
2024-11-11,GL-B-014,ภาคเหนือ,462,8674
2024-11-11,GL-B-014,ภาคใต้,653,11155
2024-11-11,MK-C-028,กรุงเทพฯ,679,10978
2024-11-11,MK-C-028,ภาคกลาง,557,8511
2024-11-11,MK-C-028,ภาคตะวันออก,369,7061
2024-11-11,MK-C-028,ภาคเหนือ,386,5921
2024-11-11,MK-C-028,ภาคใต้,434,7585
2024-11-11,SY-D-039,กรุงเทพฯ,411,8046
2024-11-11,SY-D-039,ภาคกลาง,395,5618
2024-11-11,SY-D-039,ภาคตะวันออก,293,4627
2024-11-11,SY-D-039,ภาคเหนือ,246,3693
2024-11-11,SY-D-039,ภาคใต้,272,5911
2024-11-11,AG-E-052,กรุงเทพฯ,139,2525
2024-11-11,AG-E-052,ภาคกลาง,97,1966
2024-11-11,AG-E-052,ภาคตะวันออก,78,1435
2024-11-11,AG-E-052,ภาคเหนือ,74,1421
2024-11-11,AG-E-052,ภาคใต้,92,1471
2024-11-12,TK-A-001,กรุงเทพฯ,192,3340
2024-11-12,TK-A-001,ภาคกลาง,149,2633
2024-11-12,TK-A-001,ภาคตะวันออก,114,1909
2024-11-12,TK-A-001,ภาคเหนือ,98,1673
2024-11-12,TK-A-001,ภาคใต้,118,2423
2024-11-12,GL-B-014,กรุงเทพฯ,844,16499
2024-11-12,GL-B-014,ภาคกลาง,760,11656
2024-11-12,GL-B-014,ภาคตะวันออก,518,10795
2024-11-12,GL-B-014,ภาคเหนือ,541,10010
2024-11-12,GL-B-014,ภาคใต้,613,10312
2024-11-12,MK-C-028,กรุงเทพฯ,674,13346
2024-11-12,MK-C-028,ภาคกลาง,529,9757
2024-11-12,MK-C-028,ภาคตะวันออก,443,7712
2024-11-12,MK-C-028,ภาคเหนือ,386,6310
2024-11-12,MK-C-028,ภาคใต้,486,9119
2024-11-12,SY-D-039,กรุงเทพฯ,457,7103
2024-11-12,SY-D-039,ภาคกลาง,388,6759
2024-11-12,SY-D-039,ภาคตะวันออก,266,5228
2024-11-12,SY-D-039,ภาคเหนือ,262,3702
2024-11-12,SY-D-039,ภาคใต้,285,4638
2024-11-12,AG-E-052,กรุงเทพฯ,143,2129
2024-11-12,AG-E-052,ภาคกลาง,104,2187
2024-11-12,AG-E-052,ภาคตะวันออก,75,1579
2024-11-12,AG-E-052,ภาคเหนือ,72,1324
2024-11-12,AG-E-052,ภาคใต้,92,1409
2024-11-13,TK-A-001,กรุงเทพฯ,182,3223
2024-11-13,TK-A-001,ภาคกลาง,136,2438
2024-11-13,TK-A-001,ภาคตะวันออก,117,2096
2024-11-13,TK-A-001,ภาคเหนือ,97,1548
2024-11-13,TK-A-001,ภาคใต้,125,2221
2024-11-13,GL-B-014,กรุงเทพฯ,998,18288
2024-11-13,GL-B-014,ภาคกลาง,683,11830
2024-11-13,GL-B-014,ภาคตะวันออก,597,9511
2024-11-13,GL-B-014,ภาคเหนือ,455,8047
2024-11-13,GL-B-014,ภาคใต้,563,10296
2024-11-13,MK-C-028,กรุงเทพฯ,675,13449
2024-11-13,MK-C-028,ภาคกลาง,576,10874
2024-11-13,MK-C-028,ภาคตะวันออก,376,7672
2024-11-13,MK-C-028,ภาคเหนือ,333,5534
2024-11-13,MK-C-028,ภาคใต้,463,8678
2024-11-13,SY-D-039,กรุงเทพฯ,436,8187
2024-11-13,SY-D-039,ภาคกลาง,351,6357
2024-11-13,SY-D-039,ภาคตะวันออก,253,5264
2024-11-13,SY-D-039,ภาคเหนือ,232,4152
2024-11-13,SY-D-039,ภาคใต้,293,5107
2024-11-13,AG-E-052,กรุงเทพฯ,127,2470
2024-11-13,AG-E-052,ภาคกลาง,108,1816
2024-11-13,AG-E-052,ภาคตะวันออก,84,1312
2024-11-13,AG-E-052,ภาคเหนือ,68,1435
2024-11-13,AG-E-052,ภาคใต้,93,1544
2024-11-14,TK-A-001,กรุงเทพฯ,186,3014
2024-11-14,TK-A-001,ภาคกลาง,151,2838
2024-11-14,TK-A-001,ภาคตะวันออก,108,1939
2024-11-14,TK-A-001,ภาคเหนือ,102,1654
2024-11-14,TK-A-001,ภาคใต้,122,2130
2024-11-14,GL-B-014,กรุงเทพฯ,929,15979
2024-11-14,GL-B-014,ภาคกลาง,695,13543
2024-11-14,GL-B-014,ภาคตะวันออก,503,11443
2024-11-14,GL-B-014,ภาคเหนือ,464,9082
2024-11-14,GL-B-014,ภาคใต้,665,11934
2024-11-14,MK-C-028,กรุงเทพฯ,637,12540
2024-11-14,MK-C-028,ภาคกลาง,488,9706
2024-11-14,MK-C-028,ภาคตะวันออก,379,7060
2024-11-14,MK-C-028,ภาคเหนือ,341,5604
2024-11-14,MK-C-028,ภาคใต้,495,9267
2024-11-14,SY-D-039,กรุงเทพฯ,487,9178
2024-11-14,SY-D-039,ภาคกลาง,345,5583
2024-11-14,SY-D-039,ภาคตะวันออก,265,4483
2024-11-14,SY-D-039,ภาคเหนือ,254,3734
2024-11-14,SY-D-039,ภาคใต้,317,4972
2024-11-14,AG-E-052,กรุงเทพฯ,141,2096
2024-11-14,AG-E-052,ภาคกลาง,108,1884
2024-11-14,AG-E-052,ภาคตะวันออก,84,1594
2024-11-14,AG-E-052,ภาคเหนือ,69,1125
2024-11-14,AG-E-052,ภาคใต้,96,1724
2024-11-15,TK-A-001,กรุงเทพฯ,182,3358
2024-11-15,TK-A-001,ภาคกลาง,154,2552
2024-11-15,TK-A-001,ภาคตะวันออก,117,1804
2024-11-15,TK-A-001,ภาคเหนือ,96,1715
2024-11-15,TK-A-001,ภาคใต้,113,2129
2024-11-15,GL-B-014,กรุงเทพฯ,1001,18944
2024-11-15,GL-B-014,ภาคกลาง,698,14550
2024-11-15,GL-B-014,ภาคตะวันออก,525,9315
2024-11-15,GL-B-014,ภาคเหนือ,523,9883
2024-11-15,GL-B-014,ภาคใต้,658,12015
2024-11-15,MK-C-028,กรุงเทพฯ,700,11150
2024-11-15,MK-C-028,ภาคกลาง,491,11123
2024-11-15,MK-C-028,ภาคตะวันออก,405,7878
2024-11-15,MK-C-028,ภาคเหนือ,331,6702
2024-11-15,MK-C-028,ภาคใต้,467,8977
2024-11-15,SY-D-039,กรุงเทพฯ,461,7084
2024-11-15,SY-D-039,ภาคกลาง,360,5914
2024-11-15,SY-D-039,ภาคตะวันออก,251,4556
2024-11-15,SY-D-039,ภาคเหนือ,258,4102
2024-11-15,SY-D-039,ภาคใต้,295,4771
2024-11-15,AG-E-052,กรุงเทพฯ,134,2761
2024-11-15,AG-E-052,ภาคกลาง,99,1942
2024-11-15,AG-E-052,ภาคตะวันออก,83,1603
2024-11-15,AG-E-052,ภาคเหนือ,72,1255
2024-11-15,AG-E-052,ภาคใต้,83,1754
2024-11-16,TK-A-001,กรุงเทพฯ,188,3549
2024-11-16,TK-A-001,ภาคกลาง,140,2887
2024-11-16,TK-A-001,ภาคตะวันออก,108,2088
2024-11-16,TK-A-001,ภาคเหนือ,103,1592
2024-11-16,TK-A-001,ภาคใต้,111,2301
2024-11-16,GL-B-014,กรุงเทพฯ,924,17453
2024-11-16,GL-B-014,ภาคกลาง,788,12443
2024-11-16,GL-B-014,ภาคตะวันออก,580,8702
2024-11-16,GL-B-014,ภาคเหนือ,457,9191
2024-11-16,GL-B-014,ภาคใต้,574,12282
2024-11-16,MK-C-028,กรุงเทพฯ,645,10911
2024-11-16,MK-C-028,ภาคกลาง,514,8332
2024-11-16,MK-C-028,ภาคตะวันออก,395,8241
2024-11-16,MK-C-028,ภาคเหนือ,328,5846
2024-11-16,MK-C-028,ภาคใต้,420,8542
2024-11-16,SY-D-039,กรุงเทพฯ,472,8110
2024-11-16,SY-D-039,ภาคกลาง,383,6397
2024-11-16,SY-D-039,ภาคตะวันออก,292,4703
2024-11-16,SY-D-039,ภาคเหนือ,229,3772
2024-11-16,SY-D-039,ภาคใต้,295,5346
2024-11-16,AG-E-052,กรุงเทพฯ,125,2362
2024-11-16,AG-E-052,ภาคกลาง,109,2131
2024-11-16,AG-E-052,ภาคตะวันออก,81,1513
2024-11-16,AG-E-052,ภาคเหนือ,66,1144
2024-11-16,AG-E-052,ภาคใต้,94,1789
2024-11-17,TK-A-001,กรุงเทพฯ,165,3273
2024-11-17,TK-A-001,ภาคกลาง,150,2780
2024-11-17,TK-A-001,ภาคตะวันออก,106,1665
2024-11-17,TK-A-001,ภาคเหนือ,89,1493
2024-11-17,TK-A-001,ภาคใต้,108,1868
2024-11-17,GL-B-014,กรุงเทพฯ,1015,14839
2024-11-17,GL-B-014,ภาคกลาง,784,15148
2024-11-17,GL-B-014,ภาคตะวันออก,545,11279
2024-11-17,GL-B-014,ภาคเหนือ,501,9191
2024-11-17,GL-B-014,ภาคใต้,670,12751
2024-11-17,MK-C-028,กรุงเทพฯ,653,10381
2024-11-17,MK-C-028,ภาคกลาง,594,9682
2024-11-17,MK-C-028,ภาคตะวันออก,404,8288
2024-11-17,MK-C-028,ภาคเหนือ,367,6097
2024-11-17,MK-C-028,ภาคใต้,463,8612
2024-11-17,SY-D-039,กรุงเทพฯ,422,8184
2024-11-17,SY-D-039,ภาคกลาง,351,7132
2024-11-17,SY-D-039,ภาคตะวันออก,277,4485
2024-11-17,SY-D-039,ภาคเหนือ,222,3931
2024-11-17,SY-D-039,ภาคใต้,290,4822
2024-11-17,AG-E-052,กรุงเทพฯ,140,2676
2024-11-17,AG-E-052,ภาคกลาง,107,1931
2024-11-17,AG-E-052,ภาคตะวันออก,79,1397
2024-11-17,AG-E-052,ภาคเหนือ,77,1268
2024-11-17,AG-E-052,ภาคใต้,95,1850
2024-11-18,TK-A-001,กรุงเทพฯ,172,3445
2024-11-18,TK-A-001,ภาคกลาง,139,2457
2024-11-18,TK-A-001,ภาคตะวันออก,102,1813
2024-11-18,TK-A-001,ภาคเหนือ,100,1855
2024-11-18,TK-A-001,ภาคใต้,131,1960
2024-11-18,GL-B-014,กรุงเทพฯ,870,17213
2024-11-18,GL-B-014,ภาคกลาง,764,12060
2024-11-18,GL-B-014,ภาคตะวันออก,590,10899
2024-11-18,GL-B-014,ภาคเหนือ,481,8435
2024-11-18,GL-B-014,ภาคใต้,563,11827
2024-11-18,MK-C-028,กรุงเทพฯ,674,10515
2024-11-18,MK-C-028,ภาคกลาง,487,8426
2024-11-18,MK-C-028,ภาคตะวันออก,375,6818
2024-11-18,MK-C-028,ภาคเหนือ,370,6388
2024-11-18,MK-C-028,ภาคใต้,468,7559
2024-11-18,SY-D-039,กรุงเทพฯ,425,8429
2024-11-18,SY-D-039,ภาคกลาง,367,7103
2024-11-18,SY-D-039,ภาคตะวันออก,273,5210
2024-11-18,SY-D-039,ภาคเหนือ,260,4459
2024-11-18,SY-D-039,ภาคใต้,280,4635
2024-11-18,AG-E-052,กรุงเทพฯ,124,2763
2024-11-18,AG-E-052,ภาคกลาง,109,2166
2024-11-18,AG-E-052,ภาคตะวันออก,79,1359
2024-11-18,AG-E-052,ภาคเหนือ,70,1127
2024-11-18,AG-E-052,ภาคใต้,90,1805
2024-11-19,TK-A-001,กรุงเทพฯ,173,3291
2024-11-19,TK-A-001,ภาคกลาง,150,2291
2024-11-19,TK-A-001,ภาคตะวันออก,111,1865
2024-11-19,TK-A-001,ภาคเหนือ,90,1902
2024-11-19,TK-A-001,ภาคใต้,123,2017
2024-11-19,GL-B-014,กรุงเทพฯ,928,17963
2024-11-19,GL-B-014,ภาคกลาง,788,12748
2024-11-19,GL-B-014,ภาคตะวันออก,545,8850
2024-11-19,GL-B-014,ภาคเหนือ,508,8880
2024-11-19,GL-B-014,ภาคใต้,644,12269
2024-11-19,MK-C-028,กรุงเทพฯ,695,13181
2024-11-19,MK-C-028,ภาคกลาง,536,8347
2024-11-19,MK-C-028,ภาคตะวันออก,403,6375
2024-11-19,MK-C-028,ภาคเหนือ,377,6274
2024-11-19,MK-C-028,ภาคใต้,431,6910
2024-11-19,SY-D-039,กรุงเทพฯ,493,7172
2024-11-19,SY-D-039,ภาคกลาง,361,6833
2024-11-19,SY-D-039,ภาคตะวันออก,280,4400
2024-11-19,SY-D-039,ภาคเหนือ,260,4404
2024-11-19,SY-D-039,ภาคใต้,317,4907
2024-11-19,AG-E-052,กรุงเทพฯ,130,2285
2024-11-19,AG-E-052,ภาคกลาง,116,1725
2024-11-19,AG-E-052,ภาคตะวันออก,82,1451
2024-11-19,AG-E-052,ภาคเหนือ,72,1346
2024-11-19,AG-E-052,ภาคใต้,91,1703
2024-11-20,TK-A-001,กรุงเทพฯ,190,3544
2024-11-20,TK-A-001,ภาคกลาง,146,2305
2024-11-20,TK-A-001,ภาคตะวันออก,104,2004
2024-11-20,TK-A-001,ภาคเหนือ,101,1522
2024-11-20,TK-A-001,ภาคใต้,112,1891
2024-11-20,GL-B-014,กรุงเทพฯ,842,17159
2024-11-20,GL-B-014,ภาคกลาง,683,13310
2024-11-20,GL-B-014,ภาคตะวันออก,575,11254
2024-11-20,GL-B-014,ภาคเหนือ,512,9303
2024-11-20,GL-B-014,ภาคใต้,664,11478
2024-11-20,MK-C-028,กรุงเทพฯ,711,11029
2024-11-20,MK-C-028,ภาคกลาง,558,9322
2024-11-20,MK-C-028,ภาคตะวันออก,411,7805
2024-11-20,MK-C-028,ภาคเหนือ,379,5717
2024-11-20,MK-C-028,ภาคใต้,415,8645
2024-11-20,SY-D-039,กรุงเทพฯ,483,7655
2024-11-20,SY-D-039,ภาคกลาง,394,7322
2024-11-20,SY-D-039,ภาคตะวันออก,246,4615
2024-11-20,SY-D-039,ภาคเหนือ,251,4501
2024-11-20,SY-D-039,ภาคใต้,271,4972
2024-11-20,AG-E-052,กรุงเทพฯ,126,2734
2024-11-20,AG-E-052,ภาคกลาง,101,1883
2024-11-20,AG-E-052,ภาคตะวันออก,80,1537
2024-11-20,AG-E-052,ภาคเหนือ,68,1458
2024-11-20,AG-E-052,ภาคใต้,90,1556
2024-11-21,TK-A-001,กรุงเทพฯ,170,3276
2024-11-21,TK-A-001,ภาคกลาง,156,2529
2024-11-21,TK-A-001,ภาคตะวันออก,110,2065
2024-11-21,TK-A-001,ภาคเหนือ,94,1938
2024-11-21,TK-A-001,ภาคใต้,130,2411
2024-11-21,GL-B-014,กรุงเทพฯ,976,19208
2024-11-21,GL-B-014,ภาคกลาง,749,12660
2024-11-21,GL-B-014,ภาคตะวันออก,575,8806
2024-11-21,GL-B-014,ภาคเหนือ,543,9702
2024-11-21,GL-B-014,ภาคใต้,632,12386
2024-11-21,MK-C-028,กรุงเทพฯ,732,10938
2024-11-21,MK-C-028,ภาคกลาง,523,9663
2024-11-21,MK-C-028,ภาคตะวันออก,414,7712
2024-11-21,MK-C-028,ภาคเหนือ,390,6866
2024-11-21,MK-C-028,ภาคใต้,420,7663
2024-11-21,SY-D-039,กรุงเทพฯ,461,8765
2024-11-21,SY-D-039,ภาคกลาง,354,6700
2024-11-21,SY-D-039,ภาคตะวันออก,286,4476
2024-11-21,SY-D-039,ภาคเหนือ,263,4922
2024-11-21,SY-D-039,ภาคใต้,281,6181
2024-11-21,AG-E-052,กรุงเทพฯ,141,2171
2024-11-21,AG-E-052,ภาคกลาง,102,1823
2024-11-21,AG-E-052,ภาคตะวันออก,88,1442
2024-11-21,AG-E-052,ภาคเหนือ,76,1371
2024-11-21,AG-E-052,ภาคใต้,96,1398
2024-11-22,TK-A-001,กรุงเทพฯ,186,3507
2024-11-22,TK-A-001,ภาคกลาง,131,2959
2024-11-22,TK-A-001,ภาคตะวันออก,105,1873
2024-11-22,TK-A-001,ภาคเหนือ,93,1660
2024-11-22,TK-A-001,ภาคใต้,127,2343
2024-11-22,GL-B-014,กรุงเทพฯ,999,17235
2024-11-22,GL-B-014,ภาคกลาง,673,14501
2024-11-22,GL-B-014,ภาคตะวันออก,573,9096
2024-11-22,GL-B-014,ภาคเหนือ,526,9649
2024-11-22,GL-B-014,ภาคใต้,632,9997
2024-11-22,MK-C-028,กรุงเทพฯ,732,11514
2024-11-22,MK-C-028,ภาคกลาง,487,10709
2024-11-22,MK-C-028,ภาคตะวันออก,427,7851
2024-11-22,MK-C-028,ภาคเหนือ,395,6359
2024-11-22,MK-C-028,ภาคใต้,489,8518
2024-11-22,SY-D-039,กรุงเทพฯ,492,8775
2024-11-22,SY-D-039,ภาคกลาง,361,6718
2024-11-22,SY-D-039,ภาคตะวันออก,295,4300
2024-11-22,SY-D-039,ภาคเหนือ,261,3970
2024-11-22,SY-D-039,ภาคใต้,305,6129
2024-11-22,AG-E-052,กรุงเทพฯ,140,2389
2024-11-22,AG-E-052,ภาคกลาง,101,1727
2024-11-22,AG-E-052,ภาคตะวันออก,77,1594
2024-11-22,AG-E-052,ภาคเหนือ,75,1396
2024-11-22,AG-E-052,ภาคใต้,84,1818
2024-11-23,TK-A-001,กรุงเทพฯ,171,3419
2024-11-23,TK-A-001,ภาคกลาง,148,2446
2024-11-23,TK-A-001,ภาคตะวันออก,117,1985
2024-11-23,TK-A-001,ภาคเหนือ,102,1872
2024-11-23,TK-A-001,ภาคใต้,131,2360
2024-11-23,GL-B-014,กรุงเทพฯ,871,16589
2024-11-23,GL-B-014,ภาคกลาง,705,14661
2024-11-23,GL-B-014,ภาคตะวันออก,558,9844
2024-11-23,GL-B-014,ภาคเหนือ,458,8807
2024-11-23,GL-B-014,ภาคใต้,671,11730
2024-11-23,MK-C-028,กรุงเทพฯ,715,12553
2024-11-23,MK-C-028,ภาคกลาง,535,9602
2024-11-23,MK-C-028,ภาคตะวันออก,393,6580
2024-11-23,MK-C-028,ภาคเหนือ,362,7123
2024-11-23,MK-C-028,ภาคใต้,422,9245
2024-11-23,SY-D-039,กรุงเทพฯ,489,7634
2024-11-23,SY-D-039,ภาคกลาง,369,6211
2024-11-23,SY-D-039,ภาคตะวันออก,268,4622
2024-11-23,SY-D-039,ภาคเหนือ,250,4425
2024-11-23,SY-D-039,ภาคใต้,283,4619
2024-11-23,AG-E-052,กรุงเทพฯ,139,2095
2024-11-23,AG-E-052,ภาคกลาง,102,1679
2024-11-23,AG-E-052,ภาคตะวันออก,78,1292
2024-11-23,AG-E-052,ภาคเหนือ,77,1490
2024-11-23,AG-E-052,ภาคใต้,99,1492
2024-11-24,TK-A-001,กรุงเทพฯ,169,3093
2024-11-24,TK-A-001,ภาคกลาง,148,2328
2024-11-24,TK-A-001,ภาคตะวันออก,105,2162
2024-11-24,TK-A-001,ภาคเหนือ,90,1934
2024-11-24,TK-A-001,ภาคใต้,121,2031
2024-11-24,GL-B-014,กรุงเทพฯ,902,17306
2024-11-24,GL-B-014,ภาคกลาง,670,12962
2024-11-24,GL-B-014,ภาคตะวันออก,550,9672
2024-11-24,GL-B-014,ภาคเหนือ,501,9748
2024-11-24,GL-B-014,ภาคใต้,669,12007
2024-11-24,MK-C-028,กรุงเทพฯ,624,11789
2024-11-24,MK-C-028,ภาคกลาง,514,9675
2024-11-24,MK-C-028,ภาคตะวันออก,393,8110
2024-11-24,MK-C-028,ภาคเหนือ,369,7061
2024-11-24,MK-C-028,ภาคใต้,464,8997
2024-11-24,SY-D-039,กรุงเทพฯ,492,7127
2024-11-24,SY-D-039,ภาคกลาง,379,7323
2024-11-24,SY-D-039,ภาคตะวันออก,294,4208
2024-11-24,SY-D-039,ภาคเหนือ,263,4959
2024-11-24,SY-D-039,ภาคใต้,321,5146
2024-11-24,AG-E-052,กรุงเทพฯ,137,2215
2024-11-24,AG-E-052,ภาคกลาง,100,2006
2024-11-24,AG-E-052,ภาคตะวันออก,74,1392
2024-11-24,AG-E-052,ภาคเหนือ,69,1223
2024-11-24,AG-E-052,ภาคใต้,84,1447
2024-11-25,TK-A-001,กรุงเทพฯ,168,3345
2024-11-25,TK-A-001,ภาคกลาง,130,2296
2024-11-25,TK-A-001,ภาคตะวันออก,108,1877
2024-11-25,TK-A-001,ภาคเหนือ,94,1960
2024-11-25,TK-A-001,ภาคใต้,112,1897
2024-11-25,GL-B-014,กรุงเทพฯ,974,16079
2024-11-25,GL-B-014,ภาคกลาง,729,11670
2024-11-25,GL-B-014,ภาคตะวันออก,576,8853
2024-11-25,GL-B-014,ภาคเหนือ,521,8607
2024-11-25,GL-B-014,ภาคใต้,581,10803
2024-11-25,MK-C-028,กรุงเทพฯ,609,11967
2024-11-25,MK-C-028,ภาคกลาง,549,8379
2024-11-25,MK-C-028,ภาคตะวันออก,381,6235
2024-11-25,MK-C-028,ภาคเหนือ,374,5764
2024-11-25,MK-C-028,ภาคใต้,469,7234
2024-11-25,SY-D-039,กรุงเทพฯ,471,8809
2024-11-25,SY-D-039,ภาคกลาง,355,6110
2024-11-25,SY-D-039,ภาคตะวันออก,280,5050
2024-11-25,SY-D-039,ภาคเหนือ,238,4805
2024-11-25,SY-D-039,ภาคใต้,318,5834
2024-11-25,AG-E-052,กรุงเทพฯ,141,2351
2024-11-25,AG-E-052,ภาคกลาง,115,1991
2024-11-25,AG-E-052,ภาคตะวันออก,83,1489
2024-11-25,AG-E-052,ภาคเหนือ,65,1319
2024-11-25,AG-E-052,ภาคใต้,87,1803
2024-11-26,TK-A-001,กรุงเทพฯ,170,3643
2024-11-26,TK-A-001,ภาคกลาง,152,2240
2024-11-26,TK-A-001,ภาคตะวันออก,118,2131
2024-11-26,TK-A-001,ภาคเหนือ,105,1496
2024-11-26,TK-A-001,ภาคใต้,113,2132
2024-11-26,GL-B-014,กรุงเทพฯ,897,15402
2024-11-26,GL-B-014,ภาคกลาง,757,12199
2024-11-26,GL-B-014,ภาคตะวันออก,591,10532
2024-11-26,GL-B-014,ภาคเหนือ,477,9348
2024-11-26,GL-B-014,ภาคใต้,650,12761
2024-11-26,MK-C-028,กรุงเทพฯ,684,11640
2024-11-26,MK-C-028,ภาคกลาง,567,8904
2024-11-26,MK-C-028,ภาคตะวันออก,400,6984
2024-11-26,MK-C-028,ภาคเหนือ,384,6303
2024-11-26,MK-C-028,ภาคใต้,414,6917
2024-11-26,SY-D-039,กรุงเทพฯ,418,9108
2024-11-26,SY-D-039,ภาคกลาง,369,6795
2024-11-26,SY-D-039,ภาคตะวันออก,281,5379
2024-11-26,SY-D-039,ภาคเหนือ,256,3772
2024-11-26,SY-D-039,ภาคใต้,295,4686
2024-11-26,AG-E-052,กรุงเทพฯ,145,2657
2024-11-26,AG-E-052,ภาคกลาง,109,1849
2024-11-26,AG-E-052,ภาคตะวันออก,77,1611
2024-11-26,AG-E-052,ภาคเหนือ,73,1144
2024-11-26,AG-E-052,ภาคใต้,87,1468
2024-11-27,TK-A-001,กรุงเทพฯ,176,3349
2024-11-27,TK-A-001,ภาคกลาง,137,2405
2024-11-27,TK-A-001,ภาคตะวันออก,107,1795
2024-11-27,TK-A-001,ภาคเหนือ,105,1636
2024-11-27,TK-A-001,ภาคใต้,115,2345
2024-11-27,GL-B-014,กรุงเทพฯ,862,15194
2024-11-27,GL-B-014,ภาคกลาง,795,13435
2024-11-27,GL-B-014,ภาคตะวันออก,533,8557
2024-11-27,GL-B-014,ภาคเหนือ,525,8888
2024-11-27,GL-B-014,ภาคใต้,655,12342
2024-11-27,MK-C-028,กรุงเทพฯ,659,12234
2024-11-27,MK-C-028,ภาคกลาง,553,9560
2024-11-27,MK-C-028,ภาคตะวันออก,437,7513
2024-11-27,MK-C-028,ภาคเหนือ,349,5927
2024-11-27,MK-C-028,ภาคใต้,427,8675
2024-11-27,SY-D-039,กรุงเทพฯ,451,8038
2024-11-27,SY-D-039,ภาคกลาง,389,6638
2024-11-27,SY-D-039,ภาคตะวันออก,247,4890
2024-11-27,SY-D-039,ภาคเหนือ,247,4027
2024-11-27,SY-D-039,ภาคใต้,302,5965
2024-11-27,AG-E-052,กรุงเทพฯ,126,2277
2024-11-27,AG-E-052,ภาคกลาง,108,2143
2024-11-27,AG-E-052,ภาคตะวันออก,77,1379
2024-11-27,AG-E-052,ภาคเหนือ,70,1329
2024-11-27,AG-E-052,ภาคใต้,91,1589
2024-11-28,TK-A-001,กรุงเทพฯ,198,3444
2024-11-28,TK-A-001,ภาคกลาง,139,2260
2024-11-28,TK-A-001,ภาคตะวันออก,105,1870
2024-11-28,TK-A-001,ภาคเหนือ,99,1760
2024-11-28,TK-A-001,ภาคใต้,120,2358
2024-11-28,GL-B-014,กรุงเทพฯ,940,15583
2024-11-28,GL-B-014,ภาคกลาง,673,11542
2024-11-28,GL-B-014,ภาคตะวันออก,524,10291
2024-11-28,GL-B-014,ภาคเหนือ,520,9493
2024-11-28,GL-B-014,ภาคใต้,679,10343
2024-11-28,MK-C-028,กรุงเทพฯ,637,10658
2024-11-28,MK-C-028,ภาคกลาง,546,10902
2024-11-28,MK-C-028,ภาคตะวันออก,421,7773
2024-11-28,MK-C-028,ภาคเหนือ,363,6746
2024-11-28,MK-C-028,ภาคใต้,451,7618
2024-11-28,SY-D-039,กรุงเทพฯ,480,7134
2024-11-28,SY-D-039,ภาคกลาง,344,6914
2024-11-28,SY-D-039,ภาคตะวันออก,267,4828
2024-11-28,SY-D-039,ภาคเหนือ,254,4159
2024-11-28,SY-D-039,ภาคใต้,287,4824
2024-11-28,AG-E-052,กรุงเทพฯ,133,2165
2024-11-28,AG-E-052,ภาคกลาง,106,1696
2024-11-28,AG-E-052,ภาคตะวันออก,78,1531
2024-11-28,AG-E-052,ภาคเหนือ,75,1180
2024-11-28,AG-E-052,ภาคใต้,91,1821
2024-11-29,TK-A-001,กรุงเทพฯ,187,3026
2024-11-29,TK-A-001,ภาคกลาง,154,2950
2024-11-29,TK-A-001,ภาคตะวันออก,109,1655
2024-11-29,TK-A-001,ภาคเหนือ,90,1783
2024-11-29,TK-A-001,ภาคใต้,129,2095
2024-11-29,GL-B-014,กรุงเทพฯ,926,15848
2024-11-29,GL-B-014,ภาคกลาง,680,14454
2024-11-29,GL-B-014,ภาคตะวันออก,610,10000
2024-11-29,GL-B-014,ภาคเหนือ,505,9323
2024-11-29,GL-B-014,ภาคใต้,606,9492
2024-11-29,MK-C-028,กรุงเทพฯ,608,12763
2024-11-29,MK-C-028,ภาคกลาง,593,10426
2024-11-29,MK-C-028,ภาคตะวันออก,441,6544
2024-11-29,MK-C-028,ภาคเหนือ,332,6301
2024-11-29,MK-C-028,ภาคใต้,425,9116
2024-11-29,SY-D-039,กรุงเทพฯ,447,8662
2024-11-29,SY-D-039,ภาคกลาง,379,6627
2024-11-29,SY-D-039,ภาคตะวันออก,247,4335
2024-11-29,SY-D-039,ภาคเหนือ,223,4123
2024-11-29,SY-D-039,ภาคใต้,308,5056
2024-11-29,AG-E-052,กรุงเทพฯ,142,2201
2024-11-29,AG-E-052,ภาคกลาง,108,1700
2024-11-29,AG-E-052,ภาคตะวันออก,74,1500
2024-11-29,AG-E-052,ภาคเหนือ,65,1142
2024-11-29,AG-E-052,ภาคใต้,88,1684
2024-11-30,TK-A-001,กรุงเทพฯ,180,3302
2024-11-30,TK-A-001,ภาคกลาง,132,2856
2024-11-30,TK-A-001,ภาคตะวันออก,98,1752
2024-11-30,TK-A-001,ภาคเหนือ,95,1557
2024-11-30,TK-A-001,ภาคใต้,122,2211
2024-11-30,GL-B-014,กรุงเทพฯ,853,14725
2024-11-30,GL-B-014,ภาคกลาง,803,12493
2024-11-30,GL-B-014,ภาคตะวันออก,603,10083
2024-11-30,GL-B-014,ภาคเหนือ,489,7782
2024-11-30,GL-B-014,ภาคใต้,602,9791
2024-11-30,MK-C-028,กรุงเทพฯ,697,12415
2024-11-30,MK-C-028,ภาคกลาง,582,8882
2024-11-30,MK-C-028,ภาคตะวันออก,372,6806
2024-11-30,MK-C-028,ภาคเหนือ,331,6790
2024-11-30,MK-C-028,ภาคใต้,490,7376
2024-11-30,SY-D-039,กรุงเทพฯ,410,8388
2024-11-30,SY-D-039,ภาคกลาง,343,5777
2024-11-30,SY-D-039,ภาคตะวันออก,283,5238
2024-11-30,SY-D-039,ภาคเหนือ,245,4951
2024-11-30,SY-D-039,ภาคใต้,300,5231
2024-11-30,AG-E-052,กรุงเทพฯ,124,2621
2024-11-30,AG-E-052,ภาคกลาง,98,1654
2024-11-30,AG-E-052,ภาคตะวันออก,88,1318
2024-11-30,AG-E-052,ภาคเหนือ,72,1336
2024-11-30,AG-E-052,ภาคใต้,85,1848
2024-12-01,TK-A-001,กรุงเทพฯ,165,3510
2024-12-01,TK-A-001,ภาคกลาง,131,2424
2024-12-01,TK-A-001,ภาคตะวันออก,100,1850
2024-12-01,TK-A-001,ภาคเหนือ,88,1924
2024-12-01,TK-A-001,ภาคใต้,130,2426
2024-12-01,GL-B-014,กรุงเทพฯ,989,18843
2024-12-01,GL-B-014,ภาคกลาง,768,15169
2024-12-01,GL-B-014,ภาคตะวันออก,582,10257
2024-12-01,GL-B-014,ภาคเหนือ,458,10040
2024-12-01,GL-B-014,ภาคใต้,640,12069
2024-12-01,MK-C-028,กรุงเทพฯ,714,13116
2024-12-01,MK-C-028,ภาคกลาง,538,10612
2024-12-01,MK-C-028,ภาคตะวันออก,391,7905
2024-12-01,MK-C-028,ภาคเหนือ,336,6658
2024-12-01,MK-C-028,ภาคใต้,461,8093
2024-12-01,SY-D-039,กรุงเทพฯ,461,8849
2024-12-01,SY-D-039,ภาคกลาง,341,6172
2024-12-01,SY-D-039,ภาคตะวันออก,279,4509
2024-12-01,SY-D-039,ภาคเหนือ,242,3753
2024-12-01,SY-D-039,ภาคใต้,313,4772
2024-12-01,AG-E-052,กรุงเทพฯ,139,2207
2024-12-01,AG-E-052,ภาคกลาง,104,2182
2024-12-01,AG-E-052,ภาคตะวันออก,87,1272
2024-12-01,AG-E-052,ภาคเหนือ,74,1284
2024-12-01,AG-E-052,ภาคใต้,87,1468
2024-12-02,TK-A-001,กรุงเทพฯ,176,2870
2024-12-02,TK-A-001,ภาคกลาง,137,2862
2024-12-02,TK-A-001,ภาคตะวันออก,114,2132
2024-12-02,TK-A-001,ภาคเหนือ,97,1714
2024-12-02,TK-A-001,ภาคใต้,128,1947
2024-12-02,GL-B-014,กรุงเทพฯ,853,19188
2024-12-02,GL-B-014,ภาคกลาง,759,12713
2024-12-02,GL-B-014,ภาคตะวันออก,573,8865
2024-12-02,GL-B-014,ภาคเหนือ,487,8531
2024-12-02,GL-B-014,ภาคใต้,613,11244
2024-12-02,MK-C-028,กรุงเทพฯ,665,12062
2024-12-02,MK-C-028,ภาคกลาง,487,8975
2024-12-02,MK-C-028,ภาคตะวันออก,423,6941
2024-12-02,MK-C-028,ภาคเหนือ,328,6723
2024-12-02,MK-C-028,ภาคใต้,469,7400
2024-12-02,SY-D-039,กรุงเทพฯ,446,8945
2024-12-02,SY-D-039,ภาคกลาง,394,6758
2024-12-02,SY-D-039,ภาคตะวันออก,246,5375
2024-12-02,SY-D-039,ภาคเหนือ,238,3920
2024-12-02,SY-D-039,ภาคใต้,324,4602
2024-12-02,AG-E-052,กรุงเทพฯ,142,2136
2024-12-02,AG-E-052,ภาคกลาง,106,1656
2024-12-02,AG-E-052,ภาคตะวันออก,89,1259
2024-12-02,AG-E-052,ภาคเหนือ,66,1411
2024-12-02,AG-E-052,ภาคใต้,86,1587
2024-12-03,TK-A-001,กรุงเทพฯ,173,3246
2024-12-03,TK-A-001,ภาคกลาง,132,2771
2024-12-03,TK-A-001,ภาคตะวันออก,98,2054
2024-12-03,TK-A-001,ภาคเหนือ,102,1936
2024-12-03,TK-A-001,ภาคใต้,117,2062
2024-12-03,GL-B-014,กรุงเทพฯ,912,18932
2024-12-03,GL-B-014,ภาคกลาง,743,13617
2024-12-03,GL-B-014,ภาคตะวันออก,580,11456
2024-12-03,GL-B-014,ภาคเหนือ,496,9284
2024-12-03,GL-B-014,ภาคใต้,584,11353
2024-12-03,MK-C-028,กรุงเทพฯ,725,11086
2024-12-03,MK-C-028,ภาคกลาง,512,8441
2024-12-03,MK-C-028,ภาคตะวันออก,424,7571
2024-12-03,MK-C-028,ภาคเหนือ,352,5946
2024-12-03,MK-C-028,ภาคใต้,432,8118
2024-12-03,SY-D-039,กรุงเทพฯ,432,7815
2024-12-03,SY-D-039,ภาคกลาง,383,6336
2024-12-03,SY-D-039,ภาคตะวันออก,287,5449
2024-12-03,SY-D-039,ภาคเหนือ,231,3727
2024-12-03,SY-D-039,ภาคใต้,272,5872
2024-12-03,AG-E-052,กรุงเทพฯ,137,2168
2024-12-03,AG-E-052,ภาคกลาง,97,1973
2024-12-03,AG-E-052,ภาคตะวันออก,80,1399
2024-12-03,AG-E-052,ภาคเหนือ,78,1389
2024-12-03,AG-E-052,ภาคใต้,84,1706
2024-12-04,TK-A-001,กรุงเทพฯ,167,3562
2024-12-04,TK-A-001,ภาคกลาง,145,2815
2024-12-04,TK-A-001,ภาคตะวันออก,103,1813
2024-12-04,TK-A-001,ภาคเหนือ,87,1503
2024-12-04,TK-A-001,ภาคใต้,116,2426
2024-12-04,GL-B-014,กรุงเทพฯ,838,17958
2024-12-04,GL-B-014,ภาคกลาง,771,11810
2024-12-04,GL-B-014,ภาคตะวันออก,600,9584
2024-12-04,GL-B-014,ภาคเหนือ,460,8366
2024-12-04,GL-B-014,ภาคใต้,657,11879
2024-12-04,MK-C-028,กรุงเทพฯ,653,12983
2024-12-04,MK-C-028,ภาคกลาง,507,8357
2024-12-04,MK-C-028,ภาคตะวันออก,419,7783
2024-12-04,MK-C-028,ภาคเหนือ,336,6902
2024-12-04,MK-C-028,ภาคใต้,416,8376
2024-12-04,SY-D-039,กรุงเทพฯ,472,7177
2024-12-04,SY-D-039,ภาคกลาง,371,5873
2024-12-04,SY-D-039,ภาคตะวันออก,260,4634
2024-12-04,SY-D-039,ภาคเหนือ,232,4271
2024-12-04,SY-D-039,ภาคใต้,322,5684
2024-12-04,AG-E-052,กรุงเทพฯ,123,2724
2024-12-04,AG-E-052,ภาคกลาง,115,1879
2024-12-04,AG-E-052,ภาคตะวันออก,83,1466
2024-12-04,AG-E-052,ภาคเหนือ,73,1480
2024-12-04,AG-E-052,ภาคใต้,96,1594
2024-12-05,TK-A-001,กรุงเทพฯ,197,2756
2024-12-05,TK-A-001,ภาคกลาง,138,2938
2024-12-05,TK-A-001,ภาคตะวันออก,107,1769
2024-12-05,TK-A-001,ภาคเหนือ,93,1935
2024-12-05,TK-A-001,ภาคใต้,122,2124
2024-12-05,GL-B-014,กรุงเทพฯ,980,15560
2024-12-05,GL-B-014,ภาคกลาง,704,14325
2024-12-05,GL-B-014,ภาคตะวันออก,554,8746
2024-12-05,GL-B-014,ภาคเหนือ,464,8599
2024-12-05,GL-B-014,ภาคใต้,628,12377
2024-12-05,MK-C-028,กรุงเทพฯ,687,13791
2024-12-05,MK-C-028,ภาคกลาง,562,10528
2024-12-05,MK-C-028,ภาคตะวันออก,398,7778
2024-12-05,MK-C-028,ภาคเหนือ,358,6578
2024-12-05,MK-C-028,ภาคใต้,427,8449
2024-12-05,SY-D-039,กรุงเทพฯ,416,7368
2024-12-05,SY-D-039,ภาคกลาง,376,5690
2024-12-05,SY-D-039,ภาคตะวันออก,246,4406
2024-12-05,SY-D-039,ภาคเหนือ,226,4917
2024-12-05,SY-D-039,ภาคใต้,319,5035
2024-12-05,AG-E-052,กรุงเทพฯ,136,2629
2024-12-05,AG-E-052,ภาคกลาง,107,1876
2024-12-05,AG-E-052,ภาคตะวันออก,85,1645
2024-12-05,AG-E-052,ภาคเหนือ,74,1173
2024-12-05,AG-E-052,ภาคใต้,90,1507
2024-12-06,TK-A-001,กรุงเทพฯ,184,2982
2024-12-06,TK-A-001,ภาคกลาง,135,2613
2024-12-06,TK-A-001,ภาคตะวันออก,103,2158
2024-12-06,TK-A-001,ภาคเหนือ,92,1685
2024-12-06,TK-A-001,ภาคใต้,122,1933
2024-12-06,GL-B-014,กรุงเทพฯ,902,15959
2024-12-06,GL-B-014,ภาคกลาง,730,13936
2024-12-06,GL-B-014,ภาคตะวันออก,548,8744
2024-12-06,GL-B-014,ภาคเหนือ,479,9527
2024-12-06,GL-B-014,ภาคใต้,577,12057
2024-12-06,MK-C-028,กรุงเทพฯ,705,13323
2024-12-06,MK-C-028,ภาคกลาง,572,9180
2024-12-06,MK-C-028,ภาคตะวันออก,439,7670
2024-12-06,MK-C-028,ภาคเหนือ,375,6984
2024-12-06,MK-C-028,ภาคใต้,457,8102
2024-12-06,SY-D-039,กรุงเทพฯ,415,7586
2024-12-06,SY-D-039,ภาคกลาง,380,7155
2024-12-06,SY-D-039,ภาคตะวันออก,264,4398
2024-12-06,SY-D-039,ภาคเหนือ,238,4026
2024-12-06,SY-D-039,ภาคใต้,327,5444
2024-12-06,AG-E-052,กรุงเทพฯ,132,2270
2024-12-06,AG-E-052,ภาคกลาง,110,2060
2024-12-06,AG-E-052,ภาคตะวันออก,81,1289
2024-12-06,AG-E-052,ภาคเหนือ,77,1450
2024-12-06,AG-E-052,ภาคใต้,88,1537
2024-12-07,TK-A-001,กรุงเทพฯ,182,2968
2024-12-07,TK-A-001,ภาคกลาง,144,2416
2024-12-07,TK-A-001,ภาคตะวันออก,99,1697
2024-12-07,TK-A-001,ภาคเหนือ,103,1913
2024-12-07,TK-A-001,ภาคใต้,123,2434
2024-12-07,GL-B-014,กรุงเทพฯ,1020,15544
2024-12-07,GL-B-014,ภาคกลาง,713,13823
2024-12-07,GL-B-014,ภาคตะวันออก,596,10008
2024-12-07,GL-B-014,ภาคเหนือ,507,9823
2024-12-07,GL-B-014,ภาคใต้,676,12381
2024-12-07,MK-C-028,กรุงเทพฯ,727,12174
2024-12-07,MK-C-028,ภาคกลาง,538,10943
2024-12-07,MK-C-028,ภาคตะวันออก,441,8325
2024-12-07,MK-C-028,ภาคเหนือ,365,5999
2024-12-07,MK-C-028,ภาคใต้,433,7951
2024-12-07,SY-D-039,กรุงเทพฯ,420,7615
2024-12-07,SY-D-039,ภาคกลาง,358,5612
2024-12-07,SY-D-039,ภาคตะวันออก,265,4324
2024-12-07,SY-D-039,ภาคเหนือ,221,4258
2024-12-07,SY-D-039,ภาคใต้,276,5675
2024-12-07,AG-E-052,กรุงเทพฯ,128,2614
2024-12-07,AG-E-052,ภาคกลาง,117,2218
2024-12-07,AG-E-052,ภาคตะวันออก,86,1361
2024-12-07,AG-E-052,ภาคเหนือ,68,1281
2024-12-07,AG-E-052,ภาคใต้,99,1639
2024-12-08,TK-A-001,กรุงเทพฯ,168,3021
2024-12-08,TK-A-001,ภาคกลาง,144,2355
2024-12-08,TK-A-001,ภาคตะวันออก,107,1689
2024-12-08,TK-A-001,ภาคเหนือ,95,1506
2024-12-08,TK-A-001,ภาคใต้,109,2446
2024-12-08,GL-B-014,กรุงเทพฯ,928,16466
2024-12-08,GL-B-014,ภาคกลาง,679,13183
2024-12-08,GL-B-014,ภาคตะวันออก,570,8982
2024-12-08,GL-B-014,ภาคเหนือ,502,9361
2024-12-08,GL-B-014,ภาคใต้,620,10254
2024-12-08,MK-C-028,กรุงเทพฯ,686,13477
2024-12-08,MK-C-028,ภาคกลาง,546,8914
2024-12-08,MK-C-028,ภาคตะวันออก,421,7061
2024-12-08,MK-C-028,ภาคเหนือ,381,5994
2024-12-08,MK-C-028,ภาคใต้,493,8303
2024-12-08,SY-D-039,กรุงเทพฯ,434,8089
2024-12-08,SY-D-039,ภาคกลาง,348,7258
2024-12-08,SY-D-039,ภาคตะวันออก,251,5333
2024-12-08,SY-D-039,ภาคเหนือ,218,4603
2024-12-08,SY-D-039,ภาคใต้,297,5464
2024-12-08,AG-E-052,กรุงเทพฯ,140,2306
2024-12-08,AG-E-052,ภาคกลาง,110,1978
2024-12-08,AG-E-052,ภาคตะวันออก,75,1282
2024-12-08,AG-E-052,ภาคเหนือ,70,1304
2024-12-08,AG-E-052,ภาคใต้,97,1811
2024-12-09,TK-A-001,กรุงเทพฯ,193,3322
2024-12-09,TK-A-001,ภาคกลาง,138,2365
2024-12-09,TK-A-001,ภาคตะวันออก,113,2209
2024-12-09,TK-A-001,ภาคเหนือ,88,1765
2024-12-09,TK-A-001,ภาคใต้,131,2067
2024-12-09,GL-B-014,กรุงเทพฯ,951,15186
2024-12-09,GL-B-014,ภาคกลาง,695,11554
2024-12-09,GL-B-014,ภาคตะวันออก,569,11268
2024-12-09,GL-B-014,ภาคเหนือ,464,7632
2024-12-09,GL-B-014,ภาคใต้,678,12545
2024-12-09,MK-C-028,กรุงเทพฯ,671,12386
2024-12-09,MK-C-028,ภาคกลาง,555,10709
2024-12-09,MK-C-028,ภาคตะวันออก,378,6876
2024-12-09,MK-C-028,ภาคเหนือ,392,5688
2024-12-09,MK-C-028,ภาคใต้,491,7688
2024-12-09,SY-D-039,กรุงเทพฯ,419,8405
2024-12-09,SY-D-039,ภาคกลาง,376,5674
2024-12-09,SY-D-039,ภาคตะวันออก,257,4836
2024-12-09,SY-D-039,ภาคเหนือ,221,3930
2024-12-09,SY-D-039,ภาคใต้,274,5890
2024-12-09,AG-E-052,กรุงเทพฯ,131,2305
2024-12-09,AG-E-052,ภาคกลาง,103,1729
2024-12-09,AG-E-052,ภาคตะวันออก,85,1528
2024-12-09,AG-E-052,ภาคเหนือ,77,1188
2024-12-09,AG-E-052,ภาคใต้,96,1758
2024-12-10,TK-A-001,กรุงเทพฯ,166,3423
2024-12-10,TK-A-001,ภาคกลาง,136,2960
2024-12-10,TK-A-001,ภาคตะวันออก,105,1740
2024-12-10,TK-A-001,ภาคเหนือ,94,1534
2024-12-10,TK-A-001,ภาคใต้,126,2348
2024-12-10,GL-B-014,กรุงเทพฯ,865,18642
2024-12-10,GL-B-014,ภาคกลาง,809,13068
2024-12-10,GL-B-014,ภาคตะวันออก,569,10616
2024-12-10,GL-B-014,ภาคเหนือ,511,8902
2024-12-10,GL-B-014,ภาคใต้,596,12357
2024-12-10,MK-C-028,กรุงเทพฯ,612,12704
2024-12-10,MK-C-028,ภาคกลาง,548,10543
2024-12-10,MK-C-028,ภาคตะวันออก,423,7883
2024-12-10,MK-C-028,ภาคเหนือ,326,7390
2024-12-10,MK-C-028,ภาคใต้,483,8210
2024-12-10,SY-D-039,กรุงเทพฯ,441,8175
2024-12-10,SY-D-039,ภาคกลาง,353,5703
2024-12-10,SY-D-039,ภาคตะวันออก,277,4473
2024-12-10,SY-D-039,ภาคเหนือ,244,3951
2024-12-10,SY-D-039,ภาคใต้,312,5099
2024-12-10,AG-E-052,กรุงเทพฯ,128,2110
2024-12-10,AG-E-052,ภาคกลาง,108,2006
2024-12-10,AG-E-052,ภาคตะวันออก,84,1504
2024-12-10,AG-E-052,ภาคเหนือ,78,1392
2024-12-10,AG-E-052,ภาคใต้,93,1398
2024-12-11,TK-A-001,กรุงเทพฯ,164,3208
2024-12-11,TK-A-001,ภาคกลาง,148,2944
2024-12-11,TK-A-001,ภาคตะวันออก,110,1785
2024-12-11,TK-A-001,ภาคเหนือ,91,1983
2024-12-11,TK-A-001,ภาคใต้,123,2307
2024-12-11,GL-B-014,กรุงเทพฯ,875,15909
2024-12-11,GL-B-014,ภาคกลาง,818,11589
2024-12-11,GL-B-014,ภาคตะวันออก,598,9204
2024-12-11,GL-B-014,ภาคเหนือ,530,8811
2024-12-11,GL-B-014,ภาคใต้,611,10311
2024-12-11,MK-C-028,กรุงเทพฯ,625,10632
2024-12-11,MK-C-028,ภาคกลาง,575,9130
2024-12-11,MK-C-028,ภาคตะวันออก,385,6398
2024-12-11,MK-C-028,ภาคเหนือ,364,6039
2024-12-11,MK-C-028,ภาคใต้,421,9304
2024-12-11,SY-D-039,กรุงเทพฯ,466,9249
2024-12-11,SY-D-039,ภาคกลาง,352,5910
2024-12-11,SY-D-039,ภาคตะวันออก,293,5303
2024-12-11,SY-D-039,ภาคเหนือ,259,3754
2024-12-11,SY-D-039,ภาคใต้,312,4895
2024-12-11,AG-E-052,กรุงเทพฯ,145,2678
2024-12-11,AG-E-052,ภาคกลาง,103,2129
2024-12-11,AG-E-052,ภาคตะวันออก,86,1471
2024-12-11,AG-E-052,ภาคเหนือ,73,1156
2024-12-11,AG-E-052,ภาคใต้,84,1565
2024-12-12,TK-A-001,กรุงเทพฯ,173,3460
2024-12-12,TK-A-001,ภาคกลาง,133,2613
2024-12-12,TK-A-001,ภาคตะวันออก,105,1887
2024-12-12,TK-A-001,ภาคเหนือ,93,1500
2024-12-12,TK-A-001,ภาคใต้,125,2021
2024-12-12,GL-B-014,กรุงเทพฯ,957,17070
2024-12-12,GL-B-014,ภาคกลาง,815,11883
2024-12-12,GL-B-014,ภาคตะวันออก,553,11237
2024-12-12,GL-B-014,ภาคเหนือ,467,9109
2024-12-12,GL-B-014,ภาคใต้,604,11427
2024-12-12,MK-C-028,กรุงเทพฯ,684,11327
2024-12-12,MK-C-028,ภาคกลาง,574,9276
2024-12-12,MK-C-028,ภาคตะวันออก,390,8352
2024-12-12,MK-C-028,ภาคเหนือ,386,6559
2024-12-12,MK-C-028,ภาคใต้,466,9213
2024-12-12,SY-D-039,กรุงเทพฯ,419,7902
2024-12-12,SY-D-039,ภาคกลาง,324,6285
2024-12-12,SY-D-039,ภาคตะวันออก,271,5051
2024-12-12,SY-D-039,ภาคเหนือ,236,4703
2024-12-12,SY-D-039,ภาคใต้,296,5192
2024-12-12,AG-E-052,กรุงเทพฯ,148,2261
2024-12-12,AG-E-052,ภาคกลาง,112,2223
2024-12-12,AG-E-052,ภาคตะวันออก,74,1396
2024-12-12,AG-E-052,ภาคเหนือ,74,1488
2024-12-12,AG-E-052,ภาคใต้,84,1801
2024-12-13,TK-A-001,กรุงเทพฯ,176,3685
2024-12-13,TK-A-001,ภาคกลาง,155,2730
2024-12-13,TK-A-001,ภาคตะวันออก,102,1905
2024-12-13,TK-A-001,ภาคเหนือ,94,1779
2024-12-13,TK-A-001,ภาคใต้,114,1869
2024-12-13,GL-B-014,กรุงเทพฯ,922,18232
2024-12-13,GL-B-014,ภาคกลาง,749,13710
2024-12-13,GL-B-014,ภาคตะวันออก,566,9378
2024-12-13,GL-B-014,ภาคเหนือ,515,8313
2024-12-13,GL-B-014,ภาคใต้,561,10868
2024-12-13,MK-C-028,กรุงเทพฯ,726,10437
2024-12-13,MK-C-028,ภาคกลาง,503,10042
2024-12-13,MK-C-028,ภาคตะวันออก,405,6513
2024-12-13,MK-C-028,ภาคเหนือ,357,6586
2024-12-13,MK-C-028,ภาคใต้,454,8352
2024-12-13,SY-D-039,กรุงเทพฯ,476,8379
2024-12-13,SY-D-039,ภาคกลาง,380,6032
2024-12-13,SY-D-039,ภาคตะวันออก,258,4627
2024-12-13,SY-D-039,ภาคเหนือ,242,4216
2024-12-13,SY-D-039,ภาคใต้,293,4877
2024-12-13,AG-E-052,กรุงเทพฯ,147,2370
2024-12-13,AG-E-052,ภาคกลาง,102,2114
2024-12-13,AG-E-052,ภาคตะวันออก,77,1476
2024-12-13,AG-E-052,ภาคเหนือ,71,1351
2024-12-13,AG-E-052,ภาคใต้,89,1481
2024-12-14,TK-A-001,กรุงเทพฯ,192,3440
2024-12-14,TK-A-001,ภาคกลาง,150,2343
2024-12-14,TK-A-001,ภาคตะวันออก,114,1926
2024-12-14,TK-A-001,ภาคเหนือ,94,1659
2024-12-14,TK-A-001,ภาคใต้,126,2227
2024-12-14,GL-B-014,กรุงเทพฯ,1014,16560
2024-12-14,GL-B-014,ภาคกลาง,731,15213
2024-12-14,GL-B-014,ภาคตะวันออก,591,9973
2024-12-14,GL-B-014,ภาคเหนือ,539,9526
2024-12-14,GL-B-014,ภาคใต้,674,12068
2024-12-14,MK-C-028,กรุงเทพฯ,609,10376
2024-12-14,MK-C-028,ภาคกลาง,581,9391
2024-12-14,MK-C-028,ภาคตะวันออก,393,6394
2024-12-14,MK-C-028,ภาคเหนือ,356,6702
2024-12-14,MK-C-028,ภาคใต้,434,6962
2024-12-14,SY-D-039,กรุงเทพฯ,406,7166
2024-12-14,SY-D-039,ภาคกลาง,332,6754
2024-12-14,SY-D-039,ภาคตะวันออก,281,4282
2024-12-14,SY-D-039,ภาคเหนือ,224,4663
2024-12-14,SY-D-039,ภาคใต้,298,5135
2024-12-14,AG-E-052,กรุงเทพฯ,140,2367
2024-12-14,AG-E-052,ภาคกลาง,116,2211
2024-12-14,AG-E-052,ภาคตะวันออก,84,1377
2024-12-14,AG-E-052,ภาคเหนือ,67,1269
2024-12-14,AG-E-052,ภาคใต้,92,1766
2024-12-15,TK-A-001,กรุงเทพฯ,171,2844
2024-12-15,TK-A-001,ภาคกลาง,154,2328
2024-12-15,TK-A-001,ภาคตะวันออก,119,1709
2024-12-15,TK-A-001,ภาคเหนือ,93,1915
2024-12-15,TK-A-001,ภาคใต้,119,2324
2024-12-15,GL-B-014,กรุงเทพฯ,894,15517
2024-12-15,GL-B-014,ภาคกลาง,682,13499
2024-12-15,GL-B-014,ภาคตะวันออก,574,10649
2024-12-15,GL-B-014,ภาคเหนือ,478,8197
2024-12-15,GL-B-014,ภาคใต้,632,10112
2024-12-15,MK-C-028,กรุงเทพฯ,730,10830
2024-12-15,MK-C-028,ภาคกลาง,487,10913
2024-12-15,MK-C-028,ภาคตะวันออก,403,6434
2024-12-15,MK-C-028,ภาคเหนือ,366,6267
2024-12-15,MK-C-028,ภาคใต้,413,9015
2024-12-15,SY-D-039,กรุงเทพฯ,466,7035
2024-12-15,SY-D-039,ภาคกลาง,327,5759
2024-12-15,SY-D-039,ภาคตะวันออก,256,4772
2024-12-15,SY-D-039,ภาคเหนือ,221,3771
2024-12-15,SY-D-039,ภาคใต้,317,5052
2024-12-15,AG-E-052,กรุงเทพฯ,145,2466
2024-12-15,AG-E-052,ภาคกลาง,114,1880
2024-12-15,AG-E-052,ภาคตะวันออก,86,1626
2024-12-15,AG-E-052,ภาคเหนือ,77,1445
2024-12-15,AG-E-052,ภาคใต้,94,1434
2024-12-16,TK-A-001,กรุงเทพฯ,166,2937
2024-12-16,TK-A-001,ภาคกลาง,151,2393
2024-12-16,TK-A-001,ภาคตะวันออก,109,1670
2024-12-16,TK-A-001,ภาคเหนือ,90,1769
2024-12-16,TK-A-001,ภาคใต้,118,1925
2024-12-16,GL-B-014,กรุงเทพฯ,868,16474
2024-12-16,GL-B-014,ภาคกลาง,678,13447
2024-12-16,GL-B-014,ภาคตะวันออก,569,10846
2024-12-16,GL-B-014,ภาคเหนือ,486,8758
2024-12-16,GL-B-014,ภาคใต้,564,10304
2024-12-16,MK-C-028,กรุงเทพฯ,642,12369
2024-12-16,MK-C-028,ภาคกลาง,530,8953
2024-12-16,MK-C-028,ภาคตะวันออก,403,7891
2024-12-16,MK-C-028,ภาคเหนือ,386,6515
2024-12-16,MK-C-028,ภาคใต้,460,8596
2024-12-16,SY-D-039,กรุงเทพฯ,473,8044
2024-12-16,SY-D-039,ภาคกลาง,362,7427
2024-12-16,SY-D-039,ภาคตะวันออก,246,4888
2024-12-16,SY-D-039,ภาคเหนือ,227,4619
2024-12-16,SY-D-039,ภาคใต้,308,5677
2024-12-16,AG-E-052,กรุงเทพฯ,144,2633
2024-12-16,AG-E-052,ภาคกลาง,108,2042
2024-12-16,AG-E-052,ภาคตะวันออก,77,1536
2024-12-16,AG-E-052,ภาคเหนือ,77,1114
2024-12-16,AG-E-052,ภาคใต้,88,1621
2024-12-17,TK-A-001,กรุงเทพฯ,182,3638
2024-12-17,TK-A-001,ภาคกลาง,144,2902
2024-12-17,TK-A-001,ภาคตะวันออก,98,2055
2024-12-17,TK-A-001,ภาคเหนือ,95,1476
2024-12-17,TK-A-001,ภาคใต้,113,2255
2024-12-17,GL-B-014,กรุงเทพฯ,942,15186
2024-12-17,GL-B-014,ภาคกลาง,672,12011
2024-12-17,GL-B-014,ภาคตะวันออก,568,10251
2024-12-17,GL-B-014,ภาคเหนือ,527,8175
2024-12-17,GL-B-014,ภาคใต้,567,12778
2024-12-17,MK-C-028,กรุงเทพฯ,685,11535
2024-12-17,MK-C-028,ภาคกลาง,570,10600
2024-12-17,MK-C-028,ภาคตะวันออก,414,8279
2024-12-17,MK-C-028,ภาคเหนือ,348,6658
2024-12-17,MK-C-028,ภาคใต้,453,7104
2024-12-17,SY-D-039,กรุงเทพฯ,494,8722
2024-12-17,SY-D-039,ภาคกลาง,350,7012
2024-12-17,SY-D-039,ภาคตะวันออก,259,4904
2024-12-17,SY-D-039,ภาคเหนือ,259,4220
2024-12-17,SY-D-039,ภาคใต้,273,6176
2024-12-17,AG-E-052,กรุงเทพฯ,133,2345
2024-12-17,AG-E-052,ภาคกลาง,115,2171
2024-12-17,AG-E-052,ภาคตะวันออก,85,1301
2024-12-17,AG-E-052,ภาคเหนือ,76,1367
2024-12-17,AG-E-052,ภาคใต้,98,1857
2024-12-18,TK-A-001,กรุงเทพฯ,167,3505
2024-12-18,TK-A-001,ภาคกลาง,131,2315
2024-12-18,TK-A-001,ภาคตะวันออก,109,2213
2024-12-18,TK-A-001,ภาคเหนือ,96,1784
2024-12-18,TK-A-001,ภาคใต้,132,2359
2024-12-18,GL-B-014,กรุงเทพฯ,1015,15491
2024-12-18,GL-B-014,ภาคกลาง,814,11700
2024-12-18,GL-B-014,ภาคตะวันออก,516,11330
2024-12-18,GL-B-014,ภาคเหนือ,499,9458
2024-12-18,GL-B-014,ภาคใต้,604,11466
2024-12-18,MK-C-028,กรุงเทพฯ,610,13272
2024-12-18,MK-C-028,ภาคกลาง,537,10379
2024-12-18,MK-C-028,ภาคตะวันออก,367,8074
2024-12-18,MK-C-028,ภาคเหนือ,395,6596
2024-12-18,MK-C-028,ภาคใต้,451,8939
2024-12-18,SY-D-039,กรุงเทพฯ,434,8985
2024-12-18,SY-D-039,ภาคกลาง,369,5707
2024-12-18,SY-D-039,ภาคตะวันออก,258,4621
2024-12-18,SY-D-039,ภาคเหนือ,255,4033
2024-12-18,SY-D-039,ภาคใต้,307,5935
2024-12-18,AG-E-052,กรุงเทพฯ,134,2353
2024-12-18,AG-E-052,ภาคกลาง,102,2214
2024-12-18,AG-E-052,ภาคตะวันออก,86,1292
2024-12-18,AG-E-052,ภาคเหนือ,71,1432
2024-12-18,AG-E-052,ภาคใต้,84,1699
2024-12-19,TK-A-001,กรุงเทพฯ,163,3717
2024-12-19,TK-A-001,ภาคกลาง,140,2905
2024-12-19,TK-A-001,ภาคตะวันออก,113,1984
2024-12-19,TK-A-001,ภาคเหนือ,97,1819
2024-12-19,TK-A-001,ภาคใต้,117,2277
2024-12-19,GL-B-014,กรุงเทพฯ,1007,15923
2024-12-19,GL-B-014,ภาคกลาง,793,12481
2024-12-19,GL-B-014,ภาคตะวันออก,583,11518
2024-12-19,GL-B-014,ภาคเหนือ,511,9657
2024-12-19,GL-B-014,ภาคใต้,615,9608
2024-12-19,MK-C-028,กรุงเทพฯ,723,12902
2024-12-19,MK-C-028,ภาคกลาง,544,10990
2024-12-19,MK-C-028,ภาคตะวันออก,375,7978
2024-12-19,MK-C-028,ภาคเหนือ,386,6078
2024-12-19,MK-C-028,ภาคใต้,489,7900
2024-12-19,SY-D-039,กรุงเทพฯ,419,8582
2024-12-19,SY-D-039,ภาคกลาง,370,5623
2024-12-19,SY-D-039,ภาคตะวันออก,269,5487
2024-12-19,SY-D-039,ภาคเหนือ,222,4568
2024-12-19,SY-D-039,ภาคใต้,279,5294
2024-12-19,AG-E-052,กรุงเทพฯ,128,2732
2024-12-19,AG-E-052,ภาคกลาง,97,1773
2024-12-19,AG-E-052,ภาคตะวันออก,77,1254
2024-12-19,AG-E-052,ภาคเหนือ,76,1283
2024-12-19,AG-E-052,ภาคใต้,96,1844
2024-12-20,TK-A-001,กรุงเทพฯ,190,3519
2024-12-20,TK-A-001,ภาคกลาง,146,2370
2024-12-20,TK-A-001,ภาคตะวันออก,111,1962
2024-12-20,TK-A-001,ภาคเหนือ,89,1746
2024-12-20,TK-A-001,ภาคใต้,115,2341
2024-12-20,GL-B-014,กรุงเทพฯ,851,18701
2024-12-20,GL-B-014,ภาคกลาง,771,11776
2024-12-20,GL-B-014,ภาคตะวันออก,519,11168
2024-12-20,GL-B-014,ภาคเหนือ,449,9801
2024-12-20,GL-B-014,ภาคใต้,673,12063
2024-12-20,MK-C-028,กรุงเทพฯ,652,13029
2024-12-20,MK-C-028,ภาคกลาง,568,10619
2024-12-20,MK-C-028,ภาคตะวันออก,416,6774
2024-12-20,MK-C-028,ภาคเหนือ,348,6190
2024-12-20,MK-C-028,ภาคใต้,419,8304
2024-12-20,SY-D-039,กรุงเทพฯ,457,7001
2024-12-20,SY-D-039,ภาคกลาง,354,6181
2024-12-20,SY-D-039,ภาคตะวันออก,271,4455
2024-12-20,SY-D-039,ภาคเหนือ,252,4706
2024-12-20,SY-D-039,ภาคใต้,297,6203
2024-12-20,AG-E-052,กรุงเทพฯ,125,2447
2024-12-20,AG-E-052,ภาคกลาง,105,2190
2024-12-20,AG-E-052,ภาคตะวันออก,87,1313
2024-12-20,AG-E-052,ภาคเหนือ,76,1160
2024-12-20,AG-E-052,ภาคใต้,82,1760
2024-12-21,TK-A-001,กรุงเทพฯ,196,3110
2024-12-21,TK-A-001,ภาคกลาง,132,2762
2024-12-21,TK-A-001,ภาคตะวันออก,112,1685
2024-12-21,TK-A-001,ภาคเหนือ,95,1515
2024-12-21,TK-A-001,ภาคใต้,127,2372
2024-12-21,GL-B-014,กรุงเทพฯ,903,16263
2024-12-21,GL-B-014,ภาคกลาง,815,14687
2024-12-21,GL-B-014,ภาคตะวันออก,531,10938
2024-12-21,GL-B-014,ภาคเหนือ,447,8898
2024-12-21,GL-B-014,ภาคใต้,608,12380
2024-12-21,MK-C-028,กรุงเทพฯ,734,11078
2024-12-21,MK-C-028,ภาคกลาง,502,8947
2024-12-21,MK-C-028,ภาคตะวันออก,384,7416
2024-12-21,MK-C-028,ภาคเหนือ,328,5954
2024-12-21,MK-C-028,ภาคใต้,482,7489
2024-12-21,SY-D-039,กรุงเทพฯ,484,7571
2024-12-21,SY-D-039,ภาคกลาง,354,7324
2024-12-21,SY-D-039,ภาคตะวันออก,244,4138
2024-12-21,SY-D-039,ภาคเหนือ,239,4302
2024-12-21,SY-D-039,ภาคใต้,327,4633
2024-12-21,AG-E-052,กรุงเทพฯ,129,2393
2024-12-21,AG-E-052,ภาคกลาง,117,1659
2024-12-21,AG-E-052,ภาคตะวันออก,77,1551
2024-12-21,AG-E-052,ภาคเหนือ,73,1291
2024-12-21,AG-E-052,ภาคใต้,94,1700
2024-12-22,TK-A-001,กรุงเทพฯ,189,3122
2024-12-22,TK-A-001,ภาคกลาง,136,2450
2024-12-22,TK-A-001,ภาคตะวันออก,98,1881
2024-12-22,TK-A-001,ภาคเหนือ,88,1589
2024-12-22,TK-A-001,ภาคใต้,120,2239
2024-12-22,GL-B-014,กรุงเทพฯ,1022,15074
2024-12-22,GL-B-014,ภาคกลาง,700,11540
2024-12-22,GL-B-014,ภาคตะวันออก,505,11007
2024-12-22,GL-B-014,ภาคเหนือ,474,9614
2024-12-22,GL-B-014,ภาคใต้,606,9725
2024-12-22,MK-C-028,กรุงเทพฯ,670,11000
2024-12-22,MK-C-028,ภาคกลาง,529,10006
2024-12-22,MK-C-028,ภาคตะวันออก,401,7283
2024-12-22,MK-C-028,ภาคเหนือ,382,7045
2024-12-22,MK-C-028,ภาคใต้,405,6952
2024-12-22,SY-D-039,กรุงเทพฯ,480,7583
2024-12-22,SY-D-039,ภาคกลาง,357,6486
2024-12-22,SY-D-039,ภาคตะวันออก,273,5041
2024-12-22,SY-D-039,ภาคเหนือ,231,3981
2024-12-22,SY-D-039,ภาคใต้,284,5834
2024-12-22,AG-E-052,กรุงเทพฯ,139,2574
2024-12-22,AG-E-052,ภาคกลาง,118,1972
2024-12-22,AG-E-052,ภาคตะวันออก,73,1263
2024-12-22,AG-E-052,ภาคเหนือ,78,1202
2024-12-22,AG-E-052,ภาคใต้,92,1689
2024-12-23,TK-A-001,กรุงเทพฯ,172,3653
2024-12-23,TK-A-001,ภาคกลาง,133,2544
2024-12-23,TK-A-001,ภาคตะวันออก,113,1679
2024-12-23,TK-A-001,ภาคเหนือ,100,1974
2024-12-23,TK-A-001,ภาคใต้,115,2331
2024-12-23,GL-B-014,กรุงเทพฯ,913,15738
2024-12-23,GL-B-014,ภาคกลาง,813,14557
2024-12-23,GL-B-014,ภาคตะวันออก,599,11293
2024-12-23,GL-B-014,ภาคเหนือ,544,9080
2024-12-23,GL-B-014,ภาคใต้,586,12095
2024-12-23,MK-C-028,กรุงเทพฯ,737,11727
2024-12-23,MK-C-028,ภาคกลาง,488,10673
2024-12-23,MK-C-028,ภาคตะวันออก,428,7663
2024-12-23,MK-C-028,ภาคเหนือ,373,6654
2024-12-23,MK-C-028,ภาคใต้,462,7794
2024-12-23,SY-D-039,กรุงเทพฯ,440,8943
2024-12-23,SY-D-039,ภาคกลาง,378,6089
2024-12-23,SY-D-039,ภาคตะวันออก,294,4756
2024-12-23,SY-D-039,ภาคเหนือ,253,4904
2024-12-23,SY-D-039,ภาคใต้,294,5514
2024-12-23,AG-E-052,กรุงเทพฯ,136,2782
2024-12-23,AG-E-052,ภาคกลาง,98,1914
2024-12-23,AG-E-052,ภาคตะวันออก,75,1455
2024-12-23,AG-E-052,ภาคเหนือ,76,1416
2024-12-23,AG-E-052,ภาคใต้,84,1712
2024-12-24,TK-A-001,กรุงเทพฯ,197,3522
2024-12-24,TK-A-001,ภาคกลาง,145,2736
2024-12-24,TK-A-001,ภาคตะวันออก,100,1883
2024-12-24,TK-A-001,ภาคเหนือ,98,1704
2024-12-24,TK-A-001,ภาคใต้,127,1948
2024-12-24,GL-B-014,กรุงเทพฯ,887,15165
2024-12-24,GL-B-014,ภาคกลาง,740,11677
2024-12-24,GL-B-014,ภาคตะวันออก,516,10307
2024-12-24,GL-B-014,ภาคเหนือ,514,9096
2024-12-24,GL-B-014,ภาคใต้,558,12388
2024-12-24,MK-C-028,กรุงเทพฯ,669,11888
2024-12-24,MK-C-028,ภาคกลาง,554,9546
2024-12-24,MK-C-028,ภาคตะวันออก,407,8131
2024-12-24,MK-C-028,ภาคเหนือ,393,6693
2024-12-24,MK-C-028,ภาคใต้,472,9049
2024-12-24,SY-D-039,กรุงเทพฯ,456,8673
2024-12-24,SY-D-039,ภาคกลาง,358,7080
2024-12-24,SY-D-039,ภาคตะวันออก,250,5109
2024-12-24,SY-D-039,ภาคเหนือ,250,4710
2024-12-24,SY-D-039,ภาคใต้,320,5338
2024-12-24,AG-E-052,กรุงเทพฯ,133,2501
2024-12-24,AG-E-052,ภาคกลาง,104,2003
2024-12-24,AG-E-052,ภาคตะวันออก,79,1474
2024-12-24,AG-E-052,ภาคเหนือ,71,1228
2024-12-24,AG-E-052,ภาคใต้,99,1383
2024-12-25,TK-A-001,กรุงเทพฯ,193,3469
2024-12-25,TK-A-001,ภาคกลาง,152,2752
2024-12-25,TK-A-001,ภาคตะวันออก,114,2100
2024-12-25,TK-A-001,ภาคเหนือ,100,1615
2024-12-25,TK-A-001,ภาคใต้,116,1992
2024-12-25,GL-B-014,กรุงเทพฯ,966,16179
2024-12-25,GL-B-014,ภาคกลาง,707,13597
2024-12-25,GL-B-014,ภาคตะวันออก,564,8962
2024-12-25,GL-B-014,ภาคเหนือ,537,9534
2024-12-25,GL-B-014,ภาคใต้,609,11032
2024-12-25,MK-C-028,กรุงเทพฯ,619,13592
2024-12-25,MK-C-028,ภาคกลาง,576,10950
2024-12-25,MK-C-028,ภาคตะวันออก,421,7108
2024-12-25,MK-C-028,ภาคเหนือ,332,7399
2024-12-25,MK-C-028,ภาคใต้,431,7335
2024-12-25,SY-D-039,กรุงเทพฯ,436,8618
2024-12-25,SY-D-039,ภาคกลาง,374,7241
2024-12-25,SY-D-039,ภาคตะวันออก,265,4972
2024-12-25,SY-D-039,ภาคเหนือ,236,3979
2024-12-25,SY-D-039,ภาคใต้,321,5534
2024-12-25,AG-E-052,กรุงเทพฯ,140,2344
2024-12-25,AG-E-052,ภาคกลาง,103,1677
2024-12-25,AG-E-052,ภาคตะวันออก,74,1296
2024-12-25,AG-E-052,ภาคเหนือ,77,1435
2024-12-25,AG-E-052,ภาคใต้,99,1684
2024-12-26,TK-A-001,กรุงเทพฯ,165,3541
2024-12-26,TK-A-001,ภาคกลาง,134,2668
2024-12-26,TK-A-001,ภาคตะวันออก,112,1926
2024-12-26,TK-A-001,ภาคเหนือ,103,1635
2024-12-26,TK-A-001,ภาคใต้,117,2242
2024-12-26,GL-B-014,กรุงเทพฯ,874,19177
2024-12-26,GL-B-014,ภาคกลาง,673,12874
2024-12-26,GL-B-014,ภาคตะวันออก,597,8709
2024-12-26,GL-B-014,ภาคเหนือ,489,8209
2024-12-26,GL-B-014,ภาคใต้,585,12039
2024-12-26,MK-C-028,กรุงเทพฯ,674,13952
2024-12-26,MK-C-028,ภาคกลาง,587,10929
2024-12-26,MK-C-028,ภาคตะวันออก,413,6428
2024-12-26,MK-C-028,ภาคเหนือ,356,6692
2024-12-26,MK-C-028,ภาคใต้,475,8810
2024-12-26,SY-D-039,กรุงเทพฯ,441,8233
2024-12-26,SY-D-039,ภาคกลาง,366,6073
2024-12-26,SY-D-039,ภาคตะวันออก,243,4209
2024-12-26,SY-D-039,ภาคเหนือ,261,4750
2024-12-26,SY-D-039,ภาคใต้,307,6040
2024-12-26,AG-E-052,กรุงเทพฯ,130,2257
2024-12-26,AG-E-052,ภาคกลาง,103,2049
2024-12-26,AG-E-052,ภาคตะวันออก,75,1438
2024-12-26,AG-E-052,ภาคเหนือ,74,1236
2024-12-26,AG-E-052,ภาคใต้,81,1802
2024-12-27,TK-A-001,กรุงเทพฯ,163,3626
2024-12-27,TK-A-001,ภาคกลาง,145,2973
2024-12-27,TK-A-001,ภาคตะวันออก,106,2011
2024-12-27,TK-A-001,ภาคเหนือ,96,1652
2024-12-27,TK-A-001,ภาคใต้,125,2007
2024-12-27,GL-B-014,กรุงเทพฯ,958,16987
2024-12-27,GL-B-014,ภาคกลาง,694,11608
2024-12-27,GL-B-014,ภาคตะวันออก,603,9650
2024-12-27,GL-B-014,ภาคเหนือ,535,8621
2024-12-27,GL-B-014,ภาคใต้,672,12379
2024-12-27,MK-C-028,กรุงเทพฯ,650,12539
2024-12-27,MK-C-028,ภาคกลาง,574,8734
2024-12-27,MK-C-028,ภาคตะวันออก,386,7002
2024-12-27,MK-C-028,ภาคเหนือ,370,5888
2024-12-27,MK-C-028,ภาคใต้,425,7532
2024-12-27,SY-D-039,กรุงเทพฯ,444,8651
2024-12-27,SY-D-039,ภาคกลาง,391,7134
2024-12-27,SY-D-039,ภาคตะวันออก,253,4579
2024-12-27,SY-D-039,ภาคเหนือ,257,3863
2024-12-27,SY-D-039,ภาคใต้,285,4704
2024-12-27,AG-E-052,กรุงเทพฯ,141,2439
2024-12-27,AG-E-052,ภาคกลาง,110,1941
2024-12-27,AG-E-052,ภาคตะวันออก,77,1277
2024-12-27,AG-E-052,ภาคเหนือ,66,1305
2024-12-27,AG-E-052,ภาคใต้,85,1551
2024-12-28,TK-A-001,กรุงเทพฯ,171,3421
2024-12-28,TK-A-001,ภาคกลาง,150,2839
2024-12-28,TK-A-001,ภาคตะวันออก,101,1721
2024-12-28,TK-A-001,ภาคเหนือ,101,1617
2024-12-28,TK-A-001,ภาคใต้,115,2223
2024-12-28,GL-B-014,กรุงเทพฯ,995,17797
2024-12-28,GL-B-014,ภาคกลาง,816,11483
2024-12-28,GL-B-014,ภาคตะวันออก,521,9785
2024-12-28,GL-B-014,ภาคเหนือ,447,10134
2024-12-28,GL-B-014,ภาคใต้,627,9712
2024-12-28,MK-C-028,กรุงเทพฯ,718,10549
2024-12-28,MK-C-028,ภาคกลาง,497,10920
2024-12-28,MK-C-028,ภาคตะวันออก,403,7864
2024-12-28,MK-C-028,ภาคเหนือ,364,7423
2024-12-28,MK-C-028,ภาคใต้,425,7486
2024-12-28,SY-D-039,กรุงเทพฯ,456,7806
2024-12-28,SY-D-039,ภาคกลาง,386,6843
2024-12-28,SY-D-039,ภาคตะวันออก,296,5265
2024-12-28,SY-D-039,ภาคเหนือ,236,4243
2024-12-28,SY-D-039,ภาคใต้,329,5902
2024-12-28,AG-E-052,กรุงเทพฯ,141,2374
2024-12-28,AG-E-052,ภาคกลาง,111,2216
2024-12-28,AG-E-052,ภาคตะวันออก,75,1248
2024-12-28,AG-E-052,ภาคเหนือ,68,1143
2024-12-28,AG-E-052,ภาคใต้,96,1469
2024-12-29,TK-A-001,กรุงเทพฯ,169,3553
2024-12-29,TK-A-001,ภาคกลาง,149,2703
2024-12-29,TK-A-001,ภาคตะวันออก,102,1746
2024-12-29,TK-A-001,ภาคเหนือ,89,1598
2024-12-29,TK-A-001,ภาคใต้,131,2150
2024-12-29,GL-B-014,กรุงเทพฯ,936,14485
2024-12-29,GL-B-014,ภาคกลาง,786,13359
2024-12-29,GL-B-014,ภาคตะวันออก,510,10096
2024-12-29,GL-B-014,ภาคเหนือ,530,9277
2024-12-29,GL-B-014,ภาคใต้,682,12694
2024-12-29,MK-C-028,กรุงเทพฯ,721,12008
2024-12-29,MK-C-028,ภาคกลาง,525,8866
2024-12-29,MK-C-028,ภาคตะวันออก,423,7749
2024-12-29,MK-C-028,ภาคเหนือ,344,7418
2024-12-29,MK-C-028,ภาคใต้,468,6959
2024-12-29,SY-D-039,กรุงเทพฯ,488,8244
2024-12-29,SY-D-039,ภาคกลาง,389,6964
2024-12-29,SY-D-039,ภาคตะวันออก,290,5078
2024-12-29,SY-D-039,ภาคเหนือ,219,3798
2024-12-29,SY-D-039,ภาคใต้,278,5598
2024-12-29,AG-E-052,กรุงเทพฯ,130,2582
2024-12-29,AG-E-052,ภาคกลาง,103,1921
2024-12-29,AG-E-052,ภาคตะวันออก,87,1407
2024-12-29,AG-E-052,ภาคเหนือ,72,1139
2024-12-29,AG-E-052,ภาคใต้,88,1575
2024-12-30,TK-A-001,กรุงเทพฯ,164,2765
2024-12-30,TK-A-001,ภาคกลาง,158,2901
2024-12-30,TK-A-001,ภาคตะวันออก,107,1795
2024-12-30,TK-A-001,ภาคเหนือ,88,1474
2024-12-30,TK-A-001,ภาคใต้,109,1961
2024-12-30,GL-B-014,กรุงเทพฯ,937,18962
2024-12-30,GL-B-014,ภาคกลาง,781,14844
2024-12-30,GL-B-014,ภาคตะวันออก,535,8762
2024-12-30,GL-B-014,ภาคเหนือ,453,8747
2024-12-30,GL-B-014,ภาคใต้,607,11837
2024-12-30,MK-C-028,กรุงเทพฯ,730,11451
2024-12-30,MK-C-028,ภาคกลาง,521,8749
2024-12-30,MK-C-028,ภาคตะวันออก,433,6230
2024-12-30,MK-C-028,ภาคเหนือ,329,6254
2024-12-30,MK-C-028,ภาคใต้,408,8359
2024-12-30,SY-D-039,กรุงเทพฯ,426,6958
2024-12-30,SY-D-039,ภาคกลาง,345,6399
2024-12-30,SY-D-039,ภาคตะวันออก,281,5473
2024-12-30,SY-D-039,ภาคเหนือ,219,4446
2024-12-30,SY-D-039,ภาคใต้,318,5112
2024-12-30,AG-E-052,กรุงเทพฯ,124,2759
2024-12-30,AG-E-052,ภาคกลาง,114,1792
2024-12-30,AG-E-052,ภาคตะวันออก,76,1310
2024-12-30,AG-E-052,ภาคเหนือ,71,1458
2024-12-30,AG-E-052,ภาคใต้,90,1793
2024-12-31,TK-A-001,กรุงเทพฯ,185,2847
2024-12-31,TK-A-001,ภาคกลาง,150,2595
2024-12-31,TK-A-001,ภาคตะวันออก,114,2099
2024-12-31,TK-A-001,ภาคเหนือ,98,1611
2024-12-31,TK-A-001,ภาคใต้,127,2132
2024-12-31,GL-B-014,กรุงเทพฯ,1023,16732
2024-12-31,GL-B-014,ภาคกลาง,724,12644
2024-12-31,GL-B-014,ภาคตะวันออก,609,10562
2024-12-31,GL-B-014,ภาคเหนือ,456,8844
2024-12-31,GL-B-014,ภาคใต้,574,9804
2024-12-31,MK-C-028,กรุงเทพฯ,710,12143
2024-12-31,MK-C-028,ภาคกลาง,496,9928
2024-12-31,MK-C-028,ภาคตะวันออก,423,8298
2024-12-31,MK-C-028,ภาคเหนือ,355,7049
2024-12-31,MK-C-028,ภาคใต้,474,7583
2024-12-31,SY-D-039,กรุงเทพฯ,489,7615
2024-12-31,SY-D-039,ภาคกลาง,392,6554
2024-12-31,SY-D-039,ภาคตะวันออก,274,4380
2024-12-31,SY-D-039,ภาคเหนือ,232,4705
2024-12-31,SY-D-039,ภาคใต้,279,5898
2024-12-31,AG-E-052,กรุงเทพฯ,139,2222
2024-12-31,AG-E-052,ภาคกลาง,118,1936
2024-12-31,AG-E-052,ภาคตะวันออก,77,1660
2024-12-31,AG-E-052,ภาคเหนือ,78,1312
2024-12-31,AG-E-052,ภาคใต้,97,1680
2025-01-01,TK-A-001,กรุงเทพฯ,176,3076
2025-01-01,TK-A-001,ภาคกลาง,156,2806
2025-01-01,TK-A-001,ภาคตะวันออก,116,1877
2025-01-01,TK-A-001,ภาคเหนือ,102,1876
2025-01-01,TK-A-001,ภาคใต้,131,2064
2025-01-01,GL-B-014,กรุงเทพฯ,897,14645
2025-01-01,GL-B-014,ภาคกลาง,789,14048
2025-01-01,GL-B-014,ภาคตะวันออก,519,9836
2025-01-01,GL-B-014,ภาคเหนือ,492,7682
2025-01-01,GL-B-014,ภาคใต้,635,12656
2025-01-01,MK-C-028,กรุงเทพฯ,609,11076
2025-01-01,MK-C-028,ภาคกลาง,542,10898
2025-01-01,MK-C-028,ภาคตะวันออก,437,7402
2025-01-01,MK-C-028,ภาคเหนือ,390,6618
2025-01-01,MK-C-028,ภาคใต้,451,8026
2025-01-01,SY-D-039,กรุงเทพฯ,448,8364
2025-01-01,SY-D-039,ภาคกลาง,355,6801
2025-01-01,SY-D-039,ภาคตะวันออก,248,5276
2025-01-01,SY-D-039,ภาคเหนือ,231,4626
2025-01-01,SY-D-039,ภาคใต้,318,4640
2025-01-01,AG-E-052,กรุงเทพฯ,140,2578
2025-01-01,AG-E-052,ภาคกลาง,108,1707
2025-01-01,AG-E-052,ภาคตะวันออก,73,1395
2025-01-01,AG-E-052,ภาคเหนือ,76,1225
2025-01-01,AG-E-052,ภาคใต้,83,1663
2025-01-02,TK-A-001,กรุงเทพฯ,171,3036
2025-01-02,TK-A-001,ภาคกลาง,154,2258
2025-01-02,TK-A-001,ภาคตะวันออก,106,1895
2025-01-02,TK-A-001,ภาคเหนือ,86,1956
2025-01-02,TK-A-001,ภาคใต้,124,2241
2025-01-02,GL-B-014,กรุงเทพฯ,991,16130
2025-01-02,GL-B-014,ภาคกลาง,680,14537
2025-01-02,GL-B-014,ภาคตะวันออก,573,9206
2025-01-02,GL-B-014,ภาคเหนือ,459,9055
2025-01-02,GL-B-014,ภาคใต้,602,12793
2025-01-02,MK-C-028,กรุงเทพฯ,675,12731
2025-01-02,MK-C-028,ภาคกลาง,559,11103
2025-01-02,MK-C-028,ภาคตะวันออก,373,6203
2025-01-02,MK-C-028,ภาคเหนือ,336,6108
2025-01-02,MK-C-028,ภาคใต้,417,9018
2025-01-02,SY-D-039,กรุงเทพฯ,407,7104
2025-01-02,SY-D-039,ภาคกลาง,377,6077
2025-01-02,SY-D-039,ภาคตะวันออก,267,4162
2025-01-02,SY-D-039,ภาคเหนือ,242,4034
2025-01-02,SY-D-039,ภาคใต้,323,4853
2025-01-02,AG-E-052,กรุงเทพฯ,131,2430
2025-01-02,AG-E-052,ภาคกลาง,106,2062
2025-01-02,AG-E-052,ภาคตะวันออก,81,1526
2025-01-02,AG-E-052,ภาคเหนือ,68,1449
2025-01-02,AG-E-052,ภาคใต้,95,1607
2025-01-03,TK-A-001,กรุงเทพฯ,164,3256
2025-01-03,TK-A-001,ภาคกลาง,130,2413
2025-01-03,TK-A-001,ภาคตะวันออก,108,1980
2025-01-03,TK-A-001,ภาคเหนือ,97,1666
2025-01-03,TK-A-001,ภาคใต้,116,2459
2025-01-03,GL-B-014,กรุงเทพฯ,861,18939
2025-01-03,GL-B-014,ภาคกลาง,765,13644
2025-01-03,GL-B-014,ภาคตะวันออก,567,10982
2025-01-03,GL-B-014,ภาคเหนือ,507,9447
2025-01-03,GL-B-014,ภาคใต้,604,11719
2025-01-03,MK-C-028,กรุงเทพฯ,669,13963
2025-01-03,MK-C-028,ภาคกลาง,516,9611
2025-01-03,MK-C-028,ภาคตะวันออก,398,7058
2025-01-03,MK-C-028,ภาคเหนือ,346,7189
2025-01-03,MK-C-028,ภาคใต้,430,7694
2025-01-03,SY-D-039,กรุงเทพฯ,476,7772
2025-01-03,SY-D-039,ภาคกลาง,359,6896
2025-01-03,SY-D-039,ภาคตะวันออก,280,4285
2025-01-03,SY-D-039,ภาคเหนือ,263,3833
2025-01-03,SY-D-039,ภาคใต้,300,5702
2025-01-03,AG-E-052,กรุงเทพฯ,127,2267
2025-01-03,AG-E-052,ภาคกลาง,106,1921
2025-01-03,AG-E-052,ภาคตะวันออก,76,1587
2025-01-03,AG-E-052,ภาคเหนือ,68,1138
2025-01-03,AG-E-052,ภาคใต้,85,1736
2025-01-04,TK-A-001,กรุงเทพฯ,182,3133
2025-01-04,TK-A-001,ภาคกลาง,157,2583
2025-01-04,TK-A-001,ภาคตะวันออก,102,2044
2025-01-04,TK-A-001,ภาคเหนือ,97,1945
2025-01-04,TK-A-001,ภาคใต้,126,1963
2025-01-04,GL-B-014,กรุงเทพฯ,960,19079
2025-01-04,GL-B-014,ภาคกลาง,789,13050
2025-01-04,GL-B-014,ภาคตะวันออก,600,11521
2025-01-04,GL-B-014,ภาคเหนือ,540,7716
2025-01-04,GL-B-014,ภาคใต้,587,11457
2025-01-04,MK-C-028,กรุงเทพฯ,644,11336
2025-01-04,MK-C-028,ภาคกลาง,494,10381
2025-01-04,MK-C-028,ภาคตะวันออก,395,7402
2025-01-04,MK-C-028,ภาคเหนือ,372,6177
2025-01-04,MK-C-028,ภาคใต้,415,8769
2025-01-04,SY-D-039,กรุงเทพฯ,432,8879
2025-01-04,SY-D-039,ภาคกลาง,391,7257
2025-01-04,SY-D-039,ภาคตะวันออก,294,5506
2025-01-04,SY-D-039,ภาคเหนือ,231,3895
2025-01-04,SY-D-039,ภาคใต้,282,5012
2025-01-04,AG-E-052,กรุงเทพฯ,144,2485
2025-01-04,AG-E-052,ภาคกลาง,99,2223
2025-01-04,AG-E-052,ภาคตะวันออก,80,1329
2025-01-04,AG-E-052,ภาคเหนือ,72,1400
2025-01-04,AG-E-052,ภาคใต้,90,1677
2025-01-05,TK-A-001,กรุงเทพฯ,189,2896
2025-01-05,TK-A-001,ภาคกลาง,144,2509
2025-01-05,TK-A-001,ภาคตะวันออก,114,1829
2025-01-05,TK-A-001,ภาคเหนือ,88,1704
2025-01-05,TK-A-001,ภาคใต้,108,2178
2025-01-05,GL-B-014,กรุงเทพฯ,938,18685
2025-01-05,GL-B-014,ภาคกลาง,798,13885
2025-01-05,GL-B-014,ภาคตะวันออก,562,9411
2025-01-05,GL-B-014,ภาคเหนือ,477,10096
2025-01-05,GL-B-014,ภาคใต้,593,12518
2025-01-05,MK-C-028,กรุงเทพฯ,633,13668
2025-01-05,MK-C-028,ภาคกลาง,504,8459
2025-01-05,MK-C-028,ภาคตะวันออก,372,6905
2025-01-05,MK-C-028,ภาคเหนือ,348,6893
2025-01-05,MK-C-028,ภาคใต้,463,8070
2025-01-05,SY-D-039,กรุงเทพฯ,434,9267
2025-01-05,SY-D-039,ภาคกลาง,351,6002
2025-01-05,SY-D-039,ภาคตะวันออก,260,4378
2025-01-05,SY-D-039,ภาคเหนือ,252,4334
2025-01-05,SY-D-039,ภาคใต้,284,5490
2025-01-05,AG-E-052,กรุงเทพฯ,145,2381
2025-01-05,AG-E-052,ภาคกลาง,115,2147
2025-01-05,AG-E-052,ภาคตะวันออก,74,1608
2025-01-05,AG-E-052,ภาคเหนือ,74,1216
2025-01-05,AG-E-052,ภาคใต้,86,1527
2025-01-06,TK-A-001,กรุงเทพฯ,169,3434
2025-01-06,TK-A-001,ภาคกลาง,158,2904
2025-01-06,TK-A-001,ภาคตะวันออก,100,2165
2025-01-06,TK-A-001,ภาคเหนือ,87,1843
2025-01-06,TK-A-001,ภาคใต้,131,2029
2025-01-06,GL-B-014,กรุงเทพฯ,983,17262
2025-01-06,GL-B-014,ภาคกลาง,736,15154
2025-01-06,GL-B-014,ภาคตะวันออก,526,10450
2025-01-06,GL-B-014,ภาคเหนือ,477,9278
2025-01-06,GL-B-014,ภาคใต้,681,10732
2025-01-06,MK-C-028,กรุงเทพฯ,658,11719
2025-01-06,MK-C-028,ภาคกลาง,574,10922
2025-01-06,MK-C-028,ภาคตะวันออก,386,7216
2025-01-06,MK-C-028,ภาคเหนือ,333,5881
2025-01-06,MK-C-028,ภาคใต้,468,7581
2025-01-06,SY-D-039,กรุงเทพฯ,444,7283
2025-01-06,SY-D-039,ภาคกลาง,369,6043
2025-01-06,SY-D-039,ภาคตะวันออก,279,5214
2025-01-06,SY-D-039,ภาคเหนือ,255,4133
2025-01-06,SY-D-039,ภาคใต้,279,5651
2025-01-06,AG-E-052,กรุงเทพฯ,144,2589
2025-01-06,AG-E-052,ภาคกลาง,106,1995
2025-01-06,AG-E-052,ภาคตะวันออก,76,1649
2025-01-06,AG-E-052,ภาคเหนือ,75,1209
2025-01-06,AG-E-052,ภาคใต้,90,1713
2025-01-07,TK-A-001,กรุงเทพฯ,165,3167
2025-01-07,TK-A-001,ภาคกลาง,148,2670
2025-01-07,TK-A-001,ภาคตะวันออก,101,1992
2025-01-07,TK-A-001,ภาคเหนือ,87,1958
2025-01-07,TK-A-001,ภาคใต้,116,2095
2025-01-07,GL-B-014,กรุงเทพฯ,906,15642
2025-01-07,GL-B-014,ภาคกลาง,763,14897
2025-01-07,GL-B-014,ภาคตะวันออก,567,9268
2025-01-07,GL-B-014,ภาคเหนือ,529,8894
2025-01-07,GL-B-014,ภาคใต้,680,12789
2025-01-07,MK-C-028,กรุงเทพฯ,666,11694
2025-01-07,MK-C-028,ภาคกลาง,526,8607
2025-01-07,MK-C-028,ภาคตะวันออก,374,8220
2025-01-07,MK-C-028,ภาคเหนือ,331,5627
2025-01-07,MK-C-028,ภาคใต้,471,7942
2025-01-07,SY-D-039,กรุงเทพฯ,444,7270
2025-01-07,SY-D-039,ภาคกลาง,340,6908
2025-01-07,SY-D-039,ภาคตะวันออก,292,4159
2025-01-07,SY-D-039,ภาคเหนือ,224,4741
2025-01-07,SY-D-039,ภาคใต้,288,5999
2025-01-07,AG-E-052,กรุงเทพฯ,122,2220
2025-01-07,AG-E-052,ภาคกลาง,108,2197
2025-01-07,AG-E-052,ภาคตะวันออก,74,1273
2025-01-07,AG-E-052,ภาคเหนือ,72,1141
2025-01-07,AG-E-052,ภาคใต้,94,1715
2025-01-08,TK-A-001,กรุงเทพฯ,165,3141
2025-01-08,TK-A-001,ภาคกลาง,151,2901
2025-01-08,TK-A-001,ภาคตะวันออก,119,1673
2025-01-08,TK-A-001,ภาคเหนือ,97,1530
2025-01-08,TK-A-001,ภาคใต้,128,1859
2025-01-08,GL-B-014,กรุงเทพฯ,899,17382
2025-01-08,GL-B-014,ภาคกลาง,816,14305
2025-01-08,GL-B-014,ภาคตะวันออก,514,11034
2025-01-08,GL-B-014,ภาคเหนือ,521,9157
2025-01-08,GL-B-014,ภาคใต้,658,12133
2025-01-08,MK-C-028,กรุงเทพฯ,633,11155
2025-01-08,MK-C-028,ภาคกลาง,561,9386
2025-01-08,MK-C-028,ภาคตะวันออก,380,7381
2025-01-08,MK-C-028,ภาคเหนือ,344,6822
2025-01-08,MK-C-028,ภาคใต้,440,7482
2025-01-08,SY-D-039,กรุงเทพฯ,408,7962
2025-01-08,SY-D-039,ภาคกลาง,349,6210
2025-01-08,SY-D-039,ภาคตะวันออก,283,4135
2025-01-08,SY-D-039,ภาคเหนือ,217,4184
2025-01-08,SY-D-039,ภาคใต้,295,5702
2025-01-08,AG-E-052,กรุงเทพฯ,131,2232
2025-01-08,AG-E-052,ภาคกลาง,118,2026
2025-01-08,AG-E-052,ภาคตะวันออก,82,1670
2025-01-08,AG-E-052,ภาคเหนือ,66,1425
2025-01-08,AG-E-052,ภาคใต้,89,1566
2025-01-09,TK-A-001,กรุงเทพฯ,195,3135
2025-01-09,TK-A-001,ภาคกลาง,152,2504
2025-01-09,TK-A-001,ภาคตะวันออก,115,2060
2025-01-09,TK-A-001,ภาคเหนือ,100,1489
2025-01-09,TK-A-001,ภาคใต้,112,2378
2025-01-09,GL-B-014,กรุงเทพฯ,936,19029
2025-01-09,GL-B-014,ภาคกลาง,700,12680
2025-01-09,GL-B-014,ภาคตะวันออก,571,10895
2025-01-09,GL-B-014,ภาคเหนือ,542,8230
2025-01-09,GL-B-014,ภาคใต้,653,11211
2025-01-09,MK-C-028,กรุงเทพฯ,687,10914
2025-01-09,MK-C-028,ภาคกลาง,571,10144
2025-01-09,MK-C-028,ภาคตะวันออก,402,7347
2025-01-09,MK-C-028,ภาคเหนือ,329,6305
2025-01-09,MK-C-028,ภาคใต้,407,7695
2025-01-09,SY-D-039,กรุงเทพฯ,407,8489
2025-01-09,SY-D-039,ภาคกลาง,336,6111
2025-01-09,SY-D-039,ภาคตะวันออก,248,4297
2025-01-09,SY-D-039,ภาคเหนือ,220,4891
2025-01-09,SY-D-039,ภาคใต้,298,4600
2025-01-09,AG-E-052,กรุงเทพฯ,145,2789
2025-01-09,AG-E-052,ภาคกลาง,114,1889
2025-01-09,AG-E-052,ภาคตะวันออก,75,1432
2025-01-09,AG-E-052,ภาคเหนือ,72,1379
2025-01-09,AG-E-052,ภาคใต้,94,1824
2025-01-10,TK-A-001,กรุงเทพฯ,179,2856
2025-01-10,TK-A-001,ภาคกลาง,156,2274
2025-01-10,TK-A-001,ภาคตะวันออก,107,2197
2025-01-10,TK-A-001,ภาคเหนือ,103,1779
2025-01-10,TK-A-001,ภาคใต้,126,2076
2025-01-10,GL-B-014,กรุงเทพฯ,916,16463
2025-01-10,GL-B-014,ภาคกลาง,688,14469
2025-01-10,GL-B-014,ภาคตะวันออก,511,11520
2025-01-10,GL-B-014,ภาคเหนือ,457,9088
2025-01-10,GL-B-014,ภาคใต้,571,12564
2025-01-10,MK-C-028,กรุงเทพฯ,633,12726
2025-01-10,MK-C-028,ภาคกลาง,586,10727
2025-01-10,MK-C-028,ภาคตะวันออก,399,7637
2025-01-10,MK-C-028,ภาคเหนือ,350,6330
2025-01-10,MK-C-028,ภาคใต้,427,7723
2025-01-10,SY-D-039,กรุงเทพฯ,424,7177
2025-01-10,SY-D-039,ภาคกลาง,350,6017
2025-01-10,SY-D-039,ภาคตะวันออก,264,4193
2025-01-10,SY-D-039,ภาคเหนือ,255,4168
2025-01-10,SY-D-039,ภาคใต้,309,5304
2025-01-10,AG-E-052,กรุงเทพฯ,132,2155
2025-01-10,AG-E-052,ภาคกลาง,104,2118
2025-01-10,AG-E-052,ภาคตะวันออก,75,1337
2025-01-10,AG-E-052,ภาคเหนือ,79,1351
2025-01-10,AG-E-052,ภาคใต้,94,1508
2025-01-11,TK-A-001,กรุงเทพฯ,185,3198
2025-01-11,TK-A-001,ภาคกลาง,151,2868
2025-01-11,TK-A-001,ภาคตะวันออก,102,1862
2025-01-11,TK-A-001,ภาคเหนือ,90,1816
2025-01-11,TK-A-001,ภาคใต้,131,2098
2025-01-11,GL-B-014,กรุงเทพฯ,1003,14263
2025-01-11,GL-B-014,ภาคกลาง,729,14141
2025-01-11,GL-B-014,ภาคตะวันออก,567,9971
2025-01-11,GL-B-014,ภาคเหนือ,453,9182
2025-01-11,GL-B-014,ภาคใต้,642,12570
2025-01-11,MK-C-028,กรุงเทพฯ,684,13613
2025-01-11,MK-C-028,ภาคกลาง,505,10655
2025-01-11,MK-C-028,ภาคตะวันออก,395,7381
2025-01-11,MK-C-028,ภาคเหนือ,337,6828
2025-01-11,MK-C-028,ภาคใต้,406,7477
2025-01-11,SY-D-039,กรุงเทพฯ,486,7314
2025-01-11,SY-D-039,ภาคกลาง,365,6268
2025-01-11,SY-D-039,ภาคตะวันออก,256,4270
2025-01-11,SY-D-039,ภาคเหนือ,258,4661
2025-01-11,SY-D-039,ภาคใต้,286,5047
2025-01-11,AG-E-052,กรุงเทพฯ,138,2097
2025-01-11,AG-E-052,ภาคกลาง,100,1753
2025-01-11,AG-E-052,ภาคตะวันออก,75,1339
2025-01-11,AG-E-052,ภาคเหนือ,68,1345
2025-01-11,AG-E-052,ภาคใต้,82,1544
2025-01-12,TK-A-001,กรุงเทพฯ,196,2868
2025-01-12,TK-A-001,ภาคกลาง,150,2275
2025-01-12,TK-A-001,ภาคตะวันออก,114,1945
2025-01-12,TK-A-001,ภาคเหนือ,101,1643
2025-01-12,TK-A-001,ภาคใต้,109,2436
2025-01-12,GL-B-014,กรุงเทพฯ,867,16926
2025-01-12,GL-B-014,ภาคกลาง,731,13824
2025-01-12,GL-B-014,ภาคตะวันออก,588,10272
2025-01-12,GL-B-014,ภาคเหนือ,538,8978
2025-01-12,GL-B-014,ภาคใต้,611,11345
2025-01-12,MK-C-028,กรุงเทพฯ,646,11175
2025-01-12,MK-C-028,ภาคกลาง,543,9738
2025-01-12,MK-C-028,ภาคตะวันออก,390,7185
2025-01-12,MK-C-028,ภาคเหนือ,325,5739
2025-01-12,MK-C-028,ภาคใต้,440,9280
2025-01-12,SY-D-039,กรุงเทพฯ,456,9072
2025-01-12,SY-D-039,ภาคกลาง,379,5862
2025-01-12,SY-D-039,ภาคตะวันออก,269,4706
2025-01-12,SY-D-039,ภาคเหนือ,232,3798
2025-01-12,SY-D-039,ภาคใต้,288,5171
2025-01-12,AG-E-052,กรุงเทพฯ,127,2719
2025-01-12,AG-E-052,ภาคกลาง,103,1670
2025-01-12,AG-E-052,ภาคตะวันออก,74,1361
2025-01-12,AG-E-052,ภาคเหนือ,68,1444
2025-01-12,AG-E-052,ภาคใต้,86,1817
2025-01-13,TK-A-001,กรุงเทพฯ,187,3237
2025-01-13,TK-A-001,ภาคกลาง,139,2317
2025-01-13,TK-A-001,ภาคตะวันออก,110,1933
2025-01-13,TK-A-001,ภาคเหนือ,98,1780
2025-01-13,TK-A-001,ภาคใต้,121,2160
2025-01-13,GL-B-014,กรุงเทพฯ,849,15300
2025-01-13,GL-B-014,ภาคกลาง,802,14966
2025-01-13,GL-B-014,ภาคตะวันออก,554,11450
2025-01-13,GL-B-014,ภาคเหนือ,510,8797
2025-01-13,GL-B-014,ภาคใต้,605,10919
2025-01-13,MK-C-028,กรุงเทพฯ,652,11437
2025-01-13,MK-C-028,ภาคกลาง,582,10202
2025-01-13,MK-C-028,ภาคตะวันออก,439,8375
2025-01-13,MK-C-028,ภาคเหนือ,367,6080
2025-01-13,MK-C-028,ภาคใต้,414,7343
2025-01-13,SY-D-039,กรุงเทพฯ,410,8534
2025-01-13,SY-D-039,ภาคกลาง,386,6703
2025-01-13,SY-D-039,ภาคตะวันออก,296,4921
2025-01-13,SY-D-039,ภาคเหนือ,224,3890
2025-01-13,SY-D-039,ภาคใต้,316,5419
2025-01-13,AG-E-052,กรุงเทพฯ,123,2269
2025-01-13,AG-E-052,ภาคกลาง,102,1863
2025-01-13,AG-E-052,ภาคตะวันออก,79,1660
2025-01-13,AG-E-052,ภาคเหนือ,73,1475
2025-01-13,AG-E-052,ภาคใต้,86,1461
2025-01-14,TK-A-001,กรุงเทพฯ,196,2955
2025-01-14,TK-A-001,ภาคกลาง,153,2500
2025-01-14,TK-A-001,ภาคตะวันออก,119,1912
2025-01-14,TK-A-001,ภาคเหนือ,99,1715
2025-01-14,TK-A-001,ภาคใต้,125,1936
2025-01-14,GL-B-014,กรุงเทพฯ,919,16250
2025-01-14,GL-B-014,ภาคกลาง,683,14989
2025-01-14,GL-B-014,ภาคตะวันออก,546,9149
2025-01-14,GL-B-014,ภาคเหนือ,465,9797
2025-01-14,GL-B-014,ภาคใต้,590,10441
2025-01-14,MK-C-028,กรุงเทพฯ,650,11125
2025-01-14,MK-C-028,ภาคกลาง,557,8633
2025-01-14,MK-C-028,ภาคตะวันออก,431,8106
2025-01-14,MK-C-028,ภาคเหนือ,359,7000
2025-01-14,MK-C-028,ภาคใต้,486,7610
2025-01-14,SY-D-039,กรุงเทพฯ,473,8673
2025-01-14,SY-D-039,ภาคกลาง,361,5580
2025-01-14,SY-D-039,ภาคตะวันออก,256,4590
2025-01-14,SY-D-039,ภาคเหนือ,223,4439
2025-01-14,SY-D-039,ภาคใต้,312,5027
2025-01-14,AG-E-052,กรุงเทพฯ,124,2608
2025-01-14,AG-E-052,ภาคกลาง,109,1908
2025-01-14,AG-E-052,ภาคตะวันออก,81,1355
2025-01-14,AG-E-052,ภาคเหนือ,66,1420
2025-01-14,AG-E-052,ภาคใต้,89,1519
2025-01-15,TK-A-001,กรุงเทพฯ,177,2816
2025-01-15,TK-A-001,ภาคกลาง,143,2901
2025-01-15,TK-A-001,ภาคตะวันออก,104,1933
2025-01-15,TK-A-001,ภาคเหนือ,100,1770
2025-01-15,TK-A-001,ภาคใต้,125,2473
2025-01-15,GL-B-014,กรุงเทพฯ,897,18000
2025-01-15,GL-B-014,ภาคกลาง,794,13718
2025-01-15,GL-B-014,ภาคตะวันออก,503,9774
2025-01-15,GL-B-014,ภาคเหนือ,521,8513
2025-01-15,GL-B-014,ภาคใต้,636,11495
2025-01-15,MK-C-028,กรุงเทพฯ,640,13801
2025-01-15,MK-C-028,ภาคกลาง,515,9268
2025-01-15,MK-C-028,ภาคตะวันออก,417,6690
2025-01-15,MK-C-028,ภาคเหนือ,365,5750
2025-01-15,MK-C-028,ภาคใต้,420,7588
2025-01-15,SY-D-039,กรุงเทพฯ,460,7216
2025-01-15,SY-D-039,ภาคกลาง,381,6000
2025-01-15,SY-D-039,ภาคตะวันออก,250,5389
2025-01-15,SY-D-039,ภาคเหนือ,255,4380
2025-01-15,SY-D-039,ภาคใต้,311,5739
2025-01-15,AG-E-052,กรุงเทพฯ,140,2283
2025-01-15,AG-E-052,ภาคกลาง,98,2079
2025-01-15,AG-E-052,ภาคตะวันออก,82,1421
2025-01-15,AG-E-052,ภาคเหนือ,76,1378
2025-01-15,AG-E-052,ภาคใต้,81,1488
2025-01-16,TK-A-001,กรุงเทพฯ,179,2857
2025-01-16,TK-A-001,ภาคกลาง,135,2872
2025-01-16,TK-A-001,ภาคตะวันออก,116,2016
2025-01-16,TK-A-001,ภาคเหนือ,90,1839
2025-01-16,TK-A-001,ภาคใต้,128,2133
2025-01-16,GL-B-014,กรุงเทพฯ,843,17753
2025-01-16,GL-B-014,ภาคกลาง,682,13123
2025-01-16,GL-B-014,ภาคตะวันออก,512,8888
2025-01-16,GL-B-014,ภาคเหนือ,538,9118
2025-01-16,GL-B-014,ภาคใต้,653,10455
2025-01-16,MK-C-028,กรุงเทพฯ,687,13507
2025-01-16,MK-C-028,ภาคกลาง,489,9485
2025-01-16,MK-C-028,ภาคตะวันออก,393,6841
2025-01-16,MK-C-028,ภาคเหนือ,350,5924
2025-01-16,MK-C-028,ภาคใต้,472,7408
2025-01-16,SY-D-039,กรุงเทพฯ,429,7456
2025-01-16,SY-D-039,ภาคกลาง,352,7228
2025-01-16,SY-D-039,ภาคตะวันออก,262,4265
2025-01-16,SY-D-039,ภาคเหนือ,233,4502
2025-01-16,SY-D-039,ภาคใต้,309,5992
2025-01-16,AG-E-052,กรุงเทพฯ,147,2716
2025-01-16,AG-E-052,ภาคกลาง,108,1893
2025-01-16,AG-E-052,ภาคตะวันออก,83,1306
2025-01-16,AG-E-052,ภาคเหนือ,74,1270
2025-01-16,AG-E-052,ภาคใต้,84,1678
2025-01-17,TK-A-001,กรุงเทพฯ,185,3188
2025-01-17,TK-A-001,ภาคกลาง,133,2261
2025-01-17,TK-A-001,ภาคตะวันออก,109,1691
2025-01-17,TK-A-001,ภาคเหนือ,103,1538
2025-01-17,TK-A-001,ภาคใต้,129,1974
2025-01-17,GL-B-014,กรุงเทพฯ,856,14662
2025-01-17,GL-B-014,ภาคกลาง,723,12000
2025-01-17,GL-B-014,ภาคตะวันออก,593,11114
2025-01-17,GL-B-014,ภาคเหนือ,480,8973
2025-01-17,GL-B-014,ภาคใต้,583,12317
2025-01-17,MK-C-028,กรุงเทพฯ,678,12731
2025-01-17,MK-C-028,ภาคกลาง,582,10275
2025-01-17,MK-C-028,ภาคตะวันออก,422,6292
2025-01-17,MK-C-028,ภาคเหนือ,366,5815
2025-01-17,MK-C-028,ภาคใต้,425,8095
2025-01-17,SY-D-039,กรุงเทพฯ,486,8694
2025-01-17,SY-D-039,ภาคกลาง,372,6511
2025-01-17,SY-D-039,ภาคตะวันออก,297,5169
2025-01-17,SY-D-039,ภาคเหนือ,217,4935
2025-01-17,SY-D-039,ภาคใต้,290,5538
2025-01-17,AG-E-052,กรุงเทพฯ,128,2733
2025-01-17,AG-E-052,ภาคกลาง,111,1874
2025-01-17,AG-E-052,ภาคตะวันออก,84,1365
2025-01-17,AG-E-052,ภาคเหนือ,77,1130
2025-01-17,AG-E-052,ภาคใต้,91,1750
2025-01-18,TK-A-001,กรุงเทพฯ,192,2832
2025-01-18,TK-A-001,ภาคกลาง,143,2273
2025-01-18,TK-A-001,ภาคตะวันออก,113,2094
2025-01-18,TK-A-001,ภาคเหนือ,89,1718
2025-01-18,TK-A-001,ภาคใต้,122,1964
2025-01-18,GL-B-014,กรุงเทพฯ,910,14842
2025-01-18,GL-B-014,ภาคกลาง,791,14699
2025-01-18,GL-B-014,ภาคตะวันออก,503,10843
2025-01-18,GL-B-014,ภาคเหนือ,529,9118
2025-01-18,GL-B-014,ภาคใต้,609,12490
2025-01-18,MK-C-028,กรุงเทพฯ,702,12602
2025-01-18,MK-C-028,ภาคกลาง,567,8536
2025-01-18,MK-C-028,ภาคตะวันออก,406,6294
2025-01-18,MK-C-028,ภาคเหนือ,345,6387
2025-01-18,MK-C-028,ภาคใต้,437,8683
2025-01-18,SY-D-039,กรุงเทพฯ,434,7472
2025-01-18,SY-D-039,ภาคกลาง,369,6629
2025-01-18,SY-D-039,ภาคตะวันออก,250,4372
2025-01-18,SY-D-039,ภาคเหนือ,253,4502
2025-01-18,SY-D-039,ภาคใต้,300,6011
2025-01-18,AG-E-052,กรุงเทพฯ,145,2732
2025-01-18,AG-E-052,ภาคกลาง,100,2021
2025-01-18,AG-E-052,ภาคตะวันออก,79,1624
2025-01-18,AG-E-052,ภาคเหนือ,73,1189
2025-01-18,AG-E-052,ภาคใต้,85,1779
2025-01-19,TK-A-001,กรุงเทพฯ,186,3339
2025-01-19,TK-A-001,ภาคกลาง,134,2877
2025-01-19,TK-A-001,ภาคตะวันออก,100,2108
2025-01-19,TK-A-001,ภาคเหนือ,94,1943
2025-01-19,TK-A-001,ภาคใต้,124,2474
2025-01-19,GL-B-014,กรุงเทพฯ,993,15192
2025-01-19,GL-B-014,ภาคกลาง,772,11802
2025-01-19,GL-B-014,ภาคตะวันออก,601,11417
2025-01-19,GL-B-014,ภาคเหนือ,480,10035
2025-01-19,GL-B-014,ภาคใต้,629,11245
2025-01-19,MK-C-028,กรุงเทพฯ,741,12699
2025-01-19,MK-C-028,ภาคกลาง,486,10709
2025-01-19,MK-C-028,ภาคตะวันออก,369,8096
2025-01-19,MK-C-028,ภาคเหนือ,373,5640
2025-01-19,MK-C-028,ภาคใต้,411,8566
2025-01-19,SY-D-039,กรุงเทพฯ,473,7009
2025-01-19,SY-D-039,ภาคกลาง,388,7203
2025-01-19,SY-D-039,ภาคตะวันออก,247,4961
2025-01-19,SY-D-039,ภาคเหนือ,236,4036
2025-01-19,SY-D-039,ภาคใต้,294,5756
2025-01-19,AG-E-052,กรุงเทพฯ,122,2601
2025-01-19,AG-E-052,ภาคกลาง,109,2183
2025-01-19,AG-E-052,ภาคตะวันออก,83,1364
2025-01-19,AG-E-052,ภาคเหนือ,78,1191
2025-01-19,AG-E-052,ภาคใต้,98,1559
2025-01-20,TK-A-001,กรุงเทพฯ,192,2987
2025-01-20,TK-A-001,ภาคกลาง,130,2580
2025-01-20,TK-A-001,ภาคตะวันออก,99,1884
2025-01-20,TK-A-001,ภาคเหนือ,93,1568
2025-01-20,TK-A-001,ภาคใต้,122,2283
2025-01-20,GL-B-014,กรุงเทพฯ,863,17891
2025-01-20,GL-B-014,ภาคกลาง,803,12179
2025-01-20,GL-B-014,ภาคตะวันออก,522,10062
2025-01-20,GL-B-014,ภาคเหนือ,447,9278
2025-01-20,GL-B-014,ภาคใต้,677,10010
2025-01-20,MK-C-028,กรุงเทพฯ,615,10610
2025-01-20,MK-C-028,ภาคกลาง,493,8454
2025-01-20,MK-C-028,ภาคตะวันออก,396,7318
2025-01-20,MK-C-028,ภาคเหนือ,381,6440
2025-01-20,MK-C-028,ภาคใต้,483,8842
2025-01-20,SY-D-039,กรุงเทพฯ,479,8353
2025-01-20,SY-D-039,ภาคกลาง,359,5997
2025-01-20,SY-D-039,ภาคตะวันออก,261,4612
2025-01-20,SY-D-039,ภาคเหนือ,247,4839
2025-01-20,SY-D-039,ภาคใต้,318,5352
2025-01-20,AG-E-052,กรุงเทพฯ,139,2200
2025-01-20,AG-E-052,ภาคกลาง,101,2040
2025-01-20,AG-E-052,ภาคตะวันออก,75,1509
2025-01-20,AG-E-052,ภาคเหนือ,76,1226
2025-01-20,AG-E-052,ภาคใต้,94,1663
2025-01-21,TK-A-001,กรุงเทพฯ,178,2989
2025-01-21,TK-A-001,ภาคกลาง,140,2589
2025-01-21,TK-A-001,ภาคตะวันออก,99,2154
2025-01-21,TK-A-001,ภาคเหนือ,87,1865
2025-01-21,TK-A-001,ภาคใต้,128,1932
2025-01-21,GL-B-014,กรุงเทพฯ,1022,16608
2025-01-21,GL-B-014,ภาคกลาง,676,14101
2025-01-21,GL-B-014,ภาคตะวันออก,575,10553
2025-01-21,GL-B-014,ภาคเหนือ,454,8658
2025-01-21,GL-B-014,ภาคใต้,642,11340
2025-01-21,MK-C-028,กรุงเทพฯ,704,10683
2025-01-21,MK-C-028,ภาคกลาง,493,8652
2025-01-21,MK-C-028,ภาคตะวันออก,401,7493
2025-01-21,MK-C-028,ภาคเหนือ,381,5604
2025-01-21,MK-C-028,ภาคใต้,494,7228
2025-01-21,SY-D-039,กรุงเทพฯ,429,8396
2025-01-21,SY-D-039,ภาคกลาง,387,6742
2025-01-21,SY-D-039,ภาคตะวันออก,286,4681
2025-01-21,SY-D-039,ภาคเหนือ,263,4339
2025-01-21,SY-D-039,ภาคใต้,319,5500
2025-01-21,AG-E-052,กรุงเทพฯ,126,2444
2025-01-21,AG-E-052,ภาคกลาง,106,1897
2025-01-21,AG-E-052,ภาคตะวันออก,84,1536
2025-01-21,AG-E-052,ภาคเหนือ,74,1195
2025-01-21,AG-E-052,ภาคใต้,93,1462
2025-01-22,TK-A-001,กรุงเทพฯ,183,3193
2025-01-22,TK-A-001,ภาคกลาง,130,2962
2025-01-22,TK-A-001,ภาคตะวันออก,115,1804
2025-01-22,TK-A-001,ภาคเหนือ,86,1662
2025-01-22,TK-A-001,ภาคใต้,116,2240
2025-01-22,GL-B-014,กรุงเทพฯ,871,18336
2025-01-22,GL-B-014,ภาคกลาง,781,13592
2025-01-22,GL-B-014,ภาคตะวันออก,571,10641
2025-01-22,GL-B-014,ภาคเหนือ,473,7611
2025-01-22,GL-B-014,ภาคใต้,581,12634
2025-01-22,MK-C-028,กรุงเทพฯ,713,13793
2025-01-22,MK-C-028,ภาคกลาง,488,9963
2025-01-22,MK-C-028,ภาคตะวันออก,383,6678
2025-01-22,MK-C-028,ภาคเหนือ,388,6896
2025-01-22,MK-C-028,ภาคใต้,411,7757
2025-01-22,SY-D-039,กรุงเทพฯ,477,7862
2025-01-22,SY-D-039,ภาคกลาง,345,6637
2025-01-22,SY-D-039,ภาคตะวันออก,256,4896
2025-01-22,SY-D-039,ภาคเหนือ,241,4224
2025-01-22,SY-D-039,ภาคใต้,315,5609
2025-01-22,AG-E-052,กรุงเทพฯ,148,2692
2025-01-22,AG-E-052,ภาคกลาง,115,1775
2025-01-22,AG-E-052,ภาคตะวันออก,82,1603
2025-01-22,AG-E-052,ภาคเหนือ,69,1125
2025-01-22,AG-E-052,ภาคใต้,83,1655
2025-01-23,TK-A-001,กรุงเทพฯ,189,3304
2025-01-23,TK-A-001,ภาคกลาง,149,2291
2025-01-23,TK-A-001,ภาคตะวันออก,107,1710
2025-01-23,TK-A-001,ภาคเหนือ,95,1904
2025-01-23,TK-A-001,ภาคใต้,130,2421
2025-01-23,GL-B-014,กรุงเทพฯ,945,14485
2025-01-23,GL-B-014,ภาคกลาง,763,11757
2025-01-23,GL-B-014,ภาคตะวันออก,515,10995
2025-01-23,GL-B-014,ภาคเหนือ,488,9414
2025-01-23,GL-B-014,ภาคใต้,628,11609
2025-01-23,MK-C-028,กรุงเทพฯ,661,13074
2025-01-23,MK-C-028,ภาคกลาง,497,10216
2025-01-23,MK-C-028,ภาคตะวันออก,399,6628
2025-01-23,MK-C-028,ภาคเหนือ,351,6618
2025-01-23,MK-C-028,ภาคใต้,491,8388
2025-01-23,SY-D-039,กรุงเทพฯ,424,7223
2025-01-23,SY-D-039,ภาคกลาง,347,6158
2025-01-23,SY-D-039,ภาคตะวันออก,295,4673
2025-01-23,SY-D-039,ภาคเหนือ,231,4436
2025-01-23,SY-D-039,ภาคใต้,275,5619
2025-01-23,AG-E-052,กรุงเทพฯ,124,2342
2025-01-23,AG-E-052,ภาคกลาง,101,2230
2025-01-23,AG-E-052,ภาคตะวันออก,82,1469
2025-01-23,AG-E-052,ภาคเหนือ,77,1461
2025-01-23,AG-E-052,ภาคใต้,85,1812
2025-01-24,TK-A-001,กรุงเทพฯ,197,2781
2025-01-24,TK-A-001,ภาคกลาง,144,2904
2025-01-24,TK-A-001,ภาคตะวันออก,115,1860
2025-01-24,TK-A-001,ภาคเหนือ,98,1816
2025-01-24,TK-A-001,ภาคใต้,129,2164
2025-01-24,GL-B-014,กรุงเทพฯ,1004,16893
2025-01-24,GL-B-014,ภาคกลาง,785,14080
2025-01-24,GL-B-014,ภาคตะวันออก,507,10664
2025-01-24,GL-B-014,ภาคเหนือ,525,8099
2025-01-24,GL-B-014,ภาคใต้,603,10640
2025-01-24,MK-C-028,กรุงเทพฯ,617,11619
2025-01-24,MK-C-028,ภาคกลาง,576,9118
2025-01-24,MK-C-028,ภาคตะวันออก,442,7259
2025-01-24,MK-C-028,ภาคเหนือ,342,5979
2025-01-24,MK-C-028,ภาคใต้,475,8252
2025-01-24,SY-D-039,กรุงเทพฯ,487,7215
2025-01-24,SY-D-039,ภาคกลาง,362,7242
2025-01-24,SY-D-039,ภาคตะวันออก,269,5583
2025-01-24,SY-D-039,ภาคเหนือ,235,4464
2025-01-24,SY-D-039,ภาคใต้,276,5460
2025-01-24,AG-E-052,กรุงเทพฯ,125,2080
2025-01-24,AG-E-052,ภาคกลาง,114,1782
2025-01-24,AG-E-052,ภาคตะวันออก,82,1249
2025-01-24,AG-E-052,ภาคเหนือ,75,1356
2025-01-24,AG-E-052,ภาคใต้,81,1462
2025-01-25,TK-A-001,กรุงเทพฯ,167,3161
2025-01-25,TK-A-001,ภาคกลาง,139,2308
2025-01-25,TK-A-001,ภาคตะวันออก,110,2126
2025-01-25,TK-A-001,ภาคเหนือ,92,1724
2025-01-25,TK-A-001,ภาคใต้,129,1870
2025-01-25,GL-B-014,กรุงเทพฯ,940,15633
2025-01-25,GL-B-014,ภาคกลาง,710,14933
2025-01-25,GL-B-014,ภาคตะวันออก,578,10500
2025-01-25,GL-B-014,ภาคเหนือ,499,9527
2025-01-25,GL-B-014,ภาคใต้,670,11218
2025-01-25,MK-C-028,กรุงเทพฯ,691,12959
2025-01-25,MK-C-028,ภาคกลาง,518,8659
2025-01-25,MK-C-028,ภาคตะวันออก,410,7044
2025-01-25,MK-C-028,ภาคเหนือ,376,7323
2025-01-25,MK-C-028,ภาคใต้,467,8511
2025-01-25,SY-D-039,กรุงเทพฯ,425,7053
2025-01-25,SY-D-039,ภาคกลาง,327,6737
2025-01-25,SY-D-039,ภาคตะวันออก,280,4866
2025-01-25,SY-D-039,ภาคเหนือ,260,3825
2025-01-25,SY-D-039,ภาคใต้,315,5565
2025-01-25,AG-E-052,กรุงเทพฯ,142,2087
2025-01-25,AG-E-052,ภาคกลาง,105,1952
2025-01-25,AG-E-052,ภาคตะวันออก,84,1299
2025-01-25,AG-E-052,ภาคเหนือ,73,1440
2025-01-25,AG-E-052,ภาคใต้,93,1639
2025-01-26,TK-A-001,กรุงเทพฯ,177,3287
2025-01-26,TK-A-001,ภาคกลาง,130,2332
2025-01-26,TK-A-001,ภาคตะวันออก,115,1954
2025-01-26,TK-A-001,ภาคเหนือ,98,1977
2025-01-26,TK-A-001,ภาคใต้,130,1863
2025-01-26,GL-B-014,กรุงเทพฯ,1001,18037
2025-01-26,GL-B-014,ภาคกลาง,765,14435
2025-01-26,GL-B-014,ภาคตะวันออก,529,10260
2025-01-26,GL-B-014,ภาคเหนือ,542,8612
2025-01-26,GL-B-014,ภาคใต้,618,10847
2025-01-26,MK-C-028,กรุงเทพฯ,614,10501
2025-01-26,MK-C-028,ภาคกลาง,557,9760
2025-01-26,MK-C-028,ภาคตะวันออก,428,7496
2025-01-26,MK-C-028,ภาคเหนือ,333,6306
2025-01-26,MK-C-028,ภาคใต้,414,7511
2025-01-26,SY-D-039,กรุงเทพฯ,475,8486
2025-01-26,SY-D-039,ภาคกลาง,324,6616
2025-01-26,SY-D-039,ภาคตะวันออก,257,5329
2025-01-26,SY-D-039,ภาคเหนือ,228,4275
2025-01-26,SY-D-039,ภาคใต้,298,4957
2025-01-26,AG-E-052,กรุงเทพฯ,126,2699
2025-01-26,AG-E-052,ภาคกลาง,115,1910
2025-01-26,AG-E-052,ภาคตะวันออก,77,1359
2025-01-26,AG-E-052,ภาคเหนือ,76,1330
2025-01-26,AG-E-052,ภาคใต้,98,1415
2025-01-27,TK-A-001,กรุงเทพฯ,197,3621
2025-01-27,TK-A-001,ภาคกลาง,134,2751
2025-01-27,TK-A-001,ภาคตะวันออก,110,1717
2025-01-27,TK-A-001,ภาคเหนือ,104,1853
2025-01-27,TK-A-001,ภาคใต้,112,2311
2025-01-27,GL-B-014,กรุงเทพฯ,991,17534
2025-01-27,GL-B-014,ภาคกลาง,752,11663
2025-01-27,GL-B-014,ภาคตะวันออก,571,11055
2025-01-27,GL-B-014,ภาคเหนือ,476,9361
2025-01-27,GL-B-014,ภาคใต้,611,12589
2025-01-27,MK-C-028,กรุงเทพฯ,631,12561
2025-01-27,MK-C-028,ภาคกลาง,498,10684
2025-01-27,MK-C-028,ภาคตะวันออก,409,7854
2025-01-27,MK-C-028,ภาคเหนือ,378,7016
2025-01-27,MK-C-028,ภาคใต้,452,8827
2025-01-27,SY-D-039,กรุงเทพฯ,430,7598
2025-01-27,SY-D-039,ภาคกลาง,337,7067
2025-01-27,SY-D-039,ภาคตะวันออก,257,4256
2025-01-27,SY-D-039,ภาคเหนือ,216,4570
2025-01-27,SY-D-039,ภาคใต้,283,4693
2025-01-27,AG-E-052,กรุงเทพฯ,145,2539
2025-01-27,AG-E-052,ภาคกลาง,98,1687
2025-01-27,AG-E-052,ภาคตะวันออก,81,1467
2025-01-27,AG-E-052,ภาคเหนือ,68,1487
2025-01-27,AG-E-052,ภาคใต้,85,1704
2025-01-28,TK-A-001,กรุงเทพฯ,175,3227
2025-01-28,TK-A-001,ภาคกลาง,130,2898
2025-01-28,TK-A-001,ภาคตะวันออก,111,1789
2025-01-28,TK-A-001,ภาคเหนือ,101,1603
2025-01-28,TK-A-001,ภาคใต้,120,2210
2025-01-28,GL-B-014,กรุงเทพฯ,866,14671
2025-01-28,GL-B-014,ภาคกลาง,772,11857
2025-01-28,GL-B-014,ภาคตะวันออก,613,9688
2025-01-28,GL-B-014,ภาคเหนือ,515,8523
2025-01-28,GL-B-014,ภาคใต้,624,10811
2025-01-28,MK-C-028,กรุงเทพฯ,703,12386
2025-01-28,MK-C-028,ภาคกลาง,593,8907
2025-01-28,MK-C-028,ภาคตะวันออก,417,7487
2025-01-28,MK-C-028,ภาคเหนือ,327,6534
2025-01-28,MK-C-028,ภาคใต้,467,7064
2025-01-28,SY-D-039,กรุงเทพฯ,426,8963
2025-01-28,SY-D-039,ภาคกลาง,344,6228
2025-01-28,SY-D-039,ภาคตะวันออก,275,4259
2025-01-28,SY-D-039,ภาคเหนือ,229,4027
2025-01-28,SY-D-039,ภาคใต้,312,4612
2025-01-28,AG-E-052,กรุงเทพฯ,136,2155
2025-01-28,AG-E-052,ภาคกลาง,101,1712
2025-01-28,AG-E-052,ภาคตะวันออก,85,1254
2025-01-28,AG-E-052,ภาคเหนือ,70,1448
2025-01-28,AG-E-052,ภาคใต้,82,1517
2025-01-29,TK-A-001,กรุงเทพฯ,171,3359
2025-01-29,TK-A-001,ภาคกลาง,152,2308
2025-01-29,TK-A-001,ภาคตะวันออก,114,1666
2025-01-29,TK-A-001,ภาคเหนือ,94,1738
2025-01-29,TK-A-001,ภาคใต้,115,2077
2025-01-29,GL-B-014,กรุงเทพฯ,999,16788
2025-01-29,GL-B-014,ภาคกลาง,749,12301
2025-01-29,GL-B-014,ภาคตะวันออก,566,9874
2025-01-29,GL-B-014,ภาคเหนือ,533,8878
2025-01-29,GL-B-014,ภาคใต้,666,9615
2025-01-29,MK-C-028,กรุงเทพฯ,632,12537
2025-01-29,MK-C-028,ภาคกลาง,560,8274
2025-01-29,MK-C-028,ภาคตะวันออก,443,6760
2025-01-29,MK-C-028,ภาคเหนือ,331,7282
2025-01-29,MK-C-028,ภาคใต้,428,8356
2025-01-29,SY-D-039,กรุงเทพฯ,408,7715
2025-01-29,SY-D-039,ภาคกลาง,360,5585
2025-01-29,SY-D-039,ภาคตะวันออก,260,4943
2025-01-29,SY-D-039,ภาคเหนือ,223,3865
2025-01-29,SY-D-039,ภาคใต้,310,5001
2025-01-29,AG-E-052,กรุงเทพฯ,128,2140
2025-01-29,AG-E-052,ภาคกลาง,109,1720
2025-01-29,AG-E-052,ภาคตะวันออก,80,1600
2025-01-29,AG-E-052,ภาคเหนือ,77,1185
2025-01-29,AG-E-052,ภาคใต้,83,1681
2025-01-30,TK-A-001,กรุงเทพฯ,190,3245
2025-01-30,TK-A-001,ภาคกลาง,147,2309
2025-01-30,TK-A-001,ภาคตะวันออก,106,2206
2025-01-30,TK-A-001,ภาคเหนือ,99,1849
2025-01-30,TK-A-001,ภาคใต้,113,1848
2025-01-30,GL-B-014,กรุงเทพฯ,993,18325
2025-01-30,GL-B-014,ภาคกลาง,772,13734
2025-01-30,GL-B-014,ภาคตะวันออก,613,10294
2025-01-30,GL-B-014,ภาคเหนือ,510,8938
2025-01-30,GL-B-014,ภาคใต้,615,10174
2025-01-30,MK-C-028,กรุงเทพฯ,679,11590
2025-01-30,MK-C-028,ภาคกลาง,571,9802
2025-01-30,MK-C-028,ภาคตะวันออก,408,6419
2025-01-30,MK-C-028,ภาคเหนือ,349,6857
2025-01-30,MK-C-028,ภาคใต้,406,8901
2025-01-30,SY-D-039,กรุงเทพฯ,491,7702
2025-01-30,SY-D-039,ภาคกลาง,382,6561
2025-01-30,SY-D-039,ภาคตะวันออก,293,4449
2025-01-30,SY-D-039,ภาคเหนือ,261,4748
2025-01-30,SY-D-039,ภาคใต้,289,5357
2025-01-30,AG-E-052,กรุงเทพฯ,136,2067
2025-01-30,AG-E-052,ภาคกลาง,103,2136
2025-01-30,AG-E-052,ภาคตะวันออก,75,1562
2025-01-30,AG-E-052,ภาคเหนือ,75,1277
2025-01-30,AG-E-052,ภาคใต้,91,1639
2025-01-31,TK-A-001,กรุงเทพฯ,190,3061
2025-01-31,TK-A-001,ภาคกลาง,152,2581
2025-01-31,TK-A-001,ภาคตะวันออก,109,1786
2025-01-31,TK-A-001,ภาคเหนือ,95,1503
2025-01-31,TK-A-001,ภาคใต้,125,2419
2025-01-31,GL-B-014,กรุงเทพฯ,839,14618
2025-01-31,GL-B-014,ภาคกลาง,713,14179
2025-01-31,GL-B-014,ภาคตะวันออก,525,11272
2025-01-31,GL-B-014,ภาคเหนือ,516,10225
2025-01-31,GL-B-014,ภาคใต้,572,11685
2025-01-31,MK-C-028,กรุงเทพฯ,701,11023
2025-01-31,MK-C-028,ภาคกลาง,549,10918
2025-01-31,MK-C-028,ภาคตะวันออก,432,8310
2025-01-31,MK-C-028,ภาคเหนือ,384,5814
2025-01-31,MK-C-028,ภาคใต้,413,7147
2025-01-31,SY-D-039,กรุงเทพฯ,424,7168
2025-01-31,SY-D-039,ภาคกลาง,371,5738
2025-01-31,SY-D-039,ภาคตะวันออก,290,4868
2025-01-31,SY-D-039,ภาคเหนือ,219,4385
2025-01-31,SY-D-039,ภาคใต้,272,6204
2025-01-31,AG-E-052,กรุงเทพฯ,125,2447
2025-01-31,AG-E-052,ภาคกลาง,99,1878
2025-01-31,AG-E-052,ภาคตะวันออก,80,1262
2025-01-31,AG-E-052,ภาคเหนือ,75,1200
2025-01-31,AG-E-052,ภาคใต้,83,1416
2025-02-01,TK-A-001,กรุงเทพฯ,182,3318
2025-02-01,TK-A-001,ภาคกลาง,143,2484
2025-02-01,TK-A-001,ภาคตะวันออก,112,1756
2025-02-01,TK-A-001,ภาคเหนือ,103,1763
2025-02-01,TK-A-001,ภาคใต้,115,2382
2025-02-01,GL-B-014,กรุงเทพฯ,970,15662
2025-02-01,GL-B-014,ภาคกลาง,727,13719
2025-02-01,GL-B-014,ภาคตะวันออก,536,10851
2025-02-01,GL-B-014,ภาคเหนือ,451,8592
2025-02-01,GL-B-014,ภาคใต้,632,11494
2025-02-01,MK-C-028,กรุงเทพฯ,722,11326
2025-02-01,MK-C-028,ภาคกลาง,507,10186
2025-02-01,MK-C-028,ภาคตะวันออก,421,8007
2025-02-01,MK-C-028,ภาคเหนือ,388,5544
2025-02-01,MK-C-028,ภาคใต้,443,7165
2025-02-01,SY-D-039,กรุงเทพฯ,474,8513
2025-02-01,SY-D-039,ภาคกลาง,362,7243
2025-02-01,SY-D-039,ภาคตะวันออก,252,4463
2025-02-01,SY-D-039,ภาคเหนือ,225,4486
2025-02-01,SY-D-039,ภาคใต้,313,6187
2025-02-01,AG-E-052,กรุงเทพฯ,130,2383
2025-02-01,AG-E-052,ภาคกลาง,111,2224
2025-02-01,AG-E-052,ภาคตะวันออก,76,1313
2025-02-01,AG-E-052,ภาคเหนือ,71,1465
2025-02-01,AG-E-052,ภาคใต้,84,1478
2025-02-02,TK-A-001,กรุงเทพฯ,174,3000
2025-02-02,TK-A-001,ภาคกลาง,143,2724
2025-02-02,TK-A-001,ภาคตะวันออก,110,1898
2025-02-02,TK-A-001,ภาคเหนือ,95,1526
2025-02-02,TK-A-001,ภาคใต้,124,2143
2025-02-02,GL-B-014,กรุงเทพฯ,840,18890
2025-02-02,GL-B-014,ภาคกลาง,677,13108
2025-02-02,GL-B-014,ภาคตะวันออก,510,8618
2025-02-02,GL-B-014,ภาคเหนือ,451,9723
2025-02-02,GL-B-014,ภาคใต้,605,11086
2025-02-02,MK-C-028,กรุงเทพฯ,737,12478
2025-02-02,MK-C-028,ภาคกลาง,580,8885
2025-02-02,MK-C-028,ภาคตะวันออก,377,7184
2025-02-02,MK-C-028,ภาคเหนือ,337,5520
2025-02-02,MK-C-028,ภาคใต้,442,8838
2025-02-02,SY-D-039,กรุงเทพฯ,485,7506
2025-02-02,SY-D-039,ภาคกลาง,342,5802
2025-02-02,SY-D-039,ภาคตะวันออก,264,4633
2025-02-02,SY-D-039,ภาคเหนือ,224,4881
2025-02-02,SY-D-039,ภาคใต้,284,5536
2025-02-02,AG-E-052,กรุงเทพฯ,148,2476
2025-02-02,AG-E-052,ภาคกลาง,109,1659
2025-02-02,AG-E-052,ภาคตะวันออก,86,1481
2025-02-02,AG-E-052,ภาคเหนือ,77,1318
2025-02-02,AG-E-052,ภาคใต้,86,1787
2025-02-03,TK-A-001,กรุงเทพฯ,180,3079
2025-02-03,TK-A-001,ภาคกลาง,134,2798
2025-02-03,TK-A-001,ภาคตะวันออก,101,1710
2025-02-03,TK-A-001,ภาคเหนือ,105,1588
2025-02-03,TK-A-001,ภาคใต้,118,1907
2025-02-03,GL-B-014,กรุงเทพฯ,859,14616
2025-02-03,GL-B-014,ภาคกลาง,739,15054
2025-02-03,GL-B-014,ภาคตะวันออก,519,10647
2025-02-03,GL-B-014,ภาคเหนือ,458,9865
2025-02-03,GL-B-014,ภาคใต้,647,10623
2025-02-03,MK-C-028,กรุงเทพฯ,613,11206
2025-02-03,MK-C-028,ภาคกลาง,526,10294
2025-02-03,MK-C-028,ภาคตะวันออก,405,7463
2025-02-03,MK-C-028,ภาคเหนือ,354,6964
2025-02-03,MK-C-028,ภาคใต้,433,7360
2025-02-03,SY-D-039,กรุงเทพฯ,480,9088
2025-02-03,SY-D-039,ภาคกลาง,380,5884
2025-02-03,SY-D-039,ภาคตะวันออก,292,5460
2025-02-03,SY-D-039,ภาคเหนือ,247,4520
2025-02-03,SY-D-039,ภาคใต้,272,4762
2025-02-03,AG-E-052,กรุงเทพฯ,134,2346
2025-02-03,AG-E-052,ภาคกลาง,98,2219
2025-02-03,AG-E-052,ภาคตะวันออก,88,1552
2025-02-03,AG-E-052,ภาคเหนือ,74,1130
2025-02-03,AG-E-052,ภาคใต้,82,1440
2025-02-04,TK-A-001,กรุงเทพฯ,170,3530
2025-02-04,TK-A-001,ภาคกลาง,133,2758
2025-02-04,TK-A-001,ภาคตะวันออก,114,1973
2025-02-04,TK-A-001,ภาคเหนือ,104,1848
2025-02-04,TK-A-001,ภาคใต้,132,1993
2025-02-04,GL-B-014,กรุงเทพฯ,938,18238
2025-02-04,GL-B-014,ภาคกลาง,745,12550
2025-02-04,GL-B-014,ภาคตะวันออก,539,9875
2025-02-04,GL-B-014,ภาคเหนือ,545,8782
2025-02-04,GL-B-014,ภาคใต้,660,9757
2025-02-04,MK-C-028,กรุงเทพฯ,701,10839
2025-02-04,MK-C-028,ภาคกลาง,504,10104
2025-02-04,MK-C-028,ภาคตะวันออก,384,6675
2025-02-04,MK-C-028,ภาคเหนือ,394,6163
2025-02-04,MK-C-028,ภาคใต้,426,7382
2025-02-04,SY-D-039,กรุงเทพฯ,459,8135
2025-02-04,SY-D-039,ภาคกลาง,373,6450
2025-02-04,SY-D-039,ภาคตะวันออก,295,4530
2025-02-04,SY-D-039,ภาคเหนือ,237,3756
2025-02-04,SY-D-039,ภาคใต้,278,5341
2025-02-04,AG-E-052,กรุงเทพฯ,124,2630
2025-02-04,AG-E-052,ภาคกลาง,105,1863
2025-02-04,AG-E-052,ภาคตะวันออก,88,1268
2025-02-04,AG-E-052,ภาคเหนือ,69,1438
2025-02-04,AG-E-052,ภาคใต้,85,1765
2025-02-05,TK-A-001,กรุงเทพฯ,182,2970
2025-02-05,TK-A-001,ภาคกลาง,146,2714
2025-02-05,TK-A-001,ภาคตะวันออก,119,1966
2025-02-05,TK-A-001,ภาคเหนือ,93,1504
2025-02-05,TK-A-001,ภาคใต้,108,2220
2025-02-05,GL-B-014,กรุงเทพฯ,869,18249
2025-02-05,GL-B-014,ภาคกลาง,677,14316
2025-02-05,GL-B-014,ภาคตะวันออก,525,10304
2025-02-05,GL-B-014,ภาคเหนือ,464,9824
2025-02-05,GL-B-014,ภาคใต้,669,10988
2025-02-05,MK-C-028,กรุงเทพฯ,622,12726
2025-02-05,MK-C-028,ภาคกลาง,579,10015
2025-02-05,MK-C-028,ภาคตะวันออก,385,6234
2025-02-05,MK-C-028,ภาคเหนือ,361,5642
2025-02-05,MK-C-028,ภาคใต้,464,8399
2025-02-05,SY-D-039,กรุงเทพฯ,442,7904
2025-02-05,SY-D-039,ภาคกลาง,383,6597
2025-02-05,SY-D-039,ภาคตะวันออก,279,4487
2025-02-05,SY-D-039,ภาคเหนือ,254,4557
2025-02-05,SY-D-039,ภาคใต้,306,5048
2025-02-05,AG-E-052,กรุงเทพฯ,126,2385
2025-02-05,AG-E-052,ภาคกลาง,110,1845
2025-02-05,AG-E-052,ภาคตะวันออก,84,1629
2025-02-05,AG-E-052,ภาคเหนือ,78,1222
2025-02-05,AG-E-052,ภาคใต้,92,1839
2025-02-06,TK-A-001,กรุงเทพฯ,163,2923
2025-02-06,TK-A-001,ภาคกลาง,134,2273
2025-02-06,TK-A-001,ภาคตะวันออก,100,1940
2025-02-06,TK-A-001,ภาคเหนือ,96,1493
2025-02-06,TK-A-001,ภาคใต้,122,2420
2025-02-06,GL-B-014,กรุงเทพฯ,929,15637
2025-02-06,GL-B-014,ภาคกลาง,760,14474
2025-02-06,GL-B-014,ภาคตะวันออก,594,9203
2025-02-06,GL-B-014,ภาคเหนือ,473,9623
2025-02-06,GL-B-014,ภาคใต้,665,11284
2025-02-06,MK-C-028,กรุงเทพฯ,713,10847
2025-02-06,MK-C-028,ภาคกลาง,516,11098
2025-02-06,MK-C-028,ภาคตะวันออก,401,6253
2025-02-06,MK-C-028,ภาคเหนือ,382,6482
2025-02-06,MK-C-028,ภาคใต้,422,9011
2025-02-06,SY-D-039,กรุงเทพฯ,440,8867
2025-02-06,SY-D-039,ภาคกลาง,330,7410
2025-02-06,SY-D-039,ภาคตะวันออก,245,4750
2025-02-06,SY-D-039,ภาคเหนือ,224,4628
2025-02-06,SY-D-039,ภาคใต้,326,5988
2025-02-06,AG-E-052,กรุงเทพฯ,128,2743
2025-02-06,AG-E-052,ภาคกลาง,113,2111
2025-02-06,AG-E-052,ภาคตะวันออก,86,1383
2025-02-06,AG-E-052,ภาคเหนือ,79,1478
2025-02-06,AG-E-052,ภาคใต้,99,1534
2025-02-07,TK-A-001,กรุงเทพฯ,197,3201
2025-02-07,TK-A-001,ภาคกลาง,137,2547
2025-02-07,TK-A-001,ภาคตะวันออก,115,1904
2025-02-07,TK-A-001,ภาคเหนือ,96,1930
2025-02-07,TK-A-001,ภาคใต้,121,2132
2025-02-07,GL-B-014,กรุงเทพฯ,881,16834
2025-02-07,GL-B-014,ภาคกลาง,776,12449
2025-02-07,GL-B-014,ภาคตะวันออก,566,11149
2025-02-07,GL-B-014,ภาคเหนือ,448,8173
2025-02-07,GL-B-014,ภาคใต้,671,9949
2025-02-07,MK-C-028,กรุงเทพฯ,642,10424
2025-02-07,MK-C-028,ภาคกลาง,533,9102
2025-02-07,MK-C-028,ภาคตะวันออก,392,7250
2025-02-07,MK-C-028,ภาคเหนือ,335,6653
2025-02-07,MK-C-028,ภาคใต้,488,7390
2025-02-07,SY-D-039,กรุงเทพฯ,477,7669
2025-02-07,SY-D-039,ภาคกลาง,348,6876
2025-02-07,SY-D-039,ภาคตะวันออก,243,4848
2025-02-07,SY-D-039,ภาคเหนือ,221,3922
2025-02-07,SY-D-039,ภาคใต้,291,5701
2025-02-07,AG-E-052,กรุงเทพฯ,123,2097
2025-02-07,AG-E-052,ภาคกลาง,108,1940
2025-02-07,AG-E-052,ภาคตะวันออก,74,1578
2025-02-07,AG-E-052,ภาคเหนือ,70,1144
2025-02-07,AG-E-052,ภาคใต้,95,1822
2025-02-08,TK-A-001,กรุงเทพฯ,193,2767
2025-02-08,TK-A-001,ภาคกลาง,152,2386
2025-02-08,TK-A-001,ภาคตะวันออก,117,2162
2025-02-08,TK-A-001,ภาคเหนือ,89,1520
2025-02-08,TK-A-001,ภาคใต้,128,1876
2025-02-08,GL-B-014,กรุงเทพฯ,920,19177
2025-02-08,GL-B-014,ภาคกลาง,818,13030
2025-02-08,GL-B-014,ภาคตะวันออก,573,9770
2025-02-08,GL-B-014,ภาคเหนือ,498,7907
2025-02-08,GL-B-014,ภาคใต้,678,12085
2025-02-08,MK-C-028,กรุงเทพฯ,666,13778
2025-02-08,MK-C-028,ภาคกลาง,531,11001
2025-02-08,MK-C-028,ภาคตะวันออก,404,6341
2025-02-08,MK-C-028,ภาคเหนือ,331,6404
2025-02-08,MK-C-028,ภาคใต้,468,7468
2025-02-08,SY-D-039,กรุงเทพฯ,448,8964
2025-02-08,SY-D-039,ภาคกลาง,329,5889
2025-02-08,SY-D-039,ภาคตะวันออก,270,4607
2025-02-08,SY-D-039,ภาคเหนือ,229,4130
2025-02-08,SY-D-039,ภาคใต้,326,5819
2025-02-08,AG-E-052,กรุงเทพฯ,124,2265
2025-02-08,AG-E-052,ภาคกลาง,110,2228
2025-02-08,AG-E-052,ภาคตะวันออก,76,1459
2025-02-08,AG-E-052,ภาคเหนือ,79,1338
2025-02-08,AG-E-052,ภาคใต้,98,1700
2025-02-09,TK-A-001,กรุงเทพฯ,165,3571
2025-02-09,TK-A-001,ภาคกลาง,130,2957
2025-02-09,TK-A-001,ภาคตะวันออก,112,1775
2025-02-09,TK-A-001,ภาคเหนือ,101,1739
2025-02-09,TK-A-001,ภาคใต้,125,1888
2025-02-09,GL-B-014,กรุงเทพฯ,851,14532
2025-02-09,GL-B-014,ภาคกลาง,774,12447
2025-02-09,GL-B-014,ภาคตะวันออก,525,8650
2025-02-09,GL-B-014,ภาคเหนือ,465,8344
2025-02-09,GL-B-014,ภาคใต้,673,10001
2025-02-09,MK-C-028,กรุงเทพฯ,680,13882
2025-02-09,MK-C-028,ภาคกลาง,524,10493
2025-02-09,MK-C-028,ภาคตะวันออก,407,7382
2025-02-09,MK-C-028,ภาคเหนือ,345,7037
2025-02-09,MK-C-028,ภาคใต้,490,7434
2025-02-09,SY-D-039,กรุงเทพฯ,489,9282
2025-02-09,SY-D-039,ภาคกลาง,382,5869
2025-02-09,SY-D-039,ภาคตะวันออก,252,5320
2025-02-09,SY-D-039,ภาคเหนือ,259,4082
2025-02-09,SY-D-039,ภาคใต้,326,4842
2025-02-09,AG-E-052,กรุงเทพฯ,147,2088
2025-02-09,AG-E-052,ภาคกลาง,105,2024
2025-02-09,AG-E-052,ภาคตะวันออก,81,1354
2025-02-09,AG-E-052,ภาคเหนือ,72,1258
2025-02-09,AG-E-052,ภาคใต้,86,1484
2025-02-10,TK-A-001,กรุงเทพฯ,167,3213
2025-02-10,TK-A-001,ภาคกลาง,149,2709
2025-02-10,TK-A-001,ภาคตะวันออก,119,1706
2025-02-10,TK-A-001,ภาคเหนือ,100,1788
2025-02-10,TK-A-001,ภาคใต้,123,2295
2025-02-10,GL-B-014,กรุงเทพฯ,941,14600
2025-02-10,GL-B-014,ภาคกลาง,784,13222
2025-02-10,GL-B-014,ภาคตะวันออก,517,10803
2025-02-10,GL-B-014,ภาคเหนือ,528,8430
2025-02-10,GL-B-014,ภาคใต้,679,9839
2025-02-10,MK-C-028,กรุงเทพฯ,709,11371
2025-02-10,MK-C-028,ภาคกลาง,498,9282
2025-02-10,MK-C-028,ภาคตะวันออก,421,6857
2025-02-10,MK-C-028,ภาคเหนือ,353,7171
2025-02-10,MK-C-028,ภาคใต้,466,8516
2025-02-10,SY-D-039,กรุงเทพฯ,484,7866
2025-02-10,SY-D-039,ภาคกลาง,325,6030
2025-02-10,SY-D-039,ภาคตะวันออก,243,4249
2025-02-10,SY-D-039,ภาคเหนือ,241,4744
2025-02-10,SY-D-039,ภาคใต้,318,5918
2025-02-10,AG-E-052,กรุงเทพฯ,141,2783
2025-02-10,AG-E-052,ภาคกลาง,104,2152
2025-02-10,AG-E-052,ภาคตะวันออก,78,1662
2025-02-10,AG-E-052,ภาคเหนือ,77,1343
2025-02-10,AG-E-052,ภาคใต้,94,1406
2025-02-11,TK-A-001,กรุงเทพฯ,192,3547
2025-02-11,TK-A-001,ภาคกลาง,130,2391
2025-02-11,TK-A-001,ภาคตะวันออก,112,2071
2025-02-11,TK-A-001,ภาคเหนือ,99,1808
2025-02-11,TK-A-001,ภาคใต้,116,2449
2025-02-11,GL-B-014,กรุงเทพฯ,877,17952
2025-02-11,GL-B-014,ภาคกลาง,799,12319
2025-02-11,GL-B-014,ภาคตะวันออก,548,9351
2025-02-11,GL-B-014,ภาคเหนือ,465,10130
2025-02-11,GL-B-014,ภาคใต้,629,11357
2025-02-11,MK-C-028,กรุงเทพฯ,689,11786
2025-02-11,MK-C-028,ภาคกลาง,548,9999
2025-02-11,MK-C-028,ภาคตะวันออก,376,6568
2025-02-11,MK-C-028,ภาคเหนือ,390,7296
2025-02-11,MK-C-028,ภาคใต้,435,6920
2025-02-11,SY-D-039,กรุงเทพฯ,441,7880
2025-02-11,SY-D-039,ภาคกลาง,347,5662
2025-02-11,SY-D-039,ภาคตะวันออก,275,4669
2025-02-11,SY-D-039,ภาคเหนือ,231,4258
2025-02-11,SY-D-039,ภาคใต้,273,5488
2025-02-11,AG-E-052,กรุงเทพฯ,142,2300
2025-02-11,AG-E-052,ภาคกลาง,98,1667
2025-02-11,AG-E-052,ภาคตะวันออก,86,1349
2025-02-11,AG-E-052,ภาคเหนือ,66,1479
2025-02-11,AG-E-052,ภาคใต้,95,1538
2025-02-12,TK-A-001,กรุงเทพฯ,190,3620
2025-02-12,TK-A-001,ภาคกลาง,134,2396
2025-02-12,TK-A-001,ภาคตะวันออก,106,2112
2025-02-12,TK-A-001,ภาคเหนือ,95,1727
2025-02-12,TK-A-001,ภาคใต้,124,1988
2025-02-12,GL-B-014,กรุงเทพฯ,987,15710
2025-02-12,GL-B-014,ภาคกลาง,715,13355
2025-02-12,GL-B-014,ภาคตะวันออก,533,11295
2025-02-12,GL-B-014,ภาคเหนือ,490,7666
2025-02-12,GL-B-014,ภาคใต้,671,11209
2025-02-12,MK-C-028,กรุงเทพฯ,614,10814
2025-02-12,MK-C-028,ภาคกลาง,537,10203
2025-02-12,MK-C-028,ภาคตะวันออก,419,7179
2025-02-12,MK-C-028,ภาคเหนือ,386,5776
2025-02-12,MK-C-028,ภาคใต้,460,8402
2025-02-12,SY-D-039,กรุงเทพฯ,438,8567
2025-02-12,SY-D-039,ภาคกลาง,387,6366
2025-02-12,SY-D-039,ภาคตะวันออก,279,5434
2025-02-12,SY-D-039,ภาคเหนือ,254,3765
2025-02-12,SY-D-039,ภาคใต้,271,4944
2025-02-12,AG-E-052,กรุงเทพฯ,123,2319
2025-02-12,AG-E-052,ภาคกลาง,99,2215
2025-02-12,AG-E-052,ภาคตะวันออก,83,1324
2025-02-12,AG-E-052,ภาคเหนือ,71,1387
2025-02-12,AG-E-052,ภาคใต้,92,1668
2025-02-13,TK-A-001,กรุงเทพฯ,182,3245
2025-02-13,TK-A-001,ภาคกลาง,134,2814
2025-02-13,TK-A-001,ภาคตะวันออก,115,1972
2025-02-13,TK-A-001,ภาคเหนือ,91,1706
2025-02-13,TK-A-001,ภาคใต้,110,2303
2025-02-13,GL-B-014,กรุงเทพฯ,905,15525
2025-02-13,GL-B-014,ภาคกลาง,731,14959
2025-02-13,GL-B-014,ภาคตะวันออก,580,11088
2025-02-13,GL-B-014,ภาคเหนือ,508,8951
2025-02-13,GL-B-014,ภาคใต้,640,10244
2025-02-13,MK-C-028,กรุงเทพฯ,633,12504
2025-02-13,MK-C-028,ภาคกลาง,520,8879
2025-02-13,MK-C-028,ภาคตะวันออก,423,7659
2025-02-13,MK-C-028,ภาคเหนือ,357,5847
2025-02-13,MK-C-028,ภาคใต้,455,7714
2025-02-13,SY-D-039,กรุงเทพฯ,420,8028
2025-02-13,SY-D-039,ภาคกลาง,365,6802
2025-02-13,SY-D-039,ภาคตะวันออก,253,4382
2025-02-13,SY-D-039,ภาคเหนือ,245,4230
2025-02-13,SY-D-039,ภาคใต้,297,4608
2025-02-13,AG-E-052,กรุงเทพฯ,123,2766
2025-02-13,AG-E-052,ภาคกลาง,109,2037
2025-02-13,AG-E-052,ภาคตะวันออก,79,1314
2025-02-13,AG-E-052,ภาคเหนือ,67,1396
2025-02-13,AG-E-052,ภาคใต้,93,1816
2025-02-14,TK-A-001,กรุงเทพฯ,171,3040
2025-02-14,TK-A-001,ภาคกลาง,150,2818
2025-02-14,TK-A-001,ภาคตะวันออก,100,1822
2025-02-14,TK-A-001,ภาคเหนือ,105,1567
2025-02-14,TK-A-001,ภาคใต้,124,2390
2025-02-14,GL-B-014,กรุงเทพฯ,890,18878
2025-02-14,GL-B-014,ภาคกลาง,722,11597
2025-02-14,GL-B-014,ภาคตะวันออก,549,11181
2025-02-14,GL-B-014,ภาคเหนือ,476,8172
2025-02-14,GL-B-014,ภาคใต้,561,11718
2025-02-14,MK-C-028,กรุงเทพฯ,682,12449
2025-02-14,MK-C-028,ภาคกลาง,506,11071
2025-02-14,MK-C-028,ภาคตะวันออก,386,7039
2025-02-14,MK-C-028,ภาคเหนือ,369,5846
2025-02-14,MK-C-028,ภาคใต้,426,8918
2025-02-14,SY-D-039,กรุงเทพฯ,458,8176
2025-02-14,SY-D-039,ภาคกลาง,331,6644
2025-02-14,SY-D-039,ภาคตะวันออก,285,5369
2025-02-14,SY-D-039,ภาคเหนือ,256,4411
2025-02-14,SY-D-039,ภาคใต้,320,5326
2025-02-14,AG-E-052,กรุงเทพฯ,146,2374
2025-02-14,AG-E-052,ภาคกลาง,103,1694
2025-02-14,AG-E-052,ภาคตะวันออก,80,1576
2025-02-14,AG-E-052,ภาคเหนือ,76,1359
2025-02-14,AG-E-052,ภาคใต้,99,1432
2025-02-15,TK-A-001,กรุงเทพฯ,189,3239
2025-02-15,TK-A-001,ภาคกลาง,142,2329
2025-02-15,TK-A-001,ภาคตะวันออก,108,2220
2025-02-15,TK-A-001,ภาคเหนือ,93,1859
2025-02-15,TK-A-001,ภาคใต้,121,2436
2025-02-15,GL-B-014,กรุงเทพฯ,1016,18095
2025-02-15,GL-B-014,ภาคกลาง,743,13331
2025-02-15,GL-B-014,ภาคตะวันออก,518,10557
2025-02-15,GL-B-014,ภาคเหนือ,451,9487
2025-02-15,GL-B-014,ภาคใต้,597,11316
2025-02-15,MK-C-028,กรุงเทพฯ,734,12249
2025-02-15,MK-C-028,ภาคกลาง,575,10689
2025-02-15,MK-C-028,ภาคตะวันออก,369,7844
2025-02-15,MK-C-028,ภาคเหนือ,374,5629
2025-02-15,MK-C-028,ภาคใต้,463,7337
2025-02-15,SY-D-039,กรุงเทพฯ,407,7659
2025-02-15,SY-D-039,ภาคกลาง,390,5629
2025-02-15,SY-D-039,ภาคตะวันออก,268,4506
2025-02-15,SY-D-039,ภาคเหนือ,255,4163
2025-02-15,SY-D-039,ภาคใต้,300,5970
2025-02-15,AG-E-052,กรุงเทพฯ,133,2683
2025-02-15,AG-E-052,ภาคกลาง,108,1800
2025-02-15,AG-E-052,ภาคตะวันออก,83,1457
2025-02-15,AG-E-052,ภาคเหนือ,73,1254
2025-02-15,AG-E-052,ภาคใต้,92,1474
2025-02-16,TK-A-001,กรุงเทพฯ,163,2981
2025-02-16,TK-A-001,ภาคกลาง,148,2681
2025-02-16,TK-A-001,ภาคตะวันออก,113,2120
2025-02-16,TK-A-001,ภาคเหนือ,90,1642
2025-02-16,TK-A-001,ภาคใต้,123,2085
2025-02-16,GL-B-014,กรุงเทพฯ,841,15487
2025-02-16,GL-B-014,ภาคกลาง,756,13609
2025-02-16,GL-B-014,ภาคตะวันออก,515,9684
2025-02-16,GL-B-014,ภาคเหนือ,515,9967
2025-02-16,GL-B-014,ภาคใต้,625,11842
2025-02-16,MK-C-028,กรุงเทพฯ,644,12262
2025-02-16,MK-C-028,ภาคกลาง,546,10438
2025-02-16,MK-C-028,ภาคตะวันออก,368,8381
2025-02-16,MK-C-028,ภาคเหนือ,355,7342
2025-02-16,MK-C-028,ภาคใต้,491,8967
2025-02-16,SY-D-039,กรุงเทพฯ,409,6989
2025-02-16,SY-D-039,ภาคกลาง,325,5823
2025-02-16,SY-D-039,ภาคตะวันออก,245,4223
2025-02-16,SY-D-039,ภาคเหนือ,254,4727
2025-02-16,SY-D-039,ภาคใต้,282,5515
2025-02-16,AG-E-052,กรุงเทพฯ,141,2215
2025-02-16,AG-E-052,ภาคกลาง,103,1828
2025-02-16,AG-E-052,ภาคตะวันออก,75,1593
2025-02-16,AG-E-052,ภาคเหนือ,70,1245
2025-02-16,AG-E-052,ภาคใต้,93,1665
2025-02-17,TK-A-001,กรุงเทพฯ,194,3353
2025-02-17,TK-A-001,ภาคกลาง,130,2521
2025-02-17,TK-A-001,ภาคตะวันออก,100,2133
2025-02-17,TK-A-001,ภาคเหนือ,104,1851
2025-02-17,TK-A-001,ภาคใต้,122,2378
2025-02-17,GL-B-014,กรุงเทพฯ,870,16410
2025-02-17,GL-B-014,ภาคกลาง,722,14787
2025-02-17,GL-B-014,ภาคตะวันออก,604,9668
2025-02-17,GL-B-014,ภาคเหนือ,534,8553
2025-02-17,GL-B-014,ภาคใต้,568,9891
2025-02-17,MK-C-028,กรุงเทพฯ,670,12542
2025-02-17,MK-C-028,ภาคกลาง,542,8302
2025-02-17,MK-C-028,ภาคตะวันออก,435,7117
2025-02-17,MK-C-028,ภาคเหนือ,353,6163
2025-02-17,MK-C-028,ภาคใต้,423,8910
2025-02-17,SY-D-039,กรุงเทพฯ,462,7915
2025-02-17,SY-D-039,ภาคกลาง,374,7304
2025-02-17,SY-D-039,ภาคตะวันออก,292,5396
2025-02-17,SY-D-039,ภาคเหนือ,230,4543
2025-02-17,SY-D-039,ภาคใต้,296,4930
2025-02-17,AG-E-052,กรุงเทพฯ,146,2674
2025-02-17,AG-E-052,ภาคกลาง,107,2097
2025-02-17,AG-E-052,ภาคตะวันออก,73,1289
2025-02-17,AG-E-052,ภาคเหนือ,78,1271
2025-02-17,AG-E-052,ภาคใต้,93,1442
2025-02-18,TK-A-001,กรุงเทพฯ,177,3471
2025-02-18,TK-A-001,ภาคกลาง,141,2966
2025-02-18,TK-A-001,ภาคตะวันออก,113,1834
2025-02-18,TK-A-001,ภาคเหนือ,97,1644
2025-02-18,TK-A-001,ภาคใต้,122,2262
2025-02-18,GL-B-014,กรุงเทพฯ,932,16590
2025-02-18,GL-B-014,ภาคกลาง,706,15200
2025-02-18,GL-B-014,ภาคตะวันออก,566,10271
2025-02-18,GL-B-014,ภาคเหนือ,543,7741
2025-02-18,GL-B-014,ภาคใต้,581,10394
2025-02-18,MK-C-028,กรุงเทพฯ,619,10981
2025-02-18,MK-C-028,ภาคกลาง,543,8937
2025-02-18,MK-C-028,ภาคตะวันออก,386,7818
2025-02-18,MK-C-028,ภาคเหนือ,390,5967
2025-02-18,MK-C-028,ภาคใต้,478,7899
2025-02-18,SY-D-039,กรุงเทพฯ,454,7258
2025-02-18,SY-D-039,ภาคกลาง,362,6376
2025-02-18,SY-D-039,ภาคตะวันออก,263,5031
2025-02-18,SY-D-039,ภาคเหนือ,219,4469
2025-02-18,SY-D-039,ภาคใต้,285,5267
2025-02-18,AG-E-052,กรุงเทพฯ,125,2471
2025-02-18,AG-E-052,ภาคกลาง,113,2158
2025-02-18,AG-E-052,ภาคตะวันออก,87,1351
2025-02-18,AG-E-052,ภาคเหนือ,76,1358
2025-02-18,AG-E-052,ภาคใต้,82,1810
2025-02-19,TK-A-001,กรุงเทพฯ,194,3720
2025-02-19,TK-A-001,ภาคกลาง,141,2530
2025-02-19,TK-A-001,ภาคตะวันออก,112,2215
2025-02-19,TK-A-001,ภาคเหนือ,97,1749
2025-02-19,TK-A-001,ภาคใต้,119,2157
2025-02-19,GL-B-014,กรุงเทพฯ,1015,18820
2025-02-19,GL-B-014,ภาคกลาง,734,12700
2025-02-19,GL-B-014,ภาคตะวันออก,599,10928
2025-02-19,GL-B-014,ภาคเหนือ,510,9826
2025-02-19,GL-B-014,ภาคใต้,599,11022
2025-02-19,MK-C-028,กรุงเทพฯ,617,12759
2025-02-19,MK-C-028,ภาคกลาง,569,8510
2025-02-19,MK-C-028,ภาคตะวันออก,419,7289
2025-02-19,MK-C-028,ภาคเหนือ,350,7334
2025-02-19,MK-C-028,ภาคใต้,435,7869
2025-02-19,SY-D-039,กรุงเทพฯ,481,7000
2025-02-19,SY-D-039,ภาคกลาง,353,6679
2025-02-19,SY-D-039,ภาคตะวันออก,294,5185
2025-02-19,SY-D-039,ภาคเหนือ,256,4464
2025-02-19,SY-D-039,ภาคใต้,295,5555
2025-02-19,AG-E-052,กรุงเทพฯ,135,2112
2025-02-19,AG-E-052,ภาคกลาง,103,1672
2025-02-19,AG-E-052,ภาคตะวันออก,87,1548
2025-02-19,AG-E-052,ภาคเหนือ,76,1137
2025-02-19,AG-E-052,ภาคใต้,90,1543
2025-02-20,TK-A-001,กรุงเทพฯ,178,3134
2025-02-20,TK-A-001,ภาคกลาง,139,2774
2025-02-20,TK-A-001,ภาคตะวันออก,111,1979
2025-02-20,TK-A-001,ภาคเหนือ,99,1851
2025-02-20,TK-A-001,ภาคใต้,113,1912
2025-02-20,GL-B-014,กรุงเทพฯ,1002,15149
2025-02-20,GL-B-014,ภาคกลาง,790,15296
2025-02-20,GL-B-014,ภาคตะวันออก,582,9294
2025-02-20,GL-B-014,ภาคเหนือ,490,9986
2025-02-20,GL-B-014,ภาคใต้,641,10787
2025-02-20,MK-C-028,กรุงเทพฯ,671,12528
2025-02-20,MK-C-028,ภาคกลาง,513,8278
2025-02-20,MK-C-028,ภาคตะวันออก,389,7065
2025-02-20,MK-C-028,ภาคเหนือ,341,6443
2025-02-20,MK-C-028,ภาคใต้,449,7901
2025-02-20,SY-D-039,กรุงเทพฯ,415,7461
2025-02-20,SY-D-039,ภาคกลาง,349,7408
2025-02-20,SY-D-039,ภาคตะวันออก,273,5452
2025-02-20,SY-D-039,ภาคเหนือ,224,4399
2025-02-20,SY-D-039,ภาคใต้,298,5952
2025-02-20,AG-E-052,กรุงเทพฯ,135,2372
2025-02-20,AG-E-052,ภาคกลาง,115,1947
2025-02-20,AG-E-052,ภาคตะวันออก,78,1625
2025-02-20,AG-E-052,ภาคเหนือ,76,1290
2025-02-20,AG-E-052,ภาคใต้,92,1746
2025-02-21,TK-A-001,กรุงเทพฯ,165,2906
2025-02-21,TK-A-001,ภาคกลาง,144,2615
2025-02-21,TK-A-001,ภาคตะวันออก,108,1813
2025-02-21,TK-A-001,ภาคเหนือ,89,1544
2025-02-21,TK-A-001,ภาคใต้,118,2472
2025-02-21,GL-B-014,กรุงเทพฯ,1008,17335
2025-02-21,GL-B-014,ภาคกลาง,767,11421
2025-02-21,GL-B-014,ภาคตะวันออก,515,10939
2025-02-21,GL-B-014,ภาคเหนือ,495,7889
2025-02-21,GL-B-014,ภาคใต้,572,12628
2025-02-21,MK-C-028,กรุงเทพฯ,643,13819
2025-02-21,MK-C-028,ภาคกลาง,579,11166
2025-02-21,MK-C-028,ภาคตะวันออก,388,6242
2025-02-21,MK-C-028,ภาคเหนือ,358,6957
2025-02-21,MK-C-028,ภาคใต้,444,7454
2025-02-21,SY-D-039,กรุงเทพฯ,436,7254
2025-02-21,SY-D-039,ภาคกลาง,333,6310
2025-02-21,SY-D-039,ภาคตะวันออก,283,5014
2025-02-21,SY-D-039,ภาคเหนือ,234,4602
2025-02-21,SY-D-039,ภาคใต้,293,6099
2025-02-21,AG-E-052,กรุงเทพฯ,126,2561
2025-02-21,AG-E-052,ภาคกลาง,117,1828
2025-02-21,AG-E-052,ภาคตะวันออก,77,1475
2025-02-21,AG-E-052,ภาคเหนือ,77,1275
2025-02-21,AG-E-052,ภาคใต้,82,1825
2025-02-22,TK-A-001,กรุงเทพฯ,183,3536
2025-02-22,TK-A-001,ภาคกลาง,151,2303
2025-02-22,TK-A-001,ภาคตะวันออก,107,1947
2025-02-22,TK-A-001,ภาคเหนือ,87,1740
2025-02-22,TK-A-001,ภาคใต้,115,2037
2025-02-22,GL-B-014,กรุงเทพฯ,939,18392
2025-02-22,GL-B-014,ภาคกลาง,748,15113
2025-02-22,GL-B-014,ภาคตะวันออก,512,9435
2025-02-22,GL-B-014,ภาคเหนือ,509,8463
2025-02-22,GL-B-014,ภาคใต้,627,9715
2025-02-22,MK-C-028,กรุงเทพฯ,656,13703
2025-02-22,MK-C-028,ภาคกลาง,581,8815
2025-02-22,MK-C-028,ภาคตะวันออก,375,8038
2025-02-22,MK-C-028,ภาคเหนือ,391,5695
2025-02-22,MK-C-028,ภาคใต้,478,8187
2025-02-22,SY-D-039,กรุงเทพฯ,442,8213
2025-02-22,SY-D-039,ภาคกลาง,393,6556
2025-02-22,SY-D-039,ภาคตะวันออก,243,4545
2025-02-22,SY-D-039,ภาคเหนือ,222,3835
2025-02-22,SY-D-039,ภาคใต้,304,6124
2025-02-22,AG-E-052,กรุงเทพฯ,138,2124
2025-02-22,AG-E-052,ภาคกลาง,117,2226
2025-02-22,AG-E-052,ภาคตะวันออก,75,1658
2025-02-22,AG-E-052,ภาคเหนือ,72,1332
2025-02-22,AG-E-052,ภาคใต้,82,1598
2025-02-23,TK-A-001,กรุงเทพฯ,167,3680
2025-02-23,TK-A-001,ภาคกลาง,155,2837
2025-02-23,TK-A-001,ภาคตะวันออก,111,1806
2025-02-23,TK-A-001,ภาคเหนือ,87,1666
2025-02-23,TK-A-001,ภาคใต้,126,2058
2025-02-23,GL-B-014,กรุงเทพฯ,878,17713
2025-02-23,GL-B-014,ภาคกลาง,798,14739
2025-02-23,GL-B-014,ภาคตะวันออก,505,10907
2025-02-23,GL-B-014,ภาคเหนือ,508,8247
2025-02-23,GL-B-014,ภาคใต้,581,11333
2025-02-23,MK-C-028,กรุงเทพฯ,620,11649
2025-02-23,MK-C-028,ภาคกลาง,490,9233
2025-02-23,MK-C-028,ภาคตะวันออก,386,7955
2025-02-23,MK-C-028,ภาคเหนือ,345,5748
2025-02-23,MK-C-028,ภาคใต้,493,8626
2025-02-23,SY-D-039,กรุงเทพฯ,416,6926
2025-02-23,SY-D-039,ภาคกลาง,370,7235
2025-02-23,SY-D-039,ภาคตะวันออก,261,5296
2025-02-23,SY-D-039,ภาคเหนือ,228,4700
2025-02-23,SY-D-039,ภาคใต้,327,5926
2025-02-23,AG-E-052,กรุงเทพฯ,139,2307
2025-02-23,AG-E-052,ภาคกลาง,107,1980
2025-02-23,AG-E-052,ภาคตะวันออก,89,1362
2025-02-23,AG-E-052,ภาคเหนือ,77,1279
2025-02-23,AG-E-052,ภาคใต้,92,1730
2025-02-24,TK-A-001,กรุงเทพฯ,184,3718
2025-02-24,TK-A-001,ภาคกลาง,145,2969
2025-02-24,TK-A-001,ภาคตะวันออก,98,1714
2025-02-24,TK-A-001,ภาคเหนือ,92,1877
2025-02-24,TK-A-001,ภาคใต้,110,2048
2025-02-24,GL-B-014,กรุงเทพฯ,926,17909
2025-02-24,GL-B-014,ภาคกลาง,723,12617
2025-02-24,GL-B-014,ภาคตะวันออก,510,9387
2025-02-24,GL-B-014,ภาคเหนือ,516,9185
2025-02-24,GL-B-014,ภาคใต้,587,12216
2025-02-24,MK-C-028,กรุงเทพฯ,740,13410
2025-02-24,MK-C-028,ภาคกลาง,549,9727
2025-02-24,MK-C-028,ภาคตะวันออก,445,7946
2025-02-24,MK-C-028,ภาคเหนือ,358,5531
2025-02-24,MK-C-028,ภาคใต้,478,8647
2025-02-24,SY-D-039,กรุงเทพฯ,446,7678
2025-02-24,SY-D-039,ภาคกลาง,390,5842
2025-02-24,SY-D-039,ภาคตะวันออก,268,4378
2025-02-24,SY-D-039,ภาคเหนือ,262,3935
2025-02-24,SY-D-039,ภาคใต้,311,5925
2025-02-24,AG-E-052,กรุงเทพฯ,143,2420
2025-02-24,AG-E-052,ภาคกลาง,99,1853
2025-02-24,AG-E-052,ภาคตะวันออก,82,1626
2025-02-24,AG-E-052,ภาคเหนือ,78,1270
2025-02-24,AG-E-052,ภาคใต้,91,1590
2025-02-25,TK-A-001,กรุงเทพฯ,191,3244
2025-02-25,TK-A-001,ภาคกลาง,133,2888
2025-02-25,TK-A-001,ภาคตะวันออก,106,2055
2025-02-25,TK-A-001,ภาคเหนือ,92,1510
2025-02-25,TK-A-001,ภาคใต้,116,2358
2025-02-25,GL-B-014,กรุงเทพฯ,960,14402
2025-02-25,GL-B-014,ภาคกลาง,680,13557
2025-02-25,GL-B-014,ภาคตะวันออก,526,9534
2025-02-25,GL-B-014,ภาคเหนือ,467,8688
2025-02-25,GL-B-014,ภาคใต้,664,10140
2025-02-25,MK-C-028,กรุงเทพฯ,741,11017
2025-02-25,MK-C-028,ภาคกลาง,564,9807
2025-02-25,MK-C-028,ภาคตะวันออก,370,8144
2025-02-25,MK-C-028,ภาคเหนือ,391,6618
2025-02-25,MK-C-028,ภาคใต้,495,8164
2025-02-25,SY-D-039,กรุงเทพฯ,409,7060
2025-02-25,SY-D-039,ภาคกลาง,385,5848
2025-02-25,SY-D-039,ภาคตะวันออก,250,4326
2025-02-25,SY-D-039,ภาคเหนือ,261,3826
2025-02-25,SY-D-039,ภาคใต้,271,4741
2025-02-25,AG-E-052,กรุงเทพฯ,140,2117
2025-02-25,AG-E-052,ภาคกลาง,107,1706
2025-02-25,AG-E-052,ภาคตะวันออก,87,1569
2025-02-25,AG-E-052,ภาคเหนือ,67,1189
2025-02-25,AG-E-052,ภาคใต้,95,1544
2025-02-26,TK-A-001,กรุงเทพฯ,188,3162
2025-02-26,TK-A-001,ภาคกลาง,153,2633
2025-02-26,TK-A-001,ภาคตะวันออก,102,1890
2025-02-26,TK-A-001,ภาคเหนือ,105,1655
2025-02-26,TK-A-001,ภาคใต้,129,2134
2025-02-26,GL-B-014,กรุงเทพฯ,975,17469
2025-02-26,GL-B-014,ภาคกลาง,800,14449
2025-02-26,GL-B-014,ภาคตะวันออก,614,9394
2025-02-26,GL-B-014,ภาคเหนือ,509,9125
2025-02-26,GL-B-014,ภาคใต้,680,10833
2025-02-26,MK-C-028,กรุงเทพฯ,713,12311
2025-02-26,MK-C-028,ภาคกลาง,584,10785
2025-02-26,MK-C-028,ภาคตะวันออก,412,8096
2025-02-26,MK-C-028,ภาคเหนือ,368,5974
2025-02-26,MK-C-028,ภาคใต้,408,7194
2025-02-26,SY-D-039,กรุงเทพฯ,490,8700
2025-02-26,SY-D-039,ภาคกลาง,348,7407
2025-02-26,SY-D-039,ภาคตะวันออก,276,5554
2025-02-26,SY-D-039,ภาคเหนือ,254,3776
2025-02-26,SY-D-039,ภาคใต้,299,5191
2025-02-26,AG-E-052,กรุงเทพฯ,127,2724
2025-02-26,AG-E-052,ภาคกลาง,118,2094
2025-02-26,AG-E-052,ภาคตะวันออก,78,1366
2025-02-26,AG-E-052,ภาคเหนือ,73,1268
2025-02-26,AG-E-052,ภาคใต้,83,1831
2025-02-27,TK-A-001,กรุงเทพฯ,172,3284
2025-02-27,TK-A-001,ภาคกลาง,140,2322
2025-02-27,TK-A-001,ภาคตะวันออก,109,2166
2025-02-27,TK-A-001,ภาคเหนือ,101,1782
2025-02-27,TK-A-001,ภาคใต้,124,1942
2025-02-27,GL-B-014,กรุงเทพฯ,958,18362
2025-02-27,GL-B-014,ภาคกลาง,680,13536
2025-02-27,GL-B-014,ภาคตะวันออก,536,10752
2025-02-27,GL-B-014,ภาคเหนือ,535,10019
2025-02-27,GL-B-014,ภาคใต้,676,11255
2025-02-27,MK-C-028,กรุงเทพฯ,677,11029
2025-02-27,MK-C-028,ภาคกลาง,493,9796
2025-02-27,MK-C-028,ภาคตะวันออก,434,7781
2025-02-27,MK-C-028,ภาคเหนือ,346,7354
2025-02-27,MK-C-028,ภาคใต้,461,7725
2025-02-27,SY-D-039,กรุงเทพฯ,475,8625
2025-02-27,SY-D-039,ภาคกลาง,359,7344
2025-02-27,SY-D-039,ภาคตะวันออก,275,5090
2025-02-27,SY-D-039,ภาคเหนือ,232,4260
2025-02-27,SY-D-039,ภาคใต้,271,5891
2025-02-27,AG-E-052,กรุงเทพฯ,141,2488
2025-02-27,AG-E-052,ภาคกลาง,107,2012
2025-02-27,AG-E-052,ภาคตะวันออก,78,1576
2025-02-27,AG-E-052,ภาคเหนือ,66,1228
2025-02-27,AG-E-052,ภาคใต้,82,1469
2025-02-28,TK-A-001,กรุงเทพฯ,174,3479
2025-02-28,TK-A-001,ภาคกลาง,135,2770
2025-02-28,TK-A-001,ภาคตะวันออก,117,1776
2025-02-28,TK-A-001,ภาคเหนือ,90,1623
2025-02-28,TK-A-001,ภาคใต้,114,2193
2025-02-28,GL-B-014,กรุงเทพฯ,991,18815
2025-02-28,GL-B-014,ภาคกลาง,785,12127
2025-02-28,GL-B-014,ภาคตะวันออก,534,9697
2025-02-28,GL-B-014,ภาคเหนือ,485,9756
2025-02-28,GL-B-014,ภาคใต้,592,11359
2025-02-28,MK-C-028,กรุงเทพฯ,709,11181
2025-02-28,MK-C-028,ภาคกลาง,591,9535
2025-02-28,MK-C-028,ภาคตะวันออก,394,6907
2025-02-28,MK-C-028,ภาคเหนือ,356,6761
2025-02-28,MK-C-028,ภาคใต้,485,7248
2025-02-28,SY-D-039,กรุงเทพฯ,447,7010
2025-02-28,SY-D-039,ภาคกลาง,368,6950
2025-02-28,SY-D-039,ภาคตะวันออก,285,4899
2025-02-28,SY-D-039,ภาคเหนือ,242,3822
2025-02-28,SY-D-039,ภาคใต้,279,4778
2025-02-28,AG-E-052,กรุงเทพฯ,126,2371
2025-02-28,AG-E-052,ภาคกลาง,111,1740
2025-02-28,AG-E-052,ภาคตะวันออก,73,1402
2025-02-28,AG-E-052,ภาคเหนือ,68,1119
2025-02-28,AG-E-052,ภาคใต้,94,1559
2025-03-01,TK-A-001,กรุงเทพฯ,181,3545
2025-03-01,TK-A-001,ภาคกลาง,148,2929
2025-03-01,TK-A-001,ภาคตะวันออก,99,1985
2025-03-01,TK-A-001,ภาคเหนือ,87,1616
2025-03-01,TK-A-001,ภาคใต้,109,2161
2025-03-01,GL-B-014,กรุงเทพฯ,997,16080
2025-03-01,GL-B-014,ภาคกลาง,736,11855
2025-03-01,GL-B-014,ภาคตะวันออก,569,10171
2025-03-01,GL-B-014,ภาคเหนือ,532,9655
2025-03-01,GL-B-014,ภาคใต้,564,11675
2025-03-01,MK-C-028,กรุงเทพฯ,651,12934
2025-03-01,MK-C-028,ภาคกลาง,561,9424
2025-03-01,MK-C-028,ภาคตะวันออก,381,6668
2025-03-01,MK-C-028,ภาคเหนือ,346,5654
2025-03-01,MK-C-028,ภาคใต้,487,8074
2025-03-01,SY-D-039,กรุงเทพฯ,464,7223
2025-03-01,SY-D-039,ภาคกลาง,357,6431
2025-03-01,SY-D-039,ภาคตะวันออก,282,4423
2025-03-01,SY-D-039,ภาคเหนือ,225,4591
2025-03-01,SY-D-039,ภาคใต้,304,5143
2025-03-01,AG-E-052,กรุงเทพฯ,131,2663
2025-03-01,AG-E-052,ภาคกลาง,117,2185
2025-03-01,AG-E-052,ภาคตะวันออก,77,1414
2025-03-01,AG-E-052,ภาคเหนือ,67,1175
2025-03-01,AG-E-052,ภาคใต้,83,1518
2025-03-02,TK-A-001,กรุงเทพฯ,194,3250
2025-03-02,TK-A-001,ภาคกลาง,152,2605
2025-03-02,TK-A-001,ภาคตะวันออก,97,2146
2025-03-02,TK-A-001,ภาคเหนือ,93,1681
2025-03-02,TK-A-001,ภาคใต้,112,2390
2025-03-02,GL-B-014,กรุงเทพฯ,987,17637
2025-03-02,GL-B-014,ภาคกลาง,722,15001
2025-03-02,GL-B-014,ภาคตะวันออก,573,9860
2025-03-02,GL-B-014,ภาคเหนือ,480,9203
2025-03-02,GL-B-014,ภาคใต้,654,11061
2025-03-02,MK-C-028,กรุงเทพฯ,700,13478
2025-03-02,MK-C-028,ภาคกลาง,518,8898
2025-03-02,MK-C-028,ภาคตะวันออก,428,7247
2025-03-02,MK-C-028,ภาคเหนือ,338,6096
2025-03-02,MK-C-028,ภาคใต้,417,8676
2025-03-02,SY-D-039,กรุงเทพฯ,451,8229
2025-03-02,SY-D-039,ภาคกลาง,382,6743
2025-03-02,SY-D-039,ภาคตะวันออก,248,5347
2025-03-02,SY-D-039,ภาคเหนือ,258,4493
2025-03-02,SY-D-039,ภาคใต้,304,4870
2025-03-02,AG-E-052,กรุงเทพฯ,123,2096
2025-03-02,AG-E-052,ภาคกลาง,105,2213
2025-03-02,AG-E-052,ภาคตะวันออก,73,1446
2025-03-02,AG-E-052,ภาคเหนือ,77,1197
2025-03-02,AG-E-052,ภาคใต้,85,1850
2025-03-03,TK-A-001,กรุงเทพฯ,194,3108
2025-03-03,TK-A-001,ภาคกลาง,150,2773
2025-03-03,TK-A-001,ภาคตะวันออก,108,1920
2025-03-03,TK-A-001,ภาคเหนือ,88,1743
2025-03-03,TK-A-001,ภาคใต้,117,2237
2025-03-03,GL-B-014,กรุงเทพฯ,952,15537
2025-03-03,GL-B-014,ภาคกลาง,689,14061
2025-03-03,GL-B-014,ภาคตะวันออก,607,9271
2025-03-03,GL-B-014,ภาคเหนือ,467,9924
2025-03-03,GL-B-014,ภาคใต้,635,9991
2025-03-03,MK-C-028,กรุงเทพฯ,631,10641
2025-03-03,MK-C-028,ภาคกลาง,505,10388
2025-03-03,MK-C-028,ภาคตะวันออก,366,6363
2025-03-03,MK-C-028,ภาคเหนือ,392,6845
2025-03-03,MK-C-028,ภาคใต้,411,7059
2025-03-03,SY-D-039,กรุงเทพฯ,431,7875
2025-03-03,SY-D-039,ภาคกลาง,392,7041
2025-03-03,SY-D-039,ภาคตะวันออก,271,4633
2025-03-03,SY-D-039,ภาคเหนือ,231,4247
2025-03-03,SY-D-039,ภาคใต้,280,5056
2025-03-03,AG-E-052,กรุงเทพฯ,146,2454
2025-03-03,AG-E-052,ภาคกลาง,112,2146
2025-03-03,AG-E-052,ภาคตะวันออก,78,1406
2025-03-03,AG-E-052,ภาคเหนือ,75,1418
2025-03-03,AG-E-052,ภาคใต้,91,1729
2025-03-04,TK-A-001,กรุงเทพฯ,169,3048
2025-03-04,TK-A-001,ภาคกลาง,132,2881
2025-03-04,TK-A-001,ภาคตะวันออก,111,2105
2025-03-04,TK-A-001,ภาคเหนือ,88,1548
2025-03-04,TK-A-001,ภาคใต้,121,2089
2025-03-04,GL-B-014,กรุงเทพฯ,925,17938
2025-03-04,GL-B-014,ภาคกลาง,814,12470
2025-03-04,GL-B-014,ภาคตะวันออก,604,8642
2025-03-04,GL-B-014,ภาคเหนือ,503,9223
2025-03-04,GL-B-014,ภาคใต้,656,10204
2025-03-04,MK-C-028,กรุงเทพฯ,649,13051
2025-03-04,MK-C-028,ภาคกลาง,589,10076
2025-03-04,MK-C-028,ภาคตะวันออก,404,7507
2025-03-04,MK-C-028,ภาคเหนือ,370,5671
2025-03-04,MK-C-028,ภาคใต้,478,7118
2025-03-04,SY-D-039,กรุงเทพฯ,410,7805
2025-03-04,SY-D-039,ภาคกลาง,329,6496
2025-03-04,SY-D-039,ภาคตะวันออก,292,4701
2025-03-04,SY-D-039,ภาคเหนือ,232,4717
2025-03-04,SY-D-039,ภาคใต้,327,5746
2025-03-04,AG-E-052,กรุงเทพฯ,127,2387
2025-03-04,AG-E-052,ภาคกลาง,107,2064
2025-03-04,AG-E-052,ภาคตะวันออก,88,1323
2025-03-04,AG-E-052,ภาคเหนือ,66,1212
2025-03-04,AG-E-052,ภาคใต้,97,1843
2025-03-05,TK-A-001,กรุงเทพฯ,187,3680
2025-03-05,TK-A-001,ภาคกลาง,146,2721
2025-03-05,TK-A-001,ภาคตะวันออก,108,2149
2025-03-05,TK-A-001,ภาคเหนือ,92,1799
2025-03-05,TK-A-001,ภาคใต้,127,2360
2025-03-05,GL-B-014,กรุงเทพฯ,909,14724
2025-03-05,GL-B-014,ภาคกลาง,674,14230
2025-03-05,GL-B-014,ภาคตะวันออก,540,10658
2025-03-05,GL-B-014,ภาคเหนือ,452,9326
2025-03-05,GL-B-014,ภาคใต้,677,10199
2025-03-05,MK-C-028,กรุงเทพฯ,717,12763
2025-03-05,MK-C-028,ภาคกลาง,545,10359
2025-03-05,MK-C-028,ภาคตะวันออก,415,6357
2025-03-05,MK-C-028,ภาคเหนือ,330,5632
2025-03-05,MK-C-028,ภาคใต้,440,8357
2025-03-05,SY-D-039,กรุงเทพฯ,415,7693
2025-03-05,SY-D-039,ภาคกลาง,355,7420
2025-03-05,SY-D-039,ภาคตะวันออก,287,4959
2025-03-05,SY-D-039,ภาคเหนือ,244,4418
2025-03-05,SY-D-039,ภาคใต้,294,4746
2025-03-05,AG-E-052,กรุงเทพฯ,142,2229
2025-03-05,AG-E-052,ภาคกลาง,115,1711
2025-03-05,AG-E-052,ภาคตะวันออก,77,1450
2025-03-05,AG-E-052,ภาคเหนือ,74,1234
2025-03-05,AG-E-052,ภาคใต้,91,1759
2025-03-06,TK-A-001,กรุงเทพฯ,166,2901
2025-03-06,TK-A-001,ภาคกลาง,156,2451
2025-03-06,TK-A-001,ภาคตะวันออก,100,1720
2025-03-06,TK-A-001,ภาคเหนือ,101,1771
2025-03-06,TK-A-001,ภาคใต้,128,1868
2025-03-06,GL-B-014,กรุงเทพฯ,838,19070
2025-03-06,GL-B-014,ภาคกลาง,732,12155
2025-03-06,GL-B-014,ภาคตะวันออก,525,10858
2025-03-06,GL-B-014,ภาคเหนือ,525,9577
2025-03-06,GL-B-014,ภาคใต้,573,11307
2025-03-06,MK-C-028,กรุงเทพฯ,636,10787
2025-03-06,MK-C-028,ภาคกลาง,554,10135
2025-03-06,MK-C-028,ภาคตะวันออก,437,7605
2025-03-06,MK-C-028,ภาคเหนือ,326,6202
2025-03-06,MK-C-028,ภาคใต้,426,7821
2025-03-06,SY-D-039,กรุงเทพฯ,419,7106
2025-03-06,SY-D-039,ภาคกลาง,334,6564
2025-03-06,SY-D-039,ภาคตะวันออก,267,4654
2025-03-06,SY-D-039,ภาคเหนือ,247,4371
2025-03-06,SY-D-039,ภาคใต้,319,5591
2025-03-06,AG-E-052,กรุงเทพฯ,143,2483
2025-03-06,AG-E-052,ภาคกลาง,112,1775
2025-03-06,AG-E-052,ภาคตะวันออก,82,1463
2025-03-06,AG-E-052,ภาคเหนือ,77,1458
2025-03-06,AG-E-052,ภาคใต้,82,1495
2025-03-07,TK-A-001,กรุงเทพฯ,162,3623
2025-03-07,TK-A-001,ภาคกลาง,136,2898
2025-03-07,TK-A-001,ภาคตะวันออก,114,1662
2025-03-07,TK-A-001,ภาคเหนือ,99,1748
2025-03-07,TK-A-001,ภาคใต้,108,2406
2025-03-07,GL-B-014,กรุงเทพฯ,1007,15838
2025-03-07,GL-B-014,ภาคกลาง,719,15343
2025-03-07,GL-B-014,ภาคตะวันออก,534,8770
2025-03-07,GL-B-014,ภาคเหนือ,498,9918
2025-03-07,GL-B-014,ภาคใต้,666,12546
2025-03-07,MK-C-028,กรุงเทพฯ,613,11052
2025-03-07,MK-C-028,ภาคกลาง,486,9213
2025-03-07,MK-C-028,ภาคตะวันออก,412,6391
2025-03-07,MK-C-028,ภาคเหนือ,393,7026
2025-03-07,MK-C-028,ภาคใต้,490,7296
2025-03-07,SY-D-039,กรุงเทพฯ,488,9051
2025-03-07,SY-D-039,ภาคกลาง,333,5807
2025-03-07,SY-D-039,ภาคตะวันออก,295,4975
2025-03-07,SY-D-039,ภาคเหนือ,254,4889
2025-03-07,SY-D-039,ภาคใต้,296,5982
2025-03-07,AG-E-052,กรุงเทพฯ,131,2423
2025-03-07,AG-E-052,ภาคกลาง,99,1737
2025-03-07,AG-E-052,ภาคตะวันออก,77,1255
2025-03-07,AG-E-052,ภาคเหนือ,73,1181
2025-03-07,AG-E-052,ภาคใต้,85,1536
2025-03-08,TK-A-001,กรุงเทพฯ,185,2928
2025-03-08,TK-A-001,ภาคกลาง,154,2973
2025-03-08,TK-A-001,ภาคตะวันออก,112,1808
2025-03-08,TK-A-001,ภาคเหนือ,94,1590
2025-03-08,TK-A-001,ภาคใต้,119,1840
2025-03-08,GL-B-014,กรุงเทพฯ,974,16303
2025-03-08,GL-B-014,ภาคกลาง,768,12481
2025-03-08,GL-B-014,ภาคตะวันออก,530,9268
2025-03-08,GL-B-014,ภาคเหนือ,457,8611
2025-03-08,GL-B-014,ภาคใต้,603,11640
2025-03-08,MK-C-028,กรุงเทพฯ,613,13770
2025-03-08,MK-C-028,ภาคกลาง,560,9773
2025-03-08,MK-C-028,ภาคตะวันออก,419,7007
2025-03-08,MK-C-028,ภาคเหนือ,378,7352
2025-03-08,MK-C-028,ภาคใต้,482,7243
2025-03-08,SY-D-039,กรุงเทพฯ,455,8326
2025-03-08,SY-D-039,ภาคกลาง,390,6073
2025-03-08,SY-D-039,ภาคตะวันออก,285,4561
2025-03-08,SY-D-039,ภาคเหนือ,243,4471
2025-03-08,SY-D-039,ภาคใต้,277,4861
2025-03-08,AG-E-052,กรุงเทพฯ,139,2583
2025-03-08,AG-E-052,ภาคกลาง,102,2046
2025-03-08,AG-E-052,ภาคตะวันออก,77,1563
2025-03-08,AG-E-052,ภาคเหนือ,67,1284
2025-03-08,AG-E-052,ภาคใต้,87,1626
2025-03-09,TK-A-001,กรุงเทพฯ,179,2757
2025-03-09,TK-A-001,ภาคกลาง,144,2514
2025-03-09,TK-A-001,ภาคตะวันออก,98,1758
2025-03-09,TK-A-001,ภาคเหนือ,91,1484
2025-03-09,TK-A-001,ภาคใต้,118,2205
2025-03-09,GL-B-014,กรุงเทพฯ,997,18684
2025-03-09,GL-B-014,ภาคกลาง,751,15098
2025-03-09,GL-B-014,ภาคตะวันออก,576,9197
2025-03-09,GL-B-014,ภาคเหนือ,516,7743
2025-03-09,GL-B-014,ภาคใต้,624,12383
2025-03-09,MK-C-028,กรุงเทพฯ,653,11446
2025-03-09,MK-C-028,ภาคกลาง,543,10969
2025-03-09,MK-C-028,ภาคตะวันออก,366,6463
2025-03-09,MK-C-028,ภาคเหนือ,370,6303
2025-03-09,MK-C-028,ภาคใต้,455,8187
2025-03-09,SY-D-039,กรุงเทพฯ,447,7379
2025-03-09,SY-D-039,ภาคกลาง,346,6547
2025-03-09,SY-D-039,ภาคตะวันออก,251,4274
2025-03-09,SY-D-039,ภาคเหนือ,263,4440
2025-03-09,SY-D-039,ภาคใต้,327,5667
2025-03-09,AG-E-052,กรุงเทพฯ,137,2713
2025-03-09,AG-E-052,ภาคกลาง,99,1754
2025-03-09,AG-E-052,ภาคตะวันออก,75,1662
2025-03-09,AG-E-052,ภาคเหนือ,79,1471
2025-03-09,AG-E-052,ภาคใต้,92,1797
2025-03-10,TK-A-001,กรุงเทพฯ,195,3498
2025-03-10,TK-A-001,ภาคกลาง,131,2948
2025-03-10,TK-A-001,ภาคตะวันออก,115,1778
2025-03-10,TK-A-001,ภาคเหนือ,97,1501
2025-03-10,TK-A-001,ภาคใต้,118,1942
2025-03-10,GL-B-014,กรุงเทพฯ,858,16899
2025-03-10,GL-B-014,ภาคกลาง,721,14176
2025-03-10,GL-B-014,ภาคตะวันออก,523,9717
2025-03-10,GL-B-014,ภาคเหนือ,522,8058
2025-03-10,GL-B-014,ภาคใต้,611,12000
2025-03-10,MK-C-028,กรุงเทพฯ,671,11558
2025-03-10,MK-C-028,ภาคกลาง,498,8351
2025-03-10,MK-C-028,ภาคตะวันออก,437,7349
2025-03-10,MK-C-028,ภาคเหนือ,336,6977
2025-03-10,MK-C-028,ภาคใต้,495,8068
2025-03-10,SY-D-039,กรุงเทพฯ,468,9168
2025-03-10,SY-D-039,ภาคกลาง,348,6165
2025-03-10,SY-D-039,ภาคตะวันออก,279,4591
2025-03-10,SY-D-039,ภาคเหนือ,251,4498
2025-03-10,SY-D-039,ภาคใต้,323,6117
2025-03-10,AG-E-052,กรุงเทพฯ,126,2541
2025-03-10,AG-E-052,ภาคกลาง,107,2200
2025-03-10,AG-E-052,ภาคตะวันออก,88,1348
2025-03-10,AG-E-052,ภาคเหนือ,75,1246
2025-03-10,AG-E-052,ภาคใต้,87,1393
2025-03-11,TK-A-001,กรุงเทพฯ,191,3288
2025-03-11,TK-A-001,ภาคกลาง,132,2689
2025-03-11,TK-A-001,ภาคตะวันออก,114,1808
2025-03-11,TK-A-001,ภาคเหนือ,96,1585
2025-03-11,TK-A-001,ภาคใต้,121,2302
2025-03-11,GL-B-014,กรุงเทพฯ,1021,18479
2025-03-11,GL-B-014,ภาคกลาง,732,11987
2025-03-11,GL-B-014,ภาคตะวันออก,585,11152
2025-03-11,GL-B-014,ภาคเหนือ,459,8843
2025-03-11,GL-B-014,ภาคใต้,570,12099
2025-03-11,MK-C-028,กรุงเทพฯ,714,11617
2025-03-11,MK-C-028,ภาคกลาง,504,9104
2025-03-11,MK-C-028,ภาคตะวันออก,375,7575
2025-03-11,MK-C-028,ภาคเหนือ,341,5783
2025-03-11,MK-C-028,ภาคใต้,460,9093
2025-03-11,SY-D-039,กรุงเทพฯ,426,7713
2025-03-11,SY-D-039,ภาคกลาง,325,7004
2025-03-11,SY-D-039,ภาคตะวันออก,278,5032
2025-03-11,SY-D-039,ภาคเหนือ,259,3677
2025-03-11,SY-D-039,ภาคใต้,319,5098
2025-03-11,AG-E-052,กรุงเทพฯ,122,2556
2025-03-11,AG-E-052,ภาคกลาง,103,1689
2025-03-11,AG-E-052,ภาคตะวันออก,79,1241
2025-03-11,AG-E-052,ภาคเหนือ,71,1454
2025-03-11,AG-E-052,ภาคใต้,94,1568
2025-03-12,TK-A-001,กรุงเทพฯ,173,3477
2025-03-12,TK-A-001,ภาคกลาง,151,2222
2025-03-12,TK-A-001,ภาคตะวันออก,111,1800
2025-03-12,TK-A-001,ภาคเหนือ,100,1919
2025-03-12,TK-A-001,ภาคใต้,117,2265
2025-03-12,GL-B-014,กรุงเทพฯ,1004,14644
2025-03-12,GL-B-014,ภาคกลาง,693,11509
2025-03-12,GL-B-014,ภาคตะวันออก,540,8794
2025-03-12,GL-B-014,ภาคเหนือ,507,10064
2025-03-12,GL-B-014,ภาคใต้,632,12146
2025-03-12,MK-C-028,กรุงเทพฯ,712,12545
2025-03-12,MK-C-028,ภาคกลาง,524,10670
2025-03-12,MK-C-028,ภาคตะวันออก,379,6597
2025-03-12,MK-C-028,ภาคเหนือ,351,6765
2025-03-12,MK-C-028,ภาคใต้,490,7535
2025-03-12,SY-D-039,กรุงเทพฯ,435,9215
2025-03-12,SY-D-039,ภาคกลาง,349,5785
2025-03-12,SY-D-039,ภาคตะวันออก,296,5335
2025-03-12,SY-D-039,ภาคเหนือ,244,4308
2025-03-12,SY-D-039,ภาคใต้,306,5084
2025-03-12,AG-E-052,กรุงเทพฯ,137,2152
2025-03-12,AG-E-052,ภาคกลาง,113,2009
2025-03-12,AG-E-052,ภาคตะวันออก,75,1372
2025-03-12,AG-E-052,ภาคเหนือ,73,1125
2025-03-12,AG-E-052,ภาคใต้,98,1701
2025-03-13,TK-A-001,กรุงเทพฯ,185,3072
2025-03-13,TK-A-001,ภาคกลาง,158,2737
2025-03-13,TK-A-001,ภาคตะวันออก,103,2106
2025-03-13,TK-A-001,ภาคเหนือ,91,1611
2025-03-13,TK-A-001,ภาคใต้,119,2398
2025-03-13,GL-B-014,กรุงเทพฯ,890,14412
2025-03-13,GL-B-014,ภาคกลาง,692,15095
2025-03-13,GL-B-014,ภาคตะวันออก,588,8863
2025-03-13,GL-B-014,ภาคเหนือ,480,9645
2025-03-13,GL-B-014,ภาคใต้,659,11874
2025-03-13,MK-C-028,กรุงเทพฯ,646,13924
2025-03-13,MK-C-028,ภาคกลาง,487,10690
2025-03-13,MK-C-028,ภาคตะวันออก,404,8058
2025-03-13,MK-C-028,ภาคเหนือ,360,6723
2025-03-13,MK-C-028,ภาคใต้,494,7241
2025-03-13,SY-D-039,กรุงเทพฯ,434,8064
2025-03-13,SY-D-039,ภาคกลาง,364,6353
2025-03-13,SY-D-039,ภาคตะวันออก,296,5429
2025-03-13,SY-D-039,ภาคเหนือ,236,4341
2025-03-13,SY-D-039,ภาคใต้,270,5262
2025-03-13,AG-E-052,กรุงเทพฯ,145,2136
2025-03-13,AG-E-052,ภาคกลาง,112,1979
2025-03-13,AG-E-052,ภาคตะวันออก,87,1650
2025-03-13,AG-E-052,ภาคเหนือ,75,1213
2025-03-13,AG-E-052,ภาคใต้,89,1378
2025-03-14,TK-A-001,กรุงเทพฯ,198,3139
2025-03-14,TK-A-001,ภาคกลาง,134,2473
2025-03-14,TK-A-001,ภาคตะวันออก,99,1736
2025-03-14,TK-A-001,ภาคเหนือ,101,1885
2025-03-14,TK-A-001,ภาคใต้,130,2305
2025-03-14,GL-B-014,กรุงเทพฯ,879,17700
2025-03-14,GL-B-014,ภาคกลาง,795,13526
2025-03-14,GL-B-014,ภาคตะวันออก,559,8803
2025-03-14,GL-B-014,ภาคเหนือ,453,8477
2025-03-14,GL-B-014,ภาคใต้,609,10900
2025-03-14,MK-C-028,กรุงเทพฯ,618,12886
2025-03-14,MK-C-028,ภาคกลาง,490,9430
2025-03-14,MK-C-028,ภาคตะวันออก,425,7183
2025-03-14,MK-C-028,ภาคเหนือ,378,6560
2025-03-14,MK-C-028,ภาคใต้,481,8928
2025-03-14,SY-D-039,กรุงเทพฯ,455,8880
2025-03-14,SY-D-039,ภาคกลาง,367,7030
2025-03-14,SY-D-039,ภาคตะวันออก,270,4438
2025-03-14,SY-D-039,ภาคเหนือ,224,4194
2025-03-14,SY-D-039,ภาคใต้,288,4763
2025-03-14,AG-E-052,กรุงเทพฯ,133,2500
2025-03-14,AG-E-052,ภาคกลาง,107,2194
2025-03-14,AG-E-052,ภาคตะวันออก,77,1450
2025-03-14,AG-E-052,ภาคเหนือ,71,1257
2025-03-14,AG-E-052,ภาคใต้,88,1807
2025-03-15,TK-A-001,กรุงเทพฯ,191,3013
2025-03-15,TK-A-001,ภาคกลาง,134,2394
2025-03-15,TK-A-001,ภาคตะวันออก,110,1939
2025-03-15,TK-A-001,ภาคเหนือ,94,1774
2025-03-15,TK-A-001,ภาคใต้,115,1942
2025-03-15,GL-B-014,กรุงเทพฯ,930,16477
2025-03-15,GL-B-014,ภาคกลาง,775,14023
2025-03-15,GL-B-014,ภาคตะวันออก,608,11192
2025-03-15,GL-B-014,ภาคเหนือ,512,9717
2025-03-15,GL-B-014,ภาคใต้,657,12773
2025-03-15,MK-C-028,กรุงเทพฯ,626,10480
2025-03-15,MK-C-028,ภาคกลาง,523,9734
2025-03-15,MK-C-028,ภาคตะวันออก,381,8353
2025-03-15,MK-C-028,ภาคเหนือ,393,6509
2025-03-15,MK-C-028,ภาคใต้,480,8397
2025-03-15,SY-D-039,กรุงเทพฯ,486,7346
2025-03-15,SY-D-039,ภาคกลาง,334,5917
2025-03-15,SY-D-039,ภาคตะวันออก,247,4385
2025-03-15,SY-D-039,ภาคเหนือ,232,4605
2025-03-15,SY-D-039,ภาคใต้,320,4783
2025-03-15,AG-E-052,กรุงเทพฯ,139,2159
2025-03-15,AG-E-052,ภาคกลาง,109,1828
2025-03-15,AG-E-052,ภาคตะวันออก,82,1276
2025-03-15,AG-E-052,ภาคเหนือ,68,1282
2025-03-15,AG-E-052,ภาคใต้,97,1720
2025-03-16,TK-A-001,กรุงเทพฯ,181,3011
2025-03-16,TK-A-001,ภาคกลาง,142,2615
2025-03-16,TK-A-001,ภาคตะวันออก,104,2222
2025-03-16,TK-A-001,ภาคเหนือ,98,1925
2025-03-16,TK-A-001,ภาคใต้,127,2053
2025-03-16,GL-B-014,กรุงเทพฯ,858,14983
2025-03-16,GL-B-014,ภาคกลาง,736,14010
2025-03-16,GL-B-014,ภาคตะวันออก,597,10964
2025-03-16,GL-B-014,ภาคเหนือ,509,9276
2025-03-16,GL-B-014,ภาคใต้,605,9744
2025-03-16,MK-C-028,กรุงเทพฯ,698,11971
2025-03-16,MK-C-028,ภาคกลาง,517,10146
2025-03-16,MK-C-028,ภาคตะวันออก,394,6440
2025-03-16,MK-C-028,ภาคเหนือ,368,7092
2025-03-16,MK-C-028,ภาคใต้,431,7057
2025-03-16,SY-D-039,กรุงเทพฯ,432,9166
2025-03-16,SY-D-039,ภาคกลาง,325,6774
2025-03-16,SY-D-039,ภาคตะวันออก,276,4324
2025-03-16,SY-D-039,ภาคเหนือ,233,4716
2025-03-16,SY-D-039,ภาคใต้,274,5426
2025-03-16,AG-E-052,กรุงเทพฯ,128,2181
2025-03-16,AG-E-052,ภาคกลาง,103,1954
2025-03-16,AG-E-052,ภาคตะวันออก,83,1435
2025-03-16,AG-E-052,ภาคเหนือ,70,1488
2025-03-16,AG-E-052,ภาคใต้,95,1752
2025-03-17,TK-A-001,กรุงเทพฯ,195,2943
2025-03-17,TK-A-001,ภาคกลาง,153,2406
2025-03-17,TK-A-001,ภาคตะวันออก,101,2131
2025-03-17,TK-A-001,ภาคเหนือ,87,1521
2025-03-17,TK-A-001,ภาคใต้,129,2293
2025-03-17,GL-B-014,กรุงเทพฯ,844,14262
2025-03-17,GL-B-014,ภาคกลาง,687,14936
2025-03-17,GL-B-014,ภาคตะวันออก,610,10220
2025-03-17,GL-B-014,ภาคเหนือ,471,7727
2025-03-17,GL-B-014,ภาคใต้,653,9654
2025-03-17,MK-C-028,กรุงเทพฯ,691,12857
2025-03-17,MK-C-028,ภาคกลาง,528,10359
2025-03-17,MK-C-028,ภาคตะวันออก,441,7069
2025-03-17,MK-C-028,ภาคเหนือ,392,6503
2025-03-17,MK-C-028,ภาคใต้,415,7151
2025-03-17,SY-D-039,กรุงเทพฯ,459,8759
2025-03-17,SY-D-039,ภาคกลาง,355,6179
2025-03-17,SY-D-039,ภาคตะวันออก,270,4844
2025-03-17,SY-D-039,ภาคเหนือ,255,4505
2025-03-17,SY-D-039,ภาคใต้,280,4610
2025-03-17,AG-E-052,กรุงเทพฯ,127,2613
2025-03-17,AG-E-052,ภาคกลาง,99,1852
2025-03-17,AG-E-052,ภาคตะวันออก,80,1379
2025-03-17,AG-E-052,ภาคเหนือ,68,1264
2025-03-17,AG-E-052,ภาคใต้,84,1440
2025-03-18,TK-A-001,กรุงเทพฯ,169,2787
2025-03-18,TK-A-001,ภาคกลาง,147,2283
2025-03-18,TK-A-001,ภาคตะวันออก,116,1806
2025-03-18,TK-A-001,ภาคเหนือ,98,1785
2025-03-18,TK-A-001,ภาคใต้,124,2190
2025-03-18,GL-B-014,กรุงเทพฯ,904,18628
2025-03-18,GL-B-014,ภาคกลาง,686,14679
2025-03-18,GL-B-014,ภาคตะวันออก,565,9869
2025-03-18,GL-B-014,ภาคเหนือ,472,8511
2025-03-18,GL-B-014,ภาคใต้,560,12832
2025-03-18,MK-C-028,กรุงเทพฯ,730,10694
2025-03-18,MK-C-028,ภาคกลาง,498,8512
2025-03-18,MK-C-028,ภาคตะวันออก,432,8191
2025-03-18,MK-C-028,ภาคเหนือ,344,6313
2025-03-18,MK-C-028,ภาคใต้,463,8529
2025-03-18,SY-D-039,กรุงเทพฯ,432,8956
2025-03-18,SY-D-039,ภาคกลาง,368,6184
2025-03-18,SY-D-039,ภาคตะวันออก,294,4596
2025-03-18,SY-D-039,ภาคเหนือ,259,4394
2025-03-18,SY-D-039,ภาคใต้,294,4764
2025-03-18,AG-E-052,กรุงเทพฯ,145,2081
2025-03-18,AG-E-052,ภาคกลาง,106,1890
2025-03-18,AG-E-052,ภาคตะวันออก,81,1293
2025-03-18,AG-E-052,ภาคเหนือ,67,1117
2025-03-18,AG-E-052,ภาคใต้,99,1522
2025-03-19,TK-A-001,กรุงเทพฯ,167,3399
2025-03-19,TK-A-001,ภาคกลาง,130,2310
2025-03-19,TK-A-001,ภาคตะวันออก,115,2229
2025-03-19,TK-A-001,ภาคเหนือ,98,1634
2025-03-19,TK-A-001,ภาคใต้,125,2307
2025-03-19,GL-B-014,กรุงเทพฯ,874,18238
2025-03-19,GL-B-014,ภาคกลาง,809,12756
2025-03-19,GL-B-014,ภาคตะวันออก,538,11087
2025-03-19,GL-B-014,ภาคเหนือ,535,9772
2025-03-19,GL-B-014,ภาคใต้,591,12423
2025-03-19,MK-C-028,กรุงเทพฯ,620,13926
2025-03-19,MK-C-028,ภาคกลาง,549,8764
2025-03-19,MK-C-028,ภาคตะวันออก,406,6652
2025-03-19,MK-C-028,ภาคเหนือ,330,7261
2025-03-19,MK-C-028,ภาคใต้,430,7687
2025-03-19,SY-D-039,กรุงเทพฯ,488,7106
2025-03-19,SY-D-039,ภาคกลาง,392,6092
2025-03-19,SY-D-039,ภาคตะวันออก,288,4727
2025-03-19,SY-D-039,ภาคเหนือ,226,4805
2025-03-19,SY-D-039,ภาคใต้,300,6099
2025-03-19,AG-E-052,กรุงเทพฯ,138,2218
2025-03-19,AG-E-052,ภาคกลาง,117,1805
2025-03-19,AG-E-052,ภาคตะวันออก,80,1398
2025-03-19,AG-E-052,ภาคเหนือ,78,1355
2025-03-19,AG-E-052,ภาคใต้,85,1839
2025-03-20,TK-A-001,กรุงเทพฯ,175,2774
2025-03-20,TK-A-001,ภาคกลาง,136,2582
2025-03-20,TK-A-001,ภาคตะวันออก,108,2234
2025-03-20,TK-A-001,ภาคเหนือ,103,1560
2025-03-20,TK-A-001,ภาคใต้,111,2090
2025-03-20,GL-B-014,กรุงเทพฯ,871,14989
2025-03-20,GL-B-014,ภาคกลาง,757,14295
2025-03-20,GL-B-014,ภาคตะวันออก,581,9942
2025-03-20,GL-B-014,ภาคเหนือ,473,9517
2025-03-20,GL-B-014,ภาคใต้,678,10496
2025-03-20,MK-C-028,กรุงเทพฯ,671,13537
2025-03-20,MK-C-028,ภาคกลาง,592,8849
2025-03-20,MK-C-028,ภาคตะวันออก,444,7420
2025-03-20,MK-C-028,ภาคเหนือ,357,6133
2025-03-20,MK-C-028,ภาคใต้,446,7249
2025-03-20,SY-D-039,กรุงเทพฯ,421,9259
2025-03-20,SY-D-039,ภาคกลาง,332,6086
2025-03-20,SY-D-039,ภาคตะวันออก,244,5569
2025-03-20,SY-D-039,ภาคเหนือ,230,4014
2025-03-20,SY-D-039,ภาคใต้,303,5552
2025-03-20,AG-E-052,กรุงเทพฯ,123,2681
2025-03-20,AG-E-052,ภาคกลาง,105,2223
2025-03-20,AG-E-052,ภาคตะวันออก,87,1445
2025-03-20,AG-E-052,ภาคเหนือ,66,1338
2025-03-20,AG-E-052,ภาคใต้,96,1565
2025-03-21,TK-A-001,กรุงเทพฯ,176,3696
2025-03-21,TK-A-001,ภาคกลาง,137,2254
2025-03-21,TK-A-001,ภาคตะวันออก,111,1906
2025-03-21,TK-A-001,ภาคเหนือ,96,1574
2025-03-21,TK-A-001,ภาคใต้,127,2007
2025-03-21,GL-B-014,กรุงเทพฯ,862,19221
2025-03-21,GL-B-014,ภาคกลาง,731,11525
2025-03-21,GL-B-014,ภาคตะวันออก,510,10145
2025-03-21,GL-B-014,ภาคเหนือ,486,7593
2025-03-21,GL-B-014,ภาคใต้,600,11168
2025-03-21,MK-C-028,กรุงเทพฯ,705,10844
2025-03-21,MK-C-028,ภาคกลาง,525,9804
2025-03-21,MK-C-028,ภาคตะวันออก,399,8222
2025-03-21,MK-C-028,ภาคเหนือ,392,7183
2025-03-21,MK-C-028,ภาคใต้,431,7031
2025-03-21,SY-D-039,กรุงเทพฯ,455,7484
2025-03-21,SY-D-039,ภาคกลาง,360,6900
2025-03-21,SY-D-039,ภาคตะวันออก,269,4351
2025-03-21,SY-D-039,ภาคเหนือ,237,3713
2025-03-21,SY-D-039,ภาคใต้,319,5752
2025-03-21,AG-E-052,กรุงเทพฯ,133,2704
2025-03-21,AG-E-052,ภาคกลาง,110,1712
2025-03-21,AG-E-052,ภาคตะวันออก,74,1309
2025-03-21,AG-E-052,ภาคเหนือ,70,1129
2025-03-21,AG-E-052,ภาคใต้,81,1471
2025-03-22,TK-A-001,กรุงเทพฯ,195,2764
2025-03-22,TK-A-001,ภาคกลาง,141,2892
2025-03-22,TK-A-001,ภาคตะวันออก,110,2077
2025-03-22,TK-A-001,ภาคเหนือ,92,1859
2025-03-22,TK-A-001,ภาคใต้,116,2290
2025-03-22,GL-B-014,กรุงเทพฯ,995,14494
2025-03-22,GL-B-014,ภาคกลาง,686,13980
2025-03-22,GL-B-014,ภาคตะวันออก,506,10109
2025-03-22,GL-B-014,ภาคเหนือ,500,9103
2025-03-22,GL-B-014,ภาคใต้,572,11179
2025-03-22,MK-C-028,กรุงเทพฯ,641,12675
2025-03-22,MK-C-028,ภาคกลาง,556,9679
2025-03-22,MK-C-028,ภาคตะวันออก,427,7635
2025-03-22,MK-C-028,ภาคเหนือ,370,6032
2025-03-22,MK-C-028,ภาคใต้,458,8752
2025-03-22,SY-D-039,กรุงเทพฯ,422,7763
2025-03-22,SY-D-039,ภาคกลาง,333,7160
2025-03-22,SY-D-039,ภาคตะวันออก,276,4545
2025-03-22,SY-D-039,ภาคเหนือ,237,4631
2025-03-22,SY-D-039,ภาคใต้,273,5977
2025-03-22,AG-E-052,กรุงเทพฯ,147,2105
2025-03-22,AG-E-052,ภาคกลาง,115,2063
2025-03-22,AG-E-052,ภาคตะวันออก,85,1437
2025-03-22,AG-E-052,ภาคเหนือ,71,1298
2025-03-22,AG-E-052,ภาคใต้,94,1623
2025-03-23,TK-A-001,กรุงเทพฯ,177,3492
2025-03-23,TK-A-001,ภาคกลาง,137,2623
2025-03-23,TK-A-001,ภาคตะวันออก,115,1688
2025-03-23,TK-A-001,ภาคเหนือ,104,1526
2025-03-23,TK-A-001,ภาคใต้,114,1954
2025-03-23,GL-B-014,กรุงเทพฯ,855,19239
2025-03-23,GL-B-014,ภาคกลาง,814,13174
2025-03-23,GL-B-014,ภาคตะวันออก,597,11097
2025-03-23,GL-B-014,ภาคเหนือ,476,8085
2025-03-23,GL-B-014,ภาคใต้,627,12432
2025-03-23,MK-C-028,กรุงเทพฯ,733,11326
2025-03-23,MK-C-028,ภาคกลาง,587,9000
2025-03-23,MK-C-028,ภาคตะวันออก,428,6244
2025-03-23,MK-C-028,ภาคเหนือ,338,5597
2025-03-23,MK-C-028,ภาคใต้,484,9144
2025-03-23,SY-D-039,กรุงเทพฯ,407,9150
2025-03-23,SY-D-039,ภาคกลาง,327,5678
2025-03-23,SY-D-039,ภาคตะวันออก,259,5554
2025-03-23,SY-D-039,ภาคเหนือ,246,3944
2025-03-23,SY-D-039,ภาคใต้,312,4873
2025-03-23,AG-E-052,กรุงเทพฯ,131,2502
2025-03-23,AG-E-052,ภาคกลาง,113,2030
2025-03-23,AG-E-052,ภาคตะวันออก,74,1470
2025-03-23,AG-E-052,ภาคเหนือ,77,1336
2025-03-23,AG-E-052,ภาคใต้,87,1780
2025-03-24,TK-A-001,กรุงเทพฯ,191,3219
2025-03-24,TK-A-001,ภาคกลาง,142,2736
2025-03-24,TK-A-001,ภาคตะวันออก,114,2175
2025-03-24,TK-A-001,ภาคเหนือ,98,1938
2025-03-24,TK-A-001,ภาคใต้,130,2045
2025-03-24,GL-B-014,กรุงเทพฯ,864,15209
2025-03-24,GL-B-014,ภาคกลาง,735,13680
2025-03-24,GL-B-014,ภาคตะวันออก,570,9061
2025-03-24,GL-B-014,ภาคเหนือ,449,9039
2025-03-24,GL-B-014,ภาคใต้,665,10094
2025-03-24,MK-C-028,กรุงเทพฯ,738,13358
2025-03-24,MK-C-028,ภาคกลาง,579,8602
2025-03-24,MK-C-028,ภาคตะวันออก,433,6467
2025-03-24,MK-C-028,ภาคเหนือ,396,7122
2025-03-24,MK-C-028,ภาคใต้,468,8028
2025-03-24,SY-D-039,กรุงเทพฯ,465,8940
2025-03-24,SY-D-039,ภาคกลาง,325,7221
2025-03-24,SY-D-039,ภาคตะวันออก,256,4727
2025-03-24,SY-D-039,ภาคเหนือ,235,4770
2025-03-24,SY-D-039,ภาคใต้,315,4828
2025-03-24,AG-E-052,กรุงเทพฯ,143,2573
2025-03-24,AG-E-052,ภาคกลาง,115,2144
2025-03-24,AG-E-052,ภาคตะวันออก,84,1640
2025-03-24,AG-E-052,ภาคเหนือ,75,1138
2025-03-24,AG-E-052,ภาคใต้,82,1785
2025-03-25,TK-A-001,กรุงเทพฯ,182,3596
2025-03-25,TK-A-001,ภาคกลาง,130,2457
2025-03-25,TK-A-001,ภาคตะวันออก,101,1781
2025-03-25,TK-A-001,ภาคเหนือ,96,1648
2025-03-25,TK-A-001,ภาคใต้,128,2299
2025-03-25,GL-B-014,กรุงเทพฯ,986,17123
2025-03-25,GL-B-014,ภาคกลาง,674,12409
2025-03-25,GL-B-014,ภาคตะวันออก,520,9890
2025-03-25,GL-B-014,ภาคเหนือ,471,8674
2025-03-25,GL-B-014,ภาคใต้,666,10270
2025-03-25,MK-C-028,กรุงเทพฯ,617,11880
2025-03-25,MK-C-028,ภาคกลาง,533,8535
2025-03-25,MK-C-028,ภาคตะวันออก,376,7417
2025-03-25,MK-C-028,ภาคเหนือ,344,5945
2025-03-25,MK-C-028,ภาคใต้,483,7650
2025-03-25,SY-D-039,กรุงเทพฯ,421,8077
2025-03-25,SY-D-039,ภาคกลาง,395,7051
2025-03-25,SY-D-039,ภาคตะวันออก,265,4383
2025-03-25,SY-D-039,ภาคเหนือ,224,4042
2025-03-25,SY-D-039,ภาคใต้,284,5801
2025-03-25,AG-E-052,กรุงเทพฯ,134,2564
2025-03-25,AG-E-052,ภาคกลาง,105,2126
2025-03-25,AG-E-052,ภาคตะวันออก,76,1445
2025-03-25,AG-E-052,ภาคเหนือ,69,1319
2025-03-25,AG-E-052,ภาคใต้,91,1511
2025-03-26,TK-A-001,กรุงเทพฯ,189,3194
2025-03-26,TK-A-001,ภาคกลาง,155,2447
2025-03-26,TK-A-001,ภาคตะวันออก,117,2211
2025-03-26,TK-A-001,ภาคเหนือ,88,1553
2025-03-26,TK-A-001,ภาคใต้,124,2173
2025-03-26,GL-B-014,กรุงเทพฯ,948,17703
2025-03-26,GL-B-014,ภาคกลาง,697,11897
2025-03-26,GL-B-014,ภาคตะวันออก,563,8945
2025-03-26,GL-B-014,ภาคเหนือ,454,7982
2025-03-26,GL-B-014,ภาคใต้,569,11426
2025-03-26,MK-C-028,กรุงเทพฯ,640,11358
2025-03-26,MK-C-028,ภาคกลาง,534,9378
2025-03-26,MK-C-028,ภาคตะวันออก,402,8017
2025-03-26,MK-C-028,ภาคเหนือ,392,6072
2025-03-26,MK-C-028,ภาคใต้,449,8356
2025-03-26,SY-D-039,กรุงเทพฯ,440,7518
2025-03-26,SY-D-039,ภาคกลาง,385,5822
2025-03-26,SY-D-039,ภาคตะวันออก,295,4528
2025-03-26,SY-D-039,ภาคเหนือ,262,3995
2025-03-26,SY-D-039,ภาคใต้,285,5594
2025-03-26,AG-E-052,กรุงเทพฯ,123,2496
2025-03-26,AG-E-052,ภาคกลาง,105,1928
2025-03-26,AG-E-052,ภาคตะวันออก,89,1416
2025-03-26,AG-E-052,ภาคเหนือ,78,1375
2025-03-26,AG-E-052,ภาคใต้,85,1519
2025-03-27,TK-A-001,กรุงเทพฯ,188,3006
2025-03-27,TK-A-001,ภาคกลาง,136,2528
2025-03-27,TK-A-001,ภาคตะวันออก,98,1999
2025-03-27,TK-A-001,ภาคเหนือ,105,1500
2025-03-27,TK-A-001,ภาคใต้,129,2425
2025-03-27,GL-B-014,กรุงเทพฯ,1017,19225
2025-03-27,GL-B-014,ภาคกลาง,717,12356
2025-03-27,GL-B-014,ภาคตะวันออก,538,9406
2025-03-27,GL-B-014,ภาคเหนือ,497,9341
2025-03-27,GL-B-014,ภาคใต้,658,10965
2025-03-27,MK-C-028,กรุงเทพฯ,613,10457
2025-03-27,MK-C-028,ภาคกลาง,535,11157
2025-03-27,MK-C-028,ภาคตะวันออก,404,6841
2025-03-27,MK-C-028,ภาคเหนือ,364,7416
2025-03-27,MK-C-028,ภาคใต้,488,9189
2025-03-27,SY-D-039,กรุงเทพฯ,448,9113
2025-03-27,SY-D-039,ภาคกลาง,340,6234
2025-03-27,SY-D-039,ภาคตะวันออก,270,4326
2025-03-27,SY-D-039,ภาคเหนือ,223,3988
2025-03-27,SY-D-039,ภาคใต้,306,5699
2025-03-27,AG-E-052,กรุงเทพฯ,140,2729
2025-03-27,AG-E-052,ภาคกลาง,119,1741
2025-03-27,AG-E-052,ภาคตะวันออก,73,1564
2025-03-27,AG-E-052,ภาคเหนือ,74,1111
2025-03-27,AG-E-052,ภาคใต้,85,1719
2025-03-28,TK-A-001,กรุงเทพฯ,174,3265
2025-03-28,TK-A-001,ภาคกลาง,144,2712
2025-03-28,TK-A-001,ภาคตะวันออก,114,1679
2025-03-28,TK-A-001,ภาคเหนือ,94,1566
2025-03-28,TK-A-001,ภาคใต้,131,2190
2025-03-28,GL-B-014,กรุงเทพฯ,954,19074
2025-03-28,GL-B-014,ภาคกลาง,770,13777
2025-03-28,GL-B-014,ภาคตะวันออก,535,11128
2025-03-28,GL-B-014,ภาคเหนือ,541,10081
2025-03-28,GL-B-014,ภาคใต้,620,10816
2025-03-28,MK-C-028,กรุงเทพฯ,728,12724
2025-03-28,MK-C-028,ภาคกลาง,583,9042
2025-03-28,MK-C-028,ภาคตะวันออก,437,7325
2025-03-28,MK-C-028,ภาคเหนือ,351,7310
2025-03-28,MK-C-028,ภาคใต้,461,8889
2025-03-28,SY-D-039,กรุงเทพฯ,429,8229
2025-03-28,SY-D-039,ภาคกลาง,392,5522
2025-03-28,SY-D-039,ภาคตะวันออก,266,5388
2025-03-28,SY-D-039,ภาคเหนือ,251,4756
2025-03-28,SY-D-039,ภาคใต้,294,5511
2025-03-28,AG-E-052,กรุงเทพฯ,130,2643
2025-03-28,AG-E-052,ภาคกลาง,103,1936
2025-03-28,AG-E-052,ภาคตะวันออก,74,1313
2025-03-28,AG-E-052,ภาคเหนือ,65,1315
2025-03-28,AG-E-052,ภาคใต้,82,1776
2025-03-29,TK-A-001,กรุงเทพฯ,178,3007
2025-03-29,TK-A-001,ภาคกลาง,136,2745
2025-03-29,TK-A-001,ภาคตะวันออก,99,1853
2025-03-29,TK-A-001,ภาคเหนือ,89,1750
2025-03-29,TK-A-001,ภาคใต้,121,2223
2025-03-29,GL-B-014,กรุงเทพฯ,911,16312
2025-03-29,GL-B-014,ภาคกลาง,694,12300
2025-03-29,GL-B-014,ภาคตะวันออก,576,11273
2025-03-29,GL-B-014,ภาคเหนือ,472,8087
2025-03-29,GL-B-014,ภาคใต้,659,10208
2025-03-29,MK-C-028,กรุงเทพฯ,704,11234
2025-03-29,MK-C-028,ภาคกลาง,579,9530
2025-03-29,MK-C-028,ภาคตะวันออก,392,8132
2025-03-29,MK-C-028,ภาคเหนือ,338,6950
2025-03-29,MK-C-028,ภาคใต้,490,7268
2025-03-29,SY-D-039,กรุงเทพฯ,484,7699
2025-03-29,SY-D-039,ภาคกลาง,327,5858
2025-03-29,SY-D-039,ภาคตะวันออก,284,4553
2025-03-29,SY-D-039,ภาคเหนือ,249,4834
2025-03-29,SY-D-039,ภาคใต้,279,5727
2025-03-29,AG-E-052,กรุงเทพฯ,142,2210
2025-03-29,AG-E-052,ภาคกลาง,107,2108
2025-03-29,AG-E-052,ภาคตะวันออก,89,1521
2025-03-29,AG-E-052,ภาคเหนือ,66,1399
2025-03-29,AG-E-052,ภาคใต้,84,1519
2025-03-30,TK-A-001,กรุงเทพฯ,177,3533
2025-03-30,TK-A-001,ภาคกลาง,146,2536
2025-03-30,TK-A-001,ภาคตะวันออก,116,1770
2025-03-30,TK-A-001,ภาคเหนือ,95,1561
2025-03-30,TK-A-001,ภาคใต้,131,2280
2025-03-30,GL-B-014,กรุงเทพฯ,857,15734
2025-03-30,GL-B-014,ภาคกลาง,671,13462
2025-03-30,GL-B-014,ภาคตะวันออก,511,10477
2025-03-30,GL-B-014,ภาคเหนือ,501,9419
2025-03-30,GL-B-014,ภาคใต้,579,9718
2025-03-30,MK-C-028,กรุงเทพฯ,685,12082
2025-03-30,MK-C-028,ภาคกลาง,548,10641
2025-03-30,MK-C-028,ภาคตะวันออก,408,6590
2025-03-30,MK-C-028,ภาคเหนือ,339,6686
2025-03-30,MK-C-028,ภาคใต้,433,8419
2025-03-30,SY-D-039,กรุงเทพฯ,409,9289
2025-03-30,SY-D-039,ภาคกลาง,375,7406
2025-03-30,SY-D-039,ภาคตะวันออก,251,5147
2025-03-30,SY-D-039,ภาคเหนือ,251,4758
2025-03-30,SY-D-039,ภาคใต้,300,4622
2025-03-30,AG-E-052,กรุงเทพฯ,135,2530
2025-03-30,AG-E-052,ภาคกลาง,118,1929
2025-03-30,AG-E-052,ภาคตะวันออก,84,1646
2025-03-30,AG-E-052,ภาคเหนือ,65,1210
2025-03-30,AG-E-052,ภาคใต้,89,1812
2025-03-31,TK-A-001,กรุงเทพฯ,196,3142
2025-03-31,TK-A-001,ภาคกลาง,131,2500
2025-03-31,TK-A-001,ภาคตะวันออก,112,1754
2025-03-31,TK-A-001,ภาคเหนือ,102,1536
2025-03-31,TK-A-001,ภาคใต้,127,2361
2025-03-31,GL-B-014,กรุงเทพฯ,865,14609
2025-03-31,GL-B-014,ภาคกลาง,736,12287
2025-03-31,GL-B-014,ภาคตะวันออก,583,11217
2025-03-31,GL-B-014,ภาคเหนือ,501,7691
2025-03-31,GL-B-014,ภาคใต้,666,9827
2025-03-31,MK-C-028,กรุงเทพฯ,680,12902
2025-03-31,MK-C-028,ภาคกลาง,535,9715
2025-03-31,MK-C-028,ภาคตะวันออก,401,6359
2025-03-31,MK-C-028,ภาคเหนือ,368,6763
2025-03-31,MK-C-028,ภาคใต้,410,8966
2025-03-31,SY-D-039,กรุงเทพฯ,417,8601
2025-03-31,SY-D-039,ภาคกลาง,348,7088
2025-03-31,SY-D-039,ภาคตะวันออก,261,5476
2025-03-31,SY-D-039,ภาคเหนือ,219,4504
2025-03-31,SY-D-039,ภาคใต้,314,5261
2025-03-31,AG-E-052,กรุงเทพฯ,124,2681
2025-03-31,AG-E-052,ภาคกลาง,117,1758
2025-03-31,AG-E-052,ภาคตะวันออก,84,1278
2025-03-31,AG-E-052,ภาคเหนือ,69,1278
2025-03-31,AG-E-052,ภาคใต้,96,1777
2025-04-01,TK-A-001,กรุงเทพฯ,192,3503
2025-04-01,TK-A-001,ภาคกลาง,154,2339
2025-04-01,TK-A-001,ภาคตะวันออก,110,1908
2025-04-01,TK-A-001,ภาคเหนือ,104,1667
2025-04-01,TK-A-001,ภาคใต้,113,2004
2025-04-01,GL-B-014,กรุงเทพฯ,848,15650
2025-04-01,GL-B-014,ภาคกลาง,685,14049
2025-04-01,GL-B-014,ภาคตะวันออก,573,10429
2025-04-01,GL-B-014,ภาคเหนือ,467,9291
2025-04-01,GL-B-014,ภาคใต้,654,10235
2025-04-01,MK-C-028,กรุงเทพฯ,613,10641
2025-04-01,MK-C-028,ภาคกลาง,486,8807
2025-04-01,MK-C-028,ภาคตะวันออก,402,7398
2025-04-01,MK-C-028,ภาคเหนือ,374,7082
2025-04-01,MK-C-028,ภาคใต้,413,7737
2025-04-01,SY-D-039,กรุงเทพฯ,411,8863
2025-04-01,SY-D-039,ภาคกลาง,338,6740
2025-04-01,SY-D-039,ภาคตะวันออก,291,4132
2025-04-01,SY-D-039,ภาคเหนือ,225,4825
2025-04-01,SY-D-039,ภาคใต้,281,5512
2025-04-01,AG-E-052,กรุงเทพฯ,133,2706
2025-04-01,AG-E-052,ภาคกลาง,111,2008
2025-04-01,AG-E-052,ภาคตะวันออก,84,1274
2025-04-01,AG-E-052,ภาคเหนือ,66,1316
2025-04-01,AG-E-052,ภาคใต้,92,1411
2025-04-02,TK-A-001,กรุงเทพฯ,167,3306
2025-04-02,TK-A-001,ภาคกลาง,155,2562
2025-04-02,TK-A-001,ภาคตะวันออก,115,1772
2025-04-02,TK-A-001,ภาคเหนือ,92,1621
2025-04-02,TK-A-001,ภาคใต้,113,2327
2025-04-02,GL-B-014,กรุงเทพฯ,953,14352
2025-04-02,GL-B-014,ภาคกลาง,698,12046
2025-04-02,GL-B-014,ภาคตะวันออก,576,10042
2025-04-02,GL-B-014,ภาคเหนือ,479,8671
2025-04-02,GL-B-014,ภาคใต้,647,11338
2025-04-02,MK-C-028,กรุงเทพฯ,683,12879
2025-04-02,MK-C-028,ภาคกลาง,568,8627
2025-04-02,MK-C-028,ภาคตะวันออก,366,6256
2025-04-02,MK-C-028,ภาคเหนือ,331,5572
2025-04-02,MK-C-028,ภาคใต้,491,8550
2025-04-02,SY-D-039,กรุงเทพฯ,444,8807
2025-04-02,SY-D-039,ภาคกลาง,377,7381
2025-04-02,SY-D-039,ภาคตะวันออก,277,4309
2025-04-02,SY-D-039,ภาคเหนือ,229,3875
2025-04-02,SY-D-039,ภาคใต้,298,4665
2025-04-02,AG-E-052,กรุงเทพฯ,138,2390
2025-04-02,AG-E-052,ภาคกลาง,102,2053
2025-04-02,AG-E-052,ภาคตะวันออก,75,1423
2025-04-02,AG-E-052,ภาคเหนือ,79,1175
2025-04-02,AG-E-052,ภาคใต้,82,1495
2025-04-03,TK-A-001,กรุงเทพฯ,163,3136
2025-04-03,TK-A-001,ภาคกลาง,151,2770
2025-04-03,TK-A-001,ภาคตะวันออก,103,1733
2025-04-03,TK-A-001,ภาคเหนือ,91,1918
2025-04-03,TK-A-001,ภาคใต้,114,2074
2025-04-03,GL-B-014,กรุงเทพฯ,900,16818
2025-04-03,GL-B-014,ภาคกลาง,790,12902
2025-04-03,GL-B-014,ภาคตะวันออก,529,9558
2025-04-03,GL-B-014,ภาคเหนือ,458,10044
2025-04-03,GL-B-014,ภาคใต้,631,10131
2025-04-03,MK-C-028,กรุงเทพฯ,690,13803
2025-04-03,MK-C-028,ภาคกลาง,589,9787
2025-04-03,MK-C-028,ภาคตะวันออก,367,6883
2025-04-03,MK-C-028,ภาคเหนือ,383,6508
2025-04-03,MK-C-028,ภาคใต้,407,8201
2025-04-03,SY-D-039,กรุงเทพฯ,420,6922
2025-04-03,SY-D-039,ภาคกลาง,346,6750
2025-04-03,SY-D-039,ภาคตะวันออก,295,4862
2025-04-03,SY-D-039,ภาคเหนือ,249,4416
2025-04-03,SY-D-039,ภาคใต้,272,5560
2025-04-03,AG-E-052,กรุงเทพฯ,123,2569
2025-04-03,AG-E-052,ภาคกลาง,105,2191
2025-04-03,AG-E-052,ภาคตะวันออก,86,1426
2025-04-03,AG-E-052,ภาคเหนือ,74,1204
2025-04-03,AG-E-052,ภาคใต้,88,1843
2025-04-04,TK-A-001,กรุงเทพฯ,178,3097
2025-04-04,TK-A-001,ภาคกลาง,156,2730
2025-04-04,TK-A-001,ภาคตะวันออก,99,2109
2025-04-04,TK-A-001,ภาคเหนือ,87,1805
2025-04-04,TK-A-001,ภาคใต้,109,2337
2025-04-04,GL-B-014,กรุงเทพฯ,962,16287
2025-04-04,GL-B-014,ภาคกลาง,808,14846
2025-04-04,GL-B-014,ภาคตะวันออก,507,10914
2025-04-04,GL-B-014,ภาคเหนือ,527,9602
2025-04-04,GL-B-014,ภาคใต้,584,11494
2025-04-04,MK-C-028,กรุงเทพฯ,707,13379
2025-04-04,MK-C-028,ภาคกลาง,495,9374
2025-04-04,MK-C-028,ภาคตะวันออก,372,6590
2025-04-04,MK-C-028,ภาคเหนือ,374,6579
2025-04-04,MK-C-028,ภาคใต้,493,9184
2025-04-04,SY-D-039,กรุงเทพฯ,486,8404
2025-04-04,SY-D-039,ภาคกลาง,390,6614
2025-04-04,SY-D-039,ภาคตะวันออก,254,4708
2025-04-04,SY-D-039,ภาคเหนือ,239,3876
2025-04-04,SY-D-039,ภาคใต้,274,4911
2025-04-04,AG-E-052,กรุงเทพฯ,138,2730
2025-04-04,AG-E-052,ภาคกลาง,117,2039
2025-04-04,AG-E-052,ภาคตะวันออก,86,1486
2025-04-04,AG-E-052,ภาคเหนือ,66,1336
2025-04-04,AG-E-052,ภาคใต้,88,1429
2025-04-05,TK-A-001,กรุงเทพฯ,186,3632
2025-04-05,TK-A-001,ภาคกลาง,143,2463
2025-04-05,TK-A-001,ภาคตะวันออก,116,1989
2025-04-05,TK-A-001,ภาคเหนือ,97,1959
2025-04-05,TK-A-001,ภาคใต้,125,2079
2025-04-05,GL-B-014,กรุงเทพฯ,964,15429
2025-04-05,GL-B-014,ภาคกลาง,724,13644
2025-04-05,GL-B-014,ภาคตะวันออก,569,10528
2025-04-05,GL-B-014,ภาคเหนือ,527,9738
2025-04-05,GL-B-014,ภาคใต้,602,11896
2025-04-05,MK-C-028,กรุงเทพฯ,707,11189
2025-04-05,MK-C-028,ภาคกลาง,518,8368
2025-04-05,MK-C-028,ภาคตะวันออก,435,6606
2025-04-05,MK-C-028,ภาคเหนือ,365,6557
2025-04-05,MK-C-028,ภาคใต้,457,7153
2025-04-05,SY-D-039,กรุงเทพฯ,431,7086
2025-04-05,SY-D-039,ภาคกลาง,360,6838
2025-04-05,SY-D-039,ภาคตะวันออก,245,5567
2025-04-05,SY-D-039,ภาคเหนือ,248,3914
2025-04-05,SY-D-039,ภาคใต้,312,5032
2025-04-05,AG-E-052,กรุงเทพฯ,127,2461
2025-04-05,AG-E-052,ภาคกลาง,103,2022
2025-04-05,AG-E-052,ภาคตะวันออก,87,1537
2025-04-05,AG-E-052,ภาคเหนือ,72,1234
2025-04-05,AG-E-052,ภาคใต้,93,1429
2025-04-06,TK-A-001,กรุงเทพฯ,183,3420
2025-04-06,TK-A-001,ภาคกลาง,145,2827
2025-04-06,TK-A-001,ภาคตะวันออก,113,2029
2025-04-06,TK-A-001,ภาคเหนือ,99,1926
2025-04-06,TK-A-001,ภาคใต้,109,2389
2025-04-06,GL-B-014,กรุงเทพฯ,843,17255
2025-04-06,GL-B-014,ภาคกลาง,736,11733
2025-04-06,GL-B-014,ภาคตะวันออก,576,10527
2025-04-06,GL-B-014,ภาคเหนือ,541,9790
2025-04-06,GL-B-014,ภาคใต้,637,12434
2025-04-06,MK-C-028,กรุงเทพฯ,670,12529
2025-04-06,MK-C-028,ภาคกลาง,556,10336
2025-04-06,MK-C-028,ภาคตะวันออก,404,6767
2025-04-06,MK-C-028,ภาคเหนือ,383,5811
2025-04-06,MK-C-028,ภาคใต้,417,7403
2025-04-06,SY-D-039,กรุงเทพฯ,438,6963
2025-04-06,SY-D-039,ภาคกลาง,383,6299
2025-04-06,SY-D-039,ภาคตะวันออก,285,5154
2025-04-06,SY-D-039,ภาคเหนือ,247,4483
2025-04-06,SY-D-039,ภาคใต้,299,5664
2025-04-06,AG-E-052,กรุงเทพฯ,130,2216
2025-04-06,AG-E-052,ภาคกลาง,103,2025
2025-04-06,AG-E-052,ภาคตะวันออก,78,1422
2025-04-06,AG-E-052,ภาคเหนือ,75,1127
2025-04-06,AG-E-052,ภาคใต้,89,1387
2025-04-07,TK-A-001,กรุงเทพฯ,189,2848
2025-04-07,TK-A-001,ภาคกลาง,150,2804
2025-04-07,TK-A-001,ภาคตะวันออก,109,1977
2025-04-07,TK-A-001,ภาคเหนือ,92,1932
2025-04-07,TK-A-001,ภาคใต้,131,2114
2025-04-07,GL-B-014,กรุงเทพฯ,906,18093
2025-04-07,GL-B-014,ภาคกลาง,810,14678
2025-04-07,GL-B-014,ภาคตะวันออก,541,9684
2025-04-07,GL-B-014,ภาคเหนือ,501,8940
2025-04-07,GL-B-014,ภาคใต้,629,10343
2025-04-07,MK-C-028,กรุงเทพฯ,700,12015
2025-04-07,MK-C-028,ภาคกลาง,567,11008
2025-04-07,MK-C-028,ภาคตะวันออก,396,6294
2025-04-07,MK-C-028,ภาคเหนือ,386,6022
2025-04-07,MK-C-028,ภาคใต้,479,8451
2025-04-07,SY-D-039,กรุงเทพฯ,437,9066
2025-04-07,SY-D-039,ภาคกลาง,380,5582
2025-04-07,SY-D-039,ภาคตะวันออก,260,4132
2025-04-07,SY-D-039,ภาคเหนือ,240,4666
2025-04-07,SY-D-039,ภาคใต้,317,6123
2025-04-07,AG-E-052,กรุงเทพฯ,129,2217
2025-04-07,AG-E-052,ภาคกลาง,111,1882
2025-04-07,AG-E-052,ภาคตะวันออก,74,1338
2025-04-07,AG-E-052,ภาคเหนือ,67,1196
2025-04-07,AG-E-052,ภาคใต้,96,1642
2025-04-08,TK-A-001,กรุงเทพฯ,166,2954
2025-04-08,TK-A-001,ภาคกลาง,148,2381
2025-04-08,TK-A-001,ภาคตะวันออก,114,1677
2025-04-08,TK-A-001,ภาคเหนือ,104,1940
2025-04-08,TK-A-001,ภาคใต้,117,2293
2025-04-08,GL-B-014,กรุงเทพฯ,963,17563
2025-04-08,GL-B-014,ภาคกลาง,725,15030
2025-04-08,GL-B-014,ภาคตะวันออก,540,10568
2025-04-08,GL-B-014,ภาคเหนือ,446,10013
2025-04-08,GL-B-014,ภาคใต้,580,9645
2025-04-08,MK-C-028,กรุงเทพฯ,660,12044
2025-04-08,MK-C-028,ภาคกลาง,515,9617
2025-04-08,MK-C-028,ภาคตะวันออก,422,6987
2025-04-08,MK-C-028,ภาคเหนือ,329,6524
2025-04-08,MK-C-028,ภาคใต้,410,8754
2025-04-08,SY-D-039,กรุงเทพฯ,441,9141
2025-04-08,SY-D-039,ภาคกลาง,377,6546
2025-04-08,SY-D-039,ภาคตะวันออก,288,5477
2025-04-08,SY-D-039,ภาคเหนือ,225,3846
2025-04-08,SY-D-039,ภาคใต้,306,5540
2025-04-08,AG-E-052,กรุงเทพฯ,141,2583
2025-04-08,AG-E-052,ภาคกลาง,110,2179
2025-04-08,AG-E-052,ภาคตะวันออก,86,1523
2025-04-08,AG-E-052,ภาคเหนือ,78,1389
2025-04-08,AG-E-052,ภาคใต้,91,1615
2025-04-09,TK-A-001,กรุงเทพฯ,174,2870
2025-04-09,TK-A-001,ภาคกลาง,148,2330
2025-04-09,TK-A-001,ภาคตะวันออก,110,1908
2025-04-09,TK-A-001,ภาคเหนือ,104,1903
2025-04-09,TK-A-001,ภาคใต้,125,2158
2025-04-09,GL-B-014,กรุงเทพฯ,907,18633
2025-04-09,GL-B-014,ภาคกลาง,797,13470
2025-04-09,GL-B-014,ภาคตะวันออก,607,10622
2025-04-09,GL-B-014,ภาคเหนือ,523,8998
2025-04-09,GL-B-014,ภาคใต้,658,11092
2025-04-09,MK-C-028,กรุงเทพฯ,692,12878
2025-04-09,MK-C-028,ภาคกลาง,498,8667
2025-04-09,MK-C-028,ภาคตะวันออก,398,7629
2025-04-09,MK-C-028,ภาคเหนือ,370,7174
2025-04-09,MK-C-028,ภาคใต้,469,8666
2025-04-09,SY-D-039,กรุงเทพฯ,459,7248
2025-04-09,SY-D-039,ภาคกลาง,383,6907
2025-04-09,SY-D-039,ภาคตะวันออก,257,4652
2025-04-09,SY-D-039,ภาคเหนือ,229,4491
2025-04-09,SY-D-039,ภาคใต้,271,6010
2025-04-09,AG-E-052,กรุงเทพฯ,133,2393
2025-04-09,AG-E-052,ภาคกลาง,103,2017
2025-04-09,AG-E-052,ภาคตะวันออก,83,1656
2025-04-09,AG-E-052,ภาคเหนือ,67,1304
2025-04-09,AG-E-052,ภาคใต้,83,1392
2025-04-10,TK-A-001,กรุงเทพฯ,191,3712
2025-04-10,TK-A-001,ภาคกลาง,142,2308
2025-04-10,TK-A-001,ภาคตะวันออก,103,2086
2025-04-10,TK-A-001,ภาคเหนือ,98,1849
2025-04-10,TK-A-001,ภาคใต้,123,2103
2025-04-10,GL-B-014,กรุงเทพฯ,1002,18857
2025-04-10,GL-B-014,ภาคกลาง,795,14081
2025-04-10,GL-B-014,ภาคตะวันออก,559,10345
2025-04-10,GL-B-014,ภาคเหนือ,474,7670
2025-04-10,GL-B-014,ภาคใต้,646,12217
2025-04-10,MK-C-028,กรุงเทพฯ,631,11882
2025-04-10,MK-C-028,ภาคกลาง,509,8849
2025-04-10,MK-C-028,ภาคตะวันออก,412,6654
2025-04-10,MK-C-028,ภาคเหนือ,326,6720
2025-04-10,MK-C-028,ภาคใต้,465,7490
2025-04-10,SY-D-039,กรุงเทพฯ,450,7970
2025-04-10,SY-D-039,ภาคกลาง,357,5892
2025-04-10,SY-D-039,ภาคตะวันออก,285,4197
2025-04-10,SY-D-039,ภาคเหนือ,236,3888
2025-04-10,SY-D-039,ภาคใต้,283,5337
2025-04-10,AG-E-052,กรุงเทพฯ,128,2306
2025-04-10,AG-E-052,ภาคกลาง,105,1849
2025-04-10,AG-E-052,ภาคตะวันออก,87,1341
2025-04-10,AG-E-052,ภาคเหนือ,71,1307
2025-04-10,AG-E-052,ภาคใต้,96,1764
2025-04-11,TK-A-001,กรุงเทพฯ,184,2779
2025-04-11,TK-A-001,ภาคกลาง,131,2455
2025-04-11,TK-A-001,ภาคตะวันออก,111,1702
2025-04-11,TK-A-001,ภาคเหนือ,102,1972
2025-04-11,TK-A-001,ภาคใต้,111,2289
2025-04-11,GL-B-014,กรุงเทพฯ,1000,16751
2025-04-11,GL-B-014,ภาคกลาง,782,14597
2025-04-11,GL-B-014,ภาคตะวันออก,538,9449
2025-04-11,GL-B-014,ภาคเหนือ,527,9861
2025-04-11,GL-B-014,ภาคใต้,574,12629
2025-04-11,MK-C-028,กรุงเทพฯ,722,12815
2025-04-11,MK-C-028,ภาคกลาง,543,10517
2025-04-11,MK-C-028,ภาคตะวันออก,435,7890
2025-04-11,MK-C-028,ภาคเหนือ,337,6285
2025-04-11,MK-C-028,ภาคใต้,457,7579
2025-04-11,SY-D-039,กรุงเทพฯ,429,9109
2025-04-11,SY-D-039,ภาคกลาง,394,6599
2025-04-11,SY-D-039,ภาคตะวันออก,281,4562
2025-04-11,SY-D-039,ภาคเหนือ,257,4906
2025-04-11,SY-D-039,ภาคใต้,284,5220
2025-04-11,AG-E-052,กรุงเทพฯ,143,2145
2025-04-11,AG-E-052,ภาคกลาง,98,1823
2025-04-11,AG-E-052,ภาคตะวันออก,85,1297
2025-04-11,AG-E-052,ภาคเหนือ,66,1151
2025-04-11,AG-E-052,ภาคใต้,98,1488
2025-04-12,TK-A-001,กรุงเทพฯ,179,3224
2025-04-12,TK-A-001,ภาคกลาง,149,2790
2025-04-12,TK-A-001,ภาคตะวันออก,105,1676
2025-04-12,TK-A-001,ภาคเหนือ,87,1883
2025-04-12,TK-A-001,ภาคใต้,116,1921
2025-04-12,GL-B-014,กรุงเทพฯ,868,17613
2025-04-12,GL-B-014,ภาคกลาง,698,12518
2025-04-12,GL-B-014,ภาคตะวันออก,522,11521
2025-04-12,GL-B-014,ภาคเหนือ,519,10163
2025-04-12,GL-B-014,ภาคใต้,629,10044
2025-04-12,MK-C-028,กรุงเทพฯ,708,10632
2025-04-12,MK-C-028,ภาคกลาง,580,9859
2025-04-12,MK-C-028,ภาคตะวันออก,395,6245
2025-04-12,MK-C-028,ภาคเหนือ,348,6477
2025-04-12,MK-C-028,ภาคใต้,469,7225
2025-04-12,SY-D-039,กรุงเทพฯ,494,7208
2025-04-12,SY-D-039,ภาคกลาง,326,5732
2025-04-12,SY-D-039,ภาคตะวันออก,268,4933
2025-04-12,SY-D-039,ภาคเหนือ,231,4413
2025-04-12,SY-D-039,ภาคใต้,284,5782
2025-04-12,AG-E-052,กรุงเทพฯ,142,2632
2025-04-12,AG-E-052,ภาคกลาง,106,1948
2025-04-12,AG-E-052,ภาคตะวันออก,79,1430
2025-04-12,AG-E-052,ภาคเหนือ,78,1158
2025-04-12,AG-E-052,ภาคใต้,83,1780
2025-04-13,TK-A-001,กรุงเทพฯ,166,3347
2025-04-13,TK-A-001,ภาคกลาง,130,2837
2025-04-13,TK-A-001,ภาคตะวันออก,116,1930
2025-04-13,TK-A-001,ภาคเหนือ,88,1721
2025-04-13,TK-A-001,ภาคใต้,122,2467
2025-04-13,GL-B-014,กรุงเทพฯ,891,16485
2025-04-13,GL-B-014,ภาคกลาง,670,14512
2025-04-13,GL-B-014,ภาคตะวันออก,583,8651
2025-04-13,GL-B-014,ภาคเหนือ,501,8816
2025-04-13,GL-B-014,ภาคใต้,630,12660
2025-04-13,MK-C-028,กรุงเทพฯ,707,12811
2025-04-13,MK-C-028,ภาคกลาง,579,8482
2025-04-13,MK-C-028,ภาคตะวันออก,409,7539
2025-04-13,MK-C-028,ภาคเหนือ,381,6591
2025-04-13,MK-C-028,ภาคใต้,420,7179
2025-04-13,SY-D-039,กรุงเทพฯ,435,7609
2025-04-13,SY-D-039,ภาคกลาง,348,6826
2025-04-13,SY-D-039,ภาคตะวันออก,263,4840
2025-04-13,SY-D-039,ภาคเหนือ,227,3831
2025-04-13,SY-D-039,ภาคใต้,286,5999
2025-04-13,AG-E-052,กรุงเทพฯ,137,2535
2025-04-13,AG-E-052,ภาคกลาง,101,2121
2025-04-13,AG-E-052,ภาคตะวันออก,80,1522
2025-04-13,AG-E-052,ภาคเหนือ,65,1236
2025-04-13,AG-E-052,ภาคใต้,97,1563
2025-04-14,TK-A-001,กรุงเทพฯ,167,3621
2025-04-14,TK-A-001,ภาคกลาง,147,2588
2025-04-14,TK-A-001,ภาคตะวันออก,97,1743
2025-04-14,TK-A-001,ภาคเหนือ,87,1905
2025-04-14,TK-A-001,ภาคใต้,123,2136
2025-04-14,GL-B-014,กรุงเทพฯ,891,15655
2025-04-14,GL-B-014,ภาคกลาง,712,14030
2025-04-14,GL-B-014,ภาคตะวันออก,583,9392
2025-04-14,GL-B-014,ภาคเหนือ,532,7958
2025-04-14,GL-B-014,ภาคใต้,581,11085
2025-04-14,MK-C-028,กรุงเทพฯ,614,13050
2025-04-14,MK-C-028,ภาคกลาง,539,10049
2025-04-14,MK-C-028,ภาคตะวันออก,438,7496
2025-04-14,MK-C-028,ภาคเหนือ,325,6443
2025-04-14,MK-C-028,ภาคใต้,478,6943
2025-04-14,SY-D-039,กรุงเทพฯ,488,8696
2025-04-14,SY-D-039,ภาคกลาง,367,6025
2025-04-14,SY-D-039,ภาคตะวันออก,283,5298
2025-04-14,SY-D-039,ภาคเหนือ,241,4372
2025-04-14,SY-D-039,ภาคใต้,286,4673
2025-04-14,AG-E-052,กรุงเทพฯ,129,2513
2025-04-14,AG-E-052,ภาคกลาง,118,1805
2025-04-14,AG-E-052,ภาคตะวันออก,78,1280
2025-04-14,AG-E-052,ภาคเหนือ,69,1434
2025-04-14,AG-E-052,ภาคใต้,85,1840
2025-04-15,TK-A-001,กรุงเทพฯ,190,3046
2025-04-15,TK-A-001,ภาคกลาง,142,2269
2025-04-15,TK-A-001,ภาคตะวันออก,109,1653
2025-04-15,TK-A-001,ภาคเหนือ,90,1910
2025-04-15,TK-A-001,ภาคใต้,129,2027
2025-04-15,GL-B-014,กรุงเทพฯ,916,18996
2025-04-15,GL-B-014,ภาคกลาง,785,13312
2025-04-15,GL-B-014,ภาคตะวันออก,540,8757
2025-04-15,GL-B-014,ภาคเหนือ,532,10237
2025-04-15,GL-B-014,ภาคใต้,637,9951
2025-04-15,MK-C-028,กรุงเทพฯ,716,10764
2025-04-15,MK-C-028,ภาคกลาง,518,8586
2025-04-15,MK-C-028,ภาคตะวันออก,378,8276
2025-04-15,MK-C-028,ภาคเหนือ,346,6811
2025-04-15,MK-C-028,ภาคใต้,466,7698
2025-04-15,SY-D-039,กรุงเทพฯ,491,7507
2025-04-15,SY-D-039,ภาคกลาง,390,5728
2025-04-15,SY-D-039,ภาคตะวันออก,268,4479
2025-04-15,SY-D-039,ภาคเหนือ,220,4893
2025-04-15,SY-D-039,ภาคใต้,271,4984
2025-04-15,AG-E-052,กรุงเทพฯ,131,2333
2025-04-15,AG-E-052,ภาคกลาง,112,2171
2025-04-15,AG-E-052,ภาคตะวันออก,74,1256
2025-04-15,AG-E-052,ภาคเหนือ,71,1279
2025-04-15,AG-E-052,ภาคใต้,91,1483
2025-04-16,TK-A-001,กรุงเทพฯ,184,3001
2025-04-16,TK-A-001,ภาคกลาง,137,2934
2025-04-16,TK-A-001,ภาคตะวันออก,108,2058
2025-04-16,TK-A-001,ภาคเหนือ,91,1733
2025-04-16,TK-A-001,ภาคใต้,119,2066
2025-04-16,GL-B-014,กรุงเทพฯ,849,15145
2025-04-16,GL-B-014,ภาคกลาง,694,13431
2025-04-16,GL-B-014,ภาคตะวันออก,536,9159
2025-04-16,GL-B-014,ภาคเหนือ,449,10151
2025-04-16,GL-B-014,ภาคใต้,618,11452
2025-04-16,MK-C-028,กรุงเทพฯ,674,10635
2025-04-16,MK-C-028,ภาคกลาง,513,8955
2025-04-16,MK-C-028,ภาคตะวันออก,427,7288
2025-04-16,MK-C-028,ภาคเหนือ,330,6262
2025-04-16,MK-C-028,ภาคใต้,457,8586
2025-04-16,SY-D-039,กรุงเทพฯ,417,7875
2025-04-16,SY-D-039,ภาคกลาง,368,6632
2025-04-16,SY-D-039,ภาคตะวันออก,261,4744
2025-04-16,SY-D-039,ภาคเหนือ,260,4644
2025-04-16,SY-D-039,ภาคใต้,319,5180
2025-04-16,AG-E-052,กรุงเทพฯ,136,2792
2025-04-16,AG-E-052,ภาคกลาง,102,1870
2025-04-16,AG-E-052,ภาคตะวันออก,85,1379
2025-04-16,AG-E-052,ภาคเหนือ,72,1348
2025-04-16,AG-E-052,ภาคใต้,82,1560
2025-04-17,TK-A-001,กรุงเทพฯ,171,2854
2025-04-17,TK-A-001,ภาคกลาง,158,2457
2025-04-17,TK-A-001,ภาคตะวันออก,110,2071
2025-04-17,TK-A-001,ภาคเหนือ,95,1639
2025-04-17,TK-A-001,ภาคใต้,122,1843
2025-04-17,GL-B-014,กรุงเทพฯ,890,15384
2025-04-17,GL-B-014,ภาคกลาง,800,12374
2025-04-17,GL-B-014,ภาคตะวันออก,585,9123
2025-04-17,GL-B-014,ภาคเหนือ,523,8887
2025-04-17,GL-B-014,ภาคใต้,647,10479
2025-04-17,MK-C-028,กรุงเทพฯ,728,11080
2025-04-17,MK-C-028,ภาคกลาง,562,9259
2025-04-17,MK-C-028,ภาคตะวันออก,406,7063
2025-04-17,MK-C-028,ภาคเหนือ,340,6343
2025-04-17,MK-C-028,ภาคใต้,486,7412
2025-04-17,SY-D-039,กรุงเทพฯ,443,6949
2025-04-17,SY-D-039,ภาคกลาง,390,6809
2025-04-17,SY-D-039,ภาคตะวันออก,244,4950
2025-04-17,SY-D-039,ภาคเหนือ,256,4813
2025-04-17,SY-D-039,ภาคใต้,321,5911
2025-04-17,AG-E-052,กรุงเทพฯ,148,2725
2025-04-17,AG-E-052,ภาคกลาง,112,2009
2025-04-17,AG-E-052,ภาคตะวันออก,86,1322
2025-04-17,AG-E-052,ภาคเหนือ,66,1326
2025-04-17,AG-E-052,ภาคใต้,89,1412
2025-04-18,TK-A-001,กรุงเทพฯ,172,3724
2025-04-18,TK-A-001,ภาคกลาง,152,2976
2025-04-18,TK-A-001,ภาคตะวันออก,110,1665
2025-04-18,TK-A-001,ภาคเหนือ,103,1603
2025-04-18,TK-A-001,ภาคใต้,129,2307
2025-04-18,GL-B-014,กรุงเทพฯ,962,16946
2025-04-18,GL-B-014,ภาคกลาง,802,14699
2025-04-18,GL-B-014,ภาคตะวันออก,517,10000
2025-04-18,GL-B-014,ภาคเหนือ,482,7654
2025-04-18,GL-B-014,ภาคใต้,636,9708
2025-04-18,MK-C-028,กรุงเทพฯ,686,11384
2025-04-18,MK-C-028,ภาคกลาง,510,9968
2025-04-18,MK-C-028,ภาคตะวันออก,421,7399
2025-04-18,MK-C-028,ภาคเหนือ,380,6386
2025-04-18,MK-C-028,ภาคใต้,470,8316
2025-04-18,SY-D-039,กรุงเทพฯ,425,7223
2025-04-18,SY-D-039,ภาคกลาง,342,5817
2025-04-18,SY-D-039,ภาคตะวันออก,249,5514
2025-04-18,SY-D-039,ภาคเหนือ,229,4402
2025-04-18,SY-D-039,ภาคใต้,314,5370
2025-04-18,AG-E-052,กรุงเทพฯ,140,2238
2025-04-18,AG-E-052,ภาคกลาง,116,2211
2025-04-18,AG-E-052,ภาคตะวันออก,77,1276
2025-04-18,AG-E-052,ภาคเหนือ,74,1399
2025-04-18,AG-E-052,ภาคใต้,99,1663
2025-04-19,TK-A-001,กรุงเทพฯ,165,3610
2025-04-19,TK-A-001,ภาคกลาง,150,2958
2025-04-19,TK-A-001,ภาคตะวันออก,116,1699
2025-04-19,TK-A-001,ภาคเหนือ,103,1931
2025-04-19,TK-A-001,ภาคใต้,120,1849
2025-04-19,GL-B-014,กรุงเทพฯ,946,16673
2025-04-19,GL-B-014,ภาคกลาง,695,14015
2025-04-19,GL-B-014,ภาคตะวันออก,547,10718
2025-04-19,GL-B-014,ภาคเหนือ,530,9086
2025-04-19,GL-B-014,ภาคใต้,596,10760
2025-04-19,MK-C-028,กรุงเทพฯ,645,10701
2025-04-19,MK-C-028,ภาคกลาง,523,8635
2025-04-19,MK-C-028,ภาคตะวันออก,391,7477
2025-04-19,MK-C-028,ภาคเหนือ,338,6481
2025-04-19,MK-C-028,ภาคใต้,417,8666
2025-04-19,SY-D-039,กรุงเทพฯ,407,8751
2025-04-19,SY-D-039,ภาคกลาง,361,5887
2025-04-19,SY-D-039,ภาคตะวันออก,283,5543
2025-04-19,SY-D-039,ภาคเหนือ,219,4882
2025-04-19,SY-D-039,ภาคใต้,295,5606
2025-04-19,AG-E-052,กรุงเทพฯ,134,2536
2025-04-19,AG-E-052,ภาคกลาง,111,2186
2025-04-19,AG-E-052,ภาคตะวันออก,78,1505
2025-04-19,AG-E-052,ภาคเหนือ,76,1209
2025-04-19,AG-E-052,ภาคใต้,86,1659
2025-04-20,TK-A-001,กรุงเทพฯ,186,3511
2025-04-20,TK-A-001,ภาคกลาง,133,2727
2025-04-20,TK-A-001,ภาคตะวันออก,101,2065
2025-04-20,TK-A-001,ภาคเหนือ,101,1627
2025-04-20,TK-A-001,ภาคใต้,118,1945
2025-04-20,GL-B-014,กรุงเทพฯ,946,17430
2025-04-20,GL-B-014,ภาคกลาง,797,14273
2025-04-20,GL-B-014,ภาคตะวันออก,579,8977
2025-04-20,GL-B-014,ภาคเหนือ,510,8352
2025-04-20,GL-B-014,ภาคใต้,617,10183
2025-04-20,MK-C-028,กรุงเทพฯ,659,13540
2025-04-20,MK-C-028,ภาคกลาง,496,10719
2025-04-20,MK-C-028,ภาคตะวันออก,425,8188
2025-04-20,MK-C-028,ภาคเหนือ,389,7447
2025-04-20,MK-C-028,ภาคใต้,455,6992
2025-04-20,SY-D-039,กรุงเทพฯ,409,6958
2025-04-20,SY-D-039,ภาคกลาง,382,7364
2025-04-20,SY-D-039,ภาคตะวันออก,271,4517
2025-04-20,SY-D-039,ภาคเหนือ,229,4220
2025-04-20,SY-D-039,ภาคใต้,311,5834
2025-04-20,AG-E-052,กรุงเทพฯ,135,2479
2025-04-20,AG-E-052,ภาคกลาง,117,2082
2025-04-20,AG-E-052,ภาคตะวันออก,74,1343
2025-04-20,AG-E-052,ภาคเหนือ,74,1154
2025-04-20,AG-E-052,ภาคใต้,96,1771
2025-04-21,TK-A-001,กรุงเทพฯ,176,3220
2025-04-21,TK-A-001,ภาคกลาง,142,2922
2025-04-21,TK-A-001,ภาคตะวันออก,108,2173
2025-04-21,TK-A-001,ภาคเหนือ,102,1936
2025-04-21,TK-A-001,ภาคใต้,110,2382
2025-04-21,GL-B-014,กรุงเทพฯ,873,18709
2025-04-21,GL-B-014,ภาคกลาง,680,12169
2025-04-21,GL-B-014,ภาคตะวันออก,571,11538
2025-04-21,GL-B-014,ภาคเหนือ,474,8818
2025-04-21,GL-B-014,ภาคใต้,613,12377
2025-04-21,MK-C-028,กรุงเทพฯ,667,11735
2025-04-21,MK-C-028,ภาคกลาง,489,9926
2025-04-21,MK-C-028,ภาคตะวันออก,375,6866
2025-04-21,MK-C-028,ภาคเหนือ,350,6988
2025-04-21,MK-C-028,ภาคใต้,466,8909
2025-04-21,SY-D-039,กรุงเทพฯ,422,7688
2025-04-21,SY-D-039,ภาคกลาง,373,7141
2025-04-21,SY-D-039,ภาคตะวันออก,293,4371
2025-04-21,SY-D-039,ภาคเหนือ,251,4764
2025-04-21,SY-D-039,ภาคใต้,303,5726
2025-04-21,AG-E-052,กรุงเทพฯ,127,2195
2025-04-21,AG-E-052,ภาคกลาง,103,1844
2025-04-21,AG-E-052,ภาคตะวันออก,84,1513
2025-04-21,AG-E-052,ภาคเหนือ,71,1444
2025-04-21,AG-E-052,ภาคใต้,95,1550
2025-04-22,TK-A-001,กรุงเทพฯ,167,3492
2025-04-22,TK-A-001,ภาคกลาง,135,2467
2025-04-22,TK-A-001,ภาคตะวันออก,109,1909
2025-04-22,TK-A-001,ภาคเหนือ,93,1799
2025-04-22,TK-A-001,ภาคใต้,127,2073
2025-04-22,GL-B-014,กรุงเทพฯ,937,15089
2025-04-22,GL-B-014,ภาคกลาง,674,13450
2025-04-22,GL-B-014,ภาคตะวันออก,589,11238
2025-04-22,GL-B-014,ภาคเหนือ,542,7998
2025-04-22,GL-B-014,ภาคใต้,632,11177
2025-04-22,MK-C-028,กรุงเทพฯ,712,12231
2025-04-22,MK-C-028,ภาคกลาง,557,8412
2025-04-22,MK-C-028,ภาคตะวันออก,418,7288
2025-04-22,MK-C-028,ภาคเหนือ,353,5781
2025-04-22,MK-C-028,ภาคใต้,414,8037
2025-04-22,SY-D-039,กรุงเทพฯ,410,8273
2025-04-22,SY-D-039,ภาคกลาง,365,7415
2025-04-22,SY-D-039,ภาคตะวันออก,294,4969
2025-04-22,SY-D-039,ภาคเหนือ,240,4748
2025-04-22,SY-D-039,ภาคใต้,314,4651
2025-04-22,AG-E-052,กรุงเทพฯ,134,2626
2025-04-22,AG-E-052,ภาคกลาง,102,1856
2025-04-22,AG-E-052,ภาคตะวันออก,75,1645
2025-04-22,AG-E-052,ภาคเหนือ,75,1402
2025-04-22,AG-E-052,ภาคใต้,87,1658
2025-04-23,TK-A-001,กรุงเทพฯ,190,3200
2025-04-23,TK-A-001,ภาคกลาง,135,2951
2025-04-23,TK-A-001,ภาคตะวันออก,117,1960
2025-04-23,TK-A-001,ภาคเหนือ,93,1569
2025-04-23,TK-A-001,ภาคใต้,114,2366
2025-04-23,GL-B-014,กรุงเทพฯ,991,16932
2025-04-23,GL-B-014,ภาคกลาง,760,12331
2025-04-23,GL-B-014,ภาคตะวันออก,571,10161
2025-04-23,GL-B-014,ภาคเหนือ,498,9736
2025-04-23,GL-B-014,ภาคใต้,601,12114
2025-04-23,MK-C-028,กรุงเทพฯ,686,13345
2025-04-23,MK-C-028,ภาคกลาง,574,9225
2025-04-23,MK-C-028,ภาคตะวันออก,374,8019
2025-04-23,MK-C-028,ภาคเหนือ,379,5555
2025-04-23,MK-C-028,ภาคใต้,406,7143
2025-04-23,SY-D-039,กรุงเทพฯ,454,7552
2025-04-23,SY-D-039,ภาคกลาง,379,5600
2025-04-23,SY-D-039,ภาคตะวันออก,265,4143
2025-04-23,SY-D-039,ภาคเหนือ,241,4561
2025-04-23,SY-D-039,ภาคใต้,305,5951
2025-04-23,AG-E-052,กรุงเทพฯ,133,2072
2025-04-23,AG-E-052,ภาคกลาง,105,2073
2025-04-23,AG-E-052,ภาคตะวันออก,82,1675
2025-04-23,AG-E-052,ภาคเหนือ,77,1329
2025-04-23,AG-E-052,ภาคใต้,91,1619
2025-04-24,TK-A-001,กรุงเทพฯ,179,3472
2025-04-24,TK-A-001,ภาคกลาง,135,2473
2025-04-24,TK-A-001,ภาคตะวันออก,106,1681
2025-04-24,TK-A-001,ภาคเหนือ,103,1652
2025-04-24,TK-A-001,ภาคใต้,121,1932
2025-04-24,GL-B-014,กรุงเทพฯ,1006,14494
2025-04-24,GL-B-014,ภาคกลาง,784,12233
2025-04-24,GL-B-014,ภาคตะวันออก,599,9682
2025-04-24,GL-B-014,ภาคเหนือ,456,7704
2025-04-24,GL-B-014,ภาคใต้,571,11571
2025-04-24,MK-C-028,กรุงเทพฯ,714,12181
2025-04-24,MK-C-028,ภาคกลาง,545,9210
2025-04-24,MK-C-028,ภาคตะวันออก,430,7431
2025-04-24,MK-C-028,ภาคเหนือ,374,5538
2025-04-24,MK-C-028,ภาคใต้,462,7880
2025-04-24,SY-D-039,กรุงเทพฯ,461,9084
2025-04-24,SY-D-039,ภาคกลาง,338,6511
2025-04-24,SY-D-039,ภาคตะวันออก,244,5515
2025-04-24,SY-D-039,ภาคเหนือ,263,4402
2025-04-24,SY-D-039,ภาคใต้,297,6055
2025-04-24,AG-E-052,กรุงเทพฯ,140,2456
2025-04-24,AG-E-052,ภาคกลาง,100,1817
2025-04-24,AG-E-052,ภาคตะวันออก,88,1459
2025-04-24,AG-E-052,ภาคเหนือ,68,1231
2025-04-24,AG-E-052,ภาคใต้,95,1783
2025-04-25,TK-A-001,กรุงเทพฯ,176,3192
2025-04-25,TK-A-001,ภาคกลาง,147,2910
2025-04-25,TK-A-001,ภาคตะวันออก,109,2029
2025-04-25,TK-A-001,ภาคเหนือ,102,1727
2025-04-25,TK-A-001,ภาคใต้,113,2465
2025-04-25,GL-B-014,กรุงเทพฯ,1004,16475
2025-04-25,GL-B-014,ภาคกลาง,809,11509
2025-04-25,GL-B-014,ภาคตะวันออก,593,9543
2025-04-25,GL-B-014,ภาคเหนือ,499,7595
2025-04-25,GL-B-014,ภาคใต้,630,10006
2025-04-25,MK-C-028,กรุงเทพฯ,640,13059
2025-04-25,MK-C-028,ภาคกลาง,565,9177
2025-04-25,MK-C-028,ภาคตะวันออก,367,8339
2025-04-25,MK-C-028,ภาคเหนือ,365,6284
2025-04-25,MK-C-028,ภาคใต้,485,8209
2025-04-25,SY-D-039,กรุงเทพฯ,494,8220
2025-04-25,SY-D-039,ภาคกลาง,332,6081
2025-04-25,SY-D-039,ภาคตะวันออก,290,4702
2025-04-25,SY-D-039,ภาคเหนือ,247,3823
2025-04-25,SY-D-039,ภาคใต้,300,5955
2025-04-25,AG-E-052,กรุงเทพฯ,123,2105
2025-04-25,AG-E-052,ภาคกลาง,105,1810
2025-04-25,AG-E-052,ภาคตะวันออก,84,1524
2025-04-25,AG-E-052,ภาคเหนือ,73,1412
2025-04-25,AG-E-052,ภาคใต้,87,1811
2025-04-26,TK-A-001,กรุงเทพฯ,175,3479
2025-04-26,TK-A-001,ภาคกลาง,155,2527
2025-04-26,TK-A-001,ภาคตะวันออก,113,1943
2025-04-26,TK-A-001,ภาคเหนือ,95,1908
2025-04-26,TK-A-001,ภาคใต้,109,2028
2025-04-26,GL-B-014,กรุงเทพฯ,945,16358
2025-04-26,GL-B-014,ภาคกลาง,699,14331
2025-04-26,GL-B-014,ภาคตะวันออก,523,9439
2025-04-26,GL-B-014,ภาคเหนือ,510,10129
2025-04-26,GL-B-014,ภาคใต้,612,9976
2025-04-26,MK-C-028,กรุงเทพฯ,649,13283
2025-04-26,MK-C-028,ภาคกลาง,549,11112
2025-04-26,MK-C-028,ภาคตะวันออก,402,7497
2025-04-26,MK-C-028,ภาคเหนือ,383,6094
2025-04-26,MK-C-028,ภาคใต้,466,9089
2025-04-26,SY-D-039,กรุงเทพฯ,405,6932
2025-04-26,SY-D-039,ภาคกลาง,379,7249
2025-04-26,SY-D-039,ภาคตะวันออก,264,5147
2025-04-26,SY-D-039,ภาคเหนือ,225,4962
2025-04-26,SY-D-039,ภาคใต้,328,4753
2025-04-26,AG-E-052,กรุงเทพฯ,131,2597
2025-04-26,AG-E-052,ภาคกลาง,118,1735
2025-04-26,AG-E-052,ภาคตะวันออก,86,1385
2025-04-26,AG-E-052,ภาคเหนือ,72,1343
2025-04-26,AG-E-052,ภาคใต้,84,1479
2025-04-27,TK-A-001,กรุงเทพฯ,191,3154
2025-04-27,TK-A-001,ภาคกลาง,137,2596
2025-04-27,TK-A-001,ภาคตะวันออก,116,2214
2025-04-27,TK-A-001,ภาคเหนือ,92,1610
2025-04-27,TK-A-001,ภาคใต้,112,2023
2025-04-27,GL-B-014,กรุงเทพฯ,885,14466
2025-04-27,GL-B-014,ภาคกลาง,720,14597
2025-04-27,GL-B-014,ภาคตะวันออก,540,10970
2025-04-27,GL-B-014,ภาคเหนือ,451,9333
2025-04-27,GL-B-014,ภาคใต้,565,11509
2025-04-27,MK-C-028,กรุงเทพฯ,684,12052
2025-04-27,MK-C-028,ภาคกลาง,510,9343
2025-04-27,MK-C-028,ภาคตะวันออก,405,7586
2025-04-27,MK-C-028,ภาคเหนือ,341,6825
2025-04-27,MK-C-028,ภาคใต้,419,7946
2025-04-27,SY-D-039,กรุงเทพฯ,480,7982
2025-04-27,SY-D-039,ภาคกลาง,324,7170
2025-04-27,SY-D-039,ภาคตะวันออก,283,5473
2025-04-27,SY-D-039,ภาคเหนือ,242,4649
2025-04-27,SY-D-039,ภาคใต้,307,5077
2025-04-27,AG-E-052,กรุงเทพฯ,130,2564
2025-04-27,AG-E-052,ภาคกลาง,107,2234
2025-04-27,AG-E-052,ภาคตะวันออก,75,1530
2025-04-27,AG-E-052,ภาคเหนือ,78,1228
2025-04-27,AG-E-052,ภาคใต้,90,1670
2025-04-28,TK-A-001,กรุงเทพฯ,188,2767
2025-04-28,TK-A-001,ภาคกลาง,156,2369
2025-04-28,TK-A-001,ภาคตะวันออก,98,1674
2025-04-28,TK-A-001,ภาคเหนือ,95,1784
2025-04-28,TK-A-001,ภาคใต้,127,2156
2025-04-28,GL-B-014,กรุงเทพฯ,869,18915
2025-04-28,GL-B-014,ภาคกลาง,725,13730
2025-04-28,GL-B-014,ภาคตะวันออก,566,10591
2025-04-28,GL-B-014,ภาคเหนือ,512,10102
2025-04-28,GL-B-014,ภาคใต้,647,11507
2025-04-28,MK-C-028,กรุงเทพฯ,611,13296
2025-04-28,MK-C-028,ภาคกลาง,565,9200
2025-04-28,MK-C-028,ภาคตะวันออก,386,8226
2025-04-28,MK-C-028,ภาคเหนือ,343,5630
2025-04-28,MK-C-028,ภาคใต้,447,9144
2025-04-28,SY-D-039,กรุงเทพฯ,473,7231
2025-04-28,SY-D-039,ภาคกลาง,330,7068
2025-04-28,SY-D-039,ภาคตะวันออก,254,4254
2025-04-28,SY-D-039,ภาคเหนือ,260,4561
2025-04-28,SY-D-039,ภาคใต้,270,5449
2025-04-28,AG-E-052,กรุงเทพฯ,141,2719
2025-04-28,AG-E-052,ภาคกลาง,113,1837
2025-04-28,AG-E-052,ภาคตะวันออก,83,1310
2025-04-28,AG-E-052,ภาคเหนือ,71,1244
2025-04-28,AG-E-052,ภาคใต้,87,1539
2025-04-29,TK-A-001,กรุงเทพฯ,169,3031
2025-04-29,TK-A-001,ภาคกลาง,150,2273
2025-04-29,TK-A-001,ภาคตะวันออก,112,2121
2025-04-29,TK-A-001,ภาคเหนือ,101,1674
2025-04-29,TK-A-001,ภาคใต้,124,2132
2025-04-29,GL-B-014,กรุงเทพฯ,878,17983
2025-04-29,GL-B-014,ภาคกลาง,681,11883
2025-04-29,GL-B-014,ภาคตะวันออก,548,9866
2025-04-29,GL-B-014,ภาคเหนือ,473,8569
2025-04-29,GL-B-014,ภาคใต้,645,10866
2025-04-29,MK-C-028,กรุงเทพฯ,614,12642
2025-04-29,MK-C-028,ภาคกลาง,522,9395
2025-04-29,MK-C-028,ภาคตะวันออก,375,7963
2025-04-29,MK-C-028,ภาคเหนือ,366,6247
2025-04-29,MK-C-028,ภาคใต้,470,8453
2025-04-29,SY-D-039,กรุงเทพฯ,459,8765
2025-04-29,SY-D-039,ภาคกลาง,344,5672
2025-04-29,SY-D-039,ภาคตะวันออก,273,4926
2025-04-29,SY-D-039,ภาคเหนือ,233,4319
2025-04-29,SY-D-039,ภาคใต้,321,5165
2025-04-29,AG-E-052,กรุงเทพฯ,134,2301
2025-04-29,AG-E-052,ภาคกลาง,110,1969
2025-04-29,AG-E-052,ภาคตะวันออก,75,1533
2025-04-29,AG-E-052,ภาคเหนือ,72,1214
2025-04-29,AG-E-052,ภาคใต้,89,1792
2025-04-30,TK-A-001,กรุงเทพฯ,194,3195
2025-04-30,TK-A-001,ภาคกลาง,140,2920
2025-04-30,TK-A-001,ภาคตะวันออก,114,2158
2025-04-30,TK-A-001,ภาคเหนือ,99,1802
2025-04-30,TK-A-001,ภาคใต้,122,1883
2025-04-30,GL-B-014,กรุงเทพฯ,849,16861
2025-04-30,GL-B-014,ภาคกลาง,766,14645
2025-04-30,GL-B-014,ภาคตะวันออก,603,10964
2025-04-30,GL-B-014,ภาคเหนือ,469,9563
2025-04-30,GL-B-014,ภาคใต้,631,11291
2025-04-30,MK-C-028,กรุงเทพฯ,673,10850
2025-04-30,MK-C-028,ภาคกลาง,561,8724
2025-04-30,MK-C-028,ภาคตะวันออก,379,7773
2025-04-30,MK-C-028,ภาคเหนือ,383,5835
2025-04-30,MK-C-028,ภาคใต้,451,8338
2025-04-30,SY-D-039,กรุงเทพฯ,472,8966
2025-04-30,SY-D-039,ภาคกลาง,376,5876
2025-04-30,SY-D-039,ภาคตะวันออก,273,4362
2025-04-30,SY-D-039,ภาคเหนือ,224,4472
2025-04-30,SY-D-039,ภาคใต้,315,4711
2025-04-30,AG-E-052,กรุงเทพฯ,123,2588
2025-04-30,AG-E-052,ภาคกลาง,104,1811
2025-04-30,AG-E-052,ภาคตะวันออก,76,1631
2025-04-30,AG-E-052,ภาคเหนือ,73,1399
2025-04-30,AG-E-052,ภาคใต้,82,1554
2025-05-01,TK-A-001,กรุงเทพฯ,169,3554
2025-05-01,TK-A-001,ภาคกลาง,145,2587
2025-05-01,TK-A-001,ภาคตะวันออก,110,1928
2025-05-01,TK-A-001,ภาคเหนือ,102,1639
2025-05-01,TK-A-001,ภาคใต้,119,2011
2025-05-01,GL-B-014,กรุงเทพฯ,870,16787
2025-05-01,GL-B-014,ภาคกลาง,764,12195
2025-05-01,GL-B-014,ภาคตะวันออก,517,8950
2025-05-01,GL-B-014,ภาคเหนือ,454,9931
2025-05-01,GL-B-014,ภาคใต้,637,10546
2025-05-01,MK-C-028,กรุงเทพฯ,725,11678
2025-05-01,MK-C-028,ภาคกลาง,560,9507
2025-05-01,MK-C-028,ภาคตะวันออก,416,7125
2025-05-01,MK-C-028,ภาคเหนือ,349,6211
2025-05-01,MK-C-028,ภาคใต้,432,8831
2025-05-01,SY-D-039,กรุงเทพฯ,408,7531
2025-05-01,SY-D-039,ภาคกลาง,380,5536
2025-05-01,SY-D-039,ภาคตะวันออก,286,4901
2025-05-01,SY-D-039,ภาคเหนือ,236,4695
2025-05-01,SY-D-039,ภาคใต้,299,4671
2025-05-01,AG-E-052,กรุงเทพฯ,141,2716
2025-05-01,AG-E-052,ภาคกลาง,110,1685
2025-05-01,AG-E-052,ภาคตะวันออก,77,1341
2025-05-01,AG-E-052,ภาคเหนือ,75,1473
2025-05-01,AG-E-052,ภาคใต้,84,1556
2025-05-02,TK-A-001,กรุงเทพฯ,170,2786
2025-05-02,TK-A-001,ภาคกลาง,147,2836
2025-05-02,TK-A-001,ภาคตะวันออก,104,2213
2025-05-02,TK-A-001,ภาคเหนือ,98,1874
2025-05-02,TK-A-001,ภาคใต้,126,2120
2025-05-02,GL-B-014,กรุงเทพฯ,984,15532
2025-05-02,GL-B-014,ภาคกลาง,809,13077
2025-05-02,GL-B-014,ภาคตะวันออก,583,10176
2025-05-02,GL-B-014,ภาคเหนือ,452,9622
2025-05-02,GL-B-014,ภาคใต้,626,11668
2025-05-02,MK-C-028,กรุงเทพฯ,669,11111
2025-05-02,MK-C-028,ภาคกลาง,534,8905
2025-05-02,MK-C-028,ภาคตะวันออก,391,6547
2025-05-02,MK-C-028,ภาคเหนือ,343,7071
2025-05-02,MK-C-028,ภาคใต้,485,7971
2025-05-02,SY-D-039,กรุงเทพฯ,486,8587
2025-05-02,SY-D-039,ภาคกลาง,392,5942
2025-05-02,SY-D-039,ภาคตะวันออก,274,5155
2025-05-02,SY-D-039,ภาคเหนือ,219,4602
2025-05-02,SY-D-039,ภาคใต้,271,5257
2025-05-02,AG-E-052,กรุงเทพฯ,133,2243
2025-05-02,AG-E-052,ภาคกลาง,103,1656
2025-05-02,AG-E-052,ภาคตะวันออก,76,1655
2025-05-02,AG-E-052,ภาคเหนือ,69,1337
2025-05-02,AG-E-052,ภาคใต้,82,1421
2025-05-03,TK-A-001,กรุงเทพฯ,176,3352
2025-05-03,TK-A-001,ภาคกลาง,133,2818
2025-05-03,TK-A-001,ภาคตะวันออก,118,2063
2025-05-03,TK-A-001,ภาคเหนือ,95,1799
2025-05-03,TK-A-001,ภาคใต้,131,2025
2025-05-03,GL-B-014,กรุงเทพฯ,950,16989
2025-05-03,GL-B-014,ภาคกลาง,700,14201
2025-05-03,GL-B-014,ภาคตะวันออก,584,10760
2025-05-03,GL-B-014,ภาคเหนือ,497,8533
2025-05-03,GL-B-014,ภาคใต้,579,11941
2025-05-03,MK-C-028,กรุงเทพฯ,624,12680
2025-05-03,MK-C-028,ภาคกลาง,583,10551
2025-05-03,MK-C-028,ภาคตะวันออก,403,7125
2025-05-03,MK-C-028,ภาคเหนือ,390,5734
2025-05-03,MK-C-028,ภาคใต้,461,7280
2025-05-03,SY-D-039,กรุงเทพฯ,446,8868
2025-05-03,SY-D-039,ภาคกลาง,358,6000
2025-05-03,SY-D-039,ภาคตะวันออก,250,4693
2025-05-03,SY-D-039,ภาคเหนือ,257,3744
2025-05-03,SY-D-039,ภาคใต้,291,4895
2025-05-03,AG-E-052,กรุงเทพฯ,126,2490
2025-05-03,AG-E-052,ภาคกลาง,111,1854
2025-05-03,AG-E-052,ภาคตะวันออก,86,1661
2025-05-03,AG-E-052,ภาคเหนือ,72,1418
2025-05-03,AG-E-052,ภาคใต้,85,1423
2025-05-04,TK-A-001,กรุงเทพฯ,166,3423
2025-05-04,TK-A-001,ภาคกลาง,141,2266
2025-05-04,TK-A-001,ภาคตะวันออก,100,2215
2025-05-04,TK-A-001,ภาคเหนือ,103,1681
2025-05-04,TK-A-001,ภาคใต้,131,2042
2025-05-04,GL-B-014,กรุงเทพฯ,940,18949
2025-05-04,GL-B-014,ภาคกลาง,804,13878
2025-05-04,GL-B-014,ภาคตะวันออก,544,8998
2025-05-04,GL-B-014,ภาคเหนือ,475,8253
2025-05-04,GL-B-014,ภาคใต้,566,10352
2025-05-04,MK-C-028,กรุงเทพฯ,616,11825
2025-05-04,MK-C-028,ภาคกลาง,517,8500
2025-05-04,MK-C-028,ภาคตะวันออก,402,6320
2025-05-04,MK-C-028,ภาคเหนือ,348,7156
2025-05-04,MK-C-028,ภาคใต้,416,7091
2025-05-04,SY-D-039,กรุงเทพฯ,456,7545
2025-05-04,SY-D-039,ภาคกลาง,368,7258
2025-05-04,SY-D-039,ภาคตะวันออก,280,4979
2025-05-04,SY-D-039,ภาคเหนือ,240,4411
2025-05-04,SY-D-039,ภาคใต้,290,5193
2025-05-04,AG-E-052,กรุงเทพฯ,146,2136
2025-05-04,AG-E-052,ภาคกลาง,115,1903
2025-05-04,AG-E-052,ภาคตะวันออก,89,1493
2025-05-04,AG-E-052,ภาคเหนือ,76,1459
2025-05-04,AG-E-052,ภาคใต้,93,1508
2025-05-05,TK-A-001,กรุงเทพฯ,192,3296
2025-05-05,TK-A-001,ภาคกลาง,157,2817
2025-05-05,TK-A-001,ภาคตะวันออก,105,2066
2025-05-05,TK-A-001,ภาคเหนือ,90,1492
2025-05-05,TK-A-001,ภาคใต้,111,2146
2025-05-05,GL-B-014,กรุงเทพฯ,911,17083
2025-05-05,GL-B-014,ภาคกลาง,748,12380
2025-05-05,GL-B-014,ภาคตะวันออก,559,9535
2025-05-05,GL-B-014,ภาคเหนือ,462,8328
2025-05-05,GL-B-014,ภาคใต้,671,10436
2025-05-05,MK-C-028,กรุงเทพฯ,672,11209
2025-05-05,MK-C-028,ภาคกลาง,591,8666
2025-05-05,MK-C-028,ภาคตะวันออก,368,8147
2025-05-05,MK-C-028,ภาคเหนือ,341,5818
2025-05-05,MK-C-028,ภาคใต้,440,7294
2025-05-05,SY-D-039,กรุงเทพฯ,447,9262
2025-05-05,SY-D-039,ภาคกลาง,377,6413
2025-05-05,SY-D-039,ภาคตะวันออก,287,5152
2025-05-05,SY-D-039,ภาคเหนือ,261,4840
2025-05-05,SY-D-039,ภาคใต้,310,5908
2025-05-05,AG-E-052,กรุงเทพฯ,133,2609
2025-05-05,AG-E-052,ภาคกลาง,99,2047
2025-05-05,AG-E-052,ภาคตะวันออก,75,1414
2025-05-05,AG-E-052,ภาคเหนือ,78,1327
2025-05-05,AG-E-052,ภาคใต้,87,1649
2025-05-06,TK-A-001,กรุงเทพฯ,186,3412
2025-05-06,TK-A-001,ภาคกลาง,141,2563
2025-05-06,TK-A-001,ภาคตะวันออก,100,1807
2025-05-06,TK-A-001,ภาคเหนือ,97,1649
2025-05-06,TK-A-001,ภาคใต้,112,1976
2025-05-06,GL-B-014,กรุงเทพฯ,849,16933
2025-05-06,GL-B-014,ภาคกลาง,692,13581
2025-05-06,GL-B-014,ภาคตะวันออก,579,10824
2025-05-06,GL-B-014,ภาคเหนือ,544,8686
2025-05-06,GL-B-014,ภาคใต้,580,11522
2025-05-06,MK-C-028,กรุงเทพฯ,670,10353
2025-05-06,MK-C-028,ภาคกลาง,519,9156
2025-05-06,MK-C-028,ภาคตะวันออก,441,6659
2025-05-06,MK-C-028,ภาคเหนือ,357,5740
2025-05-06,MK-C-028,ภาคใต้,417,9048
2025-05-06,SY-D-039,กรุงเทพฯ,493,7109
2025-05-06,SY-D-039,ภาคกลาง,363,5918
2025-05-06,SY-D-039,ภาคตะวันออก,283,5577
2025-05-06,SY-D-039,ภาคเหนือ,263,4242
2025-05-06,SY-D-039,ภาคใต้,306,5543
2025-05-06,AG-E-052,กรุงเทพฯ,126,2792
2025-05-06,AG-E-052,ภาคกลาง,112,2048
2025-05-06,AG-E-052,ภาคตะวันออก,79,1584
2025-05-06,AG-E-052,ภาคเหนือ,78,1289
2025-05-06,AG-E-052,ภาคใต้,85,1414
2025-05-07,TK-A-001,กรุงเทพฯ,192,3043
2025-05-07,TK-A-001,ภาคกลาง,154,2521
2025-05-07,TK-A-001,ภาคตะวันออก,111,1992
2025-05-07,TK-A-001,ภาคเหนือ,98,1658
2025-05-07,TK-A-001,ภาคใต้,126,2364
2025-05-07,GL-B-014,กรุงเทพฯ,956,14943
2025-05-07,GL-B-014,ภาคกลาง,714,14598
2025-05-07,GL-B-014,ภาคตะวันออก,585,9259
2025-05-07,GL-B-014,ภาคเหนือ,529,8406
2025-05-07,GL-B-014,ภาคใต้,675,12057
2025-05-07,MK-C-028,กรุงเทพฯ,636,10935
2025-05-07,MK-C-028,ภาคกลาง,565,8666
2025-05-07,MK-C-028,ภาคตะวันออก,387,6755
2025-05-07,MK-C-028,ภาคเหนือ,391,5800
2025-05-07,MK-C-028,ภาคใต้,410,9172
2025-05-07,SY-D-039,กรุงเทพฯ,465,8697
2025-05-07,SY-D-039,ภาคกลาง,336,7358
2025-05-07,SY-D-039,ภาคตะวันออก,283,5507
2025-05-07,SY-D-039,ภาคเหนือ,221,4660
2025-05-07,SY-D-039,ภาคใต้,313,5759
2025-05-07,AG-E-052,กรุงเทพฯ,127,2730
2025-05-07,AG-E-052,ภาคกลาง,100,2153
2025-05-07,AG-E-052,ภาคตะวันออก,85,1622
2025-05-07,AG-E-052,ภาคเหนือ,79,1103
2025-05-07,AG-E-052,ภาคใต้,90,1568
2025-05-08,TK-A-001,กรุงเทพฯ,164,3235
2025-05-08,TK-A-001,ภาคกลาง,138,2518
2025-05-08,TK-A-001,ภาคตะวันออก,100,2044
2025-05-08,TK-A-001,ภาคเหนือ,103,1961
2025-05-08,TK-A-001,ภาคใต้,130,2309
2025-05-08,GL-B-014,กรุงเทพฯ,1007,17809
2025-05-08,GL-B-014,ภาคกลาง,674,12823
2025-05-08,GL-B-014,ภาคตะวันออก,516,8744
2025-05-08,GL-B-014,ภาคเหนือ,532,9403
2025-05-08,GL-B-014,ภาคใต้,594,12160
2025-05-08,MK-C-028,กรุงเทพฯ,722,11253
2025-05-08,MK-C-028,ภาคกลาง,512,10736
2025-05-08,MK-C-028,ภาคตะวันออก,409,6641
2025-05-08,MK-C-028,ภาคเหนือ,337,7010
2025-05-08,MK-C-028,ภาคใต้,436,8443
2025-05-08,SY-D-039,กรุงเทพฯ,422,8735
2025-05-08,SY-D-039,ภาคกลาง,331,5520
2025-05-08,SY-D-039,ภาคตะวันออก,271,4696
2025-05-08,SY-D-039,ภาคเหนือ,251,3689
2025-05-08,SY-D-039,ภาคใต้,302,5337
2025-05-08,AG-E-052,กรุงเทพฯ,138,2254
2025-05-08,AG-E-052,ภาคกลาง,114,2024
2025-05-08,AG-E-052,ภาคตะวันออก,79,1565
2025-05-08,AG-E-052,ภาคเหนือ,67,1359
2025-05-08,AG-E-052,ภาคใต้,91,1774
2025-05-09,TK-A-001,กรุงเทพฯ,181,3153
2025-05-09,TK-A-001,ภาคกลาง,145,2457
2025-05-09,TK-A-001,ภาคตะวันออก,103,1699
2025-05-09,TK-A-001,ภาคเหนือ,105,1977
2025-05-09,TK-A-001,ภาคใต้,124,1977
2025-05-09,GL-B-014,กรุงเทพฯ,920,15100
2025-05-09,GL-B-014,ภาคกลาง,803,13117
2025-05-09,GL-B-014,ภาคตะวันออก,561,11033
2025-05-09,GL-B-014,ภาคเหนือ,489,10179
2025-05-09,GL-B-014,ภาคใต้,650,12746
2025-05-09,MK-C-028,กรุงเทพฯ,685,12150
2025-05-09,MK-C-028,ภาคกลาง,531,8590
2025-05-09,MK-C-028,ภาคตะวันออก,375,7985
2025-05-09,MK-C-028,ภาคเหนือ,348,6714
2025-05-09,MK-C-028,ภาคใต้,428,7522
2025-05-09,SY-D-039,กรุงเทพฯ,482,8604
2025-05-09,SY-D-039,ภาคกลาง,328,5666
2025-05-09,SY-D-039,ภาคตะวันออก,258,5144
2025-05-09,SY-D-039,ภาคเหนือ,251,3773
2025-05-09,SY-D-039,ภาคใต้,310,5614
2025-05-09,AG-E-052,กรุงเทพฯ,141,2209
2025-05-09,AG-E-052,ภาคกลาง,104,1954
2025-05-09,AG-E-052,ภาคตะวันออก,76,1651
2025-05-09,AG-E-052,ภาคเหนือ,72,1346
2025-05-09,AG-E-052,ภาคใต้,88,1747
2025-05-10,TK-A-001,กรุงเทพฯ,176,3487
2025-05-10,TK-A-001,ภาคกลาง,137,2822
2025-05-10,TK-A-001,ภาคตะวันออก,97,1830
2025-05-10,TK-A-001,ภาคเหนือ,104,1794
2025-05-10,TK-A-001,ภาคใต้,129,2225
2025-05-10,GL-B-014,กรุงเทพฯ,860,18815
2025-05-10,GL-B-014,ภาคกลาง,755,14749
2025-05-10,GL-B-014,ภาคตะวันออก,599,8725
2025-05-10,GL-B-014,ภาคเหนือ,495,8938
2025-05-10,GL-B-014,ภาคใต้,592,10583
2025-05-10,MK-C-028,กรุงเทพฯ,635,11224
2025-05-10,MK-C-028,ภาคกลาง,500,11075
2025-05-10,MK-C-028,ภาคตะวันออก,401,7238
2025-05-10,MK-C-028,ภาคเหนือ,343,6174
2025-05-10,MK-C-028,ภาคใต้,490,7407
2025-05-10,SY-D-039,กรุงเทพฯ,459,7254
2025-05-10,SY-D-039,ภาคกลาง,387,7345
2025-05-10,SY-D-039,ภาคตะวันออก,293,4268
2025-05-10,SY-D-039,ภาคเหนือ,228,4307
2025-05-10,SY-D-039,ภาคใต้,288,5729
2025-05-10,AG-E-052,กรุงเทพฯ,133,2199
2025-05-10,AG-E-052,ภาคกลาง,117,1755
2025-05-10,AG-E-052,ภาคตะวันออก,76,1605
2025-05-10,AG-E-052,ภาคเหนือ,76,1245
2025-05-10,AG-E-052,ภาคใต้,92,1518
2025-05-11,TK-A-001,กรุงเทพฯ,181,3077
2025-05-11,TK-A-001,ภาคกลาง,137,2628
2025-05-11,TK-A-001,ภาคตะวันออก,119,1677
2025-05-11,TK-A-001,ภาคเหนือ,101,1857
2025-05-11,TK-A-001,ภาคใต้,128,1969
2025-05-11,GL-B-014,กรุงเทพฯ,907,16916
2025-05-11,GL-B-014,ภาคกลาง,678,12541
2025-05-11,GL-B-014,ภาคตะวันออก,532,10127
2025-05-11,GL-B-014,ภาคเหนือ,451,8000
2025-05-11,GL-B-014,ภาคใต้,586,12721
2025-05-11,MK-C-028,กรุงเทพฯ,722,13777
2025-05-11,MK-C-028,ภาคกลาง,590,10479
2025-05-11,MK-C-028,ภาคตะวันออก,399,6475
2025-05-11,MK-C-028,ภาคเหนือ,386,6420
2025-05-11,MK-C-028,ภาคใต้,457,8787
2025-05-11,SY-D-039,กรุงเทพฯ,486,9269
2025-05-11,SY-D-039,ภาคกลาง,342,6691
2025-05-11,SY-D-039,ภาคตะวันออก,286,5445
2025-05-11,SY-D-039,ภาคเหนือ,254,3947
2025-05-11,SY-D-039,ภาคใต้,312,6083
2025-05-11,AG-E-052,กรุงเทพฯ,127,2512
2025-05-11,AG-E-052,ภาคกลาง,99,2048
2025-05-11,AG-E-052,ภาคตะวันออก,83,1276
2025-05-11,AG-E-052,ภาคเหนือ,74,1441
2025-05-11,AG-E-052,ภาคใต้,84,1741
2025-05-12,TK-A-001,กรุงเทพฯ,169,3404
2025-05-12,TK-A-001,ภาคกลาง,141,2612
2025-05-12,TK-A-001,ภาคตะวันออก,115,2012
2025-05-12,TK-A-001,ภาคเหนือ,87,1655
2025-05-12,TK-A-001,ภาคใต้,120,2256
2025-05-12,GL-B-014,กรุงเทพฯ,963,18499
2025-05-12,GL-B-014,ภาคกลาง,780,14972
2025-05-12,GL-B-014,ภาคตะวันออก,529,10619
2025-05-12,GL-B-014,ภาคเหนือ,536,8434
2025-05-12,GL-B-014,ภาคใต้,591,11254
2025-05-12,MK-C-028,กรุงเทพฯ,618,12047
2025-05-12,MK-C-028,ภาคกลาง,522,8738
2025-05-12,MK-C-028,ภาคตะวันออก,373,8109
2025-05-12,MK-C-028,ภาคเหนือ,391,5937
2025-05-12,MK-C-028,ภาคใต้,414,8702
2025-05-12,SY-D-039,กรุงเทพฯ,480,8522
2025-05-12,SY-D-039,ภาคกลาง,367,5850
2025-05-12,SY-D-039,ภาคตะวันออก,253,5407
2025-05-12,SY-D-039,ภาคเหนือ,258,4867
2025-05-12,SY-D-039,ภาคใต้,307,6174
2025-05-12,AG-E-052,กรุงเทพฯ,139,2374
2025-05-12,AG-E-052,ภาคกลาง,107,2168
2025-05-12,AG-E-052,ภาคตะวันออก,78,1561
2025-05-12,AG-E-052,ภาคเหนือ,70,1151
2025-05-12,AG-E-052,ภาคใต้,97,1590
2025-05-13,TK-A-001,กรุงเทพฯ,182,3050
2025-05-13,TK-A-001,ภาคกลาง,135,2800
2025-05-13,TK-A-001,ภาคตะวันออก,111,2221
2025-05-13,TK-A-001,ภาคเหนือ,88,1725
2025-05-13,TK-A-001,ภาคใต้,120,1928
2025-05-13,GL-B-014,กรุงเทพฯ,935,15745
2025-05-13,GL-B-014,ภาคกลาง,787,14327
2025-05-13,GL-B-014,ภาคตะวันออก,520,10661
2025-05-13,GL-B-014,ภาคเหนือ,513,9448
2025-05-13,GL-B-014,ภาคใต้,602,11971
2025-05-13,MK-C-028,กรุงเทพฯ,707,12542
2025-05-13,MK-C-028,ภาคกลาง,552,11130
2025-05-13,MK-C-028,ภาคตะวันออก,367,8304
2025-05-13,MK-C-028,ภาคเหนือ,391,6686
2025-05-13,MK-C-028,ภาคใต้,466,8059
2025-05-13,SY-D-039,กรุงเทพฯ,434,8238
2025-05-13,SY-D-039,ภาคกลาง,329,5751
2025-05-13,SY-D-039,ภาคตะวันออก,287,4232
2025-05-13,SY-D-039,ภาคเหนือ,225,4548
2025-05-13,SY-D-039,ภาคใต้,294,4666
2025-05-13,AG-E-052,กรุงเทพฯ,141,2108
2025-05-13,AG-E-052,ภาคกลาง,116,1699
2025-05-13,AG-E-052,ภาคตะวันออก,85,1567
2025-05-13,AG-E-052,ภาคเหนือ,75,1146
2025-05-13,AG-E-052,ภาคใต้,94,1837
2025-05-14,TK-A-001,กรุงเทพฯ,163,2784
2025-05-14,TK-A-001,ภาคกลาง,143,2504
2025-05-14,TK-A-001,ภาคตะวันออก,106,2038
2025-05-14,TK-A-001,ภาคเหนือ,95,1952
2025-05-14,TK-A-001,ภาคใต้,123,2480
2025-05-14,GL-B-014,กรุงเทพฯ,864,15927
2025-05-14,GL-B-014,ภาคกลาง,804,13795
2025-05-14,GL-B-014,ภาคตะวันออก,567,11058
2025-05-14,GL-B-014,ภาคเหนือ,462,8995
2025-05-14,GL-B-014,ภาคใต้,636,10876
2025-05-14,MK-C-028,กรุงเทพฯ,631,11003
2025-05-14,MK-C-028,ภาคกลาง,557,11028
2025-05-14,MK-C-028,ภาคตะวันออก,371,6235
2025-05-14,MK-C-028,ภาคเหนือ,367,6597
2025-05-14,MK-C-028,ภาคใต้,441,9079
2025-05-14,SY-D-039,กรุงเทพฯ,457,8985
2025-05-14,SY-D-039,ภาคกลาง,327,6737
2025-05-14,SY-D-039,ภาคตะวันออก,271,5545
2025-05-14,SY-D-039,ภาคเหนือ,250,4874
2025-05-14,SY-D-039,ภาคใต้,301,5234
2025-05-14,AG-E-052,กรุงเทพฯ,138,2635
2025-05-14,AG-E-052,ภาคกลาง,117,1820
2025-05-14,AG-E-052,ภาคตะวันออก,82,1300
2025-05-14,AG-E-052,ภาคเหนือ,68,1316
2025-05-14,AG-E-052,ภาคใต้,97,1462
2025-05-15,TK-A-001,กรุงเทพฯ,168,3584
2025-05-15,TK-A-001,ภาคกลาง,135,2749
2025-05-15,TK-A-001,ภาคตะวันออก,105,1975
2025-05-15,TK-A-001,ภาคเหนือ,104,1697
2025-05-15,TK-A-001,ภาคใต้,113,1849
2025-05-15,GL-B-014,กรุงเทพฯ,920,15289
2025-05-15,GL-B-014,ภาคกลาง,767,15169
2025-05-15,GL-B-014,ภาคตะวันออก,509,9389
2025-05-15,GL-B-014,ภาคเหนือ,454,9002
2025-05-15,GL-B-014,ภาคใต้,670,10808
2025-05-15,MK-C-028,กรุงเทพฯ,726,13015
2025-05-15,MK-C-028,ภาคกลาง,580,8950
2025-05-15,MK-C-028,ภาคตะวันออก,382,8262
2025-05-15,MK-C-028,ภาคเหนือ,358,6248
2025-05-15,MK-C-028,ภาคใต้,432,8470
2025-05-15,SY-D-039,กรุงเทพฯ,411,9196
2025-05-15,SY-D-039,ภาคกลาง,364,5839
2025-05-15,SY-D-039,ภาคตะวันออก,294,4900
2025-05-15,SY-D-039,ภาคเหนือ,244,4166
2025-05-15,SY-D-039,ภาคใต้,283,4690
2025-05-15,AG-E-052,กรุงเทพฯ,138,2793
2025-05-15,AG-E-052,ภาคกลาง,105,2130
2025-05-15,AG-E-052,ภาคตะวันออก,86,1652
2025-05-15,AG-E-052,ภาคเหนือ,67,1338
2025-05-15,AG-E-052,ภาคใต้,81,1739
2025-05-16,TK-A-001,กรุงเทพฯ,166,3548
2025-05-16,TK-A-001,ภาคกลาง,130,2274
2025-05-16,TK-A-001,ภาคตะวันออก,107,1665
2025-05-16,TK-A-001,ภาคเหนือ,93,1953
2025-05-16,TK-A-001,ภาคใต้,130,1951
2025-05-16,GL-B-014,กรุงเทพฯ,961,18149
2025-05-16,GL-B-014,ภาคกลาง,717,14089
2025-05-16,GL-B-014,ภาคตะวันออก,525,8710
2025-05-16,GL-B-014,ภาคเหนือ,512,9564
2025-05-16,GL-B-014,ภาคใต้,561,11850
2025-05-16,MK-C-028,กรุงเทพฯ,701,13940
2025-05-16,MK-C-028,ภาคกลาง,578,9370
2025-05-16,MK-C-028,ภาคตะวันออก,433,6520
2025-05-16,MK-C-028,ภาคเหนือ,342,7248
2025-05-16,MK-C-028,ภาคใต้,488,7188
2025-05-16,SY-D-039,กรุงเทพฯ,468,8884
2025-05-16,SY-D-039,ภาคกลาง,334,5676
2025-05-16,SY-D-039,ภาคตะวันออก,254,4663
2025-05-16,SY-D-039,ภาคเหนือ,233,3915
2025-05-16,SY-D-039,ภาคใต้,305,6049
2025-05-16,AG-E-052,กรุงเทพฯ,135,2082
2025-05-16,AG-E-052,ภาคกลาง,105,2146
2025-05-16,AG-E-052,ภาคตะวันออก,84,1263
2025-05-16,AG-E-052,ภาคเหนือ,65,1383
2025-05-16,AG-E-052,ภาคใต้,85,1642
2025-05-17,TK-A-001,กรุงเทพฯ,166,3305
2025-05-17,TK-A-001,ภาคกลาง,131,2767
2025-05-17,TK-A-001,ภาคตะวันออก,99,1690
2025-05-17,TK-A-001,ภาคเหนือ,101,1603
2025-05-17,TK-A-001,ภาคใต้,118,1894
2025-05-17,GL-B-014,กรุงเทพฯ,893,15434
2025-05-17,GL-B-014,ภาคกลาง,691,13307
2025-05-17,GL-B-014,ภาคตะวันออก,556,9257
2025-05-17,GL-B-014,ภาคเหนือ,508,8210
2025-05-17,GL-B-014,ภาคใต้,614,10083
2025-05-17,MK-C-028,กรุงเทพฯ,667,12157
2025-05-17,MK-C-028,ภาคกลาง,585,8392
2025-05-17,MK-C-028,ภาคตะวันออก,428,6258
2025-05-17,MK-C-028,ภาคเหนือ,363,6865
2025-05-17,MK-C-028,ภาคใต้,458,9063
2025-05-17,SY-D-039,กรุงเทพฯ,427,7624
2025-05-17,SY-D-039,ภาคกลาง,337,7000
2025-05-17,SY-D-039,ภาคตะวันออก,295,4349
2025-05-17,SY-D-039,ภาคเหนือ,242,4928
2025-05-17,SY-D-039,ภาคใต้,286,5975
2025-05-17,AG-E-052,กรุงเทพฯ,125,2128
2025-05-17,AG-E-052,ภาคกลาง,114,1800
2025-05-17,AG-E-052,ภาคตะวันออก,88,1653
2025-05-17,AG-E-052,ภาคเหนือ,70,1276
2025-05-17,AG-E-052,ภาคใต้,85,1439
2025-05-18,TK-A-001,กรุงเทพฯ,186,3557
2025-05-18,TK-A-001,ภาคกลาง,142,2523
2025-05-18,TK-A-001,ภาคตะวันออก,100,1663
2025-05-18,TK-A-001,ภาคเหนือ,99,1866
2025-05-18,TK-A-001,ภาคใต้,130,1898
2025-05-18,GL-B-014,กรุงเทพฯ,1012,18315
2025-05-18,GL-B-014,ภาคกลาง,675,13437
2025-05-18,GL-B-014,ภาคตะวันออก,539,11188
2025-05-18,GL-B-014,ภาคเหนือ,448,9050
2025-05-18,GL-B-014,ภาคใต้,626,9569
2025-05-18,MK-C-028,กรุงเทพฯ,689,11341
2025-05-18,MK-C-028,ภาคกลาง,546,10331
2025-05-18,MK-C-028,ภาคตะวันออก,383,6962
2025-05-18,MK-C-028,ภาคเหนือ,333,7395
2025-05-18,MK-C-028,ภาคใต้,465,6959
2025-05-18,SY-D-039,กรุงเทพฯ,473,7513
2025-05-18,SY-D-039,ภาคกลาง,381,6200
2025-05-18,SY-D-039,ภาคตะวันออก,250,4596
2025-05-18,SY-D-039,ภาคเหนือ,231,4133
2025-05-18,SY-D-039,ภาคใต้,276,5831
2025-05-18,AG-E-052,กรุงเทพฯ,125,2526
2025-05-18,AG-E-052,ภาคกลาง,114,1788
2025-05-18,AG-E-052,ภาคตะวันออก,83,1590
2025-05-18,AG-E-052,ภาคเหนือ,72,1194
2025-05-18,AG-E-052,ภาคใต้,95,1659
2025-05-19,TK-A-001,กรุงเทพฯ,179,2928
2025-05-19,TK-A-001,ภาคกลาง,138,2602
2025-05-19,TK-A-001,ภาคตะวันออก,100,1681
2025-05-19,TK-A-001,ภาคเหนือ,87,1786
2025-05-19,TK-A-001,ภาคใต้,120,2366
2025-05-19,GL-B-014,กรุงเทพฯ,846,16446
2025-05-19,GL-B-014,ภาคกลาง,800,13757
2025-05-19,GL-B-014,ภาคตะวันออก,572,9684
2025-05-19,GL-B-014,ภาคเหนือ,469,10080
2025-05-19,GL-B-014,ภาคใต้,657,9861
2025-05-19,MK-C-028,กรุงเทพฯ,663,10335
2025-05-19,MK-C-028,ภาคกลาง,492,9957
2025-05-19,MK-C-028,ภาคตะวันออก,394,7121
2025-05-19,MK-C-028,ภาคเหนือ,375,7357
2025-05-19,MK-C-028,ภาคใต้,453,9185
2025-05-19,SY-D-039,กรุงเทพฯ,470,7650
2025-05-19,SY-D-039,ภาคกลาง,379,6277
2025-05-19,SY-D-039,ภาคตะวันออก,246,4397
2025-05-19,SY-D-039,ภาคเหนือ,251,4269
2025-05-19,SY-D-039,ภาคใต้,329,4605
2025-05-19,AG-E-052,กรุงเทพฯ,131,2261
2025-05-19,AG-E-052,ภาคกลาง,115,1815
2025-05-19,AG-E-052,ภาคตะวันออก,73,1615
2025-05-19,AG-E-052,ภาคเหนือ,78,1454
2025-05-19,AG-E-052,ภาคใต้,89,1846
2025-05-20,TK-A-001,กรุงเทพฯ,167,3707
2025-05-20,TK-A-001,ภาคกลาง,140,2757
2025-05-20,TK-A-001,ภาคตะวันออก,118,1716
2025-05-20,TK-A-001,ภาคเหนือ,97,1559
2025-05-20,TK-A-001,ภาคใต้,126,2405
2025-05-20,GL-B-014,กรุงเทพฯ,1020,18601
2025-05-20,GL-B-014,ภาคกลาง,722,12182
2025-05-20,GL-B-014,ภาคตะวันออก,613,10504
2025-05-20,GL-B-014,ภาคเหนือ,524,9068
2025-05-20,GL-B-014,ภาคใต้,607,11377
2025-05-20,MK-C-028,กรุงเทพฯ,655,11789
2025-05-20,MK-C-028,ภาคกลาง,543,10054
2025-05-20,MK-C-028,ภาคตะวันออก,443,6805
2025-05-20,MK-C-028,ภาคเหนือ,358,6608
2025-05-20,MK-C-028,ภาคใต้,434,7680
2025-05-20,SY-D-039,กรุงเทพฯ,466,7276
2025-05-20,SY-D-039,ภาคกลาง,333,6085
2025-05-20,SY-D-039,ภาคตะวันออก,296,4717
2025-05-20,SY-D-039,ภาคเหนือ,244,4024
2025-05-20,SY-D-039,ภาคใต้,312,5865
2025-05-20,AG-E-052,กรุงเทพฯ,143,2532
2025-05-20,AG-E-052,ภาคกลาง,104,2028
2025-05-20,AG-E-052,ภาคตะวันออก,74,1271
2025-05-20,AG-E-052,ภาคเหนือ,76,1469
2025-05-20,AG-E-052,ภาคใต้,92,1633
2025-05-21,TK-A-001,กรุงเทพฯ,185,2997
2025-05-21,TK-A-001,ภาคกลาง,154,2622
2025-05-21,TK-A-001,ภาคตะวันออก,108,2042
2025-05-21,TK-A-001,ภาคเหนือ,91,1635
2025-05-21,TK-A-001,ภาคใต้,116,2467
2025-05-21,GL-B-014,กรุงเทพฯ,933,16392
2025-05-21,GL-B-014,ภาคกลาง,785,12466
2025-05-21,GL-B-014,ภาคตะวันออก,580,8646
2025-05-21,GL-B-014,ภาคเหนือ,509,9835
2025-05-21,GL-B-014,ภาคใต้,572,9533
2025-05-21,MK-C-028,กรุงเทพฯ,720,10625
2025-05-21,MK-C-028,ภาคกลาง,569,9529
2025-05-21,MK-C-028,ภาคตะวันออก,426,7649
2025-05-21,MK-C-028,ภาคเหนือ,340,5837
2025-05-21,MK-C-028,ภาคใต้,475,7566
2025-05-21,SY-D-039,กรุงเทพฯ,479,8474
2025-05-21,SY-D-039,ภาคกลาง,340,6804
2025-05-21,SY-D-039,ภาคตะวันออก,280,4225
2025-05-21,SY-D-039,ภาคเหนือ,230,4652
2025-05-21,SY-D-039,ภาคใต้,276,5272
2025-05-21,AG-E-052,กรุงเทพฯ,135,2151
2025-05-21,AG-E-052,ภาคกลาง,99,1882
2025-05-21,AG-E-052,ภาคตะวันออก,85,1265
2025-05-21,AG-E-052,ภาคเหนือ,65,1419
2025-05-21,AG-E-052,ภาคใต้,81,1406
2025-05-22,TK-A-001,กรุงเทพฯ,169,2924
2025-05-22,TK-A-001,ภาคกลาง,145,2508
2025-05-22,TK-A-001,ภาคตะวันออก,100,2003
2025-05-22,TK-A-001,ภาคเหนือ,95,1519
2025-05-22,TK-A-001,ภาคใต้,112,1907
2025-05-22,GL-B-014,กรุงเทพฯ,988,17676
2025-05-22,GL-B-014,ภาคกลาง,812,11860
2025-05-22,GL-B-014,ภาคตะวันออก,533,9243
2025-05-22,GL-B-014,ภาคเหนือ,488,8955
2025-05-22,GL-B-014,ภาคใต้,622,11897
2025-05-22,MK-C-028,กรุงเทพฯ,695,13030
2025-05-22,MK-C-028,ภาคกลาง,570,10566
2025-05-22,MK-C-028,ภาคตะวันออก,410,7910
2025-05-22,MK-C-028,ภาคเหนือ,370,6112
2025-05-22,MK-C-028,ภาคใต้,450,9050
2025-05-22,SY-D-039,กรุงเทพฯ,422,7769
2025-05-22,SY-D-039,ภาคกลาง,393,6441
2025-05-22,SY-D-039,ภาคตะวันออก,293,4958
2025-05-22,SY-D-039,ภาคเหนือ,223,4474
2025-05-22,SY-D-039,ภาคใต้,287,6000
2025-05-22,AG-E-052,กรุงเทพฯ,126,2727
2025-05-22,AG-E-052,ภาคกลาง,113,1771
2025-05-22,AG-E-052,ภาคตะวันออก,85,1567
2025-05-22,AG-E-052,ภาคเหนือ,68,1349
2025-05-22,AG-E-052,ภาคใต้,84,1522
2025-05-23,TK-A-001,กรุงเทพฯ,175,3646
2025-05-23,TK-A-001,ภาคกลาง,150,2655
2025-05-23,TK-A-001,ภาคตะวันออก,113,1977
2025-05-23,TK-A-001,ภาคเหนือ,95,1758
2025-05-23,TK-A-001,ภาคใต้,123,2371
2025-05-23,GL-B-014,กรุงเทพฯ,962,15038
2025-05-23,GL-B-014,ภาคกลาง,741,12665
2025-05-23,GL-B-014,ภาคตะวันออก,605,10193
2025-05-23,GL-B-014,ภาคเหนือ,519,10195
2025-05-23,GL-B-014,ภาคใต้,652,9851
2025-05-23,MK-C-028,กรุงเทพฯ,613,12810
2025-05-23,MK-C-028,ภาคกลาง,533,11074
2025-05-23,MK-C-028,ภาคตะวันออก,399,8141
2025-05-23,MK-C-028,ภาคเหนือ,330,5532
2025-05-23,MK-C-028,ภาคใต้,483,8882
2025-05-23,SY-D-039,กรุงเทพฯ,445,8694
2025-05-23,SY-D-039,ภาคกลาง,365,5937
2025-05-23,SY-D-039,ภาคตะวันออก,289,4686
2025-05-23,SY-D-039,ภาคเหนือ,252,4639
2025-05-23,SY-D-039,ภาคใต้,285,4697
2025-05-23,AG-E-052,กรุงเทพฯ,146,2371
2025-05-23,AG-E-052,ภาคกลาง,104,1748
2025-05-23,AG-E-052,ภาคตะวันออก,82,1571
2025-05-23,AG-E-052,ภาคเหนือ,66,1448
2025-05-23,AG-E-052,ภาคใต้,86,1615
2025-05-24,TK-A-001,กรุงเทพฯ,183,3562
2025-05-24,TK-A-001,ภาคกลาง,137,2973
2025-05-24,TK-A-001,ภาคตะวันออก,101,1697
2025-05-24,TK-A-001,ภาคเหนือ,105,1891
2025-05-24,TK-A-001,ภาคใต้,111,1847
2025-05-24,GL-B-014,กรุงเทพฯ,888,14258
2025-05-24,GL-B-014,ภาคกลาง,705,11588
2025-05-24,GL-B-014,ภาคตะวันออก,558,8597
2025-05-24,GL-B-014,ภาคเหนือ,476,9519
2025-05-24,GL-B-014,ภาคใต้,574,10994
2025-05-24,MK-C-028,กรุงเทพฯ,650,10500
2025-05-24,MK-C-028,ภาคกลาง,572,10940
2025-05-24,MK-C-028,ภาคตะวันออก,400,6366
2025-05-24,MK-C-028,ภาคเหนือ,359,7017
2025-05-24,MK-C-028,ภาคใต้,491,9083
2025-05-24,SY-D-039,กรุงเทพฯ,443,8138
2025-05-24,SY-D-039,ภาคกลาง,394,6847
2025-05-24,SY-D-039,ภาคตะวันออก,264,4166
2025-05-24,SY-D-039,ภาคเหนือ,240,4227
2025-05-24,SY-D-039,ภาคใต้,293,4702
2025-05-24,AG-E-052,กรุงเทพฯ,127,2440
2025-05-24,AG-E-052,ภาคกลาง,116,2043
2025-05-24,AG-E-052,ภาคตะวันออก,89,1376
2025-05-24,AG-E-052,ภาคเหนือ,66,1186
2025-05-24,AG-E-052,ภาคใต้,99,1534
2025-05-25,TK-A-001,กรุงเทพฯ,195,3269
2025-05-25,TK-A-001,ภาคกลาง,130,2694
2025-05-25,TK-A-001,ภาคตะวันออก,111,1753
2025-05-25,TK-A-001,ภาคเหนือ,90,1843
2025-05-25,TK-A-001,ภาคใต้,122,2315
2025-05-25,GL-B-014,กรุงเทพฯ,912,18651
2025-05-25,GL-B-014,ภาคกลาง,766,15246
2025-05-25,GL-B-014,ภาคตะวันออก,611,10712
2025-05-25,GL-B-014,ภาคเหนือ,510,9663
2025-05-25,GL-B-014,ภาคใต้,621,11475
2025-05-25,MK-C-028,กรุงเทพฯ,727,13082
2025-05-25,MK-C-028,ภาคกลาง,576,10857
2025-05-25,MK-C-028,ภาคตะวันออก,400,7416
2025-05-25,MK-C-028,ภาคเหนือ,364,6512
2025-05-25,MK-C-028,ภาคใต้,477,7460
2025-05-25,SY-D-039,กรุงเทพฯ,457,7010
2025-05-25,SY-D-039,ภาคกลาง,395,6694
2025-05-25,SY-D-039,ภาคตะวันออก,280,4626
2025-05-25,SY-D-039,ภาคเหนือ,262,3723
2025-05-25,SY-D-039,ภาคใต้,329,5492
2025-05-25,AG-E-052,กรุงเทพฯ,134,2266
2025-05-25,AG-E-052,ภาคกลาง,114,2235
2025-05-25,AG-E-052,ภาคตะวันออก,89,1351
2025-05-25,AG-E-052,ภาคเหนือ,70,1146
2025-05-25,AG-E-052,ภาคใต้,82,1377
2025-05-26,TK-A-001,กรุงเทพฯ,171,3279
2025-05-26,TK-A-001,ภาคกลาง,150,2975
2025-05-26,TK-A-001,ภาคตะวันออก,114,1756
2025-05-26,TK-A-001,ภาคเหนือ,87,1823
2025-05-26,TK-A-001,ภาคใต้,116,2184
2025-05-26,GL-B-014,กรุงเทพฯ,972,14281
2025-05-26,GL-B-014,ภาคกลาง,734,15029
2025-05-26,GL-B-014,ภาคตะวันออก,512,8782
2025-05-26,GL-B-014,ภาคเหนือ,504,7809
2025-05-26,GL-B-014,ภาคใต้,585,10823
2025-05-26,MK-C-028,กรุงเทพฯ,662,12820
2025-05-26,MK-C-028,ภาคกลาง,508,9075
2025-05-26,MK-C-028,ภาคตะวันออก,442,6924
2025-05-26,MK-C-028,ภาคเหนือ,325,6170
2025-05-26,MK-C-028,ภาคใต้,452,7343
2025-05-26,SY-D-039,กรุงเทพฯ,458,7431
2025-05-26,SY-D-039,ภาคกลาง,374,6721
2025-05-26,SY-D-039,ภาคตะวันออก,251,5468
2025-05-26,SY-D-039,ภาคเหนือ,262,3734
2025-05-26,SY-D-039,ภาคใต้,275,5115
2025-05-26,AG-E-052,กรุงเทพฯ,123,2169
2025-05-26,AG-E-052,ภาคกลาง,109,2230
2025-05-26,AG-E-052,ภาคตะวันออก,82,1255
2025-05-26,AG-E-052,ภาคเหนือ,76,1140
2025-05-26,AG-E-052,ภาคใต้,98,1456
2025-05-27,TK-A-001,กรุงเทพฯ,164,2893
2025-05-27,TK-A-001,ภาคกลาง,136,2859
2025-05-27,TK-A-001,ภาคตะวันออก,99,2184
2025-05-27,TK-A-001,ภาคเหนือ,90,1905
2025-05-27,TK-A-001,ภาคใต้,132,2274
2025-05-27,GL-B-014,กรุงเทพฯ,963,16286
2025-05-27,GL-B-014,ภาคกลาง,804,14343
2025-05-27,GL-B-014,ภาคตะวันออก,592,10320
2025-05-27,GL-B-014,ภาคเหนือ,511,9403
2025-05-27,GL-B-014,ภาคใต้,623,12202
2025-05-27,MK-C-028,กรุงเทพฯ,649,10409
2025-05-27,MK-C-028,ภาคกลาง,486,11145
2025-05-27,MK-C-028,ภาคตะวันออก,400,6514
2025-05-27,MK-C-028,ภาคเหนือ,382,6907
2025-05-27,MK-C-028,ภาคใต้,446,8313
2025-05-27,SY-D-039,กรุงเทพฯ,484,7543
2025-05-27,SY-D-039,ภาคกลาง,336,5859
2025-05-27,SY-D-039,ภาคตะวันออก,268,4740
2025-05-27,SY-D-039,ภาคเหนือ,253,4445
2025-05-27,SY-D-039,ภาคใต้,278,5207
2025-05-27,AG-E-052,กรุงเทพฯ,139,2239
2025-05-27,AG-E-052,ภาคกลาง,112,1875
2025-05-27,AG-E-052,ภาคตะวันออก,82,1498
2025-05-27,AG-E-052,ภาคเหนือ,72,1328
2025-05-27,AG-E-052,ภาคใต้,93,1591
2025-05-28,TK-A-001,กรุงเทพฯ,192,3163
2025-05-28,TK-A-001,ภาคกลาง,152,2660
2025-05-28,TK-A-001,ภาคตะวันออก,116,2017
2025-05-28,TK-A-001,ภาคเหนือ,92,1964
2025-05-28,TK-A-001,ภาคใต้,121,2085
2025-05-28,GL-B-014,กรุงเทพฯ,892,15398
2025-05-28,GL-B-014,ภาคกลาง,756,13360
2025-05-28,GL-B-014,ภาคตะวันออก,537,9846
2025-05-28,GL-B-014,ภาคเหนือ,477,8740
2025-05-28,GL-B-014,ภาคใต้,589,9579
2025-05-28,MK-C-028,กรุงเทพฯ,614,12851
2025-05-28,MK-C-028,ภาคกลาง,521,9766
2025-05-28,MK-C-028,ภาคตะวันออก,368,8055
2025-05-28,MK-C-028,ภาคเหนือ,392,6691
2025-05-28,MK-C-028,ภาคใต้,457,7180
2025-05-28,SY-D-039,กรุงเทพฯ,472,7829
2025-05-28,SY-D-039,ภาคกลาง,353,6420
2025-05-28,SY-D-039,ภาคตะวันออก,293,4267
2025-05-28,SY-D-039,ภาคเหนือ,256,4305
2025-05-28,SY-D-039,ภาคใต้,294,5271
2025-05-28,AG-E-052,กรุงเทพฯ,148,2500
2025-05-28,AG-E-052,ภาคกลาง,105,1937
2025-05-28,AG-E-052,ภาคตะวันออก,75,1370
2025-05-28,AG-E-052,ภาคเหนือ,70,1430
2025-05-28,AG-E-052,ภาคใต้,84,1640
2025-05-29,TK-A-001,กรุงเทพฯ,191,2911
2025-05-29,TK-A-001,ภาคกลาง,145,2522
2025-05-29,TK-A-001,ภาคตะวันออก,118,1953
2025-05-29,TK-A-001,ภาคเหนือ,88,1832
2025-05-29,TK-A-001,ภาคใต้,114,2079
2025-05-29,GL-B-014,กรุงเทพฯ,1004,14887
2025-05-29,GL-B-014,ภาคกลาง,750,14270
2025-05-29,GL-B-014,ภาคตะวันออก,505,9111
2025-05-29,GL-B-014,ภาคเหนือ,489,9945
2025-05-29,GL-B-014,ภาคใต้,615,12530
2025-05-29,MK-C-028,กรุงเทพฯ,716,10521
2025-05-29,MK-C-028,ภาคกลาง,589,8439
2025-05-29,MK-C-028,ภาคตะวันออก,406,7449
2025-05-29,MK-C-028,ภาคเหนือ,360,6592
2025-05-29,MK-C-028,ภาคใต้,421,7774
2025-05-29,SY-D-039,กรุงเทพฯ,462,7028
2025-05-29,SY-D-039,ภาคกลาง,332,5938
2025-05-29,SY-D-039,ภาคตะวันออก,280,4215
2025-05-29,SY-D-039,ภาคเหนือ,221,4654
2025-05-29,SY-D-039,ภาคใต้,315,6144
2025-05-29,AG-E-052,กรุงเทพฯ,136,2242
2025-05-29,AG-E-052,ภาคกลาง,102,2189
2025-05-29,AG-E-052,ภาคตะวันออก,85,1521
2025-05-29,AG-E-052,ภาคเหนือ,74,1280
2025-05-29,AG-E-052,ภาคใต้,87,1646
2025-05-30,TK-A-001,กรุงเทพฯ,192,2858
2025-05-30,TK-A-001,ภาคกลาง,130,2890
2025-05-30,TK-A-001,ภาคตะวันออก,98,2017
2025-05-30,TK-A-001,ภาคเหนือ,95,1713
2025-05-30,TK-A-001,ภาคใต้,126,2174
2025-05-30,GL-B-014,กรุงเทพฯ,991,19101
2025-05-30,GL-B-014,ภาคกลาง,749,15098
2025-05-30,GL-B-014,ภาคตะวันออก,515,10629
2025-05-30,GL-B-014,ภาคเหนือ,448,7728
2025-05-30,GL-B-014,ภาคใต้,657,10426
2025-05-30,MK-C-028,กรุงเทพฯ,703,13222
2025-05-30,MK-C-028,ภาคกลาง,552,9219
2025-05-30,MK-C-028,ภาคตะวันออก,380,6608
2025-05-30,MK-C-028,ภาคเหนือ,339,6270
2025-05-30,MK-C-028,ภาคใต้,442,8797
2025-05-30,SY-D-039,กรุงเทพฯ,413,9274
2025-05-30,SY-D-039,ภาคกลาง,358,5882
2025-05-30,SY-D-039,ภาคตะวันออก,253,4796
2025-05-30,SY-D-039,ภาคเหนือ,243,4030
2025-05-30,SY-D-039,ภาคใต้,312,6101
2025-05-30,AG-E-052,กรุงเทพฯ,142,2675
2025-05-30,AG-E-052,ภาคกลาง,105,2027
2025-05-30,AG-E-052,ภาคตะวันออก,87,1556
2025-05-30,AG-E-052,ภาคเหนือ,66,1232
2025-05-30,AG-E-052,ภาคใต้,91,1716
2025-05-31,TK-A-001,กรุงเทพฯ,187,3374
2025-05-31,TK-A-001,ภาคกลาง,140,2602
2025-05-31,TK-A-001,ภาคตะวันออก,102,1952
2025-05-31,TK-A-001,ภาคเหนือ,97,1483
2025-05-31,TK-A-001,ภาคใต้,125,1971
2025-05-31,GL-B-014,กรุงเทพฯ,968,15898
2025-05-31,GL-B-014,ภาคกลาง,719,12621
2025-05-31,GL-B-014,ภาคตะวันออก,540,9040
2025-05-31,GL-B-014,ภาคเหนือ,545,9819
2025-05-31,GL-B-014,ภาคใต้,613,9962
2025-05-31,MK-C-028,กรุงเทพฯ,690,12057
2025-05-31,MK-C-028,ภาคกลาง,535,9831
2025-05-31,MK-C-028,ภาคตะวันออก,442,7042
2025-05-31,MK-C-028,ภาคเหนือ,385,6837
2025-05-31,MK-C-028,ภาคใต้,468,7282
2025-05-31,SY-D-039,กรุงเทพฯ,466,7351
2025-05-31,SY-D-039,ภาคกลาง,330,7250
2025-05-31,SY-D-039,ภาคตะวันออก,282,4951
2025-05-31,SY-D-039,ภาคเหนือ,255,4255
2025-05-31,SY-D-039,ภาคใต้,324,6078
2025-05-31,AG-E-052,กรุงเทพฯ,129,2322
2025-05-31,AG-E-052,ภาคกลาง,99,2172
2025-05-31,AG-E-052,ภาคตะวันออก,75,1646
2025-05-31,AG-E-052,ภาคเหนือ,77,1460
2025-05-31,AG-E-052,ภาคใต้,94,1663
2025-06-01,TK-A-001,กรุงเทพฯ,175,3232
2025-06-01,TK-A-001,ภาคกลาง,140,2496
2025-06-01,TK-A-001,ภาคตะวันออก,112,1684
2025-06-01,TK-A-001,ภาคเหนือ,102,1582
2025-06-01,TK-A-001,ภาคใต้,129,2270
2025-06-01,GL-B-014,กรุงเทพฯ,997,16563
2025-06-01,GL-B-014,ภาคกลาง,721,13879
2025-06-01,GL-B-014,ภาคตะวันออก,583,10469
2025-06-01,GL-B-014,ภาคเหนือ,511,9017
2025-06-01,GL-B-014,ภาคใต้,657,11327
2025-06-01,MK-C-028,กรุงเทพฯ,713,13001
2025-06-01,MK-C-028,ภาคกลาง,583,8554
2025-06-01,MK-C-028,ภาคตะวันออก,389,8162
2025-06-01,MK-C-028,ภาคเหนือ,383,6513
2025-06-01,MK-C-028,ภาคใต้,482,7465
2025-06-01,SY-D-039,กรุงเทพฯ,426,8868
2025-06-01,SY-D-039,ภาคกลาง,377,6937
2025-06-01,SY-D-039,ภาคตะวันออก,295,5133
2025-06-01,SY-D-039,ภาคเหนือ,226,3935
2025-06-01,SY-D-039,ภาคใต้,289,4871
2025-06-01,AG-E-052,กรุงเทพฯ,138,2202
2025-06-01,AG-E-052,ภาคกลาง,116,2113
2025-06-01,AG-E-052,ภาคตะวันออก,87,1661
2025-06-01,AG-E-052,ภาคเหนือ,66,1479
2025-06-01,AG-E-052,ภาคใต้,91,1452
2025-06-02,TK-A-001,กรุงเทพฯ,173,3719
2025-06-02,TK-A-001,ภาคกลาง,151,2775
2025-06-02,TK-A-001,ภาคตะวันออก,112,2085
2025-06-02,TK-A-001,ภาคเหนือ,93,1693
2025-06-02,TK-A-001,ภาคใต้,111,1838
2025-06-02,GL-B-014,กรุงเทพฯ,969,18203
2025-06-02,GL-B-014,ภาคกลาง,813,11876
2025-06-02,GL-B-014,ภาคตะวันออก,573,9806
2025-06-02,GL-B-014,ภาคเหนือ,471,8173
2025-06-02,GL-B-014,ภาคใต้,659,10127
2025-06-02,MK-C-028,กรุงเทพฯ,713,11415
2025-06-02,MK-C-028,ภาคกลาง,580,9388
2025-06-02,MK-C-028,ภาคตะวันออก,390,8284
2025-06-02,MK-C-028,ภาคเหนือ,331,5676
2025-06-02,MK-C-028,ภาคใต้,408,8108
2025-06-02,SY-D-039,กรุงเทพฯ,470,7606
2025-06-02,SY-D-039,ภาคกลาง,351,6917
2025-06-02,SY-D-039,ภาคตะวันออก,258,4975
2025-06-02,SY-D-039,ภาคเหนือ,255,4430
2025-06-02,SY-D-039,ภาคใต้,293,4934
2025-06-02,AG-E-052,กรุงเทพฯ,123,2493
2025-06-02,AG-E-052,ภาคกลาง,101,1736
2025-06-02,AG-E-052,ภาคตะวันออก,88,1515
2025-06-02,AG-E-052,ภาคเหนือ,77,1195
2025-06-02,AG-E-052,ภาคใต้,97,1643
2025-06-03,TK-A-001,กรุงเทพฯ,169,3355
2025-06-03,TK-A-001,ภาคกลาง,150,2716
2025-06-03,TK-A-001,ภาคตะวันออก,111,1684
2025-06-03,TK-A-001,ภาคเหนือ,89,1491
2025-06-03,TK-A-001,ภาคใต้,114,2322
2025-06-03,GL-B-014,กรุงเทพฯ,878,16074
2025-06-03,GL-B-014,ภาคกลาง,810,15281
2025-06-03,GL-B-014,ภาคตะวันออก,592,9914
2025-06-03,GL-B-014,ภาคเหนือ,523,8408
2025-06-03,GL-B-014,ภาคใต้,625,12673
2025-06-03,MK-C-028,กรุงเทพฯ,718,12494
2025-06-03,MK-C-028,ภาคกลาง,587,10399
2025-06-03,MK-C-028,ภาคตะวันออก,406,7835
2025-06-03,MK-C-028,ภาคเหนือ,375,7415
2025-06-03,MK-C-028,ภาคใต้,480,6945
2025-06-03,SY-D-039,กรุงเทพฯ,437,6934
2025-06-03,SY-D-039,ภาคกลาง,325,6429
2025-06-03,SY-D-039,ภาคตะวันออก,280,4620
2025-06-03,SY-D-039,ภาคเหนือ,226,4474
2025-06-03,SY-D-039,ภาคใต้,307,5237
2025-06-03,AG-E-052,กรุงเทพฯ,122,2505
2025-06-03,AG-E-052,ภาคกลาง,113,1775
2025-06-03,AG-E-052,ภาคตะวันออก,87,1382
2025-06-03,AG-E-052,ภาคเหนือ,68,1360
2025-06-03,AG-E-052,ภาคใต้,93,1548
2025-06-04,TK-A-001,กรุงเทพฯ,170,2929
2025-06-04,TK-A-001,ภาคกลาง,135,2653
2025-06-04,TK-A-001,ภาคตะวันออก,107,1753
2025-06-04,TK-A-001,ภาคเหนือ,94,1963
2025-06-04,TK-A-001,ภาคใต้,120,2047
2025-06-04,GL-B-014,กรุงเทพฯ,991,17972
2025-06-04,GL-B-014,ภาคกลาง,818,14375
2025-06-04,GL-B-014,ภาคตะวันออก,601,8950
2025-06-04,GL-B-014,ภาคเหนือ,474,8721
2025-06-04,GL-B-014,ภาคใต้,678,9993
2025-06-04,MK-C-028,กรุงเทพฯ,650,12662
2025-06-04,MK-C-028,ภาคกลาง,552,8803
2025-06-04,MK-C-028,ภาคตะวันออก,390,6620
2025-06-04,MK-C-028,ภาคเหนือ,379,6788
2025-06-04,MK-C-028,ภาคใต้,425,8327
2025-06-04,SY-D-039,กรุงเทพฯ,426,8207
2025-06-04,SY-D-039,ภาคกลาง,343,6721
2025-06-04,SY-D-039,ภาคตะวันออก,261,5305
2025-06-04,SY-D-039,ภาคเหนือ,248,4843
2025-06-04,SY-D-039,ภาคใต้,326,6196
2025-06-04,AG-E-052,กรุงเทพฯ,122,2311
2025-06-04,AG-E-052,ภาคกลาง,113,1953
2025-06-04,AG-E-052,ภาคตะวันออก,88,1500
2025-06-04,AG-E-052,ภาคเหนือ,70,1249
2025-06-04,AG-E-052,ภาคใต้,85,1393
2025-06-05,TK-A-001,กรุงเทพฯ,182,3105
2025-06-05,TK-A-001,ภาคกลาง,135,2704
2025-06-05,TK-A-001,ภาคตะวันออก,110,2194
2025-06-05,TK-A-001,ภาคเหนือ,91,1985
2025-06-05,TK-A-001,ภาคใต้,123,2094
2025-06-05,GL-B-014,กรุงเทพฯ,838,15475
2025-06-05,GL-B-014,ภาคกลาง,792,11768
2025-06-05,GL-B-014,ภาคตะวันออก,520,10502
2025-06-05,GL-B-014,ภาคเหนือ,466,9073
2025-06-05,GL-B-014,ภาคใต้,663,10107
2025-06-05,MK-C-028,กรุงเทพฯ,707,13932
2025-06-05,MK-C-028,ภาคกลาง,552,8840
2025-06-05,MK-C-028,ภาคตะวันออก,373,7479
2025-06-05,MK-C-028,ภาคเหนือ,339,5928
2025-06-05,MK-C-028,ภาคใต้,491,7762
2025-06-05,SY-D-039,กรุงเทพฯ,433,7599
2025-06-05,SY-D-039,ภาคกลาง,384,6671
2025-06-05,SY-D-039,ภาคตะวันออก,266,4940
2025-06-05,SY-D-039,ภาคเหนือ,220,3872
2025-06-05,SY-D-039,ภาคใต้,289,5904
2025-06-05,AG-E-052,กรุงเทพฯ,127,2152
2025-06-05,AG-E-052,ภาคกลาง,113,1888
2025-06-05,AG-E-052,ภาคตะวันออก,83,1508
2025-06-05,AG-E-052,ภาคเหนือ,72,1354
2025-06-05,AG-E-052,ภาคใต้,99,1740
2025-06-06,TK-A-001,กรุงเทพฯ,186,3285
2025-06-06,TK-A-001,ภาคกลาง,154,2952
2025-06-06,TK-A-001,ภาคตะวันออก,101,2010
2025-06-06,TK-A-001,ภาคเหนือ,92,1652
2025-06-06,TK-A-001,ภาคใต้,121,1843
2025-06-06,GL-B-014,กรุงเทพฯ,865,17416
2025-06-06,GL-B-014,ภาคกลาง,727,12778
2025-06-06,GL-B-014,ภาคตะวันออก,595,11112
2025-06-06,GL-B-014,ภาคเหนือ,511,9687
2025-06-06,GL-B-014,ภาคใต้,628,9732
2025-06-06,MK-C-028,กรุงเทพฯ,617,11595
2025-06-06,MK-C-028,ภาคกลาง,579,9821
2025-06-06,MK-C-028,ภาคตะวันออก,400,7505
2025-06-06,MK-C-028,ภาคเหนือ,390,5698
2025-06-06,MK-C-028,ภาคใต้,485,6926
2025-06-06,SY-D-039,กรุงเทพฯ,413,9178
2025-06-06,SY-D-039,ภาคกลาง,333,7024
2025-06-06,SY-D-039,ภาคตะวันออก,286,5329
2025-06-06,SY-D-039,ภาคเหนือ,226,4703
2025-06-06,SY-D-039,ภาคใต้,288,5158
2025-06-06,AG-E-052,กรุงเทพฯ,138,2176
2025-06-06,AG-E-052,ภาคกลาง,105,1736
2025-06-06,AG-E-052,ภาคตะวันออก,79,1393
2025-06-06,AG-E-052,ภาคเหนือ,76,1398
2025-06-06,AG-E-052,ภาคใต้,95,1379
2025-06-07,TK-A-001,กรุงเทพฯ,163,3521
2025-06-07,TK-A-001,ภาคกลาง,144,2849
2025-06-07,TK-A-001,ภาคตะวันออก,113,1944
2025-06-07,TK-A-001,ภาคเหนือ,103,1540
2025-06-07,TK-A-001,ภาคใต้,126,2441
2025-06-07,GL-B-014,กรุงเทพฯ,857,15085
2025-06-07,GL-B-014,ภาคกลาง,686,12783
2025-06-07,GL-B-014,ภาคตะวันออก,561,11382
2025-06-07,GL-B-014,ภาคเหนือ,494,8559
2025-06-07,GL-B-014,ภาคใต้,652,11097
2025-06-07,MK-C-028,กรุงเทพฯ,716,11249
2025-06-07,MK-C-028,ภาคกลาง,581,9940
2025-06-07,MK-C-028,ภาคตะวันออก,444,6674
2025-06-07,MK-C-028,ภาคเหนือ,350,6443
2025-06-07,MK-C-028,ภาคใต้,420,8327
2025-06-07,SY-D-039,กรุงเทพฯ,492,7278
2025-06-07,SY-D-039,ภาคกลาง,388,6082
2025-06-07,SY-D-039,ภาคตะวันออก,252,5588
2025-06-07,SY-D-039,ภาคเหนือ,244,3687
2025-06-07,SY-D-039,ภาคใต้,308,4739
2025-06-07,AG-E-052,กรุงเทพฯ,130,2721
2025-06-07,AG-E-052,ภาคกลาง,117,1968
2025-06-07,AG-E-052,ภาคตะวันออก,87,1591
2025-06-07,AG-E-052,ภาคเหนือ,72,1243
2025-06-07,AG-E-052,ภาคใต้,87,1510
2025-06-08,TK-A-001,กรุงเทพฯ,179,3645
2025-06-08,TK-A-001,ภาคกลาง,137,2884
2025-06-08,TK-A-001,ภาคตะวันออก,111,2228
2025-06-08,TK-A-001,ภาคเหนือ,93,1772
2025-06-08,TK-A-001,ภาคใต้,117,2435
2025-06-08,GL-B-014,กรุงเทพฯ,950,15543
2025-06-08,GL-B-014,ภาคกลาง,796,13233
2025-06-08,GL-B-014,ภาคตะวันออก,507,9968
2025-06-08,GL-B-014,ภาคเหนือ,476,7885
2025-06-08,GL-B-014,ภาคใต้,680,10167
2025-06-08,MK-C-028,กรุงเทพฯ,636,11412
2025-06-08,MK-C-028,ภาคกลาง,552,8741
2025-06-08,MK-C-028,ภาคตะวันออก,386,7461
2025-06-08,MK-C-028,ภาคเหนือ,346,7048
2025-06-08,MK-C-028,ภาคใต้,414,8412
2025-06-08,SY-D-039,กรุงเทพฯ,424,7210
2025-06-08,SY-D-039,ภาคกลาง,363,7191
2025-06-08,SY-D-039,ภาคตะวันออก,283,4385
2025-06-08,SY-D-039,ภาคเหนือ,262,4781
2025-06-08,SY-D-039,ภาคใต้,310,5170
2025-06-08,AG-E-052,กรุงเทพฯ,138,2713
2025-06-08,AG-E-052,ภาคกลาง,118,1839
2025-06-08,AG-E-052,ภาคตะวันออก,77,1403
2025-06-08,AG-E-052,ภาคเหนือ,77,1142
2025-06-08,AG-E-052,ภาคใต้,92,1832
2025-06-09,TK-A-001,กรุงเทพฯ,167,3097
2025-06-09,TK-A-001,ภาคกลาง,155,2480
2025-06-09,TK-A-001,ภาคตะวันออก,112,1821
2025-06-09,TK-A-001,ภาคเหนือ,88,1854
2025-06-09,TK-A-001,ภาคใต้,124,2120
2025-06-09,GL-B-014,กรุงเทพฯ,938,17213
2025-06-09,GL-B-014,ภาคกลาง,732,13048
2025-06-09,GL-B-014,ภาคตะวันออก,591,10371
2025-06-09,GL-B-014,ภาคเหนือ,457,8251
2025-06-09,GL-B-014,ภาคใต้,663,10872
2025-06-09,MK-C-028,กรุงเทพฯ,643,10477
2025-06-09,MK-C-028,ภาคกลาง,521,9989
2025-06-09,MK-C-028,ภาคตะวันออก,390,8306
2025-06-09,MK-C-028,ภาคเหนือ,359,6753
2025-06-09,MK-C-028,ภาคใต้,494,8937
2025-06-09,SY-D-039,กรุงเทพฯ,449,8740
2025-06-09,SY-D-039,ภาคกลาง,391,7212
2025-06-09,SY-D-039,ภาคตะวันออก,285,5055
2025-06-09,SY-D-039,ภาคเหนือ,237,3961
2025-06-09,SY-D-039,ภาคใต้,293,5423
2025-06-09,AG-E-052,กรุงเทพฯ,132,2436
2025-06-09,AG-E-052,ภาคกลาง,108,1875
2025-06-09,AG-E-052,ภาคตะวันออก,85,1447
2025-06-09,AG-E-052,ภาคเหนือ,73,1467
2025-06-09,AG-E-052,ภาคใต้,97,1538
2025-06-10,TK-A-001,กรุงเทพฯ,164,3399
2025-06-10,TK-A-001,ภาคกลาง,138,2616
2025-06-10,TK-A-001,ภาคตะวันออก,115,1812
2025-06-10,TK-A-001,ภาคเหนือ,104,1484
2025-06-10,TK-A-001,ภาคใต้,132,2008
2025-06-10,GL-B-014,กรุงเทพฯ,989,15511
2025-06-10,GL-B-014,ภาคกลาง,789,12968
2025-06-10,GL-B-014,ภาคตะวันออก,506,9540
2025-06-10,GL-B-014,ภาคเหนือ,525,8297
2025-06-10,GL-B-014,ภาคใต้,664,10518
2025-06-10,MK-C-028,กรุงเทพฯ,649,11737
2025-06-10,MK-C-028,ภาคกลาง,493,9444
2025-06-10,MK-C-028,ภาคตะวันออก,436,7024
2025-06-10,MK-C-028,ภาคเหนือ,348,6609
2025-06-10,MK-C-028,ภาคใต้,485,7296
2025-06-10,SY-D-039,กรุงเทพฯ,427,8836
2025-06-10,SY-D-039,ภาคกลาง,336,6226
2025-06-10,SY-D-039,ภาคตะวันออก,292,4295
2025-06-10,SY-D-039,ภาคเหนือ,244,3910
2025-06-10,SY-D-039,ภาคใต้,282,6193
2025-06-10,AG-E-052,กรุงเทพฯ,140,2442
2025-06-10,AG-E-052,ภาคกลาง,118,2108
2025-06-10,AG-E-052,ภาคตะวันออก,74,1304
2025-06-10,AG-E-052,ภาคเหนือ,76,1265
2025-06-10,AG-E-052,ภาคใต้,94,1448
2025-06-11,TK-A-001,กรุงเทพฯ,190,3021
2025-06-11,TK-A-001,ภาคกลาง,131,2880
2025-06-11,TK-A-001,ภาคตะวันออก,108,1755
2025-06-11,TK-A-001,ภาคเหนือ,87,1591
2025-06-11,TK-A-001,ภาคใต้,130,2375
2025-06-11,GL-B-014,กรุงเทพฯ,877,14853
2025-06-11,GL-B-014,ภาคกลาง,694,12117
2025-06-11,GL-B-014,ภาคตะวันออก,574,8727
2025-06-11,GL-B-014,ภาคเหนือ,464,8832
2025-06-11,GL-B-014,ภาคใต้,561,11464
2025-06-11,MK-C-028,กรุงเทพฯ,724,13836
2025-06-11,MK-C-028,ภาคกลาง,571,10971
2025-06-11,MK-C-028,ภาคตะวันออก,416,7862
2025-06-11,MK-C-028,ภาคเหนือ,347,7178
2025-06-11,MK-C-028,ภาคใต้,417,9256
2025-06-11,SY-D-039,กรุงเทพฯ,418,9181
2025-06-11,SY-D-039,ภาคกลาง,325,5987
2025-06-11,SY-D-039,ภาคตะวันออก,293,4846
2025-06-11,SY-D-039,ภาคเหนือ,250,4331
2025-06-11,SY-D-039,ภาคใต้,302,6006
2025-06-11,AG-E-052,กรุงเทพฯ,138,2285
2025-06-11,AG-E-052,ภาคกลาง,112,1738
2025-06-11,AG-E-052,ภาคตะวันออก,77,1296
2025-06-11,AG-E-052,ภาคเหนือ,75,1118
2025-06-11,AG-E-052,ภาคใต้,84,1694
2025-06-12,TK-A-001,กรุงเทพฯ,188,3510
2025-06-12,TK-A-001,ภาคกลาง,152,2751
2025-06-12,TK-A-001,ภาคตะวันออก,114,1831
2025-06-12,TK-A-001,ภาคเหนือ,93,1687
2025-06-12,TK-A-001,ภาคใต้,114,2404
2025-06-12,GL-B-014,กรุงเทพฯ,1002,19159
2025-06-12,GL-B-014,ภาคกลาง,744,11738
2025-06-12,GL-B-014,ภาคตะวันออก,542,10752
2025-06-12,GL-B-014,ภาคเหนือ,470,9700
2025-06-12,GL-B-014,ภาคใต้,674,11927
2025-06-12,MK-C-028,กรุงเทพฯ,652,12057
2025-06-12,MK-C-028,ภาคกลาง,486,10884
2025-06-12,MK-C-028,ภาคตะวันออก,442,6402
2025-06-12,MK-C-028,ภาคเหนือ,387,6369
2025-06-12,MK-C-028,ภาคใต้,451,7779
2025-06-12,SY-D-039,กรุงเทพฯ,485,7215
2025-06-12,SY-D-039,ภาคกลาง,349,5594
2025-06-12,SY-D-039,ภาคตะวันออก,243,5026
2025-06-12,SY-D-039,ภาคเหนือ,242,4594
2025-06-12,SY-D-039,ภาคใต้,284,6016
2025-06-12,AG-E-052,กรุงเทพฯ,123,2113
2025-06-12,AG-E-052,ภาคกลาง,107,1977
2025-06-12,AG-E-052,ภาคตะวันออก,73,1577
2025-06-12,AG-E-052,ภาคเหนือ,72,1352
2025-06-12,AG-E-052,ภาคใต้,89,1533
2025-06-13,TK-A-001,กรุงเทพฯ,183,3537
2025-06-13,TK-A-001,ภาคกลาง,150,2582
2025-06-13,TK-A-001,ภาคตะวันออก,99,1909
2025-06-13,TK-A-001,ภาคเหนือ,92,1644
2025-06-13,TK-A-001,ภาคใต้,109,1877
2025-06-13,GL-B-014,กรุงเทพฯ,1004,18596
2025-06-13,GL-B-014,ภาคกลาง,712,14448
2025-06-13,GL-B-014,ภาคตะวันออก,570,10659
2025-06-13,GL-B-014,ภาคเหนือ,529,9538
2025-06-13,GL-B-014,ภาคใต้,591,11091
2025-06-13,MK-C-028,กรุงเทพฯ,708,10861
2025-06-13,MK-C-028,ภาคกลาง,542,10616
2025-06-13,MK-C-028,ภาคตะวันออก,365,8301
2025-06-13,MK-C-028,ภาคเหนือ,382,7373
2025-06-13,MK-C-028,ภาคใต้,425,7536
2025-06-13,SY-D-039,กรุงเทพฯ,408,8487
2025-06-13,SY-D-039,ภาคกลาง,345,6180
2025-06-13,SY-D-039,ภาคตะวันออก,256,5047
2025-06-13,SY-D-039,ภาคเหนือ,233,4483
2025-06-13,SY-D-039,ภาคใต้,307,5838
2025-06-13,AG-E-052,กรุงเทพฯ,135,2119
2025-06-13,AG-E-052,ภาคกลาง,111,1735
2025-06-13,AG-E-052,ภาคตะวันออก,77,1577
2025-06-13,AG-E-052,ภาคเหนือ,69,1136
2025-06-13,AG-E-052,ภาคใต้,94,1730
2025-06-14,TK-A-001,กรุงเทพฯ,178,2955
2025-06-14,TK-A-001,ภาคกลาง,154,2296
2025-06-14,TK-A-001,ภาคตะวันออก,99,2235
2025-06-14,TK-A-001,ภาคเหนือ,93,1780
2025-06-14,TK-A-001,ภาคใต้,126,2079
2025-06-14,GL-B-014,กรุงเทพฯ,847,15691
2025-06-14,GL-B-014,ภาคกลาง,761,12963
2025-06-14,GL-B-014,ภาคตะวันออก,603,10344
2025-06-14,GL-B-014,ภาคเหนือ,533,9938
2025-06-14,GL-B-014,ภาคใต้,652,9662
2025-06-14,MK-C-028,กรุงเทพฯ,641,13219
2025-06-14,MK-C-028,ภาคกลาง,564,10282
2025-06-14,MK-C-028,ภาคตะวันออก,389,7381
2025-06-14,MK-C-028,ภาคเหนือ,374,7057
2025-06-14,MK-C-028,ภาคใต้,430,8201
2025-06-14,SY-D-039,กรุงเทพฯ,440,9138
2025-06-14,SY-D-039,ภาคกลาง,391,6980
2025-06-14,SY-D-039,ภาคตะวันออก,296,4992
2025-06-14,SY-D-039,ภาคเหนือ,247,3739
2025-06-14,SY-D-039,ภาคใต้,273,4608
2025-06-14,AG-E-052,กรุงเทพฯ,137,2438
2025-06-14,AG-E-052,ภาคกลาง,111,2112
2025-06-14,AG-E-052,ภาคตะวันออก,87,1294
2025-06-14,AG-E-052,ภาคเหนือ,71,1279
2025-06-14,AG-E-052,ภาคใต้,96,1610
2025-06-15,TK-A-001,กรุงเทพฯ,186,2954
2025-06-15,TK-A-001,ภาคกลาง,136,2458
2025-06-15,TK-A-001,ภาคตะวันออก,115,1819
2025-06-15,TK-A-001,ภาคเหนือ,92,1571
2025-06-15,TK-A-001,ภาคใต้,117,2389
2025-06-15,GL-B-014,กรุงเทพฯ,937,16368
2025-06-15,GL-B-014,ภาคกลาง,773,12556
2025-06-15,GL-B-014,ภาคตะวันออก,602,9319
2025-06-15,GL-B-014,ภาคเหนือ,545,8230
2025-06-15,GL-B-014,ภาคใต้,655,12480
2025-06-15,MK-C-028,กรุงเทพฯ,654,13532
2025-06-15,MK-C-028,ภาคกลาง,581,10085
2025-06-15,MK-C-028,ภาคตะวันออก,402,6693
2025-06-15,MK-C-028,ภาคเหนือ,359,6432
2025-06-15,MK-C-028,ภาคใต้,417,7974
2025-06-15,SY-D-039,กรุงเทพฯ,474,9192
2025-06-15,SY-D-039,ภาคกลาง,392,6406
2025-06-15,SY-D-039,ภาคตะวันออก,251,5309
2025-06-15,SY-D-039,ภาคเหนือ,247,4130
2025-06-15,SY-D-039,ภาคใต้,320,6204
2025-06-15,AG-E-052,กรุงเทพฯ,124,2325
2025-06-15,AG-E-052,ภาคกลาง,99,1722
2025-06-15,AG-E-052,ภาคตะวันออก,85,1423
2025-06-15,AG-E-052,ภาคเหนือ,77,1144
2025-06-15,AG-E-052,ภาคใต้,84,1687
2025-06-16,TK-A-001,กรุงเทพฯ,184,3697
2025-06-16,TK-A-001,ภาคกลาง,135,2225
2025-06-16,TK-A-001,ภาคตะวันออก,98,2086
2025-06-16,TK-A-001,ภาคเหนือ,88,1709
2025-06-16,TK-A-001,ภาคใต้,116,1886
2025-06-16,GL-B-014,กรุงเทพฯ,917,17966
2025-06-16,GL-B-014,ภาคกลาง,747,11633
2025-06-16,GL-B-014,ภาคตะวันออก,598,8800
2025-06-16,GL-B-014,ภาคเหนือ,460,8090
2025-06-16,GL-B-014,ภาคใต้,655,11298
2025-06-16,MK-C-028,กรุงเทพฯ,739,12504
2025-06-16,MK-C-028,ภาคกลาง,545,8570
2025-06-16,MK-C-028,ภาคตะวันออก,370,6223
2025-06-16,MK-C-028,ภาคเหนือ,382,6588
2025-06-16,MK-C-028,ภาคใต้,456,9229
2025-06-16,SY-D-039,กรุงเทพฯ,437,7488
2025-06-16,SY-D-039,ภาคกลาง,381,5970
2025-06-16,SY-D-039,ภาคตะวันออก,257,4743
2025-06-16,SY-D-039,ภาคเหนือ,227,4517
2025-06-16,SY-D-039,ภาคใต้,323,5793
2025-06-16,AG-E-052,กรุงเทพฯ,130,2491
2025-06-16,AG-E-052,ภาคกลาง,118,1744
2025-06-16,AG-E-052,ภาคตะวันออก,79,1616
2025-06-16,AG-E-052,ภาคเหนือ,67,1195
2025-06-16,AG-E-052,ภาคใต้,98,1830
2025-06-17,TK-A-001,กรุงเทพฯ,179,3369
2025-06-17,TK-A-001,ภาคกลาง,147,2531
2025-06-17,TK-A-001,ภาคตะวันออก,107,1824
2025-06-17,TK-A-001,ภาคเหนือ,99,1736
2025-06-17,TK-A-001,ภาคใต้,117,2210
2025-06-17,GL-B-014,กรุงเทพฯ,881,18013
2025-06-17,GL-B-014,ภาคกลาง,776,13080
2025-06-17,GL-B-014,ภาคตะวันออก,572,9057
2025-06-17,GL-B-014,ภาคเหนือ,536,8019
2025-06-17,GL-B-014,ภาคใต้,627,12523
2025-06-17,MK-C-028,กรุงเทพฯ,652,12896
2025-06-17,MK-C-028,ภาคกลาง,528,10181
2025-06-17,MK-C-028,ภาคตะวันออก,415,6497
2025-06-17,MK-C-028,ภาคเหนือ,384,6784
2025-06-17,MK-C-028,ภาคใต้,413,9231
2025-06-17,SY-D-039,กรุงเทพฯ,483,6941
2025-06-17,SY-D-039,ภาคกลาง,371,6583
2025-06-17,SY-D-039,ภาคตะวันออก,267,5089
2025-06-17,SY-D-039,ภาคเหนือ,233,4327
2025-06-17,SY-D-039,ภาคใต้,274,4673
2025-06-17,AG-E-052,กรุงเทพฯ,127,2072
2025-06-17,AG-E-052,ภาคกลาง,105,2041
2025-06-17,AG-E-052,ภาคตะวันออก,88,1416
2025-06-17,AG-E-052,ภาคเหนือ,79,1399
2025-06-17,AG-E-052,ภาคใต้,84,1618
2025-06-18,TK-A-001,กรุงเทพฯ,194,3560
2025-06-18,TK-A-001,ภาคกลาง,151,2497
2025-06-18,TK-A-001,ภาคตะวันออก,111,2226
2025-06-18,TK-A-001,ภาคเหนือ,94,1873
2025-06-18,TK-A-001,ภาคใต้,129,1850
2025-06-18,GL-B-014,กรุงเทพฯ,884,15257
2025-06-18,GL-B-014,ภาคกลาง,789,15241
2025-06-18,GL-B-014,ภาคตะวันออก,505,9645
2025-06-18,GL-B-014,ภาคเหนือ,448,8276
2025-06-18,GL-B-014,ภาคใต้,671,11874
2025-06-18,MK-C-028,กรุงเทพฯ,706,10546
2025-06-18,MK-C-028,ภาคกลาง,501,8305
2025-06-18,MK-C-028,ภาคตะวันออก,421,6550
2025-06-18,MK-C-028,ภาคเหนือ,336,6144
2025-06-18,MK-C-028,ภาคใต้,424,8147
2025-06-18,SY-D-039,กรุงเทพฯ,479,8853
2025-06-18,SY-D-039,ภาคกลาง,388,6490
2025-06-18,SY-D-039,ภาคตะวันออก,265,4393
2025-06-18,SY-D-039,ภาคเหนือ,223,4007
2025-06-18,SY-D-039,ภาคใต้,307,5915
2025-06-18,AG-E-052,กรุงเทพฯ,139,2645
2025-06-18,AG-E-052,ภาคกลาง,114,2111
2025-06-18,AG-E-052,ภาคตะวันออก,77,1571
2025-06-18,AG-E-052,ภาคเหนือ,78,1212
2025-06-18,AG-E-052,ภาคใต้,94,1833
2025-06-19,TK-A-001,กรุงเทพฯ,184,3028
2025-06-19,TK-A-001,ภาคกลาง,130,2978
2025-06-19,TK-A-001,ภาคตะวันออก,104,1884
2025-06-19,TK-A-001,ภาคเหนือ,94,1967
2025-06-19,TK-A-001,ภาคใต้,131,1976
2025-06-19,GL-B-014,กรุงเทพฯ,911,16535
2025-06-19,GL-B-014,ภาคกลาง,722,13917
2025-06-19,GL-B-014,ภาคตะวันออก,518,10902
2025-06-19,GL-B-014,ภาคเหนือ,508,10057
2025-06-19,GL-B-014,ภาคใต้,580,10135
2025-06-19,MK-C-028,กรุงเทพฯ,698,12604
2025-06-19,MK-C-028,ภาคกลาง,569,8510
2025-06-19,MK-C-028,ภาคตะวันออก,382,7138
2025-06-19,MK-C-028,ภาคเหนือ,336,7341
2025-06-19,MK-C-028,ภาคใต้,447,8452
2025-06-19,SY-D-039,กรุงเทพฯ,467,7346
2025-06-19,SY-D-039,ภาคกลาง,395,7385
2025-06-19,SY-D-039,ภาคตะวันออก,268,4615
2025-06-19,SY-D-039,ภาคเหนือ,216,4451
2025-06-19,SY-D-039,ภาคใต้,329,4675
2025-06-19,AG-E-052,กรุงเทพฯ,132,2785
2025-06-19,AG-E-052,ภาคกลาง,99,1723
2025-06-19,AG-E-052,ภาคตะวันออก,88,1513
2025-06-19,AG-E-052,ภาคเหนือ,79,1213
2025-06-19,AG-E-052,ภาคใต้,92,1767
2025-06-20,TK-A-001,กรุงเทพฯ,162,3259
2025-06-20,TK-A-001,ภาคกลาง,137,2371
2025-06-20,TK-A-001,ภาคตะวันออก,99,1805
2025-06-20,TK-A-001,ภาคเหนือ,98,1856
2025-06-20,TK-A-001,ภาคใต้,114,2201
2025-06-20,GL-B-014,กรุงเทพฯ,907,18959
2025-06-20,GL-B-014,ภาคกลาง,670,12418
2025-06-20,GL-B-014,ภาคตะวันออก,550,11283
2025-06-20,GL-B-014,ภาคเหนือ,508,9070
2025-06-20,GL-B-014,ภาคใต้,652,11868
2025-06-20,MK-C-028,กรุงเทพฯ,632,12845
2025-06-20,MK-C-028,ภาคกลาง,586,9557
2025-06-20,MK-C-028,ภาคตะวันออก,403,7417
2025-06-20,MK-C-028,ภาคเหนือ,352,6675
2025-06-20,MK-C-028,ภาคใต้,457,7841
2025-06-20,SY-D-039,กรุงเทพฯ,446,7894
2025-06-20,SY-D-039,ภาคกลาง,325,7412
2025-06-20,SY-D-039,ภาคตะวันออก,253,4489
2025-06-20,SY-D-039,ภาคเหนือ,254,4917
2025-06-20,SY-D-039,ภาคใต้,292,4976
2025-06-20,AG-E-052,กรุงเทพฯ,140,2195
2025-06-20,AG-E-052,ภาคกลาง,100,2120
2025-06-20,AG-E-052,ภาคตะวันออก,81,1309
2025-06-20,AG-E-052,ภาคเหนือ,70,1356
2025-06-20,AG-E-052,ภาคใต้,84,1455
2025-06-21,TK-A-001,กรุงเทพฯ,172,3195
2025-06-21,TK-A-001,ภาคกลาง,134,2511
2025-06-21,TK-A-001,ภาคตะวันออก,108,1818
2025-06-21,TK-A-001,ภาคเหนือ,92,1644
2025-06-21,TK-A-001,ภาคใต้,116,2163
2025-06-21,GL-B-014,กรุงเทพฯ,1018,15503
2025-06-21,GL-B-014,ภาคกลาง,723,14355
2025-06-21,GL-B-014,ภาคตะวันออก,572,9543
2025-06-21,GL-B-014,ภาคเหนือ,505,7620
2025-06-21,GL-B-014,ภาคใต้,613,9775
2025-06-21,MK-C-028,กรุงเทพฯ,670,11399
2025-06-21,MK-C-028,ภาคกลาง,515,10780
2025-06-21,MK-C-028,ภาคตะวันออก,443,8367
2025-06-21,MK-C-028,ภาคเหนือ,385,6821
2025-06-21,MK-C-028,ภาคใต้,413,7180
2025-06-21,SY-D-039,กรุงเทพฯ,479,8523
2025-06-21,SY-D-039,ภาคกลาง,357,5888
2025-06-21,SY-D-039,ภาคตะวันออก,259,5519
2025-06-21,SY-D-039,ภาคเหนือ,243,3796
2025-06-21,SY-D-039,ภาคใต้,318,5475
2025-06-21,AG-E-052,กรุงเทพฯ,124,2378
2025-06-21,AG-E-052,ภาคกลาง,97,2108
2025-06-21,AG-E-052,ภาคตะวันออก,79,1304
2025-06-21,AG-E-052,ภาคเหนือ,70,1241
2025-06-21,AG-E-052,ภาคใต้,94,1595
2025-06-22,TK-A-001,กรุงเทพฯ,195,3537
2025-06-22,TK-A-001,ภาคกลาง,137,2357
2025-06-22,TK-A-001,ภาคตะวันออก,104,1776
2025-06-22,TK-A-001,ภาคเหนือ,100,1689
2025-06-22,TK-A-001,ภาคใต้,122,2065
2025-06-22,GL-B-014,กรุงเทพฯ,1015,17398
2025-06-22,GL-B-014,ภาคกลาง,731,13896
2025-06-22,GL-B-014,ภาคตะวันออก,553,11378
2025-06-22,GL-B-014,ภาคเหนือ,491,8691
2025-06-22,GL-B-014,ภาคใต้,668,10672
2025-06-22,MK-C-028,กรุงเทพฯ,738,13174
2025-06-22,MK-C-028,ภาคกลาง,547,10011
2025-06-22,MK-C-028,ภาคตะวันออก,393,7633
2025-06-22,MK-C-028,ภาคเหนือ,359,6294
2025-06-22,MK-C-028,ภาคใต้,484,8932
2025-06-22,SY-D-039,กรุงเทพฯ,405,7217
2025-06-22,SY-D-039,ภาคกลาง,350,6582
2025-06-22,SY-D-039,ภาคตะวันออก,272,4310
2025-06-22,SY-D-039,ภาคเหนือ,255,4101
2025-06-22,SY-D-039,ภาคใต้,327,4827
2025-06-22,AG-E-052,กรุงเทพฯ,122,2434
2025-06-22,AG-E-052,ภาคกลาง,101,2172
2025-06-22,AG-E-052,ภาคตะวันออก,86,1486
2025-06-22,AG-E-052,ภาคเหนือ,73,1235
2025-06-22,AG-E-052,ภาคใต้,93,1421
2025-06-23,TK-A-001,กรุงเทพฯ,191,3172
2025-06-23,TK-A-001,ภาคกลาง,137,2327
2025-06-23,TK-A-001,ภาคตะวันออก,108,1880
2025-06-23,TK-A-001,ภาคเหนือ,96,1637
2025-06-23,TK-A-001,ภาคใต้,125,2264
2025-06-23,GL-B-014,กรุงเทพฯ,987,17217
2025-06-23,GL-B-014,ภาคกลาง,694,12552
2025-06-23,GL-B-014,ภาคตะวันออก,540,8617
2025-06-23,GL-B-014,ภาคเหนือ,510,7942
2025-06-23,GL-B-014,ภาคใต้,588,12310
2025-06-23,MK-C-028,กรุงเทพฯ,608,11603
2025-06-23,MK-C-028,ภาคกลาง,519,8877
2025-06-23,MK-C-028,ภาคตะวันออก,365,8382
2025-06-23,MK-C-028,ภาคเหนือ,328,5614
2025-06-23,MK-C-028,ภาคใต้,436,8549
2025-06-23,SY-D-039,กรุงเทพฯ,445,8268
2025-06-23,SY-D-039,ภาคกลาง,332,6636
2025-06-23,SY-D-039,ภาคตะวันออก,280,4583
2025-06-23,SY-D-039,ภาคเหนือ,228,4072
2025-06-23,SY-D-039,ภาคใต้,317,6205
2025-06-23,AG-E-052,กรุงเทพฯ,122,2403
2025-06-23,AG-E-052,ภาคกลาง,117,1907
2025-06-23,AG-E-052,ภาคตะวันออก,74,1576
2025-06-23,AG-E-052,ภาคเหนือ,75,1176
2025-06-23,AG-E-052,ภาคใต้,86,1464
2025-06-24,TK-A-001,กรุงเทพฯ,187,3618
2025-06-24,TK-A-001,ภาคกลาง,154,2488
2025-06-24,TK-A-001,ภาคตะวันออก,107,1835
2025-06-24,TK-A-001,ภาคเหนือ,97,1700
2025-06-24,TK-A-001,ภาคใต้,111,2275
2025-06-24,GL-B-014,กรุงเทพฯ,930,18733
2025-06-24,GL-B-014,ภาคกลาง,744,14187
2025-06-24,GL-B-014,ภาคตะวันออก,609,11416
2025-06-24,GL-B-014,ภาคเหนือ,538,8609
2025-06-24,GL-B-014,ภาคใต้,674,9512
2025-06-24,MK-C-028,กรุงเทพฯ,658,12695
2025-06-24,MK-C-028,ภาคกลาง,507,10430
2025-06-24,MK-C-028,ภาคตะวันออก,370,6651
2025-06-24,MK-C-028,ภาคเหนือ,382,5656
2025-06-24,MK-C-028,ภาคใต้,455,7567
2025-06-24,SY-D-039,กรุงเทพฯ,459,7155
2025-06-24,SY-D-039,ภาคกลาง,385,5742
2025-06-24,SY-D-039,ภาคตะวันออก,252,5102
2025-06-24,SY-D-039,ภาคเหนือ,231,4217
2025-06-24,SY-D-039,ภาคใต้,327,4770
2025-06-24,AG-E-052,กรุงเทพฯ,126,2085
2025-06-24,AG-E-052,ภาคกลาง,118,1972
2025-06-24,AG-E-052,ภาคตะวันออก,88,1497
2025-06-24,AG-E-052,ภาคเหนือ,65,1333
2025-06-24,AG-E-052,ภาคใต้,84,1394
2025-06-25,TK-A-001,กรุงเทพฯ,174,3026
2025-06-25,TK-A-001,ภาคกลาง,136,2223
2025-06-25,TK-A-001,ภาคตะวันออก,100,2136
2025-06-25,TK-A-001,ภาคเหนือ,89,1863
2025-06-25,TK-A-001,ภาคใต้,123,2060
2025-06-25,GL-B-014,กรุงเทพฯ,927,18184
2025-06-25,GL-B-014,ภาคกลาง,713,14041
2025-06-25,GL-B-014,ภาคตะวันออก,610,10674
2025-06-25,GL-B-014,ภาคเหนือ,483,9899
2025-06-25,GL-B-014,ภาคใต้,619,12532
2025-06-25,MK-C-028,กรุงเทพฯ,642,11292
2025-06-25,MK-C-028,ภาคกลาง,528,10353
2025-06-25,MK-C-028,ภาคตะวันออก,437,8056
2025-06-25,MK-C-028,ภาคเหนือ,335,6716
2025-06-25,MK-C-028,ภาคใต้,446,7933
2025-06-25,SY-D-039,กรุงเทพฯ,422,7975
2025-06-25,SY-D-039,ภาคกลาง,394,5621
2025-06-25,SY-D-039,ภาคตะวันออก,253,5052
2025-06-25,SY-D-039,ภาคเหนือ,247,4236
2025-06-25,SY-D-039,ภาคใต้,281,6150
2025-06-25,AG-E-052,กรุงเทพฯ,123,2328
2025-06-25,AG-E-052,ภาคกลาง,103,1930
2025-06-25,AG-E-052,ภาคตะวันออก,80,1439
2025-06-25,AG-E-052,ภาคเหนือ,77,1234
2025-06-25,AG-E-052,ภาคใต้,91,1721
2025-06-26,TK-A-001,กรุงเทพฯ,179,3649
2025-06-26,TK-A-001,ภาคกลาง,144,2645
2025-06-26,TK-A-001,ภาคตะวันออก,99,1870
2025-06-26,TK-A-001,ภาคเหนือ,98,1807
2025-06-26,TK-A-001,ภาคใต้,130,2121
2025-06-26,GL-B-014,กรุงเทพฯ,982,15656
2025-06-26,GL-B-014,ภาคกลาง,725,12654
2025-06-26,GL-B-014,ภาคตะวันออก,504,9788
2025-06-26,GL-B-014,ภาคเหนือ,534,9577
2025-06-26,GL-B-014,ภาคใต้,613,11725
2025-06-26,MK-C-028,กรุงเทพฯ,637,12884
2025-06-26,MK-C-028,ภาคกลาง,571,9840
2025-06-26,MK-C-028,ภาคตะวันออก,375,7008
2025-06-26,MK-C-028,ภาคเหนือ,363,5535
2025-06-26,MK-C-028,ภาคใต้,487,7408
2025-06-26,SY-D-039,กรุงเทพฯ,453,7124
2025-06-26,SY-D-039,ภาคกลาง,366,6208
2025-06-26,SY-D-039,ภาคตะวันออก,276,4240
2025-06-26,SY-D-039,ภาคเหนือ,245,4499
2025-06-26,SY-D-039,ภาคใต้,309,5312
2025-06-26,AG-E-052,กรุงเทพฯ,130,2761
2025-06-26,AG-E-052,ภาคกลาง,98,2158
2025-06-26,AG-E-052,ภาคตะวันออก,84,1610
2025-06-26,AG-E-052,ภาคเหนือ,70,1321
2025-06-26,AG-E-052,ภาคใต้,95,1570
2025-06-27,TK-A-001,กรุงเทพฯ,170,2780
2025-06-27,TK-A-001,ภาคกลาง,142,2885
2025-06-27,TK-A-001,ภาคตะวันออก,112,2206
2025-06-27,TK-A-001,ภาคเหนือ,96,1867
2025-06-27,TK-A-001,ภาคใต้,124,2316
2025-06-27,GL-B-014,กรุงเทพฯ,865,14486
2025-06-27,GL-B-014,ภาคกลาง,789,11647
2025-06-27,GL-B-014,ภาคตะวันออก,607,11247
2025-06-27,GL-B-014,ภาคเหนือ,502,8192
2025-06-27,GL-B-014,ภาคใต้,606,10059
2025-06-27,MK-C-028,กรุงเทพฯ,712,11652
2025-06-27,MK-C-028,ภาคกลาง,563,9259
2025-06-27,MK-C-028,ภาคตะวันออก,421,7903
2025-06-27,MK-C-028,ภาคเหนือ,365,6995
2025-06-27,MK-C-028,ภาคใต้,469,8979
2025-06-27,SY-D-039,กรุงเทพฯ,421,7856
2025-06-27,SY-D-039,ภาคกลาง,371,6279
2025-06-27,SY-D-039,ภาคตะวันออก,244,4720
2025-06-27,SY-D-039,ภาคเหนือ,258,4046
2025-06-27,SY-D-039,ภาคใต้,283,4954
2025-06-27,AG-E-052,กรุงเทพฯ,127,2746
2025-06-27,AG-E-052,ภาคกลาง,100,1699
2025-06-27,AG-E-052,ภาคตะวันออก,82,1583
2025-06-27,AG-E-052,ภาคเหนือ,72,1481
2025-06-27,AG-E-052,ภาคใต้,85,1792
2025-06-28,TK-A-001,กรุงเทพฯ,196,3381
2025-06-28,TK-A-001,ภาคกลาง,156,2341
2025-06-28,TK-A-001,ภาคตะวันออก,116,1678
2025-06-28,TK-A-001,ภาคเหนือ,100,1738
2025-06-28,TK-A-001,ภาคใต้,113,2037
2025-06-28,GL-B-014,กรุงเทพฯ,888,18255
2025-06-28,GL-B-014,ภาคกลาง,699,12674
2025-06-28,GL-B-014,ภาคตะวันออก,539,8711
2025-06-28,GL-B-014,ภาคเหนือ,476,8167
2025-06-28,GL-B-014,ภาคใต้,636,12498
2025-06-28,MK-C-028,กรุงเทพฯ,666,12389
2025-06-28,MK-C-028,ภาคกลาง,494,10546
2025-06-28,MK-C-028,ภาคตะวันออก,440,6308
2025-06-28,MK-C-028,ภาคเหนือ,381,6622
2025-06-28,MK-C-028,ภาคใต้,411,8818
2025-06-28,SY-D-039,กรุงเทพฯ,439,7330
2025-06-28,SY-D-039,ภาคกลาง,389,6966
2025-06-28,SY-D-039,ภาคตะวันออก,257,4570
2025-06-28,SY-D-039,ภาคเหนือ,257,4664
2025-06-28,SY-D-039,ภาคใต้,293,5347
2025-06-28,AG-E-052,กรุงเทพฯ,128,2241
2025-06-28,AG-E-052,ภาคกลาง,100,1664
2025-06-28,AG-E-052,ภาคตะวันออก,86,1457
2025-06-28,AG-E-052,ภาคเหนือ,76,1365
2025-06-28,AG-E-052,ภาคใต้,93,1503
2025-06-29,TK-A-001,กรุงเทพฯ,179,3500
2025-06-29,TK-A-001,ภาคกลาง,147,2888
2025-06-29,TK-A-001,ภาคตะวันออก,111,1867
2025-06-29,TK-A-001,ภาคเหนือ,93,1586
2025-06-29,TK-A-001,ภาคใต้,109,2410
2025-06-29,GL-B-014,กรุงเทพฯ,883,15857
2025-06-29,GL-B-014,ภาคกลาง,799,14712
2025-06-29,GL-B-014,ภาคตะวันออก,604,9114
2025-06-29,GL-B-014,ภาคเหนือ,459,9699
2025-06-29,GL-B-014,ภาคใต้,560,11096
2025-06-29,MK-C-028,กรุงเทพฯ,693,13603
2025-06-29,MK-C-028,ภาคกลาง,588,10671
2025-06-29,MK-C-028,ภาคตะวันออก,439,6839
2025-06-29,MK-C-028,ภาคเหนือ,379,5568
2025-06-29,MK-C-028,ภาคใต้,457,7659
2025-06-29,SY-D-039,กรุงเทพฯ,459,8093
2025-06-29,SY-D-039,ภาคกลาง,332,6511
2025-06-29,SY-D-039,ภาคตะวันออก,272,4897
2025-06-29,SY-D-039,ภาคเหนือ,251,4523
2025-06-29,SY-D-039,ภาคใต้,308,5218
2025-06-29,AG-E-052,กรุงเทพฯ,138,2298
2025-06-29,AG-E-052,ภาคกลาง,108,1826
2025-06-29,AG-E-052,ภาคตะวันออก,79,1587
2025-06-29,AG-E-052,ภาคเหนือ,75,1370
2025-06-29,AG-E-052,ภาคใต้,83,1539
2025-06-30,TK-A-001,กรุงเทพฯ,166,3171
2025-06-30,TK-A-001,ภาคกลาง,150,2964
2025-06-30,TK-A-001,ภาคตะวันออก,100,2151
2025-06-30,TK-A-001,ภาคเหนือ,89,1749
2025-06-30,TK-A-001,ภาคใต้,125,2347
2025-06-30,GL-B-014,กรุงเทพฯ,860,16380
2025-06-30,GL-B-014,ภาคกลาง,760,15032
2025-06-30,GL-B-014,ภาคตะวันออก,551,9772
2025-06-30,GL-B-014,ภาคเหนือ,483,7914
2025-06-30,GL-B-014,ภาคใต้,631,11195
2025-06-30,MK-C-028,กรุงเทพฯ,698,13345
2025-06-30,MK-C-028,ภาคกลาง,550,10041
2025-06-30,MK-C-028,ภาคตะวันออก,371,6667
2025-06-30,MK-C-028,ภาคเหนือ,372,6436
2025-06-30,MK-C-028,ภาคใต้,421,9269
2025-06-30,SY-D-039,กรุงเทพฯ,487,7543
2025-06-30,SY-D-039,ภาคกลาง,334,5728
2025-06-30,SY-D-039,ภาคตะวันออก,263,5244
2025-06-30,SY-D-039,ภาคเหนือ,227,4486
2025-06-30,SY-D-039,ภาคใต้,324,5911
2025-06-30,AG-E-052,กรุงเทพฯ,123,2358
2025-06-30,AG-E-052,ภาคกลาง,116,2148
2025-06-30,AG-E-052,ภาคตะวันออก,78,1452
2025-06-30,AG-E-052,ภาคเหนือ,73,1239
2025-06-30,AG-E-052,ภาคใต้,91,1647
2025-07-01,TK-A-001,กรุงเทพฯ,195,3416
2025-07-01,TK-A-001,ภาคกลาง,156,2482
2025-07-01,TK-A-001,ภาคตะวันออก,112,2025
2025-07-01,TK-A-001,ภาคเหนือ,88,1647
2025-07-01,TK-A-001,ภาคใต้,115,2265
2025-07-01,GL-B-014,กรุงเทพฯ,871,18337
2025-07-01,GL-B-014,ภาคกลาง,752,13702
2025-07-01,GL-B-014,ภาคตะวันออก,559,9451
2025-07-01,GL-B-014,ภาคเหนือ,524,8123
2025-07-01,GL-B-014,ภาคใต้,585,12720
2025-07-01,MK-C-028,กรุงเทพฯ,609,11492
2025-07-01,MK-C-028,ภาคกลาง,494,9052
2025-07-01,MK-C-028,ภาคตะวันออก,377,7972
2025-07-01,MK-C-028,ภาคเหนือ,356,5980
2025-07-01,MK-C-028,ภาคใต้,481,9061
2025-07-01,SY-D-039,กรุงเทพฯ,484,9264
2025-07-01,SY-D-039,ภาคกลาง,391,7082
2025-07-01,SY-D-039,ภาคตะวันออก,264,4577
2025-07-01,SY-D-039,ภาคเหนือ,230,4218
2025-07-01,SY-D-039,ภาคใต้,299,5746
2025-07-01,AG-E-052,กรุงเทพฯ,146,2450
2025-07-01,AG-E-052,ภาคกลาง,113,2217
2025-07-01,AG-E-052,ภาคตะวันออก,76,1619
2025-07-01,AG-E-052,ภาคเหนือ,78,1115
2025-07-01,AG-E-052,ภาคใต้,92,1437
2025-07-02,TK-A-001,กรุงเทพฯ,186,2950
2025-07-02,TK-A-001,ภาคกลาง,130,2507
2025-07-02,TK-A-001,ภาคตะวันออก,116,1979
2025-07-02,TK-A-001,ภาคเหนือ,93,1956
2025-07-02,TK-A-001,ภาคใต้,126,1967
2025-07-02,GL-B-014,กรุงเทพฯ,979,15335
2025-07-02,GL-B-014,ภาคกลาง,737,14644
2025-07-02,GL-B-014,ภาคตะวันออก,525,9830
2025-07-02,GL-B-014,ภาคเหนือ,517,8959
2025-07-02,GL-B-014,ภาคใต้,629,9887
2025-07-02,MK-C-028,กรุงเทพฯ,609,10773
2025-07-02,MK-C-028,ภาคกลาง,492,10127
2025-07-02,MK-C-028,ภาคตะวันออก,434,6667
2025-07-02,MK-C-028,ภาคเหนือ,336,6289
2025-07-02,MK-C-028,ภาคใต้,437,8361
2025-07-02,SY-D-039,กรุงเทพฯ,491,7522
2025-07-02,SY-D-039,ภาคกลาง,378,5870
2025-07-02,SY-D-039,ภาคตะวันออก,250,4873
2025-07-02,SY-D-039,ภาคเหนือ,233,3929
2025-07-02,SY-D-039,ภาคใต้,309,4985
2025-07-02,AG-E-052,กรุงเทพฯ,124,2361
2025-07-02,AG-E-052,ภาคกลาง,98,1743
2025-07-02,AG-E-052,ภาคตะวันออก,85,1561
2025-07-02,AG-E-052,ภาคเหนือ,77,1475
2025-07-02,AG-E-052,ภาคใต้,82,1539
2025-07-03,TK-A-001,กรุงเทพฯ,175,2785
2025-07-03,TK-A-001,ภาคกลาง,137,2306
2025-07-03,TK-A-001,ภาคตะวันออก,102,2210
2025-07-03,TK-A-001,ภาคเหนือ,101,1654
2025-07-03,TK-A-001,ภาคใต้,110,1885
2025-07-03,GL-B-014,กรุงเทพฯ,880,17188
2025-07-03,GL-B-014,ภาคกลาง,722,12328
2025-07-03,GL-B-014,ภาคตะวันออก,520,9391
2025-07-03,GL-B-014,ภาคเหนือ,477,8378
2025-07-03,GL-B-014,ภาคใต้,594,12436
2025-07-03,MK-C-028,กรุงเทพฯ,655,10800
2025-07-03,MK-C-028,ภาคกลาง,531,10912
2025-07-03,MK-C-028,ภาคตะวันออก,416,6567
2025-07-03,MK-C-028,ภาคเหนือ,357,6872
2025-07-03,MK-C-028,ภาคใต้,437,8637
2025-07-03,SY-D-039,กรุงเทพฯ,423,8453
2025-07-03,SY-D-039,ภาคกลาง,338,6673
2025-07-03,SY-D-039,ภาคตะวันออก,276,4236
2025-07-03,SY-D-039,ภาคเหนือ,257,4745
2025-07-03,SY-D-039,ภาคใต้,305,4930
2025-07-03,AG-E-052,กรุงเทพฯ,140,2376
2025-07-03,AG-E-052,ภาคกลาง,101,2126
2025-07-03,AG-E-052,ภาคตะวันออก,86,1480
2025-07-03,AG-E-052,ภาคเหนือ,68,1247
2025-07-03,AG-E-052,ภาคใต้,85,1624
2025-07-04,TK-A-001,กรุงเทพฯ,171,2822
2025-07-04,TK-A-001,ภาคกลาง,147,2506
2025-07-04,TK-A-001,ภาคตะวันออก,113,2111
2025-07-04,TK-A-001,ภาคเหนือ,99,1661
2025-07-04,TK-A-001,ภาคใต้,126,2435
2025-07-04,GL-B-014,กรุงเทพฯ,973,18809
2025-07-04,GL-B-014,ภาคกลาง,740,14737
2025-07-04,GL-B-014,ภาคตะวันออก,536,9752
2025-07-04,GL-B-014,ภาคเหนือ,481,7684
2025-07-04,GL-B-014,ภาคใต้,605,12807
2025-07-04,MK-C-028,กรุงเทพฯ,701,12522
2025-07-04,MK-C-028,ภาคกลาง,487,10107
2025-07-04,MK-C-028,ภาคตะวันออก,386,7012
2025-07-04,MK-C-028,ภาคเหนือ,383,6692
2025-07-04,MK-C-028,ภาคใต้,476,8968
2025-07-04,SY-D-039,กรุงเทพฯ,416,7009
2025-07-04,SY-D-039,ภาคกลาง,369,7435
2025-07-04,SY-D-039,ภาคตะวันออก,274,4437
2025-07-04,SY-D-039,ภาคเหนือ,220,3833
2025-07-04,SY-D-039,ภาคใต้,294,5412
2025-07-04,AG-E-052,กรุงเทพฯ,122,2709
2025-07-04,AG-E-052,ภาคกลาง,106,2019
2025-07-04,AG-E-052,ภาคตะวันออก,86,1592
2025-07-04,AG-E-052,ภาคเหนือ,74,1166
2025-07-04,AG-E-052,ภาคใต้,91,1806
2025-07-05,TK-A-001,กรุงเทพฯ,167,3317
2025-07-05,TK-A-001,ภาคกลาง,142,2499
2025-07-05,TK-A-001,ภาคตะวันออก,101,1953
2025-07-05,TK-A-001,ภาคเหนือ,102,1798
2025-07-05,TK-A-001,ภาคใต้,114,2290
2025-07-05,GL-B-014,กรุงเทพฯ,900,17458
2025-07-05,GL-B-014,ภาคกลาง,690,15263
2025-07-05,GL-B-014,ภาคตะวันออก,577,10459
2025-07-05,GL-B-014,ภาคเหนือ,479,8028
2025-07-05,GL-B-014,ภาคใต้,641,9577
2025-07-05,MK-C-028,กรุงเทพฯ,668,13865
2025-07-05,MK-C-028,ภาคกลาง,493,9212
2025-07-05,MK-C-028,ภาคตะวันออก,388,8071
2025-07-05,MK-C-028,ภาคเหนือ,373,7416
2025-07-05,MK-C-028,ภาคใต้,483,8700
2025-07-05,SY-D-039,กรุงเทพฯ,410,7460
2025-07-05,SY-D-039,ภาคกลาง,358,5725
2025-07-05,SY-D-039,ภาคตะวันออก,259,4724
2025-07-05,SY-D-039,ภาคเหนือ,247,4366
2025-07-05,SY-D-039,ภาคใต้,296,4961
2025-07-05,AG-E-052,กรุงเทพฯ,135,2068
2025-07-05,AG-E-052,ภาคกลาง,117,1745
2025-07-05,AG-E-052,ภาคตะวันออก,89,1429
2025-07-05,AG-E-052,ภาคเหนือ,71,1400
2025-07-05,AG-E-052,ภาคใต้,97,1484
2025-07-06,TK-A-001,กรุงเทพฯ,189,3351
2025-07-06,TK-A-001,ภาคกลาง,145,2818
2025-07-06,TK-A-001,ภาคตะวันออก,117,1806
2025-07-06,TK-A-001,ภาคเหนือ,100,1714
2025-07-06,TK-A-001,ภาคใต้,113,2027
2025-07-06,GL-B-014,กรุงเทพฯ,897,14993
2025-07-06,GL-B-014,ภาคกลาง,767,13352
2025-07-06,GL-B-014,ภาคตะวันออก,573,10039
2025-07-06,GL-B-014,ภาคเหนือ,522,9083
2025-07-06,GL-B-014,ภาคใต้,673,12137
2025-07-06,MK-C-028,กรุงเทพฯ,634,10504
2025-07-06,MK-C-028,ภาคกลาง,524,9990
2025-07-06,MK-C-028,ภาคตะวันออก,375,6963
2025-07-06,MK-C-028,ภาคเหนือ,334,7027
2025-07-06,MK-C-028,ภาคใต้,481,9078
2025-07-06,SY-D-039,กรุงเทพฯ,431,8664
2025-07-06,SY-D-039,ภาคกลาง,369,5548
2025-07-06,SY-D-039,ภาคตะวันออก,274,5060
2025-07-06,SY-D-039,ภาคเหนือ,216,4933
2025-07-06,SY-D-039,ภาคใต้,295,4985
2025-07-06,AG-E-052,กรุงเทพฯ,122,2209
2025-07-06,AG-E-052,ภาคกลาง,98,1958
2025-07-06,AG-E-052,ภาคตะวันออก,87,1589
2025-07-06,AG-E-052,ภาคเหนือ,77,1118
2025-07-06,AG-E-052,ภาคใต้,90,1730
2025-07-07,TK-A-001,กรุงเทพฯ,193,2779
2025-07-07,TK-A-001,ภาคกลาง,141,2400
2025-07-07,TK-A-001,ภาคตะวันออก,99,1902
2025-07-07,TK-A-001,ภาคเหนือ,90,1819
2025-07-07,TK-A-001,ภาคใต้,126,2140
2025-07-07,GL-B-014,กรุงเทพฯ,945,15903
2025-07-07,GL-B-014,ภาคกลาง,735,13189
2025-07-07,GL-B-014,ภาคตะวันออก,581,9732
2025-07-07,GL-B-014,ภาคเหนือ,519,9794
2025-07-07,GL-B-014,ภาคใต้,567,12830
2025-07-07,MK-C-028,กรุงเทพฯ,705,13339
2025-07-07,MK-C-028,ภาคกลาง,521,10175
2025-07-07,MK-C-028,ภาคตะวันออก,431,6522
2025-07-07,MK-C-028,ภาคเหนือ,331,5672
2025-07-07,MK-C-028,ภาคใต้,429,7944
2025-07-07,SY-D-039,กรุงเทพฯ,418,8876
2025-07-07,SY-D-039,ภาคกลาง,355,6714
2025-07-07,SY-D-039,ภาคตะวันออก,280,4526
2025-07-07,SY-D-039,ภาคเหนือ,239,4142
2025-07-07,SY-D-039,ภาคใต้,319,4764
2025-07-07,AG-E-052,กรุงเทพฯ,139,2142
2025-07-07,AG-E-052,ภาคกลาง,102,1719
2025-07-07,AG-E-052,ภาคตะวันออก,77,1462
2025-07-07,AG-E-052,ภาคเหนือ,72,1455
2025-07-07,AG-E-052,ภาคใต้,87,1523
2025-07-08,TK-A-001,กรุงเทพฯ,169,2898
2025-07-08,TK-A-001,ภาคกลาง,138,2800
2025-07-08,TK-A-001,ภาคตะวันออก,118,1742
2025-07-08,TK-A-001,ภาคเหนือ,88,1702
2025-07-08,TK-A-001,ภาคใต้,121,1859
2025-07-08,GL-B-014,กรุงเทพฯ,844,18057
2025-07-08,GL-B-014,ภาคกลาง,744,14448
2025-07-08,GL-B-014,ภาคตะวันออก,595,10339
2025-07-08,GL-B-014,ภาคเหนือ,452,9707
2025-07-08,GL-B-014,ภาคใต้,637,9956
2025-07-08,MK-C-028,กรุงเทพฯ,663,10834
2025-07-08,MK-C-028,ภาคกลาง,531,9518
2025-07-08,MK-C-028,ภาคตะวันออก,371,6343
2025-07-08,MK-C-028,ภาคเหนือ,367,6362
2025-07-08,MK-C-028,ภาคใต้,448,8675
2025-07-08,SY-D-039,กรุงเทพฯ,493,8494
2025-07-08,SY-D-039,ภาคกลาง,376,6474
2025-07-08,SY-D-039,ภาคตะวันออก,259,4872
2025-07-08,SY-D-039,ภาคเหนือ,232,4565
2025-07-08,SY-D-039,ภาคใต้,272,6196
2025-07-08,AG-E-052,กรุงเทพฯ,129,2141
2025-07-08,AG-E-052,ภาคกลาง,102,1941
2025-07-08,AG-E-052,ภาคตะวันออก,79,1456
2025-07-08,AG-E-052,ภาคเหนือ,72,1343
2025-07-08,AG-E-052,ภาคใต้,96,1752
2025-07-09,TK-A-001,กรุงเทพฯ,170,3137
2025-07-09,TK-A-001,ภาคกลาง,155,2806
2025-07-09,TK-A-001,ภาคตะวันออก,104,1847
2025-07-09,TK-A-001,ภาคเหนือ,95,1871
2025-07-09,TK-A-001,ภาคใต้,114,1939
2025-07-09,GL-B-014,กรุงเทพฯ,902,14632
2025-07-09,GL-B-014,ภาคกลาง,725,11952
2025-07-09,GL-B-014,ภาคตะวันออก,551,9695
2025-07-09,GL-B-014,ภาคเหนือ,479,8596
2025-07-09,GL-B-014,ภาคใต้,607,12080
2025-07-09,MK-C-028,กรุงเทพฯ,675,12085
2025-07-09,MK-C-028,ภาคกลาง,496,9749
2025-07-09,MK-C-028,ภาคตะวันออก,437,7287
2025-07-09,MK-C-028,ภาคเหนือ,380,7398
2025-07-09,MK-C-028,ภาคใต้,491,9300
2025-07-09,SY-D-039,กรุงเทพฯ,457,7943
2025-07-09,SY-D-039,ภาคกลาง,347,6771
2025-07-09,SY-D-039,ภาคตะวันออก,284,4914
2025-07-09,SY-D-039,ภาคเหนือ,232,4763
2025-07-09,SY-D-039,ภาคใต้,286,5552
2025-07-09,AG-E-052,กรุงเทพฯ,122,2779
2025-07-09,AG-E-052,ภาคกลาง,115,1741
2025-07-09,AG-E-052,ภาคตะวันออก,81,1507
2025-07-09,AG-E-052,ภาคเหนือ,70,1263
2025-07-09,AG-E-052,ภาคใต้,89,1664
2025-07-10,TK-A-001,กรุงเทพฯ,187,3183
2025-07-10,TK-A-001,ภาคกลาง,132,2800
2025-07-10,TK-A-001,ภาคตะวันออก,114,1791
2025-07-10,TK-A-001,ภาคเหนือ,87,1483
2025-07-10,TK-A-001,ภาคใต้,123,1942
2025-07-10,GL-B-014,กรุงเทพฯ,853,17548
2025-07-10,GL-B-014,ภาคกลาง,720,12471
2025-07-10,GL-B-014,ภาคตะวันออก,554,9505
2025-07-10,GL-B-014,ภาคเหนือ,455,8828
2025-07-10,GL-B-014,ภาคใต้,574,9890
2025-07-10,MK-C-028,กรุงเทพฯ,671,12650
2025-07-10,MK-C-028,ภาคกลาง,547,10008
2025-07-10,MK-C-028,ภาคตะวันออก,418,6589
2025-07-10,MK-C-028,ภาคเหนือ,359,6656
2025-07-10,MK-C-028,ภาคใต้,483,8009
2025-07-10,SY-D-039,กรุงเทพฯ,424,7527
2025-07-10,SY-D-039,ภาคกลาง,348,5961
2025-07-10,SY-D-039,ภาคตะวันออก,244,5349
2025-07-10,SY-D-039,ภาคเหนือ,253,3719
2025-07-10,SY-D-039,ภาคใต้,300,5772
2025-07-10,AG-E-052,กรุงเทพฯ,122,2108
2025-07-10,AG-E-052,ภาคกลาง,116,1773
2025-07-10,AG-E-052,ภาคตะวันออก,79,1253
2025-07-10,AG-E-052,ภาคเหนือ,74,1379
2025-07-10,AG-E-052,ภาคใต้,91,1428
2025-07-11,TK-A-001,กรุงเทพฯ,164,3219
2025-07-11,TK-A-001,ภาคกลาง,150,2817
2025-07-11,TK-A-001,ภาคตะวันออก,110,1716
2025-07-11,TK-A-001,ภาคเหนือ,101,1680
2025-07-11,TK-A-001,ภาคใต้,125,1985
2025-07-11,GL-B-014,กรุงเทพฯ,963,17551
2025-07-11,GL-B-014,ภาคกลาง,747,12975
2025-07-11,GL-B-014,ภาคตะวันออก,506,9174
2025-07-11,GL-B-014,ภาคเหนือ,477,9767
2025-07-11,GL-B-014,ภาคใต้,616,10901
2025-07-11,MK-C-028,กรุงเทพฯ,644,12654
2025-07-11,MK-C-028,ภาคกลาง,502,10172
2025-07-11,MK-C-028,ภาคตะวันออก,409,8074
2025-07-11,MK-C-028,ภาคเหนือ,347,6943
2025-07-11,MK-C-028,ภาคใต้,431,6949
2025-07-11,SY-D-039,กรุงเทพฯ,442,8176
2025-07-11,SY-D-039,ภาคกลาง,341,6213
2025-07-11,SY-D-039,ภาคตะวันออก,271,5150
2025-07-11,SY-D-039,ภาคเหนือ,248,4957
2025-07-11,SY-D-039,ภาคใต้,273,4748
2025-07-11,AG-E-052,กรุงเทพฯ,142,2305
2025-07-11,AG-E-052,ภาคกลาง,115,1895
2025-07-11,AG-E-052,ภาคตะวันออก,86,1624
2025-07-11,AG-E-052,ภาคเหนือ,66,1472
2025-07-11,AG-E-052,ภาคใต้,92,1849
2025-07-12,TK-A-001,กรุงเทพฯ,164,3413
2025-07-12,TK-A-001,ภาคกลาง,134,2344
2025-07-12,TK-A-001,ภาคตะวันออก,102,2220
2025-07-12,TK-A-001,ภาคเหนือ,96,1718
2025-07-12,TK-A-001,ภาคใต้,110,2274
2025-07-12,GL-B-014,กรุงเทพฯ,896,15957
2025-07-12,GL-B-014,ภาคกลาง,736,12697
2025-07-12,GL-B-014,ภาคตะวันออก,547,9632
2025-07-12,GL-B-014,ภาคเหนือ,470,9678
2025-07-12,GL-B-014,ภาคใต้,608,9885
2025-07-12,MK-C-028,กรุงเทพฯ,685,12233
2025-07-12,MK-C-028,ภาคกลาง,529,9199
2025-07-12,MK-C-028,ภาคตะวันออก,419,7054
2025-07-12,MK-C-028,ภาคเหนือ,325,6469
2025-07-12,MK-C-028,ภาคใต้,433,8212
2025-07-12,SY-D-039,กรุงเทพฯ,438,8624
2025-07-12,SY-D-039,ภาคกลาง,362,7158
2025-07-12,SY-D-039,ภาคตะวันออก,296,4389
2025-07-12,SY-D-039,ภาคเหนือ,243,3733
2025-07-12,SY-D-039,ภาคใต้,294,5533
2025-07-12,AG-E-052,กรุงเทพฯ,122,2353
2025-07-12,AG-E-052,ภาคกลาง,99,2028
2025-07-12,AG-E-052,ภาคตะวันออก,74,1498
2025-07-12,AG-E-052,ภาคเหนือ,66,1183
2025-07-12,AG-E-052,ภาคใต้,81,1480
2025-07-13,TK-A-001,กรุงเทพฯ,174,3487
2025-07-13,TK-A-001,ภาคกลาง,142,2962
2025-07-13,TK-A-001,ภาคตะวันออก,110,1819
2025-07-13,TK-A-001,ภาคเหนือ,104,1741
2025-07-13,TK-A-001,ภาคใต้,117,2430
2025-07-13,GL-B-014,กรุงเทพฯ,869,17256
2025-07-13,GL-B-014,ภาคกลาง,759,13792
2025-07-13,GL-B-014,ภาคตะวันออก,583,10790
2025-07-13,GL-B-014,ภาคเหนือ,493,9820
2025-07-13,GL-B-014,ภาคใต้,626,12580
2025-07-13,MK-C-028,กรุงเทพฯ,609,11453
2025-07-13,MK-C-028,ภาคกลาง,559,10333
2025-07-13,MK-C-028,ภาคตะวันออก,392,7939
2025-07-13,MK-C-028,ภาคเหนือ,344,7335
2025-07-13,MK-C-028,ภาคใต้,442,8762
2025-07-13,SY-D-039,กรุงเทพฯ,485,9173
2025-07-13,SY-D-039,ภาคกลาง,389,6576
2025-07-13,SY-D-039,ภาคตะวันออก,285,5242
2025-07-13,SY-D-039,ภาคเหนือ,239,4891
2025-07-13,SY-D-039,ภาคใต้,304,4613
2025-07-13,AG-E-052,กรุงเทพฯ,141,2581
2025-07-13,AG-E-052,ภาคกลาง,112,1795
2025-07-13,AG-E-052,ภาคตะวันออก,75,1376
2025-07-13,AG-E-052,ภาคเหนือ,69,1472
2025-07-13,AG-E-052,ภาคใต้,87,1741
2025-07-14,TK-A-001,กรุงเทพฯ,186,3405
2025-07-14,TK-A-001,ภาคกลาง,141,2553
2025-07-14,TK-A-001,ภาคตะวันออก,97,2065
2025-07-14,TK-A-001,ภาคเหนือ,94,1759
2025-07-14,TK-A-001,ภาคใต้,122,2162
2025-07-14,GL-B-014,กรุงเทพฯ,898,14538
2025-07-14,GL-B-014,ภาคกลาง,769,14109
2025-07-14,GL-B-014,ภาคตะวันออก,565,10194
2025-07-14,GL-B-014,ภาคเหนือ,536,8138
2025-07-14,GL-B-014,ภาคใต้,620,11641
2025-07-14,MK-C-028,กรุงเทพฯ,738,11509
2025-07-14,MK-C-028,ภาคกลาง,514,9201
2025-07-14,MK-C-028,ภาคตะวันออก,400,6436
2025-07-14,MK-C-028,ภาคเหนือ,354,6839
2025-07-14,MK-C-028,ภาคใต้,476,8852
2025-07-14,SY-D-039,กรุงเทพฯ,427,9100
2025-07-14,SY-D-039,ภาคกลาง,359,6215
2025-07-14,SY-D-039,ภาคตะวันออก,285,4763
2025-07-14,SY-D-039,ภาคเหนือ,228,4620
2025-07-14,SY-D-039,ภาคใต้,327,5533
2025-07-14,AG-E-052,กรุงเทพฯ,126,2742
2025-07-14,AG-E-052,ภาคกลาง,106,1786
2025-07-14,AG-E-052,ภาคตะวันออก,73,1633
2025-07-14,AG-E-052,ภาคเหนือ,75,1175
2025-07-14,AG-E-052,ภาคใต้,83,1689
2025-07-15,TK-A-001,กรุงเทพฯ,169,3137
2025-07-15,TK-A-001,ภาคกลาง,153,2347
2025-07-15,TK-A-001,ภาคตะวันออก,112,1714
2025-07-15,TK-A-001,ภาคเหนือ,98,1652
2025-07-15,TK-A-001,ภาคใต้,125,2283
2025-07-15,GL-B-014,กรุงเทพฯ,923,16367
2025-07-15,GL-B-014,ภาคกลาง,787,14208
2025-07-15,GL-B-014,ภาคตะวันออก,569,8844
2025-07-15,GL-B-014,ภาคเหนือ,503,8471
2025-07-15,GL-B-014,ภาคใต้,562,10816
2025-07-15,MK-C-028,กรุงเทพฯ,627,11802
2025-07-15,MK-C-028,ภาคกลาง,561,9359
2025-07-15,MK-C-028,ภาคตะวันออก,440,7437
2025-07-15,MK-C-028,ภาคเหนือ,353,7157
2025-07-15,MK-C-028,ภาคใต้,463,7601
2025-07-15,SY-D-039,กรุงเทพฯ,486,7924
2025-07-15,SY-D-039,ภาคกลาง,350,7126
2025-07-15,SY-D-039,ภาคตะวันออก,248,4998
2025-07-15,SY-D-039,ภาคเหนือ,223,4053
2025-07-15,SY-D-039,ภาคใต้,325,5635
2025-07-15,AG-E-052,กรุงเทพฯ,144,2385
2025-07-15,AG-E-052,ภาคกลาง,108,2047
2025-07-15,AG-E-052,ภาคตะวันออก,82,1630
2025-07-15,AG-E-052,ภาคเหนือ,75,1489
2025-07-15,AG-E-052,ภาคใต้,89,1789
2025-07-16,TK-A-001,กรุงเทพฯ,171,3321
2025-07-16,TK-A-001,ภาคกลาง,147,2559
2025-07-16,TK-A-001,ภาคตะวันออก,107,1960
2025-07-16,TK-A-001,ภาคเหนือ,104,1732
2025-07-16,TK-A-001,ภาคใต้,112,2180
2025-07-16,GL-B-014,กรุงเทพฯ,966,14632
2025-07-16,GL-B-014,ภาคกลาง,771,15122
2025-07-16,GL-B-014,ภาคตะวันออก,613,9254
2025-07-16,GL-B-014,ภาคเหนือ,462,9766
2025-07-16,GL-B-014,ภาคใต้,587,9525
2025-07-16,MK-C-028,กรุงเทพฯ,704,10950
2025-07-16,MK-C-028,ภาคกลาง,534,8798
2025-07-16,MK-C-028,ภาคตะวันออก,433,6643
2025-07-16,MK-C-028,ภาคเหนือ,327,6762
2025-07-16,MK-C-028,ภาคใต้,463,7303
2025-07-16,SY-D-039,กรุงเทพฯ,425,7711
2025-07-16,SY-D-039,ภาคกลาง,336,6353
2025-07-16,SY-D-039,ภาคตะวันออก,265,4224
2025-07-16,SY-D-039,ภาคเหนือ,234,4413
2025-07-16,SY-D-039,ภาคใต้,275,5605
2025-07-16,AG-E-052,กรุงเทพฯ,133,2592
2025-07-16,AG-E-052,ภาคกลาง,99,1742
2025-07-16,AG-E-052,ภาคตะวันออก,74,1474
2025-07-16,AG-E-052,ภาคเหนือ,69,1309
2025-07-16,AG-E-052,ภาคใต้,93,1556
2025-07-17,TK-A-001,กรุงเทพฯ,197,3023
2025-07-17,TK-A-001,ภาคกลาง,156,2695
2025-07-17,TK-A-001,ภาคตะวันออก,115,1839
2025-07-17,TK-A-001,ภาคเหนือ,93,1683
2025-07-17,TK-A-001,ภาคใต้,125,2165
2025-07-17,GL-B-014,กรุงเทพฯ,879,18118
2025-07-17,GL-B-014,ภาคกลาง,810,14581
2025-07-17,GL-B-014,ภาคตะวันออก,539,9627
2025-07-17,GL-B-014,ภาคเหนือ,453,8750
2025-07-17,GL-B-014,ภาคใต้,660,10228
2025-07-17,MK-C-028,กรุงเทพฯ,717,12641
2025-07-17,MK-C-028,ภาคกลาง,501,11066
2025-07-17,MK-C-028,ภาคตะวันออก,366,7314
2025-07-17,MK-C-028,ภาคเหนือ,373,6758
2025-07-17,MK-C-028,ภาคใต้,458,7558
2025-07-17,SY-D-039,กรุงเทพฯ,456,7016
2025-07-17,SY-D-039,ภาคกลาง,387,7444
2025-07-17,SY-D-039,ภาคตะวันออก,295,4488
2025-07-17,SY-D-039,ภาคเหนือ,217,4168
2025-07-17,SY-D-039,ภาคใต้,306,5363
2025-07-17,AG-E-052,กรุงเทพฯ,122,2376
2025-07-17,AG-E-052,ภาคกลาง,106,2212
2025-07-17,AG-E-052,ภาคตะวันออก,87,1611
2025-07-17,AG-E-052,ภาคเหนือ,74,1117
2025-07-17,AG-E-052,ภาคใต้,91,1703
2025-07-18,TK-A-001,กรุงเทพฯ,193,3435
2025-07-18,TK-A-001,ภาคกลาง,136,2505
2025-07-18,TK-A-001,ภาคตะวันออก,100,1975
2025-07-18,TK-A-001,ภาคเหนือ,99,1749
2025-07-18,TK-A-001,ภาคใต้,114,2270
2025-07-18,GL-B-014,กรุงเทพฯ,940,17616
2025-07-18,GL-B-014,ภาคกลาง,702,15112
2025-07-18,GL-B-014,ภาคตะวันออก,602,11453
2025-07-18,GL-B-014,ภาคเหนือ,542,9579
2025-07-18,GL-B-014,ภาคใต้,643,9637
2025-07-18,MK-C-028,กรุงเทพฯ,620,11538
2025-07-18,MK-C-028,ภาคกลาง,523,10396
2025-07-18,MK-C-028,ภาคตะวันออก,381,8174
2025-07-18,MK-C-028,ภาคเหนือ,354,7006
2025-07-18,MK-C-028,ภาคใต้,441,7881
2025-07-18,SY-D-039,กรุงเทพฯ,431,8750
2025-07-18,SY-D-039,ภาคกลาง,329,6963
2025-07-18,SY-D-039,ภาคตะวันออก,248,5417
2025-07-18,SY-D-039,ภาคเหนือ,218,4407
2025-07-18,SY-D-039,ภาคใต้,273,4626
2025-07-18,AG-E-052,กรุงเทพฯ,139,2100
2025-07-18,AG-E-052,ภาคกลาง,118,1983
2025-07-18,AG-E-052,ภาคตะวันออก,77,1377
2025-07-18,AG-E-052,ภาคเหนือ,71,1444
2025-07-18,AG-E-052,ภาคใต้,91,1559
2025-07-19,TK-A-001,กรุงเทพฯ,172,2874
2025-07-19,TK-A-001,ภาคกลาง,132,2734
2025-07-19,TK-A-001,ภาคตะวันออก,118,1739
2025-07-19,TK-A-001,ภาคเหนือ,100,1881
2025-07-19,TK-A-001,ภาคใต้,115,2143
2025-07-19,GL-B-014,กรุงเทพฯ,852,17646
2025-07-19,GL-B-014,ภาคกลาง,695,13830
2025-07-19,GL-B-014,ภาคตะวันออก,574,10411
2025-07-19,GL-B-014,ภาคเหนือ,545,8264
2025-07-19,GL-B-014,ภาคใต้,593,12297
2025-07-19,MK-C-028,กรุงเทพฯ,651,10776
2025-07-19,MK-C-028,ภาคกลาง,559,8910
2025-07-19,MK-C-028,ภาคตะวันออก,431,7158
2025-07-19,MK-C-028,ภาคเหนือ,371,7075
2025-07-19,MK-C-028,ภาคใต้,435,7645
2025-07-19,SY-D-039,กรุงเทพฯ,485,9075
2025-07-19,SY-D-039,ภาคกลาง,387,6623
2025-07-19,SY-D-039,ภาคตะวันออก,283,5585
2025-07-19,SY-D-039,ภาคเหนือ,226,4699
2025-07-19,SY-D-039,ภาคใต้,277,5949
2025-07-19,AG-E-052,กรุงเทพฯ,129,2440
2025-07-19,AG-E-052,ภาคกลาง,110,1841
2025-07-19,AG-E-052,ภาคตะวันออก,81,1663
2025-07-19,AG-E-052,ภาคเหนือ,70,1137
2025-07-19,AG-E-052,ภาคใต้,83,1754
2025-07-20,TK-A-001,กรุงเทพฯ,168,3700
2025-07-20,TK-A-001,ภาคกลาง,143,2517
2025-07-20,TK-A-001,ภาคตะวันออก,105,2036
2025-07-20,TK-A-001,ภาคเหนือ,93,1684
2025-07-20,TK-A-001,ภาคใต้,125,2001
2025-07-20,GL-B-014,กรุงเทพฯ,1008,17922
2025-07-20,GL-B-014,ภาคกลาง,795,13813
2025-07-20,GL-B-014,ภาคตะวันออก,538,10020
2025-07-20,GL-B-014,ภาคเหนือ,543,8954
2025-07-20,GL-B-014,ภาคใต้,596,10043
2025-07-20,MK-C-028,กรุงเทพฯ,697,11261
2025-07-20,MK-C-028,ภาคกลาง,538,8509
2025-07-20,MK-C-028,ภาคตะวันออก,381,6366
2025-07-20,MK-C-028,ภาคเหนือ,333,6505
2025-07-20,MK-C-028,ภาคใต้,447,7970
2025-07-20,SY-D-039,กรุงเทพฯ,438,8994
2025-07-20,SY-D-039,ภาคกลาง,380,6157
2025-07-20,SY-D-039,ภาคตะวันออก,264,5318
2025-07-20,SY-D-039,ภาคเหนือ,249,4753
2025-07-20,SY-D-039,ภาคใต้,323,5008
2025-07-20,AG-E-052,กรุงเทพฯ,123,2637
2025-07-20,AG-E-052,ภาคกลาง,118,1949
2025-07-20,AG-E-052,ภาคตะวันออก,85,1362
2025-07-20,AG-E-052,ภาคเหนือ,67,1147
2025-07-20,AG-E-052,ภาคใต้,91,1484
2025-07-21,TK-A-001,กรุงเทพฯ,178,2917
2025-07-21,TK-A-001,ภาคกลาง,149,2423
2025-07-21,TK-A-001,ภาคตะวันออก,101,1665
2025-07-21,TK-A-001,ภาคเหนือ,94,1960
2025-07-21,TK-A-001,ภาคใต้,114,2352
2025-07-21,GL-B-014,กรุงเทพฯ,1018,16678
2025-07-21,GL-B-014,ภาคกลาง,729,11738
2025-07-21,GL-B-014,ภาคตะวันออก,511,8706
2025-07-21,GL-B-014,ภาคเหนือ,455,9452
2025-07-21,GL-B-014,ภาคใต้,659,10303
2025-07-21,MK-C-028,กรุงเทพฯ,625,11693
2025-07-21,MK-C-028,ภาคกลาง,557,10536
2025-07-21,MK-C-028,ภาคตะวันออก,417,8127
2025-07-21,MK-C-028,ภาคเหนือ,364,5967
2025-07-21,MK-C-028,ภาคใต้,455,8893
2025-07-21,SY-D-039,กรุงเทพฯ,415,9064
2025-07-21,SY-D-039,ภาคกลาง,378,5665
2025-07-21,SY-D-039,ภาคตะวันออก,273,4382
2025-07-21,SY-D-039,ภาคเหนือ,253,4707
2025-07-21,SY-D-039,ภาคใต้,273,4916
2025-07-21,AG-E-052,กรุงเทพฯ,136,2259
2025-07-21,AG-E-052,ภาคกลาง,104,1964
2025-07-21,AG-E-052,ภาคตะวันออก,81,1298
2025-07-21,AG-E-052,ภาคเหนือ,77,1116
2025-07-21,AG-E-052,ภาคใต้,88,1756
2025-07-22,TK-A-001,กรุงเทพฯ,196,3140
2025-07-22,TK-A-001,ภาคกลาง,155,2834
2025-07-22,TK-A-001,ภาคตะวันออก,114,2174
2025-07-22,TK-A-001,ภาคเหนือ,99,1469
2025-07-22,TK-A-001,ภาคใต้,128,2031
2025-07-22,GL-B-014,กรุงเทพฯ,929,14924
2025-07-22,GL-B-014,ภาคกลาง,676,11657
2025-07-22,GL-B-014,ภาคตะวันออก,538,10298
2025-07-22,GL-B-014,ภาคเหนือ,528,8099
2025-07-22,GL-B-014,ภาคใต้,678,11272
2025-07-22,MK-C-028,กรุงเทพฯ,660,11694
2025-07-22,MK-C-028,ภาคกลาง,503,9017
2025-07-22,MK-C-028,ภาคตะวันออก,414,7118
2025-07-22,MK-C-028,ภาคเหนือ,380,7153
2025-07-22,MK-C-028,ภาคใต้,460,9173
2025-07-22,SY-D-039,กรุงเทพฯ,414,7341
2025-07-22,SY-D-039,ภาคกลาง,347,7103
2025-07-22,SY-D-039,ภาคตะวันออก,249,4500
2025-07-22,SY-D-039,ภาคเหนือ,219,3733
2025-07-22,SY-D-039,ภาคใต้,279,6038
2025-07-22,AG-E-052,กรุงเทพฯ,138,2660
2025-07-22,AG-E-052,ภาคกลาง,110,2068
2025-07-22,AG-E-052,ภาคตะวันออก,83,1253
2025-07-22,AG-E-052,ภาคเหนือ,68,1391
2025-07-22,AG-E-052,ภาคใต้,81,1679
2025-07-23,TK-A-001,กรุงเทพฯ,185,3710
2025-07-23,TK-A-001,ภาคกลาง,156,2413
2025-07-23,TK-A-001,ภาคตะวันออก,113,1654
2025-07-23,TK-A-001,ภาคเหนือ,95,1726
2025-07-23,TK-A-001,ภาคใต้,129,1967
2025-07-23,GL-B-014,กรุงเทพฯ,996,15230
2025-07-23,GL-B-014,ภาคกลาง,673,13126
2025-07-23,GL-B-014,ภาคตะวันออก,538,8699
2025-07-23,GL-B-014,ภาคเหนือ,455,7664
2025-07-23,GL-B-014,ภาคใต้,610,10893
2025-07-23,MK-C-028,กรุงเทพฯ,697,12098
2025-07-23,MK-C-028,ภาคกลาง,558,10121
2025-07-23,MK-C-028,ภาคตะวันออก,378,6959
2025-07-23,MK-C-028,ภาคเหนือ,392,7163
2025-07-23,MK-C-028,ภาคใต้,445,6935
2025-07-23,SY-D-039,กรุงเทพฯ,475,8744
2025-07-23,SY-D-039,ภาคกลาง,387,6567
2025-07-23,SY-D-039,ภาคตะวันออก,271,5520
2025-07-23,SY-D-039,ภาคเหนือ,230,4469
2025-07-23,SY-D-039,ภาคใต้,276,5607
2025-07-23,AG-E-052,กรุงเทพฯ,130,2301
2025-07-23,AG-E-052,ภาคกลาง,115,1656
2025-07-23,AG-E-052,ภาคตะวันออก,87,1423
2025-07-23,AG-E-052,ภาคเหนือ,70,1356
2025-07-23,AG-E-052,ภาคใต้,85,1428
2025-07-24,TK-A-001,กรุงเทพฯ,167,3205
2025-07-24,TK-A-001,ภาคกลาง,136,2662
2025-07-24,TK-A-001,ภาคตะวันออก,102,1734
2025-07-24,TK-A-001,ภาคเหนือ,92,1981
2025-07-24,TK-A-001,ภาคใต้,130,2066
2025-07-24,GL-B-014,กรุงเทพฯ,1014,15538
2025-07-24,GL-B-014,ภาคกลาง,795,15138
2025-07-24,GL-B-014,ภาคตะวันออก,605,9312
2025-07-24,GL-B-014,ภาคเหนือ,483,9610
2025-07-24,GL-B-014,ภาคใต้,600,9838
2025-07-24,MK-C-028,กรุงเทพฯ,654,11033
2025-07-24,MK-C-028,ภาคกลาง,502,9629
2025-07-24,MK-C-028,ภาคตะวันออก,411,6901
2025-07-24,MK-C-028,ภาคเหนือ,349,6368
2025-07-24,MK-C-028,ภาคใต้,494,7358
2025-07-24,SY-D-039,กรุงเทพฯ,418,7107
2025-07-24,SY-D-039,ภาคกลาง,383,7243
2025-07-24,SY-D-039,ภาคตะวันออก,262,5458
2025-07-24,SY-D-039,ภาคเหนือ,220,3948
2025-07-24,SY-D-039,ภาคใต้,311,5741
2025-07-24,AG-E-052,กรุงเทพฯ,129,2164
2025-07-24,AG-E-052,ภาคกลาง,111,2063
2025-07-24,AG-E-052,ภาคตะวันออก,73,1441
2025-07-24,AG-E-052,ภาคเหนือ,69,1412
2025-07-24,AG-E-052,ภาคใต้,98,1510
2025-07-25,TK-A-001,กรุงเทพฯ,192,3117
2025-07-25,TK-A-001,ภาคกลาง,146,2275
2025-07-25,TK-A-001,ภาคตะวันออก,103,1677
2025-07-25,TK-A-001,ภาคเหนือ,87,1922
2025-07-25,TK-A-001,ภาคใต้,110,1955
2025-07-25,GL-B-014,กรุงเทพฯ,978,15546
2025-07-25,GL-B-014,ภาคกลาง,772,12333
2025-07-25,GL-B-014,ภาคตะวันออก,545,10608
2025-07-25,GL-B-014,ภาคเหนือ,540,7701
2025-07-25,GL-B-014,ภาคใต้,649,10353
2025-07-25,MK-C-028,กรุงเทพฯ,713,13022
2025-07-25,MK-C-028,ภาคกลาง,551,9871
2025-07-25,MK-C-028,ภาคตะวันออก,395,8342
2025-07-25,MK-C-028,ภาคเหนือ,334,6849
2025-07-25,MK-C-028,ภาคใต้,460,8073
2025-07-25,SY-D-039,กรุงเทพฯ,418,7794
2025-07-25,SY-D-039,ภาคกลาง,339,5914
2025-07-25,SY-D-039,ภาคตะวันออก,282,5203
2025-07-25,SY-D-039,ภาคเหนือ,227,4430
2025-07-25,SY-D-039,ภาคใต้,325,4844
2025-07-25,AG-E-052,กรุงเทพฯ,138,2590
2025-07-25,AG-E-052,ภาคกลาง,105,1921
2025-07-25,AG-E-052,ภาคตะวันออก,87,1428
2025-07-25,AG-E-052,ภาคเหนือ,66,1138
2025-07-25,AG-E-052,ภาคใต้,88,1606
2025-07-26,TK-A-001,กรุงเทพฯ,167,2948
2025-07-26,TK-A-001,ภาคกลาง,151,2542
2025-07-26,TK-A-001,ภาคตะวันออก,103,2079
2025-07-26,TK-A-001,ภาคเหนือ,105,1527
2025-07-26,TK-A-001,ภาคใต้,113,2473
2025-07-26,GL-B-014,กรุงเทพฯ,988,15675
2025-07-26,GL-B-014,ภาคกลาง,684,12124
2025-07-26,GL-B-014,ภาคตะวันออก,536,9420
2025-07-26,GL-B-014,ภาคเหนือ,482,7724
2025-07-26,GL-B-014,ภาคใต้,592,12097
2025-07-26,MK-C-028,กรุงเทพฯ,715,11877
2025-07-26,MK-C-028,ภาคกลาง,545,9771
2025-07-26,MK-C-028,ภาคตะวันออก,404,7095
2025-07-26,MK-C-028,ภาคเหนือ,394,5903
2025-07-26,MK-C-028,ภาคใต้,450,8403
2025-07-26,SY-D-039,กรุงเทพฯ,456,8274
2025-07-26,SY-D-039,ภาคกลาง,388,6420
2025-07-26,SY-D-039,ภาคตะวันออก,267,4573
2025-07-26,SY-D-039,ภาคเหนือ,243,4402
2025-07-26,SY-D-039,ภาคใต้,282,5414
2025-07-26,AG-E-052,กรุงเทพฯ,127,2588
2025-07-26,AG-E-052,ภาคกลาง,118,2117
2025-07-26,AG-E-052,ภาคตะวันออก,78,1283
2025-07-26,AG-E-052,ภาคเหนือ,71,1178
2025-07-26,AG-E-052,ภาคใต้,92,1611
2025-07-27,TK-A-001,กรุงเทพฯ,174,3192
2025-07-27,TK-A-001,ภาคกลาง,132,2750
2025-07-27,TK-A-001,ภาคตะวันออก,105,1904
2025-07-27,TK-A-001,ภาคเหนือ,87,1855
2025-07-27,TK-A-001,ภาคใต้,117,2307
2025-07-27,GL-B-014,กรุงเทพฯ,939,14515
2025-07-27,GL-B-014,ภาคกลาง,777,13844
2025-07-27,GL-B-014,ภาคตะวันออก,516,8598
2025-07-27,GL-B-014,ภาคเหนือ,486,10229
2025-07-27,GL-B-014,ภาคใต้,618,11844
2025-07-27,MK-C-028,กรุงเทพฯ,712,13871
2025-07-27,MK-C-028,ภาคกลาง,521,9090
2025-07-27,MK-C-028,ภาคตะวันออก,397,6756
2025-07-27,MK-C-028,ภาคเหนือ,367,7021
2025-07-27,MK-C-028,ภาคใต้,442,7814
2025-07-27,SY-D-039,กรุงเทพฯ,415,9285
2025-07-27,SY-D-039,ภาคกลาง,331,6596
2025-07-27,SY-D-039,ภาคตะวันออก,294,5271
2025-07-27,SY-D-039,ภาคเหนือ,238,4594
2025-07-27,SY-D-039,ภาคใต้,319,4779
2025-07-27,AG-E-052,กรุงเทพฯ,142,2657
2025-07-27,AG-E-052,ภาคกลาง,107,1905
2025-07-27,AG-E-052,ภาคตะวันออก,83,1567
2025-07-27,AG-E-052,ภาคเหนือ,73,1226
2025-07-27,AG-E-052,ภาคใต้,97,1507
2025-07-28,TK-A-001,กรุงเทพฯ,195,3314
2025-07-28,TK-A-001,ภาคกลาง,140,2744
2025-07-28,TK-A-001,ภาคตะวันออก,112,1707
2025-07-28,TK-A-001,ภาคเหนือ,97,1753
2025-07-28,TK-A-001,ภาคใต้,111,1932
2025-07-28,GL-B-014,กรุงเทพฯ,915,15247
2025-07-28,GL-B-014,ภาคกลาง,698,11558
2025-07-28,GL-B-014,ภาคตะวันออก,603,9180
2025-07-28,GL-B-014,ภาคเหนือ,495,8162
2025-07-28,GL-B-014,ภาคใต้,594,12813
2025-07-28,MK-C-028,กรุงเทพฯ,729,11019
2025-07-28,MK-C-028,ภาคกลาง,593,10915
2025-07-28,MK-C-028,ภาคตะวันออก,432,6335
2025-07-28,MK-C-028,ภาคเหนือ,360,5572
2025-07-28,MK-C-028,ภาคใต้,457,7731
2025-07-28,SY-D-039,กรุงเทพฯ,483,7062
2025-07-28,SY-D-039,ภาคกลาง,368,6223
2025-07-28,SY-D-039,ภาคตะวันออก,276,4513
2025-07-28,SY-D-039,ภาคเหนือ,244,4410
2025-07-28,SY-D-039,ภาคใต้,281,4906
2025-07-28,AG-E-052,กรุงเทพฯ,132,2357
2025-07-28,AG-E-052,ภาคกลาง,100,2178
2025-07-28,AG-E-052,ภาคตะวันออก,84,1519
2025-07-28,AG-E-052,ภาคเหนือ,77,1357
2025-07-28,AG-E-052,ภาคใต้,91,1533
2025-07-29,TK-A-001,กรุงเทพฯ,169,3052
2025-07-29,TK-A-001,ภาคกลาง,138,2706
2025-07-29,TK-A-001,ภาคตะวันออก,99,1720
2025-07-29,TK-A-001,ภาคเหนือ,96,1739
2025-07-29,TK-A-001,ภาคใต้,131,2094
2025-07-29,GL-B-014,กรุงเทพฯ,839,17272
2025-07-29,GL-B-014,ภาคกลาง,817,13264
2025-07-29,GL-B-014,ภาคตะวันออก,511,8630
2025-07-29,GL-B-014,ภาคเหนือ,455,9317
2025-07-29,GL-B-014,ภาคใต้,603,9989
2025-07-29,MK-C-028,กรุงเทพฯ,629,11644
2025-07-29,MK-C-028,ภาคกลาง,504,11154
2025-07-29,MK-C-028,ภาคตะวันออก,423,7532
2025-07-29,MK-C-028,ภาคเหนือ,324,6055
2025-07-29,MK-C-028,ภาคใต้,459,7551
2025-07-29,SY-D-039,กรุงเทพฯ,482,7344
2025-07-29,SY-D-039,ภาคกลาง,357,5643
2025-07-29,SY-D-039,ภาคตะวันออก,251,4400
2025-07-29,SY-D-039,ภาคเหนือ,230,3881
2025-07-29,SY-D-039,ภาคใต้,316,5636
2025-07-29,AG-E-052,กรุงเทพฯ,125,2559
2025-07-29,AG-E-052,ภาคกลาง,104,1714
2025-07-29,AG-E-052,ภาคตะวันออก,83,1528
2025-07-29,AG-E-052,ภาคเหนือ,75,1212
2025-07-29,AG-E-052,ภาคใต้,87,1479
2025-07-30,TK-A-001,กรุงเทพฯ,178,3038
2025-07-30,TK-A-001,ภาคกลาง,146,2864
2025-07-30,TK-A-001,ภาคตะวันออก,110,2029
2025-07-30,TK-A-001,ภาคเหนือ,100,1654
2025-07-30,TK-A-001,ภาคใต้,112,2478
2025-07-30,GL-B-014,กรุงเทพฯ,971,17209
2025-07-30,GL-B-014,ภาคกลาง,807,14071
2025-07-30,GL-B-014,ภาคตะวันออก,544,8815
2025-07-30,GL-B-014,ภาคเหนือ,514,8973
2025-07-30,GL-B-014,ภาคใต้,571,10899
2025-07-30,MK-C-028,กรุงเทพฯ,624,12311
2025-07-30,MK-C-028,ภาคกลาง,549,9978
2025-07-30,MK-C-028,ภาคตะวันออก,412,7023
2025-07-30,MK-C-028,ภาคเหนือ,387,7438
2025-07-30,MK-C-028,ภาคใต้,464,8378
2025-07-30,SY-D-039,กรุงเทพฯ,478,8608
2025-07-30,SY-D-039,ภาคกลาง,348,6413
2025-07-30,SY-D-039,ภาคตะวันออก,285,4284
2025-07-30,SY-D-039,ภาคเหนือ,225,4125
2025-07-30,SY-D-039,ภาคใต้,283,4678
2025-07-30,AG-E-052,กรุงเทพฯ,142,2288
2025-07-30,AG-E-052,ภาคกลาง,105,1817
2025-07-30,AG-E-052,ภาคตะวันออก,75,1405
2025-07-30,AG-E-052,ภาคเหนือ,67,1325
2025-07-30,AG-E-052,ภาคใต้,84,1558
2025-07-31,TK-A-001,กรุงเทพฯ,167,3640
2025-07-31,TK-A-001,ภาคกลาง,143,2659
2025-07-31,TK-A-001,ภาคตะวันออก,104,2086
2025-07-31,TK-A-001,ภาคเหนือ,94,1711
2025-07-31,TK-A-001,ภาคใต้,119,2455
2025-07-31,GL-B-014,กรุงเทพฯ,1019,15581
2025-07-31,GL-B-014,ภาคกลาง,815,12552
2025-07-31,GL-B-014,ภาคตะวันออก,570,9011
2025-07-31,GL-B-014,ภาคเหนือ,470,8156
2025-07-31,GL-B-014,ภาคใต้,643,10686
2025-07-31,MK-C-028,กรุงเทพฯ,695,12184
2025-07-31,MK-C-028,ภาคกลาง,590,9071
2025-07-31,MK-C-028,ภาคตะวันออก,396,6516
2025-07-31,MK-C-028,ภาคเหนือ,369,6872
2025-07-31,MK-C-028,ภาคใต้,486,7149
2025-07-31,SY-D-039,กรุงเทพฯ,494,8085
2025-07-31,SY-D-039,ภาคกลาง,346,6065
2025-07-31,SY-D-039,ภาคตะวันออก,297,4729
2025-07-31,SY-D-039,ภาคเหนือ,254,4503
2025-07-31,SY-D-039,ภาคใต้,330,6102
2025-07-31,AG-E-052,กรุงเทพฯ,146,2195
2025-07-31,AG-E-052,ภาคกลาง,108,1807
2025-07-31,AG-E-052,ภาคตะวันออก,77,1454
2025-07-31,AG-E-052,ภาคเหนือ,78,1439
2025-07-31,AG-E-052,ภาคใต้,93,1813
2025-08-01,TK-A-001,กรุงเทพฯ,170,2940
2025-08-01,TK-A-001,ภาคกลาง,158,2528
2025-08-01,TK-A-001,ภาคตะวันออก,108,1930
2025-08-01,TK-A-001,ภาคเหนือ,94,1539
2025-08-01,TK-A-001,ภาคใต้,119,2345
2025-08-01,GL-B-014,กรุงเทพฯ,987,17617
2025-08-01,GL-B-014,ภาคกลาง,757,13967
2025-08-01,GL-B-014,ภาคตะวันออก,572,11074
2025-08-01,GL-B-014,ภาคเหนือ,472,10046
2025-08-01,GL-B-014,ภาคใต้,676,11747
2025-08-01,MK-C-028,กรุงเทพฯ,625,13437
2025-08-01,MK-C-028,ภาคกลาง,526,9503
2025-08-01,MK-C-028,ภาคตะวันออก,442,7037
2025-08-01,MK-C-028,ภาคเหนือ,388,5965
2025-08-01,MK-C-028,ภาคใต้,408,7172
2025-08-01,SY-D-039,กรุงเทพฯ,409,8162
2025-08-01,SY-D-039,ภาคกลาง,344,6740
2025-08-01,SY-D-039,ภาคตะวันออก,278,4666
2025-08-01,SY-D-039,ภาคเหนือ,248,4947
2025-08-01,SY-D-039,ภาคใต้,307,5138
2025-08-01,AG-E-052,กรุงเทพฯ,135,2463
2025-08-01,AG-E-052,ภาคกลาง,117,2029
2025-08-01,AG-E-052,ภาคตะวันออก,81,1500
2025-08-01,AG-E-052,ภาคเหนือ,70,1302
2025-08-01,AG-E-052,ภาคใต้,83,1511
2025-08-02,TK-A-001,กรุงเทพฯ,167,2878
2025-08-02,TK-A-001,ภาคกลาง,134,2840
2025-08-02,TK-A-001,ภาคตะวันออก,113,2008
2025-08-02,TK-A-001,ภาคเหนือ,102,1558
2025-08-02,TK-A-001,ภาคใต้,115,2381
2025-08-02,GL-B-014,กรุงเทพฯ,973,16432
2025-08-02,GL-B-014,ภาคกลาง,734,11805
2025-08-02,GL-B-014,ภาคตะวันออก,568,10756
2025-08-02,GL-B-014,ภาคเหนือ,489,9824
2025-08-02,GL-B-014,ภาคใต้,605,10834
2025-08-02,MK-C-028,กรุงเทพฯ,619,13918
2025-08-02,MK-C-028,ภาคกลาง,523,10185
2025-08-02,MK-C-028,ภาคตะวันออก,385,7911
2025-08-02,MK-C-028,ภาคเหนือ,346,5781
2025-08-02,MK-C-028,ภาคใต้,412,9028
2025-08-02,SY-D-039,กรุงเทพฯ,473,9123
2025-08-02,SY-D-039,ภาคกลาง,339,5841
2025-08-02,SY-D-039,ภาคตะวันออก,245,5499
2025-08-02,SY-D-039,ภาคเหนือ,244,4683
2025-08-02,SY-D-039,ภาคใต้,294,6119
2025-08-02,AG-E-052,กรุงเทพฯ,139,2079
2025-08-02,AG-E-052,ภาคกลาง,117,1874
2025-08-02,AG-E-052,ภาคตะวันออก,76,1363
2025-08-02,AG-E-052,ภาคเหนือ,69,1419
2025-08-02,AG-E-052,ภาคใต้,93,1469
2025-08-03,TK-A-001,กรุงเทพฯ,167,3577
2025-08-03,TK-A-001,ภาคกลาง,143,2549
2025-08-03,TK-A-001,ภาคตะวันออก,109,1988
2025-08-03,TK-A-001,ภาคเหนือ,102,1595
2025-08-03,TK-A-001,ภาคใต้,125,1892
2025-08-03,GL-B-014,กรุงเทพฯ,902,15042
2025-08-03,GL-B-014,ภาคกลาง,775,13593
2025-08-03,GL-B-014,ภาคตะวันออก,549,11157
2025-08-03,GL-B-014,ภาคเหนือ,472,9821
2025-08-03,GL-B-014,ภาคใต้,582,9910
2025-08-03,MK-C-028,กรุงเทพฯ,730,13152
2025-08-03,MK-C-028,ภาคกลาง,507,10785
2025-08-03,MK-C-028,ภาคตะวันออก,412,7300
2025-08-03,MK-C-028,ภาคเหนือ,381,6185
2025-08-03,MK-C-028,ภาคใต้,476,7990
2025-08-03,SY-D-039,กรุงเทพฯ,417,8558
2025-08-03,SY-D-039,ภาคกลาง,392,7349
2025-08-03,SY-D-039,ภาคตะวันออก,252,4466
2025-08-03,SY-D-039,ภาคเหนือ,237,4322
2025-08-03,SY-D-039,ภาคใต้,298,5509
2025-08-03,AG-E-052,กรุงเทพฯ,134,2251
2025-08-03,AG-E-052,ภาคกลาง,99,1777
2025-08-03,AG-E-052,ภาคตะวันออก,86,1296
2025-08-03,AG-E-052,ภาคเหนือ,72,1170
2025-08-03,AG-E-052,ภาคใต้,98,1690
2025-08-04,TK-A-001,กรุงเทพฯ,183,3708
2025-08-04,TK-A-001,ภาคกลาง,139,2600
2025-08-04,TK-A-001,ภาคตะวันออก,99,2160
2025-08-04,TK-A-001,ภาคเหนือ,101,1673
2025-08-04,TK-A-001,ภาคใต้,108,1984
2025-08-04,GL-B-014,กรุงเทพฯ,1000,16742
2025-08-04,GL-B-014,ภาคกลาง,818,13324
2025-08-04,GL-B-014,ภาคตะวันออก,556,11100
2025-08-04,GL-B-014,ภาคเหนือ,472,10242
2025-08-04,GL-B-014,ภาคใต้,579,10882
2025-08-04,MK-C-028,กรุงเทพฯ,631,12849
2025-08-04,MK-C-028,ภาคกลาง,533,9674
2025-08-04,MK-C-028,ภาคตะวันออก,395,7364
2025-08-04,MK-C-028,ภาคเหนือ,342,7235
2025-08-04,MK-C-028,ภาคใต้,464,9163
2025-08-04,SY-D-039,กรุงเทพฯ,469,6945
2025-08-04,SY-D-039,ภาคกลาง,354,7092
2025-08-04,SY-D-039,ภาคตะวันออก,267,5239
2025-08-04,SY-D-039,ภาคเหนือ,236,4856
2025-08-04,SY-D-039,ภาคใต้,303,5636
2025-08-04,AG-E-052,กรุงเทพฯ,143,2426
2025-08-04,AG-E-052,ภาคกลาง,111,1691
2025-08-04,AG-E-052,ภาคตะวันออก,88,1507
2025-08-04,AG-E-052,ภาคเหนือ,78,1187
2025-08-04,AG-E-052,ภาคใต้,91,1629
2025-08-05,TK-A-001,กรุงเทพฯ,188,2815
2025-08-05,TK-A-001,ภาคกลาง,151,2935
2025-08-05,TK-A-001,ภาคตะวันออก,108,2019
2025-08-05,TK-A-001,ภาคเหนือ,96,1606
2025-08-05,TK-A-001,ภาคใต้,120,2046
2025-08-05,GL-B-014,กรุงเทพฯ,933,18688
2025-08-05,GL-B-014,ภาคกลาง,799,11964
2025-08-05,GL-B-014,ภาคตะวันออก,516,9262
2025-08-05,GL-B-014,ภาคเหนือ,540,9995
2025-08-05,GL-B-014,ภาคใต้,589,10377
2025-08-05,MK-C-028,กรุงเทพฯ,636,13494
2025-08-05,MK-C-028,ภาคกลาง,511,9297
2025-08-05,MK-C-028,ภาคตะวันออก,402,7359
2025-08-05,MK-C-028,ภาคเหนือ,330,5525
2025-08-05,MK-C-028,ภาคใต้,412,7446
2025-08-05,SY-D-039,กรุงเทพฯ,453,8705
2025-08-05,SY-D-039,ภาคกลาง,388,7351
2025-08-05,SY-D-039,ภาคตะวันออก,295,4176
2025-08-05,SY-D-039,ภาคเหนือ,247,4392
2025-08-05,SY-D-039,ภาคใต้,327,4893
2025-08-05,AG-E-052,กรุงเทพฯ,134,2210
2025-08-05,AG-E-052,ภาคกลาง,101,2034
2025-08-05,AG-E-052,ภาคตะวันออก,76,1541
2025-08-05,AG-E-052,ภาคเหนือ,76,1106
2025-08-05,AG-E-052,ภาคใต้,86,1409
2025-08-06,TK-A-001,กรุงเทพฯ,184,3327
2025-08-06,TK-A-001,ภาคกลาง,158,2740
2025-08-06,TK-A-001,ภาคตะวันออก,112,2038
2025-08-06,TK-A-001,ภาคเหนือ,89,1749
2025-08-06,TK-A-001,ภาคใต้,131,2155
2025-08-06,GL-B-014,กรุงเทพฯ,894,17136
2025-08-06,GL-B-014,ภาคกลาง,733,14407
2025-08-06,GL-B-014,ภาคตะวันออก,539,9577
2025-08-06,GL-B-014,ภาคเหนือ,503,7773
2025-08-06,GL-B-014,ภาคใต้,681,9995
2025-08-06,MK-C-028,กรุงเทพฯ,663,12951
2025-08-06,MK-C-028,ภาคกลาง,509,9833
2025-08-06,MK-C-028,ภาคตะวันออก,377,7840
2025-08-06,MK-C-028,ภาคเหนือ,335,7184
2025-08-06,MK-C-028,ภาคใต้,425,6935
2025-08-06,SY-D-039,กรุงเทพฯ,477,7301
2025-08-06,SY-D-039,ภาคกลาง,359,7325
2025-08-06,SY-D-039,ภาคตะวันออก,257,5232
2025-08-06,SY-D-039,ภาคเหนือ,251,4845
2025-08-06,SY-D-039,ภาคใต้,313,4596
2025-08-06,AG-E-052,กรุงเทพฯ,139,2631
2025-08-06,AG-E-052,ภาคกลาง,109,1928
2025-08-06,AG-E-052,ภาคตะวันออก,75,1565
2025-08-06,AG-E-052,ภาคเหนือ,72,1216
2025-08-06,AG-E-052,ภาคใต้,86,1645
2025-08-07,TK-A-001,กรุงเทพฯ,185,3062
2025-08-07,TK-A-001,ภาคกลาง,152,2923
2025-08-07,TK-A-001,ภาคตะวันออก,104,2024
2025-08-07,TK-A-001,ภาคเหนือ,96,1774
2025-08-07,TK-A-001,ภาคใต้,124,2081
2025-08-07,GL-B-014,กรุงเทพฯ,1010,15749
2025-08-07,GL-B-014,ภาคกลาง,758,14933
2025-08-07,GL-B-014,ภาคตะวันออก,589,10782
2025-08-07,GL-B-014,ภาคเหนือ,493,9515
2025-08-07,GL-B-014,ภาคใต้,565,10215
2025-08-07,MK-C-028,กรุงเทพฯ,689,10681
2025-08-07,MK-C-028,ภาคกลาง,549,9603
2025-08-07,MK-C-028,ภาคตะวันออก,391,7590
2025-08-07,MK-C-028,ภาคเหนือ,340,5663
2025-08-07,MK-C-028,ภาคใต้,472,8338
2025-08-07,SY-D-039,กรุงเทพฯ,469,7775
2025-08-07,SY-D-039,ภาคกลาง,387,7389
2025-08-07,SY-D-039,ภาคตะวันออก,251,4870
2025-08-07,SY-D-039,ภาคเหนือ,241,3743
2025-08-07,SY-D-039,ภาคใต้,306,5341
2025-08-07,AG-E-052,กรุงเทพฯ,130,2408
2025-08-07,AG-E-052,ภาคกลาง,100,1671
2025-08-07,AG-E-052,ภาคตะวันออก,83,1520
2025-08-07,AG-E-052,ภาคเหนือ,70,1433
2025-08-07,AG-E-052,ภาคใต้,83,1502
2025-08-08,TK-A-001,กรุงเทพฯ,185,3116
2025-08-08,TK-A-001,ภาคกลาง,145,2407
2025-08-08,TK-A-001,ภาคตะวันออก,112,1676
2025-08-08,TK-A-001,ภาคเหนือ,101,1631
2025-08-08,TK-A-001,ภาคใต้,110,2000
2025-08-08,GL-B-014,กรุงเทพฯ,863,18394
2025-08-08,GL-B-014,ภาคกลาง,744,14567
2025-08-08,GL-B-014,ภาคตะวันออก,608,8644
2025-08-08,GL-B-014,ภาคเหนือ,529,9749
2025-08-08,GL-B-014,ภาคใต้,560,11539
2025-08-08,MK-C-028,กรุงเทพฯ,662,12384
2025-08-08,MK-C-028,ภาคกลาง,515,10843
2025-08-08,MK-C-028,ภาคตะวันออก,421,7347
2025-08-08,MK-C-028,ภาคเหนือ,375,6769
2025-08-08,MK-C-028,ภาคใต้,413,8059
2025-08-08,SY-D-039,กรุงเทพฯ,479,7031
2025-08-08,SY-D-039,ภาคกลาง,370,7027
2025-08-08,SY-D-039,ภาคตะวันออก,273,4431
2025-08-08,SY-D-039,ภาคเหนือ,234,4839
2025-08-08,SY-D-039,ภาคใต้,299,5001
2025-08-08,AG-E-052,กรุงเทพฯ,139,2721
2025-08-08,AG-E-052,ภาคกลาง,111,1841
2025-08-08,AG-E-052,ภาคตะวันออก,76,1457
2025-08-08,AG-E-052,ภาคเหนือ,69,1283
2025-08-08,AG-E-052,ภาคใต้,87,1770
2025-08-09,TK-A-001,กรุงเทพฯ,171,3147
2025-08-09,TK-A-001,ภาคกลาง,137,2958
2025-08-09,TK-A-001,ภาคตะวันออก,102,2171
2025-08-09,TK-A-001,ภาคเหนือ,92,1593
2025-08-09,TK-A-001,ภาคใต้,119,2402
2025-08-09,GL-B-014,กรุงเทพฯ,971,15481
2025-08-09,GL-B-014,ภาคกลาง,706,14724
2025-08-09,GL-B-014,ภาคตะวันออก,546,10042
2025-08-09,GL-B-014,ภาคเหนือ,454,10003
2025-08-09,GL-B-014,ภาคใต้,615,10536
2025-08-09,MK-C-028,กรุงเทพฯ,714,13002
2025-08-09,MK-C-028,ภาคกลาง,560,10585
2025-08-09,MK-C-028,ภาคตะวันออก,370,6594
2025-08-09,MK-C-028,ภาคเหนือ,345,6567
2025-08-09,MK-C-028,ภาคใต้,434,7437
2025-08-09,SY-D-039,กรุงเทพฯ,435,7213
2025-08-09,SY-D-039,ภาคกลาง,329,7029
2025-08-09,SY-D-039,ภาคตะวันออก,296,5080
2025-08-09,SY-D-039,ภาคเหนือ,237,4010
2025-08-09,SY-D-039,ภาคใต้,284,5835
2025-08-09,AG-E-052,กรุงเทพฯ,129,2103
2025-08-09,AG-E-052,ภาคกลาง,119,1744
2025-08-09,AG-E-052,ภาคตะวันออก,75,1367
2025-08-09,AG-E-052,ภาคเหนือ,72,1187
2025-08-09,AG-E-052,ภาคใต้,95,1662
2025-08-10,TK-A-001,กรุงเทพฯ,170,3188
2025-08-10,TK-A-001,ภาคกลาง,144,2623
2025-08-10,TK-A-001,ภาคตะวันออก,110,2155
2025-08-10,TK-A-001,ภาคเหนือ,106,1610
2025-08-10,TK-A-001,ภาคใต้,114,2083
2025-08-10,GL-B-014,กรุงเทพฯ,951,15698
2025-08-10,GL-B-014,ภาคกลาง,783,11594
2025-08-10,GL-B-014,ภาคตะวันออก,564,9651
2025-08-10,GL-B-014,ภาคเหนือ,527,8842
2025-08-10,GL-B-014,ภาคใต้,660,10473
2025-08-10,MK-C-028,กรุงเทพฯ,677,13432
2025-08-10,MK-C-028,ภาคกลาง,541,10248
2025-08-10,MK-C-028,ภาคตะวันออก,414,7509
2025-08-10,MK-C-028,ภาคเหนือ,348,5858
2025-08-10,MK-C-028,ภาคใต้,461,7565
2025-08-10,SY-D-039,กรุงเทพฯ,473,8746
2025-08-10,SY-D-039,ภาคกลาง,353,6195
2025-08-10,SY-D-039,ภาคตะวันออก,245,5550
2025-08-10,SY-D-039,ภาคเหนือ,242,3868
2025-08-10,SY-D-039,ภาคใต้,322,4957
2025-08-10,AG-E-052,กรุงเทพฯ,136,2684
2025-08-10,AG-E-052,ภาคกลาง,114,2036
2025-08-10,AG-E-052,ภาคตะวันออก,85,1443
2025-08-10,AG-E-052,ภาคเหนือ,67,1122
2025-08-10,AG-E-052,ภาคใต้,90,1460
2025-08-11,TK-A-001,กรุงเทพฯ,192,3534
2025-08-11,TK-A-001,ภาคกลาง,155,2488
2025-08-11,TK-A-001,ภาคตะวันออก,102,1669
2025-08-11,TK-A-001,ภาคเหนือ,90,1659
2025-08-11,TK-A-001,ภาคใต้,126,1995
2025-08-11,GL-B-014,กรุงเทพฯ,991,17510
2025-08-11,GL-B-014,ภาคกลาง,720,12223
2025-08-11,GL-B-014,ภาคตะวันออก,524,11497
2025-08-11,GL-B-014,ภาคเหนือ,484,9877
2025-08-11,GL-B-014,ภาคใต้,595,12381
2025-08-11,MK-C-028,กรุงเทพฯ,738,11948
2025-08-11,MK-C-028,ภาคกลาง,534,8779
2025-08-11,MK-C-028,ภาคตะวันออก,406,6928
2025-08-11,MK-C-028,ภาคเหนือ,364,7301
2025-08-11,MK-C-028,ภาคใต้,472,9274
2025-08-11,SY-D-039,กรุงเทพฯ,420,7864
2025-08-11,SY-D-039,ภาคกลาง,360,5720
2025-08-11,SY-D-039,ภาคตะวันออก,285,4616
2025-08-11,SY-D-039,ภาคเหนือ,231,3836
2025-08-11,SY-D-039,ภาคใต้,293,5617
2025-08-11,AG-E-052,กรุงเทพฯ,131,2253
2025-08-11,AG-E-052,ภาคกลาง,103,2211
2025-08-11,AG-E-052,ภาคตะวันออก,77,1655
2025-08-11,AG-E-052,ภาคเหนือ,69,1167
2025-08-11,AG-E-052,ภาคใต้,83,1628
2025-08-12,TK-A-001,กรุงเทพฯ,177,3086
2025-08-12,TK-A-001,ภาคกลาง,140,2273
2025-08-12,TK-A-001,ภาคตะวันออก,105,2231
2025-08-12,TK-A-001,ภาคเหนือ,98,1648
2025-08-12,TK-A-001,ภาคใต้,126,2229
2025-08-12,GL-B-014,กรุงเทพฯ,900,17143
2025-08-12,GL-B-014,ภาคกลาง,740,14178
2025-08-12,GL-B-014,ภาคตะวันออก,549,8710
2025-08-12,GL-B-014,ภาคเหนือ,476,10021
2025-08-12,GL-B-014,ภาคใต้,630,12067
2025-08-12,MK-C-028,กรุงเทพฯ,698,13856
2025-08-12,MK-C-028,ภาคกลาง,509,11172
2025-08-12,MK-C-028,ภาคตะวันออก,385,7176
2025-08-12,MK-C-028,ภาคเหนือ,359,6077
2025-08-12,MK-C-028,ภาคใต้,467,8444
2025-08-12,SY-D-039,กรุงเทพฯ,437,8850
2025-08-12,SY-D-039,ภาคกลาง,335,5624
2025-08-12,SY-D-039,ภาคตะวันออก,297,4266
2025-08-12,SY-D-039,ภาคเหนือ,240,4066
2025-08-12,SY-D-039,ภาคใต้,323,5781
2025-08-12,AG-E-052,กรุงเทพฯ,123,2319
2025-08-12,AG-E-052,ภาคกลาง,106,1960
2025-08-12,AG-E-052,ภาคตะวันออก,81,1446
2025-08-12,AG-E-052,ภาคเหนือ,76,1103
2025-08-12,AG-E-052,ภาคใต้,87,1568
2025-08-13,TK-A-001,กรุงเทพฯ,184,3264
2025-08-13,TK-A-001,ภาคกลาง,146,2458
2025-08-13,TK-A-001,ภาคตะวันออก,108,1808
2025-08-13,TK-A-001,ภาคเหนือ,94,1481
2025-08-13,TK-A-001,ภาคใต้,119,2355
2025-08-13,GL-B-014,กรุงเทพฯ,842,14323
2025-08-13,GL-B-014,ภาคกลาง,797,11775
2025-08-13,GL-B-014,ภาคตะวันออก,549,10467
2025-08-13,GL-B-014,ภาคเหนือ,508,7984
2025-08-13,GL-B-014,ภาคใต้,574,11218
2025-08-13,MK-C-028,กรุงเทพฯ,649,12358
2025-08-13,MK-C-028,ภาคกลาง,525,10046
2025-08-13,MK-C-028,ภาคตะวันออก,426,7888
2025-08-13,MK-C-028,ภาคเหนือ,378,5596
2025-08-13,MK-C-028,ภาคใต้,436,8887
2025-08-13,SY-D-039,กรุงเทพฯ,435,7441
2025-08-13,SY-D-039,ภาคกลาง,382,6898
2025-08-13,SY-D-039,ภาคตะวันออก,274,4221
2025-08-13,SY-D-039,ภาคเหนือ,235,4812
2025-08-13,SY-D-039,ภาคใต้,300,4951
2025-08-13,AG-E-052,กรุงเทพฯ,142,2290
2025-08-13,AG-E-052,ภาคกลาง,103,2124
2025-08-13,AG-E-052,ภาคตะวันออก,88,1354
2025-08-13,AG-E-052,ภาคเหนือ,77,1430
2025-08-13,AG-E-052,ภาคใต้,95,1725
2025-08-14,TK-A-001,กรุงเทพฯ,177,3168
2025-08-14,TK-A-001,ภาคกลาง,155,2892
2025-08-14,TK-A-001,ภาคตะวันออก,115,1949
2025-08-14,TK-A-001,ภาคเหนือ,95,1745
2025-08-14,TK-A-001,ภาคใต้,113,2238
2025-08-14,GL-B-014,กรุงเทพฯ,923,18769
2025-08-14,GL-B-014,ภาคกลาง,762,15384
2025-08-14,GL-B-014,ภาคตะวันออก,548,9855
2025-08-14,GL-B-014,ภาคเหนือ,452,10024
2025-08-14,GL-B-014,ภาคใต้,586,11711
2025-08-14,MK-C-028,กรุงเทพฯ,677,11142
2025-08-14,MK-C-028,ภาคกลาง,541,10917
2025-08-14,MK-C-028,ภาคตะวันออก,439,7096
2025-08-14,MK-C-028,ภาคเหนือ,354,6874
2025-08-14,MK-C-028,ภาคใต้,479,8279
2025-08-14,SY-D-039,กรุงเทพฯ,490,6947
2025-08-14,SY-D-039,ภาคกลาง,362,5923
2025-08-14,SY-D-039,ภาคตะวันออก,279,5309
2025-08-14,SY-D-039,ภาคเหนือ,253,4692
2025-08-14,SY-D-039,ภาคใต้,324,5058
2025-08-14,AG-E-052,กรุงเทพฯ,131,2279
2025-08-14,AG-E-052,ภาคกลาง,98,1740
2025-08-14,AG-E-052,ภาคตะวันออก,75,1421
2025-08-14,AG-E-052,ภาคเหนือ,72,1316
2025-08-14,AG-E-052,ภาคใต้,88,1377
2025-08-15,TK-A-001,กรุงเทพฯ,175,3210
2025-08-15,TK-A-001,ภาคกลาง,148,2861
2025-08-15,TK-A-001,ภาคตะวันออก,118,2220
2025-08-15,TK-A-001,ภาคเหนือ,103,1529
2025-08-15,TK-A-001,ภาคใต้,127,2049
2025-08-15,GL-B-014,กรุงเทพฯ,903,18597
2025-08-15,GL-B-014,ภาคกลาง,713,11654
2025-08-15,GL-B-014,ภาคตะวันออก,559,9914
2025-08-15,GL-B-014,ภาคเหนือ,531,8735
2025-08-15,GL-B-014,ภาคใต้,649,12287
2025-08-15,MK-C-028,กรุงเทพฯ,729,13189
2025-08-15,MK-C-028,ภาคกลาง,487,8395
2025-08-15,MK-C-028,ภาคตะวันออก,413,8341
2025-08-15,MK-C-028,ภาคเหนือ,357,6193
2025-08-15,MK-C-028,ภาคใต้,492,8536
2025-08-15,SY-D-039,กรุงเทพฯ,484,8965
2025-08-15,SY-D-039,ภาคกลาง,343,5806
2025-08-15,SY-D-039,ภาคตะวันออก,255,4932
2025-08-15,SY-D-039,ภาคเหนือ,258,3834
2025-08-15,SY-D-039,ภาคใต้,296,4762
2025-08-15,AG-E-052,กรุงเทพฯ,125,2479
2025-08-15,AG-E-052,ภาคกลาง,102,2186
2025-08-15,AG-E-052,ภาคตะวันออก,88,1502
2025-08-15,AG-E-052,ภาคเหนือ,71,1149
2025-08-15,AG-E-052,ภาคใต้,93,1797
2025-08-16,TK-A-001,กรุงเทพฯ,178,3423
2025-08-16,TK-A-001,ภาคกลาง,144,2230
2025-08-16,TK-A-001,ภาคตะวันออก,109,2094
2025-08-16,TK-A-001,ภาคเหนือ,90,1641
2025-08-16,TK-A-001,ภาคใต้,108,2359
2025-08-16,GL-B-014,กรุงเทพฯ,939,15309
2025-08-16,GL-B-014,ภาคกลาง,788,12938
2025-08-16,GL-B-014,ภาคตะวันออก,554,10330
2025-08-16,GL-B-014,ภาคเหนือ,534,8753
2025-08-16,GL-B-014,ภาคใต้,577,10355
2025-08-16,MK-C-028,กรุงเทพฯ,673,11968
2025-08-16,MK-C-028,ภาคกลาง,487,9323
2025-08-16,MK-C-028,ภาคตะวันออก,430,6271
2025-08-16,MK-C-028,ภาคเหนือ,373,5793
2025-08-16,MK-C-028,ภาคใต้,427,8253
2025-08-16,SY-D-039,กรุงเทพฯ,449,7501
2025-08-16,SY-D-039,ภาคกลาง,386,5531
2025-08-16,SY-D-039,ภาคตะวันออก,251,4588
2025-08-16,SY-D-039,ภาคเหนือ,253,3922
2025-08-16,SY-D-039,ภาคใต้,300,5654
2025-08-16,AG-E-052,กรุงเทพฯ,144,2739
2025-08-16,AG-E-052,ภาคกลาง,114,1835
2025-08-16,AG-E-052,ภาคตะวันออก,79,1631
2025-08-16,AG-E-052,ภาคเหนือ,73,1369
2025-08-16,AG-E-052,ภาคใต้,89,1496
2025-08-17,TK-A-001,กรุงเทพฯ,168,3277
2025-08-17,TK-A-001,ภาคกลาง,138,2290
2025-08-17,TK-A-001,ภาคตะวันออก,111,1755
2025-08-17,TK-A-001,ภาคเหนือ,93,1826
2025-08-17,TK-A-001,ภาคใต้,116,2482
2025-08-17,GL-B-014,กรุงเทพฯ,1013,16890
2025-08-17,GL-B-014,ภาคกลาง,768,14374
2025-08-17,GL-B-014,ภาคตะวันออก,515,8900
2025-08-17,GL-B-014,ภาคเหนือ,501,8034
2025-08-17,GL-B-014,ภาคใต้,673,9523
2025-08-17,MK-C-028,กรุงเทพฯ,705,13683
2025-08-17,MK-C-028,ภาคกลาง,556,11144
2025-08-17,MK-C-028,ภาคตะวันออก,372,8160
2025-08-17,MK-C-028,ภาคเหนือ,379,5651
2025-08-17,MK-C-028,ภาคใต้,429,7705
2025-08-17,SY-D-039,กรุงเทพฯ,479,7756
2025-08-17,SY-D-039,ภาคกลาง,365,6258
2025-08-17,SY-D-039,ภาคตะวันออก,273,5505
2025-08-17,SY-D-039,ภาคเหนือ,253,4943
2025-08-17,SY-D-039,ภาคใต้,311,5379
2025-08-17,AG-E-052,กรุงเทพฯ,133,2215
2025-08-17,AG-E-052,ภาคกลาง,106,1745
2025-08-17,AG-E-052,ภาคตะวันออก,84,1460
2025-08-17,AG-E-052,ภาคเหนือ,73,1477
2025-08-17,AG-E-052,ภาคใต้,95,1572
2025-08-18,TK-A-001,กรุงเทพฯ,187,3492
2025-08-18,TK-A-001,ภาคกลาง,150,2675
2025-08-18,TK-A-001,ภาคตะวันออก,118,1900
2025-08-18,TK-A-001,ภาคเหนือ,99,1808
2025-08-18,TK-A-001,ภาคใต้,110,1839
2025-08-18,GL-B-014,กรุงเทพฯ,898,16591
2025-08-18,GL-B-014,ภาคกลาง,711,14602
2025-08-18,GL-B-014,ภาคตะวันออก,539,10029
2025-08-18,GL-B-014,ภาคเหนือ,492,9426
2025-08-18,GL-B-014,ภาคใต้,653,10377
2025-08-18,MK-C-028,กรุงเทพฯ,654,10952
2025-08-18,MK-C-028,ภาคกลาง,518,9987
2025-08-18,MK-C-028,ภาคตะวันออก,404,8339
2025-08-18,MK-C-028,ภาคเหนือ,331,6895
2025-08-18,MK-C-028,ภาคใต้,471,7226
2025-08-18,SY-D-039,กรุงเทพฯ,426,7110
2025-08-18,SY-D-039,ภาคกลาง,342,7211
2025-08-18,SY-D-039,ภาคตะวันออก,287,5168
2025-08-18,SY-D-039,ภาคเหนือ,259,4705
2025-08-18,SY-D-039,ภาคใต้,299,4649
2025-08-18,AG-E-052,กรุงเทพฯ,134,2185
2025-08-18,AG-E-052,ภาคกลาง,110,1667
2025-08-18,AG-E-052,ภาคตะวันออก,76,1342
2025-08-18,AG-E-052,ภาคเหนือ,76,1421
2025-08-18,AG-E-052,ภาคใต้,93,1852
2025-08-19,TK-A-001,กรุงเทพฯ,182,2792
2025-08-19,TK-A-001,ภาคกลาง,148,2692
2025-08-19,TK-A-001,ภาคตะวันออก,101,2086
2025-08-19,TK-A-001,ภาคเหนือ,86,1941
2025-08-19,TK-A-001,ภาคใต้,121,2206
2025-08-19,GL-B-014,กรุงเทพฯ,911,18638
2025-08-19,GL-B-014,ภาคกลาง,766,13715
2025-08-19,GL-B-014,ภาคตะวันออก,524,10619
2025-08-19,GL-B-014,ภาคเหนือ,448,9600
2025-08-19,GL-B-014,ภาคใต้,602,12210
2025-08-19,MK-C-028,กรุงเทพฯ,676,11289
2025-08-19,MK-C-028,ภาคกลาง,584,9465
2025-08-19,MK-C-028,ภาคตะวันออก,366,8289
2025-08-19,MK-C-028,ภาคเหนือ,338,7382
2025-08-19,MK-C-028,ภาคใต้,450,8321
2025-08-19,SY-D-039,กรุงเทพฯ,423,7709
2025-08-19,SY-D-039,ภาคกลาง,372,7103
2025-08-19,SY-D-039,ภาคตะวันออก,269,5421
2025-08-19,SY-D-039,ภาคเหนือ,221,3686
2025-08-19,SY-D-039,ภาคใต้,312,5013
2025-08-19,AG-E-052,กรุงเทพฯ,142,2276
2025-08-19,AG-E-052,ภาคกลาง,108,1683
2025-08-19,AG-E-052,ภาคตะวันออก,74,1445
2025-08-19,AG-E-052,ภาคเหนือ,73,1266
2025-08-19,AG-E-052,ภาคใต้,97,1743
2025-08-20,TK-A-001,กรุงเทพฯ,194,3065
2025-08-20,TK-A-001,ภาคกลาง,141,2452
2025-08-20,TK-A-001,ภาคตะวันออก,106,1657
2025-08-20,TK-A-001,ภาคเหนือ,97,1592
2025-08-20,TK-A-001,ภาคใต้,110,2440
2025-08-20,GL-B-014,กรุงเทพฯ,934,15679
2025-08-20,GL-B-014,ภาคกลาง,765,12137
2025-08-20,GL-B-014,ภาคตะวันออก,519,10492
2025-08-20,GL-B-014,ภาคเหนือ,506,7876
2025-08-20,GL-B-014,ภาคใต้,671,11202
2025-08-20,MK-C-028,กรุงเทพฯ,647,12994
2025-08-20,MK-C-028,ภาคกลาง,542,8543
2025-08-20,MK-C-028,ภาคตะวันออก,383,6589
2025-08-20,MK-C-028,ภาคเหนือ,385,6739
2025-08-20,MK-C-028,ภาคใต้,488,7331
2025-08-20,SY-D-039,กรุงเทพฯ,449,7526
2025-08-20,SY-D-039,ภาคกลาง,379,6100
2025-08-20,SY-D-039,ภาคตะวันออก,278,5525
2025-08-20,SY-D-039,ภาคเหนือ,257,4444
2025-08-20,SY-D-039,ภาคใต้,290,5969
2025-08-20,AG-E-052,กรุงเทพฯ,144,2594
2025-08-20,AG-E-052,ภาคกลาง,100,2043
2025-08-20,AG-E-052,ภาคตะวันออก,89,1602
2025-08-20,AG-E-052,ภาคเหนือ,75,1131
2025-08-20,AG-E-052,ภาคใต้,87,1671
2025-08-21,TK-A-001,กรุงเทพฯ,173,2881
2025-08-21,TK-A-001,ภาคกลาง,143,2525
2025-08-21,TK-A-001,ภาคตะวันออก,112,1791
2025-08-21,TK-A-001,ภาคเหนือ,104,1683
2025-08-21,TK-A-001,ภาคใต้,126,1970
2025-08-21,GL-B-014,กรุงเทพฯ,874,19116
2025-08-21,GL-B-014,ภาคกลาง,757,12763
2025-08-21,GL-B-014,ภาคตะวันออก,611,11232
2025-08-21,GL-B-014,ภาคเหนือ,511,9430
2025-08-21,GL-B-014,ภาคใต้,583,10192
2025-08-21,MK-C-028,กรุงเทพฯ,674,13251
2025-08-21,MK-C-028,ภาคกลาง,560,9920
2025-08-21,MK-C-028,ภาคตะวันออก,436,7846
2025-08-21,MK-C-028,ภาคเหนือ,370,6400
2025-08-21,MK-C-028,ภาคใต้,450,7300
2025-08-21,SY-D-039,กรุงเทพฯ,476,8885
2025-08-21,SY-D-039,ภาคกลาง,382,6507
2025-08-21,SY-D-039,ภาคตะวันออก,286,5280
2025-08-21,SY-D-039,ภาคเหนือ,227,4931
2025-08-21,SY-D-039,ภาคใต้,279,5483
2025-08-21,AG-E-052,กรุงเทพฯ,141,2497
2025-08-21,AG-E-052,ภาคกลาง,115,2051
2025-08-21,AG-E-052,ภาคตะวันออก,80,1488
2025-08-21,AG-E-052,ภาคเหนือ,68,1241
2025-08-21,AG-E-052,ภาคใต้,91,1763
2025-08-22,TK-A-001,กรุงเทพฯ,172,3027
2025-08-22,TK-A-001,ภาคกลาง,137,2287
2025-08-22,TK-A-001,ภาคตะวันออก,99,1844
2025-08-22,TK-A-001,ภาคเหนือ,102,1898
2025-08-22,TK-A-001,ภาคใต้,121,1943
2025-08-22,GL-B-014,กรุงเทพฯ,918,16826
2025-08-22,GL-B-014,ภาคกลาง,775,12804
2025-08-22,GL-B-014,ภาคตะวันออก,586,8768
2025-08-22,GL-B-014,ภาคเหนือ,534,9537
2025-08-22,GL-B-014,ภาคใต้,575,11409
2025-08-22,MK-C-028,กรุงเทพฯ,700,10434
2025-08-22,MK-C-028,ภาคกลาง,511,9599
2025-08-22,MK-C-028,ภาคตะวันออก,417,6410
2025-08-22,MK-C-028,ภาคเหนือ,389,5567
2025-08-22,MK-C-028,ภาคใต้,476,7144
2025-08-22,SY-D-039,กรุงเทพฯ,444,7678
2025-08-22,SY-D-039,ภาคกลาง,387,6721
2025-08-22,SY-D-039,ภาคตะวันออก,294,5297
2025-08-22,SY-D-039,ภาคเหนือ,244,4335
2025-08-22,SY-D-039,ภาคใต้,278,5302
2025-08-22,AG-E-052,กรุงเทพฯ,148,2739
2025-08-22,AG-E-052,ภาคกลาง,116,1778
2025-08-22,AG-E-052,ภาคตะวันออก,83,1644
2025-08-22,AG-E-052,ภาคเหนือ,69,1490
2025-08-22,AG-E-052,ภาคใต้,86,1617
2025-08-23,TK-A-001,กรุงเทพฯ,182,3082
2025-08-23,TK-A-001,ภาคกลาง,144,2922
2025-08-23,TK-A-001,ภาคตะวันออก,117,2084
2025-08-23,TK-A-001,ภาคเหนือ,87,1929
2025-08-23,TK-A-001,ภาคใต้,118,2054
2025-08-23,GL-B-014,กรุงเทพฯ,999,17685
2025-08-23,GL-B-014,ภาคกลาง,676,11759
2025-08-23,GL-B-014,ภาคตะวันออก,585,9886
2025-08-23,GL-B-014,ภาคเหนือ,542,10077
2025-08-23,GL-B-014,ภาคใต้,567,10378
2025-08-23,MK-C-028,กรุงเทพฯ,675,11812
2025-08-23,MK-C-028,ภาคกลาง,575,10026
2025-08-23,MK-C-028,ภาคตะวันออก,429,8121
2025-08-23,MK-C-028,ภาคเหนือ,371,6301
2025-08-23,MK-C-028,ภาคใต้,449,7430
2025-08-23,SY-D-039,กรุงเทพฯ,441,8690
2025-08-23,SY-D-039,ภาคกลาง,370,6611
2025-08-23,SY-D-039,ภาคตะวันออก,284,5522
2025-08-23,SY-D-039,ภาคเหนือ,254,4493
2025-08-23,SY-D-039,ภาคใต้,314,5592
2025-08-23,AG-E-052,กรุงเทพฯ,147,2511
2025-08-23,AG-E-052,ภาคกลาง,102,2115
2025-08-23,AG-E-052,ภาคตะวันออก,74,1535
2025-08-23,AG-E-052,ภาคเหนือ,73,1238
2025-08-23,AG-E-052,ภาคใต้,95,1649
2025-08-24,TK-A-001,กรุงเทพฯ,182,3124
2025-08-24,TK-A-001,ภาคกลาง,153,2835
2025-08-24,TK-A-001,ภาคตะวันออก,104,2216
2025-08-24,TK-A-001,ภาคเหนือ,101,1802
2025-08-24,TK-A-001,ภาคใต้,126,2363
2025-08-24,GL-B-014,กรุงเทพฯ,859,16571
2025-08-24,GL-B-014,ภาคกลาง,777,13456
2025-08-24,GL-B-014,ภาคตะวันออก,575,10305
2025-08-24,GL-B-014,ภาคเหนือ,531,8870
2025-08-24,GL-B-014,ภาคใต้,583,11517
2025-08-24,MK-C-028,กรุงเทพฯ,742,13035
2025-08-24,MK-C-028,ภาคกลาง,505,9697
2025-08-24,MK-C-028,ภาคตะวันออก,389,6754
2025-08-24,MK-C-028,ภาคเหนือ,328,6316
2025-08-24,MK-C-028,ภาคใต้,412,7667
2025-08-24,SY-D-039,กรุงเทพฯ,489,8758
2025-08-24,SY-D-039,ภาคกลาง,342,6058
2025-08-24,SY-D-039,ภาคตะวันออก,262,4138
2025-08-24,SY-D-039,ภาคเหนือ,221,4525
2025-08-24,SY-D-039,ภาคใต้,322,4832
2025-08-24,AG-E-052,กรุงเทพฯ,135,2278
2025-08-24,AG-E-052,ภาคกลาง,115,1769
2025-08-24,AG-E-052,ภาคตะวันออก,83,1348
2025-08-24,AG-E-052,ภาคเหนือ,78,1387
2025-08-24,AG-E-052,ภาคใต้,87,1618
2025-08-25,TK-A-001,กรุงเทพฯ,193,3132
2025-08-25,TK-A-001,ภาคกลาง,144,2674
2025-08-25,TK-A-001,ภาคตะวันออก,102,1731
2025-08-25,TK-A-001,ภาคเหนือ,93,1491
2025-08-25,TK-A-001,ภาคใต้,114,2110
2025-08-25,GL-B-014,กรุงเทพฯ,987,17956
2025-08-25,GL-B-014,ภาคกลาง,678,14032
2025-08-25,GL-B-014,ภาคตะวันออก,570,8666
2025-08-25,GL-B-014,ภาคเหนือ,517,9184
2025-08-25,GL-B-014,ภาคใต้,610,10225
2025-08-25,MK-C-028,กรุงเทพฯ,722,12379
2025-08-25,MK-C-028,ภาคกลาง,504,8660
2025-08-25,MK-C-028,ภาคตะวันออก,378,7661
2025-08-25,MK-C-028,ภาคเหนือ,355,7001
2025-08-25,MK-C-028,ภาคใต้,489,7761
2025-08-25,SY-D-039,กรุงเทพฯ,411,8451
2025-08-25,SY-D-039,ภาคกลาง,377,7407
2025-08-25,SY-D-039,ภาคตะวันออก,263,4778
2025-08-25,SY-D-039,ภาคเหนือ,256,3941
2025-08-25,SY-D-039,ภาคใต้,285,5029
2025-08-25,AG-E-052,กรุงเทพฯ,145,2484
2025-08-25,AG-E-052,ภาคกลาง,105,1875
2025-08-25,AG-E-052,ภาคตะวันออก,87,1386
2025-08-25,AG-E-052,ภาคเหนือ,68,1246
2025-08-25,AG-E-052,ภาคใต้,95,1603
2025-08-26,TK-A-001,กรุงเทพฯ,193,2836
2025-08-26,TK-A-001,ภาคกลาง,130,2639
2025-08-26,TK-A-001,ภาคตะวันออก,114,2107
2025-08-26,TK-A-001,ภาคเหนือ,94,1926
2025-08-26,TK-A-001,ภาคใต้,118,2022
2025-08-26,GL-B-014,กรุงเทพฯ,855,18437
2025-08-26,GL-B-014,ภาคกลาง,812,12214
2025-08-26,GL-B-014,ภาคตะวันออก,521,10441
2025-08-26,GL-B-014,ภาคเหนือ,468,8612
2025-08-26,GL-B-014,ภาคใต้,600,12490
2025-08-26,MK-C-028,กรุงเทพฯ,687,11024
2025-08-26,MK-C-028,ภาคกลาง,575,9744
2025-08-26,MK-C-028,ภาคตะวันออก,383,7075
2025-08-26,MK-C-028,ภาคเหนือ,333,7314
2025-08-26,MK-C-028,ภาคใต้,408,8384
2025-08-26,SY-D-039,กรุงเทพฯ,482,8723
2025-08-26,SY-D-039,ภาคกลาง,358,6617
2025-08-26,SY-D-039,ภาคตะวันออก,253,4622
2025-08-26,SY-D-039,ภาคเหนือ,217,4701
2025-08-26,SY-D-039,ภาคใต้,309,5576
2025-08-26,AG-E-052,กรุงเทพฯ,145,2368
2025-08-26,AG-E-052,ภาคกลาง,98,1973
2025-08-26,AG-E-052,ภาคตะวันออก,77,1285
2025-08-26,AG-E-052,ภาคเหนือ,77,1444
2025-08-26,AG-E-052,ภาคใต้,83,1590
2025-08-27,TK-A-001,กรุงเทพฯ,185,3634
2025-08-27,TK-A-001,ภาคกลาง,149,2357
2025-08-27,TK-A-001,ภาคตะวันออก,118,2021
2025-08-27,TK-A-001,ภาคเหนือ,104,1653
2025-08-27,TK-A-001,ภาคใต้,125,2212
2025-08-27,GL-B-014,กรุงเทพฯ,1021,18109
2025-08-27,GL-B-014,ภาคกลาง,738,14923
2025-08-27,GL-B-014,ภาคตะวันออก,592,11223
2025-08-27,GL-B-014,ภาคเหนือ,530,9195
2025-08-27,GL-B-014,ภาคใต้,597,12482
2025-08-27,MK-C-028,กรุงเทพฯ,731,11755
2025-08-27,MK-C-028,ภาคกลาง,592,8691
2025-08-27,MK-C-028,ภาคตะวันออก,393,8161
2025-08-27,MK-C-028,ภาคเหนือ,343,7249
2025-08-27,MK-C-028,ภาคใต้,469,8147
2025-08-27,SY-D-039,กรุงเทพฯ,446,8144
2025-08-27,SY-D-039,ภาคกลาง,342,6380
2025-08-27,SY-D-039,ภาคตะวันออก,272,5334
2025-08-27,SY-D-039,ภาคเหนือ,260,3826
2025-08-27,SY-D-039,ภาคใต้,318,4885
2025-08-27,AG-E-052,กรุงเทพฯ,137,2392
2025-08-27,AG-E-052,ภาคกลาง,105,1927
2025-08-27,AG-E-052,ภาคตะวันออก,81,1465
2025-08-27,AG-E-052,ภาคเหนือ,76,1160
2025-08-27,AG-E-052,ภาคใต้,99,1656
2025-08-28,TK-A-001,กรุงเทพฯ,189,3664
2025-08-28,TK-A-001,ภาคกลาง,130,2619
2025-08-28,TK-A-001,ภาคตะวันออก,116,2161
2025-08-28,TK-A-001,ภาคเหนือ,102,1623
2025-08-28,TK-A-001,ภาคใต้,124,2345
2025-08-28,GL-B-014,กรุงเทพฯ,859,17261
2025-08-28,GL-B-014,ภาคกลาง,714,13074
2025-08-28,GL-B-014,ภาคตะวันออก,524,9317
2025-08-28,GL-B-014,ภาคเหนือ,533,9591
2025-08-28,GL-B-014,ภาคใต้,575,12517
2025-08-28,MK-C-028,กรุงเทพฯ,649,11121
2025-08-28,MK-C-028,ภาคกลาง,562,10322
2025-08-28,MK-C-028,ภาคตะวันออก,413,8345
2025-08-28,MK-C-028,ภาคเหนือ,344,6674
2025-08-28,MK-C-028,ภาคใต้,488,7706
2025-08-28,SY-D-039,กรุงเทพฯ,427,6889
2025-08-28,SY-D-039,ภาคกลาง,336,7283
2025-08-28,SY-D-039,ภาคตะวันออก,271,4289
2025-08-28,SY-D-039,ภาคเหนือ,248,4149
2025-08-28,SY-D-039,ภาคใต้,284,4884
2025-08-28,AG-E-052,กรุงเทพฯ,128,2515
2025-08-28,AG-E-052,ภาคกลาง,112,1920
2025-08-28,AG-E-052,ภาคตะวันออก,73,1604
2025-08-28,AG-E-052,ภาคเหนือ,67,1329
2025-08-28,AG-E-052,ภาคใต้,83,1757
2025-08-29,TK-A-001,กรุงเทพฯ,195,3429
2025-08-29,TK-A-001,ภาคกลาง,151,2347
2025-08-29,TK-A-001,ภาคตะวันออก,102,1970
2025-08-29,TK-A-001,ภาคเหนือ,93,1584
2025-08-29,TK-A-001,ภาคใต้,115,2057
2025-08-29,GL-B-014,กรุงเทพฯ,842,15940
2025-08-29,GL-B-014,ภาคกลาง,783,11932
2025-08-29,GL-B-014,ภาคตะวันออก,508,11434
2025-08-29,GL-B-014,ภาคเหนือ,538,10129
2025-08-29,GL-B-014,ภาคใต้,607,12181
2025-08-29,MK-C-028,กรุงเทพฯ,672,13955
2025-08-29,MK-C-028,ภาคกลาง,487,10805
2025-08-29,MK-C-028,ภาคตะวันออก,399,7673
2025-08-29,MK-C-028,ภาคเหนือ,355,6168
2025-08-29,MK-C-028,ภาคใต้,429,7348
2025-08-29,SY-D-039,กรุงเทพฯ,432,9029
2025-08-29,SY-D-039,ภาคกลาง,350,7364
2025-08-29,SY-D-039,ภาคตะวันออก,263,4422
2025-08-29,SY-D-039,ภาคเหนือ,229,3891
2025-08-29,SY-D-039,ภาคใต้,300,5794
2025-08-29,AG-E-052,กรุงเทพฯ,132,2222
2025-08-29,AG-E-052,ภาคกลาง,107,2196
2025-08-29,AG-E-052,ภาคตะวันออก,78,1568
2025-08-29,AG-E-052,ภาคเหนือ,74,1241
2025-08-29,AG-E-052,ภาคใต้,90,1696
2025-08-30,TK-A-001,กรุงเทพฯ,165,3474
2025-08-30,TK-A-001,ภาคกลาง,145,2361
2025-08-30,TK-A-001,ภาคตะวันออก,100,2047
2025-08-30,TK-A-001,ภาคเหนือ,98,1525
2025-08-30,TK-A-001,ภาคใต้,130,2098
2025-08-30,GL-B-014,กรุงเทพฯ,912,16013
2025-08-30,GL-B-014,ภาคกลาง,720,11976
2025-08-30,GL-B-014,ภาคตะวันออก,551,11315
2025-08-30,GL-B-014,ภาคเหนือ,493,9636
2025-08-30,GL-B-014,ภาคใต้,575,12160
2025-08-30,MK-C-028,กรุงเทพฯ,616,13025
2025-08-30,MK-C-028,ภาคกลาง,580,11050
2025-08-30,MK-C-028,ภาคตะวันออก,445,7900
2025-08-30,MK-C-028,ภาคเหนือ,340,5767
2025-08-30,MK-C-028,ภาคใต้,482,8148
2025-08-30,SY-D-039,กรุงเทพฯ,438,8346
2025-08-30,SY-D-039,ภาคกลาง,376,5756
2025-08-30,SY-D-039,ภาคตะวันออก,264,4544
2025-08-30,SY-D-039,ภาคเหนือ,219,4700
2025-08-30,SY-D-039,ภาคใต้,321,6012
2025-08-30,AG-E-052,กรุงเทพฯ,126,2349
2025-08-30,AG-E-052,ภาคกลาง,117,2162
2025-08-30,AG-E-052,ภาคตะวันออก,85,1595
2025-08-30,AG-E-052,ภาคเหนือ,78,1333
2025-08-30,AG-E-052,ภาคใต้,85,1754
2025-08-31,TK-A-001,กรุงเทพฯ,167,3407
2025-08-31,TK-A-001,ภาคกลาง,139,2240
2025-08-31,TK-A-001,ภาคตะวันออก,102,1985
2025-08-31,TK-A-001,ภาคเหนือ,103,1694
2025-08-31,TK-A-001,ภาคใต้,118,1891
2025-08-31,GL-B-014,กรุงเทพฯ,894,14250
2025-08-31,GL-B-014,ภาคกลาง,735,15054
2025-08-31,GL-B-014,ภาคตะวันออก,522,9458
2025-08-31,GL-B-014,ภาคเหนือ,468,9544
2025-08-31,GL-B-014,ภาคใต้,604,11593
2025-08-31,MK-C-028,กรุงเทพฯ,626,11686
2025-08-31,MK-C-028,ภาคกลาง,534,9856
2025-08-31,MK-C-028,ภาคตะวันออก,425,6321
2025-08-31,MK-C-028,ภาคเหนือ,372,6013
2025-08-31,MK-C-028,ภาคใต้,439,8684
2025-08-31,SY-D-039,กรุงเทพฯ,468,8153
2025-08-31,SY-D-039,ภาคกลาง,374,5583
2025-08-31,SY-D-039,ภาคตะวันออก,284,4338
2025-08-31,SY-D-039,ภาคเหนือ,234,4096
2025-08-31,SY-D-039,ภาคใต้,318,5153
2025-08-31,AG-E-052,กรุงเทพฯ,131,2740
2025-08-31,AG-E-052,ภาคกลาง,104,1950
2025-08-31,AG-E-052,ภาคตะวันออก,81,1455
2025-08-31,AG-E-052,ภาคเหนือ,70,1104
2025-08-31,AG-E-052,ภาคใต้,85,1403
2025-09-01,TK-A-001,กรุงเทพฯ,195,2978
2025-09-01,TK-A-001,ภาคกลาง,151,2393
2025-09-01,TK-A-001,ภาคตะวันออก,106,1663
2025-09-01,TK-A-001,ภาคเหนือ,95,1848
2025-09-01,TK-A-001,ภาคใต้,111,1839
2025-09-01,GL-B-014,กรุงเทพฯ,888,18696
2025-09-01,GL-B-014,ภาคกลาง,682,14103
2025-09-01,GL-B-014,ภาคตะวันออก,532,9046
2025-09-01,GL-B-014,ภาคเหนือ,447,7962
2025-09-01,GL-B-014,ภาคใต้,615,12038
2025-09-01,MK-C-028,กรุงเทพฯ,732,13439
2025-09-01,MK-C-028,ภาคกลาง,504,9682
2025-09-01,MK-C-028,ภาคตะวันออก,443,8113
2025-09-01,MK-C-028,ภาคเหนือ,335,5517
2025-09-01,MK-C-028,ภาคใต้,409,7740
2025-09-01,SY-D-039,กรุงเทพฯ,460,8779
2025-09-01,SY-D-039,ภาคกลาง,373,6056
2025-09-01,SY-D-039,ภาคตะวันออก,259,4731
2025-09-01,SY-D-039,ภาคเหนือ,224,4753
2025-09-01,SY-D-039,ภาคใต้,276,4975
2025-09-01,AG-E-052,กรุงเทพฯ,141,2580
2025-09-01,AG-E-052,ภาคกลาง,116,1850
2025-09-01,AG-E-052,ภาคตะวันออก,79,1375
2025-09-01,AG-E-052,ภาคเหนือ,71,1235
2025-09-01,AG-E-052,ภาคใต้,98,1764
2025-09-02,TK-A-001,กรุงเทพฯ,163,3411
2025-09-02,TK-A-001,ภาคกลาง,153,2344
2025-09-02,TK-A-001,ภาคตะวันออก,107,1723
2025-09-02,TK-A-001,ภาคเหนือ,104,1511
2025-09-02,TK-A-001,ภาคใต้,127,2404
2025-09-02,GL-B-014,กรุงเทพฯ,847,18523
2025-09-02,GL-B-014,ภาคกลาง,789,13184
2025-09-02,GL-B-014,ภาคตะวันออก,605,8877
2025-09-02,GL-B-014,ภาคเหนือ,518,7742
2025-09-02,GL-B-014,ภาคใต้,597,12566
2025-09-02,MK-C-028,กรุงเทพฯ,661,11913
2025-09-02,MK-C-028,ภาคกลาง,569,8743
2025-09-02,MK-C-028,ภาคตะวันออก,382,6528
2025-09-02,MK-C-028,ภาคเหนือ,369,7215
2025-09-02,MK-C-028,ภาคใต้,482,8986
2025-09-02,SY-D-039,กรุงเทพฯ,465,8128
2025-09-02,SY-D-039,ภาคกลาง,394,5770
2025-09-02,SY-D-039,ภาคตะวันออก,274,4783
2025-09-02,SY-D-039,ภาคเหนือ,237,4571
2025-09-02,SY-D-039,ภาคใต้,311,4992
2025-09-02,AG-E-052,กรุงเทพฯ,140,2288
2025-09-02,AG-E-052,ภาคกลาง,99,1897
2025-09-02,AG-E-052,ภาคตะวันออก,76,1509
2025-09-02,AG-E-052,ภาคเหนือ,65,1370
2025-09-02,AG-E-052,ภาคใต้,86,1684
2025-09-03,TK-A-001,กรุงเทพฯ,194,2840
2025-09-03,TK-A-001,ภาคกลาง,147,2744
2025-09-03,TK-A-001,ภาคตะวันออก,104,1840
2025-09-03,TK-A-001,ภาคเหนือ,92,1549
2025-09-03,TK-A-001,ภาคใต้,126,1986
2025-09-03,GL-B-014,กรุงเทพฯ,879,14450
2025-09-03,GL-B-014,ภาคกลาง,735,12677
2025-09-03,GL-B-014,ภาคตะวันออก,550,9957
2025-09-03,GL-B-014,ภาคเหนือ,512,9361
2025-09-03,GL-B-014,ภาคใต้,673,11441
2025-09-03,MK-C-028,กรุงเทพฯ,653,12644
2025-09-03,MK-C-028,ภาคกลาง,585,8996
2025-09-03,MK-C-028,ภาคตะวันออก,433,6939
2025-09-03,MK-C-028,ภาคเหนือ,349,7177
2025-09-03,MK-C-028,ภาคใต้,465,8397
2025-09-03,SY-D-039,กรุงเทพฯ,460,8945
2025-09-03,SY-D-039,ภาคกลาง,348,5591
2025-09-03,SY-D-039,ภาคตะวันออก,275,5456
2025-09-03,SY-D-039,ภาคเหนือ,223,4007
2025-09-03,SY-D-039,ภาคใต้,315,6120
2025-09-03,AG-E-052,กรุงเทพฯ,138,2509
2025-09-03,AG-E-052,ภาคกลาง,105,1777
2025-09-03,AG-E-052,ภาคตะวันออก,85,1636
2025-09-03,AG-E-052,ภาคเหนือ,78,1211
2025-09-03,AG-E-052,ภาคใต้,82,1729
2025-09-04,TK-A-001,กรุงเทพฯ,174,3424
2025-09-04,TK-A-001,ภาคกลาง,151,2705
2025-09-04,TK-A-001,ภาคตะวันออก,105,1910
2025-09-04,TK-A-001,ภาคเหนือ,105,1624
2025-09-04,TK-A-001,ภาคใต้,127,2329
2025-09-04,GL-B-014,กรุงเทพฯ,958,15025
2025-09-04,GL-B-014,ภาคกลาง,759,14149
2025-09-04,GL-B-014,ภาคตะวันออก,571,9680
2025-09-04,GL-B-014,ภาคเหนือ,519,8871
2025-09-04,GL-B-014,ภาคใต้,638,10141
2025-09-04,MK-C-028,กรุงเทพฯ,638,13529
2025-09-04,MK-C-028,ภาคกลาง,505,10123
2025-09-04,MK-C-028,ภาคตะวันออก,375,7765
2025-09-04,MK-C-028,ภาคเหนือ,342,6647
2025-09-04,MK-C-028,ภาคใต้,433,7937
2025-09-04,SY-D-039,กรุงเทพฯ,420,7917
2025-09-04,SY-D-039,ภาคกลาง,365,6329
2025-09-04,SY-D-039,ภาคตะวันออก,269,5326
2025-09-04,SY-D-039,ภาคเหนือ,255,4151
2025-09-04,SY-D-039,ภาคใต้,329,5196
2025-09-04,AG-E-052,กรุงเทพฯ,127,2741
2025-09-04,AG-E-052,ภาคกลาง,97,1763
2025-09-04,AG-E-052,ภาคตะวันออก,81,1414
2025-09-04,AG-E-052,ภาคเหนือ,66,1328
2025-09-04,AG-E-052,ภาคใต้,82,1535
2025-09-05,TK-A-001,กรุงเทพฯ,198,3236
2025-09-05,TK-A-001,ภาคกลาง,133,2267
2025-09-05,TK-A-001,ภาคตะวันออก,101,1852
2025-09-05,TK-A-001,ภาคเหนือ,96,1945
2025-09-05,TK-A-001,ภาคใต้,128,2043
2025-09-05,GL-B-014,กรุงเทพฯ,977,14483
2025-09-05,GL-B-014,ภาคกลาง,798,13166
2025-09-05,GL-B-014,ภาคตะวันออก,526,10678
2025-09-05,GL-B-014,ภาคเหนือ,522,9841
2025-09-05,GL-B-014,ภาคใต้,657,10461
2025-09-05,MK-C-028,กรุงเทพฯ,675,10438
2025-09-05,MK-C-028,ภาคกลาง,526,11107
2025-09-05,MK-C-028,ภาคตะวันออก,444,6729
2025-09-05,MK-C-028,ภาคเหนือ,392,6463
2025-09-05,MK-C-028,ภาคใต้,465,6956
2025-09-05,SY-D-039,กรุงเทพฯ,417,9034
2025-09-05,SY-D-039,ภาคกลาง,326,6798
2025-09-05,SY-D-039,ภาคตะวันออก,277,4782
2025-09-05,SY-D-039,ภาคเหนือ,236,3845
2025-09-05,SY-D-039,ภาคใต้,299,4903
2025-09-05,AG-E-052,กรุงเทพฯ,139,2581
2025-09-05,AG-E-052,ภาคกลาง,113,1962
2025-09-05,AG-E-052,ภาคตะวันออก,80,1394
2025-09-05,AG-E-052,ภาคเหนือ,70,1489
2025-09-05,AG-E-052,ภาคใต้,91,1636
2025-09-06,TK-A-001,กรุงเทพฯ,187,2979
2025-09-06,TK-A-001,ภาคกลาง,158,2300
2025-09-06,TK-A-001,ภาคตะวันออก,99,1969
2025-09-06,TK-A-001,ภาคเหนือ,87,1725
2025-09-06,TK-A-001,ภาคใต้,127,2317
2025-09-06,GL-B-014,กรุงเทพฯ,945,19178
2025-09-06,GL-B-014,ภาคกลาง,688,11814
2025-09-06,GL-B-014,ภาคตะวันออก,538,9563
2025-09-06,GL-B-014,ภาคเหนือ,527,9270
2025-09-06,GL-B-014,ภาคใต้,634,12204
2025-09-06,MK-C-028,กรุงเทพฯ,637,13735
2025-09-06,MK-C-028,ภาคกลาง,586,11152
2025-09-06,MK-C-028,ภาคตะวันออก,372,7363
2025-09-06,MK-C-028,ภาคเหนือ,375,6703
2025-09-06,MK-C-028,ภาคใต้,468,7472
2025-09-06,SY-D-039,กรุงเทพฯ,449,8975
2025-09-06,SY-D-039,ภาคกลาง,378,7410
2025-09-06,SY-D-039,ภาคตะวันออก,291,5448
2025-09-06,SY-D-039,ภาคเหนือ,227,4034
2025-09-06,SY-D-039,ภาคใต้,315,5807
2025-09-06,AG-E-052,กรุงเทพฯ,130,2209
2025-09-06,AG-E-052,ภาคกลาง,110,2008
2025-09-06,AG-E-052,ภาคตะวันออก,85,1441
2025-09-06,AG-E-052,ภาคเหนือ,66,1223
2025-09-06,AG-E-052,ภาคใต้,91,1400
2025-09-07,TK-A-001,กรุงเทพฯ,177,3308
2025-09-07,TK-A-001,ภาคกลาง,155,2632
2025-09-07,TK-A-001,ภาคตะวันออก,101,1683
2025-09-07,TK-A-001,ภาคเหนือ,105,1979
2025-09-07,TK-A-001,ภาคใต้,129,2212
2025-09-07,GL-B-014,กรุงเทพฯ,935,18843
2025-09-07,GL-B-014,ภาคกลาง,813,15104
2025-09-07,GL-B-014,ภาคตะวันออก,613,8800
2025-09-07,GL-B-014,ภาคเหนือ,507,7603
2025-09-07,GL-B-014,ภาคใต้,658,12333
2025-09-07,MK-C-028,กรุงเทพฯ,612,12031
2025-09-07,MK-C-028,ภาคกลาง,489,8734
2025-09-07,MK-C-028,ภาคตะวันออก,437,8269
2025-09-07,MK-C-028,ภาคเหนือ,347,7311
2025-09-07,MK-C-028,ภาคใต้,438,8107
2025-09-07,SY-D-039,กรุงเทพฯ,461,9059
2025-09-07,SY-D-039,ภาคกลาง,359,7435
2025-09-07,SY-D-039,ภาคตะวันออก,283,4811
2025-09-07,SY-D-039,ภาคเหนือ,221,4211
2025-09-07,SY-D-039,ภาคใต้,323,4712
2025-09-07,AG-E-052,กรุงเทพฯ,137,2427
2025-09-07,AG-E-052,ภาคกลาง,112,1663
2025-09-07,AG-E-052,ภาคตะวันออก,73,1667
2025-09-07,AG-E-052,ภาคเหนือ,69,1443
2025-09-07,AG-E-052,ภาคใต้,90,1600
2025-09-08,TK-A-001,กรุงเทพฯ,193,3666
2025-09-08,TK-A-001,ภาคกลาง,156,2776
2025-09-08,TK-A-001,ภาคตะวันออก,116,1776
2025-09-08,TK-A-001,ภาคเหนือ,90,1956
2025-09-08,TK-A-001,ภาคใต้,126,1840
2025-09-08,GL-B-014,กรุงเทพฯ,978,19144
2025-09-08,GL-B-014,ภาคกลาง,741,11871
2025-09-08,GL-B-014,ภาคตะวันออก,545,8687
2025-09-08,GL-B-014,ภาคเหนือ,460,7909
2025-09-08,GL-B-014,ภาคใต้,633,10298
2025-09-08,MK-C-028,กรุงเทพฯ,688,11288
2025-09-08,MK-C-028,ภาคกลาง,488,9697
2025-09-08,MK-C-028,ภาคตะวันออก,410,6300
2025-09-08,MK-C-028,ภาคเหนือ,354,6282
2025-09-08,MK-C-028,ภาคใต้,441,7952
2025-09-08,SY-D-039,กรุงเทพฯ,484,8542
2025-09-08,SY-D-039,ภาคกลาง,364,5974
2025-09-08,SY-D-039,ภาคตะวันออก,279,4555
2025-09-08,SY-D-039,ภาคเหนือ,220,3915
2025-09-08,SY-D-039,ภาคใต้,300,5264
2025-09-08,AG-E-052,กรุงเทพฯ,134,2582
2025-09-08,AG-E-052,ภาคกลาง,111,2204
2025-09-08,AG-E-052,ภาคตะวันออก,81,1435
2025-09-08,AG-E-052,ภาคเหนือ,74,1144
2025-09-08,AG-E-052,ภาคใต้,90,1847
2025-09-09,TK-A-001,กรุงเทพฯ,190,3082
2025-09-09,TK-A-001,ภาคกลาง,137,2415
2025-09-09,TK-A-001,ภาคตะวันออก,113,2000
2025-09-09,TK-A-001,ภาคเหนือ,91,1482
2025-09-09,TK-A-001,ภาคใต้,123,2300
2025-09-09,GL-B-014,กรุงเทพฯ,984,17341
2025-09-09,GL-B-014,ภาคกลาง,816,13333
2025-09-09,GL-B-014,ภาคตะวันออก,511,9949
2025-09-09,GL-B-014,ภาคเหนือ,517,8941
2025-09-09,GL-B-014,ภาคใต้,580,10137
2025-09-09,MK-C-028,กรุงเทพฯ,667,10671
2025-09-09,MK-C-028,ภาคกลาง,543,9915
2025-09-09,MK-C-028,ภาคตะวันออก,372,7838
2025-09-09,MK-C-028,ภาคเหนือ,392,6199
2025-09-09,MK-C-028,ภาคใต้,472,9134
2025-09-09,SY-D-039,กรุงเทพฯ,436,8046
2025-09-09,SY-D-039,ภาคกลาง,393,5787
2025-09-09,SY-D-039,ภาคตะวันออก,262,4260
2025-09-09,SY-D-039,ภาคเหนือ,253,4605
2025-09-09,SY-D-039,ภาคใต้,283,5389
2025-09-09,AG-E-052,กรุงเทพฯ,145,2502
2025-09-09,AG-E-052,ภาคกลาง,116,1674
2025-09-09,AG-E-052,ภาคตะวันออก,74,1270
2025-09-09,AG-E-052,ภาคเหนือ,75,1239
2025-09-09,AG-E-052,ภาคใต้,94,1568
2025-09-10,TK-A-001,กรุงเทพฯ,164,3340
2025-09-10,TK-A-001,ภาคกลาง,130,2659
2025-09-10,TK-A-001,ภาคตะวันออก,110,2017
2025-09-10,TK-A-001,ภาคเหนือ,103,1925
2025-09-10,TK-A-001,ภาคใต้,127,1899
2025-09-10,GL-B-014,กรุงเทพฯ,862,17460
2025-09-10,GL-B-014,ภาคกลาง,705,11946
2025-09-10,GL-B-014,ภาคตะวันออก,574,10789
2025-09-10,GL-B-014,ภาคเหนือ,510,10179
2025-09-10,GL-B-014,ภาคใต้,634,11738
2025-09-10,MK-C-028,กรุงเทพฯ,705,12151
2025-09-10,MK-C-028,ภาคกลาง,587,10746
2025-09-10,MK-C-028,ภาคตะวันออก,426,6363
2025-09-10,MK-C-028,ภาคเหนือ,339,5555
2025-09-10,MK-C-028,ภาคใต้,483,8434
2025-09-10,SY-D-039,กรุงเทพฯ,458,8373
2025-09-10,SY-D-039,ภาคกลาง,389,5607
2025-09-10,SY-D-039,ภาคตะวันออก,282,4703
2025-09-10,SY-D-039,ภาคเหนือ,255,4245
2025-09-10,SY-D-039,ภาคใต้,299,6151
2025-09-10,AG-E-052,กรุงเทพฯ,145,2567
2025-09-10,AG-E-052,ภาคกลาง,102,2119
2025-09-10,AG-E-052,ภาคตะวันออก,86,1438
2025-09-10,AG-E-052,ภาคเหนือ,72,1441
2025-09-10,AG-E-052,ภาคใต้,86,1585
2025-09-11,TK-A-001,กรุงเทพฯ,170,2899
2025-09-11,TK-A-001,ภาคกลาง,143,2683
2025-09-11,TK-A-001,ภาคตะวันออก,107,1901
2025-09-11,TK-A-001,ภาคเหนือ,97,1927
2025-09-11,TK-A-001,ภาคใต้,123,2051
2025-09-11,GL-B-014,กรุงเทพฯ,1014,14638
2025-09-11,GL-B-014,ภาคกลาง,720,13221
2025-09-11,GL-B-014,ภาคตะวันออก,533,9863
2025-09-11,GL-B-014,ภาคเหนือ,489,10011
2025-09-11,GL-B-014,ภาคใต้,559,9810
2025-09-11,MK-C-028,กรุงเทพฯ,618,13131
2025-09-11,MK-C-028,ภาคกลาง,583,10915
2025-09-11,MK-C-028,ภาคตะวันออก,389,6898
2025-09-11,MK-C-028,ภาคเหนือ,388,7338
2025-09-11,MK-C-028,ภาคใต้,455,9048
2025-09-11,SY-D-039,กรุงเทพฯ,468,7508
2025-09-11,SY-D-039,ภาคกลาง,394,6940
2025-09-11,SY-D-039,ภาคตะวันออก,285,5481
2025-09-11,SY-D-039,ภาคเหนือ,249,4202
2025-09-11,SY-D-039,ภาคใต้,273,5197
2025-09-11,AG-E-052,กรุงเทพฯ,130,2332
2025-09-11,AG-E-052,ภาคกลาง,108,1921
2025-09-11,AG-E-052,ภาคตะวันออก,77,1618
2025-09-11,AG-E-052,ภาคเหนือ,65,1467
2025-09-11,AG-E-052,ภาคใต้,91,1574
2025-09-12,TK-A-001,กรุงเทพฯ,180,2929
2025-09-12,TK-A-001,ภาคกลาง,146,2363
2025-09-12,TK-A-001,ภาคตะวันออก,105,1832
2025-09-12,TK-A-001,ภาคเหนือ,100,1741
2025-09-12,TK-A-001,ภาคใต้,113,1921
2025-09-12,GL-B-014,กรุงเทพฯ,994,18259
2025-09-12,GL-B-014,ภาคกลาง,771,13403
2025-09-12,GL-B-014,ภาคตะวันออก,583,11287
2025-09-12,GL-B-014,ภาคเหนือ,502,7665
2025-09-12,GL-B-014,ภาคใต้,638,9588
2025-09-12,MK-C-028,กรุงเทพฯ,733,11160
2025-09-12,MK-C-028,ภาคกลาง,526,10845
2025-09-12,MK-C-028,ภาคตะวันออก,376,7436
2025-09-12,MK-C-028,ภาคเหนือ,384,6310
2025-09-12,MK-C-028,ภาคใต้,437,9268
2025-09-12,SY-D-039,กรุงเทพฯ,482,7048
2025-09-12,SY-D-039,ภาคกลาง,343,7061
2025-09-12,SY-D-039,ภาคตะวันออก,270,4603
2025-09-12,SY-D-039,ภาคเหนือ,247,3928
2025-09-12,SY-D-039,ภาคใต้,314,4784
2025-09-12,AG-E-052,กรุงเทพฯ,139,2484
2025-09-12,AG-E-052,ภาคกลาง,112,1803
2025-09-12,AG-E-052,ภาคตะวันออก,78,1451
2025-09-12,AG-E-052,ภาคเหนือ,76,1119
2025-09-12,AG-E-052,ภาคใต้,86,1396
2025-09-13,TK-A-001,กรุงเทพฯ,198,3397
2025-09-13,TK-A-001,ภาคกลาง,150,2896
2025-09-13,TK-A-001,ภาคตะวันออก,113,1680
2025-09-13,TK-A-001,ภาคเหนือ,96,1576
2025-09-13,TK-A-001,ภาคใต้,125,2042
2025-09-13,GL-B-014,กรุงเทพฯ,983,15560
2025-09-13,GL-B-014,ภาคกลาง,770,15218
2025-09-13,GL-B-014,ภาคตะวันออก,591,10277
2025-09-13,GL-B-014,ภาคเหนือ,465,8429
2025-09-13,GL-B-014,ภาคใต้,663,11679
2025-09-13,MK-C-028,กรุงเทพฯ,676,11070
2025-09-13,MK-C-028,ภาคกลาง,513,10693
2025-09-13,MK-C-028,ภาคตะวันออก,418,7392
2025-09-13,MK-C-028,ภาคเหนือ,330,7028
2025-09-13,MK-C-028,ภาคใต้,485,7843
2025-09-13,SY-D-039,กรุงเทพฯ,493,8315
2025-09-13,SY-D-039,ภาคกลาง,332,7086
2025-09-13,SY-D-039,ภาคตะวันออก,280,4966
2025-09-13,SY-D-039,ภาคเหนือ,231,4184
2025-09-13,SY-D-039,ภาคใต้,296,4916
2025-09-13,AG-E-052,กรุงเทพฯ,143,2386
2025-09-13,AG-E-052,ภาคกลาง,100,2094
2025-09-13,AG-E-052,ภาคตะวันออก,85,1248
2025-09-13,AG-E-052,ภาคเหนือ,67,1356
2025-09-13,AG-E-052,ภาคใต้,92,1623
2025-09-14,TK-A-001,กรุงเทพฯ,198,3264
2025-09-14,TK-A-001,ภาคกลาง,136,2411
2025-09-14,TK-A-001,ภาคตะวันออก,98,1939
2025-09-14,TK-A-001,ภาคเหนือ,95,1778
2025-09-14,TK-A-001,ภาคใต้,125,1994
2025-09-14,GL-B-014,กรุงเทพฯ,888,14774
2025-09-14,GL-B-014,ภาคกลาง,715,14694
2025-09-14,GL-B-014,ภาคตะวันออก,516,8939
2025-09-14,GL-B-014,ภาคเหนือ,451,8261
2025-09-14,GL-B-014,ภาคใต้,561,12374
2025-09-14,MK-C-028,กรุงเทพฯ,700,11747
2025-09-14,MK-C-028,ภาคกลาง,501,9071
2025-09-14,MK-C-028,ภาคตะวันออก,416,7700
2025-09-14,MK-C-028,ภาคเหนือ,339,5725
2025-09-14,MK-C-028,ภาคใต้,414,8544
2025-09-14,SY-D-039,กรุงเทพฯ,449,7794
2025-09-14,SY-D-039,ภาคกลาง,389,6316
2025-09-14,SY-D-039,ภาคตะวันออก,296,4406
2025-09-14,SY-D-039,ภาคเหนือ,220,3857
2025-09-14,SY-D-039,ภาคใต้,272,6170
2025-09-14,AG-E-052,กรุงเทพฯ,129,2784
2025-09-14,AG-E-052,ภาคกลาง,110,1785
2025-09-14,AG-E-052,ภาคตะวันออก,80,1418
2025-09-14,AG-E-052,ภาคเหนือ,76,1264
2025-09-14,AG-E-052,ภาคใต้,95,1701
2025-09-15,TK-A-001,กรุงเทพฯ,187,3508
2025-09-15,TK-A-001,ภาคกลาง,136,2689
2025-09-15,TK-A-001,ภาคตะวันออก,98,2218
2025-09-15,TK-A-001,ภาคเหนือ,101,1755
2025-09-15,TK-A-001,ภาคใต้,125,2459
2025-09-15,GL-B-014,กรุงเทพฯ,985,18417
2025-09-15,GL-B-014,ภาคกลาง,698,13507
2025-09-15,GL-B-014,ภาคตะวันออก,528,10657
2025-09-15,GL-B-014,ภาคเหนือ,532,8232
2025-09-15,GL-B-014,ภาคใต้,642,10822
2025-09-15,MK-C-028,กรุงเทพฯ,676,13589
2025-09-15,MK-C-028,ภาคกลาง,511,9379
2025-09-15,MK-C-028,ภาคตะวันออก,441,7693
2025-09-15,MK-C-028,ภาคเหนือ,342,6513
2025-09-15,MK-C-028,ภาคใต้,464,8343
2025-09-15,SY-D-039,กรุงเทพฯ,464,7689
2025-09-15,SY-D-039,ภาคกลาง,333,7160
2025-09-15,SY-D-039,ภาคตะวันออก,244,5265
2025-09-15,SY-D-039,ภาคเหนือ,216,4059
2025-09-15,SY-D-039,ภาคใต้,289,4773
2025-09-15,AG-E-052,กรุงเทพฯ,132,2210
2025-09-15,AG-E-052,ภาคกลาง,99,2115
2025-09-15,AG-E-052,ภาคตะวันออก,86,1556
2025-09-15,AG-E-052,ภาคเหนือ,71,1307
2025-09-15,AG-E-052,ภาคใต้,97,1417
2025-09-16,TK-A-001,กรุงเทพฯ,164,3617
2025-09-16,TK-A-001,ภาคกลาง,136,2363
2025-09-16,TK-A-001,ภาคตะวันออก,104,1700
2025-09-16,TK-A-001,ภาคเหนือ,104,1623
2025-09-16,TK-A-001,ภาคใต้,108,2384
2025-09-16,GL-B-014,กรุงเทพฯ,1001,17999
2025-09-16,GL-B-014,ภาคกลาง,722,13448
2025-09-16,GL-B-014,ภาคตะวันออก,508,9115
2025-09-16,GL-B-014,ภาคเหนือ,461,9547
2025-09-16,GL-B-014,ภาคใต้,646,11774
2025-09-16,MK-C-028,กรุงเทพฯ,676,11777
2025-09-16,MK-C-028,ภาคกลาง,568,9242
2025-09-16,MK-C-028,ภาคตะวันออก,397,7864
2025-09-16,MK-C-028,ภาคเหนือ,340,7166
2025-09-16,MK-C-028,ภาคใต้,481,8825
2025-09-16,SY-D-039,กรุงเทพฯ,493,8749
2025-09-16,SY-D-039,ภาคกลาง,366,5995
2025-09-16,SY-D-039,ภาคตะวันออก,282,4713
2025-09-16,SY-D-039,ภาคเหนือ,244,4960
2025-09-16,SY-D-039,ภาคใต้,300,5856
2025-09-16,AG-E-052,กรุงเทพฯ,141,2505
2025-09-16,AG-E-052,ภาคกลาง,106,1702
2025-09-16,AG-E-052,ภาคตะวันออก,78,1351
2025-09-16,AG-E-052,ภาคเหนือ,67,1218
2025-09-16,AG-E-052,ภาคใต้,95,1565
2025-09-17,TK-A-001,กรุงเทพฯ,164,2936
2025-09-17,TK-A-001,ภาคกลาง,153,2747
2025-09-17,TK-A-001,ภาคตะวันออก,115,2110
2025-09-17,TK-A-001,ภาคเหนือ,100,1706
2025-09-17,TK-A-001,ภาคใต้,129,2451
2025-09-17,GL-B-014,กรุงเทพฯ,944,15153
2025-09-17,GL-B-014,ภาคกลาง,686,14345
2025-09-17,GL-B-014,ภาคตะวันออก,580,8979
2025-09-17,GL-B-014,ภาคเหนือ,522,9214
2025-09-17,GL-B-014,ภาคใต้,613,10469
2025-09-17,MK-C-028,กรุงเทพฯ,636,13016
2025-09-17,MK-C-028,ภาคกลาง,578,9758
2025-09-17,MK-C-028,ภาคตะวันออก,429,8291
2025-09-17,MK-C-028,ภาคเหนือ,389,6213
2025-09-17,MK-C-028,ภาคใต้,417,7028
2025-09-17,SY-D-039,กรุงเทพฯ,416,8490
2025-09-17,SY-D-039,ภาคกลาง,332,6501
2025-09-17,SY-D-039,ภาคตะวันออก,244,4970
2025-09-17,SY-D-039,ภาคเหนือ,264,4761
2025-09-17,SY-D-039,ภาคใต้,304,4771
2025-09-17,AG-E-052,กรุงเทพฯ,147,2204
2025-09-17,AG-E-052,ภาคกลาง,110,1724
2025-09-17,AG-E-052,ภาคตะวันออก,75,1600
2025-09-17,AG-E-052,ภาคเหนือ,78,1199
2025-09-17,AG-E-052,ภาคใต้,86,1669
2025-09-18,TK-A-001,กรุงเทพฯ,185,3165
2025-09-18,TK-A-001,ภาคกลาง,157,2716
2025-09-18,TK-A-001,ภาคตะวันออก,109,2129
2025-09-18,TK-A-001,ภาคเหนือ,94,1916
2025-09-18,TK-A-001,ภาคใต้,112,2098
2025-09-18,GL-B-014,กรุงเทพฯ,937,17995
2025-09-18,GL-B-014,ภาคกลาง,743,13328
2025-09-18,GL-B-014,ภาคตะวันออก,527,11546
2025-09-18,GL-B-014,ภาคเหนือ,477,9872
2025-09-18,GL-B-014,ภาคใต้,586,11805
2025-09-18,MK-C-028,กรุงเทพฯ,624,12053
2025-09-18,MK-C-028,ภาคกลาง,531,10855
2025-09-18,MK-C-028,ภาคตะวันออก,420,7987
2025-09-18,MK-C-028,ภาคเหนือ,390,6005
2025-09-18,MK-C-028,ภาคใต้,485,7490
2025-09-18,SY-D-039,กรุงเทพฯ,444,8821
2025-09-18,SY-D-039,ภาคกลาง,340,5679
2025-09-18,SY-D-039,ภาคตะวันออก,249,5488
2025-09-18,SY-D-039,ภาคเหนือ,239,4023
2025-09-18,SY-D-039,ภาคใต้,284,5300
2025-09-18,AG-E-052,กรุงเทพฯ,124,2587
2025-09-18,AG-E-052,ภาคกลาง,118,1677
2025-09-18,AG-E-052,ภาคตะวันออก,77,1591
2025-09-18,AG-E-052,ภาคเหนือ,77,1348
2025-09-18,AG-E-052,ภาคใต้,83,1678
2025-09-19,TK-A-001,กรุงเทพฯ,193,3163
2025-09-19,TK-A-001,ภาคกลาง,132,2830
2025-09-19,TK-A-001,ภาคตะวันออก,116,1946
2025-09-19,TK-A-001,ภาคเหนือ,96,1593
2025-09-19,TK-A-001,ภาคใต้,113,2252
2025-09-19,GL-B-014,กรุงเทพฯ,877,18501
2025-09-19,GL-B-014,ภาคกลาง,756,12370
2025-09-19,GL-B-014,ภาคตะวันออก,568,9330
2025-09-19,GL-B-014,ภาคเหนือ,497,9802
2025-09-19,GL-B-014,ภาคใต้,669,9972
2025-09-19,MK-C-028,กรุงเทพฯ,742,12002
2025-09-19,MK-C-028,ภาคกลาง,536,9425
2025-09-19,MK-C-028,ภาคตะวันออก,435,8369
2025-09-19,MK-C-028,ภาคเหนือ,392,6647
2025-09-19,MK-C-028,ภาคใต้,471,6979
2025-09-19,SY-D-039,กรุงเทพฯ,432,7445
2025-09-19,SY-D-039,ภาคกลาง,375,7440
2025-09-19,SY-D-039,ภาคตะวันออก,284,5426
2025-09-19,SY-D-039,ภาคเหนือ,247,4487
2025-09-19,SY-D-039,ภาคใต้,295,4787
2025-09-19,AG-E-052,กรุงเทพฯ,141,2788
2025-09-19,AG-E-052,ภาคกลาง,112,2104
2025-09-19,AG-E-052,ภาคตะวันออก,77,1521
2025-09-19,AG-E-052,ภาคเหนือ,71,1174
2025-09-19,AG-E-052,ภาคใต้,89,1625
2025-09-20,TK-A-001,กรุงเทพฯ,185,2976
2025-09-20,TK-A-001,ภาคกลาง,133,2859
2025-09-20,TK-A-001,ภาคตะวันออก,116,1840
2025-09-20,TK-A-001,ภาคเหนือ,101,1498
2025-09-20,TK-A-001,ภาคใต้,108,2358
2025-09-20,GL-B-014,กรุงเทพฯ,979,16642
2025-09-20,GL-B-014,ภาคกลาง,810,12625
2025-09-20,GL-B-014,ภาคตะวันออก,504,9360
2025-09-20,GL-B-014,ภาคเหนือ,447,7632
2025-09-20,GL-B-014,ภาคใต้,650,9498
2025-09-20,MK-C-028,กรุงเทพฯ,711,13838
2025-09-20,MK-C-028,ภาคกลาง,505,10291
2025-09-20,MK-C-028,ภาคตะวันออก,374,7853
2025-09-20,MK-C-028,ภาคเหนือ,343,6138
2025-09-20,MK-C-028,ภาคใต้,480,7760
2025-09-20,SY-D-039,กรุงเทพฯ,465,6985
2025-09-20,SY-D-039,ภาคกลาง,332,7107
2025-09-20,SY-D-039,ภาคตะวันออก,282,5075
2025-09-20,SY-D-039,ภาคเหนือ,253,3824
2025-09-20,SY-D-039,ภาคใต้,273,4702
2025-09-20,AG-E-052,กรุงเทพฯ,125,2400
2025-09-20,AG-E-052,ภาคกลาง,98,2156
2025-09-20,AG-E-052,ภาคตะวันออก,81,1563
2025-09-20,AG-E-052,ภาคเหนือ,72,1105
2025-09-20,AG-E-052,ภาคใต้,86,1863
2025-09-21,TK-A-001,กรุงเทพฯ,195,3246
2025-09-21,TK-A-001,ภาคกลาง,148,2227
2025-09-21,TK-A-001,ภาคตะวันออก,102,1970
2025-09-21,TK-A-001,ภาคเหนือ,95,1755
2025-09-21,TK-A-001,ภาคใต้,121,2007
2025-09-21,GL-B-014,กรุงเทพฯ,861,17022
2025-09-21,GL-B-014,ภาคกลาง,722,12840
2025-09-21,GL-B-014,ภาคตะวันออก,536,10786
2025-09-21,GL-B-014,ภาคเหนือ,510,7777
2025-09-21,GL-B-014,ภาคใต้,612,10103
2025-09-21,MK-C-028,กรุงเทพฯ,621,11296
2025-09-21,MK-C-028,ภาคกลาง,592,9880
2025-09-21,MK-C-028,ภาคตะวันออก,440,7802
2025-09-21,MK-C-028,ภาคเหนือ,382,6827
2025-09-21,MK-C-028,ภาคใต้,440,8936
2025-09-21,SY-D-039,กรุงเทพฯ,462,7289
2025-09-21,SY-D-039,ภาคกลาง,364,5806
2025-09-21,SY-D-039,ภาคตะวันออก,295,4650
2025-09-21,SY-D-039,ภาคเหนือ,237,4596
2025-09-21,SY-D-039,ภาคใต้,306,6088
2025-09-21,AG-E-052,กรุงเทพฯ,128,2124
2025-09-21,AG-E-052,ภาคกลาง,98,2124
2025-09-21,AG-E-052,ภาคตะวันออก,75,1376
2025-09-21,AG-E-052,ภาคเหนือ,76,1231
2025-09-21,AG-E-052,ภาคใต้,88,1596
2025-09-22,TK-A-001,กรุงเทพฯ,196,3421
2025-09-22,TK-A-001,ภาคกลาง,136,2411
2025-09-22,TK-A-001,ภาคตะวันออก,105,1722
2025-09-22,TK-A-001,ภาคเหนือ,104,1613
2025-09-22,TK-A-001,ภาคใต้,130,2186
2025-09-22,GL-B-014,กรุงเทพฯ,881,15785
2025-09-22,GL-B-014,ภาคกลาง,766,12816
2025-09-22,GL-B-014,ภาคตะวันออก,594,8858
2025-09-22,GL-B-014,ภาคเหนือ,494,9560
2025-09-22,GL-B-014,ภาคใต้,606,12062
2025-09-22,MK-C-028,กรุงเทพฯ,703,12733
2025-09-22,MK-C-028,ภาคกลาง,568,8347
2025-09-22,MK-C-028,ภาคตะวันออก,411,7114
2025-09-22,MK-C-028,ภาคเหนือ,335,6711
2025-09-22,MK-C-028,ภาคใต้,470,7943
2025-09-22,SY-D-039,กรุงเทพฯ,426,7541
2025-09-22,SY-D-039,ภาคกลาง,340,6583
2025-09-22,SY-D-039,ภาคตะวันออก,281,4257
2025-09-22,SY-D-039,ภาคเหนือ,219,3923
2025-09-22,SY-D-039,ภาคใต้,313,5115
2025-09-22,AG-E-052,กรุงเทพฯ,130,2073
2025-09-22,AG-E-052,ภาคกลาง,100,2136
2025-09-22,AG-E-052,ภาคตะวันออก,81,1646
2025-09-22,AG-E-052,ภาคเหนือ,73,1360
2025-09-22,AG-E-052,ภาคใต้,95,1733
2025-09-23,TK-A-001,กรุงเทพฯ,182,3407
2025-09-23,TK-A-001,ภาคกลาง,155,2636
2025-09-23,TK-A-001,ภาคตะวันออก,112,1657
2025-09-23,TK-A-001,ภาคเหนือ,88,1963
2025-09-23,TK-A-001,ภาคใต้,130,2419
2025-09-23,GL-B-014,กรุงเทพฯ,990,16316
2025-09-23,GL-B-014,ภาคกลาง,681,11971
2025-09-23,GL-B-014,ภาคตะวันออก,505,9984
2025-09-23,GL-B-014,ภาคเหนือ,523,7930
2025-09-23,GL-B-014,ภาคใต้,569,12280
2025-09-23,MK-C-028,กรุงเทพฯ,643,11564
2025-09-23,MK-C-028,ภาคกลาง,568,8368
2025-09-23,MK-C-028,ภาคตะวันออก,416,7766
2025-09-23,MK-C-028,ภาคเหนือ,325,6978
2025-09-23,MK-C-028,ภาคใต้,430,7537
2025-09-23,SY-D-039,กรุงเทพฯ,434,8524
2025-09-23,SY-D-039,ภาคกลาง,354,7002
2025-09-23,SY-D-039,ภาคตะวันออก,262,4755
2025-09-23,SY-D-039,ภาคเหนือ,251,4391
2025-09-23,SY-D-039,ภาคใต้,289,4987
2025-09-23,AG-E-052,กรุงเทพฯ,134,2550
2025-09-23,AG-E-052,ภาคกลาง,106,1743
2025-09-23,AG-E-052,ภาคตะวันออก,82,1607
2025-09-23,AG-E-052,ภาคเหนือ,78,1463
2025-09-23,AG-E-052,ภาคใต้,92,1466
2025-09-24,TK-A-001,กรุงเทพฯ,177,2865
2025-09-24,TK-A-001,ภาคกลาง,149,2539
2025-09-24,TK-A-001,ภาคตะวันออก,104,2139
2025-09-24,TK-A-001,ภาคเหนือ,100,1561
2025-09-24,TK-A-001,ภาคใต้,119,1983
2025-09-24,GL-B-014,กรุงเทพฯ,881,16733
2025-09-24,GL-B-014,ภาคกลาง,714,14017
2025-09-24,GL-B-014,ภาคตะวันออก,541,10946
2025-09-24,GL-B-014,ภาคเหนือ,487,7873
2025-09-24,GL-B-014,ภาคใต้,675,12329
2025-09-24,MK-C-028,กรุงเทพฯ,635,11749
2025-09-24,MK-C-028,ภาคกลาง,514,9170
2025-09-24,MK-C-028,ภาคตะวันออก,389,6311
2025-09-24,MK-C-028,ภาคเหนือ,330,6007
2025-09-24,MK-C-028,ภาคใต้,436,7191
2025-09-24,SY-D-039,กรุงเทพฯ,435,7955
2025-09-24,SY-D-039,ภาคกลาง,334,5742
2025-09-24,SY-D-039,ภาคตะวันออก,260,4643
2025-09-24,SY-D-039,ภาคเหนือ,239,4820
2025-09-24,SY-D-039,ภาคใต้,315,5081
2025-09-24,AG-E-052,กรุงเทพฯ,143,2245
2025-09-24,AG-E-052,ภาคกลาง,105,1698
2025-09-24,AG-E-052,ภาคตะวันออก,86,1473
2025-09-24,AG-E-052,ภาคเหนือ,75,1449
2025-09-24,AG-E-052,ภาคใต้,89,1589
2025-09-25,TK-A-001,กรุงเทพฯ,179,3444
2025-09-25,TK-A-001,ภาคกลาง,133,2788
2025-09-25,TK-A-001,ภาคตะวันออก,101,1729
2025-09-25,TK-A-001,ภาคเหนือ,87,1478
2025-09-25,TK-A-001,ภาคใต้,123,2117
2025-09-25,GL-B-014,กรุงเทพฯ,929,14548
2025-09-25,GL-B-014,ภาคกลาง,678,13280
2025-09-25,GL-B-014,ภาคตะวันออก,550,11422
2025-09-25,GL-B-014,ภาคเหนือ,515,8895
2025-09-25,GL-B-014,ภาคใต้,674,12620
2025-09-25,MK-C-028,กรุงเทพฯ,704,10625
2025-09-25,MK-C-028,ภาคกลาง,543,8943
2025-09-25,MK-C-028,ภาคตะวันออก,393,8095
2025-09-25,MK-C-028,ภาคเหนือ,375,7333
2025-09-25,MK-C-028,ภาคใต้,485,8278
2025-09-25,SY-D-039,กรุงเทพฯ,485,7562
2025-09-25,SY-D-039,ภาคกลาง,376,6670
2025-09-25,SY-D-039,ภาคตะวันออก,283,5533
2025-09-25,SY-D-039,ภาคเหนือ,245,4068
2025-09-25,SY-D-039,ภาคใต้,307,5367
2025-09-25,AG-E-052,กรุงเทพฯ,147,2471
2025-09-25,AG-E-052,ภาคกลาง,107,1944
2025-09-25,AG-E-052,ภาคตะวันออก,86,1347
2025-09-25,AG-E-052,ภาคเหนือ,72,1391
2025-09-25,AG-E-052,ภาคใต้,91,1800
2025-09-26,TK-A-001,กรุงเทพฯ,191,3723
2025-09-26,TK-A-001,ภาคกลาง,156,2505
2025-09-26,TK-A-001,ภาคตะวันออก,113,1725
2025-09-26,TK-A-001,ภาคเหนือ,96,1921
2025-09-26,TK-A-001,ภาคใต้,127,2002
2025-09-26,GL-B-014,กรุงเทพฯ,851,17987
2025-09-26,GL-B-014,ภาคกลาง,715,13438
2025-09-26,GL-B-014,ภาคตะวันออก,532,10385
2025-09-26,GL-B-014,ภาคเหนือ,453,10031
2025-09-26,GL-B-014,ภาคใต้,602,12517
2025-09-26,MK-C-028,กรุงเทพฯ,696,11718
2025-09-26,MK-C-028,ภาคกลาง,544,11024
2025-09-26,MK-C-028,ภาคตะวันออก,373,8290
2025-09-26,MK-C-028,ภาคเหนือ,365,5735
2025-09-26,MK-C-028,ภาคใต้,473,8379
2025-09-26,SY-D-039,กรุงเทพฯ,480,7303
2025-09-26,SY-D-039,ภาคกลาง,359,6179
2025-09-26,SY-D-039,ภาคตะวันออก,250,5574
2025-09-26,SY-D-039,ภาคเหนือ,216,4153
2025-09-26,SY-D-039,ภาคใต้,324,4969
2025-09-26,AG-E-052,กรุงเทพฯ,136,2536
2025-09-26,AG-E-052,ภาคกลาง,108,2073
2025-09-26,AG-E-052,ภาคตะวันออก,78,1251
2025-09-26,AG-E-052,ภาคเหนือ,78,1295
2025-09-26,AG-E-052,ภาคใต้,88,1748
2025-09-27,TK-A-001,กรุงเทพฯ,187,3621
2025-09-27,TK-A-001,ภาคกลาง,140,2345
2025-09-27,TK-A-001,ภาคตะวันออก,108,1693
2025-09-27,TK-A-001,ภาคเหนือ,90,1845
2025-09-27,TK-A-001,ภาคใต้,115,2376
2025-09-27,GL-B-014,กรุงเทพฯ,932,17852
2025-09-27,GL-B-014,ภาคกลาง,770,14207
2025-09-27,GL-B-014,ภาคตะวันออก,583,10120
2025-09-27,GL-B-014,ภาคเหนือ,508,9046
2025-09-27,GL-B-014,ภาคใต้,638,12631
2025-09-27,MK-C-028,กรุงเทพฯ,645,11196
2025-09-27,MK-C-028,ภาคกลาง,530,8341
2025-09-27,MK-C-028,ภาคตะวันออก,394,6599
2025-09-27,MK-C-028,ภาคเหนือ,362,6935
2025-09-27,MK-C-028,ภาคใต้,462,8420
2025-09-27,SY-D-039,กรุงเทพฯ,441,9176
2025-09-27,SY-D-039,ภาคกลาง,350,5740
2025-09-27,SY-D-039,ภาคตะวันออก,269,5382
2025-09-27,SY-D-039,ภาคเหนือ,252,4359
2025-09-27,SY-D-039,ภาคใต้,283,5985
2025-09-27,AG-E-052,กรุงเทพฯ,146,2453
2025-09-27,AG-E-052,ภาคกลาง,103,1786
2025-09-27,AG-E-052,ภาคตะวันออก,80,1421
2025-09-27,AG-E-052,ภาคเหนือ,73,1236
2025-09-27,AG-E-052,ภาคใต้,83,1668
2025-09-28,TK-A-001,กรุงเทพฯ,178,3058
2025-09-28,TK-A-001,ภาคกลาง,133,2444
2025-09-28,TK-A-001,ภาคตะวันออก,109,1705
2025-09-28,TK-A-001,ภาคเหนือ,101,1583
2025-09-28,TK-A-001,ภาคใต้,127,2197
2025-09-28,GL-B-014,กรุงเทพฯ,958,14428
2025-09-28,GL-B-014,ภาคกลาง,677,11949
2025-09-28,GL-B-014,ภาคตะวันออก,561,9530
2025-09-28,GL-B-014,ภาคเหนือ,485,9991
2025-09-28,GL-B-014,ภาคใต้,660,9729
2025-09-28,MK-C-028,กรุงเทพฯ,688,10994
2025-09-28,MK-C-028,ภาคกลาง,512,10428
2025-09-28,MK-C-028,ภาคตะวันออก,414,6895
2025-09-28,MK-C-028,ภาคเหนือ,371,7264
2025-09-28,MK-C-028,ภาคใต้,446,9022
2025-09-28,SY-D-039,กรุงเทพฯ,468,8322
2025-09-28,SY-D-039,ภาคกลาง,381,6457
2025-09-28,SY-D-039,ภาคตะวันออก,274,4150
2025-09-28,SY-D-039,ภาคเหนือ,218,4042
2025-09-28,SY-D-039,ภาคใต้,319,5083
2025-09-28,AG-E-052,กรุงเทพฯ,147,2382
2025-09-28,AG-E-052,ภาคกลาง,105,1876
2025-09-28,AG-E-052,ภาคตะวันออก,84,1377
2025-09-28,AG-E-052,ภาคเหนือ,77,1163
2025-09-28,AG-E-052,ภาคใต้,81,1526
2025-09-29,TK-A-001,กรุงเทพฯ,197,3320
2025-09-29,TK-A-001,ภาคกลาง,144,2418
2025-09-29,TK-A-001,ภาคตะวันออก,99,1876
2025-09-29,TK-A-001,ภาคเหนือ,89,1568
2025-09-29,TK-A-001,ภาคใต้,110,2095
2025-09-29,GL-B-014,กรุงเทพฯ,850,16579
2025-09-29,GL-B-014,ภาคกลาง,676,14810
2025-09-29,GL-B-014,ภาคตะวันออก,575,11492
2025-09-29,GL-B-014,ภาคเหนือ,496,7737
2025-09-29,GL-B-014,ภาคใต้,651,12278
2025-09-29,MK-C-028,กรุงเทพฯ,678,11418
2025-09-29,MK-C-028,ภาคกลาง,584,9197
2025-09-29,MK-C-028,ภาคตะวันออก,394,8316
2025-09-29,MK-C-028,ภาคเหนือ,387,6845
2025-09-29,MK-C-028,ภาคใต้,434,7191
2025-09-29,SY-D-039,กรุงเทพฯ,481,8362
2025-09-29,SY-D-039,ภาคกลาง,338,5678
2025-09-29,SY-D-039,ภาคตะวันออก,243,4852
2025-09-29,SY-D-039,ภาคเหนือ,228,4664
2025-09-29,SY-D-039,ภาคใต้,306,4679
2025-09-29,AG-E-052,กรุงเทพฯ,141,2633
2025-09-29,AG-E-052,ภาคกลาง,107,2070
2025-09-29,AG-E-052,ภาคตะวันออก,76,1503
2025-09-29,AG-E-052,ภาคเหนือ,73,1420
2025-09-29,AG-E-052,ภาคใต้,90,1515
2025-09-30,TK-A-001,กรุงเทพฯ,174,3453
2025-09-30,TK-A-001,ภาคกลาง,155,2561
2025-09-30,TK-A-001,ภาคตะวันออก,111,1762
2025-09-30,TK-A-001,ภาคเหนือ,95,1852
2025-09-30,TK-A-001,ภาคใต้,124,2321
2025-09-30,GL-B-014,กรุงเทพฯ,942,17504
2025-09-30,GL-B-014,ภาคกลาง,815,14752
2025-09-30,GL-B-014,ภาคตะวันออก,516,10809
2025-09-30,GL-B-014,ภาคเหนือ,539,10145
2025-09-30,GL-B-014,ภาคใต้,606,11452
2025-09-30,MK-C-028,กรุงเทพฯ,712,10844
2025-09-30,MK-C-028,ภาคกลาง,556,9877
2025-09-30,MK-C-028,ภาคตะวันออก,368,7280
2025-09-30,MK-C-028,ภาคเหนือ,369,7355
2025-09-30,MK-C-028,ภาคใต้,466,8218
2025-09-30,SY-D-039,กรุงเทพฯ,479,8547
2025-09-30,SY-D-039,ภาคกลาง,351,6854
2025-09-30,SY-D-039,ภาคตะวันออก,287,4764
2025-09-30,SY-D-039,ภาคเหนือ,230,3703
2025-09-30,SY-D-039,ภาคใต้,311,5041
2025-09-30,AG-E-052,กรุงเทพฯ,130,2247
2025-09-30,AG-E-052,ภาคกลาง,109,1676
2025-09-30,AG-E-052,ภาคตะวันออก,74,1480
2025-09-30,AG-E-052,ภาคเหนือ,67,1448
2025-09-30,AG-E-052,ภาคใต้,99,1639
2025-10-01,TK-A-001,กรุงเทพฯ,169,3668
2025-10-01,TK-A-001,ภาคกลาง,144,2743
2025-10-01,TK-A-001,ภาคตะวันออก,104,2167
2025-10-01,TK-A-001,ภาคเหนือ,96,1958
2025-10-01,TK-A-001,ภาคใต้,117,2418
2025-10-01,GL-B-014,กรุงเทพฯ,961,15382
2025-10-01,GL-B-014,ภาคกลาง,735,12933
2025-10-01,GL-B-014,ภาคตะวันออก,522,9346
2025-10-01,GL-B-014,ภาคเหนือ,471,8276
2025-10-01,GL-B-014,ภาคใต้,679,12259
2025-10-01,MK-C-028,กรุงเทพฯ,640,13293
2025-10-01,MK-C-028,ภาคกลาง,531,8880
2025-10-01,MK-C-028,ภาคตะวันออก,423,7265
2025-10-01,MK-C-028,ภาคเหนือ,351,7090
2025-10-01,MK-C-028,ภาคใต้,440,9178
2025-10-01,SY-D-039,กรุงเทพฯ,466,9060
2025-10-01,SY-D-039,ภาคกลาง,345,6104
2025-10-01,SY-D-039,ภาคตะวันออก,285,5551
2025-10-01,SY-D-039,ภาคเหนือ,226,4397
2025-10-01,SY-D-039,ภาคใต้,322,5336
2025-10-01,AG-E-052,กรุงเทพฯ,143,2311
2025-10-01,AG-E-052,ภาคกลาง,115,1908
2025-10-01,AG-E-052,ภาคตะวันออก,74,1527
2025-10-01,AG-E-052,ภาคเหนือ,78,1385
2025-10-01,AG-E-052,ภาคใต้,99,1549
2025-10-02,TK-A-001,กรุงเทพฯ,195,3356
2025-10-02,TK-A-001,ภาคกลาง,145,2367
2025-10-02,TK-A-001,ภาคตะวันออก,118,2189
2025-10-02,TK-A-001,ภาคเหนือ,105,1512
2025-10-02,TK-A-001,ภาคใต้,125,1973
2025-10-02,GL-B-014,กรุงเทพฯ,943,16760
2025-10-02,GL-B-014,ภาคกลาง,722,13148
2025-10-02,GL-B-014,ภาคตะวันออก,528,10220
2025-10-02,GL-B-014,ภาคเหนือ,506,8271
2025-10-02,GL-B-014,ภาคใต้,575,9560
2025-10-02,MK-C-028,กรุงเทพฯ,675,12939
2025-10-02,MK-C-028,ภาคกลาง,570,8405
2025-10-02,MK-C-028,ภาคตะวันออก,365,6783
2025-10-02,MK-C-028,ภาคเหนือ,325,7272
2025-10-02,MK-C-028,ภาคใต้,465,7177
2025-10-02,SY-D-039,กรุงเทพฯ,483,8206
2025-10-02,SY-D-039,ภาคกลาง,359,6347
2025-10-02,SY-D-039,ภาคตะวันออก,254,5555
2025-10-02,SY-D-039,ภาคเหนือ,226,4872
2025-10-02,SY-D-039,ภาคใต้,308,5887
2025-10-02,AG-E-052,กรุงเทพฯ,133,2680
2025-10-02,AG-E-052,ภาคกลาง,101,1828
2025-10-02,AG-E-052,ภาคตะวันออก,76,1393
2025-10-02,AG-E-052,ภาคเหนือ,73,1474
2025-10-02,AG-E-052,ภาคใต้,82,1780
2025-10-03,TK-A-001,กรุงเทพฯ,165,3092
2025-10-03,TK-A-001,ภาคกลาง,133,2705
2025-10-03,TK-A-001,ภาคตะวันออก,112,2065
2025-10-03,TK-A-001,ภาคเหนือ,99,1637
2025-10-03,TK-A-001,ภาคใต้,119,2281
2025-10-03,GL-B-014,กรุงเทพฯ,873,15514
2025-10-03,GL-B-014,ภาคกลาง,762,11523
2025-10-03,GL-B-014,ภาคตะวันออก,504,9480
2025-10-03,GL-B-014,ภาคเหนือ,453,8284
2025-10-03,GL-B-014,ภาคใต้,655,9639
2025-10-03,MK-C-028,กรุงเทพฯ,681,12188
2025-10-03,MK-C-028,ภาคกลาง,548,9206
2025-10-03,MK-C-028,ภาคตะวันออก,401,6643
2025-10-03,MK-C-028,ภาคเหนือ,337,6624
2025-10-03,MK-C-028,ภาคใต้,473,7270
2025-10-03,SY-D-039,กรุงเทพฯ,440,6890
2025-10-03,SY-D-039,ภาคกลาง,339,6000
2025-10-03,SY-D-039,ภาคตะวันออก,281,4779
2025-10-03,SY-D-039,ภาคเหนือ,228,4809
2025-10-03,SY-D-039,ภาคใต้,316,5776
2025-10-03,AG-E-052,กรุงเทพฯ,124,2566
2025-10-03,AG-E-052,ภาคกลาง,101,2069
2025-10-03,AG-E-052,ภาคตะวันออก,88,1425
2025-10-03,AG-E-052,ภาคเหนือ,65,1229
2025-10-03,AG-E-052,ภาคใต้,83,1788
2025-10-04,TK-A-001,กรุงเทพฯ,183,3105
2025-10-04,TK-A-001,ภาคกลาง,156,2959
2025-10-04,TK-A-001,ภาคตะวันออก,111,2111
2025-10-04,TK-A-001,ภาคเหนือ,91,1585
2025-10-04,TK-A-001,ภาคใต้,112,2368
2025-10-04,GL-B-014,กรุงเทพฯ,881,15259
2025-10-04,GL-B-014,ภาคกลาง,789,11775
2025-10-04,GL-B-014,ภาคตะวันออก,601,8832
2025-10-04,GL-B-014,ภาคเหนือ,511,9144
2025-10-04,GL-B-014,ภาคใต้,647,9523
2025-10-04,MK-C-028,กรุงเทพฯ,735,10797
2025-10-04,MK-C-028,ภาคกลาง,540,10406
2025-10-04,MK-C-028,ภาคตะวันออก,376,8028
2025-10-04,MK-C-028,ภาคเหนือ,361,6878
2025-10-04,MK-C-028,ภาคใต้,407,8238
2025-10-04,SY-D-039,กรุงเทพฯ,464,7292
2025-10-04,SY-D-039,ภาคกลาง,390,5935
2025-10-04,SY-D-039,ภาคตะวันออก,270,5345
2025-10-04,SY-D-039,ภาคเหนือ,255,4806
2025-10-04,SY-D-039,ภาคใต้,278,5424
2025-10-04,AG-E-052,กรุงเทพฯ,142,2479
2025-10-04,AG-E-052,ภาคกลาง,106,1962
2025-10-04,AG-E-052,ภาคตะวันออก,83,1437
2025-10-04,AG-E-052,ภาคเหนือ,75,1444
2025-10-04,AG-E-052,ภาคใต้,92,1758
2025-10-05,TK-A-001,กรุงเทพฯ,190,3195
2025-10-05,TK-A-001,ภาคกลาง,140,2724
2025-10-05,TK-A-001,ภาคตะวันออก,115,2123
2025-10-05,TK-A-001,ภาคเหนือ,94,1851
2025-10-05,TK-A-001,ภาคใต้,131,2000
2025-10-05,GL-B-014,กรุงเทพฯ,961,14711
2025-10-05,GL-B-014,ภาคกลาง,679,12553
2025-10-05,GL-B-014,ภาคตะวันออก,541,9246
2025-10-05,GL-B-014,ภาคเหนือ,490,9289
2025-10-05,GL-B-014,ภาคใต้,654,12007
2025-10-05,MK-C-028,กรุงเทพฯ,668,11660
2025-10-05,MK-C-028,ภาคกลาง,541,8429
2025-10-05,MK-C-028,ภาคตะวันออก,410,8304
2025-10-05,MK-C-028,ภาคเหนือ,350,6329
2025-10-05,MK-C-028,ภาคใต้,445,7472
2025-10-05,SY-D-039,กรุงเทพฯ,457,7008
2025-10-05,SY-D-039,ภาคกลาง,366,6367
2025-10-05,SY-D-039,ภาคตะวันออก,284,4166
2025-10-05,SY-D-039,ภาคเหนือ,262,3690
2025-10-05,SY-D-039,ภาคใต้,274,5055
2025-10-05,AG-E-052,กรุงเทพฯ,142,2679
2025-10-05,AG-E-052,ภาคกลาง,111,1685
2025-10-05,AG-E-052,ภาคตะวันออก,89,1645
2025-10-05,AG-E-052,ภาคเหนือ,76,1213
2025-10-05,AG-E-052,ภาคใต้,87,1770
2025-10-06,TK-A-001,กรุงเทพฯ,191,2850
2025-10-06,TK-A-001,ภาคกลาง,134,2367
2025-10-06,TK-A-001,ภาคตะวันออก,112,1826
2025-10-06,TK-A-001,ภาคเหนือ,87,1841
2025-10-06,TK-A-001,ภาคใต้,118,2079
2025-10-06,GL-B-014,กรุงเทพฯ,856,16544
2025-10-06,GL-B-014,ภาคกลาง,803,13963
2025-10-06,GL-B-014,ภาคตะวันออก,580,8840
2025-10-06,GL-B-014,ภาคเหนือ,494,8601
2025-10-06,GL-B-014,ภาคใต้,624,11524
2025-10-06,MK-C-028,กรุงเทพฯ,626,10798
2025-10-06,MK-C-028,ภาคกลาง,544,10103
2025-10-06,MK-C-028,ภาคตะวันออก,426,7433
2025-10-06,MK-C-028,ภาคเหนือ,344,6341
2025-10-06,MK-C-028,ภาคใต้,450,8146
2025-10-06,SY-D-039,กรุงเทพฯ,430,8525
2025-10-06,SY-D-039,ภาคกลาง,380,5713
2025-10-06,SY-D-039,ภาคตะวันออก,243,5038
2025-10-06,SY-D-039,ภาคเหนือ,238,3751
2025-10-06,SY-D-039,ภาคใต้,273,5236
2025-10-06,AG-E-052,กรุงเทพฯ,132,2572
2025-10-06,AG-E-052,ภาคกลาง,116,1920
2025-10-06,AG-E-052,ภาคตะวันออก,77,1277
2025-10-06,AG-E-052,ภาคเหนือ,67,1275
2025-10-06,AG-E-052,ภาคใต้,88,1587
2025-10-07,TK-A-001,กรุงเทพฯ,192,3711
2025-10-07,TK-A-001,ภาคกลาง,142,2723
2025-10-07,TK-A-001,ภาคตะวันออก,112,1753
2025-10-07,TK-A-001,ภาคเหนือ,103,1865
2025-10-07,TK-A-001,ภาคใต้,131,2344
2025-10-07,GL-B-014,กรุงเทพฯ,847,15948
2025-10-07,GL-B-014,ภาคกลาง,785,13177
2025-10-07,GL-B-014,ภาคตะวันออก,518,9989
2025-10-07,GL-B-014,ภาคเหนือ,482,8433
2025-10-07,GL-B-014,ภาคใต้,655,12458
2025-10-07,MK-C-028,กรุงเทพฯ,718,10349
2025-10-07,MK-C-028,ภาคกลาง,586,10544
2025-10-07,MK-C-028,ภาคตะวันออก,374,7944
2025-10-07,MK-C-028,ภาคเหนือ,365,5851
2025-10-07,MK-C-028,ภาคใต้,453,7827
2025-10-07,SY-D-039,กรุงเทพฯ,409,7870
2025-10-07,SY-D-039,ภาคกลาง,387,6825
2025-10-07,SY-D-039,ภาคตะวันออก,274,4244
2025-10-07,SY-D-039,ภาคเหนือ,249,4204
2025-10-07,SY-D-039,ภาคใต้,322,5910
2025-10-07,AG-E-052,กรุงเทพฯ,129,2523
2025-10-07,AG-E-052,ภาคกลาง,105,1905
2025-10-07,AG-E-052,ภาคตะวันออก,86,1338
2025-10-07,AG-E-052,ภาคเหนือ,78,1278
2025-10-07,AG-E-052,ภาคใต้,87,1447
2025-10-08,TK-A-001,กรุงเทพฯ,178,2834
2025-10-08,TK-A-001,ภาคกลาง,143,2923
2025-10-08,TK-A-001,ภาคตะวันออก,114,1685
2025-10-08,TK-A-001,ภาคเหนือ,96,1822
2025-10-08,TK-A-001,ภาคใต้,113,2465
2025-10-08,GL-B-014,กรุงเทพฯ,966,17853
2025-10-08,GL-B-014,ภาคกลาง,736,11498
2025-10-08,GL-B-014,ภาคตะวันออก,542,9623
2025-10-08,GL-B-014,ภาคเหนือ,447,8378
2025-10-08,GL-B-014,ภาคใต้,668,11751
2025-10-08,MK-C-028,กรุงเทพฯ,721,13562
2025-10-08,MK-C-028,ภาคกลาง,562,8932
2025-10-08,MK-C-028,ภาคตะวันออก,414,7795
2025-10-08,MK-C-028,ภาคเหนือ,381,5519
2025-10-08,MK-C-028,ภาคใต้,466,8728
2025-10-08,SY-D-039,กรุงเทพฯ,475,7138
2025-10-08,SY-D-039,ภาคกลาง,330,6900
2025-10-08,SY-D-039,ภาคตะวันออก,250,5497
2025-10-08,SY-D-039,ภาคเหนือ,251,4896
2025-10-08,SY-D-039,ภาคใต้,313,6131
2025-10-08,AG-E-052,กรุงเทพฯ,144,2644
2025-10-08,AG-E-052,ภาคกลาง,99,1732
2025-10-08,AG-E-052,ภาคตะวันออก,77,1480
2025-10-08,AG-E-052,ภาคเหนือ,75,1432
2025-10-08,AG-E-052,ภาคใต้,82,1388
2025-10-09,TK-A-001,กรุงเทพฯ,184,3429
2025-10-09,TK-A-001,ภาคกลาง,154,2338
2025-10-09,TK-A-001,ภาคตะวันออก,116,1947
2025-10-09,TK-A-001,ภาคเหนือ,94,1699
2025-10-09,TK-A-001,ภาคใต้,123,2270
2025-10-09,GL-B-014,กรุงเทพฯ,957,17520
2025-10-09,GL-B-014,ภาคกลาง,695,12712
2025-10-09,GL-B-014,ภาคตะวันออก,520,10416
2025-10-09,GL-B-014,ภาคเหนือ,529,8149
2025-10-09,GL-B-014,ภาคใต้,642,12489
2025-10-09,MK-C-028,กรุงเทพฯ,725,10655
2025-10-09,MK-C-028,ภาคกลาง,528,8948
2025-10-09,MK-C-028,ภาคตะวันออก,408,6663
2025-10-09,MK-C-028,ภาคเหนือ,371,6935
2025-10-09,MK-C-028,ภาคใต้,407,7132
2025-10-09,SY-D-039,กรุงเทพฯ,478,8657
2025-10-09,SY-D-039,ภาคกลาง,335,6634
2025-10-09,SY-D-039,ภาคตะวันออก,247,5410
2025-10-09,SY-D-039,ภาคเหนือ,247,3681
2025-10-09,SY-D-039,ภาคใต้,308,4666
2025-10-09,AG-E-052,กรุงเทพฯ,139,2790
2025-10-09,AG-E-052,ภาคกลาง,109,2186
2025-10-09,AG-E-052,ภาคตะวันออก,85,1283
2025-10-09,AG-E-052,ภาคเหนือ,78,1260
2025-10-09,AG-E-052,ภาคใต้,92,1523
2025-10-10,TK-A-001,กรุงเทพฯ,183,3120
2025-10-10,TK-A-001,ภาคกลาง,133,2376
2025-10-10,TK-A-001,ภาคตะวันออก,101,1741
2025-10-10,TK-A-001,ภาคเหนือ,94,1687
2025-10-10,TK-A-001,ภาคใต้,120,2393
2025-10-10,GL-B-014,กรุงเทพฯ,865,15298
2025-10-10,GL-B-014,ภาคกลาง,704,13995
2025-10-10,GL-B-014,ภาคตะวันออก,585,11054
2025-10-10,GL-B-014,ภาคเหนือ,522,8179
2025-10-10,GL-B-014,ภาคใต้,567,12600
2025-10-10,MK-C-028,กรุงเทพฯ,675,11333
2025-10-10,MK-C-028,ภาคกลาง,551,10136
2025-10-10,MK-C-028,ภาคตะวันออก,425,7999
2025-10-10,MK-C-028,ภาคเหนือ,352,7124
2025-10-10,MK-C-028,ภาคใต้,453,7941
2025-10-10,SY-D-039,กรุงเทพฯ,441,7284
2025-10-10,SY-D-039,ภาคกลาง,359,7182
2025-10-10,SY-D-039,ภาคตะวันออก,291,4297
2025-10-10,SY-D-039,ภาคเหนือ,256,4531
2025-10-10,SY-D-039,ภาคใต้,292,4782
2025-10-10,AG-E-052,กรุงเทพฯ,124,2592
2025-10-10,AG-E-052,ภาคกลาง,110,1898
2025-10-10,AG-E-052,ภาคตะวันออก,74,1583
2025-10-10,AG-E-052,ภาคเหนือ,73,1241
2025-10-10,AG-E-052,ภาคใต้,86,1590
2025-10-11,TK-A-001,กรุงเทพฯ,177,2861
2025-10-11,TK-A-001,ภาคกลาง,145,2308
2025-10-11,TK-A-001,ภาคตะวันออก,114,1752
2025-10-11,TK-A-001,ภาคเหนือ,89,1565
2025-10-11,TK-A-001,ภาคใต้,127,1888
2025-10-11,GL-B-014,กรุงเทพฯ,1002,18438
2025-10-11,GL-B-014,ภาคกลาง,690,11939
2025-10-11,GL-B-014,ภาคตะวันออก,560,11083
2025-10-11,GL-B-014,ภาคเหนือ,525,8042
2025-10-11,GL-B-014,ภาคใต้,598,10011
2025-10-11,MK-C-028,กรุงเทพฯ,706,12362
2025-10-11,MK-C-028,ภาคกลาง,535,10104
2025-10-11,MK-C-028,ภาคตะวันออก,412,6424
2025-10-11,MK-C-028,ภาคเหนือ,395,7259
2025-10-11,MK-C-028,ภาคใต้,475,7943
2025-10-11,SY-D-039,กรุงเทพฯ,491,8792
2025-10-11,SY-D-039,ภาคกลาง,336,5549
2025-10-11,SY-D-039,ภาคตะวันออก,277,5436
2025-10-11,SY-D-039,ภาคเหนือ,256,3707
2025-10-11,SY-D-039,ภาคใต้,281,5106
2025-10-11,AG-E-052,กรุงเทพฯ,127,2463
2025-10-11,AG-E-052,ภาคกลาง,114,1954
2025-10-11,AG-E-052,ภาคตะวันออก,84,1657
2025-10-11,AG-E-052,ภาคเหนือ,77,1428
2025-10-11,AG-E-052,ภาคใต้,92,1588
2025-10-12,TK-A-001,กรุงเทพฯ,195,3032
2025-10-12,TK-A-001,ภาคกลาง,133,2889
2025-10-12,TK-A-001,ภาคตะวันออก,99,1894
2025-10-12,TK-A-001,ภาคเหนือ,88,1873
2025-10-12,TK-A-001,ภาคใต้,116,2178
2025-10-12,GL-B-014,กรุงเทพฯ,922,17958
2025-10-12,GL-B-014,ภาคกลาง,723,13496
2025-10-12,GL-B-014,ภาคตะวันออก,609,10889
2025-10-12,GL-B-014,ภาคเหนือ,543,7833
2025-10-12,GL-B-014,ภาคใต้,673,11315
2025-10-12,MK-C-028,กรุงเทพฯ,741,10535
2025-10-12,MK-C-028,ภาคกลาง,563,8456
2025-10-12,MK-C-028,ภาคตะวันออก,427,6490
2025-10-12,MK-C-028,ภาคเหนือ,386,6943
2025-10-12,MK-C-028,ภาคใต้,476,7777
2025-10-12,SY-D-039,กรุงเทพฯ,444,8334
2025-10-12,SY-D-039,ภาคกลาง,341,7388
2025-10-12,SY-D-039,ภาคตะวันออก,279,4309
2025-10-12,SY-D-039,ภาคเหนือ,220,4209
2025-10-12,SY-D-039,ภาคใต้,308,4767
2025-10-12,AG-E-052,กรุงเทพฯ,133,2767
2025-10-12,AG-E-052,ภาคกลาง,112,1855
2025-10-12,AG-E-052,ภาคตะวันออก,73,1653
2025-10-12,AG-E-052,ภาคเหนือ,75,1158
2025-10-12,AG-E-052,ภาคใต้,83,1631
2025-10-13,TK-A-001,กรุงเทพฯ,186,3684
2025-10-13,TK-A-001,ภาคกลาง,135,2787
2025-10-13,TK-A-001,ภาคตะวันออก,98,2016
2025-10-13,TK-A-001,ภาคเหนือ,92,1531
2025-10-13,TK-A-001,ภาคใต้,119,2483
2025-10-13,GL-B-014,กรุงเทพฯ,963,19108
2025-10-13,GL-B-014,ภาคกลาง,733,15329
2025-10-13,GL-B-014,ภาคตะวันออก,527,9699
2025-10-13,GL-B-014,ภาคเหนือ,541,8129
2025-10-13,GL-B-014,ภาคใต้,576,11114
2025-10-13,MK-C-028,กรุงเทพฯ,697,13577
2025-10-13,MK-C-028,ภาคกลาง,521,9043
2025-10-13,MK-C-028,ภาคตะวันออก,397,7746
2025-10-13,MK-C-028,ภาคเหนือ,365,6175
2025-10-13,MK-C-028,ภาคใต้,440,8132
2025-10-13,SY-D-039,กรุงเทพฯ,482,7513
2025-10-13,SY-D-039,ภาคกลาง,331,6241
2025-10-13,SY-D-039,ภาคตะวันออก,245,4515
2025-10-13,SY-D-039,ภาคเหนือ,246,4105
2025-10-13,SY-D-039,ภาคใต้,308,5678
2025-10-13,AG-E-052,กรุงเทพฯ,126,2533
2025-10-13,AG-E-052,ภาคกลาง,117,1774
2025-10-13,AG-E-052,ภาคตะวันออก,73,1484
2025-10-13,AG-E-052,ภาคเหนือ,67,1486
2025-10-13,AG-E-052,ภาคใต้,81,1831
2025-10-14,TK-A-001,กรุงเทพฯ,182,2759
2025-10-14,TK-A-001,ภาคกลาง,135,2255
2025-10-14,TK-A-001,ภาคตะวันออก,118,1811
2025-10-14,TK-A-001,ภาคเหนือ,98,1818
2025-10-14,TK-A-001,ภาคใต้,126,1857
2025-10-14,GL-B-014,กรุงเทพฯ,908,18858
2025-10-14,GL-B-014,ภาคกลาง,735,13911
2025-10-14,GL-B-014,ภาคตะวันออก,584,10996
2025-10-14,GL-B-014,ภาคเหนือ,475,10209
2025-10-14,GL-B-014,ภาคใต้,630,11034
2025-10-14,MK-C-028,กรุงเทพฯ,721,13053
2025-10-14,MK-C-028,ภาคกลาง,562,11058
2025-10-14,MK-C-028,ภาคตะวันออก,372,7622
2025-10-14,MK-C-028,ภาคเหนือ,387,7332
2025-10-14,MK-C-028,ภาคใต้,460,8087
2025-10-14,SY-D-039,กรุงเทพฯ,432,6941
2025-10-14,SY-D-039,ภาคกลาง,332,7177
2025-10-14,SY-D-039,ภาคตะวันออก,292,5176
2025-10-14,SY-D-039,ภาคเหนือ,218,4412
2025-10-14,SY-D-039,ภาคใต้,284,5374
2025-10-14,AG-E-052,กรุงเทพฯ,131,2316
2025-10-14,AG-E-052,ภาคกลาง,100,1682
2025-10-14,AG-E-052,ภาคตะวันออก,79,1341
2025-10-14,AG-E-052,ภาคเหนือ,72,1169
2025-10-14,AG-E-052,ภาคใต้,87,1761
2025-10-15,TK-A-001,กรุงเทพฯ,190,3151
2025-10-15,TK-A-001,ภาคกลาง,153,2262
2025-10-15,TK-A-001,ภาคตะวันออก,112,2024
2025-10-15,TK-A-001,ภาคเหนือ,100,1929
2025-10-15,TK-A-001,ภาคใต้,127,2073
2025-10-15,GL-B-014,กรุงเทพฯ,935,18655
2025-10-15,GL-B-014,ภาคกลาง,785,11640
2025-10-15,GL-B-014,ภาคตะวันออก,531,9900
2025-10-15,GL-B-014,ภาคเหนือ,477,7756
2025-10-15,GL-B-014,ภาคใต้,582,11231
2025-10-15,MK-C-028,กรุงเทพฯ,619,13126
2025-10-15,MK-C-028,ภาคกลาง,516,10081
2025-10-15,MK-C-028,ภาคตะวันออก,390,6674
2025-10-15,MK-C-028,ภาคเหนือ,355,7321
2025-10-15,MK-C-028,ภาคใต้,483,7464
2025-10-15,SY-D-039,กรุงเทพฯ,422,7161
2025-10-15,SY-D-039,ภาคกลาง,380,6895
2025-10-15,SY-D-039,ภาคตะวันออก,260,4348
2025-10-15,SY-D-039,ภาคเหนือ,250,4645
2025-10-15,SY-D-039,ภาคใต้,299,5433
2025-10-15,AG-E-052,กรุงเทพฯ,143,2600
2025-10-15,AG-E-052,ภาคกลาง,101,1883
2025-10-15,AG-E-052,ภาคตะวันออก,86,1477
2025-10-15,AG-E-052,ภาคเหนือ,65,1376
2025-10-15,AG-E-052,ภาคใต้,91,1604
2025-10-16,TK-A-001,กรุงเทพฯ,190,2996
2025-10-16,TK-A-001,ภาคกลาง,130,2628
2025-10-16,TK-A-001,ภาคตะวันออก,107,1788
2025-10-16,TK-A-001,ภาคเหนือ,102,1669
2025-10-16,TK-A-001,ภาคใต้,129,2392
2025-10-16,GL-B-014,กรุงเทพฯ,958,17706
2025-10-16,GL-B-014,ภาคกลาง,719,14897
2025-10-16,GL-B-014,ภาคตะวันออก,590,8724
2025-10-16,GL-B-014,ภาคเหนือ,534,8189
2025-10-16,GL-B-014,ภาคใต้,598,12050
2025-10-16,MK-C-028,กรุงเทพฯ,628,10944
2025-10-16,MK-C-028,ภาคกลาง,504,9921
2025-10-16,MK-C-028,ภาคตะวันออก,372,7398
2025-10-16,MK-C-028,ภาคเหนือ,343,7130
2025-10-16,MK-C-028,ภาคใต้,487,7014
2025-10-16,SY-D-039,กรุงเทพฯ,443,7938
2025-10-16,SY-D-039,ภาคกลาง,325,6764
2025-10-16,SY-D-039,ภาคตะวันออก,284,4468
2025-10-16,SY-D-039,ภาคเหนือ,259,4384
2025-10-16,SY-D-039,ภาคใต้,314,4838
2025-10-16,AG-E-052,กรุงเทพฯ,125,2360
2025-10-16,AG-E-052,ภาคกลาง,101,1715
2025-10-16,AG-E-052,ภาคตะวันออก,87,1465
2025-10-16,AG-E-052,ภาคเหนือ,76,1209
2025-10-16,AG-E-052,ภาคใต้,97,1535
2025-10-17,TK-A-001,กรุงเทพฯ,198,3278
2025-10-17,TK-A-001,ภาคกลาง,145,2568
2025-10-17,TK-A-001,ภาคตะวันออก,104,1679
2025-10-17,TK-A-001,ภาคเหนือ,91,1531
2025-10-17,TK-A-001,ภาคใต้,118,1970
2025-10-17,GL-B-014,กรุงเทพฯ,863,16479
2025-10-17,GL-B-014,ภาคกลาง,750,13815
2025-10-17,GL-B-014,ภาคตะวันออก,612,9645
2025-10-17,GL-B-014,ภาคเหนือ,453,9260
2025-10-17,GL-B-014,ภาคใต้,653,12715
2025-10-17,MK-C-028,กรุงเทพฯ,658,13104
2025-10-17,MK-C-028,ภาคกลาง,492,8931
2025-10-17,MK-C-028,ภาคตะวันออก,384,8262
2025-10-17,MK-C-028,ภาคเหนือ,365,7451
2025-10-17,MK-C-028,ภาคใต้,444,7664
2025-10-17,SY-D-039,กรุงเทพฯ,462,7471
2025-10-17,SY-D-039,ภาคกลาง,338,6126
2025-10-17,SY-D-039,ภาคตะวันออก,271,4234
2025-10-17,SY-D-039,ภาคเหนือ,259,4937
2025-10-17,SY-D-039,ภาคใต้,320,4836
2025-10-17,AG-E-052,กรุงเทพฯ,122,2660
2025-10-17,AG-E-052,ภาคกลาง,106,1860
2025-10-17,AG-E-052,ภาคตะวันออก,75,1575
2025-10-17,AG-E-052,ภาคเหนือ,73,1427
2025-10-17,AG-E-052,ภาคใต้,92,1823
2025-10-18,TK-A-001,กรุงเทพฯ,170,3616
2025-10-18,TK-A-001,ภาคกลาง,135,2276
2025-10-18,TK-A-001,ภาคตะวันออก,114,1805
2025-10-18,TK-A-001,ภาคเหนือ,87,1757
2025-10-18,TK-A-001,ภาคใต้,123,2353
2025-10-18,GL-B-014,กรุงเทพฯ,850,15732
2025-10-18,GL-B-014,ภาคกลาง,682,13500
2025-10-18,GL-B-014,ภาคตะวันออก,536,10766
2025-10-18,GL-B-014,ภาคเหนือ,456,9302
2025-10-18,GL-B-014,ภาคใต้,651,12198
2025-10-18,MK-C-028,กรุงเทพฯ,666,13796
2025-10-18,MK-C-028,ภาคกลาง,517,10334
2025-10-18,MK-C-028,ภาคตะวันออก,370,7860
2025-10-18,MK-C-028,ภาคเหนือ,337,7147
2025-10-18,MK-C-028,ภาคใต้,446,7464
2025-10-18,SY-D-039,กรุงเทพฯ,493,8569
2025-10-18,SY-D-039,ภาคกลาง,363,6950
2025-10-18,SY-D-039,ภาคตะวันออก,294,5111
2025-10-18,SY-D-039,ภาคเหนือ,256,4569
2025-10-18,SY-D-039,ภาคใต้,286,4894
2025-10-18,AG-E-052,กรุงเทพฯ,147,2723
2025-10-18,AG-E-052,ภาคกลาง,114,1919
2025-10-18,AG-E-052,ภาคตะวันออก,75,1459
2025-10-18,AG-E-052,ภาคเหนือ,75,1425
2025-10-18,AG-E-052,ภาคใต้,87,1794
2025-10-19,TK-A-001,กรุงเทพฯ,196,3378
2025-10-19,TK-A-001,ภาคกลาง,157,2277
2025-10-19,TK-A-001,ภาคตะวันออก,116,2136
2025-10-19,TK-A-001,ภาคเหนือ,105,1551
2025-10-19,TK-A-001,ภาคใต้,116,2419
2025-10-19,GL-B-014,กรุงเทพฯ,875,16883
2025-10-19,GL-B-014,ภาคกลาง,787,15107
2025-10-19,GL-B-014,ภาคตะวันออก,509,11453
2025-10-19,GL-B-014,ภาคเหนือ,493,9355
2025-10-19,GL-B-014,ภาคใต้,679,12756
2025-10-19,MK-C-028,กรุงเทพฯ,614,13867
2025-10-19,MK-C-028,ภาคกลาง,583,10644
2025-10-19,MK-C-028,ภาคตะวันออก,389,6595
2025-10-19,MK-C-028,ภาคเหนือ,362,6005
2025-10-19,MK-C-028,ภาคใต้,464,6926
2025-10-19,SY-D-039,กรุงเทพฯ,436,7915
2025-10-19,SY-D-039,ภาคกลาง,374,5906
2025-10-19,SY-D-039,ภาคตะวันออก,276,4745
2025-10-19,SY-D-039,ภาคเหนือ,256,3675
2025-10-19,SY-D-039,ภาคใต้,306,5506
2025-10-19,AG-E-052,กรุงเทพฯ,147,2169
2025-10-19,AG-E-052,ภาคกลาง,101,1900
2025-10-19,AG-E-052,ภาคตะวันออก,82,1669
2025-10-19,AG-E-052,ภาคเหนือ,68,1109
2025-10-19,AG-E-052,ภาคใต้,98,1795
2025-10-20,TK-A-001,กรุงเทพฯ,175,3570
2025-10-20,TK-A-001,ภาคกลาง,157,2927
2025-10-20,TK-A-001,ภาคตะวันออก,109,1982
2025-10-20,TK-A-001,ภาคเหนือ,89,1987
2025-10-20,TK-A-001,ภาคใต้,126,2249
2025-10-20,GL-B-014,กรุงเทพฯ,923,14737
2025-10-20,GL-B-014,ภาคกลาง,724,11581
2025-10-20,GL-B-014,ภาคตะวันออก,557,11166
2025-10-20,GL-B-014,ภาคเหนือ,540,7685
2025-10-20,GL-B-014,ภาคใต้,656,12658
2025-10-20,MK-C-028,กรุงเทพฯ,742,12185
2025-10-20,MK-C-028,ภาคกลาง,497,10940
2025-10-20,MK-C-028,ภาคตะวันออก,411,7100
2025-10-20,MK-C-028,ภาคเหนือ,381,6702
2025-10-20,MK-C-028,ภาคใต้,451,7782
2025-10-20,SY-D-039,กรุงเทพฯ,457,8629
2025-10-20,SY-D-039,ภาคกลาง,357,6030
2025-10-20,SY-D-039,ภาคตะวันออก,246,5565
2025-10-20,SY-D-039,ภาคเหนือ,237,4560
2025-10-20,SY-D-039,ภาคใต้,294,5521
2025-10-20,AG-E-052,กรุงเทพฯ,126,2257
2025-10-20,AG-E-052,ภาคกลาง,104,1819
2025-10-20,AG-E-052,ภาคตะวันออก,84,1442
2025-10-20,AG-E-052,ภาคเหนือ,79,1358
2025-10-20,AG-E-052,ภาคใต้,96,1528
2025-10-21,TK-A-001,กรุงเทพฯ,188,3023
2025-10-21,TK-A-001,ภาคกลาง,152,2231
2025-10-21,TK-A-001,ภาคตะวันออก,110,2069
2025-10-21,TK-A-001,ภาคเหนือ,94,1853
2025-10-21,TK-A-001,ภาคใต้,130,2464
2025-10-21,GL-B-014,กรุงเทพฯ,932,16751
2025-10-21,GL-B-014,ภาคกลาง,814,12661
2025-10-21,GL-B-014,ภาคตะวันออก,509,10097
2025-10-21,GL-B-014,ภาคเหนือ,527,10089
2025-10-21,GL-B-014,ภาคใต้,650,10247
2025-10-21,MK-C-028,กรุงเทพฯ,612,12944
2025-10-21,MK-C-028,ภาคกลาง,592,9770
2025-10-21,MK-C-028,ภาคตะวันออก,396,6552
2025-10-21,MK-C-028,ภาคเหนือ,370,6304
2025-10-21,MK-C-028,ภาคใต้,409,7428
2025-10-21,SY-D-039,กรุงเทพฯ,451,9030
2025-10-21,SY-D-039,ภาคกลาง,333,6462
2025-10-21,SY-D-039,ภาคตะวันออก,251,5160
2025-10-21,SY-D-039,ภาคเหนือ,257,3880
2025-10-21,SY-D-039,ภาคใต้,303,5283
2025-10-21,AG-E-052,กรุงเทพฯ,130,2489
2025-10-21,AG-E-052,ภาคกลาง,117,2189
2025-10-21,AG-E-052,ภาคตะวันออก,86,1408
2025-10-21,AG-E-052,ภาคเหนือ,69,1143
2025-10-21,AG-E-052,ภาคใต้,84,1609
2025-10-22,TK-A-001,กรุงเทพฯ,170,3494
2025-10-22,TK-A-001,ภาคกลาง,146,2496
2025-10-22,TK-A-001,ภาคตะวันออก,102,1972
2025-10-22,TK-A-001,ภาคเหนือ,102,1838
2025-10-22,TK-A-001,ภาคใต้,125,2256
2025-10-22,GL-B-014,กรุงเทพฯ,973,18538
2025-10-22,GL-B-014,ภาคกลาง,743,14010
2025-10-22,GL-B-014,ภาคตะวันออก,602,11493
2025-10-22,GL-B-014,ภาคเหนือ,536,9181
2025-10-22,GL-B-014,ภาคใต้,569,9562
2025-10-22,MK-C-028,กรุงเทพฯ,699,11245
2025-10-22,MK-C-028,ภาคกลาง,522,9369
2025-10-22,MK-C-028,ภาคตะวันออก,396,6510
2025-10-22,MK-C-028,ภาคเหนือ,396,6072
2025-10-22,MK-C-028,ภาคใต้,458,8878
2025-10-22,SY-D-039,กรุงเทพฯ,453,7379
2025-10-22,SY-D-039,ภาคกลาง,337,6231
2025-10-22,SY-D-039,ภาคตะวันออก,261,5063
2025-10-22,SY-D-039,ภาคเหนือ,249,4023
2025-10-22,SY-D-039,ภาคใต้,306,5088
2025-10-22,AG-E-052,กรุงเทพฯ,133,2762
2025-10-22,AG-E-052,ภาคกลาง,104,1944
2025-10-22,AG-E-052,ภาคตะวันออก,83,1586
2025-10-22,AG-E-052,ภาคเหนือ,71,1113
2025-10-22,AG-E-052,ภาคใต้,88,1520
2025-10-23,TK-A-001,กรุงเทพฯ,169,2960
2025-10-23,TK-A-001,ภาคกลาง,138,2795
2025-10-23,TK-A-001,ภาคตะวันออก,103,2049
2025-10-23,TK-A-001,ภาคเหนือ,102,1833
2025-10-23,TK-A-001,ภาคใต้,124,1859
2025-10-23,GL-B-014,กรุงเทพฯ,974,17796
2025-10-23,GL-B-014,ภาคกลาง,781,13746
2025-10-23,GL-B-014,ภาคตะวันออก,559,10520
2025-10-23,GL-B-014,ภาคเหนือ,472,9560
2025-10-23,GL-B-014,ภาคใต้,569,10704
2025-10-23,MK-C-028,กรุงเทพฯ,723,12917
2025-10-23,MK-C-028,ภาคกลาง,525,8619
2025-10-23,MK-C-028,ภาคตะวันออก,385,7790
2025-10-23,MK-C-028,ภาคเหนือ,336,6931
2025-10-23,MK-C-028,ภาคใต้,449,8855
2025-10-23,SY-D-039,กรุงเทพฯ,452,9106
2025-10-23,SY-D-039,ภาคกลาง,375,7020
2025-10-23,SY-D-039,ภาคตะวันออก,281,4522
2025-10-23,SY-D-039,ภาคเหนือ,236,3922
2025-10-23,SY-D-039,ภาคใต้,272,4828
2025-10-23,AG-E-052,กรุงเทพฯ,126,2262
2025-10-23,AG-E-052,ภาคกลาง,115,1707
2025-10-23,AG-E-052,ภาคตะวันออก,75,1677
2025-10-23,AG-E-052,ภาคเหนือ,75,1387
2025-10-23,AG-E-052,ภาคใต้,82,1395
2025-10-24,TK-A-001,กรุงเทพฯ,195,3020
2025-10-24,TK-A-001,ภาคกลาง,144,2262
2025-10-24,TK-A-001,ภาคตะวันออก,102,2209
2025-10-24,TK-A-001,ภาคเหนือ,91,1863
2025-10-24,TK-A-001,ภาคใต้,122,1947
2025-10-24,GL-B-014,กรุงเทพฯ,917,16173
2025-10-24,GL-B-014,ภาคกลาง,797,11685
2025-10-24,GL-B-014,ภาคตะวันออก,611,11281
2025-10-24,GL-B-014,ภาคเหนือ,458,9870
2025-10-24,GL-B-014,ภาคใต้,673,9536
2025-10-24,MK-C-028,กรุงเทพฯ,617,10480
2025-10-24,MK-C-028,ภาคกลาง,590,9080
2025-10-24,MK-C-028,ภาคตะวันออก,392,7400
2025-10-24,MK-C-028,ภาคเหนือ,352,6865
2025-10-24,MK-C-028,ภาคใต้,475,7453
2025-10-24,SY-D-039,กรุงเทพฯ,416,7015
2025-10-24,SY-D-039,ภาคกลาง,361,5917
2025-10-24,SY-D-039,ภาคตะวันออก,270,5510
2025-10-24,SY-D-039,ภาคเหนือ,253,4030
2025-10-24,SY-D-039,ภาคใต้,279,5323
2025-10-24,AG-E-052,กรุงเทพฯ,140,2122
2025-10-24,AG-E-052,ภาคกลาง,118,2068
2025-10-24,AG-E-052,ภาคตะวันออก,80,1640
2025-10-24,AG-E-052,ภาคเหนือ,79,1468
2025-10-24,AG-E-052,ภาคใต้,90,1549
2025-10-25,TK-A-001,กรุงเทพฯ,197,3372
2025-10-25,TK-A-001,ภาคกลาง,157,2955
2025-10-25,TK-A-001,ภาคตะวันออก,115,2234
2025-10-25,TK-A-001,ภาคเหนือ,106,1951
2025-10-25,TK-A-001,ภาคใต้,127,2375
2025-10-25,GL-B-014,กรุงเทพฯ,912,15742
2025-10-25,GL-B-014,ภาคกลาง,750,13136
2025-10-25,GL-B-014,ภาคตะวันออก,503,8993
2025-10-25,GL-B-014,ภาคเหนือ,519,8275
2025-10-25,GL-B-014,ภาคใต้,662,12579
2025-10-25,MK-C-028,กรุงเทพฯ,616,11442
2025-10-25,MK-C-028,ภาคกลาง,566,10240
2025-10-25,MK-C-028,ภาคตะวันออก,383,7582
2025-10-25,MK-C-028,ภาคเหนือ,324,5692
2025-10-25,MK-C-028,ภาคใต้,436,7719
2025-10-25,SY-D-039,กรุงเทพฯ,468,7827
2025-10-25,SY-D-039,ภาคกลาง,373,7329
2025-10-25,SY-D-039,ภาคตะวันออก,285,4888
2025-10-25,SY-D-039,ภาคเหนือ,250,4957
2025-10-25,SY-D-039,ภาคใต้,324,5150
2025-10-25,AG-E-052,กรุงเทพฯ,148,2387
2025-10-25,AG-E-052,ภาคกลาง,114,2002
2025-10-25,AG-E-052,ภาคตะวันออก,75,1667
2025-10-25,AG-E-052,ภาคเหนือ,71,1428
2025-10-25,AG-E-052,ภาคใต้,81,1539
2025-10-26,TK-A-001,กรุงเทพฯ,174,3484
2025-10-26,TK-A-001,ภาคกลาง,137,2561
2025-10-26,TK-A-001,ภาคตะวันออก,101,1927
2025-10-26,TK-A-001,ภาคเหนือ,104,1927
2025-10-26,TK-A-001,ภาคใต้,126,2340
2025-10-26,GL-B-014,กรุงเทพฯ,941,17880
2025-10-26,GL-B-014,ภาคกลาง,721,12690
2025-10-26,GL-B-014,ภาคตะวันออก,512,9101
2025-10-26,GL-B-014,ภาคเหนือ,524,8415
2025-10-26,GL-B-014,ภาคใต้,645,11060
2025-10-26,MK-C-028,กรุงเทพฯ,670,10969
2025-10-26,MK-C-028,ภาคกลาง,491,9595
2025-10-26,MK-C-028,ภาคตะวันออก,420,6867
2025-10-26,MK-C-028,ภาคเหนือ,347,6696
2025-10-26,MK-C-028,ภาคใต้,451,8780
2025-10-26,SY-D-039,กรุงเทพฯ,419,9050
2025-10-26,SY-D-039,ภาคกลาง,344,6729
2025-10-26,SY-D-039,ภาคตะวันออก,256,5144
2025-10-26,SY-D-039,ภาคเหนือ,259,3956
2025-10-26,SY-D-039,ภาคใต้,277,4735
2025-10-26,AG-E-052,กรุงเทพฯ,135,2540
2025-10-26,AG-E-052,ภาคกลาง,112,2146
2025-10-26,AG-E-052,ภาคตะวันออก,88,1374
2025-10-26,AG-E-052,ภาคเหนือ,68,1120
2025-10-26,AG-E-052,ภาคใต้,85,1845
2025-10-27,TK-A-001,กรุงเทพฯ,168,3031
2025-10-27,TK-A-001,ภาคกลาง,142,2254
2025-10-27,TK-A-001,ภาคตะวันออก,110,2062
2025-10-27,TK-A-001,ภาคเหนือ,96,1529
2025-10-27,TK-A-001,ภาคใต้,117,2101
2025-10-27,GL-B-014,กรุงเทพฯ,1016,15481
2025-10-27,GL-B-014,ภาคกลาง,803,11532
2025-10-27,GL-B-014,ภาคตะวันออก,581,9862
2025-10-27,GL-B-014,ภาคเหนือ,514,8746
2025-10-27,GL-B-014,ภาคใต้,559,12660
2025-10-27,MK-C-028,กรุงเทพฯ,655,13130
2025-10-27,MK-C-028,ภาคกลาง,559,10935
2025-10-27,MK-C-028,ภาคตะวันออก,406,7498
2025-10-27,MK-C-028,ภาคเหนือ,376,5979
2025-10-27,MK-C-028,ภาคใต้,413,8276
2025-10-27,SY-D-039,กรุงเทพฯ,453,7188
2025-10-27,SY-D-039,ภาคกลาง,371,7313
2025-10-27,SY-D-039,ภาคตะวันออก,291,5481
2025-10-27,SY-D-039,ภาคเหนือ,245,4820
2025-10-27,SY-D-039,ภาคใต้,278,4973
2025-10-27,AG-E-052,กรุงเทพฯ,127,2492
2025-10-27,AG-E-052,ภาคกลาง,102,1819
2025-10-27,AG-E-052,ภาคตะวันออก,88,1357
2025-10-27,AG-E-052,ภาคเหนือ,76,1135
2025-10-27,AG-E-052,ภาคใต้,90,1733
2025-10-28,TK-A-001,กรุงเทพฯ,162,3679
2025-10-28,TK-A-001,ภาคกลาง,147,2458
2025-10-28,TK-A-001,ภาคตะวันออก,103,1823
2025-10-28,TK-A-001,ภาคเหนือ,98,1473
2025-10-28,TK-A-001,ภาคใต้,129,2355
2025-10-28,GL-B-014,กรุงเทพฯ,941,15245
2025-10-28,GL-B-014,ภาคกลาง,681,13201
2025-10-28,GL-B-014,ภาคตะวันออก,603,10139
2025-10-28,GL-B-014,ภาคเหนือ,470,10083
2025-10-28,GL-B-014,ภาคใต้,630,11538
2025-10-28,MK-C-028,กรุงเทพฯ,628,11760
2025-10-28,MK-C-028,ภาคกลาง,531,9707
2025-10-28,MK-C-028,ภาคตะวันออก,416,7715
2025-10-28,MK-C-028,ภาคเหนือ,389,6429
2025-10-28,MK-C-028,ภาคใต้,474,8057
2025-10-28,SY-D-039,กรุงเทพฯ,473,7613
2025-10-28,SY-D-039,ภาคกลาง,376,7041
2025-10-28,SY-D-039,ภาคตะวันออก,264,4226
2025-10-28,SY-D-039,ภาคเหนือ,256,3683
2025-10-28,SY-D-039,ภาคใต้,275,5008
2025-10-28,AG-E-052,กรุงเทพฯ,132,2372
2025-10-28,AG-E-052,ภาคกลาง,109,2102
2025-10-28,AG-E-052,ภาคตะวันออก,79,1511
2025-10-28,AG-E-052,ภาคเหนือ,77,1439
2025-10-28,AG-E-052,ภาคใต้,85,1632
2025-10-29,TK-A-001,กรุงเทพฯ,178,3119
2025-10-29,TK-A-001,ภาคกลาง,148,2846
2025-10-29,TK-A-001,ภาคตะวันออก,104,2022
2025-10-29,TK-A-001,ภาคเหนือ,92,1492
2025-10-29,TK-A-001,ภาคใต้,118,2439
2025-10-29,GL-B-014,กรุงเทพฯ,1010,17050
2025-10-29,GL-B-014,ภาคกลาง,785,13293
2025-10-29,GL-B-014,ภาคตะวันออก,536,9390
2025-10-29,GL-B-014,ภาคเหนือ,500,8041
2025-10-29,GL-B-014,ภาคใต้,619,12216
2025-10-29,MK-C-028,กรุงเทพฯ,734,12743
2025-10-29,MK-C-028,ภาคกลาง,486,9150
2025-10-29,MK-C-028,ภาคตะวันออก,433,7293
2025-10-29,MK-C-028,ภาคเหนือ,331,6124
2025-10-29,MK-C-028,ภาคใต้,465,7729
2025-10-29,SY-D-039,กรุงเทพฯ,481,7885
2025-10-29,SY-D-039,ภาคกลาง,366,6595
2025-10-29,SY-D-039,ภาคตะวันออก,257,4556
2025-10-29,SY-D-039,ภาคเหนือ,258,4499
2025-10-29,SY-D-039,ภาคใต้,277,5681
2025-10-29,AG-E-052,กรุงเทพฯ,123,2290
2025-10-29,AG-E-052,ภาคกลาง,112,1811
2025-10-29,AG-E-052,ภาคตะวันออก,74,1346
2025-10-29,AG-E-052,ภาคเหนือ,68,1306
2025-10-29,AG-E-052,ภาคใต้,89,1726
2025-10-30,TK-A-001,กรุงเทพฯ,197,3702
2025-10-30,TK-A-001,ภาคกลาง,151,2730
2025-10-30,TK-A-001,ภาคตะวันออก,105,1899
2025-10-30,TK-A-001,ภาคเหนือ,92,1473
2025-10-30,TK-A-001,ภาคใต้,128,1997
2025-10-30,GL-B-014,กรุงเทพฯ,966,14366
2025-10-30,GL-B-014,ภาคกลาง,753,13657
2025-10-30,GL-B-014,ภาคตะวันออก,593,9853
2025-10-30,GL-B-014,ภาคเหนือ,474,7751
2025-10-30,GL-B-014,ภาคใต้,664,10431
2025-10-30,MK-C-028,กรุงเทพฯ,733,12815
2025-10-30,MK-C-028,ภาคกลาง,519,10201
2025-10-30,MK-C-028,ภาคตะวันออก,401,7451
2025-10-30,MK-C-028,ภาคเหนือ,346,5951
2025-10-30,MK-C-028,ภาคใต้,427,8999
2025-10-30,SY-D-039,กรุงเทพฯ,488,8547
2025-10-30,SY-D-039,ภาคกลาง,367,6032
2025-10-30,SY-D-039,ภาคตะวันออก,289,5442
2025-10-30,SY-D-039,ภาคเหนือ,258,4330
2025-10-30,SY-D-039,ภาคใต้,303,5072
2025-10-30,AG-E-052,กรุงเทพฯ,132,2164
2025-10-30,AG-E-052,ภาคกลาง,108,2003
2025-10-30,AG-E-052,ภาคตะวันออก,74,1338
2025-10-30,AG-E-052,ภาคเหนือ,71,1169
2025-10-30,AG-E-052,ภาคใต้,91,1825
2025-10-31,TK-A-001,กรุงเทพฯ,186,3225
2025-10-31,TK-A-001,ภาคกลาง,139,2933
2025-10-31,TK-A-001,ภาคตะวันออก,111,1917
2025-10-31,TK-A-001,ภาคเหนือ,102,1701
2025-10-31,TK-A-001,ภาคใต้,119,2285
2025-10-31,GL-B-014,กรุงเทพฯ,938,18949
2025-10-31,GL-B-014,ภาคกลาง,702,15102
2025-10-31,GL-B-014,ภาคตะวันออก,525,11524
2025-10-31,GL-B-014,ภาคเหนือ,473,7765
2025-10-31,GL-B-014,ภาคใต้,665,9693
2025-10-31,MK-C-028,กรุงเทพฯ,656,13113
2025-10-31,MK-C-028,ภาคกลาง,546,10345
2025-10-31,MK-C-028,ภาคตะวันออก,431,7080
2025-10-31,MK-C-028,ภาคเหนือ,350,7250
2025-10-31,MK-C-028,ภาคใต้,421,8893
2025-10-31,SY-D-039,กรุงเทพฯ,446,7311
2025-10-31,SY-D-039,ภาคกลาง,357,6098
2025-10-31,SY-D-039,ภาคตะวันออก,284,4241
2025-10-31,SY-D-039,ภาคเหนือ,237,4337
2025-10-31,SY-D-039,ภาคใต้,292,6029
2025-10-31,AG-E-052,กรุงเทพฯ,137,2463
2025-10-31,AG-E-052,ภาคกลาง,109,2014
2025-10-31,AG-E-052,ภาคตะวันออก,74,1324
2025-10-31,AG-E-052,ภาคเหนือ,68,1472
2025-10-31,AG-E-052,ภาคใต้,94,1404
2025-11-01,TK-A-001,กรุงเทพฯ,177,3094
2025-11-01,TK-A-001,ภาคกลาง,140,2354
2025-11-01,TK-A-001,ภาคตะวันออก,103,2082
2025-11-01,TK-A-001,ภาคเหนือ,99,1682
2025-11-01,TK-A-001,ภาคใต้,129,2059
2025-11-01,GL-B-014,กรุงเทพฯ,882,15941
2025-11-01,GL-B-014,ภาคกลาง,818,13964
2025-11-01,GL-B-014,ภาคตะวันออก,505,11358
2025-11-01,GL-B-014,ภาคเหนือ,496,8903
2025-11-01,GL-B-014,ภาคใต้,572,9742
2025-11-01,MK-C-028,กรุงเทพฯ,720,13624
2025-11-01,MK-C-028,ภาคกลาง,594,9227
2025-11-01,MK-C-028,ภาคตะวันออก,371,6340
2025-11-01,MK-C-028,ภาคเหนือ,367,5765
2025-11-01,MK-C-028,ภาคใต้,476,8045
2025-11-01,SY-D-039,กรุงเทพฯ,462,9035
2025-11-01,SY-D-039,ภาคกลาง,355,6290
2025-11-01,SY-D-039,ภาคตะวันออก,250,5246
2025-11-01,SY-D-039,ภาคเหนือ,241,4931
2025-11-01,SY-D-039,ภาคใต้,280,4978
2025-11-01,AG-E-052,กรุงเทพฯ,129,2509
2025-11-01,AG-E-052,ภาคกลาง,103,1976
2025-11-01,AG-E-052,ภาคตะวันออก,85,1526
2025-11-01,AG-E-052,ภาคเหนือ,78,1382
2025-11-01,AG-E-052,ภาคใต้,92,1547
2025-11-02,TK-A-001,กรุงเทพฯ,197,3498
2025-11-02,TK-A-001,ภาคกลาง,158,2609
2025-11-02,TK-A-001,ภาคตะวันออก,103,1790
2025-11-02,TK-A-001,ภาคเหนือ,91,1827
2025-11-02,TK-A-001,ภาคใต้,120,2012
2025-11-02,GL-B-014,กรุงเทพฯ,911,16288
2025-11-02,GL-B-014,ภาคกลาง,692,14256
2025-11-02,GL-B-014,ภาคตะวันออก,581,8590
2025-11-02,GL-B-014,ภาคเหนือ,469,7706
2025-11-02,GL-B-014,ภาคใต้,602,10159
2025-11-02,MK-C-028,กรุงเทพฯ,702,10858
2025-11-02,MK-C-028,ภาคกลาง,553,11142
2025-11-02,MK-C-028,ภาคตะวันออก,394,6621
2025-11-02,MK-C-028,ภาคเหนือ,386,5636
2025-11-02,MK-C-028,ภาคใต้,437,7227
2025-11-02,SY-D-039,กรุงเทพฯ,408,8294
2025-11-02,SY-D-039,ภาคกลาง,344,6659
2025-11-02,SY-D-039,ภาคตะวันออก,277,5271
2025-11-02,SY-D-039,ภาคเหนือ,219,3784
2025-11-02,SY-D-039,ภาคใต้,296,4888
2025-11-02,AG-E-052,กรุงเทพฯ,142,2091
2025-11-02,AG-E-052,ภาคกลาง,103,1715
2025-11-02,AG-E-052,ภาคตะวันออก,74,1609
2025-11-02,AG-E-052,ภาคเหนือ,77,1396
2025-11-02,AG-E-052,ภาคใต้,84,1857
2025-11-03,TK-A-001,กรุงเทพฯ,195,2972
2025-11-03,TK-A-001,ภาคกลาง,154,2224
2025-11-03,TK-A-001,ภาคตะวันออก,102,1681
2025-11-03,TK-A-001,ภาคเหนือ,88,1924
2025-11-03,TK-A-001,ภาคใต้,109,1990
2025-11-03,GL-B-014,กรุงเทพฯ,891,18309
2025-11-03,GL-B-014,ภาคกลาง,747,14916
2025-11-03,GL-B-014,ภาคตะวันออก,533,11432
2025-11-03,GL-B-014,ภาคเหนือ,522,9573
2025-11-03,GL-B-014,ภาคใต้,600,10664
2025-11-03,MK-C-028,กรุงเทพฯ,671,12116
2025-11-03,MK-C-028,ภาคกลาง,486,10411
2025-11-03,MK-C-028,ภาคตะวันออก,381,7164
2025-11-03,MK-C-028,ภาคเหนือ,325,6903
2025-11-03,MK-C-028,ภาคใต้,420,9194
2025-11-03,SY-D-039,กรุงเทพฯ,437,9189
2025-11-03,SY-D-039,ภาคกลาง,356,7172
2025-11-03,SY-D-039,ภาคตะวันออก,264,4747
2025-11-03,SY-D-039,ภาคเหนือ,255,4480
2025-11-03,SY-D-039,ภาคใต้,295,4780
2025-11-03,AG-E-052,กรุงเทพฯ,139,2103
2025-11-03,AG-E-052,ภาคกลาง,105,1943
2025-11-03,AG-E-052,ภาคตะวันออก,83,1549
2025-11-03,AG-E-052,ภาคเหนือ,67,1360
2025-11-03,AG-E-052,ภาคใต้,87,1606
2025-11-04,TK-A-001,กรุงเทพฯ,170,2891
2025-11-04,TK-A-001,ภาคกลาง,142,2847
2025-11-04,TK-A-001,ภาคตะวันออก,101,1991
2025-11-04,TK-A-001,ภาคเหนือ,96,1886
2025-11-04,TK-A-001,ภาคใต้,112,2427
2025-11-04,GL-B-014,กรุงเทพฯ,840,17695
2025-11-04,GL-B-014,ภาคกลาง,708,14042
2025-11-04,GL-B-014,ภาคตะวันออก,528,11329
2025-11-04,GL-B-014,ภาคเหนือ,476,8955
2025-11-04,GL-B-014,ภาคใต้,603,12200
2025-11-04,MK-C-028,กรุงเทพฯ,720,11453
2025-11-04,MK-C-028,ภาคกลาง,537,10903
2025-11-04,MK-C-028,ภาคตะวันออก,436,6414
2025-11-04,MK-C-028,ภาคเหนือ,383,6077
2025-11-04,MK-C-028,ภาคใต้,406,9047
2025-11-04,SY-D-039,กรุงเทพฯ,451,7035
2025-11-04,SY-D-039,ภาคกลาง,327,5899
2025-11-04,SY-D-039,ภาคตะวันออก,284,5114
2025-11-04,SY-D-039,ภาคเหนือ,248,4530
2025-11-04,SY-D-039,ภาคใต้,275,4746
2025-11-04,AG-E-052,กรุงเทพฯ,133,2175
2025-11-04,AG-E-052,ภาคกลาง,106,2140
2025-11-04,AG-E-052,ภาคตะวันออก,76,1353
2025-11-04,AG-E-052,ภาคเหนือ,74,1211
2025-11-04,AG-E-052,ภาคใต้,95,1430
2025-11-05,TK-A-001,กรุงเทพฯ,170,3700
2025-11-05,TK-A-001,ภาคกลาง,137,2782
2025-11-05,TK-A-001,ภาคตะวันออก,98,2067
2025-11-05,TK-A-001,ภาคเหนือ,104,1810
2025-11-05,TK-A-001,ภาคใต้,115,2242
2025-11-05,GL-B-014,กรุงเทพฯ,1017,15284
2025-11-05,GL-B-014,ภาคกลาง,729,13856
2025-11-05,GL-B-014,ภาคตะวันออก,539,11321
2025-11-05,GL-B-014,ภาคเหนือ,465,9673
2025-11-05,GL-B-014,ภาคใต้,609,12717
2025-11-05,MK-C-028,กรุงเทพฯ,672,13025
2025-11-05,MK-C-028,ภาคกลาง,544,9119
2025-11-05,MK-C-028,ภาคตะวันออก,388,6228
2025-11-05,MK-C-028,ภาคเหนือ,362,6019
2025-11-05,MK-C-028,ภาคใต้,419,8786
2025-11-05,SY-D-039,กรุงเทพฯ,418,8542
2025-11-05,SY-D-039,ภาคกลาง,330,6946
2025-11-05,SY-D-039,ภาคตะวันออก,244,5011
2025-11-05,SY-D-039,ภาคเหนือ,233,4833
2025-11-05,SY-D-039,ภาคใต้,286,5169
2025-11-05,AG-E-052,กรุงเทพฯ,124,2405
2025-11-05,AG-E-052,ภาคกลาง,98,1998
2025-11-05,AG-E-052,ภาคตะวันออก,77,1349
2025-11-05,AG-E-052,ภาคเหนือ,77,1233
2025-11-05,AG-E-052,ภาคใต้,96,1450
2025-11-06,TK-A-001,กรุงเทพฯ,189,3111
2025-11-06,TK-A-001,ภาคกลาง,151,2725
2025-11-06,TK-A-001,ภาคตะวันออก,114,1855
2025-11-06,TK-A-001,ภาคเหนือ,93,1787
2025-11-06,TK-A-001,ภาคใต้,119,2213
2025-11-06,GL-B-014,กรุงเทพฯ,891,15768
2025-11-06,GL-B-014,ภาคกลาง,680,12695
2025-11-06,GL-B-014,ภาคตะวันออก,606,8555
2025-11-06,GL-B-014,ภาคเหนือ,541,10155
2025-11-06,GL-B-014,ภาคใต้,567,10835
2025-11-06,MK-C-028,กรุงเทพฯ,649,12224
2025-11-06,MK-C-028,ภาคกลาง,498,9237
2025-11-06,MK-C-028,ภาคตะวันออก,385,7055
2025-11-06,MK-C-028,ภาคเหนือ,353,5713
2025-11-06,MK-C-028,ภาคใต้,448,7169
2025-11-06,SY-D-039,กรุงเทพฯ,409,7052
2025-11-06,SY-D-039,ภาคกลาง,357,6741
2025-11-06,SY-D-039,ภาคตะวันออก,272,4625
2025-11-06,SY-D-039,ภาคเหนือ,229,4260
2025-11-06,SY-D-039,ภาคใต้,278,5876
2025-11-06,AG-E-052,กรุงเทพฯ,129,2444
2025-11-06,AG-E-052,ภาคกลาง,111,2088
2025-11-06,AG-E-052,ภาคตะวันออก,78,1583
2025-11-06,AG-E-052,ภาคเหนือ,66,1464
2025-11-06,AG-E-052,ภาคใต้,87,1752
2025-11-07,TK-A-001,กรุงเทพฯ,174,3427
2025-11-07,TK-A-001,ภาคกลาง,136,2678
2025-11-07,TK-A-001,ภาคตะวันออก,99,1957
2025-11-07,TK-A-001,ภาคเหนือ,97,1655
2025-11-07,TK-A-001,ภาคใต้,114,2048
2025-11-07,GL-B-014,กรุงเทพฯ,913,17093
2025-11-07,GL-B-014,ภาคกลาง,761,11688
2025-11-07,GL-B-014,ภาคตะวันออก,592,9816
2025-11-07,GL-B-014,ภาคเหนือ,455,9495
2025-11-07,GL-B-014,ภาคใต้,645,12493
2025-11-07,MK-C-028,กรุงเทพฯ,614,12052
2025-11-07,MK-C-028,ภาคกลาง,496,10500
2025-11-07,MK-C-028,ภาคตะวันออก,441,6218
2025-11-07,MK-C-028,ภาคเหนือ,387,6363
2025-11-07,MK-C-028,ภาคใต้,421,9172
2025-11-07,SY-D-039,กรุงเทพฯ,487,9057
2025-11-07,SY-D-039,ภาคกลาง,394,6944
2025-11-07,SY-D-039,ภาคตะวันออก,291,4471
2025-11-07,SY-D-039,ภาคเหนือ,245,3781
2025-11-07,SY-D-039,ภาคใต้,317,5607
2025-11-07,AG-E-052,กรุงเทพฯ,129,2126
2025-11-07,AG-E-052,ภาคกลาง,119,2032
2025-11-07,AG-E-052,ภาคตะวันออก,83,1668
2025-11-07,AG-E-052,ภาคเหนือ,72,1212
2025-11-07,AG-E-052,ภาคใต้,85,1509
2025-11-08,TK-A-001,กรุงเทพฯ,183,2856
2025-11-08,TK-A-001,ภาคกลาง,138,2468
2025-11-08,TK-A-001,ภาคตะวันออก,99,1891
2025-11-08,TK-A-001,ภาคเหนือ,104,1480
2025-11-08,TK-A-001,ภาคใต้,131,2039
2025-11-08,GL-B-014,กรุงเทพฯ,880,17885
2025-11-08,GL-B-014,ภาคกลาง,793,11666
2025-11-08,GL-B-014,ภาคตะวันออก,534,8634
2025-11-08,GL-B-014,ภาคเหนือ,531,7947
2025-11-08,GL-B-014,ภาคใต้,679,12299
2025-11-08,MK-C-028,กรุงเทพฯ,723,12984
2025-11-08,MK-C-028,ภาคกลาง,489,9879
2025-11-08,MK-C-028,ภาคตะวันออก,426,8278
2025-11-08,MK-C-028,ภาคเหนือ,351,7176
2025-11-08,MK-C-028,ภาคใต้,462,8476
2025-11-08,SY-D-039,กรุงเทพฯ,431,6930
2025-11-08,SY-D-039,ภาคกลาง,326,6750
2025-11-08,SY-D-039,ภาคตะวันออก,294,5371
2025-11-08,SY-D-039,ภาคเหนือ,230,4861
2025-11-08,SY-D-039,ภาคใต้,297,5759
2025-11-08,AG-E-052,กรุงเทพฯ,147,2115
2025-11-08,AG-E-052,ภาคกลาง,109,1798
2025-11-08,AG-E-052,ภาคตะวันออก,85,1648
2025-11-08,AG-E-052,ภาคเหนือ,68,1326
2025-11-08,AG-E-052,ภาคใต้,88,1473
2025-11-09,TK-A-001,กรุงเทพฯ,177,3120
2025-11-09,TK-A-001,ภาคกลาง,146,2655
2025-11-09,TK-A-001,ภาคตะวันออก,100,2200
2025-11-09,TK-A-001,ภาคเหนือ,95,1835
2025-11-09,TK-A-001,ภาคใต้,125,1866
2025-11-09,GL-B-014,กรุงเทพฯ,1000,18563
2025-11-09,GL-B-014,ภาคกลาง,715,13248
2025-11-09,GL-B-014,ภาคตะวันออก,609,9161
2025-11-09,GL-B-014,ภาคเหนือ,528,8180
2025-11-09,GL-B-014,ภาคใต้,652,10016
2025-11-09,MK-C-028,กรุงเทพฯ,667,10559
2025-11-09,MK-C-028,ภาคกลาง,535,8289
2025-11-09,MK-C-028,ภาคตะวันออก,423,7785
2025-11-09,MK-C-028,ภาคเหนือ,372,5529
2025-11-09,MK-C-028,ภาคใต้,431,9070
2025-11-09,SY-D-039,กรุงเทพฯ,444,7980
2025-11-09,SY-D-039,ภาคกลาง,396,5595
2025-11-09,SY-D-039,ภาคตะวันออก,278,4849
2025-11-09,SY-D-039,ภาคเหนือ,233,4256
2025-11-09,SY-D-039,ภาคใต้,275,5867
2025-11-09,AG-E-052,กรุงเทพฯ,137,2178
2025-11-09,AG-E-052,ภาคกลาง,103,1728
2025-11-09,AG-E-052,ภาคตะวันออก,86,1519
2025-11-09,AG-E-052,ภาคเหนือ,78,1357
2025-11-09,AG-E-052,ภาคใต้,93,1589
2025-11-10,TK-A-001,กรุงเทพฯ,179,3129
2025-11-10,TK-A-001,ภาคกลาง,155,2218
2025-11-10,TK-A-001,ภาคตะวันออก,104,1699
2025-11-10,TK-A-001,ภาคเหนือ,101,1805
2025-11-10,TK-A-001,ภาคใต้,113,2299
2025-11-10,GL-B-014,กรุงเทพฯ,944,14391
2025-11-10,GL-B-014,ภาคกลาง,774,11628
2025-11-10,GL-B-014,ภาคตะวันออก,563,11438
2025-11-10,GL-B-014,ภาคเหนือ,530,8032
2025-11-10,GL-B-014,ภาคใต้,610,10545
2025-11-10,MK-C-028,กรุงเทพฯ,709,12927
2025-11-10,MK-C-028,ภาคกลาง,534,8406
2025-11-10,MK-C-028,ภาคตะวันออก,391,7432
2025-11-10,MK-C-028,ภาคเหนือ,387,5677
2025-11-10,MK-C-028,ภาคใต้,420,9251
2025-11-10,SY-D-039,กรุงเทพฯ,488,7481
2025-11-10,SY-D-039,ภาคกลาง,353,5986
2025-11-10,SY-D-039,ภาคตะวันออก,291,4970
2025-11-10,SY-D-039,ภาคเหนือ,239,4795
2025-11-10,SY-D-039,ภาคใต้,327,5838
2025-11-10,AG-E-052,กรุงเทพฯ,132,2321
2025-11-10,AG-E-052,ภาคกลาง,113,1961
2025-11-10,AG-E-052,ภาคตะวันออก,82,1386
2025-11-10,AG-E-052,ภาคเหนือ,76,1106
2025-11-10,AG-E-052,ภาคใต้,95,1712
2025-11-11,TK-A-001,กรุงเทพฯ,170,3514
2025-11-11,TK-A-001,ภาคกลาง,154,2698
2025-11-11,TK-A-001,ภาคตะวันออก,118,2160
2025-11-11,TK-A-001,ภาคเหนือ,87,1557
2025-11-11,TK-A-001,ภาคใต้,114,2400
2025-11-11,GL-B-014,กรุงเทพฯ,969,15671
2025-11-11,GL-B-014,ภาคกลาง,673,12050
2025-11-11,GL-B-014,ภาคตะวันออก,547,10871
2025-11-11,GL-B-014,ภาคเหนือ,506,9553
2025-11-11,GL-B-014,ภาคใต้,586,11474
2025-11-11,MK-C-028,กรุงเทพฯ,729,10732
2025-11-11,MK-C-028,ภาคกลาง,545,8601
2025-11-11,MK-C-028,ภาคตะวันออก,365,7204
2025-11-11,MK-C-028,ภาคเหนือ,327,6916
2025-11-11,MK-C-028,ภาคใต้,417,8934
2025-11-11,SY-D-039,กรุงเทพฯ,418,8217
2025-11-11,SY-D-039,ภาคกลาง,377,5713
2025-11-11,SY-D-039,ภาคตะวันออก,293,4646
2025-11-11,SY-D-039,ภาคเหนือ,225,3698
2025-11-11,SY-D-039,ภาคใต้,315,5946
2025-11-11,AG-E-052,กรุงเทพฯ,128,2476
2025-11-11,AG-E-052,ภาคกลาง,102,2157
2025-11-11,AG-E-052,ภาคตะวันออก,75,1449
2025-11-11,AG-E-052,ภาคเหนือ,70,1257
2025-11-11,AG-E-052,ภาคใต้,86,1625
2025-11-12,TK-A-001,กรุงเทพฯ,196,2879
2025-11-12,TK-A-001,ภาคกลาง,146,2946
2025-11-12,TK-A-001,ภาคตะวันออก,111,1710
2025-11-12,TK-A-001,ภาคเหนือ,91,1681
2025-11-12,TK-A-001,ภาคใต้,131,2364
2025-11-12,GL-B-014,กรุงเทพฯ,844,18592
2025-11-12,GL-B-014,ภาคกลาง,736,13841
2025-11-12,GL-B-014,ภาคตะวันออก,609,10238
2025-11-12,GL-B-014,ภาคเหนือ,523,8393
2025-11-12,GL-B-014,ภาคใต้,617,10041
2025-11-12,MK-C-028,กรุงเทพฯ,662,11595
2025-11-12,MK-C-028,ภาคกลาง,555,9020
2025-11-12,MK-C-028,ภาคตะวันออก,368,6456
2025-11-12,MK-C-028,ภาคเหนือ,340,5957
2025-11-12,MK-C-028,ภาคใต้,493,9159
2025-11-12,SY-D-039,กรุงเทพฯ,419,9175
2025-11-12,SY-D-039,ภาคกลาง,342,7407
2025-11-12,SY-D-039,ภาคตะวันออก,256,5377
2025-11-12,SY-D-039,ภาคเหนือ,218,4028
2025-11-12,SY-D-039,ภาคใต้,316,5358
2025-11-12,AG-E-052,กรุงเทพฯ,144,2311
2025-11-12,AG-E-052,ภาคกลาง,111,1809
2025-11-12,AG-E-052,ภาคตะวันออก,77,1302
2025-11-12,AG-E-052,ภาคเหนือ,79,1276
2025-11-12,AG-E-052,ภาคใต้,87,1647
2025-11-13,TK-A-001,กรุงเทพฯ,181,2989
2025-11-13,TK-A-001,ภาคกลาง,138,2495
2025-11-13,TK-A-001,ภาคตะวันออก,117,1983
2025-11-13,TK-A-001,ภาคเหนือ,92,1778
2025-11-13,TK-A-001,ภาคใต้,112,1988
2025-11-13,GL-B-014,กรุงเทพฯ,858,17214
2025-11-13,GL-B-014,ภาคกลาง,777,11686
2025-11-13,GL-B-014,ภาคตะวันออก,611,9403
2025-11-13,GL-B-014,ภาคเหนือ,498,9264
2025-11-13,GL-B-014,ภาคใต้,620,11206
2025-11-13,MK-C-028,กรุงเทพฯ,692,11318
2025-11-13,MK-C-028,ภาคกลาง,573,8729
2025-11-13,MK-C-028,ภาคตะวันออก,441,8361
2025-11-13,MK-C-028,ภาคเหนือ,394,7058
2025-11-13,MK-C-028,ภาคใต้,408,7044
2025-11-13,SY-D-039,กรุงเทพฯ,479,8919
2025-11-13,SY-D-039,ภาคกลาง,349,6376
2025-11-13,SY-D-039,ภาคตะวันออก,256,4836
2025-11-13,SY-D-039,ภาคเหนือ,220,4458
2025-11-13,SY-D-039,ภาคใต้,318,6191
2025-11-13,AG-E-052,กรุงเทพฯ,138,2115
2025-11-13,AG-E-052,ภาคกลาง,106,2220
2025-11-13,AG-E-052,ภาคตะวันออก,79,1666
2025-11-13,AG-E-052,ภาคเหนือ,67,1431
2025-11-13,AG-E-052,ภาคใต้,87,1547
2025-11-14,TK-A-001,กรุงเทพฯ,173,3312
2025-11-14,TK-A-001,ภาคกลาง,140,2929
2025-11-14,TK-A-001,ภาคตะวันออก,114,1826
2025-11-14,TK-A-001,ภาคเหนือ,101,1853
2025-11-14,TK-A-001,ภาคใต้,111,2236
2025-11-14,GL-B-014,กรุงเทพฯ,901,17931
2025-11-14,GL-B-014,ภาคกลาง,757,13403
2025-11-14,GL-B-014,ภาคตะวันออก,536,9279
2025-11-14,GL-B-014,ภาคเหนือ,489,7929
2025-11-14,GL-B-014,ภาคใต้,648,9550
2025-11-14,MK-C-028,กรุงเทพฯ,741,10786
2025-11-14,MK-C-028,ภาคกลาง,494,8484
2025-11-14,MK-C-028,ภาคตะวันออก,412,6329
2025-11-14,MK-C-028,ภาคเหนือ,379,6912
2025-11-14,MK-C-028,ภาคใต้,495,7097
2025-11-14,SY-D-039,กรุงเทพฯ,490,7798
2025-11-14,SY-D-039,ภาคกลาง,334,5712
2025-11-14,SY-D-039,ภาคตะวันออก,246,4283
2025-11-14,SY-D-039,ภาคเหนือ,232,4836
2025-11-14,SY-D-039,ภาคใต้,316,4592
2025-11-14,AG-E-052,กรุงเทพฯ,122,2092
2025-11-14,AG-E-052,ภาคกลาง,103,2120
2025-11-14,AG-E-052,ภาคตะวันออก,76,1481
2025-11-14,AG-E-052,ภาคเหนือ,66,1246
2025-11-14,AG-E-052,ภาคใต้,91,1693
2025-11-15,TK-A-001,กรุงเทพฯ,163,3685
2025-11-15,TK-A-001,ภาคกลาง,132,2966
2025-11-15,TK-A-001,ภาคตะวันออก,116,1867
2025-11-15,TK-A-001,ภาคเหนือ,90,1592
2025-11-15,TK-A-001,ภาคใต้,118,2103
2025-11-15,GL-B-014,กรุงเทพฯ,1014,14605
2025-11-15,GL-B-014,ภาคกลาง,809,12653
2025-11-15,GL-B-014,ภาคตะวันออก,523,10486
2025-11-15,GL-B-014,ภาคเหนือ,493,10126
2025-11-15,GL-B-014,ภาคใต้,654,10340
2025-11-15,MK-C-028,กรุงเทพฯ,667,10369
2025-11-15,MK-C-028,ภาคกลาง,493,10835
2025-11-15,MK-C-028,ภาคตะวันออก,379,7537
2025-11-15,MK-C-028,ภาคเหนือ,360,6722
2025-11-15,MK-C-028,ภาคใต้,461,8867
2025-11-15,SY-D-039,กรุงเทพฯ,474,7583
2025-11-15,SY-D-039,ภาคกลาง,376,5691
2025-11-15,SY-D-039,ภาคตะวันออก,296,5104
2025-11-15,SY-D-039,ภาคเหนือ,220,4731
2025-11-15,SY-D-039,ภาคใต้,318,5036
2025-11-15,AG-E-052,กรุงเทพฯ,124,2179
2025-11-15,AG-E-052,ภาคกลาง,111,1956
2025-11-15,AG-E-052,ภาคตะวันออก,77,1261
2025-11-15,AG-E-052,ภาคเหนือ,66,1347
2025-11-15,AG-E-052,ภาคใต้,97,1445
2025-11-16,TK-A-001,กรุงเทพฯ,166,3533
2025-11-16,TK-A-001,ภาคกลาง,132,2809
2025-11-16,TK-A-001,ภาคตะวันออก,108,1868
2025-11-16,TK-A-001,ภาคเหนือ,98,1749
2025-11-16,TK-A-001,ภาคใต้,118,1836
2025-11-16,GL-B-014,กรุงเทพฯ,898,18467
2025-11-16,GL-B-014,ภาคกลาง,768,12051
2025-11-16,GL-B-014,ภาคตะวันออก,518,10382
2025-11-16,GL-B-014,ภาคเหนือ,474,8758
2025-11-16,GL-B-014,ภาคใต้,655,9707
2025-11-16,MK-C-028,กรุงเทพฯ,737,11543
2025-11-16,MK-C-028,ภาคกลาง,543,8496
2025-11-16,MK-C-028,ภาคตะวันออก,440,7893
2025-11-16,MK-C-028,ภาคเหนือ,332,6914
2025-11-16,MK-C-028,ภาคใต้,479,7802
2025-11-16,SY-D-039,กรุงเทพฯ,417,9018
2025-11-16,SY-D-039,ภาคกลาง,327,5723
2025-11-16,SY-D-039,ภาคตะวันออก,290,4247
2025-11-16,SY-D-039,ภาคเหนือ,244,3809
2025-11-16,SY-D-039,ภาคใต้,278,6157
2025-11-16,AG-E-052,กรุงเทพฯ,126,2504
2025-11-16,AG-E-052,ภาคกลาง,115,2225
2025-11-16,AG-E-052,ภาคตะวันออก,77,1372
2025-11-16,AG-E-052,ภาคเหนือ,68,1185
2025-11-16,AG-E-052,ภาคใต้,86,1709
2025-11-17,TK-A-001,กรุงเทพฯ,188,3260
2025-11-17,TK-A-001,ภาคกลาง,133,2953
2025-11-17,TK-A-001,ภาคตะวันออก,111,1844
2025-11-17,TK-A-001,ภาคเหนือ,103,1900
2025-11-17,TK-A-001,ภาคใต้,110,2319
2025-11-17,GL-B-014,กรุงเทพฯ,1021,14729
2025-11-17,GL-B-014,ภาคกลาง,774,14868
2025-11-17,GL-B-014,ภาคตะวันออก,610,11237
2025-11-17,GL-B-014,ภาคเหนือ,518,8795
2025-11-17,GL-B-014,ภาคใต้,621,9778
2025-11-17,MK-C-028,กรุงเทพฯ,660,11405
2025-11-17,MK-C-028,ภาคกลาง,502,11143
2025-11-17,MK-C-028,ภาคตะวันออก,375,6250
2025-11-17,MK-C-028,ภาคเหนือ,330,6684
2025-11-17,MK-C-028,ภาคใต้,438,7168
2025-11-17,SY-D-039,กรุงเทพฯ,495,9168
2025-11-17,SY-D-039,ภาคกลาง,363,6194
2025-11-17,SY-D-039,ภาคตะวันออก,281,4294
2025-11-17,SY-D-039,ภาคเหนือ,231,3750
2025-11-17,SY-D-039,ภาคใต้,308,5107
2025-11-17,AG-E-052,กรุงเทพฯ,125,2642
2025-11-17,AG-E-052,ภาคกลาง,109,2177
2025-11-17,AG-E-052,ภาคตะวันออก,82,1386
2025-11-17,AG-E-052,ภาคเหนือ,79,1106
2025-11-17,AG-E-052,ภาคใต้,90,1473
2025-11-18,TK-A-001,กรุงเทพฯ,178,3436
2025-11-18,TK-A-001,ภาคกลาง,133,2935
2025-11-18,TK-A-001,ภาคตะวันออก,118,1864
2025-11-18,TK-A-001,ภาคเหนือ,97,1484
2025-11-18,TK-A-001,ภาคใต้,110,2400
2025-11-18,GL-B-014,กรุงเทพฯ,970,14491
2025-11-18,GL-B-014,ภาคกลาง,690,14931
2025-11-18,GL-B-014,ภาคตะวันออก,583,10045
2025-11-18,GL-B-014,ภาคเหนือ,455,7878
2025-11-18,GL-B-014,ภาคใต้,635,10984
2025-11-18,MK-C-028,กรุงเทพฯ,707,12194
2025-11-18,MK-C-028,ภาคกลาง,530,10604
2025-11-18,MK-C-028,ภาคตะวันออก,438,7883
2025-11-18,MK-C-028,ภาคเหนือ,352,5546
2025-11-18,MK-C-028,ภาคใต้,490,7991
2025-11-18,SY-D-039,กรุงเทพฯ,471,7833
2025-11-18,SY-D-039,ภาคกลาง,357,6925
2025-11-18,SY-D-039,ภาคตะวันออก,249,4621
2025-11-18,SY-D-039,ภาคเหนือ,234,4412
2025-11-18,SY-D-039,ภาคใต้,311,5108
2025-11-18,AG-E-052,กรุงเทพฯ,138,2639
2025-11-18,AG-E-052,ภาคกลาง,116,1809
2025-11-18,AG-E-052,ภาคตะวันออก,75,1383
2025-11-18,AG-E-052,ภาคเหนือ,72,1361
2025-11-18,AG-E-052,ภาคใต้,92,1706
2025-11-19,TK-A-001,กรุงเทพฯ,185,3415
2025-11-19,TK-A-001,ภาคกลาง,153,2455
2025-11-19,TK-A-001,ภาคตะวันออก,108,2229
2025-11-19,TK-A-001,ภาคเหนือ,105,1778
2025-11-19,TK-A-001,ภาคใต้,115,1951
2025-11-19,GL-B-014,กรุงเทพฯ,899,16038
2025-11-19,GL-B-014,ภาคกลาง,813,14859
2025-11-19,GL-B-014,ภาคตะวันออก,573,9550
2025-11-19,GL-B-014,ภาคเหนือ,473,10074
2025-11-19,GL-B-014,ภาคใต้,609,9797
2025-11-19,MK-C-028,กรุงเทพฯ,684,12103
2025-11-19,MK-C-028,ภาคกลาง,552,10989
2025-11-19,MK-C-028,ภาคตะวันออก,370,7358
2025-11-19,MK-C-028,ภาคเหนือ,328,5957
2025-11-19,MK-C-028,ภาคใต้,413,7662
2025-11-19,SY-D-039,กรุงเทพฯ,453,9148
2025-11-19,SY-D-039,ภาคกลาง,361,7383
2025-11-19,SY-D-039,ภาคตะวันออก,282,4577
2025-11-19,SY-D-039,ภาคเหนือ,232,4736
2025-11-19,SY-D-039,ภาคใต้,273,4838
2025-11-19,AG-E-052,กรุงเทพฯ,123,2490
2025-11-19,AG-E-052,ภาคกลาง,105,1655
2025-11-19,AG-E-052,ภาคตะวันออก,80,1337
2025-11-19,AG-E-052,ภาคเหนือ,79,1134
2025-11-19,AG-E-052,ภาคใต้,91,1464
2025-11-20,TK-A-001,กรุงเทพฯ,172,2807
2025-11-20,TK-A-001,ภาคกลาง,143,2504
2025-11-20,TK-A-001,ภาคตะวันออก,104,2110
2025-11-20,TK-A-001,ภาคเหนือ,88,1530
2025-11-20,TK-A-001,ภาคใต้,126,2282
2025-11-20,GL-B-014,กรุงเทพฯ,904,17719
2025-11-20,GL-B-014,ภาคกลาง,688,12904
2025-11-20,GL-B-014,ภาคตะวันออก,562,10106
2025-11-20,GL-B-014,ภาคเหนือ,497,9345
2025-11-20,GL-B-014,ภาคใต้,569,9610
2025-11-20,MK-C-028,กรุงเทพฯ,735,10707
2025-11-20,MK-C-028,ภาคกลาง,490,9775
2025-11-20,MK-C-028,ภาคตะวันออก,444,7953
2025-11-20,MK-C-028,ภาคเหนือ,344,7130
2025-11-20,MK-C-028,ภาคใต้,445,9128
2025-11-20,SY-D-039,กรุงเทพฯ,494,8264
2025-11-20,SY-D-039,ภาคกลาง,353,5935
2025-11-20,SY-D-039,ภาคตะวันออก,245,4334
2025-11-20,SY-D-039,ภาคเหนือ,243,4572
2025-11-20,SY-D-039,ภาคใต้,289,5924
2025-11-20,AG-E-052,กรุงเทพฯ,142,2749
2025-11-20,AG-E-052,ภาคกลาง,99,2114
2025-11-20,AG-E-052,ภาคตะวันออก,82,1639
2025-11-20,AG-E-052,ภาคเหนือ,65,1329
2025-11-20,AG-E-052,ภาคใต้,89,1477
2025-11-21,TK-A-001,กรุงเทพฯ,173,3378
2025-11-21,TK-A-001,ภาคกลาง,155,2208
2025-11-21,TK-A-001,ภาคตะวันออก,99,2114
2025-11-21,TK-A-001,ภาคเหนือ,101,1633
2025-11-21,TK-A-001,ภาคใต้,118,2373
2025-11-21,GL-B-014,กรุงเทพฯ,1016,15202
2025-11-21,GL-B-014,ภาคกลาง,775,13749
2025-11-21,GL-B-014,ภาคตะวันออก,545,11532
2025-11-21,GL-B-014,ภาคเหนือ,468,7944
2025-11-21,GL-B-014,ภาคใต้,620,12558
2025-11-21,MK-C-028,กรุงเทพฯ,700,13827
2025-11-21,MK-C-028,ภาคกลาง,519,9306
2025-11-21,MK-C-028,ภาคตะวันออก,439,7022
2025-11-21,MK-C-028,ภาคเหนือ,393,7105
2025-11-21,MK-C-028,ภาคใต้,439,7880
2025-11-21,SY-D-039,กรุงเทพฯ,406,7942
2025-11-21,SY-D-039,ภาคกลาง,386,7267
2025-11-21,SY-D-039,ภาคตะวันออก,275,4574
2025-11-21,SY-D-039,ภาคเหนือ,252,4601
2025-11-21,SY-D-039,ภาคใต้,277,4981
2025-11-21,AG-E-052,กรุงเทพฯ,138,2143
2025-11-21,AG-E-052,ภาคกลาง,105,2019
2025-11-21,AG-E-052,ภาคตะวันออก,88,1568
2025-11-21,AG-E-052,ภาคเหนือ,65,1266
2025-11-21,AG-E-052,ภาคใต้,86,1386
2025-11-22,TK-A-001,กรุงเทพฯ,192,3332
2025-11-22,TK-A-001,ภาคกลาง,151,2478
2025-11-22,TK-A-001,ภาคตะวันออก,104,1924
2025-11-22,TK-A-001,ภาคเหนือ,91,1978
2025-11-22,TK-A-001,ภาคใต้,119,2342
2025-11-22,GL-B-014,กรุงเทพฯ,854,15545
2025-11-22,GL-B-014,ภาคกลาง,795,13219
2025-11-22,GL-B-014,ภาคตะวันออก,609,9626
2025-11-22,GL-B-014,ภาคเหนือ,464,8490
2025-11-22,GL-B-014,ภาคใต้,569,9924
2025-11-22,MK-C-028,กรุงเทพฯ,609,11848
2025-11-22,MK-C-028,ภาคกลาง,537,9225
2025-11-22,MK-C-028,ภาคตะวันออก,408,6957
2025-11-22,MK-C-028,ภาคเหนือ,387,6643
2025-11-22,MK-C-028,ภาคใต้,438,7361
2025-11-22,SY-D-039,กรุงเทพฯ,485,8621
2025-11-22,SY-D-039,ภาคกลาง,372,6982
2025-11-22,SY-D-039,ภาคตะวันออก,275,4633
2025-11-22,SY-D-039,ภาคเหนือ,234,4868
2025-11-22,SY-D-039,ภาคใต้,290,6051
2025-11-22,AG-E-052,กรุงเทพฯ,123,2691
2025-11-22,AG-E-052,ภาคกลาง,113,1901
2025-11-22,AG-E-052,ภาคตะวันออก,86,1252
2025-11-22,AG-E-052,ภาคเหนือ,67,1417
2025-11-22,AG-E-052,ภาคใต้,85,1538
2025-11-23,TK-A-001,กรุงเทพฯ,188,3126
2025-11-23,TK-A-001,ภาคกลาง,135,2844
2025-11-23,TK-A-001,ภาคตะวันออก,106,2195
2025-11-23,TK-A-001,ภาคเหนือ,90,1918
2025-11-23,TK-A-001,ภาคใต้,131,2240
2025-11-23,GL-B-014,กรุงเทพฯ,951,17427
2025-11-23,GL-B-014,ภาคกลาง,809,13011
2025-11-23,GL-B-014,ภาคตะวันออก,568,9535
2025-11-23,GL-B-014,ภาคเหนือ,538,9709
2025-11-23,GL-B-014,ภาคใต้,665,11254
2025-11-23,MK-C-028,กรุงเทพฯ,643,11059
2025-11-23,MK-C-028,ภาคกลาง,573,9753
2025-11-23,MK-C-028,ภาคตะวันออก,440,6635
2025-11-23,MK-C-028,ภาคเหนือ,327,6577
2025-11-23,MK-C-028,ภาคใต้,424,7672
2025-11-23,SY-D-039,กรุงเทพฯ,483,7869
2025-11-23,SY-D-039,ภาคกลาง,389,6164
2025-11-23,SY-D-039,ภาคตะวันออก,248,4977
2025-11-23,SY-D-039,ภาคเหนือ,248,3807
2025-11-23,SY-D-039,ภาคใต้,276,4728
2025-11-23,AG-E-052,กรุงเทพฯ,137,2379
2025-11-23,AG-E-052,ภาคกลาง,101,2069
2025-11-23,AG-E-052,ภาคตะวันออก,84,1475
2025-11-23,AG-E-052,ภาคเหนือ,74,1151
2025-11-23,AG-E-052,ภาคใต้,99,1410
2025-11-24,TK-A-001,กรุงเทพฯ,191,2969
2025-11-24,TK-A-001,ภาคกลาง,158,2753
2025-11-24,TK-A-001,ภาคตะวันออก,111,1996
2025-11-24,TK-A-001,ภาคเหนือ,95,1935
2025-11-24,TK-A-001,ภาคใต้,126,1873
2025-11-24,GL-B-014,กรุงเทพฯ,914,15377
2025-11-24,GL-B-014,ภาคกลาง,749,13664
2025-11-24,GL-B-014,ภาคตะวันออก,549,9672
2025-11-24,GL-B-014,ภาคเหนือ,534,10131
2025-11-24,GL-B-014,ภาคใต้,602,12198
2025-11-24,MK-C-028,กรุงเทพฯ,732,11426
2025-11-24,MK-C-028,ภาคกลาง,511,9934
2025-11-24,MK-C-028,ภาคตะวันออก,425,6282
2025-11-24,MK-C-028,ภาคเหนือ,382,7127
2025-11-24,MK-C-028,ภาคใต้,428,8952
2025-11-24,SY-D-039,กรุงเทพฯ,463,7037
2025-11-24,SY-D-039,ภาคกลาง,394,5672
2025-11-24,SY-D-039,ภาคตะวันออก,253,4151
2025-11-24,SY-D-039,ภาคเหนือ,237,4103
2025-11-24,SY-D-039,ภาคใต้,271,5973
2025-11-24,AG-E-052,กรุงเทพฯ,133,2232
2025-11-24,AG-E-052,ภาคกลาง,102,1725
2025-11-24,AG-E-052,ภาคตะวันออก,76,1554
2025-11-24,AG-E-052,ภาคเหนือ,74,1256
2025-11-24,AG-E-052,ภาคใต้,88,1538
2025-11-25,TK-A-001,กรุงเทพฯ,174,3508
2025-11-25,TK-A-001,ภาคกลาง,138,2357
2025-11-25,TK-A-001,ภาคตะวันออก,109,2028
2025-11-25,TK-A-001,ภาคเหนือ,88,1914
2025-11-25,TK-A-001,ภาคใต้,112,2008
2025-11-25,GL-B-014,กรุงเทพฯ,915,14714
2025-11-25,GL-B-014,ภาคกลาง,714,12104
2025-11-25,GL-B-014,ภาคตะวันออก,588,9560
2025-11-25,GL-B-014,ภาคเหนือ,494,8876
2025-11-25,GL-B-014,ภาคใต้,572,10726
2025-11-25,MK-C-028,กรุงเทพฯ,684,11818
2025-11-25,MK-C-028,ภาคกลาง,572,9386
2025-11-25,MK-C-028,ภาคตะวันออก,406,8108
2025-11-25,MK-C-028,ภาคเหนือ,346,6770
2025-11-25,MK-C-028,ภาคใต้,457,8851
2025-11-25,SY-D-039,กรุงเทพฯ,415,7537
2025-11-25,SY-D-039,ภาคกลาง,352,6469
2025-11-25,SY-D-039,ภาคตะวันออก,287,5370
2025-11-25,SY-D-039,ภาคเหนือ,224,3987
2025-11-25,SY-D-039,ภาคใต้,287,4689
2025-11-25,AG-E-052,กรุงเทพฯ,122,2126
2025-11-25,AG-E-052,ภาคกลาง,108,1856
2025-11-25,AG-E-052,ภาคตะวันออก,88,1387
2025-11-25,AG-E-052,ภาคเหนือ,70,1237
2025-11-25,AG-E-052,ภาคใต้,86,1490
2025-11-26,TK-A-001,กรุงเทพฯ,178,3457
2025-11-26,TK-A-001,ภาคกลาง,131,2924
2025-11-26,TK-A-001,ภาคตะวันออก,113,1936
2025-11-26,TK-A-001,ภาคเหนือ,95,1784
2025-11-26,TK-A-001,ภาคใต้,124,1861
2025-11-26,GL-B-014,กรุงเทพฯ,970,16953
2025-11-26,GL-B-014,ภาคกลาง,725,13163
2025-11-26,GL-B-014,ภาคตะวันออก,507,9209
2025-11-26,GL-B-014,ภาคเหนือ,545,9528
2025-11-26,GL-B-014,ภาคใต้,661,12806
2025-11-26,MK-C-028,กรุงเทพฯ,679,10982
2025-11-26,MK-C-028,ภาคกลาง,589,10592
2025-11-26,MK-C-028,ภาคตะวันออก,393,8355
2025-11-26,MK-C-028,ภาคเหนือ,339,7406
2025-11-26,MK-C-028,ภาคใต้,460,8377
2025-11-26,SY-D-039,กรุงเทพฯ,472,7279
2025-11-26,SY-D-039,ภาคกลาง,339,7066
2025-11-26,SY-D-039,ภาคตะวันออก,268,5274
2025-11-26,SY-D-039,ภาคเหนือ,229,3845
2025-11-26,SY-D-039,ภาคใต้,298,5753
2025-11-26,AG-E-052,กรุงเทพฯ,139,2400
2025-11-26,AG-E-052,ภาคกลาง,101,1676
2025-11-26,AG-E-052,ภาคตะวันออก,74,1536
2025-11-26,AG-E-052,ภาคเหนือ,75,1485
2025-11-26,AG-E-052,ภาคใต้,88,1706
2025-11-27,TK-A-001,กรุงเทพฯ,176,3263
2025-11-27,TK-A-001,ภาคกลาง,138,2502
2025-11-27,TK-A-001,ภาคตะวันออก,116,1763
2025-11-27,TK-A-001,ภาคเหนือ,91,1611
2025-11-27,TK-A-001,ภาคใต้,112,1864
2025-11-27,GL-B-014,กรุงเทพฯ,849,18148
2025-11-27,GL-B-014,ภาคกลาง,816,15094
2025-11-27,GL-B-014,ภาคตะวันออก,516,9768
2025-11-27,GL-B-014,ภาคเหนือ,541,8587
2025-11-27,GL-B-014,ภาคใต้,650,11386
2025-11-27,MK-C-028,กรุงเทพฯ,670,13489
2025-11-27,MK-C-028,ภาคกลาง,488,9346
2025-11-27,MK-C-028,ภาคตะวันออก,421,6768
2025-11-27,MK-C-028,ภาคเหนือ,390,7337
2025-11-27,MK-C-028,ภาคใต้,459,8271
2025-11-27,SY-D-039,กรุงเทพฯ,436,9206
2025-11-27,SY-D-039,ภาคกลาง,375,6462
2025-11-27,SY-D-039,ภาคตะวันออก,255,4840
2025-11-27,SY-D-039,ภาคเหนือ,219,4058
2025-11-27,SY-D-039,ภาคใต้,327,5189
2025-11-27,AG-E-052,กรุงเทพฯ,138,2070
2025-11-27,AG-E-052,ภาคกลาง,118,2021
2025-11-27,AG-E-052,ภาคตะวันออก,87,1650
2025-11-27,AG-E-052,ภาคเหนือ,77,1388
2025-11-27,AG-E-052,ภาคใต้,94,1427
2025-11-28,TK-A-001,กรุงเทพฯ,186,3405
2025-11-28,TK-A-001,ภาคกลาง,146,2966
2025-11-28,TK-A-001,ภาคตะวันออก,118,1728
2025-11-28,TK-A-001,ภาคเหนือ,96,1822
2025-11-28,TK-A-001,ภาคใต้,113,2051
2025-11-28,GL-B-014,กรุงเทพฯ,978,16906
2025-11-28,GL-B-014,ภาคกลาง,723,12173
2025-11-28,GL-B-014,ภาคตะวันออก,591,10219
2025-11-28,GL-B-014,ภาคเหนือ,460,10101
2025-11-28,GL-B-014,ภาคใต้,564,10935
2025-11-28,MK-C-028,กรุงเทพฯ,697,11498
2025-11-28,MK-C-028,ภาคกลาง,577,10734
2025-11-28,MK-C-028,ภาคตะวันออก,388,6401
2025-11-28,MK-C-028,ภาคเหนือ,333,6282
2025-11-28,MK-C-028,ภาคใต้,412,7778
2025-11-28,SY-D-039,กรุงเทพฯ,493,7849
2025-11-28,SY-D-039,ภาคกลาง,374,7381
2025-11-28,SY-D-039,ภาคตะวันออก,256,4495
2025-11-28,SY-D-039,ภาคเหนือ,225,4939
2025-11-28,SY-D-039,ภาคใต้,298,5057
2025-11-28,AG-E-052,กรุงเทพฯ,124,2138
2025-11-28,AG-E-052,ภาคกลาง,99,1765
2025-11-28,AG-E-052,ภาคตะวันออก,85,1427
2025-11-28,AG-E-052,ภาคเหนือ,75,1260
2025-11-28,AG-E-052,ภาคใต้,83,1782
2025-11-29,TK-A-001,กรุงเทพฯ,188,2918
2025-11-29,TK-A-001,ภาคกลาง,131,2255
2025-11-29,TK-A-001,ภาคตะวันออก,113,1691
2025-11-29,TK-A-001,ภาคเหนือ,100,1588
2025-11-29,TK-A-001,ภาคใต้,114,1999
2025-11-29,GL-B-014,กรุงเทพฯ,894,15619
2025-11-29,GL-B-014,ภาคกลาง,688,14174
2025-11-29,GL-B-014,ภาคตะวันออก,588,10379
2025-11-29,GL-B-014,ภาคเหนือ,478,7941
2025-11-29,GL-B-014,ภาคใต้,660,9645
2025-11-29,MK-C-028,กรุงเทพฯ,742,12480
2025-11-29,MK-C-028,ภาคกลาง,510,10090
2025-11-29,MK-C-028,ภาคตะวันออก,383,7594
2025-11-29,MK-C-028,ภาคเหนือ,382,5653
2025-11-29,MK-C-028,ภาคใต้,454,8676
2025-11-29,SY-D-039,กรุงเทพฯ,441,9081
2025-11-29,SY-D-039,ภาคกลาง,348,6180
2025-11-29,SY-D-039,ภาคตะวันออก,252,4766
2025-11-29,SY-D-039,ภาคเหนือ,253,4548
2025-11-29,SY-D-039,ภาคใต้,303,4994
2025-11-29,AG-E-052,กรุงเทพฯ,140,2226
2025-11-29,AG-E-052,ภาคกลาง,99,2135
2025-11-29,AG-E-052,ภาคตะวันออก,82,1437
2025-11-29,AG-E-052,ภาคเหนือ,79,1264
2025-11-29,AG-E-052,ภาคใต้,98,1546
2025-11-30,TK-A-001,กรุงเทพฯ,178,3108
2025-11-30,TK-A-001,ภาคกลาง,133,2677
2025-11-30,TK-A-001,ภาคตะวันออก,100,1910
2025-11-30,TK-A-001,ภาคเหนือ,101,1842
2025-11-30,TK-A-001,ภาคใต้,127,2445
2025-11-30,GL-B-014,กรุงเทพฯ,939,15528
2025-11-30,GL-B-014,ภาคกลาง,737,13494
2025-11-30,GL-B-014,ภาคตะวันออก,548,8746
2025-11-30,GL-B-014,ภาคเหนือ,508,7986
2025-11-30,GL-B-014,ภาคใต้,679,10176
2025-11-30,MK-C-028,กรุงเทพฯ,732,12137
2025-11-30,MK-C-028,ภาคกลาง,544,10557
2025-11-30,MK-C-028,ภาคตะวันออก,442,7893
2025-11-30,MK-C-028,ภาคเหนือ,382,5779
2025-11-30,MK-C-028,ภาคใต้,461,8894
2025-11-30,SY-D-039,กรุงเทพฯ,454,9048
2025-11-30,SY-D-039,ภาคกลาง,330,7149
2025-11-30,SY-D-039,ภาคตะวันออก,265,5415
2025-11-30,SY-D-039,ภาคเหนือ,216,3947
2025-11-30,SY-D-039,ภาคใต้,274,4678
2025-11-30,AG-E-052,กรุงเทพฯ,147,2230
2025-11-30,AG-E-052,ภาคกลาง,97,2062
2025-11-30,AG-E-052,ภาคตะวันออก,88,1551
2025-11-30,AG-E-052,ภาคเหนือ,77,1378
2025-11-30,AG-E-052,ภาคใต้,89,1773
2025-12-01,TK-A-001,กรุงเทพฯ,198,3436
2025-12-01,TK-A-001,ภาคกลาง,146,2561
2025-12-01,TK-A-001,ภาคตะวันออก,116,1771
2025-12-01,TK-A-001,ภาคเหนือ,92,1607
2025-12-01,TK-A-001,ภาคใต้,118,1994
2025-12-01,GL-B-014,กรุงเทพฯ,880,18869
2025-12-01,GL-B-014,ภาคกลาง,809,11420
2025-12-01,GL-B-014,ภาคตะวันออก,529,9417
2025-12-01,GL-B-014,ภาคเหนือ,451,8816
2025-12-01,GL-B-014,ภาคใต้,643,11978
2025-12-01,MK-C-028,กรุงเทพฯ,646,10417
2025-12-01,MK-C-028,ภาคกลาง,532,9789
2025-12-01,MK-C-028,ภาคตะวันออก,389,7969
2025-12-01,MK-C-028,ภาคเหนือ,373,5741
2025-12-01,MK-C-028,ภาคใต้,480,9087
2025-12-01,SY-D-039,กรุงเทพฯ,407,9161
2025-12-01,SY-D-039,ภาคกลาง,325,6913
2025-12-01,SY-D-039,ภาคตะวันออก,244,5249
2025-12-01,SY-D-039,ภาคเหนือ,244,4298
2025-12-01,SY-D-039,ภาคใต้,301,5944
2025-12-01,AG-E-052,กรุงเทพฯ,124,2259
2025-12-01,AG-E-052,ภาคกลาง,108,1906
2025-12-01,AG-E-052,ภาคตะวันออก,77,1338
2025-12-01,AG-E-052,ภาคเหนือ,77,1259
2025-12-01,AG-E-052,ภาคใต้,94,1820
2025-12-02,TK-A-001,กรุงเทพฯ,189,3713
2025-12-02,TK-A-001,ภาคกลาง,143,2809
2025-12-02,TK-A-001,ภาคตะวันออก,104,2128
2025-12-02,TK-A-001,ภาคเหนือ,103,1647
2025-12-02,TK-A-001,ภาคใต้,127,1864
2025-12-02,GL-B-014,กรุงเทพฯ,1009,17037
2025-12-02,GL-B-014,ภาคกลาง,721,15019
2025-12-02,GL-B-014,ภาคตะวันออก,593,9580
2025-12-02,GL-B-014,ภาคเหนือ,486,8088
2025-12-02,GL-B-014,ภาคใต้,593,10859
2025-12-02,MK-C-028,กรุงเทพฯ,739,11825
2025-12-02,MK-C-028,ภาคกลาง,543,10373
2025-12-02,MK-C-028,ภาคตะวันออก,394,7783
2025-12-02,MK-C-028,ภาคเหนือ,391,6141
2025-12-02,MK-C-028,ภาคใต้,435,8751
2025-12-02,SY-D-039,กรุงเทพฯ,481,7667
2025-12-02,SY-D-039,ภาคกลาง,361,5566
2025-12-02,SY-D-039,ภาคตะวันออก,265,4471
2025-12-02,SY-D-039,ภาคเหนือ,252,4284
2025-12-02,SY-D-039,ภาคใต้,283,4719
2025-12-02,AG-E-052,กรุงเทพฯ,136,2373
2025-12-02,AG-E-052,ภาคกลาง,118,2141
2025-12-02,AG-E-052,ภาคตะวันออก,85,1240
2025-12-02,AG-E-052,ภาคเหนือ,76,1165
2025-12-02,AG-E-052,ภาคใต้,92,1682
2025-12-03,TK-A-001,กรุงเทพฯ,180,3269
2025-12-03,TK-A-001,ภาคกลาง,157,2444
2025-12-03,TK-A-001,ภาคตะวันออก,109,1741
2025-12-03,TK-A-001,ภาคเหนือ,104,1885
2025-12-03,TK-A-001,ภาคใต้,126,2069
2025-12-03,GL-B-014,กรุงเทพฯ,932,18554
2025-12-03,GL-B-014,ภาคกลาง,703,12554
2025-12-03,GL-B-014,ภาคตะวันออก,605,8844
2025-12-03,GL-B-014,ภาคเหนือ,529,7765
2025-12-03,GL-B-014,ภาคใต้,645,10349
2025-12-03,MK-C-028,กรุงเทพฯ,740,13269
2025-12-03,MK-C-028,ภาคกลาง,524,10681
2025-12-03,MK-C-028,ภาคตะวันออก,379,6578
2025-12-03,MK-C-028,ภาคเหนือ,332,6290
2025-12-03,MK-C-028,ภาคใต้,477,7572
2025-12-03,SY-D-039,กรุงเทพฯ,426,7230
2025-12-03,SY-D-039,ภาคกลาง,367,5810
2025-12-03,SY-D-039,ภาคตะวันออก,282,4480
2025-12-03,SY-D-039,ภาคเหนือ,219,3800
2025-12-03,SY-D-039,ภาคใต้,302,5100
2025-12-03,AG-E-052,กรุงเทพฯ,143,2535
2025-12-03,AG-E-052,ภาคกลาง,112,1683
2025-12-03,AG-E-052,ภาคตะวันออก,79,1648
2025-12-03,AG-E-052,ภาคเหนือ,75,1325
2025-12-03,AG-E-052,ภาคใต้,85,1728
2025-12-04,TK-A-001,กรุงเทพฯ,168,3070
2025-12-04,TK-A-001,ภาคกลาง,153,2462
2025-12-04,TK-A-001,ภาคตะวันออก,118,1936
2025-12-04,TK-A-001,ภาคเหนือ,88,1609
2025-12-04,TK-A-001,ภาคใต้,124,1945
2025-12-04,GL-B-014,กรุงเทพฯ,917,15870
2025-12-04,GL-B-014,ภาคกลาง,754,15071
2025-12-04,GL-B-014,ภาคตะวันออก,582,9636
2025-12-04,GL-B-014,ภาคเหนือ,492,8390
2025-12-04,GL-B-014,ภาคใต้,561,9917
2025-12-04,MK-C-028,กรุงเทพฯ,700,12329
2025-12-04,MK-C-028,ภาคกลาง,546,10478
2025-12-04,MK-C-028,ภาคตะวันออก,416,7507
2025-12-04,MK-C-028,ภาคเหนือ,349,7224
2025-12-04,MK-C-028,ภาคใต้,421,9207
2025-12-04,SY-D-039,กรุงเทพฯ,487,7892
2025-12-04,SY-D-039,ภาคกลาง,329,5933
2025-12-04,SY-D-039,ภาคตะวันออก,271,4831
2025-12-04,SY-D-039,ภาคเหนือ,225,3995
2025-12-04,SY-D-039,ภาคใต้,297,4733
2025-12-04,AG-E-052,กรุงเทพฯ,126,2250
2025-12-04,AG-E-052,ภาคกลาง,113,1906
2025-12-04,AG-E-052,ภาคตะวันออก,83,1365
2025-12-04,AG-E-052,ภาคเหนือ,77,1102
2025-12-04,AG-E-052,ภาคใต้,87,1852
2025-12-05,TK-A-001,กรุงเทพฯ,180,3553
2025-12-05,TK-A-001,ภาคกลาง,133,2542
2025-12-05,TK-A-001,ภาคตะวันออก,113,1977
2025-12-05,TK-A-001,ภาคเหนือ,97,1807
2025-12-05,TK-A-001,ภาคใต้,127,2019
2025-12-05,GL-B-014,กรุงเทพฯ,931,18746
2025-12-05,GL-B-014,ภาคกลาง,677,11857
2025-12-05,GL-B-014,ภาคตะวันออก,536,11167
2025-12-05,GL-B-014,ภาคเหนือ,534,7822
2025-12-05,GL-B-014,ภาคใต้,579,11559
2025-12-05,MK-C-028,กรุงเทพฯ,682,13463
2025-12-05,MK-C-028,ภาคกลาง,567,9728
2025-12-05,MK-C-028,ภาคตะวันออก,399,6766
2025-12-05,MK-C-028,ภาคเหนือ,325,6913
2025-12-05,MK-C-028,ภาคใต้,480,8528
2025-12-05,SY-D-039,กรุงเทพฯ,448,7267
2025-12-05,SY-D-039,ภาคกลาง,367,7012
2025-12-05,SY-D-039,ภาคตะวันออก,286,4922
2025-12-05,SY-D-039,ภาคเหนือ,238,3863
2025-12-05,SY-D-039,ภาคใต้,276,4998
2025-12-05,AG-E-052,กรุงเทพฯ,145,2646
2025-12-05,AG-E-052,ภาคกลาง,107,1768
2025-12-05,AG-E-052,ภาคตะวันออก,83,1491
2025-12-05,AG-E-052,ภาคเหนือ,75,1340
2025-12-05,AG-E-052,ภาคใต้,96,1380
2025-12-06,TK-A-001,กรุงเทพฯ,168,3468
2025-12-06,TK-A-001,ภาคกลาง,154,2267
2025-12-06,TK-A-001,ภาคตะวันออก,100,2033
2025-12-06,TK-A-001,ภาคเหนือ,100,1974
2025-12-06,TK-A-001,ภาคใต้,113,2377
2025-12-06,GL-B-014,กรุงเทพฯ,892,18061
2025-12-06,GL-B-014,ภาคกลาง,808,11810
2025-12-06,GL-B-014,ภาคตะวันออก,562,10335
2025-12-06,GL-B-014,ภาคเหนือ,529,7804
2025-12-06,GL-B-014,ภาคใต้,576,12534
2025-12-06,MK-C-028,กรุงเทพฯ,659,11523
2025-12-06,MK-C-028,ภาคกลาง,528,10014
2025-12-06,MK-C-028,ภาคตะวันออก,408,7907
2025-12-06,MK-C-028,ภาคเหนือ,356,6083
2025-12-06,MK-C-028,ภาคใต้,410,7261
2025-12-06,SY-D-039,กรุงเทพฯ,443,7148
2025-12-06,SY-D-039,ภาคกลาง,371,6241
2025-12-06,SY-D-039,ภาคตะวันออก,253,4884
2025-12-06,SY-D-039,ภาคเหนือ,231,4099
2025-12-06,SY-D-039,ภาคใต้,295,5015
2025-12-06,AG-E-052,กรุงเทพฯ,130,2342
2025-12-06,AG-E-052,ภาคกลาง,113,1888
2025-12-06,AG-E-052,ภาคตะวันออก,84,1452
2025-12-06,AG-E-052,ภาคเหนือ,73,1458
2025-12-06,AG-E-052,ภาคใต้,91,1814
2025-12-07,TK-A-001,กรุงเทพฯ,181,3231
2025-12-07,TK-A-001,ภาคกลาง,158,2750
2025-12-07,TK-A-001,ภาคตะวันออก,113,1880
2025-12-07,TK-A-001,ภาคเหนือ,105,1846
2025-12-07,TK-A-001,ภาคใต้,112,2193
2025-12-07,GL-B-014,กรุงเทพฯ,857,17269
2025-12-07,GL-B-014,ภาคกลาง,767,12495
2025-12-07,GL-B-014,ภาคตะวันออก,540,11449
2025-12-07,GL-B-014,ภาคเหนือ,517,8097
2025-12-07,GL-B-014,ภาคใต้,673,9650
2025-12-07,MK-C-028,กรุงเทพฯ,739,11512
2025-12-07,MK-C-028,ภาคกลาง,498,8984
2025-12-07,MK-C-028,ภาคตะวันออก,399,7296
2025-12-07,MK-C-028,ภาคเหนือ,382,6189
2025-12-07,MK-C-028,ภาคใต้,417,7803
2025-12-07,SY-D-039,กรุงเทพฯ,451,8083
2025-12-07,SY-D-039,ภาคกลาง,372,7061
2025-12-07,SY-D-039,ภาคตะวันออก,293,4259
2025-12-07,SY-D-039,ภาคเหนือ,256,4157
2025-12-07,SY-D-039,ภาคใต้,306,4989
2025-12-07,AG-E-052,กรุงเทพฯ,128,2344
2025-12-07,AG-E-052,ภาคกลาง,109,1922
2025-12-07,AG-E-052,ภาคตะวันออก,84,1420
2025-12-07,AG-E-052,ภาคเหนือ,66,1321
2025-12-07,AG-E-052,ภาคใต้,98,1569
2025-12-08,TK-A-001,กรุงเทพฯ,195,2967
2025-12-08,TK-A-001,ภาคกลาง,140,2887
2025-12-08,TK-A-001,ภาคตะวันออก,100,1929
2025-12-08,TK-A-001,ภาคเหนือ,97,1849
2025-12-08,TK-A-001,ภาคใต้,111,1927
2025-12-08,GL-B-014,กรุงเทพฯ,948,17430
2025-12-08,GL-B-014,ภาคกลาง,738,15365
2025-12-08,GL-B-014,ภาคตะวันออก,613,8570
2025-12-08,GL-B-014,ภาคเหนือ,515,7819
2025-12-08,GL-B-014,ภาคใต้,585,10413
2025-12-08,MK-C-028,กรุงเทพฯ,620,12857
2025-12-08,MK-C-028,ภาคกลาง,589,9988
2025-12-08,MK-C-028,ภาคตะวันออก,369,7533
2025-12-08,MK-C-028,ภาคเหนือ,382,6350
2025-12-08,MK-C-028,ภาคใต้,411,9009
2025-12-08,SY-D-039,กรุงเทพฯ,463,8567
2025-12-08,SY-D-039,ภาคกลาง,379,5775
2025-12-08,SY-D-039,ภาคตะวันออก,249,4363
2025-12-08,SY-D-039,ภาคเหนือ,241,3977
2025-12-08,SY-D-039,ภาคใต้,271,5456
2025-12-08,AG-E-052,กรุงเทพฯ,136,2567
2025-12-08,AG-E-052,ภาคกลาง,108,1868
2025-12-08,AG-E-052,ภาคตะวันออก,79,1312
2025-12-08,AG-E-052,ภาคเหนือ,68,1322
2025-12-08,AG-E-052,ภาคใต้,84,1469
2025-12-09,TK-A-001,กรุงเทพฯ,197,3083
2025-12-09,TK-A-001,ภาคกลาง,151,2643
2025-12-09,TK-A-001,ภาคตะวันออก,107,2091
2025-12-09,TK-A-001,ภาคเหนือ,90,1641
2025-12-09,TK-A-001,ภาคใต้,114,2010
2025-12-09,GL-B-014,กรุงเทพฯ,931,15422
2025-12-09,GL-B-014,ภาคกลาง,670,15018
2025-12-09,GL-B-014,ภาคตะวันออก,540,11528
2025-12-09,GL-B-014,ภาคเหนือ,485,10030
2025-12-09,GL-B-014,ภาคใต้,589,12319
2025-12-09,MK-C-028,กรุงเทพฯ,694,10718
2025-12-09,MK-C-028,ภาคกลาง,582,8901
2025-12-09,MK-C-028,ภาคตะวันออก,401,6773
2025-12-09,MK-C-028,ภาคเหนือ,347,6350
2025-12-09,MK-C-028,ภาคใต้,444,7314
2025-12-09,SY-D-039,กรุงเทพฯ,476,8793
2025-12-09,SY-D-039,ภาคกลาง,381,6122
2025-12-09,SY-D-039,ภาคตะวันออก,273,4856
2025-12-09,SY-D-039,ภาคเหนือ,250,3929
2025-12-09,SY-D-039,ภาคใต้,303,5069
2025-12-09,AG-E-052,กรุงเทพฯ,134,2697
2025-12-09,AG-E-052,ภาคกลาง,117,2025
2025-12-09,AG-E-052,ภาคตะวันออก,81,1293
2025-12-09,AG-E-052,ภาคเหนือ,65,1438
2025-12-09,AG-E-052,ภาคใต้,97,1571
2025-12-10,TK-A-001,กรุงเทพฯ,196,3495
2025-12-10,TK-A-001,ภาคกลาง,131,2531
2025-12-10,TK-A-001,ภาคตะวันออก,118,1855
2025-12-10,TK-A-001,ภาคเหนือ,88,1482
2025-12-10,TK-A-001,ภาคใต้,125,2383
2025-12-10,GL-B-014,กรุงเทพฯ,1021,18300
2025-12-10,GL-B-014,ภาคกลาง,721,11964
2025-12-10,GL-B-014,ภาคตะวันออก,606,9983
2025-12-10,GL-B-014,ภาคเหนือ,473,8300
2025-12-10,GL-B-014,ภาคใต้,618,9595
2025-12-10,MK-C-028,กรุงเทพฯ,690,12365
2025-12-10,MK-C-028,ภาคกลาง,579,8818
2025-12-10,MK-C-028,ภาคตะวันออก,370,7732
2025-12-10,MK-C-028,ภาคเหนือ,388,6871
2025-12-10,MK-C-028,ภาคใต้,461,8639
2025-12-10,SY-D-039,กรุงเทพฯ,491,7868
2025-12-10,SY-D-039,ภาคกลาง,387,6636
2025-12-10,SY-D-039,ภาคตะวันออก,279,4439
2025-12-10,SY-D-039,ภาคเหนือ,239,3772
2025-12-10,SY-D-039,ภาคใต้,283,5198
2025-12-10,AG-E-052,กรุงเทพฯ,125,2134
2025-12-10,AG-E-052,ภาคกลาง,110,2065
2025-12-10,AG-E-052,ภาคตะวันออก,75,1429
2025-12-10,AG-E-052,ภาคเหนือ,68,1342
2025-12-10,AG-E-052,ภาคใต้,86,1759
2025-12-11,TK-A-001,กรุงเทพฯ,176,2872
2025-12-11,TK-A-001,ภาคกลาง,154,2649
2025-12-11,TK-A-001,ภาคตะวันออก,97,1780
2025-12-11,TK-A-001,ภาคเหนือ,102,1827
2025-12-11,TK-A-001,ภาคใต้,116,2006
2025-12-11,GL-B-014,กรุงเทพฯ,912,16367
2025-12-11,GL-B-014,ภาคกลาง,732,12267
2025-12-11,GL-B-014,ภาคตะวันออก,513,8652
2025-12-11,GL-B-014,ภาคเหนือ,525,10205
2025-12-11,GL-B-014,ภาคใต้,576,12182
2025-12-11,MK-C-028,กรุงเทพฯ,694,10510
2025-12-11,MK-C-028,ภาคกลาง,520,9774
2025-12-11,MK-C-028,ภาคตะวันออก,393,7012
2025-12-11,MK-C-028,ภาคเหนือ,390,6887
2025-12-11,MK-C-028,ภาคใต้,411,6963
2025-12-11,SY-D-039,กรุงเทพฯ,472,7175
2025-12-11,SY-D-039,ภาคกลาง,384,5701
2025-12-11,SY-D-039,ภาคตะวันออก,281,4393
2025-12-11,SY-D-039,ภาคเหนือ,241,4899
2025-12-11,SY-D-039,ภาคใต้,285,5422
2025-12-11,AG-E-052,กรุงเทพฯ,130,2570
2025-12-11,AG-E-052,ภาคกลาง,99,2077
2025-12-11,AG-E-052,ภาคตะวันออก,85,1527
2025-12-11,AG-E-052,ภาคเหนือ,70,1107
2025-12-11,AG-E-052,ภาคใต้,90,1855
2025-12-12,TK-A-001,กรุงเทพฯ,183,3062
2025-12-12,TK-A-001,ภาคกลาง,137,2826
2025-12-12,TK-A-001,ภาคตะวันออก,102,1707
2025-12-12,TK-A-001,ภาคเหนือ,98,1767
2025-12-12,TK-A-001,ภาคใต้,129,2430
2025-12-12,GL-B-014,กรุงเทพฯ,923,16952
2025-12-12,GL-B-014,ภาคกลาง,740,13238
2025-12-12,GL-B-014,ภาคตะวันออก,517,9632
2025-12-12,GL-B-014,ภาคเหนือ,495,9222
2025-12-12,GL-B-014,ภาคใต้,569,10767
2025-12-12,MK-C-028,กรุงเทพฯ,706,12927
2025-12-12,MK-C-028,ภาคกลาง,547,8681
2025-12-12,MK-C-028,ภาคตะวันออก,429,6784
2025-12-12,MK-C-028,ภาคเหนือ,393,5590
2025-12-12,MK-C-028,ภาคใต้,407,8163
2025-12-12,SY-D-039,กรุงเทพฯ,472,7528
2025-12-12,SY-D-039,ภาคกลาง,354,7043
2025-12-12,SY-D-039,ภาคตะวันออก,247,4710
2025-12-12,SY-D-039,ภาคเหนือ,216,4234
2025-12-12,SY-D-039,ภาคใต้,330,5156
2025-12-12,AG-E-052,กรุงเทพฯ,139,2717
2025-12-12,AG-E-052,ภาคกลาง,118,1933
2025-12-12,AG-E-052,ภาคตะวันออก,89,1306
2025-12-12,AG-E-052,ภาคเหนือ,70,1132
2025-12-12,AG-E-052,ภาคใต้,91,1613
2025-12-13,TK-A-001,กรุงเทพฯ,180,3291
2025-12-13,TK-A-001,ภาคกลาง,152,2574
2025-12-13,TK-A-001,ภาคตะวันออก,102,1673
2025-12-13,TK-A-001,ภาคเหนือ,91,1770
2025-12-13,TK-A-001,ภาคใต้,124,1977
2025-12-13,GL-B-014,กรุงเทพฯ,889,17915
2025-12-13,GL-B-014,ภาคกลาง,710,13855
2025-12-13,GL-B-014,ภาคตะวันออก,521,10919
2025-12-13,GL-B-014,ภาคเหนือ,460,9251
2025-12-13,GL-B-014,ภาคใต้,566,12154
2025-12-13,MK-C-028,กรุงเทพฯ,691,13961
2025-12-13,MK-C-028,ภาคกลาง,520,9331
2025-12-13,MK-C-028,ภาคตะวันออก,427,7728
2025-12-13,MK-C-028,ภาคเหนือ,363,6813
2025-12-13,MK-C-028,ภาคใต้,443,7307
2025-12-13,SY-D-039,กรุงเทพฯ,425,8877
2025-12-13,SY-D-039,ภาคกลาง,367,6477
2025-12-13,SY-D-039,ภาคตะวันออก,247,5055
2025-12-13,SY-D-039,ภาคเหนือ,252,3736
2025-12-13,SY-D-039,ภาคใต้,294,4734
2025-12-13,AG-E-052,กรุงเทพฯ,123,2459
2025-12-13,AG-E-052,ภาคกลาง,118,2199
2025-12-13,AG-E-052,ภาคตะวันออก,84,1501
2025-12-13,AG-E-052,ภาคเหนือ,70,1210
2025-12-13,AG-E-052,ภาคใต้,92,1509
2025-12-14,TK-A-001,กรุงเทพฯ,196,2833
2025-12-14,TK-A-001,ภาคกลาง,153,2269
2025-12-14,TK-A-001,ภาคตะวันออก,107,2209
2025-12-14,TK-A-001,ภาคเหนือ,97,1761
2025-12-14,TK-A-001,ภาคใต้,109,2250
2025-12-14,GL-B-014,กรุงเทพฯ,855,15962
2025-12-14,GL-B-014,ภาคกลาง,766,11448
2025-12-14,GL-B-014,ภาคตะวันออก,539,9368
2025-12-14,GL-B-014,ภาคเหนือ,505,9329
2025-12-14,GL-B-014,ภาคใต้,668,9943
2025-12-14,MK-C-028,กรุงเทพฯ,724,10708
2025-12-14,MK-C-028,ภาคกลาง,584,10835
2025-12-14,MK-C-028,ภาคตะวันออก,410,7460
2025-12-14,MK-C-028,ภาคเหนือ,350,6562
2025-12-14,MK-C-028,ภาคใต้,443,8343
2025-12-14,SY-D-039,กรุงเทพฯ,468,7280
2025-12-14,SY-D-039,ภาคกลาง,358,7112
2025-12-14,SY-D-039,ภาคตะวันออก,257,4778
2025-12-14,SY-D-039,ภาคเหนือ,220,3889
2025-12-14,SY-D-039,ภาคใต้,309,6132
2025-12-14,AG-E-052,กรุงเทพฯ,126,2660
2025-12-14,AG-E-052,ภาคกลาง,118,1684
2025-12-14,AG-E-052,ภาคตะวันออก,74,1619
2025-12-14,AG-E-052,ภาคเหนือ,75,1474
2025-12-14,AG-E-052,ภาคใต้,89,1685
2025-12-15,TK-A-001,กรุงเทพฯ,189,3251
2025-12-15,TK-A-001,ภาคกลาง,147,2851
2025-12-15,TK-A-001,ภาคตะวันออก,109,2023
2025-12-15,TK-A-001,ภาคเหนือ,93,1591
2025-12-15,TK-A-001,ภาคใต้,122,2187
2025-12-15,GL-B-014,กรุงเทพฯ,982,16726
2025-12-15,GL-B-014,ภาคกลาง,774,11889
2025-12-15,GL-B-014,ภาคตะวันออก,566,9159
2025-12-15,GL-B-014,ภาคเหนือ,543,8052
2025-12-15,GL-B-014,ภาคใต้,638,10839
2025-12-15,MK-C-028,กรุงเทพฯ,730,11286
2025-12-15,MK-C-028,ภาคกลาง,512,8561
2025-12-15,MK-C-028,ภาคตะวันออก,396,7347
2025-12-15,MK-C-028,ภาคเหนือ,363,6600
2025-12-15,MK-C-028,ภาคใต้,476,8421
2025-12-15,SY-D-039,กรุงเทพฯ,490,7701
2025-12-15,SY-D-039,ภาคกลาง,377,6780
2025-12-15,SY-D-039,ภาคตะวันออก,246,4668
2025-12-15,SY-D-039,ภาคเหนือ,259,4580
2025-12-15,SY-D-039,ภาคใต้,288,5613
2025-12-15,AG-E-052,กรุงเทพฯ,132,2396
2025-12-15,AG-E-052,ภาคกลาง,114,1710
2025-12-15,AG-E-052,ภาคตะวันออก,73,1242
2025-12-15,AG-E-052,ภาคเหนือ,71,1119
2025-12-15,AG-E-052,ภาคใต้,86,1686
2025-12-16,TK-A-001,กรุงเทพฯ,164,3681
2025-12-16,TK-A-001,ภาคกลาง,153,2520
2025-12-16,TK-A-001,ภาคตะวันออก,104,1969
2025-12-16,TK-A-001,ภาคเหนือ,99,1860
2025-12-16,TK-A-001,ภาคใต้,114,2271
2025-12-16,GL-B-014,กรุงเทพฯ,980,16252
2025-12-16,GL-B-014,ภาคกลาง,766,11966
2025-12-16,GL-B-014,ภาคตะวันออก,574,9477
2025-12-16,GL-B-014,ภาคเหนือ,456,9454
2025-12-16,GL-B-014,ภาคใต้,614,11163
2025-12-16,MK-C-028,กรุงเทพฯ,612,12623
2025-12-16,MK-C-028,ภาคกลาง,561,10905
2025-12-16,MK-C-028,ภาคตะวันออก,426,8221
2025-12-16,MK-C-028,ภาคเหนือ,329,6802
2025-12-16,MK-C-028,ภาคใต้,450,8831
2025-12-16,SY-D-039,กรุงเทพฯ,485,8002
2025-12-16,SY-D-039,ภาคกลาง,372,7449
2025-12-16,SY-D-039,ภาคตะวันออก,264,5320
2025-12-16,SY-D-039,ภาคเหนือ,222,4085
2025-12-16,SY-D-039,ภาคใต้,317,5396
2025-12-16,AG-E-052,กรุงเทพฯ,126,2183
2025-12-16,AG-E-052,ภาคกลาง,116,1879
2025-12-16,AG-E-052,ภาคตะวันออก,77,1279
2025-12-16,AG-E-052,ภาคเหนือ,72,1294
2025-12-16,AG-E-052,ภาคใต้,82,1714
2025-12-17,TK-A-001,กรุงเทพฯ,173,3697
2025-12-17,TK-A-001,ภาคกลาง,155,2384
2025-12-17,TK-A-001,ภาคตะวันออก,102,1821
2025-12-17,TK-A-001,ภาคเหนือ,105,1930
2025-12-17,TK-A-001,ภาคใต้,118,2471
2025-12-17,GL-B-014,กรุงเทพฯ,894,17117
2025-12-17,GL-B-014,ภาคกลาง,781,13557
2025-12-17,GL-B-014,ภาคตะวันออก,536,10372
2025-12-17,GL-B-014,ภาคเหนือ,472,8736
2025-12-17,GL-B-014,ภาคใต้,574,12009
2025-12-17,MK-C-028,กรุงเทพฯ,702,11340
2025-12-17,MK-C-028,ภาคกลาง,519,9404
2025-12-17,MK-C-028,ภาคตะวันออก,402,7782
2025-12-17,MK-C-028,ภาคเหนือ,381,7155
2025-12-17,MK-C-028,ภาคใต้,477,8059
2025-12-17,SY-D-039,กรุงเทพฯ,476,7192
2025-12-17,SY-D-039,ภาคกลาง,330,6597
2025-12-17,SY-D-039,ภาคตะวันออก,294,4983
2025-12-17,SY-D-039,ภาคเหนือ,242,4654
2025-12-17,SY-D-039,ภาคใต้,308,5061
2025-12-17,AG-E-052,กรุงเทพฯ,139,2681
2025-12-17,AG-E-052,ภาคกลาง,111,1716
2025-12-17,AG-E-052,ภาคตะวันออก,76,1257
2025-12-17,AG-E-052,ภาคเหนือ,68,1392
2025-12-17,AG-E-052,ภาคใต้,92,1720
2025-12-18,TK-A-001,กรุงเทพฯ,180,3057
2025-12-18,TK-A-001,ภาคกลาง,133,2502
2025-12-18,TK-A-001,ภาคตะวันออก,111,1715
2025-12-18,TK-A-001,ภาคเหนือ,104,1760
2025-12-18,TK-A-001,ภาคใต้,116,2305
2025-12-18,GL-B-014,กรุงเทพฯ,875,18335
2025-12-18,GL-B-014,ภาคกลาง,741,14004
2025-12-18,GL-B-014,ภาคตะวันออก,507,9255
2025-12-18,GL-B-014,ภาคเหนือ,539,10182
2025-12-18,GL-B-014,ภาคใต้,562,10275
2025-12-18,MK-C-028,กรุงเทพฯ,733,13328
2025-12-18,MK-C-028,ภาคกลาง,540,8742
2025-12-18,MK-C-028,ภาคตะวันออก,409,7910
2025-12-18,MK-C-028,ภาคเหนือ,391,6248
2025-12-18,MK-C-028,ภาคใต้,423,7532
2025-12-18,SY-D-039,กรุงเทพฯ,425,8400
2025-12-18,SY-D-039,ภาคกลาง,330,6668
2025-12-18,SY-D-039,ภาคตะวันออก,273,5404
2025-12-18,SY-D-039,ภาคเหนือ,217,4250
2025-12-18,SY-D-039,ภาคใต้,310,4696
2025-12-18,AG-E-052,กรุงเทพฯ,127,2555
2025-12-18,AG-E-052,ภาคกลาง,115,1832
2025-12-18,AG-E-052,ภาคตะวันออก,87,1598
2025-12-18,AG-E-052,ภาคเหนือ,79,1291
2025-12-18,AG-E-052,ภาคใต้,87,1771
2025-12-19,TK-A-001,กรุงเทพฯ,194,3152
2025-12-19,TK-A-001,ภาคกลาง,158,2646
2025-12-19,TK-A-001,ภาคตะวันออก,112,2157
2025-12-19,TK-A-001,ภาคเหนือ,90,1791
2025-12-19,TK-A-001,ภาคใต้,129,2002
2025-12-19,GL-B-014,กรุงเทพฯ,905,18795
2025-12-19,GL-B-014,ภาคกลาง,736,14078
2025-12-19,GL-B-014,ภาคตะวันออก,551,9607
2025-12-19,GL-B-014,ภาคเหนือ,489,9100
2025-12-19,GL-B-014,ภาคใต้,599,12624
2025-12-19,MK-C-028,กรุงเทพฯ,652,11852
2025-12-19,MK-C-028,ภาคกลาง,489,9093
2025-12-19,MK-C-028,ภาคตะวันออก,365,6257
2025-12-19,MK-C-028,ภาคเหนือ,328,5635
2025-12-19,MK-C-028,ภาคใต้,433,7621
2025-12-19,SY-D-039,กรุงเทพฯ,432,8525
2025-12-19,SY-D-039,ภาคกลาง,336,6932
2025-12-19,SY-D-039,ภาคตะวันออก,289,4137
2025-12-19,SY-D-039,ภาคเหนือ,220,4823
2025-12-19,SY-D-039,ภาคใต้,327,5057
2025-12-19,AG-E-052,กรุงเทพฯ,131,2521
2025-12-19,AG-E-052,ภาคกลาง,105,1833
2025-12-19,AG-E-052,ภาคตะวันออก,76,1613
2025-12-19,AG-E-052,ภาคเหนือ,77,1285
2025-12-19,AG-E-052,ภาคใต้,98,1398
2025-12-20,TK-A-001,กรุงเทพฯ,176,3239
2025-12-20,TK-A-001,ภาคกลาง,145,2838
2025-12-20,TK-A-001,ภาคตะวันออก,108,2118
2025-12-20,TK-A-001,ภาคเหนือ,97,1633
2025-12-20,TK-A-001,ภาคใต้,125,2303
2025-12-20,GL-B-014,กรุงเทพฯ,1019,15243
2025-12-20,GL-B-014,ภาคกลาง,775,12464
2025-12-20,GL-B-014,ภาคตะวันออก,583,9814
2025-12-20,GL-B-014,ภาคเหนือ,506,10241
2025-12-20,GL-B-014,ภาคใต้,634,10106
2025-12-20,MK-C-028,กรุงเทพฯ,672,10637
2025-12-20,MK-C-028,ภาคกลาง,487,10322
2025-12-20,MK-C-028,ภาคตะวันออก,386,8368
2025-12-20,MK-C-028,ภาคเหนือ,325,6858
2025-12-20,MK-C-028,ภาคใต้,426,9251
2025-12-20,SY-D-039,กรุงเทพฯ,411,8493
2025-12-20,SY-D-039,ภาคกลาง,390,6368
2025-12-20,SY-D-039,ภาคตะวันออก,296,4823
2025-12-20,SY-D-039,ภาคเหนือ,246,3781
2025-12-20,SY-D-039,ภาคใต้,295,5858
2025-12-20,AG-E-052,กรุงเทพฯ,144,2069
2025-12-20,AG-E-052,ภาคกลาง,109,1776
2025-12-20,AG-E-052,ภาคตะวันออก,75,1431
2025-12-20,AG-E-052,ภาคเหนือ,69,1283
2025-12-20,AG-E-052,ภาคใต้,85,1758
2025-12-21,TK-A-001,กรุงเทพฯ,172,3463
2025-12-21,TK-A-001,ภาคกลาง,146,2948
2025-12-21,TK-A-001,ภาคตะวันออก,115,2230
2025-12-21,TK-A-001,ภาคเหนือ,98,1663
2025-12-21,TK-A-001,ภาคใต้,131,1985
2025-12-21,GL-B-014,กรุงเทพฯ,897,14370
2025-12-21,GL-B-014,ภาคกลาง,778,13542
2025-12-21,GL-B-014,ภาคตะวันออก,576,9943
2025-12-21,GL-B-014,ภาคเหนือ,492,9248
2025-12-21,GL-B-014,ภาคใต้,623,11688
2025-12-21,MK-C-028,กรุงเทพฯ,614,11401
2025-12-21,MK-C-028,ภาคกลาง,487,8341
2025-12-21,MK-C-028,ภาคตะวันออก,373,8120
2025-12-21,MK-C-028,ภาคเหนือ,383,5845
2025-12-21,MK-C-028,ภาคใต้,433,8378
2025-12-21,SY-D-039,กรุงเทพฯ,459,6958
2025-12-21,SY-D-039,ภาคกลาง,334,6491
2025-12-21,SY-D-039,ภาคตะวันออก,254,4846
2025-12-21,SY-D-039,ภาคเหนือ,218,3974
2025-12-21,SY-D-039,ภาคใต้,296,5818
2025-12-21,AG-E-052,กรุงเทพฯ,139,2075
2025-12-21,AG-E-052,ภาคกลาง,107,2202
2025-12-21,AG-E-052,ภาคตะวันออก,82,1481
2025-12-21,AG-E-052,ภาคเหนือ,69,1359
2025-12-21,AG-E-052,ภาคใต้,96,1619
2025-12-22,TK-A-001,กรุงเทพฯ,182,3410
2025-12-22,TK-A-001,ภาคกลาง,134,2973
2025-12-22,TK-A-001,ภาคตะวันออก,100,2113
2025-12-22,TK-A-001,ภาคเหนือ,94,1606
2025-12-22,TK-A-001,ภาคใต้,127,2224
2025-12-22,GL-B-014,กรุงเทพฯ,876,16137
2025-12-22,GL-B-014,ภาคกลาง,770,14457
2025-12-22,GL-B-014,ภาคตะวันออก,544,10096
2025-12-22,GL-B-014,ภาคเหนือ,510,10024
2025-12-22,GL-B-014,ภาคใต้,601,10997
2025-12-22,MK-C-028,กรุงเทพฯ,622,11572
2025-12-22,MK-C-028,ภาคกลาง,531,8587
2025-12-22,MK-C-028,ภาคตะวันออก,425,6557
2025-12-22,MK-C-028,ภาคเหนือ,336,6203
2025-12-22,MK-C-028,ภาคใต้,438,8130
2025-12-22,SY-D-039,กรุงเทพฯ,413,7775
2025-12-22,SY-D-039,ภาคกลาง,348,7318
2025-12-22,SY-D-039,ภาคตะวันออก,282,4526
2025-12-22,SY-D-039,ภาคเหนือ,249,3912
2025-12-22,SY-D-039,ภาคใต้,309,6116
2025-12-22,AG-E-052,กรุงเทพฯ,139,2783
2025-12-22,AG-E-052,ภาคกลาง,100,1679
2025-12-22,AG-E-052,ภาคตะวันออก,77,1421
2025-12-22,AG-E-052,ภาคเหนือ,68,1405
2025-12-22,AG-E-052,ภาคใต้,86,1416
2025-12-23,TK-A-001,กรุงเทพฯ,185,3660
2025-12-23,TK-A-001,ภาคกลาง,146,2368
2025-12-23,TK-A-001,ภาคตะวันออก,98,1717
2025-12-23,TK-A-001,ภาคเหนือ,104,1617
2025-12-23,TK-A-001,ภาคใต้,127,2072
2025-12-23,GL-B-014,กรุงเทพฯ,934,18689
2025-12-23,GL-B-014,ภาคกลาง,700,13402
2025-12-23,GL-B-014,ภาคตะวันออก,567,11140
2025-12-23,GL-B-014,ภาคเหนือ,462,9749
2025-12-23,GL-B-014,ภาคใต้,621,12815
2025-12-23,MK-C-028,กรุงเทพฯ,713,10348
2025-12-23,MK-C-028,ภาคกลาง,580,10420
2025-12-23,MK-C-028,ภาคตะวันออก,374,7635
2025-12-23,MK-C-028,ภาคเหนือ,339,7065
2025-12-23,MK-C-028,ภาคใต้,494,7691
2025-12-23,SY-D-039,กรุงเทพฯ,470,8130
2025-12-23,SY-D-039,ภาคกลาง,341,5944
2025-12-23,SY-D-039,ภาคตะวันออก,252,4637
2025-12-23,SY-D-039,ภาคเหนือ,258,3814
2025-12-23,SY-D-039,ภาคใต้,302,4642
2025-12-23,AG-E-052,กรุงเทพฯ,140,2615
2025-12-23,AG-E-052,ภาคกลาง,103,1683
2025-12-23,AG-E-052,ภาคตะวันออก,78,1326
2025-12-23,AG-E-052,ภาคเหนือ,69,1315
2025-12-23,AG-E-052,ภาคใต้,84,1635
2025-12-24,TK-A-001,กรุงเทพฯ,195,3620
2025-12-24,TK-A-001,ภาคกลาง,135,2252
2025-12-24,TK-A-001,ภาคตะวันออก,108,1895
2025-12-24,TK-A-001,ภาคเหนือ,105,1484
2025-12-24,TK-A-001,ภาคใต้,113,1918
2025-12-24,GL-B-014,กรุงเทพฯ,850,15319
2025-12-24,GL-B-014,ภาคกลาง,791,12792
2025-12-24,GL-B-014,ภาคตะวันออก,582,8979
2025-12-24,GL-B-014,ภาคเหนือ,515,9235
2025-12-24,GL-B-014,ภาคใต้,676,11909
2025-12-24,MK-C-028,กรุงเทพฯ,702,11336
2025-12-24,MK-C-028,ภาคกลาง,571,9638
2025-12-24,MK-C-028,ภาคตะวันออก,370,7637
2025-12-24,MK-C-028,ภาคเหนือ,366,6981
2025-12-24,MK-C-028,ภาคใต้,461,8601
2025-12-24,SY-D-039,กรุงเทพฯ,467,8441
2025-12-24,SY-D-039,ภาคกลาง,376,6360
2025-12-24,SY-D-039,ภาคตะวันออก,292,4474
2025-12-24,SY-D-039,ภาคเหนือ,230,4580
2025-12-24,SY-D-039,ภาคใต้,293,5788
2025-12-24,AG-E-052,กรุงเทพฯ,122,2790
2025-12-24,AG-E-052,ภาคกลาง,117,1945
2025-12-24,AG-E-052,ภาคตะวันออก,82,1407
2025-12-24,AG-E-052,ภาคเหนือ,65,1405
2025-12-24,AG-E-052,ภาคใต้,88,1753
2025-12-25,TK-A-001,กรุงเทพฯ,191,2836
2025-12-25,TK-A-001,ภาคกลาง,140,2226
2025-12-25,TK-A-001,ภาคตะวันออก,118,1786
2025-12-25,TK-A-001,ภาคเหนือ,93,1858
2025-12-25,TK-A-001,ภาคใต้,115,2164
2025-12-25,GL-B-014,กรุงเทพฯ,1018,17708
2025-12-25,GL-B-014,ภาคกลาง,694,13805
2025-12-25,GL-B-014,ภาคตะวันออก,516,8810
2025-12-25,GL-B-014,ภาคเหนือ,499,8027
2025-12-25,GL-B-014,ภาคใต้,655,10914
2025-12-25,MK-C-028,กรุงเทพฯ,720,10806
2025-12-25,MK-C-028,ภาคกลาง,513,9397
2025-12-25,MK-C-028,ภาคตะวันออก,376,6778
2025-12-25,MK-C-028,ภาคเหนือ,342,5590
2025-12-25,MK-C-028,ภาคใต้,442,8035
2025-12-25,SY-D-039,กรุงเทพฯ,406,8038
2025-12-25,SY-D-039,ภาคกลาง,364,7136
2025-12-25,SY-D-039,ภาคตะวันออก,247,4774
2025-12-25,SY-D-039,ภาคเหนือ,257,4321
2025-12-25,SY-D-039,ภาคใต้,302,5828
2025-12-25,AG-E-052,กรุงเทพฯ,142,2634
2025-12-25,AG-E-052,ภาคกลาง,117,1949
2025-12-25,AG-E-052,ภาคตะวันออก,77,1304
2025-12-25,AG-E-052,ภาคเหนือ,77,1177
2025-12-25,AG-E-052,ภาคใต้,85,1378
2025-12-26,TK-A-001,กรุงเทพฯ,167,3304
2025-12-26,TK-A-001,ภาคกลาง,148,2447
2025-12-26,TK-A-001,ภาคตะวันออก,109,2058
2025-12-26,TK-A-001,ภาคเหนือ,92,1783
2025-12-26,TK-A-001,ภาคใต้,114,2091
2025-12-26,GL-B-014,กรุงเทพฯ,928,18440
2025-12-26,GL-B-014,ภาคกลาง,771,12412
2025-12-26,GL-B-014,ภาคตะวันออก,606,8976
2025-12-26,GL-B-014,ภาคเหนือ,462,9744
2025-12-26,GL-B-014,ภาคใต้,676,11266
2025-12-26,MK-C-028,กรุงเทพฯ,733,12236
2025-12-26,MK-C-028,ภาคกลาง,528,10980
2025-12-26,MK-C-028,ภาคตะวันออก,384,7928
2025-12-26,MK-C-028,ภาคเหนือ,387,6037
2025-12-26,MK-C-028,ภาคใต้,491,9267
2025-12-26,SY-D-039,กรุงเทพฯ,467,7901
2025-12-26,SY-D-039,ภาคกลาง,345,5957
2025-12-26,SY-D-039,ภาคตะวันออก,295,4369
2025-12-26,SY-D-039,ภาคเหนือ,238,4554
2025-12-26,SY-D-039,ภาคใต้,279,5615
2025-12-26,AG-E-052,กรุงเทพฯ,128,2174
2025-12-26,AG-E-052,ภาคกลาง,101,2093
2025-12-26,AG-E-052,ภาคตะวันออก,73,1480
2025-12-26,AG-E-052,ภาคเหนือ,68,1369
2025-12-26,AG-E-052,ภาคใต้,92,1646
2025-12-27,TK-A-001,กรุงเทพฯ,182,3073
2025-12-27,TK-A-001,ภาคกลาง,153,2394
2025-12-27,TK-A-001,ภาคตะวันออก,113,1847
2025-12-27,TK-A-001,ภาคเหนือ,104,1896
2025-12-27,TK-A-001,ภาคใต้,119,1990
2025-12-27,GL-B-014,กรุงเทพฯ,857,17140
2025-12-27,GL-B-014,ภาคกลาง,718,13796
2025-12-27,GL-B-014,ภาคตะวันออก,593,10570
2025-12-27,GL-B-014,ภาคเหนือ,521,8445
2025-12-27,GL-B-014,ภาคใต้,619,11187
2025-12-27,MK-C-028,กรุงเทพฯ,667,12055
2025-12-27,MK-C-028,ภาคกลาง,489,10181
2025-12-27,MK-C-028,ภาคตะวันออก,419,7003
2025-12-27,MK-C-028,ภาคเหนือ,331,6825
2025-12-27,MK-C-028,ภาคใต้,429,8475
2025-12-27,SY-D-039,กรุงเทพฯ,416,7514
2025-12-27,SY-D-039,ภาคกลาง,385,6800
2025-12-27,SY-D-039,ภาคตะวันออก,269,4912
2025-12-27,SY-D-039,ภาคเหนือ,230,4150
2025-12-27,SY-D-039,ภาคใต้,280,5445
2025-12-27,AG-E-052,กรุงเทพฯ,139,2481
2025-12-27,AG-E-052,ภาคกลาง,104,1656
2025-12-27,AG-E-052,ภาคตะวันออก,73,1348
2025-12-27,AG-E-052,ภาคเหนือ,65,1214
2025-12-27,AG-E-052,ภาคใต้,96,1469
2025-12-28,TK-A-001,กรุงเทพฯ,167,3463
2025-12-28,TK-A-001,ภาคกลาง,131,2414
2025-12-28,TK-A-001,ภาคตะวันออก,112,2185
2025-12-28,TK-A-001,ภาคเหนือ,98,1515
2025-12-28,TK-A-001,ภาคใต้,119,2387
2025-12-28,GL-B-014,กรุงเทพฯ,936,18032
2025-12-28,GL-B-014,ภาคกลาง,687,13940
2025-12-28,GL-B-014,ภาคตะวันออก,586,8777
2025-12-28,GL-B-014,ภาคเหนือ,453,8637
2025-12-28,GL-B-014,ภาคใต้,651,10951
2025-12-28,MK-C-028,กรุงเทพฯ,656,12012
2025-12-28,MK-C-028,ภาคกลาง,529,8449
2025-12-28,MK-C-028,ภาคตะวันออก,375,6568
2025-12-28,MK-C-028,ภาคเหนือ,339,6638
2025-12-28,MK-C-028,ภาคใต้,488,8373
2025-12-28,SY-D-039,กรุงเทพฯ,482,9180
2025-12-28,SY-D-039,ภาคกลาง,383,6064
2025-12-28,SY-D-039,ภาคตะวันออก,292,4400
2025-12-28,SY-D-039,ภาคเหนือ,235,4380
2025-12-28,SY-D-039,ภาคใต้,321,5547
2025-12-28,AG-E-052,กรุงเทพฯ,122,2190
2025-12-28,AG-E-052,ภาคกลาง,98,1781
2025-12-28,AG-E-052,ภาคตะวันออก,84,1476
2025-12-28,AG-E-052,ภาคเหนือ,66,1443
2025-12-28,AG-E-052,ภาคใต้,95,1475
2025-12-29,TK-A-001,กรุงเทพฯ,193,3684
2025-12-29,TK-A-001,ภาคกลาง,132,2849
2025-12-29,TK-A-001,ภาคตะวันออก,98,2107
2025-12-29,TK-A-001,ภาคเหนือ,95,1918
2025-12-29,TK-A-001,ภาคใต้,108,2050
2025-12-29,GL-B-014,กรุงเทพฯ,879,15816
2025-12-29,GL-B-014,ภาคกลาง,708,13483
2025-12-29,GL-B-014,ภาคตะวันออก,602,10080
2025-12-29,GL-B-014,ภาคเหนือ,451,8623
2025-12-29,GL-B-014,ภาคใต้,644,12264
2025-12-29,MK-C-028,กรุงเทพฯ,697,13306
2025-12-29,MK-C-028,ภาคกลาง,514,10111
2025-12-29,MK-C-028,ภาคตะวันออก,395,7912
2025-12-29,MK-C-028,ภาคเหนือ,372,7387
2025-12-29,MK-C-028,ภาคใต้,447,7202
2025-12-29,SY-D-039,กรุงเทพฯ,464,8690
2025-12-29,SY-D-039,ภาคกลาง,352,6203
2025-12-29,SY-D-039,ภาคตะวันออก,253,4824
2025-12-29,SY-D-039,ภาคเหนือ,228,3720
2025-12-29,SY-D-039,ภาคใต้,310,5862
2025-12-29,AG-E-052,กรุงเทพฯ,122,2606
2025-12-29,AG-E-052,ภาคกลาง,104,1779
2025-12-29,AG-E-052,ภาคตะวันออก,78,1514
2025-12-29,AG-E-052,ภาคเหนือ,75,1152
2025-12-29,AG-E-052,ภาคใต้,91,1409
2025-12-30,TK-A-001,กรุงเทพฯ,168,3412
2025-12-30,TK-A-001,ภาคกลาง,146,2961
2025-12-30,TK-A-001,ภาคตะวันออก,98,1724
2025-12-30,TK-A-001,ภาคเหนือ,100,1834
2025-12-30,TK-A-001,ภาคใต้,121,1868
2025-12-30,GL-B-014,กรุงเทพฯ,904,17609
2025-12-30,GL-B-014,ภาคกลาง,789,12130
2025-12-30,GL-B-014,ภาคตะวันออก,530,8801
2025-12-30,GL-B-014,ภาคเหนือ,509,9949
2025-12-30,GL-B-014,ภาคใต้,676,10927
2025-12-30,MK-C-028,กรุงเทพฯ,700,12168
2025-12-30,MK-C-028,ภาคกลาง,540,9960
2025-12-30,MK-C-028,ภาคตะวันออก,396,6788
2025-12-30,MK-C-028,ภาคเหนือ,339,6921
2025-12-30,MK-C-028,ภาคใต้,453,7508
2025-12-30,SY-D-039,กรุงเทพฯ,459,7932
2025-12-30,SY-D-039,ภาคกลาง,376,6753
2025-12-30,SY-D-039,ภาคตะวันออก,270,4912
2025-12-30,SY-D-039,ภาคเหนือ,250,4204
2025-12-30,SY-D-039,ภาคใต้,322,5810
2025-12-30,AG-E-052,กรุงเทพฯ,136,2114
2025-12-30,AG-E-052,ภาคกลาง,98,1715
2025-12-30,AG-E-052,ภาคตะวันออก,76,1279
2025-12-30,AG-E-052,ภาคเหนือ,71,1339
2025-12-30,AG-E-052,ภาคใต้,92,1460
2025-12-31,TK-A-001,กรุงเทพฯ,179,3545
2025-12-31,TK-A-001,ภาคกลาง,152,2589
2025-12-31,TK-A-001,ภาคตะวันออก,102,1728
2025-12-31,TK-A-001,ภาคเหนือ,90,1766
2025-12-31,TK-A-001,ภาคใต้,128,1872
2025-12-31,GL-B-014,กรุงเทพฯ,953,16210
2025-12-31,GL-B-014,ภาคกลาง,736,14195
2025-12-31,GL-B-014,ภาคตะวันออก,544,11299
2025-12-31,GL-B-014,ภาคเหนือ,509,8230
2025-12-31,GL-B-014,ภาคใต้,562,10033
2025-12-31,MK-C-028,กรุงเทพฯ,620,11120
2025-12-31,MK-C-028,ภาคกลาง,552,9532
2025-12-31,MK-C-028,ภาคตะวันออก,414,7948
2025-12-31,MK-C-028,ภาคเหนือ,386,6295
2025-12-31,MK-C-028,ภาคใต้,484,7865
2025-12-31,SY-D-039,กรุงเทพฯ,459,7153
2025-12-31,SY-D-039,ภาคกลาง,356,6106
2025-12-31,SY-D-039,ภาคตะวันออก,283,4304
2025-12-31,SY-D-039,ภาคเหนือ,242,3905
2025-12-31,SY-D-039,ภาคใต้,285,5182
2025-12-31,AG-E-052,กรุงเทพฯ,147,2514
2025-12-31,AG-E-052,ภาคกลาง,100,1909
2025-12-31,AG-E-052,ภาคตะวันออก,80,1287
2025-12-31,AG-E-052,ภาคเหนือ,71,1233
2025-12-31,AG-E-052,ภาคใต้,90,1420
2026-01-01,TK-A-001,กรุงเทพฯ,171,3665
2026-01-01,TK-A-001,ภาคกลาง,140,2903
2026-01-01,TK-A-001,ภาคตะวันออก,105,2068
2026-01-01,TK-A-001,ภาคเหนือ,87,1928
2026-01-01,TK-A-001,ภาคใต้,123,2142
2026-01-01,GL-B-014,กรุงเทพฯ,985,19058
2026-01-01,GL-B-014,ภาคกลาง,692,11801
2026-01-01,GL-B-014,ภาคตะวันออก,594,9440
2026-01-01,GL-B-014,ภาคเหนือ,522,9261
2026-01-01,GL-B-014,ภาคใต้,611,9629
2026-01-01,MK-C-028,กรุงเทพฯ,719,10408
2026-01-01,MK-C-028,ภาคกลาง,505,8759
2026-01-01,MK-C-028,ภาคตะวันออก,385,7685
2026-01-01,MK-C-028,ภาคเหนือ,391,7283
2026-01-01,MK-C-028,ภาคใต้,430,7819
2026-01-01,SY-D-039,กรุงเทพฯ,409,7749
2026-01-01,SY-D-039,ภาคกลาง,330,5855
2026-01-01,SY-D-039,ภาคตะวันออก,249,4304
2026-01-01,SY-D-039,ภาคเหนือ,220,4446
2026-01-01,SY-D-039,ภาคใต้,273,5014
2026-01-01,AG-E-052,กรุงเทพฯ,134,2082
2026-01-01,AG-E-052,ภาคกลาง,105,2116
2026-01-01,AG-E-052,ภาคตะวันออก,75,1326
2026-01-01,AG-E-052,ภาคเหนือ,78,1273
2026-01-01,AG-E-052,ภาคใต้,90,1452
2026-01-02,TK-A-001,กรุงเทพฯ,177,3284
2026-01-02,TK-A-001,ภาคกลาง,153,2252
2026-01-02,TK-A-001,ภาคตะวันออก,118,1799
2026-01-02,TK-A-001,ภาคเหนือ,87,1879
2026-01-02,TK-A-001,ภาคใต้,119,2080
2026-01-02,GL-B-014,กรุงเทพฯ,958,15075
2026-01-02,GL-B-014,ภาคกลาง,728,13684
2026-01-02,GL-B-014,ภาคตะวันออก,575,9214
2026-01-02,GL-B-014,ภาคเหนือ,491,9486
2026-01-02,GL-B-014,ภาคใต้,664,12592
2026-01-02,MK-C-028,กรุงเทพฯ,642,12487
2026-01-02,MK-C-028,ภาคกลาง,495,8785
2026-01-02,MK-C-028,ภาคตะวันออก,433,7135
2026-01-02,MK-C-028,ภาคเหนือ,358,5664
2026-01-02,MK-C-028,ภาคใต้,427,8472
2026-01-02,SY-D-039,กรุงเทพฯ,418,8687
2026-01-02,SY-D-039,ภาคกลาง,369,5563
2026-01-02,SY-D-039,ภาคตะวันออก,291,4345
2026-01-02,SY-D-039,ภาคเหนือ,243,3876
2026-01-02,SY-D-039,ภาคใต้,304,5952
2026-01-02,AG-E-052,กรุงเทพฯ,137,2638
2026-01-02,AG-E-052,ภาคกลาง,106,1914
2026-01-02,AG-E-052,ภาคตะวันออก,75,1476
2026-01-02,AG-E-052,ภาคเหนือ,73,1219
2026-01-02,AG-E-052,ภาคใต้,81,1386
2026-01-03,TK-A-001,กรุงเทพฯ,176,3419
2026-01-03,TK-A-001,ภาคกลาง,132,2442
2026-01-03,TK-A-001,ภาคตะวันออก,104,1918
2026-01-03,TK-A-001,ภาคเหนือ,98,1679
2026-01-03,TK-A-001,ภาคใต้,119,1886
2026-01-03,GL-B-014,กรุงเทพฯ,997,14813
2026-01-03,GL-B-014,ภาคกลาง,700,12622
2026-01-03,GL-B-014,ภาคตะวันออก,582,9595
2026-01-03,GL-B-014,ภาคเหนือ,482,7789
2026-01-03,GL-B-014,ภาคใต้,562,12666
2026-01-03,MK-C-028,กรุงเทพฯ,717,11373
2026-01-03,MK-C-028,ภาคกลาง,588,9535
2026-01-03,MK-C-028,ภาคตะวันออก,414,7557
2026-01-03,MK-C-028,ภาคเหนือ,326,6150
2026-01-03,MK-C-028,ภาคใต้,484,8173
2026-01-03,SY-D-039,กรุงเทพฯ,409,9109
2026-01-03,SY-D-039,ภาคกลาง,334,7427
2026-01-03,SY-D-039,ภาคตะวันออก,286,5010
2026-01-03,SY-D-039,ภาคเหนือ,260,4647
2026-01-03,SY-D-039,ภาคใต้,275,5042
2026-01-03,AG-E-052,กรุงเทพฯ,136,2179
2026-01-03,AG-E-052,ภาคกลาง,118,1816
2026-01-03,AG-E-052,ภาคตะวันออก,85,1532
2026-01-03,AG-E-052,ภาคเหนือ,79,1446
2026-01-03,AG-E-052,ภาคใต้,86,1759
2026-01-04,TK-A-001,กรุงเทพฯ,174,3198
2026-01-04,TK-A-001,ภาคกลาง,151,2964
2026-01-04,TK-A-001,ภาคตะวันออก,103,2029
2026-01-04,TK-A-001,ภาคเหนือ,97,1846
2026-01-04,TK-A-001,ภาคใต้,116,2011
2026-01-04,GL-B-014,กรุงเทพฯ,852,18836
2026-01-04,GL-B-014,ภาคกลาง,717,14512
2026-01-04,GL-B-014,ภาคตะวันออก,527,8828
2026-01-04,GL-B-014,ภาคเหนือ,490,8764
2026-01-04,GL-B-014,ภาคใต้,621,10712
2026-01-04,MK-C-028,กรุงเทพฯ,711,12603
2026-01-04,MK-C-028,ภาคกลาง,518,10961
2026-01-04,MK-C-028,ภาคตะวันออก,382,8083
2026-01-04,MK-C-028,ภาคเหนือ,338,6531
2026-01-04,MK-C-028,ภาคใต้,423,8150
2026-01-04,SY-D-039,กรุงเทพฯ,435,7767
2026-01-04,SY-D-039,ภาคกลาง,335,6038
2026-01-04,SY-D-039,ภาคตะวันออก,257,4356
2026-01-04,SY-D-039,ภาคเหนือ,231,4634
2026-01-04,SY-D-039,ภาคใต้,311,5307
2026-01-04,AG-E-052,กรุงเทพฯ,137,2763
2026-01-04,AG-E-052,ภาคกลาง,100,1864
2026-01-04,AG-E-052,ภาคตะวันออก,77,1460
2026-01-04,AG-E-052,ภาคเหนือ,72,1263
2026-01-04,AG-E-052,ภาคใต้,98,1641
2026-01-05,TK-A-001,กรุงเทพฯ,190,3708
2026-01-05,TK-A-001,ภาคกลาง,137,2225
2026-01-05,TK-A-001,ภาคตะวันออก,110,2023
2026-01-05,TK-A-001,ภาคเหนือ,96,1905
2026-01-05,TK-A-001,ภาคใต้,121,2145
2026-01-05,GL-B-014,กรุงเทพฯ,997,17547
2026-01-05,GL-B-014,ภาคกลาง,675,11489
2026-01-05,GL-B-014,ภาคตะวันออก,514,10817
2026-01-05,GL-B-014,ภาคเหนือ,471,8782
2026-01-05,GL-B-014,ภาคใต้,681,9731
2026-01-05,MK-C-028,กรุงเทพฯ,704,10649
2026-01-05,MK-C-028,ภาคกลาง,546,9011
2026-01-05,MK-C-028,ภาคตะวันออก,404,7636
2026-01-05,MK-C-028,ภาคเหนือ,377,6496
2026-01-05,MK-C-028,ภาคใต้,451,8058
2026-01-05,SY-D-039,กรุงเทพฯ,409,7873
2026-01-05,SY-D-039,ภาคกลาง,343,6814
2026-01-05,SY-D-039,ภาคตะวันออก,255,4269
2026-01-05,SY-D-039,ภาคเหนือ,237,3899
2026-01-05,SY-D-039,ภาคใต้,274,5340
2026-01-05,AG-E-052,กรุงเทพฯ,126,2069
2026-01-05,AG-E-052,ภาคกลาง,118,1784
2026-01-05,AG-E-052,ภาคตะวันออก,81,1300
2026-01-05,AG-E-052,ภาคเหนือ,73,1115
2026-01-05,AG-E-052,ภาคใต้,90,1801
2026-01-06,TK-A-001,กรุงเทพฯ,172,3725
2026-01-06,TK-A-001,ภาคกลาง,145,2688
2026-01-06,TK-A-001,ภาคตะวันออก,107,1826
2026-01-06,TK-A-001,ภาคเหนือ,105,1719
2026-01-06,TK-A-001,ภาคใต้,117,2299
2026-01-06,GL-B-014,กรุงเทพฯ,931,19173
2026-01-06,GL-B-014,ภาคกลาง,713,12542
2026-01-06,GL-B-014,ภาคตะวันออก,563,11264
2026-01-06,GL-B-014,ภาคเหนือ,487,8775
2026-01-06,GL-B-014,ภาคใต้,567,9738
2026-01-06,MK-C-028,กรุงเทพฯ,677,11203
2026-01-06,MK-C-028,ภาคกลาง,586,9683
2026-01-06,MK-C-028,ภาคตะวันออก,366,7624
2026-01-06,MK-C-028,ภาคเหนือ,368,5905
2026-01-06,MK-C-028,ภาคใต้,477,9302
2026-01-06,SY-D-039,กรุงเทพฯ,474,8937
2026-01-06,SY-D-039,ภาคกลาง,336,7252
2026-01-06,SY-D-039,ภาคตะวันออก,254,5079
2026-01-06,SY-D-039,ภาคเหนือ,253,4286
2026-01-06,SY-D-039,ภาคใต้,323,5251
2026-01-06,AG-E-052,กรุงเทพฯ,129,2479
2026-01-06,AG-E-052,ภาคกลาง,107,2086
2026-01-06,AG-E-052,ภาคตะวันออก,74,1332
2026-01-06,AG-E-052,ภาคเหนือ,66,1310
2026-01-06,AG-E-052,ภาคใต้,92,1721
2026-01-07,TK-A-001,กรุงเทพฯ,196,3247
2026-01-07,TK-A-001,ภาคกลาง,151,2942
2026-01-07,TK-A-001,ภาคตะวันออก,99,1763
2026-01-07,TK-A-001,ภาคเหนือ,91,1931
2026-01-07,TK-A-001,ภาคใต้,129,2397
2026-01-07,GL-B-014,กรุงเทพฯ,989,15718
2026-01-07,GL-B-014,ภาคกลาง,789,12050
2026-01-07,GL-B-014,ภาคตะวันออก,590,9020
2026-01-07,GL-B-014,ภาคเหนือ,451,8682
2026-01-07,GL-B-014,ภาคใต้,599,10981
2026-01-07,MK-C-028,กรุงเทพฯ,611,13597
2026-01-07,MK-C-028,ภาคกลาง,496,8341
2026-01-07,MK-C-028,ภาคตะวันออก,442,7775
2026-01-07,MK-C-028,ภาคเหนือ,370,7386
2026-01-07,MK-C-028,ภาคใต้,439,8865
2026-01-07,SY-D-039,กรุงเทพฯ,477,8197
2026-01-07,SY-D-039,ภาคกลาง,376,6055
2026-01-07,SY-D-039,ภาคตะวันออก,244,5057
2026-01-07,SY-D-039,ภาคเหนือ,234,4024
2026-01-07,SY-D-039,ภาคใต้,290,5253
2026-01-07,AG-E-052,กรุงเทพฯ,138,2727
2026-01-07,AG-E-052,ภาคกลาง,108,1863
2026-01-07,AG-E-052,ภาคตะวันออก,77,1252
2026-01-07,AG-E-052,ภาคเหนือ,70,1178
2026-01-07,AG-E-052,ภาคใต้,91,1756
2026-01-08,TK-A-001,กรุงเทพฯ,172,2891
2026-01-08,TK-A-001,ภาคกลาง,148,2438
2026-01-08,TK-A-001,ภาคตะวันออก,100,1983
2026-01-08,TK-A-001,ภาคเหนือ,95,1482
2026-01-08,TK-A-001,ภาคใต้,108,1904
2026-01-08,GL-B-014,กรุงเทพฯ,981,16118
2026-01-08,GL-B-014,ภาคกลาง,801,13816
2026-01-08,GL-B-014,ภาคตะวันออก,526,11102
2026-01-08,GL-B-014,ภาคเหนือ,533,9210
2026-01-08,GL-B-014,ภาคใต้,562,12094
2026-01-08,MK-C-028,กรุงเทพฯ,694,11015
2026-01-08,MK-C-028,ภาคกลาง,561,9002
2026-01-08,MK-C-028,ภาคตะวันออก,415,7015
2026-01-08,MK-C-028,ภาคเหนือ,381,5537
2026-01-08,MK-C-028,ภาคใต้,411,7930
2026-01-08,SY-D-039,กรุงเทพฯ,440,7589
2026-01-08,SY-D-039,ภาคกลาง,332,6964
2026-01-08,SY-D-039,ภาคตะวันออก,262,5392
2026-01-08,SY-D-039,ภาคเหนือ,228,3904
2026-01-08,SY-D-039,ภาคใต้,326,6049
2026-01-08,AG-E-052,กรุงเทพฯ,123,2759
2026-01-08,AG-E-052,ภาคกลาง,111,1798
2026-01-08,AG-E-052,ภาคตะวันออก,88,1496
2026-01-08,AG-E-052,ภาคเหนือ,72,1222
2026-01-08,AG-E-052,ภาคใต้,85,1588
2026-01-09,TK-A-001,กรุงเทพฯ,187,3387
2026-01-09,TK-A-001,ภาคกลาง,130,2769
2026-01-09,TK-A-001,ภาคตะวันออก,116,2219
2026-01-09,TK-A-001,ภาคเหนือ,99,1620
2026-01-09,TK-A-001,ภาคใต้,131,1900
2026-01-09,GL-B-014,กรุงเทพฯ,900,15739
2026-01-09,GL-B-014,ภาคกลาง,743,11779
2026-01-09,GL-B-014,ภาคตะวันออก,571,10729
2026-01-09,GL-B-014,ภาคเหนือ,479,9522
2026-01-09,GL-B-014,ภาคใต้,665,10719
2026-01-09,MK-C-028,กรุงเทพฯ,635,12994
2026-01-09,MK-C-028,ภาคกลาง,542,9978
2026-01-09,MK-C-028,ภาคตะวันออก,389,8066
2026-01-09,MK-C-028,ภาคเหนือ,333,5856
2026-01-09,MK-C-028,ภาคใต้,476,7829
2026-01-09,SY-D-039,กรุงเทพฯ,429,9222
2026-01-09,SY-D-039,ภาคกลาง,359,6902
2026-01-09,SY-D-039,ภาคตะวันออก,294,4191
2026-01-09,SY-D-039,ภาคเหนือ,238,4017
2026-01-09,SY-D-039,ภาคใต้,329,5937
2026-01-09,AG-E-052,กรุงเทพฯ,128,2536
2026-01-09,AG-E-052,ภาคกลาง,109,1806
2026-01-09,AG-E-052,ภาคตะวันออก,88,1244
2026-01-09,AG-E-052,ภาคเหนือ,79,1412
2026-01-09,AG-E-052,ภาคใต้,84,1812
2026-01-10,TK-A-001,กรุงเทพฯ,197,2906
2026-01-10,TK-A-001,ภาคกลาง,150,2238
2026-01-10,TK-A-001,ภาคตะวันออก,116,2160
2026-01-10,TK-A-001,ภาคเหนือ,86,1469
2026-01-10,TK-A-001,ภาคใต้,123,1899
2026-01-10,GL-B-014,กรุงเทพฯ,946,16557
2026-01-10,GL-B-014,ภาคกลาง,758,12563
2026-01-10,GL-B-014,ภาคตะวันออก,608,10638
2026-01-10,GL-B-014,ภาคเหนือ,494,9348
2026-01-10,GL-B-014,ภาคใต้,624,11109
2026-01-10,MK-C-028,กรุงเทพฯ,719,12067
2026-01-10,MK-C-028,ภาคกลาง,511,9457
2026-01-10,MK-C-028,ภาคตะวันออก,386,7921
2026-01-10,MK-C-028,ภาคเหนือ,331,6424
2026-01-10,MK-C-028,ภาคใต้,456,9200
2026-01-10,SY-D-039,กรุงเทพฯ,482,7621
2026-01-10,SY-D-039,ภาคกลาง,336,5664
2026-01-10,SY-D-039,ภาคตะวันออก,278,4873
2026-01-10,SY-D-039,ภาคเหนือ,242,4206
2026-01-10,SY-D-039,ภาคใต้,327,6029
2026-01-10,AG-E-052,กรุงเทพฯ,142,2116
2026-01-10,AG-E-052,ภาคกลาง,109,1973
2026-01-10,AG-E-052,ภาคตะวันออก,74,1590
2026-01-10,AG-E-052,ภาคเหนือ,66,1180
2026-01-10,AG-E-052,ภาคใต้,85,1679
2026-01-11,TK-A-001,กรุงเทพฯ,194,2865
2026-01-11,TK-A-001,ภาคกลาง,135,2577
2026-01-11,TK-A-001,ภาคตะวันออก,104,1965
2026-01-11,TK-A-001,ภาคเหนือ,106,1657
2026-01-11,TK-A-001,ภาคใต้,118,2202
2026-01-11,GL-B-014,กรุงเทพฯ,888,16450
2026-01-11,GL-B-014,ภาคกลาง,806,14389
2026-01-11,GL-B-014,ภาคตะวันออก,570,9119
2026-01-11,GL-B-014,ภาคเหนือ,534,10081
2026-01-11,GL-B-014,ภาคใต้,640,11489
2026-01-11,MK-C-028,กรุงเทพฯ,652,10719
2026-01-11,MK-C-028,ภาคกลาง,579,10713
2026-01-11,MK-C-028,ภาคตะวันออก,405,6855
2026-01-11,MK-C-028,ภาคเหนือ,386,5744
2026-01-11,MK-C-028,ภาคใต้,441,8660
2026-01-11,SY-D-039,กรุงเทพฯ,440,8084
2026-01-11,SY-D-039,ภาคกลาง,395,7031
2026-01-11,SY-D-039,ภาคตะวันออก,293,5378
2026-01-11,SY-D-039,ภาคเหนือ,257,4401
2026-01-11,SY-D-039,ภาคใต้,296,5382
2026-01-11,AG-E-052,กรุงเทพฯ,138,2078
2026-01-11,AG-E-052,ภาคกลาง,101,2111
2026-01-11,AG-E-052,ภาคตะวันออก,78,1645
2026-01-11,AG-E-052,ภาคเหนือ,65,1126
2026-01-11,AG-E-052,ภาคใต้,99,1502
2026-01-12,TK-A-001,กรุงเทพฯ,172,3315
2026-01-12,TK-A-001,ภาคกลาง,136,2701
2026-01-12,TK-A-001,ภาคตะวันออก,106,1751
2026-01-12,TK-A-001,ภาคเหนือ,97,1477
2026-01-12,TK-A-001,ภาคใต้,122,1937
2026-01-12,GL-B-014,กรุงเทพฯ,984,17629
2026-01-12,GL-B-014,ภาคกลาง,782,12795
2026-01-12,GL-B-014,ภาคตะวันออก,503,9322
2026-01-12,GL-B-014,ภาคเหนือ,517,8619
2026-01-12,GL-B-014,ภาคใต้,586,10875
2026-01-12,MK-C-028,กรุงเทพฯ,650,12820
2026-01-12,MK-C-028,ภาคกลาง,557,8832
2026-01-12,MK-C-028,ภาคตะวันออก,424,7886
2026-01-12,MK-C-028,ภาคเหนือ,351,6345
2026-01-12,MK-C-028,ภาคใต้,475,8769
2026-01-12,SY-D-039,กรุงเทพฯ,427,8296
2026-01-12,SY-D-039,ภาคกลาง,340,6018
2026-01-12,SY-D-039,ภาคตะวันออก,284,5384
2026-01-12,SY-D-039,ภาคเหนือ,260,4751
2026-01-12,SY-D-039,ภาคใต้,325,5606
2026-01-12,AG-E-052,กรุงเทพฯ,122,2119
2026-01-12,AG-E-052,ภาคกลาง,111,1841
2026-01-12,AG-E-052,ภาคตะวันออก,84,1583
2026-01-12,AG-E-052,ภาคเหนือ,77,1278
2026-01-12,AG-E-052,ภาคใต้,82,1676
2026-01-13,TK-A-001,กรุงเทพฯ,189,3153
2026-01-13,TK-A-001,ภาคกลาง,143,2577
2026-01-13,TK-A-001,ภาคตะวันออก,110,1714
2026-01-13,TK-A-001,ภาคเหนือ,100,1702
2026-01-13,TK-A-001,ภาคใต้,108,2310
2026-01-13,GL-B-014,กรุงเทพฯ,970,18893
2026-01-13,GL-B-014,ภาคกลาง,765,11896
2026-01-13,GL-B-014,ภาคตะวันออก,521,9544
2026-01-13,GL-B-014,ภาคเหนือ,537,9002
2026-01-13,GL-B-014,ภาคใต้,681,11563
2026-01-13,MK-C-028,กรุงเทพฯ,626,12936
2026-01-13,MK-C-028,ภาคกลาง,529,9161
2026-01-13,MK-C-028,ภาคตะวันออก,424,8036
2026-01-13,MK-C-028,ภาคเหนือ,331,7268
2026-01-13,MK-C-028,ภาคใต้,410,7896
2026-01-13,SY-D-039,กรุงเทพฯ,434,8971
2026-01-13,SY-D-039,ภาคกลาง,369,6009
2026-01-13,SY-D-039,ภาคตะวันออก,283,4758
2026-01-13,SY-D-039,ภาคเหนือ,256,4184
2026-01-13,SY-D-039,ภาคใต้,284,4809
2026-01-13,AG-E-052,กรุงเทพฯ,135,2213
2026-01-13,AG-E-052,ภาคกลาง,104,2025
2026-01-13,AG-E-052,ภาคตะวันออก,87,1357
2026-01-13,AG-E-052,ภาคเหนือ,74,1194
2026-01-13,AG-E-052,ภาคใต้,93,1765
2026-01-14,TK-A-001,กรุงเทพฯ,173,3084
2026-01-14,TK-A-001,ภาคกลาง,154,2590
2026-01-14,TK-A-001,ภาคตะวันออก,103,1978
2026-01-14,TK-A-001,ภาคเหนือ,94,1622
2026-01-14,TK-A-001,ภาคใต้,121,2051
2026-01-14,GL-B-014,กรุงเทพฯ,1016,15913
2026-01-14,GL-B-014,ภาคกลาง,766,12162
2026-01-14,GL-B-014,ภาคตะวันออก,514,8705
2026-01-14,GL-B-014,ภาคเหนือ,459,7842
2026-01-14,GL-B-014,ภาคใต้,662,10668
2026-01-14,MK-C-028,กรุงเทพฯ,705,11826
2026-01-14,MK-C-028,ภาคกลาง,552,8548
2026-01-14,MK-C-028,ภาคตะวันออก,420,7369
2026-01-14,MK-C-028,ภาคเหนือ,345,6514
2026-01-14,MK-C-028,ภาคใต้,486,7333
2026-01-14,SY-D-039,กรุงเทพฯ,494,7405
2026-01-14,SY-D-039,ภาคกลาง,371,7089
2026-01-14,SY-D-039,ภาคตะวันออก,293,5344
2026-01-14,SY-D-039,ภาคเหนือ,236,4696
2026-01-14,SY-D-039,ภาคใต้,290,5627
2026-01-14,AG-E-052,กรุงเทพฯ,123,2216
2026-01-14,AG-E-052,ภาคกลาง,109,1969
2026-01-14,AG-E-052,ภาคตะวันออก,73,1443
2026-01-14,AG-E-052,ภาคเหนือ,69,1216
2026-01-14,AG-E-052,ภาคใต้,94,1404
2026-01-15,TK-A-001,กรุงเทพฯ,175,3636
2026-01-15,TK-A-001,ภาคกลาง,157,2300
2026-01-15,TK-A-001,ภาคตะวันออก,109,1985
2026-01-15,TK-A-001,ภาคเหนือ,94,1867
2026-01-15,TK-A-001,ภาคใต้,109,2175
2026-01-15,GL-B-014,กรุงเทพฯ,869,14987
2026-01-15,GL-B-014,ภาคกลาง,779,14242
2026-01-15,GL-B-014,ภาคตะวันออก,594,11186
2026-01-15,GL-B-014,ภาคเหนือ,491,8173
2026-01-15,GL-B-014,ภาคใต้,567,10268
2026-01-15,MK-C-028,กรุงเทพฯ,710,12951
2026-01-15,MK-C-028,ภาคกลาง,525,8787
2026-01-15,MK-C-028,ภาคตะวันออก,403,7316
2026-01-15,MK-C-028,ภาคเหนือ,345,6055
2026-01-15,MK-C-028,ภาคใต้,440,8952
2026-01-15,SY-D-039,กรุงเทพฯ,456,9091
2026-01-15,SY-D-039,ภาคกลาง,347,6730
2026-01-15,SY-D-039,ภาคตะวันออก,297,4700
2026-01-15,SY-D-039,ภาคเหนือ,262,4527
2026-01-15,SY-D-039,ภาคใต้,312,6203
2026-01-15,AG-E-052,กรุงเทพฯ,145,2122
2026-01-15,AG-E-052,ภาคกลาง,106,2165
2026-01-15,AG-E-052,ภาคตะวันออก,85,1508
2026-01-15,AG-E-052,ภาคเหนือ,76,1253
2026-01-15,AG-E-052,ภาคใต้,94,1763
2026-01-16,TK-A-001,กรุงเทพฯ,188,3128
2026-01-16,TK-A-001,ภาคกลาง,138,2413
2026-01-16,TK-A-001,ภาคตะวันออก,112,1901
2026-01-16,TK-A-001,ภาคเหนือ,90,1912
2026-01-16,TK-A-001,ภาคใต้,110,1847
2026-01-16,GL-B-014,กรุงเทพฯ,908,19243
2026-01-16,GL-B-014,ภาคกลาง,808,12443
2026-01-16,GL-B-014,ภาคตะวันออก,600,10724
2026-01-16,GL-B-014,ภาคเหนือ,475,9158
2026-01-16,GL-B-014,ภาคใต้,678,10478
2026-01-16,MK-C-028,กรุงเทพฯ,656,11780
2026-01-16,MK-C-028,ภาคกลาง,520,8593
2026-01-16,MK-C-028,ภาคตะวันออก,402,8116
2026-01-16,MK-C-028,ภาคเหนือ,382,6755
2026-01-16,MK-C-028,ภาคใต้,447,7411
2026-01-16,SY-D-039,กรุงเทพฯ,426,7721
2026-01-16,SY-D-039,ภาคกลาง,337,5518
2026-01-16,SY-D-039,ภาคตะวันออก,244,5467
2026-01-16,SY-D-039,ภาคเหนือ,257,4485
2026-01-16,SY-D-039,ภาคใต้,316,5112
2026-01-16,AG-E-052,กรุงเทพฯ,145,2660
2026-01-16,AG-E-052,ภาคกลาง,104,1884
2026-01-16,AG-E-052,ภาคตะวันออก,74,1568
2026-01-16,AG-E-052,ภาคเหนือ,70,1121
2026-01-16,AG-E-052,ภาคใต้,91,1551
2026-01-17,TK-A-001,กรุงเทพฯ,167,3047
2026-01-17,TK-A-001,ภาคกลาง,151,2723
2026-01-17,TK-A-001,ภาคตะวันออก,109,2064
2026-01-17,TK-A-001,ภาคเหนือ,104,1686
2026-01-17,TK-A-001,ภาคใต้,124,2417
2026-01-17,GL-B-014,กรุงเทพฯ,838,15448
2026-01-17,GL-B-014,ภาคกลาง,768,12529
2026-01-17,GL-B-014,ภาคตะวันออก,572,8908
2026-01-17,GL-B-014,ภาคเหนือ,495,8062
2026-01-17,GL-B-014,ภาคใต้,593,12791
2026-01-17,MK-C-028,กรุงเทพฯ,609,13281
2026-01-17,MK-C-028,ภาคกลาง,591,9952
2026-01-17,MK-C-028,ภาคตะวันออก,375,6417
2026-01-17,MK-C-028,ภาคเหนือ,351,5528
2026-01-17,MK-C-028,ภาคใต้,432,7110
2026-01-17,SY-D-039,กรุงเทพฯ,486,8376
2026-01-17,SY-D-039,ภาคกลาง,360,6261
2026-01-17,SY-D-039,ภาคตะวันออก,286,4154
2026-01-17,SY-D-039,ภาคเหนือ,241,3759
2026-01-17,SY-D-039,ภาคใต้,288,5471
2026-01-17,AG-E-052,กรุงเทพฯ,123,2705
2026-01-17,AG-E-052,ภาคกลาง,108,1868
2026-01-17,AG-E-052,ภาคตะวันออก,87,1537
2026-01-17,AG-E-052,ภาคเหนือ,73,1114
2026-01-17,AG-E-052,ภาคใต้,94,1599
2026-01-18,TK-A-001,กรุงเทพฯ,196,2969
2026-01-18,TK-A-001,ภาคกลาง,142,2477
2026-01-18,TK-A-001,ภาคตะวันออก,108,2226
2026-01-18,TK-A-001,ภาคเหนือ,102,1754
2026-01-18,TK-A-001,ภาคใต้,114,2290
2026-01-18,GL-B-014,กรุงเทพฯ,921,19180
2026-01-18,GL-B-014,ภาคกลาง,775,13518
2026-01-18,GL-B-014,ภาคตะวันออก,562,9009
2026-01-18,GL-B-014,ภาคเหนือ,451,8030
2026-01-18,GL-B-014,ภาคใต้,659,11335
2026-01-18,MK-C-028,กรุงเทพฯ,723,10531
2026-01-18,MK-C-028,ภาคกลาง,546,9637
2026-01-18,MK-C-028,ภาคตะวันออก,384,7317
2026-01-18,MK-C-028,ภาคเหนือ,328,5961
2026-01-18,MK-C-028,ภาคใต้,474,7584
2026-01-18,SY-D-039,กรุงเทพฯ,416,7024
2026-01-18,SY-D-039,ภาคกลาง,353,6604
2026-01-18,SY-D-039,ภาคตะวันออก,257,4311
2026-01-18,SY-D-039,ภาคเหนือ,238,4274
2026-01-18,SY-D-039,ภาคใต้,279,5527
2026-01-18,AG-E-052,กรุงเทพฯ,128,2428
2026-01-18,AG-E-052,ภาคกลาง,114,1945
2026-01-18,AG-E-052,ภาคตะวันออก,84,1481
2026-01-18,AG-E-052,ภาคเหนือ,67,1141
2026-01-18,AG-E-052,ภาคใต้,92,1550
2026-01-19,TK-A-001,กรุงเทพฯ,188,3393
2026-01-19,TK-A-001,ภาคกลาง,151,2612
2026-01-19,TK-A-001,ภาคตะวันออก,115,2211
2026-01-19,TK-A-001,ภาคเหนือ,96,1782
2026-01-19,TK-A-001,ภาคใต้,118,2021
2026-01-19,GL-B-014,กรุงเทพฯ,914,17834
2026-01-19,GL-B-014,ภาคกลาง,763,12043
2026-01-19,GL-B-014,ภาคตะวันออก,591,10831
2026-01-19,GL-B-014,ภาคเหนือ,483,8766
2026-01-19,GL-B-014,ภาคใต้,634,10243
2026-01-19,MK-C-028,กรุงเทพฯ,614,11822
2026-01-19,MK-C-028,ภาคกลาง,588,8523
2026-01-19,MK-C-028,ภาคตะวันออก,397,6314
2026-01-19,MK-C-028,ภาคเหนือ,394,6252
2026-01-19,MK-C-028,ภาคใต้,471,8364
2026-01-19,SY-D-039,กรุงเทพฯ,415,7722
2026-01-19,SY-D-039,ภาคกลาง,345,5541
2026-01-19,SY-D-039,ภาคตะวันออก,292,4553
2026-01-19,SY-D-039,ภาคเหนือ,235,3681
2026-01-19,SY-D-039,ภาคใต้,309,5547
2026-01-19,AG-E-052,กรุงเทพฯ,135,2663
2026-01-19,AG-E-052,ภาคกลาง,118,1892
2026-01-19,AG-E-052,ภาคตะวันออก,82,1614
2026-01-19,AG-E-052,ภาคเหนือ,77,1132
2026-01-19,AG-E-052,ภาคใต้,88,1745
2026-01-20,TK-A-001,กรุงเทพฯ,183,2984
2026-01-20,TK-A-001,ภาคกลาง,137,2715
2026-01-20,TK-A-001,ภาคตะวันออก,97,1758
2026-01-20,TK-A-001,ภาคเหนือ,100,1830
2026-01-20,TK-A-001,ภาคใต้,129,2482
2026-01-20,GL-B-014,กรุงเทพฯ,859,19001
2026-01-20,GL-B-014,ภาคกลาง,797,13002
2026-01-20,GL-B-014,ภาคตะวันออก,528,9769
2026-01-20,GL-B-014,ภาคเหนือ,458,8791
2026-01-20,GL-B-014,ภาคใต้,655,11749
2026-01-20,MK-C-028,กรุงเทพฯ,629,11918
2026-01-20,MK-C-028,ภาคกลาง,593,9607
2026-01-20,MK-C-028,ภาคตะวันออก,384,7779
2026-01-20,MK-C-028,ภาคเหนือ,383,5716
2026-01-20,MK-C-028,ภาคใต้,480,7598
2026-01-20,SY-D-039,กรุงเทพฯ,467,8515
2026-01-20,SY-D-039,ภาคกลาง,381,5956
2026-01-20,SY-D-039,ภาคตะวันออก,272,4612
2026-01-20,SY-D-039,ภาคเหนือ,226,4312
2026-01-20,SY-D-039,ภาคใต้,283,4788
2026-01-20,AG-E-052,กรุงเทพฯ,125,2526
2026-01-20,AG-E-052,ภาคกลาง,110,1823
2026-01-20,AG-E-052,ภาคตะวันออก,84,1378
2026-01-20,AG-E-052,ภาคเหนือ,79,1393
2026-01-20,AG-E-052,ภาคใต้,81,1800
2026-01-21,TK-A-001,กรุงเทพฯ,178,3159
2026-01-21,TK-A-001,ภาคกลาง,147,2296
2026-01-21,TK-A-001,ภาคตะวันออก,115,1929
2026-01-21,TK-A-001,ภาคเหนือ,93,1612
2026-01-21,TK-A-001,ภาคใต้,122,2337
2026-01-21,GL-B-014,กรุงเทพฯ,959,17758
2026-01-21,GL-B-014,ภาคกลาง,704,15081
2026-01-21,GL-B-014,ภาคตะวันออก,564,10672
2026-01-21,GL-B-014,ภาคเหนือ,501,9782
2026-01-21,GL-B-014,ภาคใต้,603,12046
2026-01-21,MK-C-028,กรุงเทพฯ,706,12764
2026-01-21,MK-C-028,ภาคกลาง,573,10570
2026-01-21,MK-C-028,ภาคตะวันออก,438,7705
2026-01-21,MK-C-028,ภาคเหนือ,392,6272
2026-01-21,MK-C-028,ภาคใต้,458,7118
2026-01-21,SY-D-039,กรุงเทพฯ,494,7345
2026-01-21,SY-D-039,ภาคกลาง,382,5643
2026-01-21,SY-D-039,ภาคตะวันออก,273,5055
2026-01-21,SY-D-039,ภาคเหนือ,221,4665
2026-01-21,SY-D-039,ภาคใต้,316,6137
2026-01-21,AG-E-052,กรุงเทพฯ,137,2509
2026-01-21,AG-E-052,ภาคกลาง,113,1720
2026-01-21,AG-E-052,ภาคตะวันออก,85,1407
2026-01-21,AG-E-052,ภาคเหนือ,78,1465
2026-01-21,AG-E-052,ภาคใต้,98,1820
2026-01-22,TK-A-001,กรุงเทพฯ,176,3478
2026-01-22,TK-A-001,ภาคกลาง,135,2444
2026-01-22,TK-A-001,ภาคตะวันออก,102,1796
2026-01-22,TK-A-001,ภาคเหนือ,91,1516
2026-01-22,TK-A-001,ภาคใต้,125,2125
2026-01-22,GL-B-014,กรุงเทพฯ,1016,17482
2026-01-22,GL-B-014,ภาคกลาง,722,14606
2026-01-22,GL-B-014,ภาคตะวันออก,529,11147
2026-01-22,GL-B-014,ภาคเหนือ,519,10240
2026-01-22,GL-B-014,ภาคใต้,575,12433
2026-01-22,MK-C-028,กรุงเทพฯ,642,13656
2026-01-22,MK-C-028,ภาคกลาง,593,8998
2026-01-22,MK-C-028,ภาคตะวันออก,376,8080
2026-01-22,MK-C-028,ภาคเหนือ,375,5658
2026-01-22,MK-C-028,ภาคใต้,485,9178
2026-01-22,SY-D-039,กรุงเทพฯ,434,8796
2026-01-22,SY-D-039,ภาคกลาง,344,5900
2026-01-22,SY-D-039,ภาคตะวันออก,285,5097
2026-01-22,SY-D-039,ภาคเหนือ,224,3713
2026-01-22,SY-D-039,ภาคใต้,284,5125
2026-01-22,AG-E-052,กรุงเทพฯ,135,2657
2026-01-22,AG-E-052,ภาคกลาง,110,2086
2026-01-22,AG-E-052,ภาคตะวันออก,76,1621
2026-01-22,AG-E-052,ภาคเหนือ,66,1268
2026-01-22,AG-E-052,ภาคใต้,98,1480
2026-01-23,TK-A-001,กรุงเทพฯ,178,2758
2026-01-23,TK-A-001,ภาคกลาง,157,2646
2026-01-23,TK-A-001,ภาคตะวันออก,107,1792
2026-01-23,TK-A-001,ภาคเหนือ,95,1872
2026-01-23,TK-A-001,ภาคใต้,113,1942
2026-01-23,GL-B-014,กรุงเทพฯ,868,16888
2026-01-23,GL-B-014,ภาคกลาง,704,11422
2026-01-23,GL-B-014,ภาคตะวันออก,510,11308
2026-01-23,GL-B-014,ภาคเหนือ,531,10223
2026-01-23,GL-B-014,ภาคใต้,629,10985
2026-01-23,MK-C-028,กรุงเทพฯ,608,10827
2026-01-23,MK-C-028,ภาคกลาง,535,9249
2026-01-23,MK-C-028,ภาคตะวันออก,426,8082
2026-01-23,MK-C-028,ภาคเหนือ,353,6156
2026-01-23,MK-C-028,ภาคใต้,452,8757
2026-01-23,SY-D-039,กรุงเทพฯ,492,7721
2026-01-23,SY-D-039,ภาคกลาง,380,7386
2026-01-23,SY-D-039,ภาคตะวันออก,258,5015
2026-01-23,SY-D-039,ภาคเหนือ,216,4955
2026-01-23,SY-D-039,ภาคใต้,322,4956
2026-01-23,AG-E-052,กรุงเทพฯ,124,2750
2026-01-23,AG-E-052,ภาคกลาง,105,1802
2026-01-23,AG-E-052,ภาคตะวันออก,76,1475
2026-01-23,AG-E-052,ภาคเหนือ,78,1373
2026-01-23,AG-E-052,ภาคใต้,99,1460
2026-01-24,TK-A-001,กรุงเทพฯ,193,2814
2026-01-24,TK-A-001,ภาคกลาง,132,2304
2026-01-24,TK-A-001,ภาคตะวันออก,104,1882
2026-01-24,TK-A-001,ภาคเหนือ,93,1793
2026-01-24,TK-A-001,ภาคใต้,126,2404
2026-01-24,GL-B-014,กรุงเทพฯ,1001,15708
2026-01-24,GL-B-014,ภาคกลาง,788,13150
2026-01-24,GL-B-014,ภาคตะวันออก,505,9239
2026-01-24,GL-B-014,ภาคเหนือ,447,10197
2026-01-24,GL-B-014,ภาคใต้,585,12229
2026-01-24,MK-C-028,กรุงเทพฯ,626,10607
2026-01-24,MK-C-028,ภาคกลาง,584,10733
2026-01-24,MK-C-028,ภาคตะวันออก,435,7182
2026-01-24,MK-C-028,ภาคเหนือ,367,6917
2026-01-24,MK-C-028,ภาคใต้,413,7731
2026-01-24,SY-D-039,กรุงเทพฯ,493,8739
2026-01-24,SY-D-039,ภาคกลาง,372,6879
2026-01-24,SY-D-039,ภาคตะวันออก,270,5321
2026-01-24,SY-D-039,ภาคเหนือ,237,4782
2026-01-24,SY-D-039,ภาคใต้,272,5874
2026-01-24,AG-E-052,กรุงเทพฯ,144,2769
2026-01-24,AG-E-052,ภาคกลาง,104,2116
2026-01-24,AG-E-052,ภาคตะวันออก,80,1490
2026-01-24,AG-E-052,ภาคเหนือ,70,1457
2026-01-24,AG-E-052,ภาคใต้,86,1808
2026-01-25,TK-A-001,กรุงเทพฯ,164,3660
2026-01-25,TK-A-001,ภาคกลาง,147,2763
2026-01-25,TK-A-001,ภาคตะวันออก,116,1925
2026-01-25,TK-A-001,ภาคเหนือ,105,1577
2026-01-25,TK-A-001,ภาคใต้,130,2034
2026-01-25,GL-B-014,กรุงเทพฯ,989,17764
2026-01-25,GL-B-014,ภาคกลาง,785,15150
2026-01-25,GL-B-014,ภาคตะวันออก,507,9973
2026-01-25,GL-B-014,ภาคเหนือ,516,9187
2026-01-25,GL-B-014,ภาคใต้,634,9901
2026-01-25,MK-C-028,กรุงเทพฯ,627,11297
2026-01-25,MK-C-028,ภาคกลาง,489,10670
2026-01-25,MK-C-028,ภาคตะวันออก,441,7194
2026-01-25,MK-C-028,ภาคเหนือ,392,7125
2026-01-25,MK-C-028,ภาคใต้,407,8722
2026-01-25,SY-D-039,กรุงเทพฯ,444,8891
2026-01-25,SY-D-039,ภาคกลาง,391,6328
2026-01-25,SY-D-039,ภาคตะวันออก,254,4217
2026-01-25,SY-D-039,ภาคเหนือ,263,4351
2026-01-25,SY-D-039,ภาคใต้,310,5219
2026-01-25,AG-E-052,กรุงเทพฯ,135,2365
2026-01-25,AG-E-052,ภาคกลาง,108,2008
2026-01-25,AG-E-052,ภาคตะวันออก,82,1465
2026-01-25,AG-E-052,ภาคเหนือ,69,1389
2026-01-25,AG-E-052,ภาคใต้,92,1747
2026-01-26,TK-A-001,กรุงเทพฯ,175,2860
2026-01-26,TK-A-001,ภาคกลาง,151,2271
2026-01-26,TK-A-001,ภาคตะวันออก,110,1915
2026-01-26,TK-A-001,ภาคเหนือ,103,1911
2026-01-26,TK-A-001,ภาคใต้,121,2043
2026-01-26,GL-B-014,กรุงเทพฯ,955,14990
2026-01-26,GL-B-014,ภาคกลาง,714,13540
2026-01-26,GL-B-014,ภาคตะวันออก,588,9367
2026-01-26,GL-B-014,ภาคเหนือ,490,8969
2026-01-26,GL-B-014,ภาคใต้,660,12419
2026-01-26,MK-C-028,กรุงเทพฯ,733,12569
2026-01-26,MK-C-028,ภาคกลาง,553,9897
2026-01-26,MK-C-028,ภาคตะวันออก,415,8225
2026-01-26,MK-C-028,ภาคเหนือ,380,7365
2026-01-26,MK-C-028,ภาคใต้,418,7179
2026-01-26,SY-D-039,กรุงเทพฯ,455,8079
2026-01-26,SY-D-039,ภาคกลาง,373,5973
2026-01-26,SY-D-039,ภาคตะวันออก,271,4773
2026-01-26,SY-D-039,ภาคเหนือ,243,4445
2026-01-26,SY-D-039,ภาคใต้,278,6135
2026-01-26,AG-E-052,กรุงเทพฯ,132,2178
2026-01-26,AG-E-052,ภาคกลาง,117,1728
2026-01-26,AG-E-052,ภาคตะวันออก,88,1253
2026-01-26,AG-E-052,ภาคเหนือ,78,1245
2026-01-26,AG-E-052,ภาคใต้,88,1389
2026-01-27,TK-A-001,กรุงเทพฯ,190,3267
2026-01-27,TK-A-001,ภาคกลาง,143,2421
2026-01-27,TK-A-001,ภาคตะวันออก,110,2042
2026-01-27,TK-A-001,ภาคเหนือ,100,1745
2026-01-27,TK-A-001,ภาคใต้,131,2068
2026-01-27,GL-B-014,กรุงเทพฯ,936,16828
2026-01-27,GL-B-014,ภาคกลาง,727,14826
2026-01-27,GL-B-014,ภาคตะวันออก,526,9917
2026-01-27,GL-B-014,ภาคเหนือ,447,9322
2026-01-27,GL-B-014,ภาคใต้,666,12123
2026-01-27,MK-C-028,กรุงเทพฯ,705,10739
2026-01-27,MK-C-028,ภาคกลาง,583,9642
2026-01-27,MK-C-028,ภาคตะวันออก,428,6990
2026-01-27,MK-C-028,ภาคเหนือ,379,6654
2026-01-27,MK-C-028,ภาคใต้,414,8018
2026-01-27,SY-D-039,กรุงเทพฯ,463,6973
2026-01-27,SY-D-039,ภาคกลาง,389,6722
2026-01-27,SY-D-039,ภาคตะวันออก,286,4917
2026-01-27,SY-D-039,ภาคเหนือ,246,3716
2026-01-27,SY-D-039,ภาคใต้,289,5110
2026-01-27,AG-E-052,กรุงเทพฯ,146,2406
2026-01-27,AG-E-052,ภาคกลาง,115,1704
2026-01-27,AG-E-052,ภาคตะวันออก,79,1598
2026-01-27,AG-E-052,ภาคเหนือ,67,1189
2026-01-27,AG-E-052,ภาคใต้,87,1461
2026-01-28,TK-A-001,กรุงเทพฯ,169,3059
2026-01-28,TK-A-001,ภาคกลาง,146,2264
2026-01-28,TK-A-001,ภาคตะวันออก,106,1901
2026-01-28,TK-A-001,ภาคเหนือ,94,1552
2026-01-28,TK-A-001,ภาคใต้,120,2323
2026-01-28,GL-B-014,กรุงเทพฯ,956,15374
2026-01-28,GL-B-014,ภาคกลาง,747,13467
2026-01-28,GL-B-014,ภาคตะวันออก,609,9889
2026-01-28,GL-B-014,ภาคเหนือ,480,8431
2026-01-28,GL-B-014,ภาคใต้,667,10663
2026-01-28,MK-C-028,กรุงเทพฯ,634,11050
2026-01-28,MK-C-028,ภาคกลาง,555,10192
2026-01-28,MK-C-028,ภาคตะวันออก,415,6769
2026-01-28,MK-C-028,ภาคเหนือ,341,5967
2026-01-28,MK-C-028,ภาคใต้,428,8130
2026-01-28,SY-D-039,กรุงเทพฯ,433,8392
2026-01-28,SY-D-039,ภาคกลาง,332,5953
2026-01-28,SY-D-039,ภาคตะวันออก,276,5570
2026-01-28,SY-D-039,ภาคเหนือ,238,3902
2026-01-28,SY-D-039,ภาคใต้,277,5363
2026-01-28,AG-E-052,กรุงเทพฯ,128,2303
2026-01-28,AG-E-052,ภาคกลาง,102,1770
2026-01-28,AG-E-052,ภาคตะวันออก,86,1657
2026-01-28,AG-E-052,ภาคเหนือ,70,1267
2026-01-28,AG-E-052,ภาคใต้,87,1520
2026-01-29,TK-A-001,กรุงเทพฯ,180,3437
2026-01-29,TK-A-001,ภาคกลาง,133,2273
2026-01-29,TK-A-001,ภาคตะวันออก,104,2216
2026-01-29,TK-A-001,ภาคเหนือ,105,1845
2026-01-29,TK-A-001,ภาคใต้,111,2384
2026-01-29,GL-B-014,กรุงเทพฯ,1001,18315
2026-01-29,GL-B-014,ภาคกลาง,753,14341
2026-01-29,GL-B-014,ภาคตะวันออก,611,9605
2026-01-29,GL-B-014,ภาคเหนือ,513,8575
2026-01-29,GL-B-014,ภาคใต้,624,12535
2026-01-29,MK-C-028,กรุงเทพฯ,673,13622
2026-01-29,MK-C-028,ภาคกลาง,524,9395
2026-01-29,MK-C-028,ภาคตะวันออก,443,7998
2026-01-29,MK-C-028,ภาคเหนือ,386,6172
2026-01-29,MK-C-028,ภาคใต้,438,7179
2026-01-29,SY-D-039,กรุงเทพฯ,470,9146
2026-01-29,SY-D-039,ภาคกลาง,363,6602
2026-01-29,SY-D-039,ภาคตะวันออก,290,5492
2026-01-29,SY-D-039,ภาคเหนือ,235,3727
2026-01-29,SY-D-039,ภาคใต้,278,5304
2026-01-29,AG-E-052,กรุงเทพฯ,141,2272
2026-01-29,AG-E-052,ภาคกลาง,118,1730
2026-01-29,AG-E-052,ภาคตะวันออก,78,1417
2026-01-29,AG-E-052,ภาคเหนือ,65,1209
2026-01-29,AG-E-052,ภาคใต้,91,1446
2026-01-30,TK-A-001,กรุงเทพฯ,173,3554
2026-01-30,TK-A-001,ภาคกลาง,136,2728
2026-01-30,TK-A-001,ภาคตะวันออก,109,1815
2026-01-30,TK-A-001,ภาคเหนือ,96,1690
2026-01-30,TK-A-001,ภาคใต้,124,1961
2026-01-30,GL-B-014,กรุงเทพฯ,979,15440
2026-01-30,GL-B-014,ภาคกลาง,739,13163
2026-01-30,GL-B-014,ภาคตะวันออก,509,10932
2026-01-30,GL-B-014,ภาคเหนือ,489,9425
2026-01-30,GL-B-014,ภาคใต้,610,10141
2026-01-30,MK-C-028,กรุงเทพฯ,710,12615
2026-01-30,MK-C-028,ภาคกลาง,497,8475
2026-01-30,MK-C-028,ภาคตะวันออก,365,8370
2026-01-30,MK-C-028,ภาคเหนือ,366,6785
2026-01-30,MK-C-028,ภาคใต้,425,7722
2026-01-30,SY-D-039,กรุงเทพฯ,410,8379
2026-01-30,SY-D-039,ภาคกลาง,360,5755
2026-01-30,SY-D-039,ภาคตะวันออก,262,5100
2026-01-30,SY-D-039,ภาคเหนือ,261,4453
2026-01-30,SY-D-039,ภาคใต้,325,4957
2026-01-30,AG-E-052,กรุงเทพฯ,143,2459
2026-01-30,AG-E-052,ภาคกลาง,100,2021
2026-01-30,AG-E-052,ภาคตะวันออก,77,1596
2026-01-30,AG-E-052,ภาคเหนือ,65,1356
2026-01-30,AG-E-052,ภาคใต้,95,1531
2026-01-31,TK-A-001,กรุงเทพฯ,171,3113
2026-01-31,TK-A-001,ภาคกลาง,153,2806
2026-01-31,TK-A-001,ภาคตะวันออก,114,2020
2026-01-31,TK-A-001,ภาคเหนือ,88,1692
2026-01-31,TK-A-001,ภาคใต้,108,2261
2026-01-31,GL-B-014,กรุงเทพฯ,930,17636
2026-01-31,GL-B-014,ภาคกลาง,795,13352
2026-01-31,GL-B-014,ภาคตะวันออก,602,8694
2026-01-31,GL-B-014,ภาคเหนือ,543,8626
2026-01-31,GL-B-014,ภาคใต้,665,10259
2026-01-31,MK-C-028,กรุงเทพฯ,699,11556
2026-01-31,MK-C-028,ภาคกลาง,523,10961
2026-01-31,MK-C-028,ภาคตะวันออก,427,6816
2026-01-31,MK-C-028,ภาคเหนือ,362,7063
2026-01-31,MK-C-028,ภาคใต้,441,8797
2026-01-31,SY-D-039,กรุงเทพฯ,407,8865
2026-01-31,SY-D-039,ภาคกลาง,385,5797
2026-01-31,SY-D-039,ภาคตะวันออก,276,5060
2026-01-31,SY-D-039,ภาคเหนือ,251,4013
2026-01-31,SY-D-039,ภาคใต้,322,6209
2026-01-31,AG-E-052,กรุงเทพฯ,147,2582
2026-01-31,AG-E-052,ภาคกลาง,108,1746
2026-01-31,AG-E-052,ภาคตะวันออก,83,1614
2026-01-31,AG-E-052,ภาคเหนือ,70,1429
2026-01-31,AG-E-052,ภาคใต้,89,1862
2026-02-01,TK-A-001,กรุงเทพฯ,163,3046
2026-02-01,TK-A-001,ภาคกลาง,152,2792
2026-02-01,TK-A-001,ภาคตะวันออก,98,1893
2026-02-01,TK-A-001,ภาคเหนือ,99,1635
2026-02-01,TK-A-001,ภาคใต้,125,2426
2026-02-01,GL-B-014,กรุงเทพฯ,847,15377
2026-02-01,GL-B-014,ภาคกลาง,713,12107
2026-02-01,GL-B-014,ภาคตะวันออก,555,10827
2026-02-01,GL-B-014,ภาคเหนือ,520,8213
2026-02-01,GL-B-014,ภาคใต้,609,10036
2026-02-01,MK-C-028,กรุงเทพฯ,688,13121
2026-02-01,MK-C-028,ภาคกลาง,540,9038
2026-02-01,MK-C-028,ภาคตะวันออก,428,7154
2026-02-01,MK-C-028,ภาคเหนือ,392,5895
2026-02-01,MK-C-028,ภาคใต้,480,8721
2026-02-01,SY-D-039,กรุงเทพฯ,442,7602
2026-02-01,SY-D-039,ภาคกลาง,357,5923
2026-02-01,SY-D-039,ภาคตะวันออก,277,4686
2026-02-01,SY-D-039,ภาคเหนือ,221,4416
2026-02-01,SY-D-039,ภาคใต้,296,4612
2026-02-01,AG-E-052,กรุงเทพฯ,148,2378
2026-02-01,AG-E-052,ภาคกลาง,115,1890
2026-02-01,AG-E-052,ภาคตะวันออก,86,1428
2026-02-01,AG-E-052,ภาคเหนือ,72,1128
2026-02-01,AG-E-052,ภาคใต้,84,1790
2026-02-02,TK-A-001,กรุงเทพฯ,188,3165
2026-02-02,TK-A-001,ภาคกลาง,132,2449
2026-02-02,TK-A-001,ภาคตะวันออก,107,2187
2026-02-02,TK-A-001,ภาคเหนือ,99,1949
2026-02-02,TK-A-001,ภาคใต้,119,2087
2026-02-02,GL-B-014,กรุงเทพฯ,902,14580
2026-02-02,GL-B-014,ภาคกลาง,753,14245
2026-02-02,GL-B-014,ภาคตะวันออก,563,10462
2026-02-02,GL-B-014,ภาคเหนือ,457,10236
2026-02-02,GL-B-014,ภาคใต้,614,11177
2026-02-02,MK-C-028,กรุงเทพฯ,675,13140
2026-02-02,MK-C-028,ภาคกลาง,524,9432
2026-02-02,MK-C-028,ภาคตะวันออก,409,6499
2026-02-02,MK-C-028,ภาคเหนือ,393,6675
2026-02-02,MK-C-028,ภาคใต้,461,8301
2026-02-02,SY-D-039,กรุงเทพฯ,421,6972
2026-02-02,SY-D-039,ภาคกลาง,327,5540
2026-02-02,SY-D-039,ภาคตะวันออก,283,5223
2026-02-02,SY-D-039,ภาคเหนือ,229,4175
2026-02-02,SY-D-039,ภาคใต้,288,5895
2026-02-02,AG-E-052,กรุงเทพฯ,139,2564
2026-02-02,AG-E-052,ภาคกลาง,98,1696
2026-02-02,AG-E-052,ภาคตะวันออก,87,1383
2026-02-02,AG-E-052,ภาคเหนือ,79,1300
2026-02-02,AG-E-052,ภาคใต้,91,1500
2026-02-03,TK-A-001,กรุงเทพฯ,180,3543
2026-02-03,TK-A-001,ภาคกลาง,157,2316
2026-02-03,TK-A-001,ภาคตะวันออก,111,2026
2026-02-03,TK-A-001,ภาคเหนือ,104,1796
2026-02-03,TK-A-001,ภาคใต้,109,2314
2026-02-03,GL-B-014,กรุงเทพฯ,946,16484
2026-02-03,GL-B-014,ภาคกลาง,724,13831
2026-02-03,GL-B-014,ภาคตะวันออก,516,10988
2026-02-03,GL-B-014,ภาคเหนือ,500,9409
2026-02-03,GL-B-014,ภาคใต้,577,11338
2026-02-03,MK-C-028,กรุงเทพฯ,704,10402
2026-02-03,MK-C-028,ภาคกลาง,487,10427
2026-02-03,MK-C-028,ภาคตะวันออก,366,6370
2026-02-03,MK-C-028,ภาคเหนือ,367,7181
2026-02-03,MK-C-028,ภาคใต้,472,6947
2026-02-03,SY-D-039,กรุงเทพฯ,467,8683
2026-02-03,SY-D-039,ภาคกลาง,344,6709
2026-02-03,SY-D-039,ภาคตะวันออก,275,5331
2026-02-03,SY-D-039,ภาคเหนือ,239,4615
2026-02-03,SY-D-039,ภาคใต้,313,5378
2026-02-03,AG-E-052,กรุงเทพฯ,138,2727
2026-02-03,AG-E-052,ภาคกลาง,107,1918
2026-02-03,AG-E-052,ภาคตะวันออก,84,1525
2026-02-03,AG-E-052,ภาคเหนือ,68,1324
2026-02-03,AG-E-052,ภาคใต้,81,1493
2026-02-04,TK-A-001,กรุงเทพฯ,197,3163
2026-02-04,TK-A-001,ภาคกลาง,151,2423
2026-02-04,TK-A-001,ภาคตะวันออก,118,2007
2026-02-04,TK-A-001,ภาคเหนือ,98,1678
2026-02-04,TK-A-001,ภาคใต้,109,2269
2026-02-04,GL-B-014,กรุงเทพฯ,879,17498
2026-02-04,GL-B-014,ภาคกลาง,790,15006
2026-02-04,GL-B-014,ภาคตะวันออก,541,10230
2026-02-04,GL-B-014,ภาคเหนือ,533,9296
2026-02-04,GL-B-014,ภาคใต้,611,9495
2026-02-04,MK-C-028,กรุงเทพฯ,680,12844
2026-02-04,MK-C-028,ภาคกลาง,504,8813
2026-02-04,MK-C-028,ภาคตะวันออก,400,6267
2026-02-04,MK-C-028,ภาคเหนือ,349,6503
2026-02-04,MK-C-028,ภาคใต้,416,9173
2026-02-04,SY-D-039,กรุงเทพฯ,435,7066
2026-02-04,SY-D-039,ภาคกลาง,350,5789
2026-02-04,SY-D-039,ภาคตะวันออก,244,4229
2026-02-04,SY-D-039,ภาคเหนือ,259,4598
2026-02-04,SY-D-039,ภาคใต้,278,5215
2026-02-04,AG-E-052,กรุงเทพฯ,143,2612
2026-02-04,AG-E-052,ภาคกลาง,99,1721
2026-02-04,AG-E-052,ภาคตะวันออก,82,1276
2026-02-04,AG-E-052,ภาคเหนือ,78,1412
2026-02-04,AG-E-052,ภาคใต้,81,1649
2026-02-05,TK-A-001,กรุงเทพฯ,190,3315
2026-02-05,TK-A-001,ภาคกลาง,130,2689
2026-02-05,TK-A-001,ภาคตะวันออก,105,2049
2026-02-05,TK-A-001,ภาคเหนือ,106,1597
2026-02-05,TK-A-001,ภาคใต้,132,2356
2026-02-05,GL-B-014,กรุงเทพฯ,1006,16555
2026-02-05,GL-B-014,ภาคกลาง,695,12779
2026-02-05,GL-B-014,ภาคตะวันออก,568,8581
2026-02-05,GL-B-014,ภาคเหนือ,451,9246
2026-02-05,GL-B-014,ภาคใต้,577,12458
2026-02-05,MK-C-028,กรุงเทพฯ,742,11715
2026-02-05,MK-C-028,ภาคกลาง,555,10434
2026-02-05,MK-C-028,ภาคตะวันออก,392,7115
2026-02-05,MK-C-028,ภาคเหนือ,333,6521
2026-02-05,MK-C-028,ภาคใต้,467,9306
2026-02-05,SY-D-039,กรุงเทพฯ,487,8597
2026-02-05,SY-D-039,ภาคกลาง,371,6141
2026-02-05,SY-D-039,ภาคตะวันออก,281,4217
2026-02-05,SY-D-039,ภาคเหนือ,258,4306
2026-02-05,SY-D-039,ภาคใต้,315,5905
2026-02-05,AG-E-052,กรุงเทพฯ,136,2359
2026-02-05,AG-E-052,ภาคกลาง,102,1983
2026-02-05,AG-E-052,ภาคตะวันออก,86,1561
2026-02-05,AG-E-052,ภาคเหนือ,74,1282
2026-02-05,AG-E-052,ภาคใต้,83,1836
2026-02-06,TK-A-001,กรุงเทพฯ,163,3087
2026-02-06,TK-A-001,ภาคกลาง,150,2792
2026-02-06,TK-A-001,ภาคตะวันออก,110,2197
2026-02-06,TK-A-001,ภาคเหนือ,92,1895
2026-02-06,TK-A-001,ภาคใต้,109,2057
2026-02-06,GL-B-014,กรุงเทพฯ,842,15950
2026-02-06,GL-B-014,ภาคกลาง,694,12679
2026-02-06,GL-B-014,ภาคตะวันออก,509,11217
2026-02-06,GL-B-014,ภาคเหนือ,460,8006
2026-02-06,GL-B-014,ภาคใต้,620,11986
2026-02-06,MK-C-028,กรุงเทพฯ,680,10604
2026-02-06,MK-C-028,ภาคกลาง,506,9591
2026-02-06,MK-C-028,ภาคตะวันออก,374,7454
2026-02-06,MK-C-028,ภาคเหนือ,336,6353
2026-02-06,MK-C-028,ภาคใต้,429,7048
2026-02-06,SY-D-039,กรุงเทพฯ,442,8868
2026-02-06,SY-D-039,ภาคกลาง,376,6844
2026-02-06,SY-D-039,ภาคตะวันออก,288,5442
2026-02-06,SY-D-039,ภาคเหนือ,256,3982
2026-02-06,SY-D-039,ภาคใต้,310,5965
2026-02-06,AG-E-052,กรุงเทพฯ,132,2473
2026-02-06,AG-E-052,ภาคกลาง,115,1966
2026-02-06,AG-E-052,ภาคตะวันออก,74,1593
2026-02-06,AG-E-052,ภาคเหนือ,76,1364
2026-02-06,AG-E-052,ภาคใต้,95,1603
2026-02-07,TK-A-001,กรุงเทพฯ,166,3331
2026-02-07,TK-A-001,ภาคกลาง,141,2227
2026-02-07,TK-A-001,ภาคตะวันออก,109,1870
2026-02-07,TK-A-001,ภาคเหนือ,89,1831
2026-02-07,TK-A-001,ภาคใต้,123,1934
2026-02-07,GL-B-014,กรุงเทพฯ,990,16928
2026-02-07,GL-B-014,ภาคกลาง,797,14497
2026-02-07,GL-B-014,ภาคตะวันออก,557,11304
2026-02-07,GL-B-014,ภาคเหนือ,447,8147
2026-02-07,GL-B-014,ภาคใต้,650,10226
2026-02-07,MK-C-028,กรุงเทพฯ,658,11404
2026-02-07,MK-C-028,ภาคกลาง,557,8502
2026-02-07,MK-C-028,ภาคตะวันออก,410,7947
2026-02-07,MK-C-028,ภาคเหนือ,371,6859
2026-02-07,MK-C-028,ภาคใต้,450,8956
2026-02-07,SY-D-039,กรุงเทพฯ,409,9151
2026-02-07,SY-D-039,ภาคกลาง,371,5873
2026-02-07,SY-D-039,ภาคตะวันออก,276,4581
2026-02-07,SY-D-039,ภาคเหนือ,242,4751
2026-02-07,SY-D-039,ภาคใต้,284,4656
2026-02-07,AG-E-052,กรุงเทพฯ,128,2146
2026-02-07,AG-E-052,ภาคกลาง,107,2078
2026-02-07,AG-E-052,ภาคตะวันออก,77,1294
2026-02-07,AG-E-052,ภาคเหนือ,71,1266
2026-02-07,AG-E-052,ภาคใต้,99,1426
2026-02-08,TK-A-001,กรุงเทพฯ,195,2834
2026-02-08,TK-A-001,ภาคกลาง,152,2374
2026-02-08,TK-A-001,ภาคตะวันออก,114,2067
2026-02-08,TK-A-001,ภาคเหนือ,92,1915
2026-02-08,TK-A-001,ภาคใต้,123,2263
2026-02-08,GL-B-014,กรุงเทพฯ,955,16043
2026-02-08,GL-B-014,ภาคกลาง,717,14953
2026-02-08,GL-B-014,ภาคตะวันออก,515,10659
2026-02-08,GL-B-014,ภาคเหนือ,503,8078
2026-02-08,GL-B-014,ภาคใต้,604,12072
2026-02-08,MK-C-028,กรุงเทพฯ,722,12496
2026-02-08,MK-C-028,ภาคกลาง,554,8417
2026-02-08,MK-C-028,ภาคตะวันออก,440,7592
2026-02-08,MK-C-028,ภาคเหนือ,344,7330
2026-02-08,MK-C-028,ภาคใต้,469,9265
2026-02-08,SY-D-039,กรุงเทพฯ,456,6903
2026-02-08,SY-D-039,ภาคกลาง,337,6802
2026-02-08,SY-D-039,ภาคตะวันออก,271,5511
2026-02-08,SY-D-039,ภาคเหนือ,226,3841
2026-02-08,SY-D-039,ภาคใต้,312,6159
2026-02-08,AG-E-052,กรุงเทพฯ,131,2441
2026-02-08,AG-E-052,ภาคกลาง,108,2180
2026-02-08,AG-E-052,ภาคตะวันออก,88,1264
2026-02-08,AG-E-052,ภาคเหนือ,74,1231
2026-02-08,AG-E-052,ภาคใต้,98,1652
2026-02-09,TK-A-001,กรุงเทพฯ,184,3144
2026-02-09,TK-A-001,ภาคกลาง,154,2393
2026-02-09,TK-A-001,ภาคตะวันออก,117,1790
2026-02-09,TK-A-001,ภาคเหนือ,102,1676
2026-02-09,TK-A-001,ภาคใต้,116,1867
2026-02-09,GL-B-014,กรุงเทพฯ,898,18036
2026-02-09,GL-B-014,ภาคกลาง,764,12894
2026-02-09,GL-B-014,ภาคตะวันออก,561,9906
2026-02-09,GL-B-014,ภาคเหนือ,501,7763
2026-02-09,GL-B-014,ภาคใต้,650,12573
2026-02-09,MK-C-028,กรุงเทพฯ,735,13561
2026-02-09,MK-C-028,ภาคกลาง,487,8904
2026-02-09,MK-C-028,ภาคตะวันออก,377,8275
2026-02-09,MK-C-028,ภาคเหนือ,335,6585
2026-02-09,MK-C-028,ภาคใต้,435,7556
2026-02-09,SY-D-039,กรุงเทพฯ,463,6909
2026-02-09,SY-D-039,ภาคกลาง,332,5882
2026-02-09,SY-D-039,ภาคตะวันออก,275,5246
2026-02-09,SY-D-039,ภาคเหนือ,260,4227
2026-02-09,SY-D-039,ภาคใต้,288,5060
2026-02-09,AG-E-052,กรุงเทพฯ,141,2107
2026-02-09,AG-E-052,ภาคกลาง,104,1838
2026-02-09,AG-E-052,ภาคตะวันออก,75,1532
2026-02-09,AG-E-052,ภาคเหนือ,67,1324
2026-02-09,AG-E-052,ภาคใต้,84,1587
2026-02-10,TK-A-001,กรุงเทพฯ,188,3294
2026-02-10,TK-A-001,ภาคกลาง,154,2900
2026-02-10,TK-A-001,ภาคตะวันออก,106,2160
2026-02-10,TK-A-001,ภาคเหนือ,98,1849
2026-02-10,TK-A-001,ภาคใต้,114,2408
2026-02-10,GL-B-014,กรุงเทพฯ,931,18036
2026-02-10,GL-B-014,ภาคกลาง,768,14244
2026-02-10,GL-B-014,ภาคตะวันออก,517,11199
2026-02-10,GL-B-014,ภาคเหนือ,531,9785
2026-02-10,GL-B-014,ภาคใต้,672,12566
2026-02-10,MK-C-028,กรุงเทพฯ,648,12980
2026-02-10,MK-C-028,ภาคกลาง,544,9234
2026-02-10,MK-C-028,ภาคตะวันออก,416,7528
2026-02-10,MK-C-028,ภาคเหนือ,335,6223
2026-02-10,MK-C-028,ภาคใต้,447,8795
2026-02-10,SY-D-039,กรุงเทพฯ,411,7290
2026-02-10,SY-D-039,ภาคกลาง,389,6267
2026-02-10,SY-D-039,ภาคตะวันออก,285,5282
2026-02-10,SY-D-039,ภาคเหนือ,218,4583
2026-02-10,SY-D-039,ภาคใต้,307,5003
2026-02-10,AG-E-052,กรุงเทพฯ,131,2751
2026-02-10,AG-E-052,ภาคกลาง,107,1661
2026-02-10,AG-E-052,ภาคตะวันออก,77,1461
2026-02-10,AG-E-052,ภาคเหนือ,68,1288
2026-02-10,AG-E-052,ภาคใต้,96,1847
2026-02-11,TK-A-001,กรุงเทพฯ,193,3252
2026-02-11,TK-A-001,ภาคกลาง,143,2413
2026-02-11,TK-A-001,ภาคตะวันออก,113,1658
2026-02-11,TK-A-001,ภาคเหนือ,90,1973
2026-02-11,TK-A-001,ภาคใต้,127,2460
2026-02-11,GL-B-014,กรุงเทพฯ,855,16737
2026-02-11,GL-B-014,ภาคกลาง,689,14027
2026-02-11,GL-B-014,ภาคตะวันออก,559,10583
2026-02-11,GL-B-014,ภาคเหนือ,516,9943
2026-02-11,GL-B-014,ภาคใต้,576,9809
2026-02-11,MK-C-028,กรุงเทพฯ,713,11347
2026-02-11,MK-C-028,ภาคกลาง,558,8297
2026-02-11,MK-C-028,ภาคตะวันออก,416,6843
2026-02-11,MK-C-028,ภาคเหนือ,394,7197
2026-02-11,MK-C-028,ภาคใต้,421,7487
2026-02-11,SY-D-039,กรุงเทพฯ,434,8467
2026-02-11,SY-D-039,ภาคกลาง,340,6527
2026-02-11,SY-D-039,ภาคตะวันออก,249,5025
2026-02-11,SY-D-039,ภาคเหนือ,219,4947
2026-02-11,SY-D-039,ภาคใต้,322,4817
2026-02-11,AG-E-052,กรุงเทพฯ,127,2770
2026-02-11,AG-E-052,ภาคกลาง,116,2095
2026-02-11,AG-E-052,ภาคตะวันออก,84,1483
2026-02-11,AG-E-052,ภาคเหนือ,68,1320
2026-02-11,AG-E-052,ภาคใต้,83,1859
2026-02-12,TK-A-001,กรุงเทพฯ,186,3307
2026-02-12,TK-A-001,ภาคกลาง,145,2467
2026-02-12,TK-A-001,ภาคตะวันออก,103,2104
2026-02-12,TK-A-001,ภาคเหนือ,96,1920
2026-02-12,TK-A-001,ภาคใต้,117,2429
2026-02-12,GL-B-014,กรุงเทพฯ,890,17873
2026-02-12,GL-B-014,ภาคกลาง,725,12227
2026-02-12,GL-B-014,ภาคตะวันออก,512,10918
2026-02-12,GL-B-014,ภาคเหนือ,472,9192
2026-02-12,GL-B-014,ภาคใต้,574,12570
2026-02-12,MK-C-028,กรุงเทพฯ,673,11180
2026-02-12,MK-C-028,ภาคกลาง,563,10897
2026-02-12,MK-C-028,ภาคตะวันออก,425,6744
2026-02-12,MK-C-028,ภาคเหนือ,347,7030
2026-02-12,MK-C-028,ภาคใต้,415,7061
2026-02-12,SY-D-039,กรุงเทพฯ,420,8019
2026-02-12,SY-D-039,ภาคกลาง,340,7027
2026-02-12,SY-D-039,ภาคตะวันออก,249,5196
2026-02-12,SY-D-039,ภาคเหนือ,225,4056
2026-02-12,SY-D-039,ภาคใต้,306,4628
2026-02-12,AG-E-052,กรุงเทพฯ,133,2359
2026-02-12,AG-E-052,ภาคกลาง,98,2069
2026-02-12,AG-E-052,ภาคตะวันออก,83,1620
2026-02-12,AG-E-052,ภาคเหนือ,66,1358
2026-02-12,AG-E-052,ภาคใต้,93,1477
2026-02-13,TK-A-001,กรุงเทพฯ,175,2998
2026-02-13,TK-A-001,ภาคกลาง,153,2799
2026-02-13,TK-A-001,ภาคตะวันออก,112,1836
2026-02-13,TK-A-001,ภาคเหนือ,86,1625
2026-02-13,TK-A-001,ภาคใต้,132,2172
2026-02-13,GL-B-014,กรุงเทพฯ,987,14897
2026-02-13,GL-B-014,ภาคกลาง,747,12042
2026-02-13,GL-B-014,ภาคตะวันออก,519,10139
2026-02-13,GL-B-014,ภาคเหนือ,510,8970
2026-02-13,GL-B-014,ภาคใต้,612,9604
2026-02-13,MK-C-028,กรุงเทพฯ,688,10516
2026-02-13,MK-C-028,ภาคกลาง,498,10388
2026-02-13,MK-C-028,ภาคตะวันออก,388,6805
2026-02-13,MK-C-028,ภาคเหนือ,332,6972
2026-02-13,MK-C-028,ภาคใต้,445,9308
2026-02-13,SY-D-039,กรุงเทพฯ,470,8230
2026-02-13,SY-D-039,ภาคกลาง,395,5834
2026-02-13,SY-D-039,ภาคตะวันออก,274,5067
2026-02-13,SY-D-039,ภาคเหนือ,239,4654
2026-02-13,SY-D-039,ภาคใต้,273,6017
2026-02-13,AG-E-052,กรุงเทพฯ,147,2222
2026-02-13,AG-E-052,ภาคกลาง,104,1977
2026-02-13,AG-E-052,ภาคตะวันออก,80,1439
2026-02-13,AG-E-052,ภาคเหนือ,72,1398
2026-02-13,AG-E-052,ภาคใต้,81,1631
2026-02-14,TK-A-001,กรุงเทพฯ,197,3570
2026-02-14,TK-A-001,ภาคกลาง,136,2414
2026-02-14,TK-A-001,ภาคตะวันออก,114,2196
2026-02-14,TK-A-001,ภาคเหนือ,91,1858
2026-02-14,TK-A-001,ภาคใต้,117,2396
2026-02-14,GL-B-014,กรุงเทพฯ,1020,15156
2026-02-14,GL-B-014,ภาคกลาง,762,15014
2026-02-14,GL-B-014,ภาคตะวันออก,515,10448
2026-02-14,GL-B-014,ภาคเหนือ,492,8001
2026-02-14,GL-B-014,ภาคใต้,644,12178
2026-02-14,MK-C-028,กรุงเทพฯ,679,12503
2026-02-14,MK-C-028,ภาคกลาง,577,9964
2026-02-14,MK-C-028,ภาคตะวันออก,375,6305
2026-02-14,MK-C-028,ภาคเหนือ,380,5959
2026-02-14,MK-C-028,ภาคใต้,405,8224
2026-02-14,SY-D-039,กรุงเทพฯ,491,7731
2026-02-14,SY-D-039,ภาคกลาง,375,7352
2026-02-14,SY-D-039,ภาคตะวันออก,256,4146
2026-02-14,SY-D-039,ภาคเหนือ,257,4568
2026-02-14,SY-D-039,ภาคใต้,292,5775
2026-02-14,AG-E-052,กรุงเทพฯ,130,2142
2026-02-14,AG-E-052,ภาคกลาง,99,1722
2026-02-14,AG-E-052,ภาคตะวันออก,76,1527
2026-02-14,AG-E-052,ภาคเหนือ,74,1248
2026-02-14,AG-E-052,ภาคใต้,83,1857
2026-02-15,TK-A-001,กรุงเทพฯ,193,2795
2026-02-15,TK-A-001,ภาคกลาง,137,2746
2026-02-15,TK-A-001,ภาคตะวันออก,109,2007
2026-02-15,TK-A-001,ภาคเหนือ,90,1575
2026-02-15,TK-A-001,ภาคใต้,131,2417
2026-02-15,GL-B-014,กรุงเทพฯ,857,14849
2026-02-15,GL-B-014,ภาคกลาง,679,12784
2026-02-15,GL-B-014,ภาคตะวันออก,558,11530
2026-02-15,GL-B-014,ภาคเหนือ,503,9239
2026-02-15,GL-B-014,ภาคใต้,565,10577
2026-02-15,MK-C-028,กรุงเทพฯ,682,10623
2026-02-15,MK-C-028,ภาคกลาง,529,9033
2026-02-15,MK-C-028,ภาคตะวันออก,418,6658
2026-02-15,MK-C-028,ภาคเหนือ,393,6203
2026-02-15,MK-C-028,ภาคใต้,430,9036
2026-02-15,SY-D-039,กรุงเทพฯ,412,7411
2026-02-15,SY-D-039,ภาคกลาง,373,5655
2026-02-15,SY-D-039,ภาคตะวันออก,257,4239
2026-02-15,SY-D-039,ภาคเหนือ,232,4364
2026-02-15,SY-D-039,ภาคใต้,321,5412
2026-02-15,AG-E-052,กรุงเทพฯ,147,2334
2026-02-15,AG-E-052,ภาคกลาง,118,2142
2026-02-15,AG-E-052,ภาคตะวันออก,85,1524
2026-02-15,AG-E-052,ภาคเหนือ,67,1488
2026-02-15,AG-E-052,ภาคใต้,84,1596
2026-02-16,TK-A-001,กรุงเทพฯ,172,3527
2026-02-16,TK-A-001,ภาคกลาง,157,2926
2026-02-16,TK-A-001,ภาคตะวันออก,107,1666
2026-02-16,TK-A-001,ภาคเหนือ,92,1671
2026-02-16,TK-A-001,ภาคใต้,113,2280
2026-02-16,GL-B-014,กรุงเทพฯ,953,16340
2026-02-16,GL-B-014,ภาคกลาง,811,12623
2026-02-16,GL-B-014,ภาคตะวันออก,600,10114
2026-02-16,GL-B-014,ภาคเหนือ,525,8275
2026-02-16,GL-B-014,ภาคใต้,656,12407
2026-02-16,MK-C-028,กรุงเทพฯ,740,11549
2026-02-16,MK-C-028,ภาคกลาง,523,8505
2026-02-16,MK-C-028,ภาคตะวันออก,397,6645
2026-02-16,MK-C-028,ภาคเหนือ,338,5788
2026-02-16,MK-C-028,ภาคใต้,445,7760
2026-02-16,SY-D-039,กรุงเทพฯ,406,9047
2026-02-16,SY-D-039,ภาคกลาง,366,6871
2026-02-16,SY-D-039,ภาคตะวันออก,245,5110
2026-02-16,SY-D-039,ภาคเหนือ,256,4910
2026-02-16,SY-D-039,ภาคใต้,276,4750
2026-02-16,AG-E-052,กรุงเทพฯ,144,2405
2026-02-16,AG-E-052,ภาคกลาง,98,1655
2026-02-16,AG-E-052,ภาคตะวันออก,76,1292
2026-02-16,AG-E-052,ภาคเหนือ,69,1110
2026-02-16,AG-E-052,ภาคใต้,86,1579
2026-02-17,TK-A-001,กรุงเทพฯ,192,3144
2026-02-17,TK-A-001,ภาคกลาง,155,2945
2026-02-17,TK-A-001,ภาคตะวันออก,104,2232
2026-02-17,TK-A-001,ภาคเหนือ,87,1915
2026-02-17,TK-A-001,ภาคใต้,120,2151
2026-02-17,GL-B-014,กรุงเทพฯ,855,18728
2026-02-17,GL-B-014,ภาคกลาง,709,12695
2026-02-17,GL-B-014,ภาคตะวันออก,532,9394
2026-02-17,GL-B-014,ภาคเหนือ,511,10180
2026-02-17,GL-B-014,ภาคใต้,592,11226
2026-02-17,MK-C-028,กรุงเทพฯ,711,11409
2026-02-17,MK-C-028,ภาคกลาง,546,10194
2026-02-17,MK-C-028,ภาคตะวันออก,427,7132
2026-02-17,MK-C-028,ภาคเหนือ,343,7252
2026-02-17,MK-C-028,ภาคใต้,475,7415
2026-02-17,SY-D-039,กรุงเทพฯ,440,7764
2026-02-17,SY-D-039,ภาคกลาง,372,5827
2026-02-17,SY-D-039,ภาคตะวันออก,258,4891
2026-02-17,SY-D-039,ภาคเหนือ,244,4406
2026-02-17,SY-D-039,ภาคใต้,271,5550
2026-02-17,AG-E-052,กรุงเทพฯ,135,2136
2026-02-17,AG-E-052,ภาคกลาง,114,2115
2026-02-17,AG-E-052,ภาคตะวันออก,75,1314
2026-02-17,AG-E-052,ภาคเหนือ,77,1268
2026-02-17,AG-E-052,ภาคใต้,98,1738
2026-02-18,TK-A-001,กรุงเทพฯ,163,2822
2026-02-18,TK-A-001,ภาคกลาง,146,2560
2026-02-18,TK-A-001,ภาคตะวันออก,112,1874
2026-02-18,TK-A-001,ภาคเหนือ,103,1595
2026-02-18,TK-A-001,ภาคใต้,121,2016
2026-02-18,GL-B-014,กรุงเทพฯ,905,18154
2026-02-18,GL-B-014,ภาคกลาง,812,13590
2026-02-18,GL-B-014,ภาคตะวันออก,603,9952
2026-02-18,GL-B-014,ภาคเหนือ,484,7816
2026-02-18,GL-B-014,ภาคใต้,614,12109
2026-02-18,MK-C-028,กรุงเทพฯ,663,11510
2026-02-18,MK-C-028,ภาคกลาง,589,8749
2026-02-18,MK-C-028,ภาคตะวันออก,374,7584
2026-02-18,MK-C-028,ภาคเหนือ,381,7146
2026-02-18,MK-C-028,ภาคใต้,405,8467
2026-02-18,SY-D-039,กรุงเทพฯ,444,7346
2026-02-18,SY-D-039,ภาคกลาง,378,7161
2026-02-18,SY-D-039,ภาคตะวันออก,261,4968
2026-02-18,SY-D-039,ภาคเหนือ,232,4789
2026-02-18,SY-D-039,ภาคใต้,279,5845
2026-02-18,AG-E-052,กรุงเทพฯ,133,2279
2026-02-18,AG-E-052,ภาคกลาง,99,1882
2026-02-18,AG-E-052,ภาคตะวันออก,73,1270
2026-02-18,AG-E-052,ภาคเหนือ,71,1448
2026-02-18,AG-E-052,ภาคใต้,96,1661
2026-02-19,TK-A-001,กรุงเทพฯ,192,2893
2026-02-19,TK-A-001,ภาคกลาง,154,2299
2026-02-19,TK-A-001,ภาคตะวันออก,105,2030
2026-02-19,TK-A-001,ภาคเหนือ,100,1673
2026-02-19,TK-A-001,ภาคใต้,125,2345
2026-02-19,GL-B-014,กรุงเทพฯ,956,14835
2026-02-19,GL-B-014,ภาคกลาง,800,14456
2026-02-19,GL-B-014,ภาคตะวันออก,567,11531
2026-02-19,GL-B-014,ภาคเหนือ,496,7990
2026-02-19,GL-B-014,ภาคใต้,586,11148
2026-02-19,MK-C-028,กรุงเทพฯ,660,10708
2026-02-19,MK-C-028,ภาคกลาง,505,9305
2026-02-19,MK-C-028,ภาคตะวันออก,373,7836
2026-02-19,MK-C-028,ภาคเหนือ,385,6787
2026-02-19,MK-C-028,ภาคใต้,442,7539
2026-02-19,SY-D-039,กรุงเทพฯ,476,8941
2026-02-19,SY-D-039,ภาคกลาง,335,6790
2026-02-19,SY-D-039,ภาคตะวันออก,278,4413
2026-02-19,SY-D-039,ภาคเหนือ,223,4007
2026-02-19,SY-D-039,ภาคใต้,271,5298
2026-02-19,AG-E-052,กรุงเทพฯ,127,2396
2026-02-19,AG-E-052,ภาคกลาง,116,2025
2026-02-19,AG-E-052,ภาคตะวันออก,80,1323
2026-02-19,AG-E-052,ภาคเหนือ,66,1306
2026-02-19,AG-E-052,ภาคใต้,83,1478
2026-02-20,TK-A-001,กรุงเทพฯ,192,3540
2026-02-20,TK-A-001,ภาคกลาง,132,2270
2026-02-20,TK-A-001,ภาคตะวันออก,99,1818
2026-02-20,TK-A-001,ภาคเหนือ,98,1761
2026-02-20,TK-A-001,ภาคใต้,130,2281
2026-02-20,GL-B-014,กรุงเทพฯ,926,17793
2026-02-20,GL-B-014,ภาคกลาง,782,13767
2026-02-20,GL-B-014,ภาคตะวันออก,558,11132
2026-02-20,GL-B-014,ภาคเหนือ,541,9954
2026-02-20,GL-B-014,ภาคใต้,614,11107
2026-02-20,MK-C-028,กรุงเทพฯ,691,12211
2026-02-20,MK-C-028,ภาคกลาง,579,9184
2026-02-20,MK-C-028,ภาคตะวันออก,445,7620
2026-02-20,MK-C-028,ภาคเหนือ,364,6397
2026-02-20,MK-C-028,ภาคใต้,437,7757
2026-02-20,SY-D-039,กรุงเทพฯ,467,7574
2026-02-20,SY-D-039,ภาคกลาง,350,6415
2026-02-20,SY-D-039,ภาคตะวันออก,276,4621
2026-02-20,SY-D-039,ภาคเหนือ,231,4026
2026-02-20,SY-D-039,ภาคใต้,323,5508
2026-02-20,AG-E-052,กรุงเทพฯ,144,2191
2026-02-20,AG-E-052,ภาคกลาง,107,1993
2026-02-20,AG-E-052,ภาคตะวันออก,85,1429
2026-02-20,AG-E-052,ภาคเหนือ,72,1410
2026-02-20,AG-E-052,ภาคใต้,90,1707
2026-02-21,TK-A-001,กรุงเทพฯ,174,3312
2026-02-21,TK-A-001,ภาคกลาง,156,2810
2026-02-21,TK-A-001,ภาคตะวันออก,102,2155
2026-02-21,TK-A-001,ภาคเหนือ,96,1594
2026-02-21,TK-A-001,ภาคใต้,109,2365
2026-02-21,GL-B-014,กรุงเทพฯ,991,15745
2026-02-21,GL-B-014,ภาคกลาง,735,13118
2026-02-21,GL-B-014,ภาคตะวันออก,574,9372
2026-02-21,GL-B-014,ภาคเหนือ,459,8227
2026-02-21,GL-B-014,ภาคใต้,569,12545
2026-02-21,MK-C-028,กรุงเทพฯ,650,12148
2026-02-21,MK-C-028,ภาคกลาง,538,10501
2026-02-21,MK-C-028,ภาคตะวันออก,413,7350
2026-02-21,MK-C-028,ภาคเหนือ,344,7203
2026-02-21,MK-C-028,ภาคใต้,430,6930
2026-02-21,SY-D-039,กรุงเทพฯ,473,7396
2026-02-21,SY-D-039,ภาคกลาง,368,6566
2026-02-21,SY-D-039,ภาคตะวันออก,259,5243
2026-02-21,SY-D-039,ภาคเหนือ,261,4438
2026-02-21,SY-D-039,ภาคใต้,281,4810
2026-02-21,AG-E-052,กรุงเทพฯ,123,2641
2026-02-21,AG-E-052,ภาคกลาง,107,1682
2026-02-21,AG-E-052,ภาคตะวันออก,74,1336
2026-02-21,AG-E-052,ภาคเหนือ,69,1175
2026-02-21,AG-E-052,ภาคใต้,93,1834
2026-02-22,TK-A-001,กรุงเทพฯ,180,2937
2026-02-22,TK-A-001,ภาคกลาง,140,2299
2026-02-22,TK-A-001,ภาคตะวันออก,118,2102
2026-02-22,TK-A-001,ภาคเหนือ,94,1699
2026-02-22,TK-A-001,ภาคใต้,113,2028
2026-02-22,GL-B-014,กรุงเทพฯ,969,17296
2026-02-22,GL-B-014,ภาคกลาง,806,12365
2026-02-22,GL-B-014,ภาคตะวันออก,612,9067
2026-02-22,GL-B-014,ภาคเหนือ,456,8637
2026-02-22,GL-B-014,ภาคใต้,651,9561
2026-02-22,MK-C-028,กรุงเทพฯ,725,12883
2026-02-22,MK-C-028,ภาคกลาง,592,8732
2026-02-22,MK-C-028,ภาคตะวันออก,417,6613
2026-02-22,MK-C-028,ภาคเหนือ,394,6933
2026-02-22,MK-C-028,ภาคใต้,453,7593
2026-02-22,SY-D-039,กรุงเทพฯ,415,7754
2026-02-22,SY-D-039,ภาคกลาง,369,6421
2026-02-22,SY-D-039,ภาคตะวันออก,270,4443
2026-02-22,SY-D-039,ภาคเหนือ,240,3825
2026-02-22,SY-D-039,ภาคใต้,315,5403
2026-02-22,AG-E-052,กรุงเทพฯ,148,2788
2026-02-22,AG-E-052,ภาคกลาง,100,1747
2026-02-22,AG-E-052,ภาคตะวันออก,87,1542
2026-02-22,AG-E-052,ภาคเหนือ,79,1108
2026-02-22,AG-E-052,ภาคใต้,92,1855
2026-02-23,TK-A-001,กรุงเทพฯ,180,3424
2026-02-23,TK-A-001,ภาคกลาง,150,2937
2026-02-23,TK-A-001,ภาคตะวันออก,111,2225
2026-02-23,TK-A-001,ภาคเหนือ,91,1573
2026-02-23,TK-A-001,ภาคใต้,131,2205
2026-02-23,GL-B-014,กรุงเทพฯ,913,18316
2026-02-23,GL-B-014,ภาคกลาง,681,12061
2026-02-23,GL-B-014,ภาคตะวันออก,556,10105
2026-02-23,GL-B-014,ภาคเหนือ,486,9096
2026-02-23,GL-B-014,ภาคใต้,631,10782
2026-02-23,MK-C-028,กรุงเทพฯ,720,10815
2026-02-23,MK-C-028,ภาคกลาง,522,8635
2026-02-23,MK-C-028,ภาคตะวันออก,398,7907
2026-02-23,MK-C-028,ภาคเหนือ,337,6675
2026-02-23,MK-C-028,ภาคใต้,485,7804
2026-02-23,SY-D-039,กรุงเทพฯ,419,7491
2026-02-23,SY-D-039,ภาคกลาง,327,5780
2026-02-23,SY-D-039,ภาคตะวันออก,246,4876
2026-02-23,SY-D-039,ภาคเหนือ,221,4409
2026-02-23,SY-D-039,ภาคใต้,303,5317
2026-02-23,AG-E-052,กรุงเทพฯ,137,2682
2026-02-23,AG-E-052,ภาคกลาง,110,1726
2026-02-23,AG-E-052,ภาคตะวันออก,74,1598
2026-02-23,AG-E-052,ภาคเหนือ,66,1293
2026-02-23,AG-E-052,ภาคใต้,94,1851
2026-02-24,TK-A-001,กรุงเทพฯ,194,3526
2026-02-24,TK-A-001,ภาคกลาง,134,2234
2026-02-24,TK-A-001,ภาคตะวันออก,110,2102
2026-02-24,TK-A-001,ภาคเหนือ,89,1516
2026-02-24,TK-A-001,ภาคใต้,112,1941
2026-02-24,GL-B-014,กรุงเทพฯ,1007,15935
2026-02-24,GL-B-014,ภาคกลาง,798,12528
2026-02-24,GL-B-014,ภาคตะวันออก,545,11367
2026-02-24,GL-B-014,ภาคเหนือ,488,9443
2026-02-24,GL-B-014,ภาคใต้,664,11172
2026-02-24,MK-C-028,กรุงเทพฯ,652,11037
2026-02-24,MK-C-028,ภาคกลาง,573,8825
2026-02-24,MK-C-028,ภาคตะวันออก,401,7815
2026-02-24,MK-C-028,ภาคเหนือ,358,6521
2026-02-24,MK-C-028,ภาคใต้,430,9151
2026-02-24,SY-D-039,กรุงเทพฯ,421,7554
2026-02-24,SY-D-039,ภาคกลาง,347,5897
2026-02-24,SY-D-039,ภาคตะวันออก,275,4400
2026-02-24,SY-D-039,ภาคเหนือ,241,4806
2026-02-24,SY-D-039,ภาคใต้,294,4964
2026-02-24,AG-E-052,กรุงเทพฯ,143,2583
2026-02-24,AG-E-052,ภาคกลาง,98,2087
2026-02-24,AG-E-052,ภาคตะวันออก,88,1493
2026-02-24,AG-E-052,ภาคเหนือ,73,1361
2026-02-24,AG-E-052,ภาคใต้,90,1579
2026-02-25,TK-A-001,กรุงเทพฯ,184,3371
2026-02-25,TK-A-001,ภาคกลาง,152,2659
2026-02-25,TK-A-001,ภาคตะวันออก,104,2094
2026-02-25,TK-A-001,ภาคเหนือ,88,1627
2026-02-25,TK-A-001,ภาคใต้,117,1998
2026-02-25,GL-B-014,กรุงเทพฯ,843,18112
2026-02-25,GL-B-014,ภาคกลาง,768,12588
2026-02-25,GL-B-014,ภาคตะวันออก,604,8845
2026-02-25,GL-B-014,ภาคเหนือ,475,9727
2026-02-25,GL-B-014,ภาคใต้,590,10438
2026-02-25,MK-C-028,กรุงเทพฯ,719,13440
2026-02-25,MK-C-028,ภาคกลาง,567,10338
2026-02-25,MK-C-028,ภาคตะวันออก,371,6639
2026-02-25,MK-C-028,ภาคเหนือ,354,5540
2026-02-25,MK-C-028,ภาคใต้,466,9122
2026-02-25,SY-D-039,กรุงเทพฯ,430,7493
2026-02-25,SY-D-039,ภาคกลาง,358,5653
2026-02-25,SY-D-039,ภาคตะวันออก,273,5102
2026-02-25,SY-D-039,ภาคเหนือ,231,3931
2026-02-25,SY-D-039,ภาคใต้,289,5589
2026-02-25,AG-E-052,กรุงเทพฯ,143,2612
2026-02-25,AG-E-052,ภาคกลาง,101,1851
2026-02-25,AG-E-052,ภาคตะวันออก,74,1634
2026-02-25,AG-E-052,ภาคเหนือ,79,1351
2026-02-25,AG-E-052,ภาคใต้,95,1561
2026-02-26,TK-A-001,กรุงเทพฯ,178,3468
2026-02-26,TK-A-001,ภาคกลาง,150,2305
2026-02-26,TK-A-001,ภาคตะวันออก,107,2109
2026-02-26,TK-A-001,ภาคเหนือ,100,1515
2026-02-26,TK-A-001,ภาคใต้,119,2395
2026-02-26,GL-B-014,กรุงเทพฯ,1017,15786
2026-02-26,GL-B-014,ภาคกลาง,796,13016
2026-02-26,GL-B-014,ภาคตะวันออก,600,9150
2026-02-26,GL-B-014,ภาคเหนือ,524,8559
2026-02-26,GL-B-014,ภาคใต้,633,11830
2026-02-26,MK-C-028,กรุงเทพฯ,693,12533
2026-02-26,MK-C-028,ภาคกลาง,547,9796
2026-02-26,MK-C-028,ภาคตะวันออก,400,6963
2026-02-26,MK-C-028,ภาคเหนือ,354,7363
2026-02-26,MK-C-028,ภาคใต้,495,8333
2026-02-26,SY-D-039,กรุงเทพฯ,484,8551
2026-02-26,SY-D-039,ภาคกลาง,338,7163
2026-02-26,SY-D-039,ภาคตะวันออก,287,5219
2026-02-26,SY-D-039,ภาคเหนือ,216,4547
2026-02-26,SY-D-039,ภาคใต้,290,5470
2026-02-26,AG-E-052,กรุงเทพฯ,122,2635
2026-02-26,AG-E-052,ภาคกลาง,113,1922
2026-02-26,AG-E-052,ภาคตะวันออก,82,1561
2026-02-26,AG-E-052,ภาคเหนือ,73,1360
2026-02-26,AG-E-052,ภาคใต้,82,1619
2026-02-27,TK-A-001,กรุงเทพฯ,181,3678
2026-02-27,TK-A-001,ภาคกลาง,136,2471
2026-02-27,TK-A-001,ภาคตะวันออก,103,2151
2026-02-27,TK-A-001,ภาคเหนือ,98,1940
2026-02-27,TK-A-001,ภาคใต้,126,2055
2026-02-27,GL-B-014,กรุงเทพฯ,960,16185
2026-02-27,GL-B-014,ภาคกลาง,781,14387
2026-02-27,GL-B-014,ภาคตะวันออก,507,8996
2026-02-27,GL-B-014,ภาคเหนือ,508,10008
2026-02-27,GL-B-014,ภาคใต้,584,10434
2026-02-27,MK-C-028,กรุงเทพฯ,653,12051
2026-02-27,MK-C-028,ภาคกลาง,494,10665
2026-02-27,MK-C-028,ภาคตะวันออก,386,6243
2026-02-27,MK-C-028,ภาคเหนือ,324,6922
2026-02-27,MK-C-028,ภาคใต้,458,7783
2026-02-27,SY-D-039,กรุงเทพฯ,433,8791
2026-02-27,SY-D-039,ภาคกลาง,327,5822
2026-02-27,SY-D-039,ภาคตะวันออก,243,4201
2026-02-27,SY-D-039,ภาคเหนือ,237,4673
2026-02-27,SY-D-039,ภาคใต้,294,5424
2026-02-27,AG-E-052,กรุงเทพฯ,128,2761
2026-02-27,AG-E-052,ภาคกลาง,116,1701
2026-02-27,AG-E-052,ภาคตะวันออก,87,1614
2026-02-27,AG-E-052,ภาคเหนือ,79,1119
2026-02-27,AG-E-052,ภาคใต้,82,1531
2026-02-28,TK-A-001,กรุงเทพฯ,182,3376
2026-02-28,TK-A-001,ภาคกลาง,153,2631
2026-02-28,TK-A-001,ภาคตะวันออก,110,1905
2026-02-28,TK-A-001,ภาคเหนือ,88,1803
2026-02-28,TK-A-001,ภาคใต้,129,2170
2026-02-28,GL-B-014,กรุงเทพฯ,907,16707
2026-02-28,GL-B-014,ภาคกลาง,687,14696
2026-02-28,GL-B-014,ภาคตะวันออก,575,8708
2026-02-28,GL-B-014,ภาคเหนือ,504,7779
2026-02-28,GL-B-014,ภาคใต้,600,9775
2026-02-28,MK-C-028,กรุงเทพฯ,665,10526
2026-02-28,MK-C-028,ภาคกลาง,494,10364
2026-02-28,MK-C-028,ภาคตะวันออก,422,7022
2026-02-28,MK-C-028,ภาคเหนือ,331,6625
2026-02-28,MK-C-028,ภาคใต้,447,8889
2026-02-28,SY-D-039,กรุงเทพฯ,470,7424
2026-02-28,SY-D-039,ภาคกลาง,345,7300
2026-02-28,SY-D-039,ภาคตะวันออก,284,4440
2026-02-28,SY-D-039,ภาคเหนือ,234,4244
2026-02-28,SY-D-039,ภาคใต้,309,4598
2026-02-28,AG-E-052,กรุงเทพฯ,124,2701
2026-02-28,AG-E-052,ภาคกลาง,111,1931
2026-02-28,AG-E-052,ภาคตะวันออก,79,1288
2026-02-28,AG-E-052,ภาคเหนือ,72,1442
2026-02-28,AG-E-052,ภาคใต้,86,1819
2026-03-01,TK-A-001,กรุงเทพฯ,165,3110
2026-03-01,TK-A-001,ภาคกลาง,139,2830
2026-03-01,TK-A-001,ภาคตะวันออก,110,1984
2026-03-01,TK-A-001,ภาคเหนือ,96,1789
2026-03-01,TK-A-001,ภาคใต้,121,2304
2026-03-01,GL-B-014,กรุงเทพฯ,912,17660
2026-03-01,GL-B-014,ภาคกลาง,778,12849
2026-03-01,GL-B-014,ภาคตะวันออก,535,9874
2026-03-01,GL-B-014,ภาคเหนือ,538,9361
2026-03-01,GL-B-014,ภาคใต้,598,9731
2026-03-01,MK-C-028,กรุงเทพฯ,687,13222
2026-03-01,MK-C-028,ภาคกลาง,583,8874
2026-03-01,MK-C-028,ภาคตะวันออก,402,6264
2026-03-01,MK-C-028,ภาคเหนือ,354,5566
2026-03-01,MK-C-028,ภาคใต้,422,7801
2026-03-01,SY-D-039,กรุงเทพฯ,413,7364
2026-03-01,SY-D-039,ภาคกลาง,372,7349
2026-03-01,SY-D-039,ภาคตะวันออก,276,4773
2026-03-01,SY-D-039,ภาคเหนือ,227,4247
2026-03-01,SY-D-039,ภาคใต้,313,5862
2026-03-01,AG-E-052,กรุงเทพฯ,140,2351
2026-03-01,AG-E-052,ภาคกลาง,100,2060
2026-03-01,AG-E-052,ภาคตะวันออก,86,1244
2026-03-01,AG-E-052,ภาคเหนือ,68,1359
2026-03-01,AG-E-052,ภาคใต้,98,1799
2026-03-02,TK-A-001,กรุงเทพฯ,169,3670
2026-03-02,TK-A-001,ภาคกลาง,146,2760
2026-03-02,TK-A-001,ภาคตะวันออก,110,1992
2026-03-02,TK-A-001,ภาคเหนือ,91,1533
2026-03-02,TK-A-001,ภาคใต้,111,2389
2026-03-02,GL-B-014,กรุงเทพฯ,845,18397
2026-03-02,GL-B-014,ภาคกลาง,780,14244
2026-03-02,GL-B-014,ภาคตะวันออก,595,11345
2026-03-02,GL-B-014,ภาคเหนือ,527,7630
2026-03-02,GL-B-014,ภาคใต้,602,10527
2026-03-02,MK-C-028,กรุงเทพฯ,621,12172
2026-03-02,MK-C-028,ภาคกลาง,519,10995
2026-03-02,MK-C-028,ภาคตะวันออก,405,8034
2026-03-02,MK-C-028,ภาคเหนือ,341,7328
2026-03-02,MK-C-028,ภาคใต้,432,7303
2026-03-02,SY-D-039,กรุงเทพฯ,428,8261
2026-03-02,SY-D-039,ภาคกลาง,375,5614
2026-03-02,SY-D-039,ภาคตะวันออก,261,4848
2026-03-02,SY-D-039,ภาคเหนือ,250,4561
2026-03-02,SY-D-039,ภาคใต้,307,6204
2026-03-02,AG-E-052,กรุงเทพฯ,143,2610
2026-03-02,AG-E-052,ภาคกลาง,116,1666
2026-03-02,AG-E-052,ภาคตะวันออก,84,1402
2026-03-02,AG-E-052,ภาคเหนือ,68,1174
2026-03-02,AG-E-052,ภาคใต้,88,1854
2026-03-03,TK-A-001,กรุงเทพฯ,183,2898
2026-03-03,TK-A-001,ภาคกลาง,145,2237
2026-03-03,TK-A-001,ภาคตะวันออก,110,2224
2026-03-03,TK-A-001,ภาคเหนือ,101,1971
2026-03-03,TK-A-001,ภาคใต้,130,2121
2026-03-03,GL-B-014,กรุงเทพฯ,960,17809
2026-03-03,GL-B-014,ภาคกลาง,690,12412
2026-03-03,GL-B-014,ภาคตะวันออก,566,10963
2026-03-03,GL-B-014,ภาคเหนือ,520,9887
2026-03-03,GL-B-014,ภาคใต้,567,12343
2026-03-03,MK-C-028,กรุงเทพฯ,703,10879
2026-03-03,MK-C-028,ภาคกลาง,500,10502
2026-03-03,MK-C-028,ภาคตะวันออก,372,6760
2026-03-03,MK-C-028,ภาคเหนือ,394,5960
2026-03-03,MK-C-028,ภาคใต้,425,7726
2026-03-03,SY-D-039,กรุงเทพฯ,476,7326
2026-03-03,SY-D-039,ภาคกลาง,358,7355
2026-03-03,SY-D-039,ภาคตะวันออก,250,4574
2026-03-03,SY-D-039,ภาคเหนือ,260,4202
2026-03-03,SY-D-039,ภาคใต้,304,5945
2026-03-03,AG-E-052,กรุงเทพฯ,129,2306
2026-03-03,AG-E-052,ภาคกลาง,118,1747
2026-03-03,AG-E-052,ภาคตะวันออก,84,1328
2026-03-03,AG-E-052,ภาคเหนือ,71,1483
2026-03-03,AG-E-052,ภาคใต้,93,1652
2026-03-04,TK-A-001,กรุงเทพฯ,184,2814
2026-03-04,TK-A-001,ภาคกลาง,154,2483
2026-03-04,TK-A-001,ภาคตะวันออก,105,2155
2026-03-04,TK-A-001,ภาคเหนือ,100,1652
2026-03-04,TK-A-001,ภาคใต้,120,2156
2026-03-04,GL-B-014,กรุงเทพฯ,866,18285
2026-03-04,GL-B-014,ภาคกลาง,721,14778
2026-03-04,GL-B-014,ภาคตะวันออก,588,10725
2026-03-04,GL-B-014,ภาคเหนือ,469,9819
2026-03-04,GL-B-014,ภาคใต้,577,10739
2026-03-04,MK-C-028,กรุงเทพฯ,630,10633
2026-03-04,MK-C-028,ภาคกลาง,525,10985
2026-03-04,MK-C-028,ภาคตะวันออก,421,7375
2026-03-04,MK-C-028,ภาคเหนือ,386,6361
2026-03-04,MK-C-028,ภาคใต้,481,8723
2026-03-04,SY-D-039,กรุงเทพฯ,415,7821
2026-03-04,SY-D-039,ภาคกลาง,358,7309
2026-03-04,SY-D-039,ภาคตะวันออก,285,5086
2026-03-04,SY-D-039,ภาคเหนือ,220,4792
2026-03-04,SY-D-039,ภาคใต้,285,5635
2026-03-04,AG-E-052,กรุงเทพฯ,143,2426
2026-03-04,AG-E-052,ภาคกลาง,99,2081
2026-03-04,AG-E-052,ภาคตะวันออก,79,1499
2026-03-04,AG-E-052,ภาคเหนือ,68,1297
2026-03-04,AG-E-052,ภาคใต้,87,1774
2026-03-05,TK-A-001,กรุงเทพฯ,175,3041
2026-03-05,TK-A-001,ภาคกลาง,134,2392
2026-03-05,TK-A-001,ภาคตะวันออก,114,1707
2026-03-05,TK-A-001,ภาคเหนือ,104,1470
2026-03-05,TK-A-001,ภาคใต้,118,2328
2026-03-05,GL-B-014,กรุงเทพฯ,913,17753
2026-03-05,GL-B-014,ภาคกลาง,692,11773
2026-03-05,GL-B-014,ภาคตะวันออก,510,10663
2026-03-05,GL-B-014,ภาคเหนือ,495,8500
2026-03-05,GL-B-014,ภาคใต้,611,11176
2026-03-05,MK-C-028,กรุงเทพฯ,730,13903
2026-03-05,MK-C-028,ภาคกลาง,491,10342
2026-03-05,MK-C-028,ภาคตะวันออก,442,6327
2026-03-05,MK-C-028,ภาคเหนือ,337,6371
2026-03-05,MK-C-028,ภาคใต้,470,7659
2026-03-05,SY-D-039,กรุงเทพฯ,418,7088
2026-03-05,SY-D-039,ภาคกลาง,324,7169
2026-03-05,SY-D-039,ภาคตะวันออก,276,5207
2026-03-05,SY-D-039,ภาคเหนือ,249,3887
2026-03-05,SY-D-039,ภาคใต้,303,5969
2026-03-05,AG-E-052,กรุงเทพฯ,145,2597
2026-03-05,AG-E-052,ภาคกลาง,110,2104
2026-03-05,AG-E-052,ภาคตะวันออก,88,1459
2026-03-05,AG-E-052,ภาคเหนือ,79,1217
2026-03-05,AG-E-052,ภาคใต้,87,1853
2026-03-06,TK-A-001,กรุงเทพฯ,196,3144
2026-03-06,TK-A-001,ภาคกลาง,141,2768
2026-03-06,TK-A-001,ภาคตะวันออก,102,2102
2026-03-06,TK-A-001,ภาคเหนือ,96,1715
2026-03-06,TK-A-001,ภาคใต้,131,2351
2026-03-06,GL-B-014,กรุงเทพฯ,866,15398
2026-03-06,GL-B-014,ภาคกลาง,763,11788
2026-03-06,GL-B-014,ภาคตะวันออก,596,8544
2026-03-06,GL-B-014,ภาคเหนือ,451,9951
2026-03-06,GL-B-014,ภาคใต้,667,9568
2026-03-06,MK-C-028,กรุงเทพฯ,614,12250
2026-03-06,MK-C-028,ภาคกลาง,563,10232
2026-03-06,MK-C-028,ภาคตะวันออก,436,6901
2026-03-06,MK-C-028,ภาคเหนือ,369,6310
2026-03-06,MK-C-028,ภาคใต้,487,7458
2026-03-06,SY-D-039,กรุงเทพฯ,408,7877
2026-03-06,SY-D-039,ภาคกลาง,371,5629
2026-03-06,SY-D-039,ภาคตะวันออก,296,5245
2026-03-06,SY-D-039,ภาคเหนือ,262,4229
2026-03-06,SY-D-039,ภาคใต้,288,5309
2026-03-06,AG-E-052,กรุงเทพฯ,147,2389
2026-03-06,AG-E-052,ภาคกลาง,109,1837
2026-03-06,AG-E-052,ภาคตะวันออก,87,1667
2026-03-06,AG-E-052,ภาคเหนือ,79,1472
2026-03-06,AG-E-052,ภาคใต้,89,1804
2026-03-07,TK-A-001,กรุงเทพฯ,187,2811
2026-03-07,TK-A-001,ภาคกลาง,150,2679
2026-03-07,TK-A-001,ภาคตะวันออก,101,2056
2026-03-07,TK-A-001,ภาคเหนือ,99,1513
2026-03-07,TK-A-001,ภาคใต้,122,2264
2026-03-07,GL-B-014,กรุงเทพฯ,1006,17765
2026-03-07,GL-B-014,ภาคกลาง,754,14282
2026-03-07,GL-B-014,ภาคตะวันออก,613,11211
2026-03-07,GL-B-014,ภาคเหนือ,505,8899
2026-03-07,GL-B-014,ภาคใต้,633,11459
2026-03-07,MK-C-028,กรุงเทพฯ,710,11027
2026-03-07,MK-C-028,ภาคกลาง,509,9934
2026-03-07,MK-C-028,ภาคตะวันออก,365,7639
2026-03-07,MK-C-028,ภาคเหนือ,344,6405
2026-03-07,MK-C-028,ภาคใต้,480,7343
2026-03-07,SY-D-039,กรุงเทพฯ,432,8886
2026-03-07,SY-D-039,ภาคกลาง,328,5841
2026-03-07,SY-D-039,ภาคตะวันออก,267,5335
2026-03-07,SY-D-039,ภาคเหนือ,230,4499
2026-03-07,SY-D-039,ภาคใต้,287,4905
2026-03-07,AG-E-052,กรุงเทพฯ,126,2133
2026-03-07,AG-E-052,ภาคกลาง,100,1956
2026-03-07,AG-E-052,ภาคตะวันออก,77,1363
2026-03-07,AG-E-052,ภาคเหนือ,77,1166
2026-03-07,AG-E-052,ภาคใต้,93,1773
2026-03-08,TK-A-001,กรุงเทพฯ,169,3038
2026-03-08,TK-A-001,ภาคกลาง,133,2757
2026-03-08,TK-A-001,ภาคตะวันออก,116,2096
2026-03-08,TK-A-001,ภาคเหนือ,99,1658
2026-03-08,TK-A-001,ภาคใต้,115,2447
2026-03-08,GL-B-014,กรุงเทพฯ,869,16506
2026-03-08,GL-B-014,ภาคกลาง,733,14203
2026-03-08,GL-B-014,ภาคตะวันออก,552,10899
2026-03-08,GL-B-014,ภาคเหนือ,537,7675
2026-03-08,GL-B-014,ภาคใต้,682,9954
2026-03-08,MK-C-028,กรุงเทพฯ,620,10942
2026-03-08,MK-C-028,ภาคกลาง,576,9919
2026-03-08,MK-C-028,ภาคตะวันออก,445,6513
2026-03-08,MK-C-028,ภาคเหนือ,385,6914
2026-03-08,MK-C-028,ภาคใต้,466,7083
2026-03-08,SY-D-039,กรุงเทพฯ,426,7290
2026-03-08,SY-D-039,ภาคกลาง,359,6911
2026-03-08,SY-D-039,ภาคตะวันออก,267,5241
2026-03-08,SY-D-039,ภาคเหนือ,263,4928
2026-03-08,SY-D-039,ภาคใต้,319,5480
2026-03-08,AG-E-052,กรุงเทพฯ,141,2396
2026-03-08,AG-E-052,ภาคกลาง,99,2096
2026-03-08,AG-E-052,ภาคตะวันออก,76,1410
2026-03-08,AG-E-052,ภาคเหนือ,79,1425
2026-03-08,AG-E-052,ภาคใต้,90,1491
2026-03-09,TK-A-001,กรุงเทพฯ,162,3324
2026-03-09,TK-A-001,ภาคกลาง,139,2919
2026-03-09,TK-A-001,ภาคตะวันออก,100,2215
2026-03-09,TK-A-001,ภาคเหนือ,87,1820
2026-03-09,TK-A-001,ภาคใต้,114,2442
2026-03-09,GL-B-014,กรุงเทพฯ,876,17759
2026-03-09,GL-B-014,ภาคกลาง,809,13356
2026-03-09,GL-B-014,ภาคตะวันออก,606,9142
2026-03-09,GL-B-014,ภาคเหนือ,508,9902
2026-03-09,GL-B-014,ภาคใต้,620,11351
2026-03-09,MK-C-028,กรุงเทพฯ,707,11605
2026-03-09,MK-C-028,ภาคกลาง,535,10196
2026-03-09,MK-C-028,ภาคตะวันออก,440,7042
2026-03-09,MK-C-028,ภาคเหนือ,353,6779
2026-03-09,MK-C-028,ภาคใต้,426,8745
2026-03-09,SY-D-039,กรุงเทพฯ,421,8282
2026-03-09,SY-D-039,ภาคกลาง,387,5773
2026-03-09,SY-D-039,ภาคตะวันออก,255,5226
2026-03-09,SY-D-039,ภาคเหนือ,246,3901
2026-03-09,SY-D-039,ภาคใต้,276,5984
2026-03-09,AG-E-052,กรุงเทพฯ,145,2124
2026-03-09,AG-E-052,ภาคกลาง,113,2231
2026-03-09,AG-E-052,ภาคตะวันออก,88,1347
2026-03-09,AG-E-052,ภาคเหนือ,75,1177
2026-03-09,AG-E-052,ภาคใต้,88,1527
2026-03-10,TK-A-001,กรุงเทพฯ,176,3018
2026-03-10,TK-A-001,ภาคกลาง,154,2917
2026-03-10,TK-A-001,ภาคตะวันออก,112,2168
2026-03-10,TK-A-001,ภาคเหนือ,96,1923
2026-03-10,TK-A-001,ภาคใต้,115,1934
2026-03-10,GL-B-014,กรุงเทพฯ,934,17006
2026-03-10,GL-B-014,ภาคกลาง,787,12744
2026-03-10,GL-B-014,ภาคตะวันออก,612,10675
2026-03-10,GL-B-014,ภาคเหนือ,540,8533
2026-03-10,GL-B-014,ภาคใต้,564,9857
2026-03-10,MK-C-028,กรุงเทพฯ,629,10603
2026-03-10,MK-C-028,ภาคกลาง,517,9966
2026-03-10,MK-C-028,ภาคตะวันออก,445,7954
2026-03-10,MK-C-028,ภาคเหนือ,328,6296
2026-03-10,MK-C-028,ภาคใต้,459,7623
2026-03-10,SY-D-039,กรุงเทพฯ,426,7252
2026-03-10,SY-D-039,ภาคกลาง,365,5995
2026-03-10,SY-D-039,ภาคตะวันออก,277,4740
2026-03-10,SY-D-039,ภาคเหนือ,250,3760
2026-03-10,SY-D-039,ภาคใต้,322,4648
2026-03-10,AG-E-052,กรุงเทพฯ,137,2379
2026-03-10,AG-E-052,ภาคกลาง,111,2047
2026-03-10,AG-E-052,ภาคตะวันออก,85,1655
2026-03-10,AG-E-052,ภาคเหนือ,73,1488
2026-03-10,AG-E-052,ภาคใต้,92,1770
2026-03-11,TK-A-001,กรุงเทพฯ,168,3426
2026-03-11,TK-A-001,ภาคกลาง,141,2472
2026-03-11,TK-A-001,ภาคตะวันออก,108,1733
2026-03-11,TK-A-001,ภาคเหนือ,90,1925
2026-03-11,TK-A-001,ภาคใต้,122,2134
2026-03-11,GL-B-014,กรุงเทพฯ,882,15624
2026-03-11,GL-B-014,ภาคกลาง,759,12232
2026-03-11,GL-B-014,ภาคตะวันออก,600,8604
2026-03-11,GL-B-014,ภาคเหนือ,509,7675
2026-03-11,GL-B-014,ภาคใต้,572,12190
2026-03-11,MK-C-028,กรุงเทพฯ,661,13758
2026-03-11,MK-C-028,ภาคกลาง,525,10974
2026-03-11,MK-C-028,ภาคตะวันออก,439,6489
2026-03-11,MK-C-028,ภาคเหนือ,341,7408
2026-03-11,MK-C-028,ภาคใต้,460,7966
2026-03-11,SY-D-039,กรุงเทพฯ,436,8329
2026-03-11,SY-D-039,ภาคกลาง,382,7175
2026-03-11,SY-D-039,ภาคตะวันออก,256,4616
2026-03-11,SY-D-039,ภาคเหนือ,257,4578
2026-03-11,SY-D-039,ภาคใต้,321,5973
2026-03-11,AG-E-052,กรุงเทพฯ,135,2369
2026-03-11,AG-E-052,ภาคกลาง,116,1653
2026-03-11,AG-E-052,ภาคตะวันออก,84,1272
2026-03-11,AG-E-052,ภาคเหนือ,66,1298
2026-03-11,AG-E-052,ภาคใต้,90,1843
2026-03-12,TK-A-001,กรุงเทพฯ,185,3082
2026-03-12,TK-A-001,ภาคกลาง,153,2928
2026-03-12,TK-A-001,ภาคตะวันออก,104,2223
2026-03-12,TK-A-001,ภาคเหนือ,94,1696
2026-03-12,TK-A-001,ภาคใต้,111,1916
2026-03-12,GL-B-014,กรุงเทพฯ,843,15629
2026-03-12,GL-B-014,ภาคกลาง,690,13681
2026-03-12,GL-B-014,ภาคตะวันออก,603,10240
2026-03-12,GL-B-014,ภาคเหนือ,475,8503
2026-03-12,GL-B-014,ภาคใต้,678,11127
2026-03-12,MK-C-028,กรุงเทพฯ,631,11242
2026-03-12,MK-C-028,ภาคกลาง,514,10585
2026-03-12,MK-C-028,ภาคตะวันออก,404,7291
2026-03-12,MK-C-028,ภาคเหนือ,357,5691
2026-03-12,MK-C-028,ภาคใต้,409,6909
2026-03-12,SY-D-039,กรุงเทพฯ,488,7879
2026-03-12,SY-D-039,ภาคกลาง,342,6539
2026-03-12,SY-D-039,ภาคตะวันออก,253,5027
2026-03-12,SY-D-039,ภาคเหนือ,238,4705
2026-03-12,SY-D-039,ภาคใต้,305,5596
2026-03-12,AG-E-052,กรุงเทพฯ,147,2238
2026-03-12,AG-E-052,ภาคกลาง,108,1933
2026-03-12,AG-E-052,ภาคตะวันออก,89,1676
2026-03-12,AG-E-052,ภาคเหนือ,71,1407
2026-03-12,AG-E-052,ภาคใต้,87,1531
2026-03-13,TK-A-001,กรุงเทพฯ,190,3726
2026-03-13,TK-A-001,ภาคกลาง,148,2581
2026-03-13,TK-A-001,ภาคตะวันออก,119,2024
2026-03-13,TK-A-001,ภาคเหนือ,100,1957
2026-03-13,TK-A-001,ภาคใต้,128,2086
2026-03-13,GL-B-014,กรุงเทพฯ,909,15416
2026-03-13,GL-B-014,ภาคกลาง,777,13846
2026-03-13,GL-B-014,ภาคตะวันออก,513,11256
2026-03-13,GL-B-014,ภาคเหนือ,534,9889
2026-03-13,GL-B-014,ภาคใต้,600,11141
2026-03-13,MK-C-028,กรุงเทพฯ,689,11151
2026-03-13,MK-C-028,ภาคกลาง,490,9146
2026-03-13,MK-C-028,ภาคตะวันออก,411,7950
2026-03-13,MK-C-028,ภาคเหนือ,383,6511
2026-03-13,MK-C-028,ภาคใต้,455,8107
2026-03-13,SY-D-039,กรุงเทพฯ,443,8933
2026-03-13,SY-D-039,ภาคกลาง,369,7417
2026-03-13,SY-D-039,ภาคตะวันออก,257,5393
2026-03-13,SY-D-039,ภาคเหนือ,232,4307
2026-03-13,SY-D-039,ภาคใต้,328,5619
2026-03-13,AG-E-052,กรุงเทพฯ,135,2673
2026-03-13,AG-E-052,ภาคกลาง,114,1813
2026-03-13,AG-E-052,ภาคตะวันออก,85,1596
2026-03-13,AG-E-052,ภาคเหนือ,73,1338
2026-03-13,AG-E-052,ภาคใต้,92,1767
2026-03-14,TK-A-001,กรุงเทพฯ,194,2825
2026-03-14,TK-A-001,ภาคกลาง,135,2447
2026-03-14,TK-A-001,ภาคตะวันออก,104,1916
2026-03-14,TK-A-001,ภาคเหนือ,97,1861
2026-03-14,TK-A-001,ภาคใต้,121,1943
2026-03-14,GL-B-014,กรุงเทพฯ,903,17854
2026-03-14,GL-B-014,ภาคกลาง,779,11968
2026-03-14,GL-B-014,ภาคตะวันออก,514,9913
2026-03-14,GL-B-014,ภาคเหนือ,491,9156
2026-03-14,GL-B-014,ภาคใต้,625,10909
2026-03-14,MK-C-028,กรุงเทพฯ,649,10427
2026-03-14,MK-C-028,ภาคกลาง,592,8510
2026-03-14,MK-C-028,ภาคตะวันออก,437,7528
2026-03-14,MK-C-028,ภาคเหนือ,394,6040
2026-03-14,MK-C-028,ภาคใต้,420,7963
2026-03-14,SY-D-039,กรุงเทพฯ,442,8945
2026-03-14,SY-D-039,ภาคกลาง,364,6333
2026-03-14,SY-D-039,ภาคตะวันออก,274,4802
2026-03-14,SY-D-039,ภาคเหนือ,239,4907
2026-03-14,SY-D-039,ภาคใต้,311,5607
2026-03-14,AG-E-052,กรุงเทพฯ,122,2335
2026-03-14,AG-E-052,ภาคกลาง,99,1920
2026-03-14,AG-E-052,ภาคตะวันออก,84,1279
2026-03-14,AG-E-052,ภาคเหนือ,67,1377
2026-03-14,AG-E-052,ภาคใต้,83,1733
2026-03-15,TK-A-001,กรุงเทพฯ,177,2779
2026-03-15,TK-A-001,ภาคกลาง,144,2753
2026-03-15,TK-A-001,ภาคตะวันออก,110,1976
2026-03-15,TK-A-001,ภาคเหนือ,91,1525
2026-03-15,TK-A-001,ภาคใต้,117,2008
2026-03-15,GL-B-014,กรุงเทพฯ,972,18477
2026-03-15,GL-B-014,ภาคกลาง,765,14045
2026-03-15,GL-B-014,ภาคตะวันออก,524,9532
2026-03-15,GL-B-014,ภาคเหนือ,510,9621
2026-03-15,GL-B-014,ภาคใต้,673,10200
2026-03-15,MK-C-028,กรุงเทพฯ,731,12007
2026-03-15,MK-C-028,ภาคกลาง,486,11028
2026-03-15,MK-C-028,ภาคตะวันออก,370,7831
2026-03-15,MK-C-028,ภาคเหนือ,392,5874
2026-03-15,MK-C-028,ภาคใต้,413,7586
2026-03-15,SY-D-039,กรุงเทพฯ,463,7575
2026-03-15,SY-D-039,ภาคกลาง,352,6270
2026-03-15,SY-D-039,ภาคตะวันออก,246,4721
2026-03-15,SY-D-039,ภาคเหนือ,240,4221
2026-03-15,SY-D-039,ภาคใต้,295,4651
2026-03-15,AG-E-052,กรุงเทพฯ,125,2125
2026-03-15,AG-E-052,ภาคกลาง,101,2173
2026-03-15,AG-E-052,ภาคตะวันออก,89,1318
2026-03-15,AG-E-052,ภาคเหนือ,67,1282
2026-03-15,AG-E-052,ภาคใต้,96,1773
2026-03-16,TK-A-001,กรุงเทพฯ,188,3516
2026-03-16,TK-A-001,ภาคกลาง,133,2257
2026-03-16,TK-A-001,ภาคตะวันออก,103,1716
2026-03-16,TK-A-001,ภาคเหนือ,100,1799
2026-03-16,TK-A-001,ภาคใต้,115,2213
2026-03-16,GL-B-014,กรุงเทพฯ,926,14296
2026-03-16,GL-B-014,ภาคกลาง,788,11823
2026-03-16,GL-B-014,ภาคตะวันออก,547,8956
2026-03-16,GL-B-014,ภาคเหนือ,461,10239
2026-03-16,GL-B-014,ภาคใต้,648,11613
2026-03-16,MK-C-028,กรุงเทพฯ,719,10507
2026-03-16,MK-C-028,ภาคกลาง,524,8347
2026-03-16,MK-C-028,ภาคตะวันออก,425,6853
2026-03-16,MK-C-028,ภาคเหนือ,360,6678
2026-03-16,MK-C-028,ภาคใต้,418,7831
2026-03-16,SY-D-039,กรุงเทพฯ,418,8718
2026-03-16,SY-D-039,ภาคกลาง,373,6199
2026-03-16,SY-D-039,ภาคตะวันออก,293,4177
2026-03-16,SY-D-039,ภาคเหนือ,242,4257
2026-03-16,SY-D-039,ภาคใต้,296,4900
2026-03-16,AG-E-052,กรุงเทพฯ,141,2111
2026-03-16,AG-E-052,ภาคกลาง,103,2215
2026-03-16,AG-E-052,ภาคตะวันออก,86,1662
2026-03-16,AG-E-052,ภาคเหนือ,65,1256
2026-03-16,AG-E-052,ภาคใต้,93,1607
2026-03-17,TK-A-001,กรุงเทพฯ,165,3631
2026-03-17,TK-A-001,ภาคกลาง,157,2349
2026-03-17,TK-A-001,ภาคตะวันออก,104,1903
2026-03-17,TK-A-001,ภาคเหนือ,101,1691
2026-03-17,TK-A-001,ภาคใต้,120,2089
2026-03-17,GL-B-014,กรุงเทพฯ,927,17044
2026-03-17,GL-B-014,ภาคกลาง,698,12242
2026-03-17,GL-B-014,ภาคตะวันออก,532,10823
2026-03-17,GL-B-014,ภาคเหนือ,531,9439
2026-03-17,GL-B-014,ภาคใต้,613,12714
2026-03-17,MK-C-028,กรุงเทพฯ,721,12116
2026-03-17,MK-C-028,ภาคกลาง,546,8429
2026-03-17,MK-C-028,ภาคตะวันออก,424,7273
2026-03-17,MK-C-028,ภาคเหนือ,358,6493
2026-03-17,MK-C-028,ภาคใต้,439,8866
2026-03-17,SY-D-039,กรุงเทพฯ,424,6904
2026-03-17,SY-D-039,ภาคกลาง,343,6869
2026-03-17,SY-D-039,ภาคตะวันออก,250,5425
2026-03-17,SY-D-039,ภาคเหนือ,236,4477
2026-03-17,SY-D-039,ภาคใต้,320,5037
2026-03-17,AG-E-052,กรุงเทพฯ,140,2268
2026-03-17,AG-E-052,ภาคกลาง,115,1840
2026-03-17,AG-E-052,ภาคตะวันออก,75,1392
2026-03-17,AG-E-052,ภาคเหนือ,75,1477
2026-03-17,AG-E-052,ภาคใต้,85,1453
2026-03-18,TK-A-001,กรุงเทพฯ,184,2780
2026-03-18,TK-A-001,ภาคกลาง,145,2694
2026-03-18,TK-A-001,ภาคตะวันออก,101,2024
2026-03-18,TK-A-001,ภาคเหนือ,95,1576
2026-03-18,TK-A-001,ภาคใต้,129,2010
2026-03-18,GL-B-014,กรุงเทพฯ,869,17008
2026-03-18,GL-B-014,ภาคกลาง,680,14936
2026-03-18,GL-B-014,ภาคตะวันออก,582,9357
2026-03-18,GL-B-014,ภาคเหนือ,520,10198
2026-03-18,GL-B-014,ภาคใต้,558,12693
2026-03-18,MK-C-028,กรุงเทพฯ,706,12087
2026-03-18,MK-C-028,ภาคกลาง,487,9018
2026-03-18,MK-C-028,ภาคตะวันออก,387,8186
2026-03-18,MK-C-028,ภาคเหนือ,375,7118
2026-03-18,MK-C-028,ภาคใต้,479,7100
2026-03-18,SY-D-039,กรุงเทพฯ,421,7626
2026-03-18,SY-D-039,ภาคกลาง,366,6305
2026-03-18,SY-D-039,ภาคตะวันออก,255,5188
2026-03-18,SY-D-039,ภาคเหนือ,225,4333
2026-03-18,SY-D-039,ภาคใต้,291,6194
2026-03-18,AG-E-052,กรุงเทพฯ,139,2563
2026-03-18,AG-E-052,ภาคกลาง,112,1822
2026-03-18,AG-E-052,ภาคตะวันออก,77,1474
2026-03-18,AG-E-052,ภาคเหนือ,76,1345
2026-03-18,AG-E-052,ภาคใต้,82,1700
2026-03-19,TK-A-001,กรุงเทพฯ,183,3540
2026-03-19,TK-A-001,ภาคกลาง,142,2459
2026-03-19,TK-A-001,ภาคตะวันออก,116,2001
2026-03-19,TK-A-001,ภาคเหนือ,96,1702
2026-03-19,TK-A-001,ภาคใต้,114,2379
2026-03-19,GL-B-014,กรุงเทพฯ,894,16141
2026-03-19,GL-B-014,ภาคกลาง,774,14499
2026-03-19,GL-B-014,ภาคตะวันออก,603,9368
2026-03-19,GL-B-014,ภาคเหนือ,516,9995
2026-03-19,GL-B-014,ภาคใต้,617,9581
2026-03-19,MK-C-028,กรุงเทพฯ,697,13915
2026-03-19,MK-C-028,ภาคกลาง,580,8467
2026-03-19,MK-C-028,ภาคตะวันออก,432,6675
2026-03-19,MK-C-028,ภาคเหนือ,356,6550
2026-03-19,MK-C-028,ภาคใต้,455,8182
2026-03-19,SY-D-039,กรุงเทพฯ,436,8251
2026-03-19,SY-D-039,ภาคกลาง,379,6594
2026-03-19,SY-D-039,ภาคตะวันออก,252,5204
2026-03-19,SY-D-039,ภาคเหนือ,258,4734
2026-03-19,SY-D-039,ภาคใต้,297,6142
2026-03-19,AG-E-052,กรุงเทพฯ,140,2125
2026-03-19,AG-E-052,ภาคกลาง,106,1790
2026-03-19,AG-E-052,ภาคตะวันออก,82,1666
2026-03-19,AG-E-052,ภาคเหนือ,65,1170
2026-03-19,AG-E-052,ภาคใต้,96,1520
2026-03-20,TK-A-001,กรุงเทพฯ,165,2932
2026-03-20,TK-A-001,ภาคกลาง,158,2670
2026-03-20,TK-A-001,ภาคตะวันออก,98,2028
2026-03-20,TK-A-001,ภาคเหนือ,86,1494
2026-03-20,TK-A-001,ภาคใต้,110,2224
2026-03-20,GL-B-014,กรุงเทพฯ,846,16925
2026-03-20,GL-B-014,ภาคกลาง,784,14065
2026-03-20,GL-B-014,ภาคตะวันออก,520,10370
2026-03-20,GL-B-014,ภาคเหนือ,476,8300
2026-03-20,GL-B-014,ภาคใต้,566,11890
2026-03-20,MK-C-028,กรุงเทพฯ,700,11577
2026-03-20,MK-C-028,ภาคกลาง,534,10516
2026-03-20,MK-C-028,ภาคตะวันออก,379,6608
2026-03-20,MK-C-028,ภาคเหนือ,359,5657
2026-03-20,MK-C-028,ภาคใต้,440,7011
2026-03-20,SY-D-039,กรุงเทพฯ,453,7055
2026-03-20,SY-D-039,ภาคกลาง,340,6687
2026-03-20,SY-D-039,ภาคตะวันออก,253,4882
2026-03-20,SY-D-039,ภาคเหนือ,225,4330
2026-03-20,SY-D-039,ภาคใต้,285,4596
2026-03-20,AG-E-052,กรุงเทพฯ,128,2487
2026-03-20,AG-E-052,ภาคกลาง,98,2200
2026-03-20,AG-E-052,ภาคตะวันออก,81,1400
2026-03-20,AG-E-052,ภาคเหนือ,72,1247
2026-03-20,AG-E-052,ภาคใต้,89,1435
2026-03-21,TK-A-001,กรุงเทพฯ,188,3096
2026-03-21,TK-A-001,ภาคกลาง,134,2515
2026-03-21,TK-A-001,ภาคตะวันออก,111,2029
2026-03-21,TK-A-001,ภาคเหนือ,92,1942
2026-03-21,TK-A-001,ภาคใต้,128,1846
2026-03-21,GL-B-014,กรุงเทพฯ,902,15423
2026-03-21,GL-B-014,ภาคกลาง,794,12993
2026-03-21,GL-B-014,ภาคตะวันออก,545,10256
2026-03-21,GL-B-014,ภาคเหนือ,500,9381
2026-03-21,GL-B-014,ภาคใต้,641,11673
2026-03-21,MK-C-028,กรุงเทพฯ,627,13337
2026-03-21,MK-C-028,ภาคกลาง,567,9631
2026-03-21,MK-C-028,ภาคตะวันออก,379,7970
2026-03-21,MK-C-028,ภาคเหนือ,369,6362
2026-03-21,MK-C-028,ภาคใต้,462,7580
2026-03-21,SY-D-039,กรุงเทพฯ,437,7227
2026-03-21,SY-D-039,ภาคกลาง,359,5599
2026-03-21,SY-D-039,ภาคตะวันออก,255,5331
2026-03-21,SY-D-039,ภาคเหนือ,259,4902
2026-03-21,SY-D-039,ภาคใต้,281,4953
2026-03-21,AG-E-052,กรุงเทพฯ,147,2428
2026-03-21,AG-E-052,ภาคกลาง,103,1919
2026-03-21,AG-E-052,ภาคตะวันออก,86,1447
2026-03-21,AG-E-052,ภาคเหนือ,67,1486
2026-03-21,AG-E-052,ภาคใต้,91,1508
2026-03-22,TK-A-001,กรุงเทพฯ,177,3692
2026-03-22,TK-A-001,ภาคกลาง,155,2802
2026-03-22,TK-A-001,ภาคตะวันออก,100,1891
2026-03-22,TK-A-001,ภาคเหนือ,104,1981
2026-03-22,TK-A-001,ภาคใต้,113,1870
2026-03-22,GL-B-014,กรุงเทพฯ,913,18214
2026-03-22,GL-B-014,ภาคกลาง,683,14649
2026-03-22,GL-B-014,ภาคตะวันออก,541,9716
2026-03-22,GL-B-014,ภาคเหนือ,525,8089
2026-03-22,GL-B-014,ภาคใต้,609,10979
2026-03-22,MK-C-028,กรุงเทพฯ,735,10619
2026-03-22,MK-C-028,ภาคกลาง,587,11150
2026-03-22,MK-C-028,ภาคตะวันออก,395,8000
2026-03-22,MK-C-028,ภาคเหนือ,375,6481
2026-03-22,MK-C-028,ภาคใต้,450,7892
2026-03-22,SY-D-039,กรุงเทพฯ,422,8806
2026-03-22,SY-D-039,ภาคกลาง,376,5929
2026-03-22,SY-D-039,ภาคตะวันออก,256,5017
2026-03-22,SY-D-039,ภาคเหนือ,244,4545
2026-03-22,SY-D-039,ภาคใต้,298,4708
2026-03-22,AG-E-052,กรุงเทพฯ,129,2626
2026-03-22,AG-E-052,ภาคกลาง,114,1862
2026-03-22,AG-E-052,ภาคตะวันออก,87,1353
2026-03-22,AG-E-052,ภาคเหนือ,73,1195
2026-03-22,AG-E-052,ภาคใต้,84,1845
2026-03-23,TK-A-001,กรุงเทพฯ,162,3158
2026-03-23,TK-A-001,ภาคกลาง,142,2651
2026-03-23,TK-A-001,ภาคตะวันออก,113,2077
2026-03-23,TK-A-001,ภาคเหนือ,105,1907
2026-03-23,TK-A-001,ภาคใต้,125,2287
2026-03-23,GL-B-014,กรุงเทพฯ,908,14445
2026-03-23,GL-B-014,ภาคกลาง,757,15276
2026-03-23,GL-B-014,ภาคตะวันออก,548,8762
2026-03-23,GL-B-014,ภาคเหนือ,498,9266
2026-03-23,GL-B-014,ภาคใต้,563,11763
2026-03-23,MK-C-028,กรุงเทพฯ,612,11904
2026-03-23,MK-C-028,ภาคกลาง,569,9824
2026-03-23,MK-C-028,ภาคตะวันออก,432,7205
2026-03-23,MK-C-028,ภาคเหนือ,325,5989
2026-03-23,MK-C-028,ภาคใต้,485,8629
2026-03-23,SY-D-039,กรุงเทพฯ,411,8124
2026-03-23,SY-D-039,ภาคกลาง,328,6778
2026-03-23,SY-D-039,ภาคตะวันออก,249,5517
2026-03-23,SY-D-039,ภาคเหนือ,222,4594
2026-03-23,SY-D-039,ภาคใต้,281,5259
2026-03-23,AG-E-052,กรุงเทพฯ,126,2282
2026-03-23,AG-E-052,ภาคกลาง,99,2066
2026-03-23,AG-E-052,ภาคตะวันออก,78,1593
2026-03-23,AG-E-052,ภาคเหนือ,75,1138
2026-03-23,AG-E-052,ภาคใต้,93,1683
2026-03-24,TK-A-001,กรุงเทพฯ,167,3712
2026-03-24,TK-A-001,ภาคกลาง,144,2358
2026-03-24,TK-A-001,ภาคตะวันออก,110,2058
2026-03-24,TK-A-001,ภาคเหนือ,99,1777
2026-03-24,TK-A-001,ภาคใต้,113,1952
2026-03-24,GL-B-014,กรุงเทพฯ,864,15272
2026-03-24,GL-B-014,ภาคกลาง,781,11709
2026-03-24,GL-B-014,ภาคตะวันออก,556,9952
2026-03-24,GL-B-014,ภาคเหนือ,473,9145
2026-03-24,GL-B-014,ภาคใต้,646,11848
2026-03-24,MK-C-028,กรุงเทพฯ,634,13303
2026-03-24,MK-C-028,ภาคกลาง,538,9886
2026-03-24,MK-C-028,ภาคตะวันออก,372,8139
2026-03-24,MK-C-028,ภาคเหนือ,344,6638
2026-03-24,MK-C-028,ภาคใต้,431,8637
2026-03-24,SY-D-039,กรุงเทพฯ,416,9155
2026-03-24,SY-D-039,ภาคกลาง,336,6071
2026-03-24,SY-D-039,ภาคตะวันออก,278,4529
2026-03-24,SY-D-039,ภาคเหนือ,248,4942
2026-03-24,SY-D-039,ภาคใต้,296,5023
2026-03-24,AG-E-052,กรุงเทพฯ,129,2141
2026-03-24,AG-E-052,ภาคกลาง,112,1865
2026-03-24,AG-E-052,ภาคตะวันออก,87,1597
2026-03-24,AG-E-052,ภาคเหนือ,77,1370
2026-03-24,AG-E-052,ภาคใต้,95,1856
2026-03-25,TK-A-001,กรุงเทพฯ,195,2990
2026-03-25,TK-A-001,ภาคกลาง,132,2772
2026-03-25,TK-A-001,ภาคตะวันออก,101,2086
2026-03-25,TK-A-001,ภาคเหนือ,87,1830
2026-03-25,TK-A-001,ภาคใต้,123,2367
2026-03-25,GL-B-014,กรุงเทพฯ,899,15701
2026-03-25,GL-B-014,ภาคกลาง,817,12892
2026-03-25,GL-B-014,ภาคตะวันออก,525,9832
2026-03-25,GL-B-014,ภาคเหนือ,454,8436
2026-03-25,GL-B-014,ภาคใต้,651,11197
2026-03-25,MK-C-028,กรุงเทพฯ,672,10353
2026-03-25,MK-C-028,ภาคกลาง,507,10318
2026-03-25,MK-C-028,ภาคตะวันออก,372,6425
2026-03-25,MK-C-028,ภาคเหนือ,365,6968
2026-03-25,MK-C-028,ภาคใต้,426,8485
2026-03-25,SY-D-039,กรุงเทพฯ,437,8891
2026-03-25,SY-D-039,ภาคกลาง,325,6711
2026-03-25,SY-D-039,ภาคตะวันออก,292,4459
2026-03-25,SY-D-039,ภาคเหนือ,252,3854
2026-03-25,SY-D-039,ภาคใต้,320,6035
2026-03-25,AG-E-052,กรุงเทพฯ,147,2304
2026-03-25,AG-E-052,ภาคกลาง,106,1675
2026-03-25,AG-E-052,ภาคตะวันออก,88,1372
2026-03-25,AG-E-052,ภาคเหนือ,79,1252
2026-03-25,AG-E-052,ภาคใต้,85,1746
2026-03-26,TK-A-001,กรุงเทพฯ,186,3533
2026-03-26,TK-A-001,ภาคกลาง,133,2478
2026-03-26,TK-A-001,ภาคตะวันออก,102,1834
2026-03-26,TK-A-001,ภาคเหนือ,93,1786
2026-03-26,TK-A-001,ภาคใต้,118,2358
2026-03-26,GL-B-014,กรุงเทพฯ,902,15390
2026-03-26,GL-B-014,ภาคกลาง,707,14993
2026-03-26,GL-B-014,ภาคตะวันออก,510,11242
2026-03-26,GL-B-014,ภาคเหนือ,513,9614
2026-03-26,GL-B-014,ภาคใต้,668,9639
2026-03-26,MK-C-028,กรุงเทพฯ,679,13503
2026-03-26,MK-C-028,ภาคกลาง,487,8751
2026-03-26,MK-C-028,ภาคตะวันออก,413,6358
2026-03-26,MK-C-028,ภาคเหนือ,333,6641
2026-03-26,MK-C-028,ภาคใต้,482,7566
2026-03-26,SY-D-039,กรุงเทพฯ,430,8828
2026-03-26,SY-D-039,ภาคกลาง,331,6974
2026-03-26,SY-D-039,ภาคตะวันออก,286,5392
2026-03-26,SY-D-039,ภาคเหนือ,252,4828
2026-03-26,SY-D-039,ภาคใต้,309,5138
2026-03-26,AG-E-052,กรุงเทพฯ,132,2644
2026-03-26,AG-E-052,ภาคกลาง,107,2108
2026-03-26,AG-E-052,ภาคตะวันออก,82,1303
2026-03-26,AG-E-052,ภาคเหนือ,65,1454
2026-03-26,AG-E-052,ภาคใต้,87,1461
2026-03-27,TK-A-001,กรุงเทพฯ,173,3507
2026-03-27,TK-A-001,ภาคกลาง,141,2726
2026-03-27,TK-A-001,ภาคตะวันออก,99,2046
2026-03-27,TK-A-001,ภาคเหนือ,94,1681
2026-03-27,TK-A-001,ภาคใต้,118,2221
2026-03-27,GL-B-014,กรุงเทพฯ,849,16093
2026-03-27,GL-B-014,ภาคกลาง,725,12972
2026-03-27,GL-B-014,ภาคตะวันออก,588,10539
2026-03-27,GL-B-014,ภาคเหนือ,448,7891
2026-03-27,GL-B-014,ภาคใต้,611,9665
2026-03-27,MK-C-028,กรุงเทพฯ,697,13958
2026-03-27,MK-C-028,ภาคกลาง,492,9487
2026-03-27,MK-C-028,ภาคตะวันออก,395,6629
2026-03-27,MK-C-028,ภาคเหนือ,394,6771
2026-03-27,MK-C-028,ภาคใต้,458,7469
2026-03-27,SY-D-039,กรุงเทพฯ,474,8624
2026-03-27,SY-D-039,ภาคกลาง,383,6785
2026-03-27,SY-D-039,ภาคตะวันออก,294,5553
2026-03-27,SY-D-039,ภาคเหนือ,246,4251
2026-03-27,SY-D-039,ภาคใต้,314,6120
2026-03-27,AG-E-052,กรุงเทพฯ,126,2237
2026-03-27,AG-E-052,ภาคกลาง,106,1688
2026-03-27,AG-E-052,ภาคตะวันออก,79,1360
2026-03-27,AG-E-052,ภาคเหนือ,69,1185
2026-03-27,AG-E-052,ภาคใต้,88,1710
2026-03-28,TK-A-001,กรุงเทพฯ,165,2798
2026-03-28,TK-A-001,ภาคกลาง,138,2644
2026-03-28,TK-A-001,ภาคตะวันออก,104,1816
2026-03-28,TK-A-001,ภาคเหนือ,97,1928
2026-03-28,TK-A-001,ภาคใต้,131,2245
2026-03-28,GL-B-014,กรุงเทพฯ,903,15521
2026-03-28,GL-B-014,ภาคกลาง,798,11438
2026-03-28,GL-B-014,ภาคตะวันออก,535,8653
2026-03-28,GL-B-014,ภาคเหนือ,528,7853
2026-03-28,GL-B-014,ภาคใต้,620,10646
2026-03-28,MK-C-028,กรุงเทพฯ,614,12036
2026-03-28,MK-C-028,ภาคกลาง,524,10939
2026-03-28,MK-C-028,ภาคตะวันออก,401,8148
2026-03-28,MK-C-028,ภาคเหนือ,331,7316
2026-03-28,MK-C-028,ภาคใต้,429,8061
2026-03-28,SY-D-039,กรุงเทพฯ,453,7334
2026-03-28,SY-D-039,ภาคกลาง,379,6983
2026-03-28,SY-D-039,ภาคตะวันออก,287,4562
2026-03-28,SY-D-039,ภาคเหนือ,240,4784
2026-03-28,SY-D-039,ภาคใต้,328,5827
2026-03-28,AG-E-052,กรุงเทพฯ,140,2395
2026-03-28,AG-E-052,ภาคกลาง,113,1701
2026-03-28,AG-E-052,ภาคตะวันออก,80,1278
2026-03-28,AG-E-052,ภาคเหนือ,74,1211
2026-03-28,AG-E-052,ภาคใต้,98,1378
2026-03-29,TK-A-001,กรุงเทพฯ,194,3243
2026-03-29,TK-A-001,ภาคกลาง,136,2719
2026-03-29,TK-A-001,ภาคตะวันออก,108,1985
2026-03-29,TK-A-001,ภาคเหนือ,95,1753
2026-03-29,TK-A-001,ภาคใต้,109,2237
2026-03-29,GL-B-014,กรุงเทพฯ,877,18923
2026-03-29,GL-B-014,ภาคกลาง,705,12317
2026-03-29,GL-B-014,ภาคตะวันออก,578,10714
2026-03-29,GL-B-014,ภาคเหนือ,523,9454
2026-03-29,GL-B-014,ภาคใต้,624,11264
2026-03-29,MK-C-028,กรุงเทพฯ,634,11304
2026-03-29,MK-C-028,ภาคกลาง,594,10057
2026-03-29,MK-C-028,ภาคตะวันออก,438,7529
2026-03-29,MK-C-028,ภาคเหนือ,341,6185
2026-03-29,MK-C-028,ภาคใต้,495,8734
2026-03-29,SY-D-039,กรุงเทพฯ,439,7584
2026-03-29,SY-D-039,ภาคกลาง,342,6111
2026-03-29,SY-D-039,ภาคตะวันออก,271,4277
2026-03-29,SY-D-039,ภาคเหนือ,250,4494
2026-03-29,SY-D-039,ภาคใต้,287,5967
2026-03-29,AG-E-052,กรุงเทพฯ,137,2331
2026-03-29,AG-E-052,ภาคกลาง,111,1900
2026-03-29,AG-E-052,ภาคตะวันออก,78,1442
2026-03-29,AG-E-052,ภาคเหนือ,69,1144
2026-03-29,AG-E-052,ภาคใต้,83,1642
2026-03-30,TK-A-001,กรุงเทพฯ,186,3303
2026-03-30,TK-A-001,ภาคกลาง,141,2476
2026-03-30,TK-A-001,ภาคตะวันออก,107,2099
2026-03-30,TK-A-001,ภาคเหนือ,105,1723
2026-03-30,TK-A-001,ภาคใต้,132,2224
2026-03-30,GL-B-014,กรุงเทพฯ,909,18607
2026-03-30,GL-B-014,ภาคกลาง,732,12169
2026-03-30,GL-B-014,ภาคตะวันออก,551,9831
2026-03-30,GL-B-014,ภาคเหนือ,522,8232
2026-03-30,GL-B-014,ภาคใต้,645,9721
2026-03-30,MK-C-028,กรุงเทพฯ,701,13111
2026-03-30,MK-C-028,ภาคกลาง,592,11051
2026-03-30,MK-C-028,ภาคตะวันออก,365,6638
2026-03-30,MK-C-028,ภาคเหนือ,371,6529
2026-03-30,MK-C-028,ภาคใต้,427,8652
2026-03-30,SY-D-039,กรุงเทพฯ,408,9035
2026-03-30,SY-D-039,ภาคกลาง,372,5738
2026-03-30,SY-D-039,ภาคตะวันออก,261,4828
2026-03-30,SY-D-039,ภาคเหนือ,228,4563
2026-03-30,SY-D-039,ภาคใต้,319,4834
2026-03-30,AG-E-052,กรุงเทพฯ,132,2088
2026-03-30,AG-E-052,ภาคกลาง,98,1665
2026-03-30,AG-E-052,ภาคตะวันออก,82,1505
2026-03-30,AG-E-052,ภาคเหนือ,73,1407
2026-03-30,AG-E-052,ภาคใต้,84,1589
2026-03-31,TK-A-001,กรุงเทพฯ,188,3097
2026-03-31,TK-A-001,ภาคกลาง,130,2509
2026-03-31,TK-A-001,ภาคตะวันออก,103,2206
2026-03-31,TK-A-001,ภาคเหนือ,100,1937
2026-03-31,TK-A-001,ภาคใต้,114,1892
2026-03-31,GL-B-014,กรุงเทพฯ,907,14392
2026-03-31,GL-B-014,ภาคกลาง,690,11483
2026-03-31,GL-B-014,ภาคตะวันออก,583,9255
2026-03-31,GL-B-014,ภาคเหนือ,475,9283
2026-03-31,GL-B-014,ภาคใต้,610,10508
2026-03-31,MK-C-028,กรุงเทพฯ,623,13157
2026-03-31,MK-C-028,ภาคกลาง,491,8924
2026-03-31,MK-C-028,ภาคตะวันออก,379,7583
2026-03-31,MK-C-028,ภาคเหนือ,363,5601
2026-03-31,MK-C-028,ภาคใต้,424,8274
2026-03-31,SY-D-039,กรุงเทพฯ,440,9153
2026-03-31,SY-D-039,ภาคกลาง,372,6427
2026-03-31,SY-D-039,ภาคตะวันออก,259,5565
2026-03-31,SY-D-039,ภาคเหนือ,231,4533
2026-03-31,SY-D-039,ภาคใต้,273,5493
2026-03-31,AG-E-052,กรุงเทพฯ,125,2670
2026-03-31,AG-E-052,ภาคกลาง,113,1720
2026-03-31,AG-E-052,ภาคตะวันออก,78,1475
2026-03-31,AG-E-052,ภาคเหนือ,72,1437
2026-03-31,AG-E-052,ภาคใต้,84,1529
2026-04-01,TK-A-001,กรุงเทพฯ,184,3419
2026-04-01,TK-A-001,ภาคกลาง,142,2453
2026-04-01,TK-A-001,ภาคตะวันออก,109,1747
2026-04-01,TK-A-001,ภาคเหนือ,90,1546
2026-04-01,TK-A-001,ภาคใต้,113,2275
2026-04-01,GL-B-014,กรุงเทพฯ,854,15453
2026-04-01,GL-B-014,ภาคกลาง,754,14851
2026-04-01,GL-B-014,ภาคตะวันออก,604,11355
2026-04-01,GL-B-014,ภาคเหนือ,477,10056
2026-04-01,GL-B-014,ภาคใต้,662,10112
2026-04-01,MK-C-028,กรุงเทพฯ,662,12454
2026-04-01,MK-C-028,ภาคกลาง,537,9572
2026-04-01,MK-C-028,ภาคตะวันออก,412,7755
2026-04-01,MK-C-028,ภาคเหนือ,379,6029
2026-04-01,MK-C-028,ภาคใต้,412,8885
2026-04-01,SY-D-039,กรุงเทพฯ,439,8177
2026-04-01,SY-D-039,ภาคกลาง,336,5568
2026-04-01,SY-D-039,ภาคตะวันออก,250,4864
2026-04-01,SY-D-039,ภาคเหนือ,235,3932
2026-04-01,SY-D-039,ภาคใต้,300,4626
2026-04-01,AG-E-052,กรุงเทพฯ,140,2286
2026-04-01,AG-E-052,ภาคกลาง,105,1958
2026-04-01,AG-E-052,ภาคตะวันออก,78,1349
2026-04-01,AG-E-052,ภาคเหนือ,72,1398
2026-04-01,AG-E-052,ภาคใต้,90,1733
2026-04-02,TK-A-001,กรุงเทพฯ,175,3112
2026-04-02,TK-A-001,ภาคกลาง,158,2818
2026-04-02,TK-A-001,ภาคตะวันออก,107,2038
2026-04-02,TK-A-001,ภาคเหนือ,94,1570
2026-04-02,TK-A-001,ภาคใต้,110,2041
2026-04-02,GL-B-014,กรุงเทพฯ,847,18433
2026-04-02,GL-B-014,ภาคกลาง,675,14676
2026-04-02,GL-B-014,ภาคตะวันออก,521,10622
2026-04-02,GL-B-014,ภาคเหนือ,487,9751
2026-04-02,GL-B-014,ภาคใต้,573,9808
2026-04-02,MK-C-028,กรุงเทพฯ,688,12963
2026-04-02,MK-C-028,ภาคกลาง,520,9328
2026-04-02,MK-C-028,ภาคตะวันออก,406,7078
2026-04-02,MK-C-028,ภาคเหนือ,367,5533
2026-04-02,MK-C-028,ภาคใต้,493,8078
2026-04-02,SY-D-039,กรุงเทพฯ,415,7089
2026-04-02,SY-D-039,ภาคกลาง,342,7116
2026-04-02,SY-D-039,ภาคตะวันออก,245,4686
2026-04-02,SY-D-039,ภาคเหนือ,236,3921
2026-04-02,SY-D-039,ภาคใต้,317,5528
2026-04-02,AG-E-052,กรุงเทพฯ,124,2107
2026-04-02,AG-E-052,ภาคกลาง,106,1953
2026-04-02,AG-E-052,ภาคตะวันออก,85,1336
2026-04-02,AG-E-052,ภาคเหนือ,71,1162
2026-04-02,AG-E-052,ภาคใต้,86,1612
2026-04-03,TK-A-001,กรุงเทพฯ,167,3722
2026-04-03,TK-A-001,ภาคกลาง,131,2778
2026-04-03,TK-A-001,ภาคตะวันออก,109,2208
2026-04-03,TK-A-001,ภาคเหนือ,92,1538
2026-04-03,TK-A-001,ภาคใต้,132,2454
2026-04-03,GL-B-014,กรุงเทพฯ,939,15105
2026-04-03,GL-B-014,ภาคกลาง,810,14532
2026-04-03,GL-B-014,ภาคตะวันออก,578,11385
2026-04-03,GL-B-014,ภาคเหนือ,518,10114
2026-04-03,GL-B-014,ภาคใต้,640,12122
2026-04-03,MK-C-028,กรุงเทพฯ,695,12221
2026-04-03,MK-C-028,ภาคกลาง,491,8627
2026-04-03,MK-C-028,ภาคตะวันออก,416,6986
2026-04-03,MK-C-028,ภาคเหนือ,374,6086
2026-04-03,MK-C-028,ภาคใต้,434,7000
2026-04-03,SY-D-039,กรุงเทพฯ,461,8219
2026-04-03,SY-D-039,ภาคกลาง,385,6353
2026-04-03,SY-D-039,ภาคตะวันออก,273,4965
2026-04-03,SY-D-039,ภาคเหนือ,223,4695
2026-04-03,SY-D-039,ภาคใต้,323,4968
2026-04-03,AG-E-052,กรุงเทพฯ,132,2626
2026-04-03,AG-E-052,ภาคกลาง,117,1875
2026-04-03,AG-E-052,ภาคตะวันออก,83,1581
2026-04-03,AG-E-052,ภาคเหนือ,74,1440
2026-04-03,AG-E-052,ภาคใต้,83,1600
2026-04-04,TK-A-001,กรุงเทพฯ,187,2955
2026-04-04,TK-A-001,ภาคกลาง,131,2446
2026-04-04,TK-A-001,ภาคตะวันออก,107,1900
2026-04-04,TK-A-001,ภาคเหนือ,99,1865
2026-04-04,TK-A-001,ภาคใต้,124,1916
2026-04-04,GL-B-014,กรุงเทพฯ,861,14926
2026-04-04,GL-B-014,ภาคกลาง,682,14531
2026-04-04,GL-B-014,ภาคตะวันออก,567,9564
2026-04-04,GL-B-014,ภาคเหนือ,529,9571
2026-04-04,GL-B-014,ภาคใต้,560,10295
2026-04-04,MK-C-028,กรุงเทพฯ,702,12116
2026-04-04,MK-C-028,ภาคกลาง,504,8402
2026-04-04,MK-C-028,ภาคตะวันออก,401,6622
2026-04-04,MK-C-028,ภาคเหนือ,351,5824
2026-04-04,MK-C-028,ภาคใต้,412,8147
2026-04-04,SY-D-039,กรุงเทพฯ,437,7621
2026-04-04,SY-D-039,ภาคกลาง,396,5945
2026-04-04,SY-D-039,ภาคตะวันออก,256,5435
2026-04-04,SY-D-039,ภาคเหนือ,226,3829
2026-04-04,SY-D-039,ภาคใต้,318,4600
2026-04-04,AG-E-052,กรุงเทพฯ,123,2279
2026-04-04,AG-E-052,ภาคกลาง,112,1849
2026-04-04,AG-E-052,ภาคตะวันออก,76,1561
2026-04-04,AG-E-052,ภาคเหนือ,74,1114
2026-04-04,AG-E-052,ภาคใต้,93,1754
2026-04-05,TK-A-001,กรุงเทพฯ,171,3062
2026-04-05,TK-A-001,ภาคกลาง,145,2946
2026-04-05,TK-A-001,ภาคตะวันออก,102,1808
2026-04-05,TK-A-001,ภาคเหนือ,106,1580
2026-04-05,TK-A-001,ภาคใต้,113,1940
2026-04-05,GL-B-014,กรุงเทพฯ,942,17090
2026-04-05,GL-B-014,ภาคกลาง,733,12329
2026-04-05,GL-B-014,ภาคตะวันออก,524,10447
2026-04-05,GL-B-014,ภาคเหนือ,517,9848
2026-04-05,GL-B-014,ภาคใต้,616,11664
2026-04-05,MK-C-028,กรุงเทพฯ,732,11283
2026-04-05,MK-C-028,ภาคกลาง,567,10923
2026-04-05,MK-C-028,ภาคตะวันออก,414,7716
2026-04-05,MK-C-028,ภาคเหนือ,344,6897
2026-04-05,MK-C-028,ภาคใต้,432,7403
2026-04-05,SY-D-039,กรุงเทพฯ,405,7440
2026-04-05,SY-D-039,ภาคกลาง,340,6796
2026-04-05,SY-D-039,ภาคตะวันออก,267,5507
2026-04-05,SY-D-039,ภาคเหนือ,257,4701
2026-04-05,SY-D-039,ภาคใต้,274,5494
2026-04-05,AG-E-052,กรุงเทพฯ,145,2170
2026-04-05,AG-E-052,ภาคกลาง,111,1925
2026-04-05,AG-E-052,ภาคตะวันออก,78,1419
2026-04-05,AG-E-052,ภาคเหนือ,79,1195
2026-04-05,AG-E-052,ภาคใต้,83,1560
2026-04-06,TK-A-001,กรุงเทพฯ,190,3446
2026-04-06,TK-A-001,ภาคกลาง,139,2666
2026-04-06,TK-A-001,ภาคตะวันออก,103,2005
2026-04-06,TK-A-001,ภาคเหนือ,89,1676
2026-04-06,TK-A-001,ภาคใต้,120,2356
2026-04-06,GL-B-014,กรุงเทพฯ,974,19184
2026-04-06,GL-B-014,ภาคกลาง,785,14046
2026-04-06,GL-B-014,ภาคตะวันออก,549,10245
2026-04-06,GL-B-014,ภาคเหนือ,539,7690
2026-04-06,GL-B-014,ภาคใต้,655,12462
2026-04-06,MK-C-028,กรุงเทพฯ,699,13440
2026-04-06,MK-C-028,ภาคกลาง,557,10077
2026-04-06,MK-C-028,ภาคตะวันออก,415,7125
2026-04-06,MK-C-028,ภาคเหนือ,391,6234
2026-04-06,MK-C-028,ภาคใต้,414,8990
2026-04-06,SY-D-039,กรุงเทพฯ,440,7742
2026-04-06,SY-D-039,ภาคกลาง,394,6032
2026-04-06,SY-D-039,ภาคตะวันออก,280,5527
2026-04-06,SY-D-039,ภาคเหนือ,252,4333
2026-04-06,SY-D-039,ภาคใต้,289,5862
2026-04-06,AG-E-052,กรุงเทพฯ,145,2678
2026-04-06,AG-E-052,ภาคกลาง,100,2143
2026-04-06,AG-E-052,ภาคตะวันออก,74,1527
2026-04-06,AG-E-052,ภาคเหนือ,73,1474
2026-04-06,AG-E-052,ภาคใต้,94,1419
2026-04-07,TK-A-001,กรุงเทพฯ,171,3435
2026-04-07,TK-A-001,ภาคกลาง,144,2397
2026-04-07,TK-A-001,ภาคตะวันออก,113,1798
2026-04-07,TK-A-001,ภาคเหนือ,99,1685
2026-04-07,TK-A-001,ภาคใต้,113,1873
2026-04-07,GL-B-014,กรุงเทพฯ,910,15986
2026-04-07,GL-B-014,ภาคกลาง,751,12472
2026-04-07,GL-B-014,ภาคตะวันออก,527,10209
2026-04-07,GL-B-014,ภาคเหนือ,470,8116
2026-04-07,GL-B-014,ภาคใต้,658,10428
2026-04-07,MK-C-028,กรุงเทพฯ,717,11500
2026-04-07,MK-C-028,ภาคกลาง,507,9545
2026-04-07,MK-C-028,ภาคตะวันออก,410,7629
2026-04-07,MK-C-028,ภาคเหนือ,391,7087
2026-04-07,MK-C-028,ภาคใต้,463,7873
2026-04-07,SY-D-039,กรุงเทพฯ,488,7373
2026-04-07,SY-D-039,ภาคกลาง,388,6032
2026-04-07,SY-D-039,ภาคตะวันออก,281,4726
2026-04-07,SY-D-039,ภาคเหนือ,256,4731
2026-04-07,SY-D-039,ภาคใต้,316,4891
2026-04-07,AG-E-052,กรุงเทพฯ,147,2640
2026-04-07,AG-E-052,ภาคกลาง,114,1970
2026-04-07,AG-E-052,ภาคตะวันออก,87,1358
2026-04-07,AG-E-052,ภาคเหนือ,66,1126
2026-04-07,AG-E-052,ภาคใต้,92,1400
2026-04-08,TK-A-001,กรุงเทพฯ,188,2841
2026-04-08,TK-A-001,ภาคกลาง,130,2687
2026-04-08,TK-A-001,ภาคตะวันออก,100,2221
2026-04-08,TK-A-001,ภาคเหนือ,89,1832
2026-04-08,TK-A-001,ภาคใต้,124,2312
2026-04-08,GL-B-014,กรุงเทพฯ,977,14843
2026-04-08,GL-B-014,ภาคกลาง,809,14444
2026-04-08,GL-B-014,ภาคตะวันออก,596,10122
2026-04-08,GL-B-014,ภาคเหนือ,458,8944
2026-04-08,GL-B-014,ภาคใต้,621,10346
2026-04-08,MK-C-028,กรุงเทพฯ,708,11206
2026-04-08,MK-C-028,ภาคกลาง,585,9085
2026-04-08,MK-C-028,ภาคตะวันออก,384,6898
2026-04-08,MK-C-028,ภาคเหนือ,391,5767
2026-04-08,MK-C-028,ภาคใต้,430,8239
2026-04-08,SY-D-039,กรุงเทพฯ,484,7211
2026-04-08,SY-D-039,ภาคกลาง,346,6712
2026-04-08,SY-D-039,ภาคตะวันออก,246,4771
2026-04-08,SY-D-039,ภาคเหนือ,223,4433
2026-04-08,SY-D-039,ภาคใต้,320,5624
2026-04-08,AG-E-052,กรุงเทพฯ,135,2105
2026-04-08,AG-E-052,ภาคกลาง,102,2210
2026-04-08,AG-E-052,ภาคตะวันออก,81,1420
2026-04-08,AG-E-052,ภาคเหนือ,74,1215
2026-04-08,AG-E-052,ภาคใต้,82,1492
2026-04-09,TK-A-001,กรุงเทพฯ,196,3379
2026-04-09,TK-A-001,ภาคกลาง,136,2868
2026-04-09,TK-A-001,ภาคตะวันออก,117,2029
2026-04-09,TK-A-001,ภาคเหนือ,103,1760
2026-04-09,TK-A-001,ภาคใต้,116,2017
2026-04-09,GL-B-014,กรุงเทพฯ,851,14548
2026-04-09,GL-B-014,ภาคกลาง,757,15302
2026-04-09,GL-B-014,ภาคตะวันออก,611,8758
2026-04-09,GL-B-014,ภาคเหนือ,517,9373
2026-04-09,GL-B-014,ภาคใต้,626,10097
2026-04-09,MK-C-028,กรุงเทพฯ,693,12223
2026-04-09,MK-C-028,ภาคกลาง,572,9461
2026-04-09,MK-C-028,ภาคตะวันออก,416,7066
2026-04-09,MK-C-028,ภาคเหนือ,377,5638
2026-04-09,MK-C-028,ภาคใต้,438,7564
2026-04-09,SY-D-039,กรุงเทพฯ,454,8856
2026-04-09,SY-D-039,ภาคกลาง,327,5875
2026-04-09,SY-D-039,ภาคตะวันออก,279,4230
2026-04-09,SY-D-039,ภาคเหนือ,245,4159
2026-04-09,SY-D-039,ภาคใต้,319,4863
2026-04-09,AG-E-052,กรุงเทพฯ,122,2626
2026-04-09,AG-E-052,ภาคกลาง,117,2163
2026-04-09,AG-E-052,ภาคตะวันออก,85,1667
2026-04-09,AG-E-052,ภาคเหนือ,75,1167
2026-04-09,AG-E-052,ภาคใต้,90,1541
2026-04-10,TK-A-001,กรุงเทพฯ,179,3174
2026-04-10,TK-A-001,ภาคกลาง,143,2816
2026-04-10,TK-A-001,ภาคตะวันออก,98,1924
2026-04-10,TK-A-001,ภาคเหนือ,100,1770
2026-04-10,TK-A-001,ภาคใต้,108,2417
2026-04-10,GL-B-014,กรุงเทพฯ,918,14684
2026-04-10,GL-B-014,ภาคกลาง,673,15209
2026-04-10,GL-B-014,ภาคตะวันออก,548,9290
2026-04-10,GL-B-014,ภาคเหนือ,486,9419
2026-04-10,GL-B-014,ภาคใต้,640,10691
2026-04-10,MK-C-028,กรุงเทพฯ,648,10539
2026-04-10,MK-C-028,ภาคกลาง,492,9158
2026-04-10,MK-C-028,ภาคตะวันออก,416,7406
2026-04-10,MK-C-028,ภาคเหนือ,382,6364
2026-04-10,MK-C-028,ภาคใต้,410,7211
2026-04-10,SY-D-039,กรุงเทพฯ,461,8416
2026-04-10,SY-D-039,ภาคกลาง,387,7014
2026-04-10,SY-D-039,ภาคตะวันออก,255,4535
2026-04-10,SY-D-039,ภาคเหนือ,249,4827
2026-04-10,SY-D-039,ภาคใต้,293,5040
2026-04-10,AG-E-052,กรุงเทพฯ,123,2317
2026-04-10,AG-E-052,ภาคกลาง,114,1780
2026-04-10,AG-E-052,ภาคตะวันออก,83,1633
2026-04-10,AG-E-052,ภาคเหนือ,70,1226
2026-04-10,AG-E-052,ภาคใต้,91,1509
2026-04-11,TK-A-001,กรุงเทพฯ,186,3607
2026-04-11,TK-A-001,ภาคกลาง,148,2329
2026-04-11,TK-A-001,ภาคตะวันออก,114,1789
2026-04-11,TK-A-001,ภาคเหนือ,93,1945
2026-04-11,TK-A-001,ภาคใต้,124,2192
2026-04-11,GL-B-014,กรุงเทพฯ,870,17857
2026-04-11,GL-B-014,ภาคกลาง,671,14828
2026-04-11,GL-B-014,ภาคตะวันออก,565,9783
2026-04-11,GL-B-014,ภาคเหนือ,517,8149
2026-04-11,GL-B-014,ภาคใต้,604,10750
2026-04-11,MK-C-028,กรุงเทพฯ,719,13612
2026-04-11,MK-C-028,ภาคกลาง,585,8611
2026-04-11,MK-C-028,ภาคตะวันออก,432,6303
2026-04-11,MK-C-028,ภาคเหนือ,327,6312
2026-04-11,MK-C-028,ภาคใต้,488,6975
2026-04-11,SY-D-039,กรุงเทพฯ,406,7300
2026-04-11,SY-D-039,ภาคกลาง,337,6668
2026-04-11,SY-D-039,ภาคตะวันออก,253,4752
2026-04-11,SY-D-039,ภาคเหนือ,246,4367
2026-04-11,SY-D-039,ภาคใต้,304,4693
2026-04-11,AG-E-052,กรุงเทพฯ,140,2348
2026-04-11,AG-E-052,ภาคกลาง,114,1767
2026-04-11,AG-E-052,ภาคตะวันออก,77,1448
2026-04-11,AG-E-052,ภาคเหนือ,67,1225
2026-04-11,AG-E-052,ภาคใต้,94,1474
2026-04-12,TK-A-001,กรุงเทพฯ,190,3366
2026-04-12,TK-A-001,ภาคกลาง,141,2596
2026-04-12,TK-A-001,ภาคตะวันออก,98,1765
2026-04-12,TK-A-001,ภาคเหนือ,94,1912
2026-04-12,TK-A-001,ภาคใต้,120,2329
2026-04-12,GL-B-014,กรุงเทพฯ,987,15111
2026-04-12,GL-B-014,ภาคกลาง,764,13315
2026-04-12,GL-B-014,ภาคตะวันออก,581,10277
2026-04-12,GL-B-014,ภาคเหนือ,491,9770
2026-04-12,GL-B-014,ภาคใต้,605,12284
2026-04-12,MK-C-028,กรุงเทพฯ,618,11576
2026-04-12,MK-C-028,ภาคกลาง,559,10948
2026-04-12,MK-C-028,ภาคตะวันออก,377,6925
2026-04-12,MK-C-028,ภาคเหนือ,376,5669
2026-04-12,MK-C-028,ภาคใต้,409,7416
2026-04-12,SY-D-039,กรุงเทพฯ,494,7498
2026-04-12,SY-D-039,ภาคกลาง,368,6224
2026-04-12,SY-D-039,ภาคตะวันออก,278,5274
2026-04-12,SY-D-039,ภาคเหนือ,218,4712
2026-04-12,SY-D-039,ภาคใต้,313,5887
2026-04-12,AG-E-052,กรุงเทพฯ,145,2598
2026-04-12,AG-E-052,ภาคกลาง,106,2034
2026-04-12,AG-E-052,ภาคตะวันออก,89,1270
2026-04-12,AG-E-052,ภาคเหนือ,75,1207
2026-04-12,AG-E-052,ภาคใต้,98,1526
2026-04-13,TK-A-001,กรุงเทพฯ,195,3140
2026-04-13,TK-A-001,ภาคกลาง,158,2497
2026-04-13,TK-A-001,ภาคตะวันออก,116,1660
2026-04-13,TK-A-001,ภาคเหนือ,90,1692
2026-04-13,TK-A-001,ภาคใต้,117,2105
2026-04-13,GL-B-014,กรุงเทพฯ,942,17344
2026-04-13,GL-B-014,ภาคกลาง,699,14453
2026-04-13,GL-B-014,ภาคตะวันออก,586,9533
2026-04-13,GL-B-014,ภาคเหนือ,480,7786
2026-04-13,GL-B-014,ภาคใต้,566,11001
2026-04-13,MK-C-028,กรุงเทพฯ,687,13768
2026-04-13,MK-C-028,ภาคกลาง,542,10088
2026-04-13,MK-C-028,ภาคตะวันออก,439,7354
2026-04-13,MK-C-028,ภาคเหนือ,363,6615
2026-04-13,MK-C-028,ภาคใต้,462,8139
2026-04-13,SY-D-039,กรุงเทพฯ,432,9060
2026-04-13,SY-D-039,ภาคกลาง,349,5755
2026-04-13,SY-D-039,ภาคตะวันออก,286,4210
2026-04-13,SY-D-039,ภาคเหนือ,219,4207
2026-04-13,SY-D-039,ภาคใต้,289,5071
2026-04-13,AG-E-052,กรุงเทพฯ,148,2322
2026-04-13,AG-E-052,ภาคกลาง,114,2111
2026-04-13,AG-E-052,ภาคตะวันออก,89,1467
2026-04-13,AG-E-052,ภาคเหนือ,66,1206
2026-04-13,AG-E-052,ภาคใต้,89,1546
2026-04-14,TK-A-001,กรุงเทพฯ,178,3642
2026-04-14,TK-A-001,ภาคกลาง,135,2382
2026-04-14,TK-A-001,ภาคตะวันออก,107,1807
2026-04-14,TK-A-001,ภาคเหนือ,88,1469
2026-04-14,TK-A-001,ภาคใต้,121,2082
2026-04-14,GL-B-014,กรุงเทพฯ,988,16973
2026-04-14,GL-B-014,ภาคกลาง,700,13757
2026-04-14,GL-B-014,ภาคตะวันออก,612,10256
2026-04-14,GL-B-014,ภาคเหนือ,472,9000
2026-04-14,GL-B-014,ภาคใต้,600,12041
2026-04-14,MK-C-028,กรุงเทพฯ,687,11277
2026-04-14,MK-C-028,ภาคกลาง,592,10918
2026-04-14,MK-C-028,ภาคตะวันออก,419,7838
2026-04-14,MK-C-028,ภาคเหนือ,395,6867
2026-04-14,MK-C-028,ภาคใต้,459,9187
2026-04-14,SY-D-039,กรุงเทพฯ,414,7434
2026-04-14,SY-D-039,ภาคกลาง,386,5936
2026-04-14,SY-D-039,ภาคตะวันออก,251,4855
2026-04-14,SY-D-039,ภาคเหนือ,230,4945
2026-04-14,SY-D-039,ภาคใต้,300,5247
2026-04-14,AG-E-052,กรุงเทพฯ,124,2549
2026-04-14,AG-E-052,ภาคกลาง,110,2226
2026-04-14,AG-E-052,ภาคตะวันออก,80,1423
2026-04-14,AG-E-052,ภาคเหนือ,70,1457
2026-04-14,AG-E-052,ภาคใต้,90,1480
2026-04-15,TK-A-001,กรุงเทพฯ,175,3333
2026-04-15,TK-A-001,ภาคกลาง,147,2329
2026-04-15,TK-A-001,ภาคตะวันออก,107,1799
2026-04-15,TK-A-001,ภาคเหนือ,105,1628
2026-04-15,TK-A-001,ภาคใต้,125,2397
2026-04-15,GL-B-014,กรุงเทพฯ,906,15000
2026-04-15,GL-B-014,ภาคกลาง,775,15250
2026-04-15,GL-B-014,ภาคตะวันออก,542,10568
2026-04-15,GL-B-014,ภาคเหนือ,505,8849
2026-04-15,GL-B-014,ภาคใต้,574,11585
2026-04-15,MK-C-028,กรุงเทพฯ,658,11147
2026-04-15,MK-C-028,ภาคกลาง,496,9289
2026-04-15,MK-C-028,ภาคตะวันออก,382,8033
2026-04-15,MK-C-028,ภาคเหนือ,386,6328
2026-04-15,MK-C-028,ภาคใต้,423,9282
2026-04-15,SY-D-039,กรุงเทพฯ,490,8815
2026-04-15,SY-D-039,ภาคกลาง,338,6158
2026-04-15,SY-D-039,ภาคตะวันออก,271,4656
2026-04-15,SY-D-039,ภาคเหนือ,230,4545
2026-04-15,SY-D-039,ภาคใต้,283,4622
2026-04-15,AG-E-052,กรุงเทพฯ,139,2781
2026-04-15,AG-E-052,ภาคกลาง,109,2052
2026-04-15,AG-E-052,ภาคตะวันออก,87,1439
2026-04-15,AG-E-052,ภาคเหนือ,69,1428
2026-04-15,AG-E-052,ภาคใต้,82,1752
2026-04-16,TK-A-001,กรุงเทพฯ,187,3303
2026-04-16,TK-A-001,ภาคกลาง,148,2264
2026-04-16,TK-A-001,ภาคตะวันออก,104,1734
2026-04-16,TK-A-001,ภาคเหนือ,104,1738
2026-04-16,TK-A-001,ภาคใต้,118,2260
2026-04-16,GL-B-014,กรุงเทพฯ,914,15505
2026-04-16,GL-B-014,ภาคกลาง,726,12276
2026-04-16,GL-B-014,ภาคตะวันออก,544,9418
2026-04-16,GL-B-014,ภาคเหนือ,461,9534
2026-04-16,GL-B-014,ภาคใต้,681,11554
2026-04-16,MK-C-028,กรุงเทพฯ,729,11118
2026-04-16,MK-C-028,ภาคกลาง,517,9406
2026-04-16,MK-C-028,ภาคตะวันออก,389,6975
2026-04-16,MK-C-028,ภาคเหนือ,343,5982
2026-04-16,MK-C-028,ภาคใต้,437,8228
2026-04-16,SY-D-039,กรุงเทพฯ,454,9086
2026-04-16,SY-D-039,ภาคกลาง,346,6822
2026-04-16,SY-D-039,ภาคตะวันออก,293,5192
2026-04-16,SY-D-039,ภาคเหนือ,232,4305
2026-04-16,SY-D-039,ภาคใต้,326,5911
2026-04-16,AG-E-052,กรุงเทพฯ,124,2204
2026-04-16,AG-E-052,ภาคกลาง,100,2134
2026-04-16,AG-E-052,ภาคตะวันออก,88,1551
2026-04-16,AG-E-052,ภาคเหนือ,78,1363
2026-04-16,AG-E-052,ภาคใต้,95,1693
2026-04-17,TK-A-001,กรุงเทพฯ,191,3401
2026-04-17,TK-A-001,ภาคกลาง,136,2975
2026-04-17,TK-A-001,ภาคตะวันออก,98,2142
2026-04-17,TK-A-001,ภาคเหนือ,105,1986
2026-04-17,TK-A-001,ภาคใต้,131,2164
2026-04-17,GL-B-014,กรุงเทพฯ,939,18789
2026-04-17,GL-B-014,ภาคกลาง,747,12490
2026-04-17,GL-B-014,ภาคตะวันออก,595,9616
2026-04-17,GL-B-014,ภาคเหนือ,507,7784
2026-04-17,GL-B-014,ภาคใต้,628,11577
2026-04-17,MK-C-028,กรุงเทพฯ,653,13657
2026-04-17,MK-C-028,ภาคกลาง,590,8603
2026-04-17,MK-C-028,ภาคตะวันออก,421,7184
2026-04-17,MK-C-028,ภาคเหนือ,392,6951
2026-04-17,MK-C-028,ภาคใต้,419,8277
2026-04-17,SY-D-039,กรุงเทพฯ,442,6976
2026-04-17,SY-D-039,ภาคกลาง,375,6554
2026-04-17,SY-D-039,ภาคตะวันออก,256,4430
2026-04-17,SY-D-039,ภาคเหนือ,226,4256
2026-04-17,SY-D-039,ภาคใต้,327,5325
2026-04-17,AG-E-052,กรุงเทพฯ,125,2110
2026-04-17,AG-E-052,ภาคกลาง,102,1810
2026-04-17,AG-E-052,ภาคตะวันออก,87,1314
2026-04-17,AG-E-052,ภาคเหนือ,75,1305
2026-04-17,AG-E-052,ภาคใต้,94,1454
2026-04-18,TK-A-001,กรุงเทพฯ,170,3279
2026-04-18,TK-A-001,ภาคกลาง,137,2505
2026-04-18,TK-A-001,ภาคตะวันออก,102,1966
2026-04-18,TK-A-001,ภาคเหนือ,99,1738
2026-04-18,TK-A-001,ภาคใต้,114,1876
2026-04-18,GL-B-014,กรุงเทพฯ,852,19131
2026-04-18,GL-B-014,ภาคกลาง,740,12613
2026-04-18,GL-B-014,ภาคตะวันออก,536,8835
2026-04-18,GL-B-014,ภาคเหนือ,536,8877
2026-04-18,GL-B-014,ภาคใต้,579,11994
2026-04-18,MK-C-028,กรุงเทพฯ,699,12470
2026-04-18,MK-C-028,ภาคกลาง,499,9338
2026-04-18,MK-C-028,ภาคตะวันออก,366,6781
2026-04-18,MK-C-028,ภาคเหนือ,327,7004
2026-04-18,MK-C-028,ภาคใต้,411,8339
2026-04-18,SY-D-039,กรุงเทพฯ,495,7282
2026-04-18,SY-D-039,ภาคกลาง,352,7438
2026-04-18,SY-D-039,ภาคตะวันออก,279,4432
2026-04-18,SY-D-039,ภาคเหนือ,222,4415
2026-04-18,SY-D-039,ภาคใต้,312,4691
2026-04-18,AG-E-052,กรุงเทพฯ,146,2561
2026-04-18,AG-E-052,ภาคกลาง,119,2095
2026-04-18,AG-E-052,ภาคตะวันออก,74,1411
2026-04-18,AG-E-052,ภาคเหนือ,79,1238
2026-04-18,AG-E-052,ภาคใต้,97,1479
2026-04-19,TK-A-001,กรุงเทพฯ,168,3381
2026-04-19,TK-A-001,ภาคกลาง,149,2418
2026-04-19,TK-A-001,ภาคตะวันออก,109,1962
2026-04-19,TK-A-001,ภาคเหนือ,105,1881
2026-04-19,TK-A-001,ภาคใต้,126,1931
2026-04-19,GL-B-014,กรุงเทพฯ,917,16881
2026-04-19,GL-B-014,ภาคกลาง,804,13048
2026-04-19,GL-B-014,ภาคตะวันออก,608,10063
2026-04-19,GL-B-014,ภาคเหนือ,510,9528
2026-04-19,GL-B-014,ภาคใต้,679,10680
2026-04-19,MK-C-028,กรุงเทพฯ,716,13058
2026-04-19,MK-C-028,ภาคกลาง,520,10815
2026-04-19,MK-C-028,ภาคตะวันออก,420,7703
2026-04-19,MK-C-028,ภาคเหนือ,385,6964
2026-04-19,MK-C-028,ภาคใต้,473,7943
2026-04-19,SY-D-039,กรุงเทพฯ,476,8221
2026-04-19,SY-D-039,ภาคกลาง,355,6363
2026-04-19,SY-D-039,ภาคตะวันออก,273,4731
2026-04-19,SY-D-039,ภาคเหนือ,226,4047
2026-04-19,SY-D-039,ภาคใต้,292,4612
2026-04-19,AG-E-052,กรุงเทพฯ,131,2256
2026-04-19,AG-E-052,ภาคกลาง,98,2102
2026-04-19,AG-E-052,ภาคตะวันออก,83,1403
2026-04-19,AG-E-052,ภาคเหนือ,74,1246
2026-04-19,AG-E-052,ภาคใต้,82,1711
2026-04-20,TK-A-001,กรุงเทพฯ,168,2792
2026-04-20,TK-A-001,ภาคกลาง,133,2897
2026-04-20,TK-A-001,ภาคตะวันออก,102,1764
2026-04-20,TK-A-001,ภาคเหนือ,95,1688
2026-04-20,TK-A-001,ภาคใต้,109,2057
2026-04-20,GL-B-014,กรุงเทพฯ,915,17440
2026-04-20,GL-B-014,ภาคกลาง,813,13075
2026-04-20,GL-B-014,ภาคตะวันออก,516,11028
2026-04-20,GL-B-014,ภาคเหนือ,450,10005
2026-04-20,GL-B-014,ภาคใต้,571,9568
2026-04-20,MK-C-028,กรุงเทพฯ,729,11596
2026-04-20,MK-C-028,ภาคกลาง,541,11088
2026-04-20,MK-C-028,ภาคตะวันออก,414,6856
2026-04-20,MK-C-028,ภาคเหนือ,391,6767
2026-04-20,MK-C-028,ภาคใต้,490,8439
2026-04-20,SY-D-039,กรุงเทพฯ,486,7460
2026-04-20,SY-D-039,ภาคกลาง,339,7039
2026-04-20,SY-D-039,ภาคตะวันออก,295,4778
2026-04-20,SY-D-039,ภาคเหนือ,250,4238
2026-04-20,SY-D-039,ภาคใต้,324,5412
2026-04-20,AG-E-052,กรุงเทพฯ,134,2541
2026-04-20,AG-E-052,ภาคกลาง,106,1878
2026-04-20,AG-E-052,ภาคตะวันออก,83,1463
2026-04-20,AG-E-052,ภาคเหนือ,70,1447
2026-04-20,AG-E-052,ภาคใต้,96,1704
2026-04-21,TK-A-001,กรุงเทพฯ,177,3492
2026-04-21,TK-A-001,ภาคกลาง,145,2585
2026-04-21,TK-A-001,ภาคตะวันออก,106,1659
2026-04-21,TK-A-001,ภาคเหนือ,97,1785
2026-04-21,TK-A-001,ภาคใต้,119,2471
2026-04-21,GL-B-014,กรุงเทพฯ,895,14903
2026-04-21,GL-B-014,ภาคกลาง,811,14993
2026-04-21,GL-B-014,ภาคตะวันออก,571,10896
2026-04-21,GL-B-014,ภาคเหนือ,537,10258
2026-04-21,GL-B-014,ภาคใต้,576,11780
2026-04-21,MK-C-028,กรุงเทพฯ,641,11726
2026-04-21,MK-C-028,ภาคกลาง,540,10244
2026-04-21,MK-C-028,ภาคตะวันออก,438,6730
2026-04-21,MK-C-028,ภาคเหนือ,384,6044
2026-04-21,MK-C-028,ภาคใต้,429,7124
2026-04-21,SY-D-039,กรุงเทพฯ,483,8491
2026-04-21,SY-D-039,ภาคกลาง,362,5814
2026-04-21,SY-D-039,ภาคตะวันออก,273,4712
2026-04-21,SY-D-039,ภาคเหนือ,250,3701
2026-04-21,SY-D-039,ภาคใต้,317,5731
2026-04-21,AG-E-052,กรุงเทพฯ,135,2252
2026-04-21,AG-E-052,ภาคกลาง,117,1909
2026-04-21,AG-E-052,ภาคตะวันออก,73,1498
2026-04-21,AG-E-052,ภาคเหนือ,66,1188
2026-04-21,AG-E-052,ภาคใต้,94,1758
2026-04-22,TK-A-001,กรุงเทพฯ,172,3023
2026-04-22,TK-A-001,ภาคกลาง,133,2498
2026-04-22,TK-A-001,ภาคตะวันออก,100,2199
2026-04-22,TK-A-001,ภาคเหนือ,101,1944
2026-04-22,TK-A-001,ภาคใต้,118,2439
2026-04-22,GL-B-014,กรุงเทพฯ,990,15845
2026-04-22,GL-B-014,ภาคกลาง,671,14692
2026-04-22,GL-B-014,ภาคตะวันออก,512,10111
2026-04-22,GL-B-014,ภาคเหนือ,509,8377
2026-04-22,GL-B-014,ภาคใต้,618,11248
2026-04-22,MK-C-028,กรุงเทพฯ,714,10705
2026-04-22,MK-C-028,ภาคกลาง,588,9732
2026-04-22,MK-C-028,ภาคตะวันออก,428,8186
2026-04-22,MK-C-028,ภาคเหนือ,389,6728
2026-04-22,MK-C-028,ภาคใต้,426,7662
2026-04-22,SY-D-039,กรุงเทพฯ,434,8541
2026-04-22,SY-D-039,ภาคกลาง,333,7097
2026-04-22,SY-D-039,ภาคตะวันออก,271,5173
2026-04-22,SY-D-039,ภาคเหนือ,258,4264
2026-04-22,SY-D-039,ภาคใต้,305,4995
2026-04-22,AG-E-052,กรุงเทพฯ,125,2403
2026-04-22,AG-E-052,ภาคกลาง,98,2127
2026-04-22,AG-E-052,ภาคตะวันออก,77,1297
2026-04-22,AG-E-052,ภาคเหนือ,78,1412
2026-04-22,AG-E-052,ภาคใต้,94,1701
2026-04-23,TK-A-001,กรุงเทพฯ,171,3666
2026-04-23,TK-A-001,ภาคกลาง,149,2861
2026-04-23,TK-A-001,ภาคตะวันออก,108,2172
2026-04-23,TK-A-001,ภาคเหนือ,101,1811
2026-04-23,TK-A-001,ภาคใต้,115,2293
2026-04-23,GL-B-014,กรุงเทพฯ,1013,15752
2026-04-23,GL-B-014,ภาคกลาง,803,12195
2026-04-23,GL-B-014,ภาคตะวันออก,514,9074
2026-04-23,GL-B-014,ภาคเหนือ,544,8927
2026-04-23,GL-B-014,ภาคใต้,668,12097
2026-04-23,MK-C-028,กรุงเทพฯ,687,11179
2026-04-23,MK-C-028,ภาคกลาง,535,10071
2026-04-23,MK-C-028,ภาคตะวันออก,434,6674
2026-04-23,MK-C-028,ภาคเหนือ,377,6616
2026-04-23,MK-C-028,ภาคใต้,488,8274
2026-04-23,SY-D-039,กรุงเทพฯ,414,7538
2026-04-23,SY-D-039,ภาคกลาง,325,6608
2026-04-23,SY-D-039,ภาคตะวันออก,247,4838
2026-04-23,SY-D-039,ภาคเหนือ,242,4608
2026-04-23,SY-D-039,ภาคใต้,306,5518
2026-04-23,AG-E-052,กรุงเทพฯ,145,2733
2026-04-23,AG-E-052,ภาคกลาง,98,1896
2026-04-23,AG-E-052,ภาคตะวันออก,86,1459
2026-04-23,AG-E-052,ภาคเหนือ,78,1294
2026-04-23,AG-E-052,ภาคใต้,90,1735
2026-04-24,TK-A-001,กรุงเทพฯ,193,3696
2026-04-24,TK-A-001,ภาคกลาง,152,2977
2026-04-24,TK-A-001,ภาคตะวันออก,113,2189
2026-04-24,TK-A-001,ภาคเหนือ,89,1766
2026-04-24,TK-A-001,ภาคใต้,121,1928
2026-04-24,GL-B-014,กรุงเทพฯ,916,14563
2026-04-24,GL-B-014,ภาคกลาง,731,11869
2026-04-24,GL-B-014,ภาคตะวันออก,528,10355
2026-04-24,GL-B-014,ภาคเหนือ,472,7824
2026-04-24,GL-B-014,ภาคใต้,578,10987
2026-04-24,MK-C-028,กรุงเทพฯ,710,11415
2026-04-24,MK-C-028,ภาคกลาง,508,10422
2026-04-24,MK-C-028,ภาคตะวันออก,405,8211
2026-04-24,MK-C-028,ภาคเหนือ,367,6242
2026-04-24,MK-C-028,ภาคใต้,456,7305
2026-04-24,SY-D-039,กรุงเทพฯ,447,7651
2026-04-24,SY-D-039,ภาคกลาง,328,6676
2026-04-24,SY-D-039,ภาคตะวันออก,289,5301
2026-04-24,SY-D-039,ภาคเหนือ,225,4506
2026-04-24,SY-D-039,ภาคใต้,318,5084
2026-04-24,AG-E-052,กรุงเทพฯ,148,2697
2026-04-24,AG-E-052,ภาคกลาง,115,1740
2026-04-24,AG-E-052,ภาคตะวันออก,83,1462
2026-04-24,AG-E-052,ภาคเหนือ,76,1155
2026-04-24,AG-E-052,ภาคใต้,82,1493
2026-04-25,TK-A-001,กรุงเทพฯ,166,3394
2026-04-25,TK-A-001,ภาคกลาง,147,2398
2026-04-25,TK-A-001,ภาคตะวันออก,117,1683
2026-04-25,TK-A-001,ภาคเหนือ,93,1516
2026-04-25,TK-A-001,ภาคใต้,109,2008
2026-04-25,GL-B-014,กรุงเทพฯ,919,18636
2026-04-25,GL-B-014,ภาคกลาง,783,11462
2026-04-25,GL-B-014,ภาคตะวันออก,541,10846
2026-04-25,GL-B-014,ภาคเหนือ,462,7763
2026-04-25,GL-B-014,ภาคใต้,658,12288
2026-04-25,MK-C-028,กรุงเทพฯ,684,11171
2026-04-25,MK-C-028,ภาคกลาง,521,10518
2026-04-25,MK-C-028,ภาคตะวันออก,420,6916
2026-04-25,MK-C-028,ภาคเหนือ,392,7418
2026-04-25,MK-C-028,ภาคใต้,495,7247
2026-04-25,SY-D-039,กรุงเทพฯ,477,6980
2026-04-25,SY-D-039,ภาคกลาง,389,5665
2026-04-25,SY-D-039,ภาคตะวันออก,258,5017
2026-04-25,SY-D-039,ภาคเหนือ,241,3820
2026-04-25,SY-D-039,ภาคใต้,307,4943
2026-04-25,AG-E-052,กรุงเทพฯ,126,2241
2026-04-25,AG-E-052,ภาคกลาง,102,1969
2026-04-25,AG-E-052,ภาคตะวันออก,84,1468
2026-04-25,AG-E-052,ภาคเหนือ,67,1130
2026-04-25,AG-E-052,ภาคใต้,96,1539
2026-04-26,TK-A-001,กรุงเทพฯ,177,3059
2026-04-26,TK-A-001,ภาคกลาง,136,2639
2026-04-26,TK-A-001,ภาคตะวันออก,118,2186
2026-04-26,TK-A-001,ภาคเหนือ,104,1858
2026-04-26,TK-A-001,ภาคใต้,109,2069
2026-04-26,GL-B-014,กรุงเทพฯ,969,16756
2026-04-26,GL-B-014,ภาคกลาง,749,11796
2026-04-26,GL-B-014,ภาคตะวันออก,580,10304
2026-04-26,GL-B-014,ภาคเหนือ,528,8437
2026-04-26,GL-B-014,ภาคใต้,620,11423
2026-04-26,MK-C-028,กรุงเทพฯ,686,12545
2026-04-26,MK-C-028,ภาคกลาง,494,8334
2026-04-26,MK-C-028,ภาคตะวันออก,443,7005
2026-04-26,MK-C-028,ภาคเหนือ,331,6260
2026-04-26,MK-C-028,ภาคใต้,454,8452
2026-04-26,SY-D-039,กรุงเทพฯ,457,7609
2026-04-26,SY-D-039,ภาคกลาง,373,6775
2026-04-26,SY-D-039,ภาคตะวันออก,268,5429
2026-04-26,SY-D-039,ภาคเหนือ,235,4131
2026-04-26,SY-D-039,ภาคใต้,297,4921
2026-04-26,AG-E-052,กรุงเทพฯ,144,2591
2026-04-26,AG-E-052,ภาคกลาง,101,2212
2026-04-26,AG-E-052,ภาคตะวันออก,86,1485
2026-04-26,AG-E-052,ภาคเหนือ,71,1174
2026-04-26,AG-E-052,ภาคใต้,82,1420
2026-04-27,TK-A-001,กรุงเทพฯ,172,3230
2026-04-27,TK-A-001,ภาคกลาง,143,2658
2026-04-27,TK-A-001,ภาคตะวันออก,101,2220
2026-04-27,TK-A-001,ภาคเหนือ,105,1895
2026-04-27,TK-A-001,ภาคใต้,111,1879
2026-04-27,GL-B-014,กรุงเทพฯ,847,14831
2026-04-27,GL-B-014,ภาคกลาง,812,14556
2026-04-27,GL-B-014,ภาคตะวันออก,514,9125
2026-04-27,GL-B-014,ภาคเหนือ,541,8152
2026-04-27,GL-B-014,ภาคใต้,577,10060
2026-04-27,MK-C-028,กรุงเทพฯ,687,10757
2026-04-27,MK-C-028,ภาคกลาง,549,9470
2026-04-27,MK-C-028,ภาคตะวันออก,370,6566
2026-04-27,MK-C-028,ภาคเหนือ,373,5625
2026-04-27,MK-C-028,ภาคใต้,460,6961
2026-04-27,SY-D-039,กรุงเทพฯ,458,7855
2026-04-27,SY-D-039,ภาคกลาง,340,6058
2026-04-27,SY-D-039,ภาคตะวันออก,275,4839
2026-04-27,SY-D-039,ภาคเหนือ,219,3785
2026-04-27,SY-D-039,ภาคใต้,327,5610
2026-04-27,AG-E-052,กรุงเทพฯ,136,2728
2026-04-27,AG-E-052,ภาคกลาง,116,2033
2026-04-27,AG-E-052,ภาคตะวันออก,75,1581
2026-04-27,AG-E-052,ภาคเหนือ,65,1122
2026-04-27,AG-E-052,ภาคใต้,86,1815
2026-04-28,TK-A-001,กรุงเทพฯ,193,3204
2026-04-28,TK-A-001,ภาคกลาง,151,2639
2026-04-28,TK-A-001,ภาคตะวันออก,116,1684
2026-04-28,TK-A-001,ภาคเหนือ,98,1816
2026-04-28,TK-A-001,ภาคใต้,131,2331
2026-04-28,GL-B-014,กรุงเทพฯ,949,16310
2026-04-28,GL-B-014,ภาคกลาง,815,13358
2026-04-28,GL-B-014,ภาคตะวันออก,580,10898
2026-04-28,GL-B-014,ภาคเหนือ,486,9368
2026-04-28,GL-B-014,ภาคใต้,618,9505
2026-04-28,MK-C-028,กรุงเทพฯ,728,13207
2026-04-28,MK-C-028,ภาคกลาง,532,8687
2026-04-28,MK-C-028,ภาคตะวันออก,424,8195
2026-04-28,MK-C-028,ภาคเหนือ,327,6252
2026-04-28,MK-C-028,ภาคใต้,453,7129
2026-04-28,SY-D-039,กรุงเทพฯ,411,8668
2026-04-28,SY-D-039,ภาคกลาง,341,6168
2026-04-28,SY-D-039,ภาคตะวันออก,273,4486
2026-04-28,SY-D-039,ภาคเหนือ,246,4345
2026-04-28,SY-D-039,ภาคใต้,290,6039
2026-04-28,AG-E-052,กรุงเทพฯ,144,2319
2026-04-28,AG-E-052,ภาคกลาง,106,2100
2026-04-28,AG-E-052,ภาคตะวันออก,81,1403
2026-04-28,AG-E-052,ภาคเหนือ,79,1182
2026-04-28,AG-E-052,ภาคใต้,88,1615
2026-04-29,TK-A-001,กรุงเทพฯ,179,2763
2026-04-29,TK-A-001,ภาคกลาง,133,2642
2026-04-29,TK-A-001,ภาคตะวันออก,106,2181
2026-04-29,TK-A-001,ภาคเหนือ,105,1515
2026-04-29,TK-A-001,ภาคใต้,114,2386
2026-04-29,GL-B-014,กรุงเทพฯ,961,19142
2026-04-29,GL-B-014,ภาคกลาง,785,14873
2026-04-29,GL-B-014,ภาคตะวันออก,508,11336
2026-04-29,GL-B-014,ภาคเหนือ,530,8971
2026-04-29,GL-B-014,ภาคใต้,570,12680
2026-04-29,MK-C-028,กรุงเทพฯ,657,10922
2026-04-29,MK-C-028,ภาคกลาง,515,8282
2026-04-29,MK-C-028,ภาคตะวันออก,420,7650
2026-04-29,MK-C-028,ภาคเหนือ,344,7098
2026-04-29,MK-C-028,ภาคใต้,434,7273
2026-04-29,SY-D-039,กรุงเทพฯ,413,7728
2026-04-29,SY-D-039,ภาคกลาง,337,5543
2026-04-29,SY-D-039,ภาคตะวันออก,260,4832
2026-04-29,SY-D-039,ภาคเหนือ,239,3938
2026-04-29,SY-D-039,ภาคใต้,302,6013
2026-04-29,AG-E-052,กรุงเทพฯ,123,2484
2026-04-29,AG-E-052,ภาคกลาง,102,1707
2026-04-29,AG-E-052,ภาคตะวันออก,87,1614
2026-04-29,AG-E-052,ภาคเหนือ,67,1247
2026-04-29,AG-E-052,ภาคใต้,93,1557
2026-04-30,TK-A-001,กรุงเทพฯ,193,3501
2026-04-30,TK-A-001,ภาคกลาง,136,2738
2026-04-30,TK-A-001,ภาคตะวันออก,111,1915
2026-04-30,TK-A-001,ภาคเหนือ,103,1894
2026-04-30,TK-A-001,ภาคใต้,116,2073
2026-04-30,GL-B-014,กรุงเทพฯ,1008,17440
2026-04-30,GL-B-014,ภาคกลาง,700,13941
2026-04-30,GL-B-014,ภาคตะวันออก,505,10330
2026-04-30,GL-B-014,ภาคเหนือ,491,8478
2026-04-30,GL-B-014,ภาคใต้,582,12669
2026-04-30,MK-C-028,กรุงเทพฯ,721,12149
2026-04-30,MK-C-028,ภาคกลาง,541,8528
2026-04-30,MK-C-028,ภาคตะวันออก,429,7546
2026-04-30,MK-C-028,ภาคเหนือ,385,6759
2026-04-30,MK-C-028,ภาคใต้,455,8904
2026-04-30,SY-D-039,กรุงเทพฯ,430,7952
2026-04-30,SY-D-039,ภาคกลาง,381,6751
2026-04-30,SY-D-039,ภาคตะวันออก,290,4966
2026-04-30,SY-D-039,ภาคเหนือ,216,4840
2026-04-30,SY-D-039,ภาคใต้,275,4730
2026-04-30,AG-E-052,กรุงเทพฯ,132,2298
2026-04-30,AG-E-052,ภาคกลาง,117,1672
2026-04-30,AG-E-052,ภาคตะวันออก,80,1578
2026-04-30,AG-E-052,ภาคเหนือ,73,1468
2026-04-30,AG-E-052,ภาคใต้,96,1463
2026-05-01,TK-A-001,กรุงเทพฯ,179,3668
2026-05-01,TK-A-001,ภาคกลาง,158,2736
2026-05-01,TK-A-001,ภาคตะวันออก,103,1697
2026-05-01,TK-A-001,ภาคเหนือ,103,1722
2026-05-01,TK-A-001,ภาคใต้,108,2199
2026-05-01,GL-B-014,กรุงเทพฯ,873,16622
2026-05-01,GL-B-014,ภาคกลาง,687,15374
2026-05-01,GL-B-014,ภาคตะวันออก,520,10066
2026-05-01,GL-B-014,ภาคเหนือ,519,9757
2026-05-01,GL-B-014,ภาคใต้,674,9828
2026-05-01,MK-C-028,กรุงเทพฯ,624,12009
2026-05-01,MK-C-028,ภาคกลาง,503,10450
2026-05-01,MK-C-028,ภาคตะวันออก,398,6462
2026-05-01,MK-C-028,ภาคเหนือ,367,5885
2026-05-01,MK-C-028,ภาคใต้,468,9074
2026-05-01,SY-D-039,กรุงเทพฯ,420,7708
2026-05-01,SY-D-039,ภาคกลาง,377,7187
2026-05-01,SY-D-039,ภาคตะวันออก,275,5128
2026-05-01,SY-D-039,ภาคเหนือ,254,4117
2026-05-01,SY-D-039,ภาคใต้,315,5251
2026-05-01,AG-E-052,กรุงเทพฯ,140,2306
2026-05-01,AG-E-052,ภาคกลาง,101,1943
2026-05-01,AG-E-052,ภาคตะวันออก,86,1654
2026-05-01,AG-E-052,ภาคเหนือ,72,1327
2026-05-01,AG-E-052,ภาคใต้,94,1514
2026-05-02,TK-A-001,กรุงเทพฯ,185,3053
2026-05-02,TK-A-001,ภาคกลาง,144,2265
2026-05-02,TK-A-001,ภาคตะวันออก,98,1941
2026-05-02,TK-A-001,ภาคเหนือ,95,1505
2026-05-02,TK-A-001,ภาคใต้,122,2056
2026-05-02,GL-B-014,กรุงเทพฯ,900,19032
2026-05-02,GL-B-014,ภาคกลาง,722,13024
2026-05-02,GL-B-014,ภาคตะวันออก,595,9439
2026-05-02,GL-B-014,ภาคเหนือ,536,8282
2026-05-02,GL-B-014,ภาคใต้,580,12331
2026-05-02,MK-C-028,กรุงเทพฯ,681,13413
2026-05-02,MK-C-028,ภาคกลาง,509,8459
2026-05-02,MK-C-028,ภาคตะวันออก,424,6423
2026-05-02,MK-C-028,ภาคเหนือ,344,7169
2026-05-02,MK-C-028,ภาคใต้,469,7687
2026-05-02,SY-D-039,กรุงเทพฯ,414,8748
2026-05-02,SY-D-039,ภาคกลาง,384,6073
2026-05-02,SY-D-039,ภาคตะวันออก,266,4448
2026-05-02,SY-D-039,ภาคเหนือ,231,3873
2026-05-02,SY-D-039,ภาคใต้,276,5306
2026-05-02,AG-E-052,กรุงเทพฯ,130,2559
2026-05-02,AG-E-052,ภาคกลาง,113,1788
2026-05-02,AG-E-052,ภาคตะวันออก,85,1345
2026-05-02,AG-E-052,ภาคเหนือ,66,1380
2026-05-02,AG-E-052,ภาคใต้,93,1712
2026-05-03,TK-A-001,กรุงเทพฯ,170,3427
2026-05-03,TK-A-001,ภาคกลาง,135,2233
2026-05-03,TK-A-001,ภาคตะวันออก,114,1815
2026-05-03,TK-A-001,ภาคเหนือ,87,1734
2026-05-03,TK-A-001,ภาคใต้,120,2425
2026-05-03,GL-B-014,กรุงเทพฯ,837,16718
2026-05-03,GL-B-014,ภาคกลาง,775,15106
2026-05-03,GL-B-014,ภาคตะวันออก,602,9552
2026-05-03,GL-B-014,ภาคเหนือ,529,8373
2026-05-03,GL-B-014,ภาคใต้,572,9814
2026-05-03,MK-C-028,กรุงเทพฯ,644,11003
2026-05-03,MK-C-028,ภาคกลาง,584,10255
2026-05-03,MK-C-028,ภาคตะวันออก,383,7276
2026-05-03,MK-C-028,ภาคเหนือ,390,7374
2026-05-03,MK-C-028,ภาคใต้,424,8044
2026-05-03,SY-D-039,กรุงเทพฯ,435,8758
2026-05-03,SY-D-039,ภาคกลาง,359,5718
2026-05-03,SY-D-039,ภาคตะวันออก,268,5565
2026-05-03,SY-D-039,ภาคเหนือ,246,4784
2026-05-03,SY-D-039,ภาคใต้,300,6143
2026-05-03,AG-E-052,กรุงเทพฯ,144,2756
2026-05-03,AG-E-052,ภาคกลาง,117,1700
2026-05-03,AG-E-052,ภาคตะวันออก,86,1379
2026-05-03,AG-E-052,ภาคเหนือ,75,1199
2026-05-03,AG-E-052,ภาคใต้,87,1796
2026-05-04,TK-A-001,กรุงเทพฯ,175,3197
2026-05-04,TK-A-001,ภาคกลาง,155,2702
2026-05-04,TK-A-001,ภาคตะวันออก,106,2150
2026-05-04,TK-A-001,ภาคเหนือ,96,1544
2026-05-04,TK-A-001,ภาคใต้,129,2451
2026-05-04,GL-B-014,กรุงเทพฯ,926,18403
2026-05-04,GL-B-014,ภาคกลาง,787,14652
2026-05-04,GL-B-014,ภาคตะวันออก,523,9970
2026-05-04,GL-B-014,ภาคเหนือ,543,8788
2026-05-04,GL-B-014,ภาคใต้,661,9798
2026-05-04,MK-C-028,กรุงเทพฯ,672,12870
2026-05-04,MK-C-028,ภาคกลาง,554,9554
2026-05-04,MK-C-028,ภาคตะวันออก,391,6975
2026-05-04,MK-C-028,ภาคเหนือ,324,6263
2026-05-04,MK-C-028,ภาคใต้,475,7730
2026-05-04,SY-D-039,กรุงเทพฯ,431,8405
2026-05-04,SY-D-039,ภาคกลาง,384,5757
2026-05-04,SY-D-039,ภาคตะวันออก,287,4923
2026-05-04,SY-D-039,ภาคเหนือ,219,4575
2026-05-04,SY-D-039,ภาคใต้,292,4968
2026-05-04,AG-E-052,กรุงเทพฯ,145,2694
2026-05-04,AG-E-052,ภาคกลาง,109,2189
2026-05-04,AG-E-052,ภาคตะวันออก,82,1521
2026-05-04,AG-E-052,ภาคเหนือ,68,1223
2026-05-04,AG-E-052,ภาคใต้,84,1845
2026-05-05,TK-A-001,กรุงเทพฯ,181,3395
2026-05-05,TK-A-001,ภาคกลาง,143,2977
2026-05-05,TK-A-001,ภาคตะวันออก,111,1952
2026-05-05,TK-A-001,ภาคเหนือ,95,1912
2026-05-05,TK-A-001,ภาคใต้,121,2143
2026-05-05,GL-B-014,กรุงเทพฯ,868,16565
2026-05-05,GL-B-014,ภาคกลาง,774,13074
2026-05-05,GL-B-014,ภาคตะวันออก,515,10882
2026-05-05,GL-B-014,ภาคเหนือ,534,7618
2026-05-05,GL-B-014,ภาคใต้,574,11961
2026-05-05,MK-C-028,กรุงเทพฯ,719,11950
2026-05-05,MK-C-028,ภาคกลาง,547,10062
2026-05-05,MK-C-028,ภาคตะวันออก,406,7897
2026-05-05,MK-C-028,ภาคเหนือ,383,6683
2026-05-05,MK-C-028,ภาคใต้,430,7565
2026-05-05,SY-D-039,กรุงเทพฯ,426,8888
2026-05-05,SY-D-039,ภาคกลาง,379,6725
2026-05-05,SY-D-039,ภาคตะวันออก,245,4330
2026-05-05,SY-D-039,ภาคเหนือ,249,4860
2026-05-05,SY-D-039,ภาคใต้,317,5207
2026-05-05,AG-E-052,กรุงเทพฯ,147,2650
2026-05-05,AG-E-052,ภาคกลาง,109,2207
2026-05-05,AG-E-052,ภาคตะวันออก,78,1339
2026-05-05,AG-E-052,ภาคเหนือ,74,1427
2026-05-05,AG-E-052,ภาคใต้,97,1648
2026-05-06,TK-A-001,กรุงเทพฯ,197,3261
2026-05-06,TK-A-001,ภาคกลาง,132,2287
2026-05-06,TK-A-001,ภาคตะวันออก,116,1885
2026-05-06,TK-A-001,ภาคเหนือ,105,1638
2026-05-06,TK-A-001,ภาคใต้,113,2194
2026-05-06,GL-B-014,กรุงเทพฯ,959,15111
2026-05-06,GL-B-014,ภาคกลาง,720,11769
2026-05-06,GL-B-014,ภาคตะวันออก,561,9892
2026-05-06,GL-B-014,ภาคเหนือ,529,8710
2026-05-06,GL-B-014,ภาคใต้,667,9649
2026-05-06,MK-C-028,กรุงเทพฯ,634,13967
2026-05-06,MK-C-028,ภาคกลาง,520,9697
2026-05-06,MK-C-028,ภาคตะวันออก,371,7667
2026-05-06,MK-C-028,ภาคเหนือ,364,5832
2026-05-06,MK-C-028,ภาคใต้,462,8094
2026-05-06,SY-D-039,กรุงเทพฯ,449,7102
2026-05-06,SY-D-039,ภาคกลาง,396,6677
2026-05-06,SY-D-039,ภาคตะวันออก,276,4405
2026-05-06,SY-D-039,ภาคเหนือ,218,4520
2026-05-06,SY-D-039,ภาคใต้,328,5202
2026-05-06,AG-E-052,กรุงเทพฯ,148,2693
2026-05-06,AG-E-052,ภาคกลาง,106,2202
2026-05-06,AG-E-052,ภาคตะวันออก,79,1504
2026-05-06,AG-E-052,ภาคเหนือ,76,1482
2026-05-06,AG-E-052,ภาคใต้,91,1453
2026-05-07,TK-A-001,กรุงเทพฯ,179,3676
2026-05-07,TK-A-001,ภาคกลาง,155,2235
2026-05-07,TK-A-001,ภาคตะวันออก,100,1974
2026-05-07,TK-A-001,ภาคเหนือ,98,1473
2026-05-07,TK-A-001,ภาคใต้,122,2159
2026-05-07,GL-B-014,กรุงเทพฯ,876,17863
2026-05-07,GL-B-014,ภาคกลาง,736,14987
2026-05-07,GL-B-014,ภาคตะวันออก,584,10195
2026-05-07,GL-B-014,ภาคเหนือ,447,8379
2026-05-07,GL-B-014,ภาคใต้,644,9820
2026-05-07,MK-C-028,กรุงเทพฯ,738,12655
2026-05-07,MK-C-028,ภาคกลาง,593,9479
2026-05-07,MK-C-028,ภาคตะวันออก,384,7637
2026-05-07,MK-C-028,ภาคเหนือ,328,7352
2026-05-07,MK-C-028,ภาคใต้,443,7991
2026-05-07,SY-D-039,กรุงเทพฯ,410,8543
2026-05-07,SY-D-039,ภาคกลาง,393,6081
2026-05-07,SY-D-039,ภาคตะวันออก,261,4283
2026-05-07,SY-D-039,ภาคเหนือ,234,4814
2026-05-07,SY-D-039,ภาคใต้,303,5978
2026-05-07,AG-E-052,กรุงเทพฯ,127,2521
2026-05-07,AG-E-052,ภาคกลาง,103,1793
2026-05-07,AG-E-052,ภาคตะวันออก,79,1531
2026-05-07,AG-E-052,ภาคเหนือ,76,1473
2026-05-07,AG-E-052,ภาคใต้,83,1707
2026-05-08,TK-A-001,กรุงเทพฯ,189,3450
2026-05-08,TK-A-001,ภาคกลาง,155,2750
2026-05-08,TK-A-001,ภาคตะวันออก,112,2019
2026-05-08,TK-A-001,ภาคเหนือ,99,1753
2026-05-08,TK-A-001,ภาคใต้,131,2149
2026-05-08,GL-B-014,กรุงเทพฯ,900,16773
2026-05-08,GL-B-014,ภาคกลาง,693,12746
2026-05-08,GL-B-014,ภาคตะวันออก,504,9763
2026-05-08,GL-B-014,ภาคเหนือ,487,7732
2026-05-08,GL-B-014,ภาคใต้,612,10391
2026-05-08,MK-C-028,กรุงเทพฯ,718,12620
2026-05-08,MK-C-028,ภาคกลาง,594,8517
2026-05-08,MK-C-028,ภาคตะวันออก,405,7380
2026-05-08,MK-C-028,ภาคเหนือ,382,6429
2026-05-08,MK-C-028,ภาคใต้,475,7914
2026-05-08,SY-D-039,กรุงเทพฯ,489,7439
2026-05-08,SY-D-039,ภาคกลาง,359,6965
2026-05-08,SY-D-039,ภาคตะวันออก,251,4213
2026-05-08,SY-D-039,ภาคเหนือ,264,4207
2026-05-08,SY-D-039,ภาคใต้,314,6167
2026-05-08,AG-E-052,กรุงเทพฯ,136,2308
2026-05-08,AG-E-052,ภาคกลาง,104,1742
2026-05-08,AG-E-052,ภาคตะวันออก,87,1454
2026-05-08,AG-E-052,ภาคเหนือ,72,1197
2026-05-08,AG-E-052,ภาคใต้,86,1385
2026-05-09,TK-A-001,กรุงเทพฯ,169,3143
2026-05-09,TK-A-001,ภาคกลาง,157,2400
2026-05-09,TK-A-001,ภาคตะวันออก,102,1984
2026-05-09,TK-A-001,ภาคเหนือ,97,1927
2026-05-09,TK-A-001,ภาคใต้,116,2344
2026-05-09,GL-B-014,กรุงเทพฯ,928,17095
2026-05-09,GL-B-014,ภาคกลาง,781,13286
2026-05-09,GL-B-014,ภาคตะวันออก,553,10681
2026-05-09,GL-B-014,ภาคเหนือ,503,7788
2026-05-09,GL-B-014,ภาคใต้,628,10177
2026-05-09,MK-C-028,กรุงเทพฯ,661,11919
2026-05-09,MK-C-028,ภาคกลาง,590,9402
2026-05-09,MK-C-028,ภาคตะวันออก,376,7967
2026-05-09,MK-C-028,ภาคเหนือ,334,6502
2026-05-09,MK-C-028,ภาคใต้,459,7879
2026-05-09,SY-D-039,กรุงเทพฯ,443,7833
2026-05-09,SY-D-039,ภาคกลาง,392,7145
2026-05-09,SY-D-039,ภาคตะวันออก,248,4383
2026-05-09,SY-D-039,ภาคเหนือ,254,4830
2026-05-09,SY-D-039,ภาคใต้,313,5060
2026-05-09,AG-E-052,กรุงเทพฯ,134,2396
2026-05-09,AG-E-052,ภาคกลาง,113,1672
2026-05-09,AG-E-052,ภาคตะวันออก,89,1496
2026-05-09,AG-E-052,ภาคเหนือ,73,1249
2026-05-09,AG-E-052,ภาคใต้,89,1389
2026-05-10,TK-A-001,กรุงเทพฯ,181,3688
2026-05-10,TK-A-001,ภาคกลาง,134,2656
2026-05-10,TK-A-001,ภาคตะวันออก,104,1835
2026-05-10,TK-A-001,ภาคเหนือ,96,1611
2026-05-10,TK-A-001,ภาคใต้,112,2352
2026-05-10,GL-B-014,กรุงเทพฯ,930,14942
2026-05-10,GL-B-014,ภาคกลาง,770,14729
2026-05-10,GL-B-014,ภาคตะวันออก,557,8713
2026-05-10,GL-B-014,ภาคเหนือ,537,8520
2026-05-10,GL-B-014,ภาคใต้,606,9569
2026-05-10,MK-C-028,กรุงเทพฯ,645,12337
2026-05-10,MK-C-028,ภาคกลาง,553,10390
2026-05-10,MK-C-028,ภาคตะวันออก,398,7205
2026-05-10,MK-C-028,ภาคเหนือ,343,6243
2026-05-10,MK-C-028,ภาคใต้,414,8820
2026-05-10,SY-D-039,กรุงเทพฯ,455,7038
2026-05-10,SY-D-039,ภาคกลาง,368,5786
2026-05-10,SY-D-039,ภาคตะวันออก,258,4413
2026-05-10,SY-D-039,ภาคเหนือ,238,4347
2026-05-10,SY-D-039,ภาคใต้,278,5790
2026-05-10,AG-E-052,กรุงเทพฯ,124,2614
2026-05-10,AG-E-052,ภาคกลาง,113,1842
2026-05-10,AG-E-052,ภาคตะวันออก,76,1358
2026-05-10,AG-E-052,ภาคเหนือ,65,1257
2026-05-10,AG-E-052,ภาคใต้,93,1499
2026-05-11,TK-A-001,กรุงเทพฯ,175,2819
2026-05-11,TK-A-001,ภาคกลาง,137,2375
2026-05-11,TK-A-001,ภาคตะวันออก,101,1799
2026-05-11,TK-A-001,ภาคเหนือ,96,1739
2026-05-11,TK-A-001,ภาคใต้,119,2031
2026-05-11,GL-B-014,กรุงเทพฯ,944,15593
2026-05-11,GL-B-014,ภาคกลาง,678,12344
2026-05-11,GL-B-014,ภาคตะวันออก,517,10752
2026-05-11,GL-B-014,ภาคเหนือ,519,8114
2026-05-11,GL-B-014,ภาคใต้,571,10162
2026-05-11,MK-C-028,กรุงเทพฯ,689,13215
2026-05-11,MK-C-028,ภาคกลาง,507,10608
2026-05-11,MK-C-028,ภาคตะวันออก,365,7246
2026-05-11,MK-C-028,ภาคเหนือ,356,7248
2026-05-11,MK-C-028,ภาคใต้,428,7161
2026-05-11,SY-D-039,กรุงเทพฯ,429,9012
2026-05-11,SY-D-039,ภาคกลาง,382,6024
2026-05-11,SY-D-039,ภาคตะวันออก,274,5036
2026-05-11,SY-D-039,ภาคเหนือ,243,3731
2026-05-11,SY-D-039,ภาคใต้,274,6038
2026-05-11,AG-E-052,กรุงเทพฯ,139,2392
2026-05-11,AG-E-052,ภาคกลาง,117,1873
2026-05-11,AG-E-052,ภาคตะวันออก,83,1454
2026-05-11,AG-E-052,ภาคเหนือ,79,1193
2026-05-11,AG-E-052,ภาคใต้,84,1696
2026-05-12,TK-A-001,กรุงเทพฯ,191,3055
2026-05-12,TK-A-001,ภาคกลาง,144,2516
2026-05-12,TK-A-001,ภาคตะวันออก,115,1881
2026-05-12,TK-A-001,ภาคเหนือ,90,1868
2026-05-12,TK-A-001,ภาคใต้,114,1942
2026-05-12,GL-B-014,กรุงเทพฯ,892,15888
2026-05-12,GL-B-014,ภาคกลาง,683,14294
2026-05-12,GL-B-014,ภาคตะวันออก,551,8557
2026-05-12,GL-B-014,ภาคเหนือ,533,9827
2026-05-12,GL-B-014,ภาคใต้,682,11266
2026-05-12,MK-C-028,กรุงเทพฯ,640,11341
2026-05-12,MK-C-028,ภาคกลาง,486,9873
2026-05-12,MK-C-028,ภาคตะวันออก,391,8292
2026-05-12,MK-C-028,ภาคเหนือ,350,6767
2026-05-12,MK-C-028,ภาคใต้,461,8484
2026-05-12,SY-D-039,กรุงเทพฯ,492,8776
2026-05-12,SY-D-039,ภาคกลาง,392,6603
2026-05-12,SY-D-039,ภาคตะวันออก,264,5496
2026-05-12,SY-D-039,ภาคเหนือ,237,4929
2026-05-12,SY-D-039,ภาคใต้,298,4592
2026-05-12,AG-E-052,กรุงเทพฯ,142,2648
2026-05-12,AG-E-052,ภาคกลาง,113,1696
2026-05-12,AG-E-052,ภาคตะวันออก,75,1598
2026-05-12,AG-E-052,ภาคเหนือ,76,1419
2026-05-12,AG-E-052,ภาคใต้,94,1726
2026-05-13,TK-A-001,กรุงเทพฯ,190,3260
2026-05-13,TK-A-001,ภาคกลาง,136,2503
2026-05-13,TK-A-001,ภาคตะวันออก,98,2229
2026-05-13,TK-A-001,ภาคเหนือ,93,1529
2026-05-13,TK-A-001,ภาคใต้,128,2114
2026-05-13,GL-B-014,กรุงเทพฯ,855,16900
2026-05-13,GL-B-014,ภาคกลาง,697,15041
2026-05-13,GL-B-014,ภาคตะวันออก,580,9884
2026-05-13,GL-B-014,ภาคเหนือ,520,7986
2026-05-13,GL-B-014,ภาคใต้,617,9516
2026-05-13,MK-C-028,กรุงเทพฯ,615,12571
2026-05-13,MK-C-028,ภาคกลาง,530,10566
2026-05-13,MK-C-028,ภาคตะวันออก,412,6774
2026-05-13,MK-C-028,ภาคเหนือ,327,6873
2026-05-13,MK-C-028,ภาคใต้,487,7763
2026-05-13,SY-D-039,กรุงเทพฯ,447,9033
2026-05-13,SY-D-039,ภาคกลาง,334,5918
2026-05-13,SY-D-039,ภาคตะวันออก,261,5511
2026-05-13,SY-D-039,ภาคเหนือ,236,4672
2026-05-13,SY-D-039,ภาคใต้,325,4950
2026-05-13,AG-E-052,กรุงเทพฯ,123,2390
2026-05-13,AG-E-052,ภาคกลาง,98,2179
2026-05-13,AG-E-052,ภาคตะวันออก,83,1475
2026-05-13,AG-E-052,ภาคเหนือ,66,1183
2026-05-13,AG-E-052,ภาคใต้,99,1466
2026-05-14,TK-A-001,กรุงเทพฯ,182,3722
2026-05-14,TK-A-001,ภาคกลาง,145,2747
2026-05-14,TK-A-001,ภาคตะวันออก,97,1880
2026-05-14,TK-A-001,ภาคเหนือ,93,1833
2026-05-14,TK-A-001,ภาคใต้,130,2109
2026-05-14,GL-B-014,กรุงเทพฯ,985,16492
2026-05-14,GL-B-014,ภาคกลาง,715,14267
2026-05-14,GL-B-014,ภาคตะวันออก,525,9123
2026-05-14,GL-B-014,ภาคเหนือ,536,9474
2026-05-14,GL-B-014,ภาคใต้,681,11348
2026-05-14,MK-C-028,กรุงเทพฯ,634,13660
2026-05-14,MK-C-028,ภาคกลาง,538,8839
2026-05-14,MK-C-028,ภาคตะวันออก,416,6918
2026-05-14,MK-C-028,ภาคเหนือ,374,6081
2026-05-14,MK-C-028,ภาคใต้,492,9000
2026-05-14,SY-D-039,กรุงเทพฯ,451,8294
2026-05-14,SY-D-039,ภาคกลาง,349,6349
2026-05-14,SY-D-039,ภาคตะวันออก,273,5556
2026-05-14,SY-D-039,ภาคเหนือ,249,3826
2026-05-14,SY-D-039,ภาคใต้,271,4730
2026-05-14,AG-E-052,กรุงเทพฯ,136,2463
2026-05-14,AG-E-052,ภาคกลาง,118,1671
2026-05-14,AG-E-052,ภาคตะวันออก,77,1400
2026-05-14,AG-E-052,ภาคเหนือ,67,1278
2026-05-14,AG-E-052,ภาคใต้,88,1580
2026-05-15,TK-A-001,กรุงเทพฯ,191,3375
2026-05-15,TK-A-001,ภาคกลาง,150,2277
2026-05-15,TK-A-001,ภาคตะวันออก,98,1698
2026-05-15,TK-A-001,ภาคเหนือ,99,1931
2026-05-15,TK-A-001,ภาคใต้,123,2447
2026-05-15,GL-B-014,กรุงเทพฯ,840,15270
2026-05-15,GL-B-014,ภาคกลาง,770,12439
2026-05-15,GL-B-014,ภาคตะวันออก,564,11058
2026-05-15,GL-B-014,ภาคเหนือ,454,9778
2026-05-15,GL-B-014,ภาคใต้,666,12037
2026-05-15,MK-C-028,กรุงเทพฯ,733,10339
2026-05-15,MK-C-028,ภาคกลาง,506,8728
2026-05-15,MK-C-028,ภาคตะวันออก,426,6620
2026-05-15,MK-C-028,ภาคเหนือ,333,6961
2026-05-15,MK-C-028,ภาคใต้,491,7756
2026-05-15,SY-D-039,กรุงเทพฯ,439,8985
2026-05-15,SY-D-039,ภาคกลาง,336,7367
2026-05-15,SY-D-039,ภาคตะวันออก,262,5489
2026-05-15,SY-D-039,ภาคเหนือ,221,4151
2026-05-15,SY-D-039,ภาคใต้,301,4878
2026-05-15,AG-E-052,กรุงเทพฯ,130,2353
2026-05-15,AG-E-052,ภาคกลาง,113,2101
2026-05-15,AG-E-052,ภาคตะวันออก,85,1480
2026-05-15,AG-E-052,ภาคเหนือ,65,1390
2026-05-15,AG-E-052,ภาคใต้,85,1486
2026-05-16,TK-A-001,กรุงเทพฯ,175,3114
2026-05-16,TK-A-001,ภาคกลาง,157,2927
2026-05-16,TK-A-001,ภาคตะวันออก,114,2156
2026-05-16,TK-A-001,ภาคเหนือ,88,1555
2026-05-16,TK-A-001,ภาคใต้,123,2184
2026-05-16,GL-B-014,กรุงเทพฯ,972,17610
2026-05-16,GL-B-014,ภาคกลาง,728,14734
2026-05-16,GL-B-014,ภาคตะวันออก,560,8794
2026-05-16,GL-B-014,ภาคเหนือ,477,9889
2026-05-16,GL-B-014,ภาคใต้,620,10304
2026-05-16,MK-C-028,กรุงเทพฯ,622,11410
2026-05-16,MK-C-028,ภาคกลาง,522,10302
2026-05-16,MK-C-028,ภาคตะวันออก,405,8093
2026-05-16,MK-C-028,ภาคเหนือ,328,5800
2026-05-16,MK-C-028,ภาคใต้,459,8577
2026-05-16,SY-D-039,กรุงเทพฯ,432,8947
2026-05-16,SY-D-039,ภาคกลาง,342,6013
2026-05-16,SY-D-039,ภาคตะวันออก,263,4476
2026-05-16,SY-D-039,ภาคเหนือ,256,4674
2026-05-16,SY-D-039,ภาคใต้,311,5108
2026-05-16,AG-E-052,กรุงเทพฯ,129,2198
2026-05-16,AG-E-052,ภาคกลาง,106,1974
2026-05-16,AG-E-052,ภาคตะวันออก,75,1298
2026-05-16,AG-E-052,ภาคเหนือ,73,1196
2026-05-16,AG-E-052,ภาคใต้,83,1657
2026-05-17,TK-A-001,กรุงเทพฯ,180,3498
2026-05-17,TK-A-001,ภาคกลาง,157,2882
2026-05-17,TK-A-001,ภาคตะวันออก,118,1681
2026-05-17,TK-A-001,ภาคเหนือ,95,1770
2026-05-17,TK-A-001,ภาคใต้,125,1941
2026-05-17,GL-B-014,กรุงเทพฯ,895,15561
2026-05-17,GL-B-014,ภาคกลาง,795,15304
2026-05-17,GL-B-014,ภาคตะวันออก,611,8577
2026-05-17,GL-B-014,ภาคเหนือ,543,8073
2026-05-17,GL-B-014,ภาคใต้,599,11223
2026-05-17,MK-C-028,กรุงเทพฯ,731,10929
2026-05-17,MK-C-028,ภาคกลาง,524,10869
2026-05-17,MK-C-028,ภาคตะวันออก,441,7371
2026-05-17,MK-C-028,ภาคเหนือ,354,6647
2026-05-17,MK-C-028,ภาคใต้,417,7592
2026-05-17,SY-D-039,กรุงเทพฯ,454,6998
2026-05-17,SY-D-039,ภาคกลาง,385,7235
2026-05-17,SY-D-039,ภาคตะวันออก,249,4194
2026-05-17,SY-D-039,ภาคเหนือ,224,4672
2026-05-17,SY-D-039,ภาคใต้,303,5810
2026-05-17,AG-E-052,กรุงเทพฯ,147,2119
2026-05-17,AG-E-052,ภาคกลาง,101,1669
2026-05-17,AG-E-052,ภาคตะวันออก,82,1474
2026-05-17,AG-E-052,ภาคเหนือ,69,1287
2026-05-17,AG-E-052,ภาคใต้,98,1820
2026-05-18,TK-A-001,กรุงเทพฯ,196,2994
2026-05-18,TK-A-001,ภาคกลาง,155,2478
2026-05-18,TK-A-001,ภาคตะวันออก,98,2031
2026-05-18,TK-A-001,ภาคเหนือ,91,1761
2026-05-18,TK-A-001,ภาคใต้,108,1855
2026-05-18,GL-B-014,กรุงเทพฯ,903,17871
2026-05-18,GL-B-014,ภาคกลาง,798,13402
2026-05-18,GL-B-014,ภาคตะวันออก,582,9914
2026-05-18,GL-B-014,ภาคเหนือ,477,8829
2026-05-18,GL-B-014,ภาคใต้,643,10630
2026-05-18,MK-C-028,กรุงเทพฯ,696,13952
2026-05-18,MK-C-028,ภาคกลาง,574,10496
2026-05-18,MK-C-028,ภาคตะวันออก,392,7471
2026-05-18,MK-C-028,ภาคเหนือ,356,5699
2026-05-18,MK-C-028,ภาคใต้,434,8751
2026-05-18,SY-D-039,กรุงเทพฯ,492,8028
2026-05-18,SY-D-039,ภาคกลาง,386,6713
2026-05-18,SY-D-039,ภาคตะวันออก,264,5118
2026-05-18,SY-D-039,ภาคเหนือ,231,3917
2026-05-18,SY-D-039,ภาคใต้,274,6144
2026-05-18,AG-E-052,กรุงเทพฯ,145,2296
2026-05-18,AG-E-052,ภาคกลาง,108,2053
2026-05-18,AG-E-052,ภาคตะวันออก,82,1432
2026-05-18,AG-E-052,ภาคเหนือ,76,1182
2026-05-18,AG-E-052,ภาคใต้,95,1524
2026-05-19,TK-A-001,กรุงเทพฯ,194,3114
2026-05-19,TK-A-001,ภาคกลาง,141,2731
2026-05-19,TK-A-001,ภาคตะวันออก,106,1950
2026-05-19,TK-A-001,ภาคเหนือ,105,1748
2026-05-19,TK-A-001,ภาคใต้,122,2402
2026-05-19,GL-B-014,กรุงเทพฯ,920,15544
2026-05-19,GL-B-014,ภาคกลาง,689,14546
2026-05-19,GL-B-014,ภาคตะวันออก,603,10994
2026-05-19,GL-B-014,ภาคเหนือ,538,7773
2026-05-19,GL-B-014,ภาคใต้,559,9561
2026-05-19,MK-C-028,กรุงเทพฯ,644,11920
2026-05-19,MK-C-028,ภาคกลาง,592,9183
2026-05-19,MK-C-028,ภาคตะวันออก,368,8287
2026-05-19,MK-C-028,ภาคเหนือ,352,6713
2026-05-19,MK-C-028,ภาคใต้,408,8742
2026-05-19,SY-D-039,กรุงเทพฯ,432,7484
2026-05-19,SY-D-039,ภาคกลาง,389,6698
2026-05-19,SY-D-039,ภาคตะวันออก,258,5514
2026-05-19,SY-D-039,ภาคเหนือ,252,4926
2026-05-19,SY-D-039,ภาคใต้,295,5438
2026-05-19,AG-E-052,กรุงเทพฯ,130,2584
2026-05-19,AG-E-052,ภาคกลาง,106,2005
2026-05-19,AG-E-052,ภาคตะวันออก,73,1538
2026-05-19,AG-E-052,ภาคเหนือ,71,1307
2026-05-19,AG-E-052,ภาคใต้,94,1669
2026-05-20,TK-A-001,กรุงเทพฯ,189,3165
2026-05-20,TK-A-001,ภาคกลาง,146,2284
2026-05-20,TK-A-001,ภาคตะวันออก,106,2186
2026-05-20,TK-A-001,ภาคเหนือ,100,1963
2026-05-20,TK-A-001,ภาคใต้,123,1882
2026-05-20,GL-B-014,กรุงเทพฯ,859,17475
2026-05-20,GL-B-014,ภาคกลาง,721,13380
2026-05-20,GL-B-014,ภาคตะวันออก,559,11428
2026-05-20,GL-B-014,ภาคเหนือ,504,9486
2026-05-20,GL-B-014,ภาคใต้,658,10117
2026-05-20,MK-C-028,กรุงเทพฯ,739,10983
2026-05-20,MK-C-028,ภาคกลาง,507,8562
2026-05-20,MK-C-028,ภาคตะวันออก,392,7740
2026-05-20,MK-C-028,ภาคเหนือ,371,7203
2026-05-20,MK-C-028,ภาคใต้,434,9229
2026-05-20,SY-D-039,กรุงเทพฯ,460,8076
2026-05-20,SY-D-039,ภาคกลาง,395,6342
2026-05-20,SY-D-039,ภาคตะวันออก,280,4800
2026-05-20,SY-D-039,ภาคเหนือ,231,3687
2026-05-20,SY-D-039,ภาคใต้,290,5791
2026-05-20,AG-E-052,กรุงเทพฯ,139,2128
2026-05-20,AG-E-052,ภาคกลาง,97,1804
2026-05-20,AG-E-052,ภาคตะวันออก,87,1576
2026-05-20,AG-E-052,ภาคเหนือ,68,1275
2026-05-20,AG-E-052,ภาคใต้,89,1684
2026-05-21,TK-A-001,กรุงเทพฯ,180,3354
2026-05-21,TK-A-001,ภาคกลาง,133,2332
2026-05-21,TK-A-001,ภาคตะวันออก,118,1758
2026-05-21,TK-A-001,ภาคเหนือ,98,1853
2026-05-21,TK-A-001,ภาคใต้,120,2454
2026-05-21,GL-B-014,กรุงเทพฯ,868,18507
2026-05-21,GL-B-014,ภาคกลาง,712,11739
2026-05-21,GL-B-014,ภาคตะวันออก,508,11088
2026-05-21,GL-B-014,ภาคเหนือ,472,8629
2026-05-21,GL-B-014,ภาคใต้,672,11241
2026-05-21,MK-C-028,กรุงเทพฯ,617,10408
2026-05-21,MK-C-028,ภาคกลาง,527,8911
2026-05-21,MK-C-028,ภาคตะวันออก,376,8172
2026-05-21,MK-C-028,ภาคเหนือ,354,6092
2026-05-21,MK-C-028,ภาคใต้,429,7489
2026-05-21,SY-D-039,กรุงเทพฯ,480,7260
2026-05-21,SY-D-039,ภาคกลาง,373,5674
2026-05-21,SY-D-039,ภาคตะวันออก,263,4359
2026-05-21,SY-D-039,ภาคเหนือ,244,4603
2026-05-21,SY-D-039,ภาคใต้,324,4840
2026-05-21,AG-E-052,กรุงเทพฯ,135,2375
2026-05-21,AG-E-052,ภาคกลาง,98,1903
2026-05-21,AG-E-052,ภาคตะวันออก,73,1630
2026-05-21,AG-E-052,ภาคเหนือ,66,1197
2026-05-21,AG-E-052,ภาคใต้,97,1460
2026-05-22,TK-A-001,กรุงเทพฯ,182,3127
2026-05-22,TK-A-001,ภาคกลาง,135,2310
2026-05-22,TK-A-001,ภาคตะวันออก,116,1831
2026-05-22,TK-A-001,ภาคเหนือ,94,1865
2026-05-22,TK-A-001,ภาคใต้,112,2376
2026-05-22,GL-B-014,กรุงเทพฯ,936,17651
2026-05-22,GL-B-014,ภาคกลาง,748,13317
2026-05-22,GL-B-014,ภาคตะวันออก,526,11002
2026-05-22,GL-B-014,ภาคเหนือ,476,9838
2026-05-22,GL-B-014,ภาคใต้,581,9912
2026-05-22,MK-C-028,กรุงเทพฯ,652,12698
2026-05-22,MK-C-028,ภาคกลาง,594,10203
2026-05-22,MK-C-028,ภาคตะวันออก,418,7189
2026-05-22,MK-C-028,ภาคเหนือ,383,6552
2026-05-22,MK-C-028,ภาคใต้,490,9221
2026-05-22,SY-D-039,กรุงเทพฯ,415,8040
2026-05-22,SY-D-039,ภาคกลาง,364,6551
2026-05-22,SY-D-039,ภาคตะวันออก,255,4237
2026-05-22,SY-D-039,ภาคเหนือ,249,4225
2026-05-22,SY-D-039,ภาคใต้,283,6086
2026-05-22,AG-E-052,กรุงเทพฯ,143,2529
2026-05-22,AG-E-052,ภาคกลาง,111,1770
2026-05-22,AG-E-052,ภาคตะวันออก,75,1493
2026-05-22,AG-E-052,ภาคเหนือ,77,1268
2026-05-22,AG-E-052,ภาคใต้,92,1825
2026-05-23,TK-A-001,กรุงเทพฯ,167,3203
2026-05-23,TK-A-001,ภาคกลาง,137,2361
2026-05-23,TK-A-001,ภาคตะวันออก,116,2208
2026-05-23,TK-A-001,ภาคเหนือ,91,1570
2026-05-23,TK-A-001,ภาคใต้,118,2354
2026-05-23,GL-B-014,กรุงเทพฯ,933,14713
2026-05-23,GL-B-014,ภาคกลาง,739,12838
2026-05-23,GL-B-014,ภาคตะวันออก,551,11390
2026-05-23,GL-B-014,ภาคเหนือ,529,8795
2026-05-23,GL-B-014,ภาคใต้,627,12630
2026-05-23,MK-C-028,กรุงเทพฯ,652,11602
2026-05-23,MK-C-028,ภาคกลาง,551,9673
2026-05-23,MK-C-028,ภาคตะวันออก,441,7081
2026-05-23,MK-C-028,ภาคเหนือ,336,5872
2026-05-23,MK-C-028,ภาคใต้,439,9127
2026-05-23,SY-D-039,กรุงเทพฯ,408,7186
2026-05-23,SY-D-039,ภาคกลาง,396,6320
2026-05-23,SY-D-039,ภาคตะวันออก,267,4203
2026-05-23,SY-D-039,ภาคเหนือ,234,4257
2026-05-23,SY-D-039,ภาคใต้,307,5308
2026-05-23,AG-E-052,กรุงเทพฯ,128,2500
2026-05-23,AG-E-052,ภาคกลาง,105,1955
2026-05-23,AG-E-052,ภาคตะวันออก,79,1362
2026-05-23,AG-E-052,ภาคเหนือ,75,1332
2026-05-23,AG-E-052,ภาคใต้,98,1638
2026-05-24,TK-A-001,กรุงเทพฯ,185,3206
2026-05-24,TK-A-001,ภาคกลาง,130,2906
2026-05-24,TK-A-001,ภาคตะวันออก,108,2046
2026-05-24,TK-A-001,ภาคเหนือ,94,1484
2026-05-24,TK-A-001,ภาคใต้,128,2355
2026-05-24,GL-B-014,กรุงเทพฯ,919,17722
2026-05-24,GL-B-014,ภาคกลาง,731,12113
2026-05-24,GL-B-014,ภาคตะวันออก,561,9528
2026-05-24,GL-B-014,ภาคเหนือ,534,9451
2026-05-24,GL-B-014,ภาคใต้,593,10214
2026-05-24,MK-C-028,กรุงเทพฯ,636,12146
2026-05-24,MK-C-028,ภาคกลาง,530,11137
2026-05-24,MK-C-028,ภาคตะวันออก,441,8075
2026-05-24,MK-C-028,ภาคเหนือ,349,5651
2026-05-24,MK-C-028,ภาคใต้,406,8024
2026-05-24,SY-D-039,กรุงเทพฯ,470,7456
2026-05-24,SY-D-039,ภาคกลาง,351,7241
2026-05-24,SY-D-039,ภาคตะวันออก,244,4621
2026-05-24,SY-D-039,ภาคเหนือ,259,3696
2026-05-24,SY-D-039,ภาคใต้,319,6132
2026-05-24,AG-E-052,กรุงเทพฯ,128,2567
2026-05-24,AG-E-052,ภาคกลาง,112,1964
2026-05-24,AG-E-052,ภาคตะวันออก,83,1610
2026-05-24,AG-E-052,ภาคเหนือ,75,1168
2026-05-24,AG-E-052,ภาคใต้,98,1819
2026-05-25,TK-A-001,กรุงเทพฯ,189,2945
2026-05-25,TK-A-001,ภาคกลาง,130,2344
2026-05-25,TK-A-001,ภาคตะวันออก,113,1749
2026-05-25,TK-A-001,ภาคเหนือ,96,1737
2026-05-25,TK-A-001,ภาคใต้,124,2465
2026-05-25,GL-B-014,กรุงเทพฯ,843,17166
2026-05-25,GL-B-014,ภาคกลาง,733,11757
2026-05-25,GL-B-014,ภาคตะวันออก,565,9654
2026-05-25,GL-B-014,ภาคเหนือ,495,8365
2026-05-25,GL-B-014,ภาคใต้,662,12302
2026-05-25,MK-C-028,กรุงเทพฯ,684,11030
2026-05-25,MK-C-028,ภาคกลาง,520,10823
2026-05-25,MK-C-028,ภาคตะวันออก,424,7539
2026-05-25,MK-C-028,ภาคเหนือ,377,7235
2026-05-25,MK-C-028,ภาคใต้,463,8247
2026-05-25,SY-D-039,กรุงเทพฯ,440,8651
2026-05-25,SY-D-039,ภาคกลาง,358,5948
2026-05-25,SY-D-039,ภาคตะวันออก,276,5332
2026-05-25,SY-D-039,ภาคเหนือ,254,4290
2026-05-25,SY-D-039,ภาคใต้,279,5657
2026-05-25,AG-E-052,กรุงเทพฯ,139,2499
2026-05-25,AG-E-052,ภาคกลาง,109,2216
2026-05-25,AG-E-052,ภาคตะวันออก,82,1369
2026-05-25,AG-E-052,ภาคเหนือ,69,1226
2026-05-25,AG-E-052,ภาคใต้,82,1521
2026-05-26,TK-A-001,กรุงเทพฯ,196,3712
2026-05-26,TK-A-001,ภาคกลาง,153,2911
2026-05-26,TK-A-001,ภาคตะวันออก,116,1752
2026-05-26,TK-A-001,ภาคเหนือ,88,1730
2026-05-26,TK-A-001,ภาคใต้,126,1894
2026-05-26,GL-B-014,กรุงเทพฯ,982,18019
2026-05-26,GL-B-014,ภาคกลาง,697,13187
2026-05-26,GL-B-014,ภาคตะวันออก,557,8639
2026-05-26,GL-B-014,ภาคเหนือ,458,8331
2026-05-26,GL-B-014,ภาคใต้,652,10812
2026-05-26,MK-C-028,กรุงเทพฯ,717,11098
2026-05-26,MK-C-028,ภาคกลาง,551,11056
2026-05-26,MK-C-028,ภาคตะวันออก,398,7627
2026-05-26,MK-C-028,ภาคเหนือ,390,6819
2026-05-26,MK-C-028,ภาคใต้,413,7918
2026-05-26,SY-D-039,กรุงเทพฯ,474,8776
2026-05-26,SY-D-039,ภาคกลาง,352,7078
2026-05-26,SY-D-039,ภาคตะวันออก,261,4722
2026-05-26,SY-D-039,ภาคเหนือ,236,3836
2026-05-26,SY-D-039,ภาคใต้,288,4851
2026-05-26,AG-E-052,กรุงเทพฯ,143,2246
2026-05-26,AG-E-052,ภาคกลาง,111,2032
2026-05-26,AG-E-052,ภาคตะวันออก,84,1520
2026-05-26,AG-E-052,ภาคเหนือ,70,1194
2026-05-26,AG-E-052,ภาคใต้,86,1817
2026-05-27,TK-A-001,กรุงเทพฯ,184,3284
2026-05-27,TK-A-001,ภาคกลาง,136,2881
2026-05-27,TK-A-001,ภาคตะวันออก,114,1924
2026-05-27,TK-A-001,ภาคเหนือ,97,1834
2026-05-27,TK-A-001,ภาคใต้,117,2285
2026-05-27,GL-B-014,กรุงเทพฯ,953,17411
2026-05-27,GL-B-014,ภาคกลาง,698,11585
2026-05-27,GL-B-014,ภาคตะวันออก,606,9086
2026-05-27,GL-B-014,ภาคเหนือ,520,7905
2026-05-27,GL-B-014,ภาคใต้,609,9736
2026-05-27,MK-C-028,กรุงเทพฯ,715,13736
2026-05-27,MK-C-028,ภาคกลาง,499,8782
2026-05-27,MK-C-028,ภาคตะวันออก,368,7918
2026-05-27,MK-C-028,ภาคเหนือ,370,5777
2026-05-27,MK-C-028,ภาคใต้,420,7728
2026-05-27,SY-D-039,กรุงเทพฯ,440,8323
2026-05-27,SY-D-039,ภาคกลาง,393,6840
2026-05-27,SY-D-039,ภาคตะวันออก,295,4277
2026-05-27,SY-D-039,ภาคเหนือ,230,4851
2026-05-27,SY-D-039,ภาคใต้,330,4901
2026-05-27,AG-E-052,กรุงเทพฯ,123,2401
2026-05-27,AG-E-052,ภาคกลาง,98,1746
2026-05-27,AG-E-052,ภาคตะวันออก,78,1377
2026-05-27,AG-E-052,ภาคเหนือ,78,1295
2026-05-27,AG-E-052,ภาคใต้,85,1683
2026-05-28,TK-A-001,กรุงเทพฯ,165,2860
2026-05-28,TK-A-001,ภาคกลาง,158,2642
2026-05-28,TK-A-001,ภาคตะวันออก,98,2068
2026-05-28,TK-A-001,ภาคเหนือ,105,1646
2026-05-28,TK-A-001,ภาคใต้,132,1859
2026-05-28,GL-B-014,กรุงเทพฯ,891,18052
2026-05-28,GL-B-014,ภาคกลาง,721,14320
2026-05-28,GL-B-014,ภาคตะวันออก,521,10697
2026-05-28,GL-B-014,ภาคเหนือ,492,7919
2026-05-28,GL-B-014,ภาคใต้,599,11079
2026-05-28,MK-C-028,กรุงเทพฯ,717,11067
2026-05-28,MK-C-028,ภาคกลาง,519,10382
2026-05-28,MK-C-028,ภาคตะวันออก,426,7264
2026-05-28,MK-C-028,ภาคเหนือ,360,6810
2026-05-28,MK-C-028,ภาคใต้,431,8482
2026-05-28,SY-D-039,กรุงเทพฯ,475,8491
2026-05-28,SY-D-039,ภาคกลาง,363,5680
2026-05-28,SY-D-039,ภาคตะวันออก,256,4394
2026-05-28,SY-D-039,ภาคเหนือ,259,4572
2026-05-28,SY-D-039,ภาคใต้,302,4811
2026-05-28,AG-E-052,กรุงเทพฯ,124,2574
2026-05-28,AG-E-052,ภาคกลาง,111,2102
2026-05-28,AG-E-052,ภาคตะวันออก,82,1342
2026-05-28,AG-E-052,ภาคเหนือ,69,1367
2026-05-28,AG-E-052,ภาคใต้,98,1831
2026-05-29,TK-A-001,กรุงเทพฯ,197,3473
2026-05-29,TK-A-001,ภาคกลาง,135,2857
2026-05-29,TK-A-001,ภาคตะวันออก,111,2167
2026-05-29,TK-A-001,ภาคเหนือ,97,1656
2026-05-29,TK-A-001,ภาคใต้,125,1899
2026-05-29,GL-B-014,กรุงเทพฯ,934,14643
2026-05-29,GL-B-014,ภาคกลาง,670,11686
2026-05-29,GL-B-014,ภาคตะวันออก,573,10462
2026-05-29,GL-B-014,ภาคเหนือ,532,8399
2026-05-29,GL-B-014,ภาคใต้,579,12789
2026-05-29,MK-C-028,กรุงเทพฯ,632,12620
2026-05-29,MK-C-028,ภาคกลาง,556,10457
2026-05-29,MK-C-028,ภาคตะวันออก,417,7411
2026-05-29,MK-C-028,ภาคเหนือ,336,6546
2026-05-29,MK-C-028,ภาคใต้,410,8745
2026-05-29,SY-D-039,กรุงเทพฯ,444,7591
2026-05-29,SY-D-039,ภาคกลาง,341,6804
2026-05-29,SY-D-039,ภาคตะวันออก,261,4460
2026-05-29,SY-D-039,ภาคเหนือ,257,4911
2026-05-29,SY-D-039,ภาคใต้,296,5871
2026-05-29,AG-E-052,กรุงเทพฯ,129,2413
2026-05-29,AG-E-052,ภาคกลาง,112,2066
2026-05-29,AG-E-052,ภาคตะวันออก,77,1622
2026-05-29,AG-E-052,ภาคเหนือ,66,1160
2026-05-29,AG-E-052,ภาคใต้,83,1786
2026-05-30,TK-A-001,กรุงเทพฯ,176,3207
2026-05-30,TK-A-001,ภาคกลาง,144,2919
2026-05-30,TK-A-001,ภาคตะวันออก,111,1708
2026-05-30,TK-A-001,ภาคเหนือ,88,1566
2026-05-30,TK-A-001,ภาคใต้,125,2205
2026-05-30,GL-B-014,กรุงเทพฯ,1010,15677
2026-05-30,GL-B-014,ภาคกลาง,798,14258
2026-05-30,GL-B-014,ภาคตะวันออก,518,10385
2026-05-30,GL-B-014,ภาคเหนือ,506,8905
2026-05-30,GL-B-014,ภาคใต้,660,11562
2026-05-30,MK-C-028,กรุงเทพฯ,729,10531
2026-05-30,MK-C-028,ภาคกลาง,591,9928
2026-05-30,MK-C-028,ภาคตะวันออก,403,8354
2026-05-30,MK-C-028,ภาคเหนือ,370,5908
2026-05-30,MK-C-028,ภาคใต้,453,8780
2026-05-30,SY-D-039,กรุงเทพฯ,428,7131
2026-05-30,SY-D-039,ภาคกลาง,335,5557
2026-05-30,SY-D-039,ภาคตะวันออก,257,5229
2026-05-30,SY-D-039,ภาคเหนือ,232,4822
2026-05-30,SY-D-039,ภาคใต้,282,5609
2026-05-30,AG-E-052,กรุงเทพฯ,131,2649
2026-05-30,AG-E-052,ภาคกลาง,99,2070
2026-05-30,AG-E-052,ภาคตะวันออก,88,1457
2026-05-30,AG-E-052,ภาคเหนือ,74,1229
2026-05-30,AG-E-052,ภาคใต้,88,1761
2026-05-31,TK-A-001,กรุงเทพฯ,188,2934
2026-05-31,TK-A-001,ภาคกลาง,148,2747
2026-05-31,TK-A-001,ภาคตะวันออก,98,1676
2026-05-31,TK-A-001,ภาคเหนือ,88,1927
2026-05-31,TK-A-001,ภาคใต้,128,2063
2026-05-31,GL-B-014,กรุงเทพฯ,887,16485
2026-05-31,GL-B-014,ภาคกลาง,731,14488
2026-05-31,GL-B-014,ภาคตะวันออก,521,10262
2026-05-31,GL-B-014,ภาคเหนือ,493,8951
2026-05-31,GL-B-014,ภาคใต้,617,11339
2026-05-31,MK-C-028,กรุงเทพฯ,709,12996
2026-05-31,MK-C-028,ภาคกลาง,589,8852
2026-05-31,MK-C-028,ภาคตะวันออก,391,7621
2026-05-31,MK-C-028,ภาคเหนือ,341,6858
2026-05-31,MK-C-028,ภาคใต้,458,9183
2026-05-31,SY-D-039,กรุงเทพฯ,420,7580
2026-05-31,SY-D-039,ภาคกลาง,389,6683
2026-05-31,SY-D-039,ภาคตะวันออก,284,4903
2026-05-31,SY-D-039,ภาคเหนือ,226,4233
2026-05-31,SY-D-039,ภาคใต้,289,6018
2026-05-31,AG-E-052,กรุงเทพฯ,132,2600
2026-05-31,AG-E-052,ภาคกลาง,109,2146
2026-05-31,AG-E-052,ภาคตะวันออก,85,1650
2026-05-31,AG-E-052,ภาคเหนือ,68,1114
2026-05-31,AG-E-052,ภาคใต้,87,1478
2026-06-01,TK-A-001,กรุงเทพฯ,198,3517
2026-06-01,TK-A-001,ภาคกลาง,156,2390
2026-06-01,TK-A-001,ภาคตะวันออก,114,1807
2026-06-01,TK-A-001,ภาคเหนือ,91,1905
2026-06-01,TK-A-001,ภาคใต้,110,1916
2026-06-01,GL-B-014,กรุงเทพฯ,1000,19239
2026-06-01,GL-B-014,ภาคกลาง,745,12035
2026-06-01,GL-B-014,ภาคตะวันออก,602,9955
2026-06-01,GL-B-014,ภาคเหนือ,506,9251
2026-06-01,GL-B-014,ภาคใต้,635,10105
2026-06-01,MK-C-028,กรุงเทพฯ,688,13899
2026-06-01,MK-C-028,ภาคกลาง,527,10946
2026-06-01,MK-C-028,ภาคตะวันออก,396,7121
2026-06-01,MK-C-028,ภาคเหนือ,345,5654
2026-06-01,MK-C-028,ภาคใต้,413,7718
2026-06-01,SY-D-039,กรุงเทพฯ,427,8143
2026-06-01,SY-D-039,ภาคกลาง,339,6557
2026-06-01,SY-D-039,ภาคตะวันออก,260,5280
2026-06-01,SY-D-039,ภาคเหนือ,256,4962
2026-06-01,SY-D-039,ภาคใต้,279,4868
2026-06-01,AG-E-052,กรุงเทพฯ,141,2337
2026-06-01,AG-E-052,ภาคกลาง,104,1887
2026-06-01,AG-E-052,ภาคตะวันออก,73,1509
2026-06-01,AG-E-052,ภาคเหนือ,71,1108
2026-06-01,AG-E-052,ภาคใต้,98,1529
2026-06-02,TK-A-001,กรุงเทพฯ,194,3364
2026-06-02,TK-A-001,ภาคกลาง,155,2741
2026-06-02,TK-A-001,ภาคตะวันออก,113,2013
2026-06-02,TK-A-001,ภาคเหนือ,99,1676
2026-06-02,TK-A-001,ภาคใต้,111,1865
2026-06-02,GL-B-014,กรุงเทพฯ,979,16543
2026-06-02,GL-B-014,ภาคกลาง,791,14350
2026-06-02,GL-B-014,ภาคตะวันออก,586,8657
2026-06-02,GL-B-014,ภาคเหนือ,449,9997
2026-06-02,GL-B-014,ภาคใต้,630,12548
2026-06-02,MK-C-028,กรุงเทพฯ,735,12762
2026-06-02,MK-C-028,ภาคกลาง,506,10571
2026-06-02,MK-C-028,ภาคตะวันออก,416,7220
2026-06-02,MK-C-028,ภาคเหนือ,356,7179
2026-06-02,MK-C-028,ภาคใต้,456,7170
2026-06-02,SY-D-039,กรุงเทพฯ,475,7400
2026-06-02,SY-D-039,ภาคกลาง,327,7413
2026-06-02,SY-D-039,ภาคตะวันออก,281,4198
2026-06-02,SY-D-039,ภาคเหนือ,264,4545
2026-06-02,SY-D-039,ภาคใต้,275,5822
2026-06-02,AG-E-052,กรุงเทพฯ,127,2140
2026-06-02,AG-E-052,ภาคกลาง,102,1860
2026-06-02,AG-E-052,ภาคตะวันออก,87,1596
2026-06-02,AG-E-052,ภาคเหนือ,73,1403
2026-06-02,AG-E-052,ภาคใต้,92,1858
2026-06-03,TK-A-001,กรุงเทพฯ,166,2812
2026-06-03,TK-A-001,ภาคกลาง,139,2590
2026-06-03,TK-A-001,ภาคตะวันออก,104,1944
2026-06-03,TK-A-001,ภาคเหนือ,97,1934
2026-06-03,TK-A-001,ภาคใต้,121,1915
2026-06-03,GL-B-014,กรุงเทพฯ,906,15672
2026-06-03,GL-B-014,ภาคกลาง,750,12142
2026-06-03,GL-B-014,ภาคตะวันออก,572,9599
2026-06-03,GL-B-014,ภาคเหนือ,465,9164
2026-06-03,GL-B-014,ภาคใต้,613,9733
2026-06-03,MK-C-028,กรุงเทพฯ,630,11257
2026-06-03,MK-C-028,ภาคกลาง,540,10866
2026-06-03,MK-C-028,ภาคตะวันออก,409,6232
2026-06-03,MK-C-028,ภาคเหนือ,349,6161
2026-06-03,MK-C-028,ภาคใต้,408,8092
2026-06-03,SY-D-039,กรุงเทพฯ,408,7768
2026-06-03,SY-D-039,ภาคกลาง,330,7419
2026-06-03,SY-D-039,ภาคตะวันออก,280,5544
2026-06-03,SY-D-039,ภาคเหนือ,253,4163
2026-06-03,SY-D-039,ภาคใต้,317,5852
2026-06-03,AG-E-052,กรุงเทพฯ,128,2538
2026-06-03,AG-E-052,ภาคกลาง,102,2050
2026-06-03,AG-E-052,ภาคตะวันออก,88,1406
2026-06-03,AG-E-052,ภาคเหนือ,73,1392
2026-06-03,AG-E-052,ภาคใต้,82,1561
2026-06-04,TK-A-001,กรุงเทพฯ,164,3674
2026-06-04,TK-A-001,ภาคกลาง,137,2514
2026-06-04,TK-A-001,ภาคตะวันออก,116,1918
2026-06-04,TK-A-001,ภาคเหนือ,104,1698
2026-06-04,TK-A-001,ภาคใต้,121,2175
2026-06-04,GL-B-014,กรุงเทพฯ,965,15369
2026-06-04,GL-B-014,ภาคกลาง,780,12263
2026-06-04,GL-B-014,ภาคตะวันออก,585,10810
2026-06-04,GL-B-014,ภาคเหนือ,453,9008
2026-06-04,GL-B-014,ภาคใต้,573,9748
2026-06-04,MK-C-028,กรุงเทพฯ,726,12498
2026-06-04,MK-C-028,ภาคกลาง,532,10295
2026-06-04,MK-C-028,ภาคตะวันออก,421,6408
2026-06-04,MK-C-028,ภาคเหนือ,391,5876
2026-06-04,MK-C-028,ภาคใต้,438,7016
2026-06-04,SY-D-039,กรุงเทพฯ,455,9302
2026-06-04,SY-D-039,ภาคกลาง,361,6600
2026-06-04,SY-D-039,ภาคตะวันออก,272,4824
2026-06-04,SY-D-039,ภาคเหนือ,226,3949
2026-06-04,SY-D-039,ภาคใต้,302,5646
2026-06-04,AG-E-052,กรุงเทพฯ,144,2243
2026-06-04,AG-E-052,ภาคกลาง,108,1798
2026-06-04,AG-E-052,ภาคตะวันออก,83,1520
2026-06-04,AG-E-052,ภาคเหนือ,78,1474
2026-06-04,AG-E-052,ภาคใต้,86,1751
2026-06-05,TK-A-001,กรุงเทพฯ,187,2765
2026-06-05,TK-A-001,ภาคกลาง,143,2374
2026-06-05,TK-A-001,ภาคตะวันออก,100,1970
2026-06-05,TK-A-001,ภาคเหนือ,97,1971
2026-06-05,TK-A-001,ภาคใต้,131,2020
2026-06-05,GL-B-014,กรุงเทพฯ,991,14514
2026-06-05,GL-B-014,ภาคกลาง,755,13502
2026-06-05,GL-B-014,ภาคตะวันออก,524,9523
2026-06-05,GL-B-014,ภาคเหนือ,449,9007
2026-06-05,GL-B-014,ภาคใต้,589,12790
2026-06-05,MK-C-028,กรุงเทพฯ,706,12802
2026-06-05,MK-C-028,ภาคกลาง,579,8277
2026-06-05,MK-C-028,ภาคตะวันออก,426,6454
2026-06-05,MK-C-028,ภาคเหนือ,330,6697
2026-06-05,MK-C-028,ภาคใต้,493,8562
2026-06-05,SY-D-039,กรุงเทพฯ,477,7899
2026-06-05,SY-D-039,ภาคกลาง,370,6205
2026-06-05,SY-D-039,ภาคตะวันออก,244,5463
2026-06-05,SY-D-039,ภาคเหนือ,241,4297
2026-06-05,SY-D-039,ภาคใต้,318,5198
2026-06-05,AG-E-052,กรุงเทพฯ,140,2501
2026-06-05,AG-E-052,ภาคกลาง,103,1902
2026-06-05,AG-E-052,ภาคตะวันออก,82,1495
2026-06-05,AG-E-052,ภาคเหนือ,67,1410
2026-06-05,AG-E-052,ภาคใต้,91,1559
2026-06-06,TK-A-001,กรุงเทพฯ,190,3710
2026-06-06,TK-A-001,ภาคกลาง,155,2648
2026-06-06,TK-A-001,ภาคตะวันออก,107,2209
2026-06-06,TK-A-001,ภาคเหนือ,88,1804
2026-06-06,TK-A-001,ภาคใต้,129,2481
2026-06-06,GL-B-014,กรุงเทพฯ,1011,17092
2026-06-06,GL-B-014,ภาคกลาง,789,12763
2026-06-06,GL-B-014,ภาคตะวันออก,613,8732
2026-06-06,GL-B-014,ภาคเหนือ,450,8474
2026-06-06,GL-B-014,ภาคใต้,645,12219
2026-06-06,MK-C-028,กรุงเทพฯ,685,10453
2026-06-06,MK-C-028,ภาคกลาง,501,9221
2026-06-06,MK-C-028,ภาคตะวันออก,408,7796
2026-06-06,MK-C-028,ภาคเหนือ,357,6070
2026-06-06,MK-C-028,ภาคใต้,429,8467
2026-06-06,SY-D-039,กรุงเทพฯ,475,8315
2026-06-06,SY-D-039,ภาคกลาง,360,7065
2026-06-06,SY-D-039,ภาคตะวันออก,270,4709
2026-06-06,SY-D-039,ภาคเหนือ,244,4814
2026-06-06,SY-D-039,ภาคใต้,291,6074
2026-06-06,AG-E-052,กรุงเทพฯ,128,2467
2026-06-06,AG-E-052,ภาคกลาง,104,2077
2026-06-06,AG-E-052,ภาคตะวันออก,76,1484
2026-06-06,AG-E-052,ภาคเหนือ,73,1429
2026-06-06,AG-E-052,ภาคใต้,98,1627
2026-06-07,TK-A-001,กรุงเทพฯ,197,3599
2026-06-07,TK-A-001,ภาคกลาง,137,2440
2026-06-07,TK-A-001,ภาคตะวันออก,112,2203
2026-06-07,TK-A-001,ภาคเหนือ,102,1687
2026-06-07,TK-A-001,ภาคใต้,130,2017
2026-06-07,GL-B-014,กรุงเทพฯ,1014,17900
2026-06-07,GL-B-014,ภาคกลาง,699,13454
2026-06-07,GL-B-014,ภาคตะวันออก,511,9831
2026-06-07,GL-B-014,ภาคเหนือ,458,8208
2026-06-07,GL-B-014,ภาคใต้,627,10200
2026-06-07,MK-C-028,กรุงเทพฯ,727,11338
2026-06-07,MK-C-028,ภาคกลาง,583,10972
2026-06-07,MK-C-028,ภาคตะวันออก,386,7966
2026-06-07,MK-C-028,ภาคเหนือ,364,5926
2026-06-07,MK-C-028,ภาคใต้,406,7285
2026-06-07,SY-D-039,กรุงเทพฯ,421,9075
2026-06-07,SY-D-039,ภาคกลาง,372,7411
2026-06-07,SY-D-039,ภาคตะวันออก,267,4400
2026-06-07,SY-D-039,ภาคเหนือ,261,3896
2026-06-07,SY-D-039,ภาคใต้,315,5954
2026-06-07,AG-E-052,กรุงเทพฯ,125,2584
2026-06-07,AG-E-052,ภาคกลาง,106,1656
2026-06-07,AG-E-052,ภาคตะวันออก,75,1355
2026-06-07,AG-E-052,ภาคเหนือ,66,1198
2026-06-07,AG-E-052,ภาคใต้,87,1461
2026-06-08,TK-A-001,กรุงเทพฯ,189,2774
2026-06-08,TK-A-001,ภาคกลาง,137,2469
2026-06-08,TK-A-001,ภาคตะวันออก,98,2043
2026-06-08,TK-A-001,ภาคเหนือ,96,1975
2026-06-08,TK-A-001,ภาคใต้,113,2228
2026-06-08,GL-B-014,กรุงเทพฯ,988,15623
2026-06-08,GL-B-014,ภาคกลาง,672,12650
2026-06-08,GL-B-014,ภาคตะวันออก,523,10042
2026-06-08,GL-B-014,ภาคเหนือ,538,8430
2026-06-08,GL-B-014,ภาคใต้,679,9527
2026-06-08,MK-C-028,กรุงเทพฯ,683,11164
2026-06-08,MK-C-028,ภาคกลาง,571,9002
2026-06-08,MK-C-028,ภาคตะวันออก,410,7480
2026-06-08,MK-C-028,ภาคเหนือ,377,6892
2026-06-08,MK-C-028,ภาคใต้,420,6958
2026-06-08,SY-D-039,กรุงเทพฯ,485,7694
2026-06-08,SY-D-039,ภาคกลาง,384,5531
2026-06-08,SY-D-039,ภาคตะวันออก,263,5574
2026-06-08,SY-D-039,ภาคเหนือ,228,3937
2026-06-08,SY-D-039,ภาคใต้,286,6063
2026-06-08,AG-E-052,กรุงเทพฯ,124,2182
2026-06-08,AG-E-052,ภาคกลาง,104,1762
2026-06-08,AG-E-052,ภาคตะวันออก,85,1665
2026-06-08,AG-E-052,ภาคเหนือ,66,1412
2026-06-08,AG-E-052,ภาคใต้,93,1850
2026-06-09,TK-A-001,กรุงเทพฯ,165,3457
2026-06-09,TK-A-001,ภาคกลาง,153,2755
2026-06-09,TK-A-001,ภาคตะวันออก,103,1706
2026-06-09,TK-A-001,ภาคเหนือ,106,1846
2026-06-09,TK-A-001,ภาคใต้,131,2158
2026-06-09,GL-B-014,กรุงเทพฯ,979,18920
2026-06-09,GL-B-014,ภาคกลาง,751,14750
2026-06-09,GL-B-014,ภาคตะวันออก,573,10162
2026-06-09,GL-B-014,ภาคเหนือ,495,8567
2026-06-09,GL-B-014,ภาคใต้,633,12344
2026-06-09,MK-C-028,กรุงเทพฯ,672,13239
2026-06-09,MK-C-028,ภาคกลาง,592,9585
2026-06-09,MK-C-028,ภาคตะวันออก,412,7659
2026-06-09,MK-C-028,ภาคเหนือ,372,6441
2026-06-09,MK-C-028,ภาคใต้,479,7527
2026-06-09,SY-D-039,กรุงเทพฯ,483,7092
2026-06-09,SY-D-039,ภาคกลาง,393,7129
2026-06-09,SY-D-039,ภาคตะวันออก,270,4568
2026-06-09,SY-D-039,ภาคเหนือ,236,4876
2026-06-09,SY-D-039,ภาคใต้,271,5922
2026-06-09,AG-E-052,กรุงเทพฯ,139,2086
2026-06-09,AG-E-052,ภาคกลาง,105,1951
2026-06-09,AG-E-052,ภาคตะวันออก,76,1603
2026-06-09,AG-E-052,ภาคเหนือ,68,1332
2026-06-09,AG-E-052,ภาคใต้,84,1804
2026-06-10,TK-A-001,กรุงเทพฯ,185,3560
2026-06-10,TK-A-001,ภาคกลาง,146,2479
2026-06-10,TK-A-001,ภาคตะวันออก,102,1770
2026-06-10,TK-A-001,ภาคเหนือ,99,1603
2026-06-10,TK-A-001,ภาคใต้,130,2377
2026-06-10,GL-B-014,กรุงเทพฯ,864,15707
2026-06-10,GL-B-014,ภาคกลาง,809,12225
2026-06-10,GL-B-014,ภาคตะวันออก,564,8951
2026-06-10,GL-B-014,ภาคเหนือ,465,10016
2026-06-10,GL-B-014,ภาคใต้,652,12768
2026-06-10,MK-C-028,กรุงเทพฯ,694,11801
2026-06-10,MK-C-028,ภาคกลาง,533,9645
2026-06-10,MK-C-028,ภาคตะวันออก,398,7746
2026-06-10,MK-C-028,ภาคเหนือ,376,6424
2026-06-10,MK-C-028,ภาคใต้,473,8845
2026-06-10,SY-D-039,กรุงเทพฯ,437,7383
2026-06-10,SY-D-039,ภาคกลาง,346,5965
2026-06-10,SY-D-039,ภาคตะวันออก,272,5302
2026-06-10,SY-D-039,ภาคเหนือ,263,4003
2026-06-10,SY-D-039,ภาคใต้,290,5020
2026-06-10,AG-E-052,กรุงเทพฯ,140,2374
2026-06-10,AG-E-052,ภาคกลาง,114,1831
2026-06-10,AG-E-052,ภาคตะวันออก,80,1479
2026-06-10,AG-E-052,ภาคเหนือ,68,1370
2026-06-10,AG-E-052,ภาคใต้,95,1536
2026-06-11,TK-A-001,กรุงเทพฯ,175,3705
2026-06-11,TK-A-001,ภาคกลาง,146,2319
2026-06-11,TK-A-001,ภาคตะวันออก,113,2105
2026-06-11,TK-A-001,ภาคเหนือ,91,1912
2026-06-11,TK-A-001,ภาคใต้,113,2439
2026-06-11,GL-B-014,กรุงเทพฯ,981,16497
2026-06-11,GL-B-014,ภาคกลาง,706,12536
2026-06-11,GL-B-014,ภาคตะวันออก,507,8728
2026-06-11,GL-B-014,ภาคเหนือ,545,9953
2026-06-11,GL-B-014,ภาคใต้,563,11539
2026-06-11,MK-C-028,กรุงเทพฯ,637,13085
2026-06-11,MK-C-028,ภาคกลาง,492,8338
2026-06-11,MK-C-028,ภาคตะวันออก,402,7794
2026-06-11,MK-C-028,ภาคเหนือ,340,7347
2026-06-11,MK-C-028,ภาคใต้,454,8882
2026-06-11,SY-D-039,กรุงเทพฯ,471,7498
2026-06-11,SY-D-039,ภาคกลาง,384,5843
2026-06-11,SY-D-039,ภาคตะวันออก,255,5403
2026-06-11,SY-D-039,ภาคเหนือ,259,4494
2026-06-11,SY-D-039,ภาคใต้,285,5683
2026-06-11,AG-E-052,กรุงเทพฯ,140,2358
2026-06-11,AG-E-052,ภาคกลาง,117,1910
2026-06-11,AG-E-052,ภาคตะวันออก,79,1384
2026-06-11,AG-E-052,ภาคเหนือ,75,1179
2026-06-11,AG-E-052,ภาคใต้,83,1790
2026-06-12,TK-A-001,กรุงเทพฯ,195,3152
2026-06-12,TK-A-001,ภาคกลาง,151,2646
2026-06-12,TK-A-001,ภาคตะวันออก,99,2125
2026-06-12,TK-A-001,ภาคเหนือ,89,1477
2026-06-12,TK-A-001,ภาคใต้,114,2410
2026-06-12,GL-B-014,กรุงเทพฯ,942,14818
2026-06-12,GL-B-014,ภาคกลาง,796,12426
2026-06-12,GL-B-014,ภาคตะวันออก,548,9518
2026-06-12,GL-B-014,ภาคเหนือ,516,9008
2026-06-12,GL-B-014,ภาคใต้,680,11224
2026-06-12,MK-C-028,กรุงเทพฯ,698,11359
2026-06-12,MK-C-028,ภาคกลาง,529,8511
2026-06-12,MK-C-028,ภาคตะวันออก,444,6917
2026-06-12,MK-C-028,ภาคเหนือ,374,7084
2026-06-12,MK-C-028,ภาคใต้,468,7891
2026-06-12,SY-D-039,กรุงเทพฯ,468,8045
2026-06-12,SY-D-039,ภาคกลาง,382,7299
2026-06-12,SY-D-039,ภาคตะวันออก,256,4575
2026-06-12,SY-D-039,ภาคเหนือ,254,4110
2026-06-12,SY-D-039,ภาคใต้,316,5601
2026-06-12,AG-E-052,กรุงเทพฯ,142,2423
2026-06-12,AG-E-052,ภาคกลาง,109,1906
2026-06-12,AG-E-052,ภาคตะวันออก,80,1598
2026-06-12,AG-E-052,ภาคเหนือ,78,1380
2026-06-12,AG-E-052,ภาคใต้,96,1483
2026-06-13,TK-A-001,กรุงเทพฯ,197,3401
2026-06-13,TK-A-001,ภาคกลาง,151,2347
2026-06-13,TK-A-001,ภาคตะวันออก,109,1773
2026-06-13,TK-A-001,ภาคเหนือ,88,1630
2026-06-13,TK-A-001,ภาคใต้,117,2137
2026-06-13,GL-B-014,กรุงเทพฯ,976,16119
2026-06-13,GL-B-014,ภาคกลาง,674,11588
2026-06-13,GL-B-014,ภาคตะวันออก,577,10241
2026-06-13,GL-B-014,ภาคเหนือ,523,8472
2026-06-13,GL-B-014,ภาคใต้,574,11353
2026-06-13,MK-C-028,กรุงเทพฯ,658,10454
2026-06-13,MK-C-028,ภาคกลาง,500,9793
2026-06-13,MK-C-028,ภาคตะวันออก,377,8150
2026-06-13,MK-C-028,ภาคเหนือ,349,6075
2026-06-13,MK-C-028,ภาคใต้,463,7231
2026-06-13,SY-D-039,กรุงเทพฯ,421,7313
2026-06-13,SY-D-039,ภาคกลาง,370,5649
2026-06-13,SY-D-039,ภาคตะวันออก,279,4534
2026-06-13,SY-D-039,ภาคเหนือ,239,4967
2026-06-13,SY-D-039,ภาคใต้,298,4946
2026-06-13,AG-E-052,กรุงเทพฯ,148,2280
2026-06-13,AG-E-052,ภาคกลาง,99,2026
2026-06-13,AG-E-052,ภาคตะวันออก,73,1403
2026-06-13,AG-E-052,ภาคเหนือ,66,1451
2026-06-13,AG-E-052,ภาคใต้,86,1755
2026-06-14,TK-A-001,กรุงเทพฯ,163,3542
2026-06-14,TK-A-001,ภาคกลาง,132,2780
2026-06-14,TK-A-001,ภาคตะวันออก,118,1883
2026-06-14,TK-A-001,ภาคเหนือ,92,1926
2026-06-14,TK-A-001,ภาคใต้,125,2438
2026-06-14,GL-B-014,กรุงเทพฯ,951,18807
2026-06-14,GL-B-014,ภาคกลาง,805,14518
2026-06-14,GL-B-014,ภาคตะวันออก,565,10063
2026-06-14,GL-B-014,ภาคเหนือ,504,9846
2026-06-14,GL-B-014,ภาคใต้,634,11886
2026-06-14,MK-C-028,กรุงเทพฯ,689,12269
2026-06-14,MK-C-028,ภาคกลาง,523,9931
2026-06-14,MK-C-028,ภาคตะวันออก,401,7627
2026-06-14,MK-C-028,ภาคเหนือ,339,6995
2026-06-14,MK-C-028,ภาคใต้,447,8397
2026-06-14,SY-D-039,กรุงเทพฯ,458,8220
2026-06-14,SY-D-039,ภาคกลาง,347,7119
2026-06-14,SY-D-039,ภาคตะวันออก,248,4503
2026-06-14,SY-D-039,ภาคเหนือ,223,3865
2026-06-14,SY-D-039,ภาคใต้,288,4674
2026-06-14,AG-E-052,กรุงเทพฯ,127,2700
2026-06-14,AG-E-052,ภาคกลาง,105,2149
2026-06-14,AG-E-052,ภาคตะวันออก,89,1480
2026-06-14,AG-E-052,ภาคเหนือ,68,1295
2026-06-14,AG-E-052,ภาคใต้,91,1650
2026-06-15,TK-A-001,กรุงเทพฯ,177,3363
2026-06-15,TK-A-001,ภาคกลาง,134,2488
2026-06-15,TK-A-001,ภาคตะวันออก,112,2138
2026-06-15,TK-A-001,ภาคเหนือ,105,1859
2026-06-15,TK-A-001,ภาคใต้,123,1874
2026-06-15,GL-B-014,กรุงเทพฯ,977,17103
2026-06-15,GL-B-014,ภาคกลาง,703,12612
2026-06-15,GL-B-014,ภาคตะวันออก,600,10748
2026-06-15,GL-B-014,ภาคเหนือ,514,7858
2026-06-15,GL-B-014,ภาคใต้,636,11061
2026-06-15,MK-C-028,กรุงเทพฯ,709,11500
2026-06-15,MK-C-028,ภาคกลาง,588,8704
2026-06-15,MK-C-028,ภาคตะวันออก,440,6862
2026-06-15,MK-C-028,ภาคเหนือ,325,5788
2026-06-15,MK-C-028,ภาคใต้,476,7726
2026-06-15,SY-D-039,กรุงเทพฯ,469,8099
2026-06-15,SY-D-039,ภาคกลาง,358,5530
2026-06-15,SY-D-039,ภาคตะวันออก,295,4825
2026-06-15,SY-D-039,ภาคเหนือ,244,4808
2026-06-15,SY-D-039,ภาคใต้,283,4856
2026-06-15,AG-E-052,กรุงเทพฯ,146,2505
2026-06-15,AG-E-052,ภาคกลาง,113,2078
2026-06-15,AG-E-052,ภาคตะวันออก,83,1449
2026-06-15,AG-E-052,ภาคเหนือ,71,1117
2026-06-15,AG-E-052,ภาคใต้,85,1775
2026-06-16,TK-A-001,กรุงเทพฯ,186,3423
2026-06-16,TK-A-001,ภาคกลาง,147,2884
2026-06-16,TK-A-001,ภาคตะวันออก,109,2057
2026-06-16,TK-A-001,ภาคเหนือ,88,1535
2026-06-16,TK-A-001,ภาคใต้,117,2071
2026-06-16,GL-B-014,กรุงเทพฯ,918,14786
2026-06-16,GL-B-014,ภาคกลาง,816,11849
2026-06-16,GL-B-014,ภาคตะวันออก,549,9052
2026-06-16,GL-B-014,ภาคเหนือ,462,8289
2026-06-16,GL-B-014,ภาคใต้,661,12067
2026-06-16,MK-C-028,กรุงเทพฯ,644,10356
2026-06-16,MK-C-028,ภาคกลาง,518,9037
2026-06-16,MK-C-028,ภาคตะวันออก,428,6664
2026-06-16,MK-C-028,ภาคเหนือ,330,6017
2026-06-16,MK-C-028,ภาคใต้,472,8457
2026-06-16,SY-D-039,กรุงเทพฯ,413,9234
2026-06-16,SY-D-039,ภาคกลาง,372,7003
2026-06-16,SY-D-039,ภาคตะวันออก,250,4366
2026-06-16,SY-D-039,ภาคเหนือ,217,4073
2026-06-16,SY-D-039,ภาคใต้,271,5712
2026-06-16,AG-E-052,กรุงเทพฯ,123,2173
2026-06-16,AG-E-052,ภาคกลาง,98,2015
2026-06-16,AG-E-052,ภาคตะวันออก,79,1352
2026-06-16,AG-E-052,ภาคเหนือ,79,1265
2026-06-16,AG-E-052,ภาคใต้,99,1746
2026-06-17,TK-A-001,กรุงเทพฯ,185,3577
2026-06-17,TK-A-001,ภาคกลาง,148,2430
2026-06-17,TK-A-001,ภาคตะวันออก,110,1901
2026-06-17,TK-A-001,ภาคเหนือ,89,1617
2026-06-17,TK-A-001,ภาคใต้,123,2236
2026-06-17,GL-B-014,กรุงเทพฯ,926,18511
2026-06-17,GL-B-014,ภาคกลาง,796,11852
2026-06-17,GL-B-014,ภาคตะวันออก,532,9508
2026-06-17,GL-B-014,ภาคเหนือ,539,9986
2026-06-17,GL-B-014,ภาคใต้,665,11845
2026-06-17,MK-C-028,กรุงเทพฯ,692,13574
2026-06-17,MK-C-028,ภาคกลาง,573,9946
2026-06-17,MK-C-028,ภาคตะวันออก,393,7232
2026-06-17,MK-C-028,ภาคเหนือ,375,5834
2026-06-17,MK-C-028,ภาคใต้,488,7095
2026-06-17,SY-D-039,กรุงเทพฯ,487,8462
2026-06-17,SY-D-039,ภาคกลาง,360,6874
2026-06-17,SY-D-039,ภาคตะวันออก,257,5466
2026-06-17,SY-D-039,ภาคเหนือ,226,4944
2026-06-17,SY-D-039,ภาคใต้,302,5155
2026-06-17,AG-E-052,กรุงเทพฯ,126,2264
2026-06-17,AG-E-052,ภาคกลาง,103,1851
2026-06-17,AG-E-052,ภาคตะวันออก,74,1614
2026-06-17,AG-E-052,ภาคเหนือ,69,1334
2026-06-17,AG-E-052,ภาคใต้,98,1405
2026-06-18,TK-A-001,กรุงเทพฯ,197,3214
2026-06-18,TK-A-001,ภาคกลาง,138,2300
2026-06-18,TK-A-001,ภาคตะวันออก,100,2163
2026-06-18,TK-A-001,ภาคเหนือ,104,1481
2026-06-18,TK-A-001,ภาคใต้,130,2142
2026-06-18,GL-B-014,กรุงเทพฯ,868,16835
2026-06-18,GL-B-014,ภาคกลาง,765,12387
2026-06-18,GL-B-014,ภาคตะวันออก,533,9146
2026-06-18,GL-B-014,ภาคเหนือ,503,9383
2026-06-18,GL-B-014,ภาคใต้,565,10636
2026-06-18,MK-C-028,กรุงเทพฯ,688,13764
2026-06-18,MK-C-028,ภาคกลาง,539,10358
2026-06-18,MK-C-028,ภาคตะวันออก,423,6604
2026-06-18,MK-C-028,ภาคเหนือ,354,7045
2026-06-18,MK-C-028,ภาคใต้,476,8058
2026-06-18,SY-D-039,กรุงเทพฯ,439,9059
2026-06-18,SY-D-039,ภาคกลาง,380,5706
2026-06-18,SY-D-039,ภาคตะวันออก,246,4592
2026-06-18,SY-D-039,ภาคเหนือ,220,4197
2026-06-18,SY-D-039,ภาคใต้,281,5236
2026-06-18,AG-E-052,กรุงเทพฯ,144,2207
2026-06-18,AG-E-052,ภาคกลาง,111,1698
2026-06-18,AG-E-052,ภาคตะวันออก,74,1468
2026-06-18,AG-E-052,ภาคเหนือ,67,1286
2026-06-18,AG-E-052,ภาคใต้,88,1491
2026-06-19,TK-A-001,กรุงเทพฯ,187,3182
2026-06-19,TK-A-001,ภาคกลาง,145,2787
2026-06-19,TK-A-001,ภาคตะวันออก,99,1777
2026-06-19,TK-A-001,ภาคเหนือ,93,1912
2026-06-19,TK-A-001,ภาคใต้,123,2184
2026-06-19,GL-B-014,กรุงเทพฯ,1022,16790
2026-06-19,GL-B-014,ภาคกลาง,796,15071
2026-06-19,GL-B-014,ภาคตะวันออก,513,11446
2026-06-19,GL-B-014,ภาคเหนือ,492,9996
2026-06-19,GL-B-014,ภาคใต้,631,11721
2026-06-19,MK-C-028,กรุงเทพฯ,655,12110
2026-06-19,MK-C-028,ภาคกลาง,503,10428
2026-06-19,MK-C-028,ภาคตะวันออก,398,6503
2026-06-19,MK-C-028,ภาคเหนือ,342,5636
2026-06-19,MK-C-028,ภาคใต้,455,9101
2026-06-19,SY-D-039,กรุงเทพฯ,416,7328
2026-06-19,SY-D-039,ภาคกลาง,341,6900
2026-06-19,SY-D-039,ภาคตะวันออก,261,5003
2026-06-19,SY-D-039,ภาคเหนือ,236,4686
2026-06-19,SY-D-039,ภาคใต้,309,4921
2026-06-19,AG-E-052,กรุงเทพฯ,137,2599
2026-06-19,AG-E-052,ภาคกลาง,104,2148
2026-06-19,AG-E-052,ภาคตะวันออก,77,1635
2026-06-19,AG-E-052,ภาคเหนือ,68,1230
2026-06-19,AG-E-052,ภาคใต้,93,1778
2026-06-20,TK-A-001,กรุงเทพฯ,169,3053
2026-06-20,TK-A-001,ภาคกลาง,143,2943
2026-06-20,TK-A-001,ภาคตะวันออก,111,2190
2026-06-20,TK-A-001,ภาคเหนือ,97,1520
2026-06-20,TK-A-001,ภาคใต้,120,1916
2026-06-20,GL-B-014,กรุงเทพฯ,906,15121
2026-06-20,GL-B-014,ภาคกลาง,737,15296
2026-06-20,GL-B-014,ภาคตะวันออก,545,8926
2026-06-20,GL-B-014,ภาคเหนือ,509,8784
2026-06-20,GL-B-014,ภาคใต้,639,10198
2026-06-20,MK-C-028,กรุงเทพฯ,621,12077
2026-06-20,MK-C-028,ภาคกลาง,495,8337
2026-06-20,MK-C-028,ภาคตะวันออก,403,6883
2026-06-20,MK-C-028,ภาคเหนือ,387,7257
2026-06-20,MK-C-028,ภาคใต้,488,7749
2026-06-20,SY-D-039,กรุงเทพฯ,442,8251
2026-06-20,SY-D-039,ภาคกลาง,332,5720
2026-06-20,SY-D-039,ภาคตะวันออก,266,4432
2026-06-20,SY-D-039,ภาคเหนือ,263,4869
2026-06-20,SY-D-039,ภาคใต้,287,5177
2026-06-20,AG-E-052,กรุงเทพฯ,130,2485
2026-06-20,AG-E-052,ภาคกลาง,113,1767
2026-06-20,AG-E-052,ภาคตะวันออก,83,1660
2026-06-20,AG-E-052,ภาคเหนือ,71,1161
2026-06-20,AG-E-052,ภาคใต้,95,1572
2026-06-21,TK-A-001,กรุงเทพฯ,193,2812
2026-06-21,TK-A-001,ภาคกลาง,132,2453
2026-06-21,TK-A-001,ภาคตะวันออก,101,1701
2026-06-21,TK-A-001,ภาคเหนือ,91,1653
2026-06-21,TK-A-001,ภาคใต้,113,1972
2026-06-21,GL-B-014,กรุงเทพฯ,907,14670
2026-06-21,GL-B-014,ภาคกลาง,671,11752
2026-06-21,GL-B-014,ภาคตะวันออก,541,11542
2026-06-21,GL-B-014,ภาคเหนือ,539,8777
2026-06-21,GL-B-014,ภาคใต้,653,10591
2026-06-21,MK-C-028,กรุงเทพฯ,724,11617
2026-06-21,MK-C-028,ภาคกลาง,529,11022
2026-06-21,MK-C-028,ภาคตะวันออก,376,6547
2026-06-21,MK-C-028,ภาคเหนือ,351,6270
2026-06-21,MK-C-028,ภาคใต้,418,8784
2026-06-21,SY-D-039,กรุงเทพฯ,482,8604
2026-06-21,SY-D-039,ภาคกลาง,389,6759
2026-06-21,SY-D-039,ภาคตะวันออก,293,5233
2026-06-21,SY-D-039,ภาคเหนือ,260,4434
2026-06-21,SY-D-039,ภาคใต้,312,4695
2026-06-21,AG-E-052,กรุงเทพฯ,128,2364
2026-06-21,AG-E-052,ภาคกลาง,102,1924
2026-06-21,AG-E-052,ภาคตะวันออก,78,1638
2026-06-21,AG-E-052,ภาคเหนือ,73,1116
2026-06-21,AG-E-052,ภาคใต้,91,1676
2026-06-22,TK-A-001,กรุงเทพฯ,184,2867
2026-06-22,TK-A-001,ภาคกลาง,148,2603
2026-06-22,TK-A-001,ภาคตะวันออก,111,1885
2026-06-22,TK-A-001,ภาคเหนือ,94,1741
2026-06-22,TK-A-001,ภาคใต้,126,2092
2026-06-22,GL-B-014,กรุงเทพฯ,844,16829
2026-06-22,GL-B-014,ภาคกลาง,761,14403
2026-06-22,GL-B-014,ภาคตะวันออก,557,8690
2026-06-22,GL-B-014,ภาคเหนือ,541,8132
2026-06-22,GL-B-014,ภาคใต้,608,10275
2026-06-22,MK-C-028,กรุงเทพฯ,620,10975
2026-06-22,MK-C-028,ภาคกลาง,496,9254
2026-06-22,MK-C-028,ภาคตะวันออก,416,6895
2026-06-22,MK-C-028,ภาคเหนือ,388,5582
2026-06-22,MK-C-028,ภาคใต้,412,7944
2026-06-22,SY-D-039,กรุงเทพฯ,459,7954
2026-06-22,SY-D-039,ภาคกลาง,324,6762
2026-06-22,SY-D-039,ภาคตะวันออก,243,4563
2026-06-22,SY-D-039,ภาคเหนือ,223,4624
2026-06-22,SY-D-039,ภาคใต้,307,4615
2026-06-22,AG-E-052,กรุงเทพฯ,132,2793
2026-06-22,AG-E-052,ภาคกลาง,99,1876
2026-06-22,AG-E-052,ภาคตะวันออก,81,1265
2026-06-22,AG-E-052,ภาคเหนือ,67,1153
2026-06-22,AG-E-052,ภาคใต้,89,1606
2026-06-23,TK-A-001,กรุงเทพฯ,194,3473
2026-06-23,TK-A-001,ภาคกลาง,155,2256
2026-06-23,TK-A-001,ภาคตะวันออก,105,1714
2026-06-23,TK-A-001,ภาคเหนือ,89,1659
2026-06-23,TK-A-001,ภาคใต้,124,2483
2026-06-23,GL-B-014,กรุงเทพฯ,838,16938
2026-06-23,GL-B-014,ภาคกลาง,716,13001
2026-06-23,GL-B-014,ภาคตะวันออก,555,10566
2026-06-23,GL-B-014,ภาคเหนือ,497,8054
2026-06-23,GL-B-014,ภาคใต้,587,10827
2026-06-23,MK-C-028,กรุงเทพฯ,644,12582
2026-06-23,MK-C-028,ภาคกลาง,519,8593
2026-06-23,MK-C-028,ภาคตะวันออก,435,8203
2026-06-23,MK-C-028,ภาคเหนือ,379,6090
2026-06-23,MK-C-028,ภาคใต้,430,8118
2026-06-23,SY-D-039,กรุงเทพฯ,458,8741
2026-06-23,SY-D-039,ภาคกลาง,370,7122
2026-06-23,SY-D-039,ภาคตะวันออก,283,5223
2026-06-23,SY-D-039,ภาคเหนือ,262,3774
2026-06-23,SY-D-039,ภาคใต้,311,4949
2026-06-23,AG-E-052,กรุงเทพฯ,131,2676
2026-06-23,AG-E-052,ภาคกลาง,100,2140
2026-06-23,AG-E-052,ภาคตะวันออก,84,1569
2026-06-23,AG-E-052,ภาคเหนือ,71,1236
2026-06-23,AG-E-052,ภาคใต้,94,1684
2026-06-24,TK-A-001,กรุงเทพฯ,177,3221
2026-06-24,TK-A-001,ภาคกลาง,135,2661
2026-06-24,TK-A-001,ภาคตะวันออก,119,1973
2026-06-24,TK-A-001,ภาคเหนือ,97,1558
2026-06-24,TK-A-001,ภาคใต้,113,2016
2026-06-24,GL-B-014,กรุงเทพฯ,840,17027
2026-06-24,GL-B-014,ภาคกลาง,753,14070
2026-06-24,GL-B-014,ภาคตะวันออก,507,9289
2026-06-24,GL-B-014,ภาคเหนือ,496,9941
2026-06-24,GL-B-014,ภาคใต้,564,12482
2026-06-24,MK-C-028,กรุงเทพฯ,719,11721
2026-06-24,MK-C-028,ภาคกลาง,496,8602
2026-06-24,MK-C-028,ภาคตะวันออก,435,8278
2026-06-24,MK-C-028,ภาคเหนือ,370,6496
2026-06-24,MK-C-028,ภาคใต้,431,7365
2026-06-24,SY-D-039,กรุงเทพฯ,429,7301
2026-06-24,SY-D-039,ภาคกลาง,351,6871
2026-06-24,SY-D-039,ภาคตะวันออก,266,4781
2026-06-24,SY-D-039,ภาคเหนือ,235,3673
2026-06-24,SY-D-039,ภาคใต้,324,5747
2026-06-24,AG-E-052,กรุงเทพฯ,133,2753
2026-06-24,AG-E-052,ภาคกลาง,106,1904
2026-06-24,AG-E-052,ภาคตะวันออก,81,1313
2026-06-24,AG-E-052,ภาคเหนือ,73,1397
2026-06-24,AG-E-052,ภาคใต้,86,1742
2026-06-25,TK-A-001,กรุงเทพฯ,169,3198
2026-06-25,TK-A-001,ภาคกลาง,142,2391
2026-06-25,TK-A-001,ภาคตะวันออก,112,2184
2026-06-25,TK-A-001,ภาคเหนือ,95,1810
2026-06-25,TK-A-001,ภาคใต้,127,2126
2026-06-25,GL-B-014,กรุงเทพฯ,907,15019
2026-06-25,GL-B-014,ภาคกลาง,806,12636
2026-06-25,GL-B-014,ภาคตะวันออก,510,9828
2026-06-25,GL-B-014,ภาคเหนือ,496,10199
2026-06-25,GL-B-014,ภาคใต้,672,9674
2026-06-25,MK-C-028,กรุงเทพฯ,635,12621
2026-06-25,MK-C-028,ภาคกลาง,561,9385
2026-06-25,MK-C-028,ภาคตะวันออก,386,6288
2026-06-25,MK-C-028,ภาคเหนือ,354,6745
2026-06-25,MK-C-028,ภาคใต้,463,7208
2026-06-25,SY-D-039,กรุงเทพฯ,429,7620
2026-06-25,SY-D-039,ภาคกลาง,340,7323
2026-06-25,SY-D-039,ภาคตะวันออก,292,4249
2026-06-25,SY-D-039,ภาคเหนือ,240,4729
2026-06-25,SY-D-039,ภาคใต้,315,5986
2026-06-25,AG-E-052,กรุงเทพฯ,139,2153
2026-06-25,AG-E-052,ภาคกลาง,97,1968
2026-06-25,AG-E-052,ภาคตะวันออก,81,1496
2026-06-25,AG-E-052,ภาคเหนือ,74,1362
2026-06-25,AG-E-052,ภาคใต้,84,1487
2026-06-26,TK-A-001,กรุงเทพฯ,176,2941
2026-06-26,TK-A-001,ภาคกลาง,140,2605
2026-06-26,TK-A-001,ภาคตะวันออก,97,2138
2026-06-26,TK-A-001,ภาคเหนือ,92,1506
2026-06-26,TK-A-001,ภาคใต้,117,2376
2026-06-26,GL-B-014,กรุงเทพฯ,1020,15047
2026-06-26,GL-B-014,ภาคกลาง,670,11832
2026-06-26,GL-B-014,ภาคตะวันออก,542,10823
2026-06-26,GL-B-014,ภาคเหนือ,453,7787
2026-06-26,GL-B-014,ภาคใต้,617,12618
2026-06-26,MK-C-028,กรุงเทพฯ,656,12568
2026-06-26,MK-C-028,ภาคกลาง,546,10700
2026-06-26,MK-C-028,ภาคตะวันออก,398,6326
2026-06-26,MK-C-028,ภาคเหนือ,385,6563
2026-06-26,MK-C-028,ภาคใต้,433,7055
2026-06-26,SY-D-039,กรุงเทพฯ,450,8142
2026-06-26,SY-D-039,ภาคกลาง,334,7019
2026-06-26,SY-D-039,ภาคตะวันออก,289,4850
2026-06-26,SY-D-039,ภาคเหนือ,219,4523
2026-06-26,SY-D-039,ภาคใต้,329,6151
2026-06-26,AG-E-052,กรุงเทพฯ,132,2732
2026-06-26,AG-E-052,ภาคกลาง,102,2035
2026-06-26,AG-E-052,ภาคตะวันออก,75,1413
2026-06-26,AG-E-052,ภาคเหนือ,66,1347
2026-06-26,AG-E-052,ภาคใต้,84,1515
2026-06-27,TK-A-001,กรุงเทพฯ,166,3623
2026-06-27,TK-A-001,ภาคกลาง,145,2286
2026-06-27,TK-A-001,ภาคตะวันออก,112,2046
2026-06-27,TK-A-001,ภาคเหนือ,102,1888
2026-06-27,TK-A-001,ภาคใต้,132,2320
2026-06-27,GL-B-014,กรุงเทพฯ,967,18852
2026-06-27,GL-B-014,ภาคกลาง,814,13110
2026-06-27,GL-B-014,ภาคตะวันออก,603,8749
2026-06-27,GL-B-014,ภาคเหนือ,521,8091
2026-06-27,GL-B-014,ภาคใต้,586,10717
2026-06-27,MK-C-028,กรุงเทพฯ,697,13717
2026-06-27,MK-C-028,ภาคกลาง,521,9496
2026-06-27,MK-C-028,ภาคตะวันออก,375,7147
2026-06-27,MK-C-028,ภาคเหนือ,364,5535
2026-06-27,MK-C-028,ภาคใต้,436,8135
2026-06-27,SY-D-039,กรุงเทพฯ,494,8504
2026-06-27,SY-D-039,ภาคกลาง,360,7122
2026-06-27,SY-D-039,ภาคตะวันออก,260,5105
2026-06-27,SY-D-039,ภาคเหนือ,218,4297
2026-06-27,SY-D-039,ภาคใต้,292,5042
2026-06-27,AG-E-052,กรุงเทพฯ,147,2633
2026-06-27,AG-E-052,ภาคกลาง,108,1739
2026-06-27,AG-E-052,ภาคตะวันออก,78,1594
2026-06-27,AG-E-052,ภาคเหนือ,78,1188
2026-06-27,AG-E-052,ภาคใต้,93,1740
2026-06-28,TK-A-001,กรุงเทพฯ,184,3354
2026-06-28,TK-A-001,ภาคกลาง,144,2940
2026-06-28,TK-A-001,ภาคตะวันออก,100,1824
2026-06-28,TK-A-001,ภาคเหนือ,97,1643
2026-06-28,TK-A-001,ภาคใต้,116,2137
2026-06-28,GL-B-014,กรุงเทพฯ,875,17451
2026-06-28,GL-B-014,ภาคกลาง,770,11642
2026-06-28,GL-B-014,ภาคตะวันออก,538,9738
2026-06-28,GL-B-014,ภาคเหนือ,481,9656
2026-06-28,GL-B-014,ภาคใต้,612,12381
2026-06-28,MK-C-028,กรุงเทพฯ,633,11603
2026-06-28,MK-C-028,ภาคกลาง,581,8940
2026-06-28,MK-C-028,ภาคตะวันออก,419,6908
2026-06-28,MK-C-028,ภาคเหนือ,373,7018
2026-06-28,MK-C-028,ภาคใต้,475,7539
2026-06-28,SY-D-039,กรุงเทพฯ,477,8915
2026-06-28,SY-D-039,ภาคกลาง,396,5891
2026-06-28,SY-D-039,ภาคตะวันออก,267,5236
2026-06-28,SY-D-039,ภาคเหนือ,243,4777
2026-06-28,SY-D-039,ภาคใต้,292,4939
2026-06-28,AG-E-052,กรุงเทพฯ,142,2713
2026-06-28,AG-E-052,ภาคกลาง,102,1948
2026-06-28,AG-E-052,ภาคตะวันออก,87,1333
2026-06-28,AG-E-052,ภาคเหนือ,77,1401
2026-06-28,AG-E-052,ภาคใต้,82,1392
2026-06-29,TK-A-001,กรุงเทพฯ,180,2948
2026-06-29,TK-A-001,ภาคกลาง,139,2431
2026-06-29,TK-A-001,ภาคตะวันออก,118,2073
2026-06-29,TK-A-001,ภาคเหนือ,93,1811
2026-06-29,TK-A-001,ภาคใต้,118,2292
2026-06-29,GL-B-014,กรุงเทพฯ,960,14963
2026-06-29,GL-B-014,ภาคกลาง,811,13909
2026-06-29,GL-B-014,ภาคตะวันออก,603,8660
2026-06-29,GL-B-014,ภาคเหนือ,481,9919
2026-06-29,GL-B-014,ภาคใต้,617,12211
2026-06-29,MK-C-028,กรุงเทพฯ,689,13754
2026-06-29,MK-C-028,ภาคกลาง,522,8447
2026-06-29,MK-C-028,ภาคตะวันออก,382,8109
2026-06-29,MK-C-028,ภาคเหนือ,373,6951
2026-06-29,MK-C-028,ภาคใต้,479,8409
2026-06-29,SY-D-039,กรุงเทพฯ,454,7361
2026-06-29,SY-D-039,ภาคกลาง,378,6724
2026-06-29,SY-D-039,ภาคตะวันออก,286,5252
2026-06-29,SY-D-039,ภาคเหนือ,239,4803
2026-06-29,SY-D-039,ภาคใต้,319,4592
2026-06-29,AG-E-052,กรุงเทพฯ,129,2238
2026-06-29,AG-E-052,ภาคกลาง,100,2045
2026-06-29,AG-E-052,ภาคตะวันออก,81,1598
2026-06-29,AG-E-052,ภาคเหนือ,72,1187
2026-06-29,AG-E-052,ภาคใต้,96,1647
2026-06-30,TK-A-001,กรุงเทพฯ,184,3032
2026-06-30,TK-A-001,ภาคกลาง,139,2511
2026-06-30,TK-A-001,ภาคตะวันออก,113,1893
2026-06-30,TK-A-001,ภาคเหนือ,93,1868
2026-06-30,TK-A-001,ภาคใต้,123,1943
2026-06-30,GL-B-014,กรุงเทพฯ,974,15106
2026-06-30,GL-B-014,ภาคกลาง,760,12036
2026-06-30,GL-B-014,ภาคตะวันออก,552,8690
2026-06-30,GL-B-014,ภาคเหนือ,505,9811
2026-06-30,GL-B-014,ภาคใต้,657,10583
2026-06-30,MK-C-028,กรุงเทพฯ,699,13400
2026-06-30,MK-C-028,ภาคกลาง,529,9096
2026-06-30,MK-C-028,ภาคตะวันออก,378,7425
2026-06-30,MK-C-028,ภาคเหนือ,350,6717
2026-06-30,MK-C-028,ภาคใต้,472,9197
2026-06-30,SY-D-039,กรุงเทพฯ,439,8967
2026-06-30,SY-D-039,ภาคกลาง,370,6995
2026-06-30,SY-D-039,ภาคตะวันออก,281,4837
2026-06-30,SY-D-039,ภาคเหนือ,256,4966
2026-06-30,SY-D-039,ภาคใต้,277,5378
2026-06-30,AG-E-052,กรุงเทพฯ,142,2714
2026-06-30,AG-E-052,ภาคกลาง,109,1727
2026-06-30,AG-E-052,ภาคตะวันออก,85,1661
2026-06-30,AG-E-052,ภาคเหนือ,76,1159
2026-06-30,AG-E-052,ภาคใต้,92,1823
2026-07-01,TK-A-001,กรุงเทพฯ,175,3479
2026-07-01,TK-A-001,ภาคกลาง,148,2449
2026-07-01,TK-A-001,ภาคตะวันออก,100,1669
2026-07-01,TK-A-001,ภาคเหนือ,92,1684
2026-07-01,TK-A-001,ภาคใต้,110,2325
2026-07-01,GL-B-014,กรุงเทพฯ,876,17180
2026-07-01,GL-B-014,ภาคกลาง,711,13698
2026-07-01,GL-B-014,ภาคตะวันออก,526,8957
2026-07-01,GL-B-014,ภาคเหนือ,539,7909
2026-07-01,GL-B-014,ภาคใต้,652,11233
2026-07-01,MK-C-028,กรุงเทพฯ,652,12455
2026-07-01,MK-C-028,ภาคกลาง,535,8885
2026-07-01,MK-C-028,ภาคตะวันออก,429,7772
2026-07-01,MK-C-028,ภาคเหนือ,339,7019
2026-07-01,MK-C-028,ภาคใต้,460,7737
2026-07-01,SY-D-039,กรุงเทพฯ,472,8990
2026-07-01,SY-D-039,ภาคกลาง,374,7064
2026-07-01,SY-D-039,ภาคตะวันออก,281,4414
2026-07-01,SY-D-039,ภาคเหนือ,226,4844
2026-07-01,SY-D-039,ภาคใต้,294,5767
2026-07-01,AG-E-052,กรุงเทพฯ,142,2402
2026-07-01,AG-E-052,ภาคกลาง,102,2016
2026-07-01,AG-E-052,ภาคตะวันออก,83,1364
2026-07-01,AG-E-052,ภาคเหนือ,79,1369
2026-07-01,AG-E-052,ภาคใต้,87,1491
2026-07-02,TK-A-001,กรุงเทพฯ,191,3071
2026-07-02,TK-A-001,ภาคกลาง,133,2891
2026-07-02,TK-A-001,ภาคตะวันออก,112,1843
2026-07-02,TK-A-001,ภาคเหนือ,99,1831
2026-07-02,TK-A-001,ภาคใต้,129,2429
2026-07-02,GL-B-014,กรุงเทพฯ,992,18578
2026-07-02,GL-B-014,ภาคกลาง,792,14996
2026-07-02,GL-B-014,ภาคตะวันออก,544,9083
2026-07-02,GL-B-014,ภาคเหนือ,542,9969
2026-07-02,GL-B-014,ภาคใต้,644,11570
2026-07-02,MK-C-028,กรุงเทพฯ,728,13534
2026-07-02,MK-C-028,ภาคกลาง,491,9714
2026-07-02,MK-C-028,ภาคตะวันออก,426,7722
2026-07-02,MK-C-028,ภาคเหนือ,357,6126
2026-07-02,MK-C-028,ภาคใต้,442,7072
2026-07-02,SY-D-039,กรุงเทพฯ,434,8771
2026-07-02,SY-D-039,ภาคกลาง,358,6274
2026-07-02,SY-D-039,ภาคตะวันออก,243,4832
2026-07-02,SY-D-039,ภาคเหนือ,251,4070
2026-07-02,SY-D-039,ภาคใต้,318,5123
2026-07-02,AG-E-052,กรุงเทพฯ,131,2675
2026-07-02,AG-E-052,ภาคกลาง,98,2038
2026-07-02,AG-E-052,ภาคตะวันออก,83,1515
2026-07-02,AG-E-052,ภาคเหนือ,66,1332
2026-07-02,AG-E-052,ภาคใต้,96,1598
2026-07-03,TK-A-001,กรุงเทพฯ,198,2904
2026-07-03,TK-A-001,ภาคกลาง,147,2319
2026-07-03,TK-A-001,ภาคตะวันออก,102,1731
2026-07-03,TK-A-001,ภาคเหนือ,98,1771
2026-07-03,TK-A-001,ภาคใต้,119,2340
2026-07-03,GL-B-014,กรุงเทพฯ,853,16085
2026-07-03,GL-B-014,ภาคกลาง,717,14228
2026-07-03,GL-B-014,ภาคตะวันออก,554,9593
2026-07-03,GL-B-014,ภาคเหนือ,519,9536
2026-07-03,GL-B-014,ภาคใต้,617,9907
2026-07-03,MK-C-028,กรุงเทพฯ,683,11744
2026-07-03,MK-C-028,ภาคกลาง,590,8658
2026-07-03,MK-C-028,ภาคตะวันออก,414,7230
2026-07-03,MK-C-028,ภาคเหนือ,388,5636
2026-07-03,MK-C-028,ภาคใต้,459,8728
2026-07-03,SY-D-039,กรุงเทพฯ,475,8311
2026-07-03,SY-D-039,ภาคกลาง,381,6944
2026-07-03,SY-D-039,ภาคตะวันออก,286,5152
2026-07-03,SY-D-039,ภาคเหนือ,223,3879
2026-07-03,SY-D-039,ภาคใต้,277,4913
2026-07-03,AG-E-052,กรุงเทพฯ,130,2454
2026-07-03,AG-E-052,ภาคกลาง,107,1661
2026-07-03,AG-E-052,ภาคตะวันออก,87,1243
2026-07-03,AG-E-052,ภาคเหนือ,75,1280
2026-07-03,AG-E-052,ภาคใต้,89,1496
2026-07-04,TK-A-001,กรุงเทพฯ,168,3378
2026-07-04,TK-A-001,ภาคกลาง,153,2338
2026-07-04,TK-A-001,ภาคตะวันออก,113,1974
2026-07-04,TK-A-001,ภาคเหนือ,104,1883
2026-07-04,TK-A-001,ภาคใต้,115,2225
2026-07-04,GL-B-014,กรุงเทพฯ,971,16297
2026-07-04,GL-B-014,ภาคกลาง,766,13871
2026-07-04,GL-B-014,ภาคตะวันออก,520,11187
2026-07-04,GL-B-014,ภาคเหนือ,468,9165
2026-07-04,GL-B-014,ภาคใต้,579,12416
2026-07-04,MK-C-028,กรุงเทพฯ,669,12526
2026-07-04,MK-C-028,ภาคกลาง,532,8889
2026-07-04,MK-C-028,ภาคตะวันออก,438,8063
2026-07-04,MK-C-028,ภาคเหนือ,369,6814
2026-07-04,MK-C-028,ภาคใต้,431,8412
2026-07-04,SY-D-039,กรุงเทพฯ,464,9120
2026-07-04,SY-D-039,ภาคกลาง,359,6689
2026-07-04,SY-D-039,ภาคตะวันออก,296,4850
2026-07-04,SY-D-039,ภาคเหนือ,237,4918
2026-07-04,SY-D-039,ภาคใต้,329,6055
2026-07-04,AG-E-052,กรุงเทพฯ,135,2080
2026-07-04,AG-E-052,ภาคกลาง,105,1831
2026-07-04,AG-E-052,ภาคตะวันออก,79,1470
2026-07-04,AG-E-052,ภาคเหนือ,71,1236
2026-07-04,AG-E-052,ภาคใต้,82,1747
2026-07-05,TK-A-001,กรุงเทพฯ,174,2852
2026-07-05,TK-A-001,ภาคกลาง,142,2975
2026-07-05,TK-A-001,ภาคตะวันออก,98,1782
2026-07-05,TK-A-001,ภาคเหนือ,103,1530
2026-07-05,TK-A-001,ภาคใต้,114,2295
2026-07-05,GL-B-014,กรุงเทพฯ,937,16243
2026-07-05,GL-B-014,ภาคกลาง,682,15022
2026-07-05,GL-B-014,ภาคตะวันออก,573,10539
2026-07-05,GL-B-014,ภาคเหนือ,457,9399
2026-07-05,GL-B-014,ภาคใต้,615,10774
2026-07-05,MK-C-028,กรุงเทพฯ,714,13327
2026-07-05,MK-C-028,ภาคกลาง,496,9725
2026-07-05,MK-C-028,ภาคตะวันออก,406,6653
2026-07-05,MK-C-028,ภาคเหนือ,333,7316
2026-07-05,MK-C-028,ภาคใต้,440,7309
2026-07-05,SY-D-039,กรุงเทพฯ,407,7015
2026-07-05,SY-D-039,ภาคกลาง,337,5837
2026-07-05,SY-D-039,ภาคตะวันออก,276,5163
2026-07-05,SY-D-039,ภาคเหนือ,231,4605
2026-07-05,SY-D-039,ภาคใต้,304,5284
2026-07-05,AG-E-052,กรุงเทพฯ,136,2169
2026-07-05,AG-E-052,ภาคกลาง,118,2215
2026-07-05,AG-E-052,ภาคตะวันออก,87,1511
2026-07-05,AG-E-052,ภาคเหนือ,68,1235
2026-07-05,AG-E-052,ภาคใต้,96,1650
2026-07-06,TK-A-001,กรุงเทพฯ,195,3707
2026-07-06,TK-A-001,ภาคกลาง,132,2476
2026-07-06,TK-A-001,ภาคตะวันออก,110,2010
2026-07-06,TK-A-001,ภาคเหนือ,91,1937
2026-07-06,TK-A-001,ภาคใต้,115,1889
2026-07-06,GL-B-014,กรุงเทพฯ,1017,17570
2026-07-06,GL-B-014,ภาคกลาง,689,12165
2026-07-06,GL-B-014,ภาคตะวันออก,600,11342
2026-07-06,GL-B-014,ภาคเหนือ,465,8199
2026-07-06,GL-B-014,ภาคใต้,572,11618
2026-07-06,MK-C-028,กรุงเทพฯ,656,13241
2026-07-06,MK-C-028,ภาคกลาง,524,8307
2026-07-06,MK-C-028,ภาคตะวันออก,391,6519
2026-07-06,MK-C-028,ภาคเหนือ,355,6961
2026-07-06,MK-C-028,ภาคใต้,435,7055
2026-07-06,SY-D-039,กรุงเทพฯ,429,8123
2026-07-06,SY-D-039,ภาคกลาง,374,5601
2026-07-06,SY-D-039,ภาคตะวันออก,266,4203
2026-07-06,SY-D-039,ภาคเหนือ,244,4079
2026-07-06,SY-D-039,ภาคใต้,312,4896
2026-07-06,AG-E-052,กรุงเทพฯ,132,2708
2026-07-06,AG-E-052,ภาคกลาง,110,1877
2026-07-06,AG-E-052,ภาคตะวันออก,89,1590
2026-07-06,AG-E-052,ภาคเหนือ,67,1394
2026-07-06,AG-E-052,ภาคใต้,83,1461
2026-07-07,TK-A-001,กรุงเทพฯ,170,3404
2026-07-07,TK-A-001,ภาคกลาง,142,2696
2026-07-07,TK-A-001,ภาคตะวันออก,110,1877
2026-07-07,TK-A-001,ภาคเหนือ,96,1685
2026-07-07,TK-A-001,ภาคใต้,122,1989
2026-07-07,GL-B-014,กรุงเทพฯ,929,15011
2026-07-07,GL-B-014,ภาคกลาง,705,12958
2026-07-07,GL-B-014,ภาคตะวันออก,534,8623
2026-07-07,GL-B-014,ภาคเหนือ,471,8255
2026-07-07,GL-B-014,ภาคใต้,611,12668
2026-07-07,MK-C-028,กรุงเทพฯ,620,13533
2026-07-07,MK-C-028,ภาคกลาง,514,10785
2026-07-07,MK-C-028,ภาคตะวันออก,435,6559
2026-07-07,MK-C-028,ภาคเหนือ,363,6258
2026-07-07,MK-C-028,ภาคใต้,428,8128
2026-07-07,SY-D-039,กรุงเทพฯ,408,7621
2026-07-07,SY-D-039,ภาคกลาง,337,6047
2026-07-07,SY-D-039,ภาคตะวันออก,244,5190
2026-07-07,SY-D-039,ภาคเหนือ,231,4091
2026-07-07,SY-D-039,ภาคใต้,309,6016
2026-07-07,AG-E-052,กรุงเทพฯ,132,2286
2026-07-07,AG-E-052,ภาคกลาง,112,2122
2026-07-07,AG-E-052,ภาคตะวันออก,74,1501
2026-07-07,AG-E-052,ภาคเหนือ,79,1297
2026-07-07,AG-E-052,ภาคใต้,96,1397
2026-07-08,TK-A-001,กรุงเทพฯ,183,3010
2026-07-08,TK-A-001,ภาคกลาง,150,2830
2026-07-08,TK-A-001,ภาคตะวันออก,116,1777
2026-07-08,TK-A-001,ภาคเหนือ,103,1523
2026-07-08,TK-A-001,ภาคใต้,115,2059
2026-07-08,GL-B-014,กรุงเทพฯ,861,17281
2026-07-08,GL-B-014,ภาคกลาง,711,13475
2026-07-08,GL-B-014,ภาคตะวันออก,550,10613
2026-07-08,GL-B-014,ภาคเหนือ,465,8288
2026-07-08,GL-B-014,ภาคใต้,626,12559
2026-07-08,MK-C-028,กรุงเทพฯ,619,11376
2026-07-08,MK-C-028,ภาคกลาง,516,9501
2026-07-08,MK-C-028,ภาคตะวันออก,392,6447
2026-07-08,MK-C-028,ภาคเหนือ,374,5569
2026-07-08,MK-C-028,ภาคใต้,463,7355
2026-07-08,SY-D-039,กรุงเทพฯ,419,7585
2026-07-08,SY-D-039,ภาคกลาง,352,6251
2026-07-08,SY-D-039,ภาคตะวันออก,296,5317
2026-07-08,SY-D-039,ภาคเหนือ,233,4640
2026-07-08,SY-D-039,ภาคใต้,327,5508
2026-07-08,AG-E-052,กรุงเทพฯ,126,2772
2026-07-08,AG-E-052,ภาคกลาง,102,2208
2026-07-08,AG-E-052,ภาคตะวันออก,88,1619
2026-07-08,AG-E-052,ภาคเหนือ,68,1450
2026-07-08,AG-E-052,ภาคใต้,82,1772
2026-07-09,TK-A-001,กรุงเทพฯ,180,3019
2026-07-09,TK-A-001,ภาคกลาง,140,2226
2026-07-09,TK-A-001,ภาคตะวันออก,98,1857
2026-07-09,TK-A-001,ภาคเหนือ,93,1504
2026-07-09,TK-A-001,ภาคใต้,122,1909
2026-07-09,GL-B-014,กรุงเทพฯ,1022,19061
2026-07-09,GL-B-014,ภาคกลาง,699,13846
2026-07-09,GL-B-014,ภาคตะวันออก,522,11033
2026-07-09,GL-B-014,ภาคเหนือ,476,9635
2026-07-09,GL-B-014,ภาคใต้,578,12579
2026-07-09,MK-C-028,กรุงเทพฯ,706,10981
2026-07-09,MK-C-028,ภาคกลาง,539,9541
2026-07-09,MK-C-028,ภาคตะวันออก,408,8325
2026-07-09,MK-C-028,ภาคเหนือ,372,6533
2026-07-09,MK-C-028,ภาคใต้,454,8476
2026-07-09,SY-D-039,กรุงเทพฯ,465,7734
2026-07-09,SY-D-039,ภาคกลาง,355,6494
2026-07-09,SY-D-039,ภาคตะวันออก,253,4328
2026-07-09,SY-D-039,ภาคเหนือ,249,3793
2026-07-09,SY-D-039,ภาคใต้,273,5467
2026-07-09,AG-E-052,กรุงเทพฯ,144,2632
2026-07-09,AG-E-052,ภาคกลาง,105,2126
2026-07-09,AG-E-052,ภาคตะวันออก,84,1417
2026-07-09,AG-E-052,ภาคเหนือ,68,1301
2026-07-09,AG-E-052,ภาคใต้,85,1637
2026-07-10,TK-A-001,กรุงเทพฯ,193,3575
2026-07-10,TK-A-001,ภาคกลาง,136,2855
2026-07-10,TK-A-001,ภาคตะวันออก,99,2134
2026-07-10,TK-A-001,ภาคเหนือ,100,1787
2026-07-10,TK-A-001,ภาคใต้,108,2369
2026-07-10,GL-B-014,กรุงเทพฯ,904,16695
2026-07-10,GL-B-014,ภาคกลาง,671,12289
2026-07-10,GL-B-014,ภาคตะวันออก,572,10814
2026-07-10,GL-B-014,ภาคเหนือ,498,8328
2026-07-10,GL-B-014,ภาคใต้,644,12591
2026-07-10,MK-C-028,กรุงเทพฯ,639,11428
2026-07-10,MK-C-028,ภาคกลาง,499,9655
2026-07-10,MK-C-028,ภาคตะวันออก,430,8136
2026-07-10,MK-C-028,ภาคเหนือ,332,7115
2026-07-10,MK-C-028,ภาคใต้,467,8673
2026-07-10,SY-D-039,กรุงเทพฯ,440,6928
2026-07-10,SY-D-039,ภาคกลาง,340,5999
2026-07-10,SY-D-039,ภาคตะวันออก,284,5156
2026-07-10,SY-D-039,ภาคเหนือ,229,3793
2026-07-10,SY-D-039,ภาคใต้,329,5130
2026-07-10,AG-E-052,กรุงเทพฯ,124,2224
2026-07-10,AG-E-052,ภาคกลาง,105,2057
2026-07-10,AG-E-052,ภาคตะวันออก,73,1322
2026-07-10,AG-E-052,ภาคเหนือ,72,1167
2026-07-10,AG-E-052,ภาคใต้,90,1748
2026-07-11,TK-A-001,กรุงเทพฯ,190,3141
2026-07-11,TK-A-001,ภาคกลาง,134,2209
2026-07-11,TK-A-001,ภาคตะวันออก,111,1757
2026-07-11,TK-A-001,ภาคเหนือ,88,1713
2026-07-11,TK-A-001,ภาคใต้,130,2350
2026-07-11,GL-B-014,กรุงเทพฯ,989,15193
2026-07-11,GL-B-014,ภาคกลาง,736,11872
2026-07-11,GL-B-014,ภาคตะวันออก,532,10127
2026-07-11,GL-B-014,ภาคเหนือ,447,8124
2026-07-11,GL-B-014,ภาคใต้,648,9796
2026-07-11,MK-C-028,กรุงเทพฯ,615,10716
2026-07-11,MK-C-028,ภาคกลาง,568,9182
2026-07-11,MK-C-028,ภาคตะวันออก,374,6887
2026-07-11,MK-C-028,ภาคเหนือ,370,6241
2026-07-11,MK-C-028,ภาคใต้,453,9104
2026-07-11,SY-D-039,กรุงเทพฯ,450,8224
2026-07-11,SY-D-039,ภาคกลาง,324,6117
2026-07-11,SY-D-039,ภาคตะวันออก,272,4430
2026-07-11,SY-D-039,ภาคเหนือ,226,4145
2026-07-11,SY-D-039,ภาคใต้,308,6192
2026-07-11,AG-E-052,กรุงเทพฯ,129,2791
2026-07-11,AG-E-052,ภาคกลาง,112,2214
2026-07-11,AG-E-052,ภาคตะวันออก,76,1576
2026-07-11,AG-E-052,ภาคเหนือ,68,1371
2026-07-11,AG-E-052,ภาคใต้,97,1387
2026-07-12,TK-A-001,กรุงเทพฯ,185,3306
2026-07-12,TK-A-001,ภาคกลาง,139,2533
2026-07-12,TK-A-001,ภาคตะวันออก,110,2156
2026-07-12,TK-A-001,ภาคเหนือ,105,1562
2026-07-12,TK-A-001,ภาคใต้,124,2043
2026-07-12,GL-B-014,กรุงเทพฯ,890,15085
2026-07-12,GL-B-014,ภาคกลาง,677,12307
2026-07-12,GL-B-014,ภาคตะวันออก,588,10789
2026-07-12,GL-B-014,ภาคเหนือ,495,8483
2026-07-12,GL-B-014,ภาคใต้,585,9599
2026-07-12,MK-C-028,กรุงเทพฯ,696,10354
2026-07-12,MK-C-028,ภาคกลาง,515,10847
2026-07-12,MK-C-028,ภาคตะวันออก,400,7344
2026-07-12,MK-C-028,ภาคเหนือ,356,7265
2026-07-12,MK-C-028,ภาคใต้,440,7888
2026-07-12,SY-D-039,กรุงเทพฯ,478,7181
2026-07-12,SY-D-039,ภาคกลาง,370,5803
2026-07-12,SY-D-039,ภาคตะวันออก,279,4555
2026-07-12,SY-D-039,ภาคเหนือ,257,4640
2026-07-12,SY-D-039,ภาคใต้,279,6001
2026-07-12,AG-E-052,กรุงเทพฯ,147,2746
2026-07-12,AG-E-052,ภาคกลาง,106,1733
2026-07-12,AG-E-052,ภาคตะวันออก,87,1254
2026-07-12,AG-E-052,ภาคเหนือ,76,1117
2026-07-12,AG-E-052,ภาคใต้,93,1729
2026-07-13,TK-A-001,กรุงเทพฯ,185,3433
2026-07-13,TK-A-001,ภาคกลาง,158,2383
2026-07-13,TK-A-001,ภาคตะวันออก,113,2052
2026-07-13,TK-A-001,ภาคเหนือ,87,1852
2026-07-13,TK-A-001,ภาคใต้,112,2145
2026-07-13,GL-B-014,กรุงเทพฯ,923,19200
2026-07-13,GL-B-014,ภาคกลาง,719,14303
2026-07-13,GL-B-014,ภาคตะวันออก,593,9652
2026-07-13,GL-B-014,ภาคเหนือ,511,8203
2026-07-13,GL-B-014,ภาคใต้,620,12807
2026-07-13,MK-C-028,กรุงเทพฯ,698,13027
2026-07-13,MK-C-028,ภาคกลาง,510,9811
2026-07-13,MK-C-028,ภาคตะวันออก,409,6258
2026-07-13,MK-C-028,ภาคเหนือ,396,7139
2026-07-13,MK-C-028,ภาคใต้,418,8823
2026-07-13,SY-D-039,กรุงเทพฯ,410,8326
2026-07-13,SY-D-039,ภาคกลาง,327,6264
2026-07-13,SY-D-039,ภาคตะวันออก,255,4871
2026-07-13,SY-D-039,ภาคเหนือ,234,4157
2026-07-13,SY-D-039,ภาคใต้,300,5988
2026-07-13,AG-E-052,กรุงเทพฯ,130,2401
2026-07-13,AG-E-052,ภาคกลาง,102,1867
2026-07-13,AG-E-052,ภาคตะวันออก,80,1381
2026-07-13,AG-E-052,ภาคเหนือ,75,1349
2026-07-13,AG-E-052,ภาคใต้,87,1511
2026-07-14,TK-A-001,กรุงเทพฯ,170,3498
2026-07-14,TK-A-001,ภาคกลาง,141,2908
2026-07-14,TK-A-001,ภาคตะวันออก,102,2125
2026-07-14,TK-A-001,ภาคเหนือ,97,1505
2026-07-14,TK-A-001,ภาคใต้,121,1938
2026-07-14,GL-B-014,กรุงเทพฯ,870,18703
2026-07-14,GL-B-014,ภาคกลาง,706,11596
2026-07-14,GL-B-014,ภาคตะวันออก,559,10496
2026-07-14,GL-B-014,ภาคเหนือ,506,9797
2026-07-14,GL-B-014,ภาคใต้,646,11850
2026-07-14,MK-C-028,กรุงเทพฯ,711,12297
2026-07-14,MK-C-028,ภาคกลาง,488,10714
2026-07-14,MK-C-028,ภาคตะวันออก,421,6492
2026-07-14,MK-C-028,ภาคเหนือ,355,6803
2026-07-14,MK-C-028,ภาคใต้,430,7515
2026-07-14,SY-D-039,กรุงเทพฯ,437,9280
2026-07-14,SY-D-039,ภาคกลาง,350,6239
2026-07-14,SY-D-039,ภาคตะวันออก,244,4498
2026-07-14,SY-D-039,ภาคเหนือ,243,4792
2026-07-14,SY-D-039,ภาคใต้,289,5413
2026-07-14,AG-E-052,กรุงเทพฯ,144,2172
2026-07-14,AG-E-052,ภาคกลาง,111,1919
2026-07-14,AG-E-052,ภาคตะวันออก,76,1285
2026-07-14,AG-E-052,ภาคเหนือ,76,1313
2026-07-14,AG-E-052,ภาคใต้,83,1527
2026-07-15,TK-A-001,กรุงเทพฯ,166,2944
2026-07-15,TK-A-001,ภาคกลาง,150,2832
2026-07-15,TK-A-001,ภาคตะวันออก,106,2014
2026-07-15,TK-A-001,ภาคเหนือ,88,1735
2026-07-15,TK-A-001,ภาคใต้,130,2338
2026-07-15,GL-B-014,กรุงเทพฯ,1022,16401
2026-07-15,GL-B-014,ภาคกลาง,818,13089
2026-07-15,GL-B-014,ภาคตะวันออก,505,9356
2026-07-15,GL-B-014,ภาคเหนือ,453,8726
2026-07-15,GL-B-014,ภาคใต้,672,10065
2026-07-15,MK-C-028,กรุงเทพฯ,709,12523
2026-07-15,MK-C-028,ภาคกลาง,538,10014
2026-07-15,MK-C-028,ภาคตะวันออก,404,8160
2026-07-15,MK-C-028,ภาคเหนือ,343,6753
2026-07-15,MK-C-028,ภาคใต้,412,8447
2026-07-15,SY-D-039,กรุงเทพฯ,448,7447
2026-07-15,SY-D-039,ภาคกลาง,376,5749
2026-07-15,SY-D-039,ภาคตะวันออก,254,4269
2026-07-15,SY-D-039,ภาคเหนือ,250,4730
2026-07-15,SY-D-039,ภาคใต้,318,5192
2026-07-15,AG-E-052,กรุงเทพฯ,145,2746
2026-07-15,AG-E-052,ภาคกลาง,114,1795
2026-07-15,AG-E-052,ภาคตะวันออก,74,1317
2026-07-15,AG-E-052,ภาคเหนือ,79,1117
2026-07-15,AG-E-052,ภาคใต้,97,1785
2026-07-16,TK-A-001,กรุงเทพฯ,192,3346
2026-07-16,TK-A-001,ภาคกลาง,155,2691
2026-07-16,TK-A-001,ภาคตะวันออก,103,2211
2026-07-16,TK-A-001,ภาคเหนือ,90,1926
2026-07-16,TK-A-001,ภาคใต้,117,2122
2026-07-16,GL-B-014,กรุงเทพฯ,897,14443
2026-07-16,GL-B-014,ภาคกลาง,673,15398
2026-07-16,GL-B-014,ภาคตะวันออก,567,10160
2026-07-16,GL-B-014,ภาคเหนือ,450,8165
2026-07-16,GL-B-014,ภาคใต้,592,11036
2026-07-16,MK-C-028,กรุงเทพฯ,670,11115
2026-07-16,MK-C-028,ภาคกลาง,544,10288
2026-07-16,MK-C-028,ภาคตะวันออก,438,7666
2026-07-16,MK-C-028,ภาคเหนือ,391,6179
2026-07-16,MK-C-028,ภาคใต้,472,7890
2026-07-16,SY-D-039,กรุงเทพฯ,458,8526
2026-07-16,SY-D-039,ภาคกลาง,386,6354
2026-07-16,SY-D-039,ภาคตะวันออก,286,5408
2026-07-16,SY-D-039,ภาคเหนือ,222,4054
2026-07-16,SY-D-039,ภาคใต้,290,5145
2026-07-16,AG-E-052,กรุงเทพฯ,144,2198
2026-07-16,AG-E-052,ภาคกลาง,117,1856
2026-07-16,AG-E-052,ภาคตะวันออก,87,1311
2026-07-16,AG-E-052,ภาคเหนือ,72,1199
2026-07-16,AG-E-052,ภาคใต้,98,1561
2026-07-17,TK-A-001,กรุงเทพฯ,179,3345
2026-07-17,TK-A-001,ภาคกลาง,156,2354
2026-07-17,TK-A-001,ภาคตะวันออก,109,2162
2026-07-17,TK-A-001,ภาคเหนือ,91,1772
2026-07-17,TK-A-001,ภาคใต้,122,2187
2026-07-17,GL-B-014,กรุงเทพฯ,921,15537
2026-07-17,GL-B-014,ภาคกลาง,707,14914
2026-07-17,GL-B-014,ภาคตะวันออก,551,9456
2026-07-17,GL-B-014,ภาคเหนือ,518,9338
2026-07-17,GL-B-014,ภาคใต้,589,10588
2026-07-17,MK-C-028,กรุงเทพฯ,610,12076
2026-07-17,MK-C-028,ภาคกลาง,535,9498
2026-07-17,MK-C-028,ภาคตะวันออก,437,7699
2026-07-17,MK-C-028,ภาคเหนือ,379,6313
2026-07-17,MK-C-028,ภาคใต้,423,8930
2026-07-17,SY-D-039,กรุงเทพฯ,465,7333
2026-07-17,SY-D-039,ภาคกลาง,379,6124
2026-07-17,SY-D-039,ภาคตะวันออก,252,4267
2026-07-17,SY-D-039,ภาคเหนือ,256,4390
2026-07-17,SY-D-039,ภาคใต้,271,5787
2026-07-17,AG-E-052,กรุงเทพฯ,138,2720
2026-07-17,AG-E-052,ภาคกลาง,98,1998
2026-07-17,AG-E-052,ภาคตะวันออก,84,1309
2026-07-17,AG-E-052,ภาคเหนือ,65,1204
2026-07-17,AG-E-052,ภาคใต้,97,1514
2026-07-18,TK-A-001,กรุงเทพฯ,163,3162
2026-07-18,TK-A-001,ภาคกลาง,146,2792
2026-07-18,TK-A-001,ภาคตะวันออก,107,2016
2026-07-18,TK-A-001,ภาคเหนือ,102,1828
2026-07-18,TK-A-001,ภาคใต้,114,2214
2026-07-18,GL-B-014,กรุงเทพฯ,858,17506
2026-07-18,GL-B-014,ภาคกลาง,792,13879
2026-07-18,GL-B-014,ภาคตะวันออก,582,10555
2026-07-18,GL-B-014,ภาคเหนือ,490,8510
2026-07-18,GL-B-014,ภาคใต้,638,9760
2026-07-18,MK-C-028,กรุงเทพฯ,737,13196
2026-07-18,MK-C-028,ภาคกลาง,498,8443
2026-07-18,MK-C-028,ภาคตะวันออก,369,7420
2026-07-18,MK-C-028,ภาคเหนือ,360,7446
2026-07-18,MK-C-028,ภาคใต้,405,8689
2026-07-18,SY-D-039,กรุงเทพฯ,461,7131
2026-07-18,SY-D-039,ภาคกลาง,326,6609
2026-07-18,SY-D-039,ภาคตะวันออก,278,5455
2026-07-18,SY-D-039,ภาคเหนือ,238,3832
2026-07-18,SY-D-039,ภาคใต้,324,5438
2026-07-18,AG-E-052,กรุงเทพฯ,135,2533
2026-07-18,AG-E-052,ภาคกลาง,110,2115
2026-07-18,AG-E-052,ภาคตะวันออก,74,1270
2026-07-18,AG-E-052,ภาคเหนือ,79,1398
2026-07-18,AG-E-052,ภาคใต้,85,1384
2026-07-19,TK-A-001,กรุงเทพฯ,183,2824
2026-07-19,TK-A-001,ภาคกลาง,136,2412
2026-07-19,TK-A-001,ภาคตะวันออก,114,1766
2026-07-19,TK-A-001,ภาคเหนือ,102,1705
2026-07-19,TK-A-001,ภาคใต้,114,2244
2026-07-19,GL-B-014,กรุงเทพฯ,967,17091
2026-07-19,GL-B-014,ภาคกลาง,726,13244
2026-07-19,GL-B-014,ภาคตะวันออก,506,9765
2026-07-19,GL-B-014,ภาคเหนือ,473,10068
2026-07-19,GL-B-014,ภาคใต้,643,10025
2026-07-19,MK-C-028,กรุงเทพฯ,724,13416
2026-07-19,MK-C-028,ภาคกลาง,528,10306
2026-07-19,MK-C-028,ภาคตะวันออก,426,6503
2026-07-19,MK-C-028,ภาคเหนือ,387,6089
2026-07-19,MK-C-028,ภาคใต้,422,8598
2026-07-19,SY-D-039,กรุงเทพฯ,410,8867
2026-07-19,SY-D-039,ภาคกลาง,365,6289
2026-07-19,SY-D-039,ภาคตะวันออก,264,5024
2026-07-19,SY-D-039,ภาคเหนือ,262,4935
2026-07-19,SY-D-039,ภาคใต้,291,5743
2026-07-19,AG-E-052,กรุงเทพฯ,126,2116
2026-07-19,AG-E-052,ภาคกลาง,106,2213
2026-07-19,AG-E-052,ภาคตะวันออก,83,1562
2026-07-19,AG-E-052,ภาคเหนือ,65,1189
2026-07-19,AG-E-052,ภาคใต้,95,1413
2026-07-20,TK-A-001,กรุงเทพฯ,187,3591
2026-07-20,TK-A-001,ภาคกลาง,130,2864
2026-07-20,TK-A-001,ภาคตะวันออก,109,1662
2026-07-20,TK-A-001,ภาคเหนือ,98,1641
2026-07-20,TK-A-001,ภาคใต้,129,2142
2026-07-20,GL-B-014,กรุงเทพฯ,872,17375
2026-07-20,GL-B-014,ภาคกลาง,797,11774
2026-07-20,GL-B-014,ภาคตะวันออก,596,9193
2026-07-20,GL-B-014,ภาคเหนือ,503,7969
2026-07-20,GL-B-014,ภาคใต้,614,11477
2026-07-20,MK-C-028,กรุงเทพฯ,650,13618
2026-07-20,MK-C-028,ภาคกลาง,538,8512
2026-07-20,MK-C-028,ภาคตะวันออก,395,7339
2026-07-20,MK-C-028,ภาคเหนือ,392,6111
2026-07-20,MK-C-028,ภาคใต้,426,9164
2026-07-20,SY-D-039,กรุงเทพฯ,477,9020
2026-07-20,SY-D-039,ภาคกลาง,361,5978
2026-07-20,SY-D-039,ภาคตะวันออก,260,4472
2026-07-20,SY-D-039,ภาคเหนือ,229,4943
2026-07-20,SY-D-039,ภาคใต้,327,5851
2026-07-20,AG-E-052,กรุงเทพฯ,134,2168
2026-07-20,AG-E-052,ภาคกลาง,115,2042
2026-07-20,AG-E-052,ภาคตะวันออก,83,1612
2026-07-20,AG-E-052,ภาคเหนือ,79,1463
2026-07-20,AG-E-052,ภาคใต้,86,1410
2026-07-21,TK-A-001,กรุงเทพฯ,188,3497
2026-07-21,TK-A-001,ภาคกลาง,134,2780
2026-07-21,TK-A-001,ภาคตะวันออก,100,1781
2026-07-21,TK-A-001,ภาคเหนือ,102,1599
2026-07-21,TK-A-001,ภาคใต้,131,2212
2026-07-21,GL-B-014,กรุงเทพฯ,841,14778
2026-07-21,GL-B-014,ภาคกลาง,722,11921
2026-07-21,GL-B-014,ภาคตะวันออก,577,9168
2026-07-21,GL-B-014,ภาคเหนือ,466,8164
2026-07-21,GL-B-014,ภาคใต้,629,9913
2026-07-21,MK-C-028,กรุงเทพฯ,662,12689
2026-07-21,MK-C-028,ภาคกลาง,496,8978
2026-07-21,MK-C-028,ภาคตะวันออก,368,8362
2026-07-21,MK-C-028,ภาคเหนือ,371,6888
2026-07-21,MK-C-028,ภาคใต้,484,7400
2026-07-21,SY-D-039,กรุงเทพฯ,447,8088
2026-07-21,SY-D-039,ภาคกลาง,383,6885
2026-07-21,SY-D-039,ภาคตะวันออก,294,4255
2026-07-21,SY-D-039,ภาคเหนือ,257,4681
2026-07-21,SY-D-039,ภาคใต้,320,5458
2026-07-21,AG-E-052,กรุงเทพฯ,134,2769
2026-07-21,AG-E-052,ภาคกลาง,118,2201
2026-07-21,AG-E-052,ภาคตะวันออก,85,1632
2026-07-21,AG-E-052,ภาคเหนือ,66,1320
2026-07-21,AG-E-052,ภาคใต้,94,1633
2026-07-22,TK-A-001,กรุงเทพฯ,168,2883
2026-07-22,TK-A-001,ภาคกลาง,142,2887
2026-07-22,TK-A-001,ภาคตะวันออก,100,1723
2026-07-22,TK-A-001,ภาคเหนือ,103,1865
2026-07-22,TK-A-001,ภาคใต้,117,2448
2026-07-22,GL-B-014,กรุงเทพฯ,982,14268
2026-07-22,GL-B-014,ภาคกลาง,756,13049
2026-07-22,GL-B-014,ภาคตะวันออก,538,9041
2026-07-22,GL-B-014,ภาคเหนือ,497,10067
2026-07-22,GL-B-014,ภาคใต้,602,12262
2026-07-22,MK-C-028,กรุงเทพฯ,684,10886
2026-07-22,MK-C-028,ภาคกลาง,509,10874
2026-07-22,MK-C-028,ภาคตะวันออก,439,6802
2026-07-22,MK-C-028,ภาคเหนือ,370,6473
2026-07-22,MK-C-028,ภาคใต้,424,9286
2026-07-22,SY-D-039,กรุงเทพฯ,457,7893
2026-07-22,SY-D-039,ภาคกลาง,356,7086
2026-07-22,SY-D-039,ภาคตะวันออก,262,4389
2026-07-22,SY-D-039,ภาคเหนือ,260,4310
2026-07-22,SY-D-039,ภาคใต้,291,4884
2026-07-22,AG-E-052,กรุงเทพฯ,132,2408
2026-07-22,AG-E-052,ภาคกลาง,102,1958
2026-07-22,AG-E-052,ภาคตะวันออก,81,1550
2026-07-22,AG-E-052,ภาคเหนือ,71,1256
2026-07-22,AG-E-052,ภาคใต้,88,1571
2026-07-23,TK-A-001,กรุงเทพฯ,164,2957
2026-07-23,TK-A-001,ภาคกลาง,132,2416
2026-07-23,TK-A-001,ภาคตะวันออก,99,2130
2026-07-23,TK-A-001,ภาคเหนือ,103,1779
2026-07-23,TK-A-001,ภาคใต้,132,2171
2026-07-23,GL-B-014,กรุงเทพฯ,998,14567
2026-07-23,GL-B-014,ภาคกลาง,809,13979
2026-07-23,GL-B-014,ภาคตะวันออก,562,8900
2026-07-23,GL-B-014,ภาคเหนือ,472,7611
2026-07-23,GL-B-014,ภาคใต้,649,11064
2026-07-23,MK-C-028,กรุงเทพฯ,703,11955
2026-07-23,MK-C-028,ภาคกลาง,552,10710
2026-07-23,MK-C-028,ภาคตะวันออก,376,6706
2026-07-23,MK-C-028,ภาคเหนือ,363,5817
2026-07-23,MK-C-028,ภาคใต้,480,7293
2026-07-23,SY-D-039,กรุงเทพฯ,473,8793
2026-07-23,SY-D-039,ภาคกลาง,341,6518
2026-07-23,SY-D-039,ภาคตะวันออก,262,4797
2026-07-23,SY-D-039,ภาคเหนือ,220,3931
2026-07-23,SY-D-039,ภาคใต้,328,4642
2026-07-23,AG-E-052,กรุงเทพฯ,124,2662
2026-07-23,AG-E-052,ภาคกลาง,105,1809
2026-07-23,AG-E-052,ภาคตะวันออก,83,1457
2026-07-23,AG-E-052,ภาคเหนือ,69,1162
2026-07-23,AG-E-052,ภาคใต้,83,1673
2026-07-24,TK-A-001,กรุงเทพฯ,191,3303
2026-07-24,TK-A-001,ภาคกลาง,135,2810
2026-07-24,TK-A-001,ภาคตะวันออก,99,1796
2026-07-24,TK-A-001,ภาคเหนือ,100,1922
2026-07-24,TK-A-001,ภาคใต้,120,2111
2026-07-24,GL-B-014,กรุงเทพฯ,1011,18091
2026-07-24,GL-B-014,ภาคกลาง,753,13385
2026-07-24,GL-B-014,ภาคตะวันออก,504,8923
2026-07-24,GL-B-014,ภาคเหนือ,482,9336
2026-07-24,GL-B-014,ภาคใต้,587,11209
2026-07-24,MK-C-028,กรุงเทพฯ,701,11572
2026-07-24,MK-C-028,ภาคกลาง,550,9773
2026-07-24,MK-C-028,ภาคตะวันออก,402,8284
2026-07-24,MK-C-028,ภาคเหนือ,393,7000
2026-07-24,MK-C-028,ภาคใต้,419,7260
2026-07-24,SY-D-039,กรุงเทพฯ,462,9261
2026-07-24,SY-D-039,ภาคกลาง,348,6804
2026-07-24,SY-D-039,ภาคตะวันออก,249,4742
2026-07-24,SY-D-039,ภาคเหนือ,218,4356
2026-07-24,SY-D-039,ภาคใต้,298,5318
2026-07-24,AG-E-052,กรุงเทพฯ,139,2110
2026-07-24,AG-E-052,ภาคกลาง,111,1654
2026-07-24,AG-E-052,ภาคตะวันออก,80,1282
2026-07-24,AG-E-052,ภาคเหนือ,69,1167
2026-07-24,AG-E-052,ภาคใต้,81,1475
2026-07-25,TK-A-001,กรุงเทพฯ,185,3006
2026-07-25,TK-A-001,ภาคกลาง,148,2928
2026-07-25,TK-A-001,ภาคตะวันออก,107,1656
2026-07-25,TK-A-001,ภาคเหนือ,94,1663
2026-07-25,TK-A-001,ภาคใต้,131,2331
2026-07-25,GL-B-014,กรุงเทพฯ,917,16717
2026-07-25,GL-B-014,ภาคกลาง,743,14925
2026-07-25,GL-B-014,ภาคตะวันออก,552,8733
2026-07-25,GL-B-014,ภาคเหนือ,535,9236
2026-07-25,GL-B-014,ภาคใต้,682,10014
2026-07-25,MK-C-028,กรุงเทพฯ,649,11167
2026-07-25,MK-C-028,ภาคกลาง,556,9769
2026-07-25,MK-C-028,ภาคตะวันออก,397,6604
2026-07-25,MK-C-028,ภาคเหนือ,373,6050
2026-07-25,MK-C-028,ภาคใต้,488,8190
2026-07-25,SY-D-039,กรุงเทพฯ,423,8918
2026-07-25,SY-D-039,ภาคกลาง,361,7340
2026-07-25,SY-D-039,ภาคตะวันออก,275,5369
2026-07-25,SY-D-039,ภาคเหนือ,260,4881
2026-07-25,SY-D-039,ภาคใต้,319,5674
2026-07-25,AG-E-052,กรุงเทพฯ,125,2294
2026-07-25,AG-E-052,ภาคกลาง,98,2059
2026-07-25,AG-E-052,ภาคตะวันออก,74,1612
2026-07-25,AG-E-052,ภาคเหนือ,68,1271
2026-07-25,AG-E-052,ภาคใต้,81,1686
2026-07-26,TK-A-001,กรุงเทพฯ,183,3000
2026-07-26,TK-A-001,ภาคกลาง,142,2788
2026-07-26,TK-A-001,ภาคตะวันออก,111,1727
2026-07-26,TK-A-001,ภาคเหนือ,93,1549
2026-07-26,TK-A-001,ภาคใต้,116,2409
2026-07-26,GL-B-014,กรุงเทพฯ,915,18750
2026-07-26,GL-B-014,ภาคกลาง,778,14110
2026-07-26,GL-B-014,ภาคตะวันออก,517,8810
2026-07-26,GL-B-014,ภาคเหนือ,507,9680
2026-07-26,GL-B-014,ภาคใต้,638,10213
2026-07-26,MK-C-028,กรุงเทพฯ,725,13511
2026-07-26,MK-C-028,ภาคกลาง,546,10472
2026-07-26,MK-C-028,ภาคตะวันออก,409,7112
2026-07-26,MK-C-028,ภาคเหนือ,373,5866
2026-07-26,MK-C-028,ภาคใต้,476,8941
2026-07-26,SY-D-039,กรุงเทพฯ,410,8744
2026-07-26,SY-D-039,ภาคกลาง,373,6618
2026-07-26,SY-D-039,ภาคตะวันออก,262,5318
2026-07-26,SY-D-039,ภาคเหนือ,227,3833
2026-07-26,SY-D-039,ภาคใต้,273,5010
2026-07-26,AG-E-052,กรุงเทพฯ,126,2715
2026-07-26,AG-E-052,ภาคกลาง,102,2053
2026-07-26,AG-E-052,ภาคตะวันออก,79,1345
2026-07-26,AG-E-052,ภาคเหนือ,77,1197
2026-07-26,AG-E-052,ภาคใต้,97,1403
2026-07-27,TK-A-001,กรุงเทพฯ,182,2796
2026-07-27,TK-A-001,ภาคกลาง,133,2910
2026-07-27,TK-A-001,ภาคตะวันออก,118,2210
2026-07-27,TK-A-001,ภาคเหนือ,93,1708
2026-07-27,TK-A-001,ภาคใต้,117,2447
2026-07-27,GL-B-014,กรุงเทพฯ,849,18019
2026-07-27,GL-B-014,ภาคกลาง,766,12594
2026-07-27,GL-B-014,ภาคตะวันออก,542,10071
2026-07-27,GL-B-014,ภาคเหนือ,538,8886
2026-07-27,GL-B-014,ภาคใต้,616,11567
2026-07-27,MK-C-028,กรุงเทพฯ,713,11651
2026-07-27,MK-C-028,ภาคกลาง,548,9490
2026-07-27,MK-C-028,ภาคตะวันออก,414,6399
2026-07-27,MK-C-028,ภาคเหนือ,386,6338
2026-07-27,MK-C-028,ภาคใต้,412,9219
2026-07-27,SY-D-039,กรุงเทพฯ,485,8428
2026-07-27,SY-D-039,ภาคกลาง,392,7179
2026-07-27,SY-D-039,ภาคตะวันออก,274,4990
2026-07-27,SY-D-039,ภาคเหนือ,244,4034
2026-07-27,SY-D-039,ภาคใต้,299,5825
2026-07-27,AG-E-052,กรุงเทพฯ,123,2761
2026-07-27,AG-E-052,ภาคกลาง,98,1658
2026-07-27,AG-E-052,ภาคตะวันออก,81,1484
2026-07-27,AG-E-052,ภาคเหนือ,78,1143
2026-07-27,AG-E-052,ภาคใต้,87,1423
2026-07-28,TK-A-001,กรุงเทพฯ,193,3366
2026-07-28,TK-A-001,ภาคกลาง,140,2862
2026-07-28,TK-A-001,ภาคตะวันออก,113,2081
2026-07-28,TK-A-001,ภาคเหนือ,98,1510
2026-07-28,TK-A-001,ภาคใต้,129,2180
2026-07-28,GL-B-014,กรุงเทพฯ,903,18307
2026-07-28,GL-B-014,ภาคกลาง,699,11922
2026-07-28,GL-B-014,ภาคตะวันออก,545,9688
2026-07-28,GL-B-014,ภาคเหนือ,521,9245
2026-07-28,GL-B-014,ภาคใต้,593,11555
2026-07-28,MK-C-028,กรุงเทพฯ,699,11809
2026-07-28,MK-C-028,ภาคกลาง,537,10637
2026-07-28,MK-C-028,ภาคตะวันออก,413,8061
2026-07-28,MK-C-028,ภาคเหนือ,356,7199
2026-07-28,MK-C-028,ภาคใต้,475,6978
2026-07-28,SY-D-039,กรุงเทพฯ,416,7475
2026-07-28,SY-D-039,ภาคกลาง,352,5601
2026-07-28,SY-D-039,ภาคตะวันออก,249,5021
2026-07-28,SY-D-039,ภาคเหนือ,236,3974
2026-07-28,SY-D-039,ภาคใต้,282,5191
2026-07-28,AG-E-052,กรุงเทพฯ,123,2239
2026-07-28,AG-E-052,ภาคกลาง,103,1878
2026-07-28,AG-E-052,ภาคตะวันออก,84,1589
2026-07-28,AG-E-052,ภาคเหนือ,76,1331
2026-07-28,AG-E-052,ภาคใต้,91,1665
2026-07-29,TK-A-001,กรุงเทพฯ,179,3119
2026-07-29,TK-A-001,ภาคกลาง,140,2680
2026-07-29,TK-A-001,ภาคตะวันออก,102,2167
2026-07-29,TK-A-001,ภาคเหนือ,98,1941
2026-07-29,TK-A-001,ภาคใต้,116,2210
2026-07-29,GL-B-014,กรุงเทพฯ,964,17383
2026-07-29,GL-B-014,ภาคกลาง,684,14564
2026-07-29,GL-B-014,ภาคตะวันออก,551,10547
2026-07-29,GL-B-014,ภาคเหนือ,452,7755
2026-07-29,GL-B-014,ภาคใต้,588,11020
2026-07-29,MK-C-028,กรุงเทพฯ,615,12015
2026-07-29,MK-C-028,ภาคกลาง,593,10074
2026-07-29,MK-C-028,ภาคตะวันออก,401,6824
2026-07-29,MK-C-028,ภาคเหนือ,347,6523
2026-07-29,MK-C-028,ภาคใต้,447,8661
2026-07-29,SY-D-039,กรุงเทพฯ,441,9303
2026-07-29,SY-D-039,ภาคกลาง,334,6428
2026-07-29,SY-D-039,ภาคตะวันออก,282,5220
2026-07-29,SY-D-039,ภาคเหนือ,248,4036
2026-07-29,SY-D-039,ภาคใต้,326,4923
2026-07-29,AG-E-052,กรุงเทพฯ,124,2098
2026-07-29,AG-E-052,ภาคกลาง,108,2139
2026-07-29,AG-E-052,ภาคตะวันออก,80,1620
2026-07-29,AG-E-052,ภาคเหนือ,77,1167
2026-07-29,AG-E-052,ภาคใต้,94,1441
2026-07-30,TK-A-001,กรุงเทพฯ,178,2845
2026-07-30,TK-A-001,ภาคกลาง,151,2679
2026-07-30,TK-A-001,ภาคตะวันออก,102,1739
2026-07-30,TK-A-001,ภาคเหนือ,100,1538
2026-07-30,TK-A-001,ภาคใต้,118,2375
2026-07-30,GL-B-014,กรุงเทพฯ,1014,15816
2026-07-30,GL-B-014,ภาคกลาง,686,12202
2026-07-30,GL-B-014,ภาคตะวันออก,599,9577
2026-07-30,GL-B-014,ภาคเหนือ,505,8416
2026-07-30,GL-B-014,ภาคใต้,566,12512
2026-07-30,MK-C-028,กรุงเทพฯ,646,10871
2026-07-30,MK-C-028,ภาคกลาง,577,10153
2026-07-30,MK-C-028,ภาคตะวันออก,390,6761
2026-07-30,MK-C-028,ภาคเหนือ,370,7209
2026-07-30,MK-C-028,ภาคใต้,407,7176
2026-07-30,SY-D-039,กรุงเทพฯ,419,7524
2026-07-30,SY-D-039,ภาคกลาง,392,7378
2026-07-30,SY-D-039,ภาคตะวันออก,281,5357
2026-07-30,SY-D-039,ภาคเหนือ,226,4550
2026-07-30,SY-D-039,ภาคใต้,317,5499
2026-07-30,AG-E-052,กรุงเทพฯ,132,2720
2026-07-30,AG-E-052,ภาคกลาง,101,1724
2026-07-30,AG-E-052,ภาคตะวันออก,89,1451
2026-07-30,AG-E-052,ภาคเหนือ,77,1468
2026-07-30,AG-E-052,ภาคใต้,90,1836
2026-07-31,TK-A-001,กรุงเทพฯ,179,3148
2026-07-31,TK-A-001,ภาคกลาง,141,2625
2026-07-31,TK-A-001,ภาคตะวันออก,111,2108
2026-07-31,TK-A-001,ภาคเหนือ,95,1541
2026-07-31,TK-A-001,ภาคใต้,121,2137
2026-07-31,GL-B-014,กรุงเทพฯ,959,19187
2026-07-31,GL-B-014,ภาคกลาง,690,13047
2026-07-31,GL-B-014,ภาคตะวันออก,550,8621
2026-07-31,GL-B-014,ภาคเหนือ,457,10107
2026-07-31,GL-B-014,ภาคใต้,612,11003
2026-07-31,MK-C-028,กรุงเทพฯ,694,11127
2026-07-31,MK-C-028,ภาคกลาง,578,9822
2026-07-31,MK-C-028,ภาคตะวันออก,393,6621
2026-07-31,MK-C-028,ภาคเหนือ,380,7444
2026-07-31,MK-C-028,ภาคใต้,471,8671
2026-07-31,SY-D-039,กรุงเทพฯ,472,7942
2026-07-31,SY-D-039,ภาคกลาง,377,5915
2026-07-31,SY-D-039,ภาคตะวันออก,294,4975
2026-07-31,SY-D-039,ภาคเหนือ,247,4775
2026-07-31,SY-D-039,ภาคใต้,290,5178
2026-07-31,AG-E-052,กรุงเทพฯ,128,2477
2026-07-31,AG-E-052,ภาคกลาง,119,1724
2026-07-31,AG-E-052,ภาคตะวันออก,87,1266
2026-07-31,AG-E-052,ภาคเหนือ,68,1255
2026-07-31,AG-E-052,ภาคใต้,81,1602
2026-08-01,TK-A-001,กรุงเทพฯ,173,2865
2026-08-01,TK-A-001,ภาคกลาง,136,2806
2026-08-01,TK-A-001,ภาคตะวันออก,112,1765
2026-08-01,TK-A-001,ภาคเหนือ,88,1904
2026-08-01,TK-A-001,ภาคใต้,124,2344
2026-08-01,GL-B-014,กรุงเทพฯ,1004,17755
2026-08-01,GL-B-014,ภาคกลาง,708,14230
2026-08-01,GL-B-014,ภาคตะวันออก,568,10050
2026-08-01,GL-B-014,ภาคเหนือ,501,9840
2026-08-01,GL-B-014,ภาคใต้,579,10430
2026-08-01,MK-C-028,กรุงเทพฯ,704,11963
2026-08-01,MK-C-028,ภาคกลาง,518,9330
2026-08-01,MK-C-028,ภาคตะวันออก,423,7875
2026-08-01,MK-C-028,ภาคเหนือ,345,5881
2026-08-01,MK-C-028,ภาคใต้,447,7637
2026-08-01,SY-D-039,กรุงเทพฯ,433,8665
2026-08-01,SY-D-039,ภาคกลาง,334,6847
2026-08-01,SY-D-039,ภาคตะวันออก,277,5458
2026-08-01,SY-D-039,ภาคเหนือ,261,4924
2026-08-01,SY-D-039,ภาคใต้,285,5614
2026-08-01,AG-E-052,กรุงเทพฯ,131,2641
2026-08-01,AG-E-052,ภาคกลาง,102,1853
2026-08-01,AG-E-052,ภาคตะวันออก,84,1602
2026-08-01,AG-E-052,ภาคเหนือ,73,1194
2026-08-01,AG-E-052,ภาคใต้,95,1524
2026-08-02,TK-A-001,กรุงเทพฯ,182,3254
2026-08-02,TK-A-001,ภาคกลาง,144,2640
2026-08-02,TK-A-001,ภาคตะวันออก,107,1844
2026-08-02,TK-A-001,ภาคเหนือ,105,1499
2026-08-02,TK-A-001,ภาคใต้,126,2040
2026-08-02,GL-B-014,กรุงเทพฯ,994,15018
2026-08-02,GL-B-014,ภาคกลาง,773,14727
2026-08-02,GL-B-014,ภาคตะวันออก,533,10334
2026-08-02,GL-B-014,ภาคเหนือ,542,8451
2026-08-02,GL-B-014,ภาคใต้,664,11454
2026-08-02,MK-C-028,กรุงเทพฯ,616,11833
2026-08-02,MK-C-028,ภาคกลาง,583,10709
2026-08-02,MK-C-028,ภาคตะวันออก,378,7666
2026-08-02,MK-C-028,ภาคเหนือ,359,5515
2026-08-02,MK-C-028,ภาคใต้,412,7209
2026-08-02,SY-D-039,กรุงเทพฯ,425,7679
2026-08-02,SY-D-039,ภาคกลาง,340,5512
2026-08-02,SY-D-039,ภาคตะวันออก,284,4865
2026-08-02,SY-D-039,ภาคเหนือ,260,3896
2026-08-02,SY-D-039,ภาคใต้,288,4617
2026-08-02,AG-E-052,กรุงเทพฯ,129,2394
2026-08-02,AG-E-052,ภาคกลาง,116,1923
2026-08-02,AG-E-052,ภาคตะวันออก,84,1508
2026-08-02,AG-E-052,ภาคเหนือ,79,1353
2026-08-02,AG-E-052,ภาคใต้,89,1728
2026-08-03,TK-A-001,กรุงเทพฯ,194,3173
2026-08-03,TK-A-001,ภาคกลาง,132,2427
2026-08-03,TK-A-001,ภาคตะวันออก,116,2034
2026-08-03,TK-A-001,ภาคเหนือ,101,1582
2026-08-03,TK-A-001,ภาคใต้,123,2211
2026-08-03,GL-B-014,กรุงเทพฯ,887,17620
2026-08-03,GL-B-014,ภาคกลาง,716,14077
2026-08-03,GL-B-014,ภาคตะวันออก,578,9192
2026-08-03,GL-B-014,ภาคเหนือ,529,9519
2026-08-03,GL-B-014,ภาคใต้,569,12461
2026-08-03,MK-C-028,กรุงเทพฯ,711,12369
2026-08-03,MK-C-028,ภาคกลาง,537,8661
2026-08-03,MK-C-028,ภาคตะวันออก,419,8159
2026-08-03,MK-C-028,ภาคเหนือ,372,6864
2026-08-03,MK-C-028,ภาคใต้,442,6980
2026-08-03,SY-D-039,กรุงเทพฯ,437,8932
2026-08-03,SY-D-039,ภาคกลาง,376,6504
2026-08-03,SY-D-039,ภาคตะวันออก,254,5044
2026-08-03,SY-D-039,ภาคเหนือ,231,4769
2026-08-03,SY-D-039,ภาคใต้,310,4632
2026-08-03,AG-E-052,กรุงเทพฯ,146,2095
2026-08-03,AG-E-052,ภาคกลาง,101,1718
2026-08-03,AG-E-052,ภาคตะวันออก,81,1449
2026-08-03,AG-E-052,ภาคเหนือ,72,1353
2026-08-03,AG-E-052,ภาคใต้,85,1522
2026-08-04,TK-A-001,กรุงเทพฯ,190,3462
2026-08-04,TK-A-001,ภาคกลาง,154,2587
2026-08-04,TK-A-001,ภาคตะวันออก,107,1901
2026-08-04,TK-A-001,ภาคเหนือ,89,1606
2026-08-04,TK-A-001,ภาคใต้,127,2136
2026-08-04,GL-B-014,กรุงเทพฯ,982,16066
2026-08-04,GL-B-014,ภาคกลาง,681,13087
2026-08-04,GL-B-014,ภาคตะวันออก,524,10000
2026-08-04,GL-B-014,ภาคเหนือ,507,7767
2026-08-04,GL-B-014,ภาคใต้,638,12547
2026-08-04,MK-C-028,กรุงเทพฯ,616,12722
2026-08-04,MK-C-028,ภาคกลาง,577,8319
2026-08-04,MK-C-028,ภาคตะวันออก,417,7207
2026-08-04,MK-C-028,ภาคเหนือ,337,6068
2026-08-04,MK-C-028,ภาคใต้,435,8803
2026-08-04,SY-D-039,กรุงเทพฯ,462,9218
2026-08-04,SY-D-039,ภาคกลาง,334,5923
2026-08-04,SY-D-039,ภาคตะวันออก,271,4880
2026-08-04,SY-D-039,ภาคเหนือ,218,4821
2026-08-04,SY-D-039,ภาคใต้,324,5424
2026-08-04,AG-E-052,กรุงเทพฯ,125,2109
2026-08-04,AG-E-052,ภาคกลาง,101,2007
2026-08-04,AG-E-052,ภาคตะวันออก,74,1339
2026-08-04,AG-E-052,ภาคเหนือ,70,1353
2026-08-04,AG-E-052,ภาคใต้,96,1625
2026-08-05,TK-A-001,กรุงเทพฯ,192,2998
2026-08-05,TK-A-001,ภาคกลาง,150,2349
2026-08-05,TK-A-001,ภาคตะวันออก,110,1817
2026-08-05,TK-A-001,ภาคเหนือ,94,1730
2026-08-05,TK-A-001,ภาคใต้,125,1852
2026-08-05,GL-B-014,กรุงเทพฯ,1010,15064
2026-08-05,GL-B-014,ภาคกลาง,817,11682
2026-08-05,GL-B-014,ภาคตะวันออก,567,8924
2026-08-05,GL-B-014,ภาคเหนือ,462,8143
2026-08-05,GL-B-014,ภาคใต้,618,11503
2026-08-05,MK-C-028,กรุงเทพฯ,632,13013
2026-08-05,MK-C-028,ภาคกลาง,538,9437
2026-08-05,MK-C-028,ภาคตะวันออก,424,6497
2026-08-05,MK-C-028,ภาคเหนือ,383,5566
2026-08-05,MK-C-028,ภาคใต้,454,9155
2026-08-05,SY-D-039,กรุงเทพฯ,476,7194
2026-08-05,SY-D-039,ภาคกลาง,339,5779
2026-08-05,SY-D-039,ภาคตะวันออก,244,4434
2026-08-05,SY-D-039,ภาคเหนือ,264,4630
2026-08-05,SY-D-039,ภาคใต้,322,5864
2026-08-05,AG-E-052,กรุงเทพฯ,131,2070
2026-08-05,AG-E-052,ภาคกลาง,99,1833
2026-08-05,AG-E-052,ภาคตะวันออก,80,1522
2026-08-05,AG-E-052,ภาคเหนือ,78,1305
2026-08-05,AG-E-052,ภาคใต้,92,1402
2026-08-06,TK-A-001,กรุงเทพฯ,187,2923
2026-08-06,TK-A-001,ภาคกลาง,158,2327
2026-08-06,TK-A-001,ภาคตะวันออก,109,1752
2026-08-06,TK-A-001,ภาคเหนือ,94,1841
2026-08-06,TK-A-001,ภาคใต้,131,2238
2026-08-06,GL-B-014,กรุงเทพฯ,867,18868
2026-08-06,GL-B-014,ภาคกลาง,761,12787
2026-08-06,GL-B-014,ภาคตะวันออก,572,10801
2026-08-06,GL-B-014,ภาคเหนือ,533,9805
2026-08-06,GL-B-014,ภาคใต้,643,10958
2026-08-06,MK-C-028,กรุงเทพฯ,668,12593
2026-08-06,MK-C-028,ภาคกลาง,529,11007
2026-08-06,MK-C-028,ภาคตะวันออก,425,7877
2026-08-06,MK-C-028,ภาคเหนือ,341,6143
2026-08-06,MK-C-028,ภาคใต้,424,8625
2026-08-06,SY-D-039,กรุงเทพฯ,418,7894
2026-08-06,SY-D-039,ภาคกลาง,336,6900
2026-08-06,SY-D-039,ภาคตะวันออก,296,4356
2026-08-06,SY-D-039,ภาคเหนือ,254,4723
2026-08-06,SY-D-039,ภาคใต้,283,5401
2026-08-06,AG-E-052,กรุงเทพฯ,127,2654
2026-08-06,AG-E-052,ภาคกลาง,117,2139
2026-08-06,AG-E-052,ภาคตะวันออก,87,1623
2026-08-06,AG-E-052,ภาคเหนือ,70,1160
2026-08-06,AG-E-052,ภาคใต้,96,1702
2026-08-07,TK-A-001,กรุงเทพฯ,196,3312
2026-08-07,TK-A-001,ภาคกลาง,138,2271
2026-08-07,TK-A-001,ภาคตะวันออก,98,2194
2026-08-07,TK-A-001,ภาคเหนือ,102,1524
2026-08-07,TK-A-001,ภาคใต้,131,2095
2026-08-07,GL-B-014,กรุงเทพฯ,1009,15676
2026-08-07,GL-B-014,ภาคกลาง,755,13623
2026-08-07,GL-B-014,ภาคตะวันออก,607,11129
2026-08-07,GL-B-014,ภาคเหนือ,505,8207
2026-08-07,GL-B-014,ภาคใต้,628,11268
2026-08-07,MK-C-028,กรุงเทพฯ,617,10445
2026-08-07,MK-C-028,ภาคกลาง,511,9464
2026-08-07,MK-C-028,ภาคตะวันออก,418,7339
2026-08-07,MK-C-028,ภาคเหนือ,348,6818
2026-08-07,MK-C-028,ภาคใต้,416,7594
2026-08-07,SY-D-039,กรุงเทพฯ,487,9001
2026-08-07,SY-D-039,ภาคกลาง,378,6431
2026-08-07,SY-D-039,ภาคตะวันออก,264,4171
2026-08-07,SY-D-039,ภาคเหนือ,236,4264
2026-08-07,SY-D-039,ภาคใต้,293,6058
2026-08-07,AG-E-052,กรุงเทพฯ,131,2647
2026-08-07,AG-E-052,ภาคกลาง,115,1703
2026-08-07,AG-E-052,ภาคตะวันออก,74,1514
2026-08-07,AG-E-052,ภาคเหนือ,74,1394
2026-08-07,AG-E-052,ภาคใต้,97,1397
2026-08-08,TK-A-001,กรุงเทพฯ,163,3058
2026-08-08,TK-A-001,ภาคกลาง,154,2395
2026-08-08,TK-A-001,ภาคตะวันออก,118,1812
2026-08-08,TK-A-001,ภาคเหนือ,96,1722
2026-08-08,TK-A-001,ภาคใต้,114,2466
2026-08-08,GL-B-014,กรุงเทพฯ,860,14328
2026-08-08,GL-B-014,ภาคกลาง,798,11735
2026-08-08,GL-B-014,ภาคตะวันออก,594,10382
2026-08-08,GL-B-014,ภาคเหนือ,502,7727
2026-08-08,GL-B-014,ภาคใต้,641,10847
2026-08-08,MK-C-028,กรุงเทพฯ,685,13101
2026-08-08,MK-C-028,ภาคกลาง,521,8517
2026-08-08,MK-C-028,ภาคตะวันออก,444,6693
2026-08-08,MK-C-028,ภาคเหนือ,348,6802
2026-08-08,MK-C-028,ภาคใต้,449,7019
2026-08-08,SY-D-039,กรุงเทพฯ,464,7803
2026-08-08,SY-D-039,ภาคกลาง,336,7246
2026-08-08,SY-D-039,ภาคตะวันออก,266,4814
2026-08-08,SY-D-039,ภาคเหนือ,228,3988
2026-08-08,SY-D-039,ภาคใต้,313,6005
2026-08-08,AG-E-052,กรุงเทพฯ,125,2260
2026-08-08,AG-E-052,ภาคกลาง,119,1693
2026-08-08,AG-E-052,ภาคตะวันออก,88,1453
2026-08-08,AG-E-052,ภาคเหนือ,72,1335
2026-08-08,AG-E-052,ภาคใต้,89,1637
2026-08-09,TK-A-001,กรุงเทพฯ,192,2801
2026-08-09,TK-A-001,ภาคกลาง,146,2423
2026-08-09,TK-A-001,ภาคตะวันออก,97,1933
2026-08-09,TK-A-001,ภาคเหนือ,102,1513
2026-08-09,TK-A-001,ภาคใต้,118,2227
2026-08-09,GL-B-014,กรุงเทพฯ,888,18980
2026-08-09,GL-B-014,ภาคกลาง,733,12078
2026-08-09,GL-B-014,ภาคตะวันออก,589,10900
2026-08-09,GL-B-014,ภาคเหนือ,501,8697
2026-08-09,GL-B-014,ภาคใต้,573,10133
2026-08-09,MK-C-028,กรุงเทพฯ,715,11991
2026-08-09,MK-C-028,ภาคกลาง,566,9196
2026-08-09,MK-C-028,ภาคตะวันออก,431,6345
2026-08-09,MK-C-028,ภาคเหนือ,386,6989
2026-08-09,MK-C-028,ภาคใต้,495,7345
2026-08-09,SY-D-039,กรุงเทพฯ,454,8390
2026-08-09,SY-D-039,ภาคกลาง,393,5592
2026-08-09,SY-D-039,ภาคตะวันออก,280,4277
2026-08-09,SY-D-039,ภาคเหนือ,252,4744
2026-08-09,SY-D-039,ภาคใต้,277,5091
2026-08-09,AG-E-052,กรุงเทพฯ,147,2255
2026-08-09,AG-E-052,ภาคกลาง,105,1722
2026-08-09,AG-E-052,ภาคตะวันออก,79,1458
2026-08-09,AG-E-052,ภาคเหนือ,72,1201
2026-08-09,AG-E-052,ภาคใต้,99,1469
2026-08-10,TK-A-001,กรุงเทพฯ,185,2761
2026-08-10,TK-A-001,ภาคกลาง,142,2715
2026-08-10,TK-A-001,ภาคตะวันออก,104,1746
2026-08-10,TK-A-001,ภาคเหนือ,89,1744
2026-08-10,TK-A-001,ภาคใต้,111,1905
2026-08-10,GL-B-014,กรุงเทพฯ,839,15615
2026-08-10,GL-B-014,ภาคกลาง,692,12225
2026-08-10,GL-B-014,ภาคตะวันออก,612,9874
2026-08-10,GL-B-014,ภาคเหนือ,473,9877
2026-08-10,GL-B-014,ภาคใต้,569,11557
2026-08-10,MK-C-028,กรุงเทพฯ,731,13271
2026-08-10,MK-C-028,ภาคกลาง,587,9282
2026-08-10,MK-C-028,ภาคตะวันออก,419,7909
2026-08-10,MK-C-028,ภาคเหนือ,355,6622
2026-08-10,MK-C-028,ภาคใต้,482,7739
2026-08-10,SY-D-039,กรุงเทพฯ,444,7599
2026-08-10,SY-D-039,ภาคกลาง,395,6645
2026-08-10,SY-D-039,ภาคตะวันออก,270,4920
2026-08-10,SY-D-039,ภาคเหนือ,229,3774
2026-08-10,SY-D-039,ภาคใต้,328,5993
2026-08-10,AG-E-052,กรุงเทพฯ,141,2240
2026-08-10,AG-E-052,ภาคกลาง,99,2173
2026-08-10,AG-E-052,ภาคตะวันออก,79,1667
2026-08-10,AG-E-052,ภาคเหนือ,77,1370
2026-08-10,AG-E-052,ภาคใต้,95,1476
2026-08-11,TK-A-001,กรุงเทพฯ,190,3713
2026-08-11,TK-A-001,ภาคกลาง,147,2791
2026-08-11,TK-A-001,ภาคตะวันออก,115,1929
2026-08-11,TK-A-001,ภาคเหนือ,101,1812
2026-08-11,TK-A-001,ภาคใต้,112,2320
2026-08-11,GL-B-014,กรุงเทพฯ,854,18609
2026-08-11,GL-B-014,ภาคกลาง,750,13845
2026-08-11,GL-B-014,ภาคตะวันออก,541,11079
2026-08-11,GL-B-014,ภาคเหนือ,459,9750
2026-08-11,GL-B-014,ภาคใต้,618,11615
2026-08-11,MK-C-028,กรุงเทพฯ,710,11683
2026-08-11,MK-C-028,ภาคกลาง,506,9412
2026-08-11,MK-C-028,ภาคตะวันออก,400,6669
2026-08-11,MK-C-028,ภาคเหนือ,341,6214
2026-08-11,MK-C-028,ภาคใต้,444,8392
2026-08-11,SY-D-039,กรุงเทพฯ,465,8885
2026-08-11,SY-D-039,ภาคกลาง,378,6878
2026-08-11,SY-D-039,ภาคตะวันออก,295,5000
2026-08-11,SY-D-039,ภาคเหนือ,243,3836
2026-08-11,SY-D-039,ภาคใต้,313,6207
2026-08-11,AG-E-052,กรุงเทพฯ,147,2442
2026-08-11,AG-E-052,ภาคกลาง,104,1880
2026-08-11,AG-E-052,ภาคตะวันออก,87,1425
2026-08-11,AG-E-052,ภาคเหนือ,65,1379
2026-08-11,AG-E-052,ภาคใต้,92,1765
2026-08-12,TK-A-001,กรุงเทพฯ,165,3391
2026-08-12,TK-A-001,ภาคกลาง,141,2387
2026-08-12,TK-A-001,ภาคตะวันออก,111,1838
2026-08-12,TK-A-001,ภาคเหนือ,105,1759
2026-08-12,TK-A-001,ภาคใต้,119,2203
2026-08-12,GL-B-014,กรุงเทพฯ,940,16505
2026-08-12,GL-B-014,ภาคกลาง,758,12996
2026-08-12,GL-B-014,ภาคตะวันออก,522,9096
2026-08-12,GL-B-014,ภาคเหนือ,448,7685
2026-08-12,GL-B-014,ภาคใต้,624,11802
2026-08-12,MK-C-028,กรุงเทพฯ,636,12318
2026-08-12,MK-C-028,ภาคกลาง,567,9772
2026-08-12,MK-C-028,ภาคตะวันออก,409,6724
2026-08-12,MK-C-028,ภาคเหนือ,329,6288
2026-08-12,MK-C-028,ภาคใต้,448,7237
2026-08-12,SY-D-039,กรุงเทพฯ,442,8101
2026-08-12,SY-D-039,ภาคกลาง,362,5949
2026-08-12,SY-D-039,ภาคตะวันออก,256,4917
2026-08-12,SY-D-039,ภาคเหนือ,256,4030
2026-08-12,SY-D-039,ภาคใต้,289,5208
2026-08-12,AG-E-052,กรุงเทพฯ,141,2473
2026-08-12,AG-E-052,ภาคกลาง,119,2122
2026-08-12,AG-E-052,ภาคตะวันออก,77,1521
2026-08-12,AG-E-052,ภาคเหนือ,71,1289
2026-08-12,AG-E-052,ภาคใต้,84,1400
2026-08-13,TK-A-001,กรุงเทพฯ,182,3185
2026-08-13,TK-A-001,ภาคกลาง,144,2652
2026-08-13,TK-A-001,ภาคตะวันออก,104,1960
2026-08-13,TK-A-001,ภาคเหนือ,96,1742
2026-08-13,TK-A-001,ภาคใต้,122,2225
2026-08-13,GL-B-014,กรุงเทพฯ,854,14723
2026-08-13,GL-B-014,ภาคกลาง,711,13535
2026-08-13,GL-B-014,ภาคตะวันออก,572,10666
2026-08-13,GL-B-014,ภาคเหนือ,458,8257
2026-08-13,GL-B-014,ภาคใต้,563,9644
2026-08-13,MK-C-028,กรุงเทพฯ,713,11338
2026-08-13,MK-C-028,ภาคกลาง,529,8478
2026-08-13,MK-C-028,ภาคตะวันออก,406,7686
2026-08-13,MK-C-028,ภาคเหนือ,346,6036
2026-08-13,MK-C-028,ภาคใต้,494,7591
2026-08-13,SY-D-039,กรุงเทพฯ,414,8996
2026-08-13,SY-D-039,ภาคกลาง,391,6570
2026-08-13,SY-D-039,ภาคตะวันออก,266,5413
2026-08-13,SY-D-039,ภาคเหนือ,217,4271
2026-08-13,SY-D-039,ภาคใต้,321,4776
2026-08-13,AG-E-052,กรุงเทพฯ,145,2409
2026-08-13,AG-E-052,ภาคกลาง,107,1975
2026-08-13,AG-E-052,ภาคตะวันออก,75,1313
2026-08-13,AG-E-052,ภาคเหนือ,72,1380
2026-08-13,AG-E-052,ภาคใต้,86,1488
2026-08-14,TK-A-001,กรุงเทพฯ,167,3654
2026-08-14,TK-A-001,ภาคกลาง,141,2969
2026-08-14,TK-A-001,ภาคตะวันออก,115,2009
2026-08-14,TK-A-001,ภาคเหนือ,101,1716
2026-08-14,TK-A-001,ภาคใต้,124,1849
2026-08-14,GL-B-014,กรุงเทพฯ,965,18975
2026-08-14,GL-B-014,ภาคกลาง,802,11402
2026-08-14,GL-B-014,ภาคตะวันออก,547,8710
2026-08-14,GL-B-014,ภาคเหนือ,486,9612
2026-08-14,GL-B-014,ภาคใต้,564,10759
2026-08-14,MK-C-028,กรุงเทพฯ,741,12651
2026-08-14,MK-C-028,ภาคกลาง,523,10758
2026-08-14,MK-C-028,ภาคตะวันออก,375,7298
2026-08-14,MK-C-028,ภาคเหนือ,326,6104
2026-08-14,MK-C-028,ภาคใต้,463,7224
2026-08-14,SY-D-039,กรุงเทพฯ,444,7436
2026-08-14,SY-D-039,ภาคกลาง,366,6912
2026-08-14,SY-D-039,ภาคตะวันออก,290,4687
2026-08-14,SY-D-039,ภาคเหนือ,220,4239
2026-08-14,SY-D-039,ภาคใต้,295,6175
2026-08-14,AG-E-052,กรุงเทพฯ,127,2535
2026-08-14,AG-E-052,ภาคกลาง,108,1898
2026-08-14,AG-E-052,ภาคตะวันออก,88,1338
2026-08-14,AG-E-052,ภาคเหนือ,67,1460
2026-08-14,AG-E-052,ภาคใต้,88,1389
2026-08-15,TK-A-001,กรุงเทพฯ,169,3220
2026-08-15,TK-A-001,ภาคกลาง,135,2587
2026-08-15,TK-A-001,ภาคตะวันออก,106,2228
2026-08-15,TK-A-001,ภาคเหนือ,103,1966
2026-08-15,TK-A-001,ภาคใต้,116,2156
2026-08-15,GL-B-014,กรุงเทพฯ,987,14894
2026-08-15,GL-B-014,ภาคกลาง,783,14944
2026-08-15,GL-B-014,ภาคตะวันออก,546,10840
2026-08-15,GL-B-014,ภาคเหนือ,511,8893
2026-08-15,GL-B-014,ภาคใต้,569,11440
2026-08-15,MK-C-028,กรุงเทพฯ,616,11647
2026-08-15,MK-C-028,ภาคกลาง,587,10909
2026-08-15,MK-C-028,ภาคตะวันออก,407,6929
2026-08-15,MK-C-028,ภาคเหนือ,384,6604
2026-08-15,MK-C-028,ภาคใต้,478,9263
2026-08-15,SY-D-039,กรุงเทพฯ,408,6929
2026-08-15,SY-D-039,ภาคกลาง,395,5702
2026-08-15,SY-D-039,ภาคตะวันออก,273,5366
2026-08-15,SY-D-039,ภาคเหนือ,233,4300
2026-08-15,SY-D-039,ภาคใต้,296,6123
2026-08-15,AG-E-052,กรุงเทพฯ,136,2735
2026-08-15,AG-E-052,ภาคกลาง,100,1718
2026-08-15,AG-E-052,ภาคตะวันออก,87,1563
2026-08-15,AG-E-052,ภาคเหนือ,68,1449
2026-08-15,AG-E-052,ภาคใต้,96,1601
2026-08-16,TK-A-001,กรุงเทพฯ,185,3577
2026-08-16,TK-A-001,ภาคกลาง,137,2356
2026-08-16,TK-A-001,ภาคตะวันออก,117,2000
2026-08-16,TK-A-001,ภาคเหนือ,90,1958
2026-08-16,TK-A-001,ภาคใต้,125,2045
2026-08-16,GL-B-014,กรุงเทพฯ,931,19016
2026-08-16,GL-B-014,ภาคกลาง,729,13749
2026-08-16,GL-B-014,ภาคตะวันออก,577,10705
2026-08-16,GL-B-014,ภาคเหนือ,545,9273
2026-08-16,GL-B-014,ภาคใต้,617,10702
2026-08-16,MK-C-028,กรุงเทพฯ,700,12170
2026-08-16,MK-C-028,ภาคกลาง,529,9445
2026-08-16,MK-C-028,ภาคตะวันออก,445,7862
2026-08-16,MK-C-028,ภาคเหนือ,388,5915
2026-08-16,MK-C-028,ภาคใต้,419,8016
2026-08-16,SY-D-039,กรุงเทพฯ,436,8344
2026-08-16,SY-D-039,ภาคกลาง,343,7042
2026-08-16,SY-D-039,ภาคตะวันออก,268,4771
2026-08-16,SY-D-039,ภาคเหนือ,228,4332
2026-08-16,SY-D-039,ภาคใต้,273,4827
2026-08-16,AG-E-052,กรุงเทพฯ,146,2116
2026-08-16,AG-E-052,ภาคกลาง,114,1924
2026-08-16,AG-E-052,ภาคตะวันออก,77,1283
2026-08-16,AG-E-052,ภาคเหนือ,67,1475
2026-08-16,AG-E-052,ภาคใต้,86,1636
2026-08-17,TK-A-001,กรุงเทพฯ,198,2779
2026-08-17,TK-A-001,ภาคกลาง,145,2743
2026-08-17,TK-A-001,ภาคตะวันออก,115,1900
2026-08-17,TK-A-001,ภาคเหนือ,91,1485
2026-08-17,TK-A-001,ภาคใต้,115,2231
2026-08-17,GL-B-014,กรุงเทพฯ,848,16014
2026-08-17,GL-B-014,ภาคกลาง,764,12786
2026-08-17,GL-B-014,ภาคตะวันออก,550,10765
2026-08-17,GL-B-014,ภาคเหนือ,463,8763
2026-08-17,GL-B-014,ภาคใต้,583,11024
2026-08-17,MK-C-028,กรุงเทพฯ,728,12073
2026-08-17,MK-C-028,ภาคกลาง,493,10111
2026-08-17,MK-C-028,ภาคตะวันออก,416,6246
2026-08-17,MK-C-028,ภาคเหนือ,388,6354
2026-08-17,MK-C-028,ภาคใต้,419,8297
2026-08-17,SY-D-039,กรุงเทพฯ,492,6937
2026-08-17,SY-D-039,ภาคกลาง,331,6025
2026-08-17,SY-D-039,ภาคตะวันออก,243,4981
2026-08-17,SY-D-039,ภาคเหนือ,260,3782
2026-08-17,SY-D-039,ภาคใต้,326,4808
2026-08-17,AG-E-052,กรุงเทพฯ,123,2170
2026-08-17,AG-E-052,ภาคกลาง,102,2208
2026-08-17,AG-E-052,ภาคตะวันออก,89,1365
2026-08-17,AG-E-052,ภาคเหนือ,70,1409
2026-08-17,AG-E-052,ภาคใต้,95,1831
2026-08-18,TK-A-001,กรุงเทพฯ,164,3025
2026-08-18,TK-A-001,ภาคกลาง,149,2298
2026-08-18,TK-A-001,ภาคตะวันออก,102,1720
2026-08-18,TK-A-001,ภาคเหนือ,97,1482
2026-08-18,TK-A-001,ภาคใต้,112,2476
2026-08-18,GL-B-014,กรุงเทพฯ,1012,16664
2026-08-18,GL-B-014,ภาคกลาง,742,12671
2026-08-18,GL-B-014,ภาคตะวันออก,603,9348
2026-08-18,GL-B-014,ภาคเหนือ,465,8290
2026-08-18,GL-B-014,ภาคใต้,563,9933
2026-08-18,MK-C-028,กรุงเทพฯ,676,12344
2026-08-18,MK-C-028,ภาคกลาง,557,10906
2026-08-18,MK-C-028,ภาคตะวันออก,414,6544
2026-08-18,MK-C-028,ภาคเหนือ,347,5773
2026-08-18,MK-C-028,ภาคใต้,415,8839
2026-08-18,SY-D-039,กรุงเทพฯ,463,7024
2026-08-18,SY-D-039,ภาคกลาง,339,7086
2026-08-18,SY-D-039,ภาคตะวันออก,276,5433
2026-08-18,SY-D-039,ภาคเหนือ,252,4809
2026-08-18,SY-D-039,ภาคใต้,294,5829
2026-08-18,AG-E-052,กรุงเทพฯ,138,2556
2026-08-18,AG-E-052,ภาคกลาง,110,2068
2026-08-18,AG-E-052,ภาคตะวันออก,74,1424
2026-08-18,AG-E-052,ภาคเหนือ,72,1339
2026-08-18,AG-E-052,ภาคใต้,85,1782
2026-08-19,TK-A-001,กรุงเทพฯ,188,3689
2026-08-19,TK-A-001,ภาคกลาง,150,2229
2026-08-19,TK-A-001,ภาคตะวันออก,118,2168
2026-08-19,TK-A-001,ภาคเหนือ,99,1674
2026-08-19,TK-A-001,ภาคใต้,115,2328
2026-08-19,GL-B-014,กรุงเทพฯ,948,16255
2026-08-19,GL-B-014,ภาคกลาง,684,12696
2026-08-19,GL-B-014,ภาคตะวันออก,511,11311
2026-08-19,GL-B-014,ภาคเหนือ,454,8268
2026-08-19,GL-B-014,ภาคใต้,591,11319
2026-08-19,MK-C-028,กรุงเทพฯ,684,11858
2026-08-19,MK-C-028,ภาคกลาง,505,10935
2026-08-19,MK-C-028,ภาคตะวันออก,432,7180
2026-08-19,MK-C-028,ภาคเหนือ,378,5674
2026-08-19,MK-C-028,ภาคใต้,491,7504
2026-08-19,SY-D-039,กรุงเทพฯ,443,7899
2026-08-19,SY-D-039,ภาคกลาง,374,6673
2026-08-19,SY-D-039,ภาคตะวันออก,278,4986
2026-08-19,SY-D-039,ภาคเหนือ,231,4908
2026-08-19,SY-D-039,ภาคใต้,301,5564
2026-08-19,AG-E-052,กรุงเทพฯ,129,2181
2026-08-19,AG-E-052,ภาคกลาง,109,2224
2026-08-19,AG-E-052,ภาคตะวันออก,79,1526
2026-08-19,AG-E-052,ภาคเหนือ,68,1289
2026-08-19,AG-E-052,ภาคใต้,93,1525
2026-08-20,TK-A-001,กรุงเทพฯ,190,2775
2026-08-20,TK-A-001,ภาคกลาง,155,2252
2026-08-20,TK-A-001,ภาคตะวันออก,109,2039
2026-08-20,TK-A-001,ภาคเหนือ,89,1477
2026-08-20,TK-A-001,ภาคใต้,119,2376
2026-08-20,GL-B-014,กรุงเทพฯ,882,17042
2026-08-20,GL-B-014,ภาคกลาง,676,11979
2026-08-20,GL-B-014,ภาคตะวันออก,602,10698
2026-08-20,GL-B-014,ภาคเหนือ,515,8903
2026-08-20,GL-B-014,ภาคใต้,619,12432
2026-08-20,MK-C-028,กรุงเทพฯ,713,11139
2026-08-20,MK-C-028,ภาคกลาง,517,9655
2026-08-20,MK-C-028,ภาคตะวันออก,406,7704
2026-08-20,MK-C-028,ภาคเหนือ,378,6174
2026-08-20,MK-C-028,ภาคใต้,429,7830
2026-08-20,SY-D-039,กรุงเทพฯ,415,8796
2026-08-20,SY-D-039,ภาคกลาง,371,6402
2026-08-20,SY-D-039,ภาคตะวันออก,275,5087
2026-08-20,SY-D-039,ภาคเหนือ,257,4152
2026-08-20,SY-D-039,ภาคใต้,309,6013
2026-08-20,AG-E-052,กรุงเทพฯ,145,2761
2026-08-20,AG-E-052,ภาคกลาง,104,1812
2026-08-20,AG-E-052,ภาคตะวันออก,81,1317
2026-08-20,AG-E-052,ภาคเหนือ,72,1346
2026-08-20,AG-E-052,ภาคใต้,92,1517
2026-08-21,TK-A-001,กรุงเทพฯ,190,3066
2026-08-21,TK-A-001,ภาคกลาง,150,2381
2026-08-21,TK-A-001,ภาคตะวันออก,100,1653
2026-08-21,TK-A-001,ภาคเหนือ,103,1704
2026-08-21,TK-A-001,ภาคใต้,116,1890
2026-08-21,GL-B-014,กรุงเทพฯ,999,16989
2026-08-21,GL-B-014,ภาคกลาง,743,11712
2026-08-21,GL-B-014,ภาคตะวันออก,557,9405
2026-08-21,GL-B-014,ภาคเหนือ,491,7725
2026-08-21,GL-B-014,ภาคใต้,673,9536
2026-08-21,MK-C-028,กรุงเทพฯ,641,12660
2026-08-21,MK-C-028,ภาคกลาง,548,9730
2026-08-21,MK-C-028,ภาคตะวันออก,369,7359
2026-08-21,MK-C-028,ภาคเหนือ,345,6810
2026-08-21,MK-C-028,ภาคใต้,476,7571
2026-08-21,SY-D-039,กรุงเทพฯ,447,8801
2026-08-21,SY-D-039,ภาคกลาง,384,7112
2026-08-21,SY-D-039,ภาคตะวันออก,249,4281
2026-08-21,SY-D-039,ภาคเหนือ,226,3873
2026-08-21,SY-D-039,ภาคใต้,322,6149
2026-08-21,AG-E-052,กรุงเทพฯ,129,2766
2026-08-21,AG-E-052,ภาคกลาง,115,2170
2026-08-21,AG-E-052,ภาคตะวันออก,89,1332
2026-08-21,AG-E-052,ภาคเหนือ,69,1178
2026-08-21,AG-E-052,ภาคใต้,92,1859
2026-08-22,TK-A-001,กรุงเทพฯ,165,2838
2026-08-22,TK-A-001,ภาคกลาง,143,2239
2026-08-22,TK-A-001,ภาคตะวันออก,117,1829
2026-08-22,TK-A-001,ภาคเหนือ,93,1917
2026-08-22,TK-A-001,ภาคใต้,131,2359
2026-08-22,GL-B-014,กรุงเทพฯ,907,15606
2026-08-22,GL-B-014,ภาคกลาง,765,11646
2026-08-22,GL-B-014,ภาคตะวันออก,596,11041
2026-08-22,GL-B-014,ภาคเหนือ,482,9843
2026-08-22,GL-B-014,ภาคใต้,648,11174
2026-08-22,MK-C-028,กรุงเทพฯ,673,12757
2026-08-22,MK-C-028,ภาคกลาง,560,9565
2026-08-22,MK-C-028,ภาคตะวันออก,442,6948
2026-08-22,MK-C-028,ภาคเหนือ,392,7147
2026-08-22,MK-C-028,ภาคใต้,439,7239
2026-08-22,SY-D-039,กรุงเทพฯ,469,7160
2026-08-22,SY-D-039,ภาคกลาง,344,6655
2026-08-22,SY-D-039,ภาคตะวันออก,276,5563
2026-08-22,SY-D-039,ภาคเหนือ,222,4884
2026-08-22,SY-D-039,ภาคใต้,327,4896
2026-08-22,AG-E-052,กรุงเทพฯ,125,2640
2026-08-22,AG-E-052,ภาคกลาง,119,2141
2026-08-22,AG-E-052,ภาคตะวันออก,87,1440
2026-08-22,AG-E-052,ภาคเหนือ,71,1361
2026-08-22,AG-E-052,ภาคใต้,89,1843
2026-08-23,TK-A-001,กรุงเทพฯ,182,3487
2026-08-23,TK-A-001,ภาคกลาง,148,2814
2026-08-23,TK-A-001,ภาคตะวันออก,109,1890
2026-08-23,TK-A-001,ภาคเหนือ,90,1921
2026-08-23,TK-A-001,ภาคใต้,109,2015
2026-08-23,GL-B-014,กรุงเทพฯ,905,16012
2026-08-23,GL-B-014,ภาคกลาง,794,15152
2026-08-23,GL-B-014,ภาคตะวันออก,612,8682
2026-08-23,GL-B-014,ภาคเหนือ,506,8864
2026-08-23,GL-B-014,ภาคใต้,587,12016
2026-08-23,MK-C-028,กรุงเทพฯ,698,13305
2026-08-23,MK-C-028,ภาคกลาง,545,10669
2026-08-23,MK-C-028,ภาคตะวันออก,413,8045
2026-08-23,MK-C-028,ภาคเหนือ,339,6626
2026-08-23,MK-C-028,ภาคใต้,456,8230
2026-08-23,SY-D-039,กรุงเทพฯ,486,8066
2026-08-23,SY-D-039,ภาคกลาง,341,6970
2026-08-23,SY-D-039,ภาคตะวันออก,297,4576
2026-08-23,SY-D-039,ภาคเหนือ,259,3797
2026-08-23,SY-D-039,ภาคใต้,304,5308
2026-08-23,AG-E-052,กรุงเทพฯ,123,2398
2026-08-23,AG-E-052,ภาคกลาง,102,1836
2026-08-23,AG-E-052,ภาคตะวันออก,81,1625
2026-08-23,AG-E-052,ภาคเหนือ,69,1295
2026-08-23,AG-E-052,ภาคใต้,84,1714
2026-08-24,TK-A-001,กรุงเทพฯ,165,3609
2026-08-24,TK-A-001,ภาคกลาง,135,2552
2026-08-24,TK-A-001,ภาคตะวันออก,118,1738
2026-08-24,TK-A-001,ภาคเหนือ,93,1890
2026-08-24,TK-A-001,ภาคใต้,109,2020
2026-08-24,GL-B-014,กรุงเทพฯ,997,17248
2026-08-24,GL-B-014,ภาคกลาง,796,15263
2026-08-24,GL-B-014,ภาคตะวันออก,509,9999
2026-08-24,GL-B-014,ภาคเหนือ,455,10197
2026-08-24,GL-B-014,ภาคใต้,637,10023
2026-08-24,MK-C-028,กรุงเทพฯ,625,10491
2026-08-24,MK-C-028,ภาคกลาง,591,11089
2026-08-24,MK-C-028,ภาคตะวันออก,386,7896
2026-08-24,MK-C-028,ภาคเหนือ,379,5999
2026-08-24,MK-C-028,ภาคใต้,487,8080
2026-08-24,SY-D-039,กรุงเทพฯ,458,9177
2026-08-24,SY-D-039,ภาคกลาง,350,5879
2026-08-24,SY-D-039,ภาคตะวันออก,254,4383
2026-08-24,SY-D-039,ภาคเหนือ,231,4964
2026-08-24,SY-D-039,ภาคใต้,306,6041
2026-08-24,AG-E-052,กรุงเทพฯ,122,2594
2026-08-24,AG-E-052,ภาคกลาง,102,2125
2026-08-24,AG-E-052,ภาคตะวันออก,89,1440
2026-08-24,AG-E-052,ภาคเหนือ,65,1133
2026-08-24,AG-E-052,ภาคใต้,86,1527
2026-08-25,TK-A-001,กรุงเทพฯ,186,3372
2026-08-25,TK-A-001,ภาคกลาง,131,2730
2026-08-25,TK-A-001,ภาคตะวันออก,98,1676
2026-08-25,TK-A-001,ภาคเหนือ,88,1864
2026-08-25,TK-A-001,ภาคใต้,132,1994
2026-08-25,GL-B-014,กรุงเทพฯ,841,14726
2026-08-25,GL-B-014,ภาคกลาง,675,14088
2026-08-25,GL-B-014,ภาคตะวันออก,568,9554
2026-08-25,GL-B-014,ภาคเหนือ,478,8856
2026-08-25,GL-B-014,ภาคใต้,616,11616
2026-08-25,MK-C-028,กรุงเทพฯ,735,13572
2026-08-25,MK-C-028,ภาคกลาง,515,9128
2026-08-25,MK-C-028,ภาคตะวันออก,376,6359
2026-08-25,MK-C-028,ภาคเหนือ,369,6567
2026-08-25,MK-C-028,ภาคใต้,472,8856
2026-08-25,SY-D-039,กรุงเทพฯ,471,8316
2026-08-25,SY-D-039,ภาคกลาง,384,7351
2026-08-25,SY-D-039,ภาคตะวันออก,273,4657
2026-08-25,SY-D-039,ภาคเหนือ,248,4366
2026-08-25,SY-D-039,ภาคใต้,310,5494
2026-08-25,AG-E-052,กรุงเทพฯ,124,2753
2026-08-25,AG-E-052,ภาคกลาง,107,2179
2026-08-25,AG-E-052,ภาคตะวันออก,77,1446
2026-08-25,AG-E-052,ภาคเหนือ,67,1387
2026-08-25,AG-E-052,ภาคใต้,83,1484
2026-08-26,TK-A-001,กรุงเทพฯ,180,3084
2026-08-26,TK-A-001,ภาคกลาง,133,2384
2026-08-26,TK-A-001,ภาคตะวันออก,99,2044
2026-08-26,TK-A-001,ภาคเหนือ,94,1559
2026-08-26,TK-A-001,ภาคใต้,122,2038
2026-08-26,GL-B-014,กรุงเทพฯ,959,14638
2026-08-26,GL-B-014,ภาคกลาง,740,14854
2026-08-26,GL-B-014,ภาคตะวันออก,608,11297
2026-08-26,GL-B-014,ภาคเหนือ,542,7926
2026-08-26,GL-B-014,ภาคใต้,618,12708
2026-08-26,MK-C-028,กรุงเทพฯ,643,12926
2026-08-26,MK-C-028,ภาคกลาง,536,9224
2026-08-26,MK-C-028,ภาคตะวันออก,418,6205
2026-08-26,MK-C-028,ภาคเหนือ,377,5645
2026-08-26,MK-C-028,ภาคใต้,416,8243
2026-08-26,SY-D-039,กรุงเทพฯ,411,8537
2026-08-26,SY-D-039,ภาคกลาง,359,6282
2026-08-26,SY-D-039,ภาคตะวันออก,249,5588
2026-08-26,SY-D-039,ภาคเหนือ,226,4682
2026-08-26,SY-D-039,ภาคใต้,294,5858
2026-08-26,AG-E-052,กรุงเทพฯ,130,2334
2026-08-26,AG-E-052,ภาคกลาง,115,1911
2026-08-26,AG-E-052,ภาคตะวันออก,78,1653
2026-08-26,AG-E-052,ภาคเหนือ,75,1392
2026-08-26,AG-E-052,ภาคใต้,93,1388
2026-08-27,TK-A-001,กรุงเทพฯ,173,3209
2026-08-27,TK-A-001,ภาคกลาง,144,2237
2026-08-27,TK-A-001,ภาคตะวันออก,116,1810
2026-08-27,TK-A-001,ภาคเหนือ,97,1478
2026-08-27,TK-A-001,ภาคใต้,124,2055
2026-08-27,GL-B-014,กรุงเทพฯ,947,18043
2026-08-27,GL-B-014,ภาคกลาง,775,13401
2026-08-27,GL-B-014,ภาคตะวันออก,572,8896
2026-08-27,GL-B-014,ภาคเหนือ,457,10024
2026-08-27,GL-B-014,ภาคใต้,633,12237
2026-08-27,MK-C-028,กรุงเทพฯ,725,12019
2026-08-27,MK-C-028,ภาคกลาง,578,10709
2026-08-27,MK-C-028,ภาคตะวันออก,370,7481
2026-08-27,MK-C-028,ภาคเหนือ,393,6308
2026-08-27,MK-C-028,ภาคใต้,489,6984
2026-08-27,SY-D-039,กรุงเทพฯ,420,7169
2026-08-27,SY-D-039,ภาคกลาง,335,7143
2026-08-27,SY-D-039,ภาคตะวันออก,257,5054
2026-08-27,SY-D-039,ภาคเหนือ,243,4353
2026-08-27,SY-D-039,ภาคใต้,312,4708
2026-08-27,AG-E-052,กรุงเทพฯ,146,2273
2026-08-27,AG-E-052,ภาคกลาง,105,1679
2026-08-27,AG-E-052,ภาคตะวันออก,80,1560
2026-08-27,AG-E-052,ภาคเหนือ,67,1422
2026-08-27,AG-E-052,ภาคใต้,89,1533
2026-08-28,TK-A-001,กรุงเทพฯ,186,3010
2026-08-28,TK-A-001,ภาคกลาง,131,2726
2026-08-28,TK-A-001,ภาคตะวันออก,113,1863
2026-08-28,TK-A-001,ภาคเหนือ,103,1647
2026-08-28,TK-A-001,ภาคใต้,129,2229
2026-08-28,GL-B-014,กรุงเทพฯ,869,18174
2026-08-28,GL-B-014,ภาคกลาง,814,13340
2026-08-28,GL-B-014,ภาคตะวันออก,531,10074
2026-08-28,GL-B-014,ภาคเหนือ,532,9806
2026-08-28,GL-B-014,ภาคใต้,591,11972
2026-08-28,MK-C-028,กรุงเทพฯ,639,13311
2026-08-28,MK-C-028,ภาคกลาง,497,8447
2026-08-28,MK-C-028,ภาคตะวันออก,371,8154
2026-08-28,MK-C-028,ภาคเหนือ,373,7075
2026-08-28,MK-C-028,ภาคใต้,449,8956
2026-08-28,SY-D-039,กรุงเทพฯ,474,7452
2026-08-28,SY-D-039,ภาคกลาง,328,7129
2026-08-28,SY-D-039,ภาคตะวันออก,278,5228
2026-08-28,SY-D-039,ภาคเหนือ,226,3789
2026-08-28,SY-D-039,ภาคใต้,291,5702
2026-08-28,AG-E-052,กรุงเทพฯ,131,2531
2026-08-28,AG-E-052,ภาคกลาง,99,1864
2026-08-28,AG-E-052,ภาคตะวันออก,85,1340
2026-08-28,AG-E-052,ภาคเหนือ,66,1313
2026-08-28,AG-E-052,ภาคใต้,97,1495
2026-08-29,TK-A-001,กรุงเทพฯ,167,3204
2026-08-29,TK-A-001,ภาคกลาง,155,2527
2026-08-29,TK-A-001,ภาคตะวันออก,108,2215
2026-08-29,TK-A-001,ภาคเหนือ,91,1753
2026-08-29,TK-A-001,ภาคใต้,126,2191
2026-08-29,GL-B-014,กรุงเทพฯ,1015,17022
2026-08-29,GL-B-014,ภาคกลาง,792,12532
2026-08-29,GL-B-014,ภาคตะวันออก,588,10136
2026-08-29,GL-B-014,ภาคเหนือ,525,10107
2026-08-29,GL-B-014,ภาคใต้,676,11813
2026-08-29,MK-C-028,กรุงเทพฯ,676,12972
2026-08-29,MK-C-028,ภาคกลาง,552,9384
2026-08-29,MK-C-028,ภาคตะวันออก,381,7379
2026-08-29,MK-C-028,ภาคเหนือ,333,6395
2026-08-29,MK-C-028,ภาคใต้,422,8475
2026-08-29,SY-D-039,กรุงเทพฯ,425,8721
2026-08-29,SY-D-039,ภาคกลาง,380,5737
2026-08-29,SY-D-039,ภาคตะวันออก,292,4924
2026-08-29,SY-D-039,ภาคเหนือ,223,4221
2026-08-29,SY-D-039,ภาคใต้,279,4616
2026-08-29,AG-E-052,กรุงเทพฯ,146,2191
2026-08-29,AG-E-052,ภาคกลาง,99,1831
2026-08-29,AG-E-052,ภาคตะวันออก,82,1572
2026-08-29,AG-E-052,ภาคเหนือ,67,1341
2026-08-29,AG-E-052,ภาคใต้,82,1552
2026-08-30,TK-A-001,กรุงเทพฯ,174,3106
2026-08-30,TK-A-001,ภาคกลาง,155,2759
2026-08-30,TK-A-001,ภาคตะวันออก,110,1935
2026-08-30,TK-A-001,ภาคเหนือ,88,1719
2026-08-30,TK-A-001,ภาคใต้,131,2026
2026-08-30,GL-B-014,กรุงเทพฯ,930,15186
2026-08-30,GL-B-014,ภาคกลาง,691,13439
2026-08-30,GL-B-014,ภาคตะวันออก,534,8621
2026-08-30,GL-B-014,ภาคเหนือ,466,8645
2026-08-30,GL-B-014,ภาคใต้,646,9527
2026-08-30,MK-C-028,กรุงเทพฯ,737,10580
2026-08-30,MK-C-028,ภาคกลาง,535,9102
2026-08-30,MK-C-028,ภาคตะวันออก,402,7258
2026-08-30,MK-C-028,ภาคเหนือ,344,6626
2026-08-30,MK-C-028,ภาคใต้,481,8378
2026-08-30,SY-D-039,กรุงเทพฯ,452,6962
2026-08-30,SY-D-039,ภาคกลาง,341,7049
2026-08-30,SY-D-039,ภาคตะวันออก,288,4202
2026-08-30,SY-D-039,ภาคเหนือ,219,4119
2026-08-30,SY-D-039,ภาคใต้,280,5789
2026-08-30,AG-E-052,กรุงเทพฯ,125,2710
2026-08-30,AG-E-052,ภาคกลาง,97,1737
2026-08-30,AG-E-052,ภาคตะวันออก,76,1642
2026-08-30,AG-E-052,ภาคเหนือ,67,1259
2026-08-30,AG-E-052,ภาคใต้,84,1706
2026-08-31,TK-A-001,กรุงเทพฯ,184,3185
2026-08-31,TK-A-001,ภาคกลาง,148,2396
2026-08-31,TK-A-001,ภาคตะวันออก,109,2172
2026-08-31,TK-A-001,ภาคเหนือ,100,1726
2026-08-31,TK-A-001,ภาคใต้,115,2027
2026-08-31,GL-B-014,กรุงเทพฯ,998,15846
2026-08-31,GL-B-014,ภาคกลาง,766,14839
2026-08-31,GL-B-014,ภาคตะวันออก,519,9150
2026-08-31,GL-B-014,ภาคเหนือ,477,8288
2026-08-31,GL-B-014,ภาคใต้,646,9947
2026-08-31,MK-C-028,กรุงเทพฯ,727,11259
2026-08-31,MK-C-028,ภาคกลาง,540,9393
2026-08-31,MK-C-028,ภาคตะวันออก,445,6520
2026-08-31,MK-C-028,ภาคเหนือ,349,6792
2026-08-31,MK-C-028,ภาคใต้,438,7742
2026-08-31,SY-D-039,กรุงเทพฯ,485,8386
2026-08-31,SY-D-039,ภาคกลาง,392,6624
2026-08-31,SY-D-039,ภาคตะวันออก,295,5382
2026-08-31,SY-D-039,ภาคเหนือ,232,4152
2026-08-31,SY-D-039,ภาคใต้,304,5811
2026-08-31,AG-E-052,กรุงเทพฯ,127,2152
2026-08-31,AG-E-052,ภาคกลาง,108,2117
2026-08-31,AG-E-052,ภาคตะวันออก,79,1521
2026-08-31,AG-E-052,ภาคเหนือ,67,1229
2026-08-31,AG-E-052,ภาคใต้,82,1390
2026-09-01,TK-A-001,กรุงเทพฯ,197,3532
2026-09-01,TK-A-001,ภาคกลาง,148,2484
2026-09-01,TK-A-001,ภาคตะวันออก,100,2222
2026-09-01,TK-A-001,ภาคเหนือ,103,1714
2026-09-01,TK-A-001,ภาคใต้,127,2270
2026-09-01,GL-B-014,กรุงเทพฯ,904,18566
2026-09-01,GL-B-014,ภาคกลาง,807,15222
2026-09-01,GL-B-014,ภาคตะวันออก,562,9736
2026-09-01,GL-B-014,ภาคเหนือ,504,10181
2026-09-01,GL-B-014,ภาคใต้,675,11171
2026-09-01,MK-C-028,กรุงเทพฯ,723,12843
2026-09-01,MK-C-028,ภาคกลาง,572,10864
2026-09-01,MK-C-028,ภาคตะวันออก,400,6989
2026-09-01,MK-C-028,ภาคเหนือ,338,5647
2026-09-01,MK-C-028,ภาคใต้,481,7884
2026-09-01,SY-D-039,กรุงเทพฯ,447,7277
2026-09-01,SY-D-039,ภาคกลาง,335,5578
2026-09-01,SY-D-039,ภาคตะวันออก,281,5272
2026-09-01,SY-D-039,ภาคเหนือ,223,4762
2026-09-01,SY-D-039,ภาคใต้,289,4646
2026-09-01,AG-E-052,กรุงเทพฯ,123,2181
2026-09-01,AG-E-052,ภาคกลาง,97,2132
2026-09-01,AG-E-052,ภาคตะวันออก,80,1653
2026-09-01,AG-E-052,ภาคเหนือ,78,1121
2026-09-01,AG-E-052,ภาคใต้,98,1579
2026-09-02,TK-A-001,กรุงเทพฯ,177,3201
2026-09-02,TK-A-001,ภาคกลาง,143,2788
2026-09-02,TK-A-001,ภาคตะวันออก,100,1710
2026-09-02,TK-A-001,ภาคเหนือ,98,1785
2026-09-02,TK-A-001,ภาคใต้,129,2304
2026-09-02,GL-B-014,กรุงเทพฯ,927,15337
2026-09-02,GL-B-014,ภาคกลาง,769,13877
2026-09-02,GL-B-014,ภาคตะวันออก,543,9483
2026-09-02,GL-B-014,ภาคเหนือ,488,9282
2026-09-02,GL-B-014,ภาคใต้,640,10109
2026-09-02,MK-C-028,กรุงเทพฯ,630,11729
2026-09-02,MK-C-028,ภาคกลาง,490,10002
2026-09-02,MK-C-028,ภาคตะวันออก,416,6200
2026-09-02,MK-C-028,ภาคเหนือ,341,6213
2026-09-02,MK-C-028,ภาคใต้,427,8852
2026-09-02,SY-D-039,กรุงเทพฯ,434,8832
2026-09-02,SY-D-039,ภาคกลาง,379,7060
2026-09-02,SY-D-039,ภาคตะวันออก,260,4720
2026-09-02,SY-D-039,ภาคเหนือ,234,4787
2026-09-02,SY-D-039,ภาคใต้,290,5226
2026-09-02,AG-E-052,กรุงเทพฯ,141,2114
2026-09-02,AG-E-052,ภาคกลาง,115,1672
2026-09-02,AG-E-052,ภาคตะวันออก,81,1459
2026-09-02,AG-E-052,ภาคเหนือ,73,1439
2026-09-02,AG-E-052,ภาคใต้,99,1579
2026-09-03,TK-A-001,กรุงเทพฯ,197,2980
2026-09-03,TK-A-001,ภาคกลาง,144,2762
2026-09-03,TK-A-001,ภาคตะวันออก,119,2075
2026-09-03,TK-A-001,ภาคเหนือ,87,1504
2026-09-03,TK-A-001,ภาคใต้,123,2154
2026-09-03,GL-B-014,กรุงเทพฯ,931,14688
2026-09-03,GL-B-014,ภาคกลาง,795,13363
2026-09-03,GL-B-014,ภาคตะวันออก,608,9954
2026-09-03,GL-B-014,ภาคเหนือ,495,7920
2026-09-03,GL-B-014,ภาคใต้,675,12644
2026-09-03,MK-C-028,กรุงเทพฯ,640,13370
2026-09-03,MK-C-028,ภาคกลาง,548,9616
2026-09-03,MK-C-028,ภาคตะวันออก,390,7611
2026-09-03,MK-C-028,ภาคเหนือ,356,5591
2026-09-03,MK-C-028,ภาคใต้,447,8585
2026-09-03,SY-D-039,กรุงเทพฯ,460,6958
2026-09-03,SY-D-039,ภาคกลาง,352,5931
2026-09-03,SY-D-039,ภาคตะวันออก,273,5401
2026-09-03,SY-D-039,ภาคเหนือ,237,4379
2026-09-03,SY-D-039,ภาคใต้,297,5527
2026-09-03,AG-E-052,กรุงเทพฯ,135,2164
2026-09-03,AG-E-052,ภาคกลาง,104,1917
2026-09-03,AG-E-052,ภาคตะวันออก,80,1512
2026-09-03,AG-E-052,ภาคเหนือ,78,1419
2026-09-03,AG-E-052,ภาคใต้,83,1574
2026-09-04,TK-A-001,กรุงเทพฯ,178,3486
2026-09-04,TK-A-001,ภาคกลาง,138,2453
2026-09-04,TK-A-001,ภาคตะวันออก,110,1750
2026-09-04,TK-A-001,ภาคเหนือ,102,1660
2026-09-04,TK-A-001,ภาคใต้,126,2238
2026-09-04,GL-B-014,กรุงเทพฯ,976,17106
2026-09-04,GL-B-014,ภาคกลาง,733,14435
2026-09-04,GL-B-014,ภาคตะวันออก,538,9719
2026-09-04,GL-B-014,ภาคเหนือ,528,8440
2026-09-04,GL-B-014,ภาคใต้,587,10589
2026-09-04,MK-C-028,กรุงเทพฯ,685,13890
2026-09-04,MK-C-028,ภาคกลาง,526,10046
2026-09-04,MK-C-028,ภาคตะวันออก,442,7499
2026-09-04,MK-C-028,ภาคเหนือ,385,5686
2026-09-04,MK-C-028,ภาคใต้,445,8264
2026-09-04,SY-D-039,กรุงเทพฯ,435,8728
2026-09-04,SY-D-039,ภาคกลาง,376,6159
2026-09-04,SY-D-039,ภาคตะวันออก,283,4867
2026-09-04,SY-D-039,ภาคเหนือ,238,4081
2026-09-04,SY-D-039,ภาคใต้,325,4636
2026-09-04,AG-E-052,กรุงเทพฯ,131,2615
2026-09-04,AG-E-052,ภาคกลาง,115,1664
2026-09-04,AG-E-052,ภาคตะวันออก,81,1363
2026-09-04,AG-E-052,ภาคเหนือ,69,1111
2026-09-04,AG-E-052,ภาคใต้,98,1462
2026-09-05,TK-A-001,กรุงเทพฯ,184,3348
2026-09-05,TK-A-001,ภาคกลาง,145,2672
2026-09-05,TK-A-001,ภาคตะวันออก,104,2094
2026-09-05,TK-A-001,ภาคเหนือ,96,1653
2026-09-05,TK-A-001,ภาคใต้,125,2200
2026-09-05,GL-B-014,กรุงเทพฯ,921,18480
2026-09-05,GL-B-014,ภาคกลาง,740,14234
2026-09-05,GL-B-014,ภาคตะวันออก,588,9672
2026-09-05,GL-B-014,ภาคเหนือ,471,8404
2026-09-05,GL-B-014,ภาคใต้,593,12642
2026-09-05,MK-C-028,กรุงเทพฯ,703,13847
2026-09-05,MK-C-028,ภาคกลาง,581,8564
2026-09-05,MK-C-028,ภาคตะวันออก,438,6937
2026-09-05,MK-C-028,ภาคเหนือ,394,6801
2026-09-05,MK-C-028,ภาคใต้,476,7852
2026-09-05,SY-D-039,กรุงเทพฯ,478,7374
2026-09-05,SY-D-039,ภาคกลาง,329,5883
2026-09-05,SY-D-039,ภาคตะวันออก,296,5125
2026-09-05,SY-D-039,ภาคเหนือ,262,4863
2026-09-05,SY-D-039,ภาคใต้,311,5745
2026-09-05,AG-E-052,กรุงเทพฯ,132,2402
2026-09-05,AG-E-052,ภาคกลาง,112,1749
2026-09-05,AG-E-052,ภาคตะวันออก,87,1589
2026-09-05,AG-E-052,ภาคเหนือ,77,1181
2026-09-05,AG-E-052,ภาคใต้,94,1816
2026-09-06,TK-A-001,กรุงเทพฯ,186,3698
2026-09-06,TK-A-001,ภาคกลาง,155,2233
2026-09-06,TK-A-001,ภาคตะวันออก,111,1925
2026-09-06,TK-A-001,ภาคเหนือ,89,1775
2026-09-06,TK-A-001,ภาคใต้,126,2073
2026-09-06,GL-B-014,กรุงเทพฯ,934,18303
2026-09-06,GL-B-014,ภาคกลาง,742,14565
2026-09-06,GL-B-014,ภาคตะวันออก,555,8958
2026-09-06,GL-B-014,ภาคเหนือ,536,8480
2026-09-06,GL-B-014,ภาคใต้,625,12715
2026-09-06,MK-C-028,กรุงเทพฯ,731,13201
2026-09-06,MK-C-028,ภาคกลาง,510,11149
2026-09-06,MK-C-028,ภาคตะวันออก,433,7137
2026-09-06,MK-C-028,ภาคเหนือ,393,6643
2026-09-06,MK-C-028,ภาคใต้,430,8796
2026-09-06,SY-D-039,กรุงเทพฯ,446,8706
2026-09-06,SY-D-039,ภาคกลาง,368,5928
2026-09-06,SY-D-039,ภาคตะวันออก,279,5035
2026-09-06,SY-D-039,ภาคเหนือ,251,4694
2026-09-06,SY-D-039,ภาคใต้,293,5567
2026-09-06,AG-E-052,กรุงเทพฯ,144,2237
2026-09-06,AG-E-052,ภาคกลาง,101,1990
2026-09-06,AG-E-052,ภาคตะวันออก,77,1671
2026-09-06,AG-E-052,ภาคเหนือ,65,1406
2026-09-06,AG-E-052,ภาคใต้,96,1652
2026-09-07,TK-A-001,กรุงเทพฯ,193,3020
2026-09-07,TK-A-001,ภาคกลาง,140,2858
2026-09-07,TK-A-001,ภาคตะวันออก,102,1714
2026-09-07,TK-A-001,ภาคเหนือ,99,1952
2026-09-07,TK-A-001,ภาคใต้,114,2248
2026-09-07,GL-B-014,กรุงเทพฯ,986,17902
2026-09-07,GL-B-014,ภาคกลาง,675,13633
2026-09-07,GL-B-014,ภาคตะวันออก,572,9682
2026-09-07,GL-B-014,ภาคเหนือ,541,9194
2026-09-07,GL-B-014,ภาคใต้,663,9973
2026-09-07,MK-C-028,กรุงเทพฯ,666,13870
2026-09-07,MK-C-028,ภาคกลาง,498,9749
2026-09-07,MK-C-028,ภาคตะวันออก,413,6266
2026-09-07,MK-C-028,ภาคเหนือ,365,6408
2026-09-07,MK-C-028,ภาคใต้,424,8644
2026-09-07,SY-D-039,กรุงเทพฯ,473,7561
2026-09-07,SY-D-039,ภาคกลาง,346,6952
2026-09-07,SY-D-039,ภาคตะวันออก,289,4535
2026-09-07,SY-D-039,ภาคเหนือ,230,4367
2026-09-07,SY-D-039,ภาคใต้,313,5168
2026-09-07,AG-E-052,กรุงเทพฯ,131,2462
2026-09-07,AG-E-052,ภาคกลาง,102,1821
2026-09-07,AG-E-052,ภาคตะวันออก,79,1377
2026-09-07,AG-E-052,ภาคเหนือ,74,1124
2026-09-07,AG-E-052,ภาคใต้,84,1562
2026-09-08,TK-A-001,กรุงเทพฯ,178,3494
2026-09-08,TK-A-001,ภาคกลาง,154,2247
2026-09-08,TK-A-001,ภาคตะวันออก,107,2132
2026-09-08,TK-A-001,ภาคเหนือ,98,1736
2026-09-08,TK-A-001,ภาคใต้,112,2187
2026-09-08,GL-B-014,กรุงเทพฯ,1001,18361
2026-09-08,GL-B-014,ภาคกลาง,676,12435
2026-09-08,GL-B-014,ภาคตะวันออก,595,10902
2026-09-08,GL-B-014,ภาคเหนือ,540,9286
2026-09-08,GL-B-014,ภาคใต้,583,12076
2026-09-08,MK-C-028,กรุงเทพฯ,692,13168
2026-09-08,MK-C-028,ภาคกลาง,582,10922
2026-09-08,MK-C-028,ภาคตะวันออก,407,6956
2026-09-08,MK-C-028,ภาคเหนือ,379,6011
2026-09-08,MK-C-028,ภาคใต้,406,8674
2026-09-08,SY-D-039,กรุงเทพฯ,426,9033
2026-09-08,SY-D-039,ภาคกลาง,373,7450
2026-09-08,SY-D-039,ภาคตะวันออก,296,5560
2026-09-08,SY-D-039,ภาคเหนือ,248,3919
2026-09-08,SY-D-039,ภาคใต้,283,5223
2026-09-08,AG-E-052,กรุงเทพฯ,145,2198
2026-09-08,AG-E-052,ภาคกลาง,102,1775
2026-09-08,AG-E-052,ภาคตะวันออก,82,1325
2026-09-08,AG-E-052,ภาคเหนือ,79,1229
2026-09-08,AG-E-052,ภาคใต้,97,1667
2026-09-09,TK-A-001,กรุงเทพฯ,180,2828
2026-09-09,TK-A-001,ภาคกลาง,156,2721
2026-09-09,TK-A-001,ภาคตะวันออก,111,1861
2026-09-09,TK-A-001,ภาคเหนือ,87,1696
2026-09-09,TK-A-001,ภาคใต้,126,2423
2026-09-09,GL-B-014,กรุงเทพฯ,951,18197
2026-09-09,GL-B-014,ภาคกลาง,788,13574
2026-09-09,GL-B-014,ภาคตะวันออก,546,9623
2026-09-09,GL-B-014,ภาคเหนือ,458,9289
2026-09-09,GL-B-014,ภาคใต้,623,9580
2026-09-09,MK-C-028,กรุงเทพฯ,663,10456
2026-09-09,MK-C-028,ภาคกลาง,574,11134
2026-09-09,MK-C-028,ภาคตะวันออก,420,6807
2026-09-09,MK-C-028,ภาคเหนือ,372,6782
2026-09-09,MK-C-028,ภาคใต้,481,8862
2026-09-09,SY-D-039,กรุงเทพฯ,458,9282
2026-09-09,SY-D-039,ภาคกลาง,365,6414
2026-09-09,SY-D-039,ภาคตะวันออก,249,5405
2026-09-09,SY-D-039,ภาคเหนือ,235,4344
2026-09-09,SY-D-039,ภาคใต้,275,5776
2026-09-09,AG-E-052,กรุงเทพฯ,129,2088
2026-09-09,AG-E-052,ภาคกลาง,113,1936
2026-09-09,AG-E-052,ภาคตะวันออก,89,1377
2026-09-09,AG-E-052,ภาคเหนือ,67,1292
2026-09-09,AG-E-052,ภาคใต้,86,1706
2026-09-10,TK-A-001,กรุงเทพฯ,189,2886
2026-09-10,TK-A-001,ภาคกลาง,139,2858
2026-09-10,TK-A-001,ภาคตะวันออก,103,1764
2026-09-10,TK-A-001,ภาคเหนือ,89,1827
2026-09-10,TK-A-001,ภาคใต้,110,1900
2026-09-10,GL-B-014,กรุงเทพฯ,865,15250
2026-09-10,GL-B-014,ภาคกลาง,784,14474
2026-09-10,GL-B-014,ภาคตะวันออก,574,10750
2026-09-10,GL-B-014,ภาคเหนือ,510,9326
2026-09-10,GL-B-014,ภาคใต้,569,9627
2026-09-10,MK-C-028,กรุงเทพฯ,662,10478
2026-09-10,MK-C-028,ภาคกลาง,545,10246
2026-09-10,MK-C-028,ภาคตะวันออก,375,8347
2026-09-10,MK-C-028,ภาคเหนือ,365,6795
2026-09-10,MK-C-028,ภาคใต้,421,7301
2026-09-10,SY-D-039,กรุงเทพฯ,438,8169
2026-09-10,SY-D-039,ภาคกลาง,325,6882
2026-09-10,SY-D-039,ภาคตะวันออก,250,4449
2026-09-10,SY-D-039,ภาคเหนือ,253,4559
2026-09-10,SY-D-039,ภาคใต้,313,5194
2026-09-10,AG-E-052,กรุงเทพฯ,124,2706
2026-09-10,AG-E-052,ภาคกลาง,101,2218
2026-09-10,AG-E-052,ภาคตะวันออก,85,1261
2026-09-10,AG-E-052,ภาคเหนือ,76,1271
2026-09-10,AG-E-052,ภาคใต้,97,1683
2026-09-11,TK-A-001,กรุงเทพฯ,187,3333
2026-09-11,TK-A-001,ภาคกลาง,153,2839
2026-09-11,TK-A-001,ภาคตะวันออก,100,1746
2026-09-11,TK-A-001,ภาคเหนือ,105,1639
2026-09-11,TK-A-001,ภาคใต้,127,2203
2026-09-11,GL-B-014,กรุงเทพฯ,925,15886
2026-09-11,GL-B-014,ภาคกลาง,682,12897
2026-09-11,GL-B-014,ภาคตะวันออก,607,9512
2026-09-11,GL-B-014,ภาคเหนือ,459,9166
2026-09-11,GL-B-014,ภาคใต้,676,12787
2026-09-11,MK-C-028,กรุงเทพฯ,730,12201
2026-09-11,MK-C-028,ภาคกลาง,519,8965
2026-09-11,MK-C-028,ภาคตะวันออก,422,6429
2026-09-11,MK-C-028,ภาคเหนือ,369,5648
2026-09-11,MK-C-028,ภาคใต้,478,9043
2026-09-11,SY-D-039,กรุงเทพฯ,426,8937
2026-09-11,SY-D-039,ภาคกลาง,342,7184
2026-09-11,SY-D-039,ภาคตะวันออก,262,4355
2026-09-11,SY-D-039,ภาคเหนือ,263,3732
2026-09-11,SY-D-039,ภาคใต้,327,5334
2026-09-11,AG-E-052,กรุงเทพฯ,138,2450
2026-09-11,AG-E-052,ภาคกลาง,112,1671
2026-09-11,AG-E-052,ภาคตะวันออก,89,1316
2026-09-11,AG-E-052,ภาคเหนือ,66,1475
2026-09-11,AG-E-052,ภาคใต้,92,1568
2026-09-12,TK-A-001,กรุงเทพฯ,190,3006
2026-09-12,TK-A-001,ภาคกลาง,144,2649
2026-09-12,TK-A-001,ภาคตะวันออก,117,1838
2026-09-12,TK-A-001,ภาคเหนือ,91,1529
2026-09-12,TK-A-001,ภาคใต้,111,1980
2026-09-12,GL-B-014,กรุงเทพฯ,925,15134
2026-09-12,GL-B-014,ภาคกลาง,813,14246
2026-09-12,GL-B-014,ภาคตะวันออก,604,10156
2026-09-12,GL-B-014,ภาคเหนือ,476,9686
2026-09-12,GL-B-014,ภาคใต้,588,10081
2026-09-12,MK-C-028,กรุงเทพฯ,627,11080
2026-09-12,MK-C-028,ภาคกลาง,537,9895
2026-09-12,MK-C-028,ภาคตะวันออก,380,7250
2026-09-12,MK-C-028,ภาคเหนือ,352,6758
2026-09-12,MK-C-028,ภาคใต้,410,9268
2026-09-12,SY-D-039,กรุงเทพฯ,413,7096
2026-09-12,SY-D-039,ภาคกลาง,345,6106
2026-09-12,SY-D-039,ภาคตะวันออก,280,4528
2026-09-12,SY-D-039,ภาคเหนือ,237,3846
2026-09-12,SY-D-039,ภาคใต้,315,4624
2026-09-12,AG-E-052,กรุงเทพฯ,141,2086
2026-09-12,AG-E-052,ภาคกลาง,104,1748
2026-09-12,AG-E-052,ภาคตะวันออก,78,1258
2026-09-12,AG-E-052,ภาคเหนือ,78,1232
2026-09-12,AG-E-052,ภาคใต้,83,1416
2026-09-13,TK-A-001,กรุงเทพฯ,180,3396
2026-09-13,TK-A-001,ภาคกลาง,133,2428
2026-09-13,TK-A-001,ภาคตะวันออก,106,1764
2026-09-13,TK-A-001,ภาคเหนือ,87,1483
2026-09-13,TK-A-001,ภาคใต้,121,2007
2026-09-13,GL-B-014,กรุงเทพฯ,887,14935
2026-09-13,GL-B-014,ภาคกลาง,818,11944
2026-09-13,GL-B-014,ภาคตะวันออก,598,10274
2026-09-13,GL-B-014,ภาคเหนือ,532,9196
2026-09-13,GL-B-014,ภาคใต้,678,11510
2026-09-13,MK-C-028,กรุงเทพฯ,721,11639
2026-09-13,MK-C-028,ภาคกลาง,553,8715
2026-09-13,MK-C-028,ภาคตะวันออก,416,7189
2026-09-13,MK-C-028,ภาคเหนือ,366,5581
2026-09-13,MK-C-028,ภาคใต้,446,9275
2026-09-13,SY-D-039,กรุงเทพฯ,440,7031
2026-09-13,SY-D-039,ภาคกลาง,371,7191
2026-09-13,SY-D-039,ภาคตะวันออก,292,4595
2026-09-13,SY-D-039,ภาคเหนือ,217,4280
2026-09-13,SY-D-039,ภาคใต้,272,4844
2026-09-13,AG-E-052,กรุงเทพฯ,134,2276
2026-09-13,AG-E-052,ภาคกลาง,101,1994
2026-09-13,AG-E-052,ภาคตะวันออก,88,1256
2026-09-13,AG-E-052,ภาคเหนือ,79,1160
2026-09-13,AG-E-052,ภาคใต้,97,1771
2026-09-14,TK-A-001,กรุงเทพฯ,197,3275
2026-09-14,TK-A-001,ภาคกลาง,149,2346
2026-09-14,TK-A-001,ภาคตะวันออก,112,1893
2026-09-14,TK-A-001,ภาคเหนือ,100,1694
2026-09-14,TK-A-001,ภาคใต้,129,2021
2026-09-14,GL-B-014,กรุงเทพฯ,838,15372
2026-09-14,GL-B-014,ภาคกลาง,679,12901
2026-09-14,GL-B-014,ภาคตะวันออก,601,9833
2026-09-14,GL-B-014,ภาคเหนือ,542,9716
2026-09-14,GL-B-014,ภาคใต้,627,12671
2026-09-14,MK-C-028,กรุงเทพฯ,690,12139
2026-09-14,MK-C-028,ภาคกลาง,593,10399
2026-09-14,MK-C-028,ภาคตะวันออก,380,8057
2026-09-14,MK-C-028,ภาคเหนือ,363,6064
2026-09-14,MK-C-028,ภาคใต้,433,8717
2026-09-14,SY-D-039,กรุงเทพฯ,477,7913
2026-09-14,SY-D-039,ภาคกลาง,352,6720
2026-09-14,SY-D-039,ภาคตะวันออก,294,4222
2026-09-14,SY-D-039,ภาคเหนือ,237,4640
2026-09-14,SY-D-039,ภาคใต้,297,5005
2026-09-14,AG-E-052,กรุงเทพฯ,129,2626
2026-09-14,AG-E-052,ภาคกลาง,118,2134
2026-09-14,AG-E-052,ภาคตะวันออก,76,1383
2026-09-14,AG-E-052,ภาคเหนือ,75,1201
2026-09-14,AG-E-052,ภาคใต้,85,1430
2026-09-15,TK-A-001,กรุงเทพฯ,190,3450
2026-09-15,TK-A-001,ภาคกลาง,158,2839
2026-09-15,TK-A-001,ภาคตะวันออก,115,1873
2026-09-15,TK-A-001,ภาคเหนือ,99,1917
2026-09-15,TK-A-001,ภาคใต้,122,2095
2026-09-15,GL-B-014,กรุงเทพฯ,993,18023
2026-09-15,GL-B-014,ภาคกลาง,688,12282
2026-09-15,GL-B-014,ภาคตะวันออก,572,9909
2026-09-15,GL-B-014,ภาคเหนือ,450,7802
2026-09-15,GL-B-014,ภาคใต้,585,10317
2026-09-15,MK-C-028,กรุงเทพฯ,713,13354
2026-09-15,MK-C-028,ภาคกลาง,585,10772
2026-09-15,MK-C-028,ภาคตะวันออก,436,7413
2026-09-15,MK-C-028,ภาคเหนือ,395,7163
2026-09-15,MK-C-028,ภาคใต้,411,8130
2026-09-15,SY-D-039,กรุงเทพฯ,494,8211
2026-09-15,SY-D-039,ภาคกลาง,327,6196
2026-09-15,SY-D-039,ภาคตะวันออก,244,4170
2026-09-15,SY-D-039,ภาคเหนือ,236,4670
2026-09-15,SY-D-039,ภาคใต้,319,6118
2026-09-15,AG-E-052,กรุงเทพฯ,145,2730
2026-09-15,AG-E-052,ภาคกลาง,111,1746
2026-09-15,AG-E-052,ภาคตะวันออก,83,1354
2026-09-15,AG-E-052,ภาคเหนือ,72,1299
2026-09-15,AG-E-052,ภาคใต้,95,1783
2026-09-16,TK-A-001,กรุงเทพฯ,162,2896
2026-09-16,TK-A-001,ภาคกลาง,140,2855
2026-09-16,TK-A-001,ภาคตะวันออก,115,1841
2026-09-16,TK-A-001,ภาคเหนือ,93,1576
2026-09-16,TK-A-001,ภาคใต้,132,2173
2026-09-16,GL-B-014,กรุงเทพฯ,852,17402
2026-09-16,GL-B-014,ภาคกลาง,695,12492
2026-09-16,GL-B-014,ภาคตะวันออก,534,11472
2026-09-16,GL-B-014,ภาคเหนือ,477,8057
2026-09-16,GL-B-014,ภาคใต้,579,10233
2026-09-16,MK-C-028,กรุงเทพฯ,741,13229
2026-09-16,MK-C-028,ภาคกลาง,516,9349
2026-09-16,MK-C-028,ภาคตะวันออก,372,7549
2026-09-16,MK-C-028,ภาคเหนือ,351,7173
2026-09-16,MK-C-028,ภาคใต้,440,7252
2026-09-16,SY-D-039,กรุงเทพฯ,472,7962
2026-09-16,SY-D-039,ภาคกลาง,357,7085
2026-09-16,SY-D-039,ภาคตะวันออก,279,5188
2026-09-16,SY-D-039,ภาคเหนือ,260,4073
2026-09-16,SY-D-039,ภาคใต้,273,5542
2026-09-16,AG-E-052,กรุงเทพฯ,144,2471
2026-09-16,AG-E-052,ภาคกลาง,103,1836
2026-09-16,AG-E-052,ภาคตะวันออก,73,1399
2026-09-16,AG-E-052,ภาคเหนือ,65,1179
2026-09-16,AG-E-052,ภาคใต้,84,1597
2026-09-17,TK-A-001,กรุงเทพฯ,170,3546
2026-09-17,TK-A-001,ภาคกลาง,140,2608
2026-09-17,TK-A-001,ภาคตะวันออก,114,1854
2026-09-17,TK-A-001,ภาคเหนือ,99,1684
2026-09-17,TK-A-001,ภาคใต้,128,2217
2026-09-17,GL-B-014,กรุงเทพฯ,1020,17455
2026-09-17,GL-B-014,ภาคกลาง,802,13539
2026-09-17,GL-B-014,ภาคตะวันออก,502,10809
2026-09-17,GL-B-014,ภาคเหนือ,451,9467
2026-09-17,GL-B-014,ภาคใต้,580,10704
2026-09-17,MK-C-028,กรุงเทพฯ,706,12218
2026-09-17,MK-C-028,ภาคกลาง,533,10641
2026-09-17,MK-C-028,ภาคตะวันออก,408,7345
2026-09-17,MK-C-028,ภาคเหนือ,342,6995
2026-09-17,MK-C-028,ภาคใต้,436,7287
2026-09-17,SY-D-039,กรุงเทพฯ,450,7350
2026-09-17,SY-D-039,ภาคกลาง,364,6264
2026-09-17,SY-D-039,ภาคตะวันออก,247,5017
2026-09-17,SY-D-039,ภาคเหนือ,238,4207
2026-09-17,SY-D-039,ภาคใต้,278,5369
2026-09-17,AG-E-052,กรุงเทพฯ,142,2287
2026-09-17,AG-E-052,ภาคกลาง,108,1729
2026-09-17,AG-E-052,ภาคตะวันออก,87,1353
2026-09-17,AG-E-052,ภาคเหนือ,75,1345
2026-09-17,AG-E-052,ภาคใต้,93,1739
2026-09-18,TK-A-001,กรุงเทพฯ,179,3163
2026-09-18,TK-A-001,ภาคกลาง,137,2855
2026-09-18,TK-A-001,ภาคตะวันออก,115,2118
2026-09-18,TK-A-001,ภาคเหนือ,87,1725
2026-09-18,TK-A-001,ภาคใต้,109,2045
2026-09-18,GL-B-014,กรุงเทพฯ,1008,16895
2026-09-18,GL-B-014,ภาคกลาง,683,14849
2026-09-18,GL-B-014,ภาคตะวันออก,503,10210
2026-09-18,GL-B-014,ภาคเหนือ,472,10095
2026-09-18,GL-B-014,ภาคใต้,608,10049
2026-09-18,MK-C-028,กรุงเทพฯ,662,11730
2026-09-18,MK-C-028,ภาคกลาง,514,8607
2026-09-18,MK-C-028,ภาคตะวันออก,415,7640
2026-09-18,MK-C-028,ภาคเหนือ,393,6049
2026-09-18,MK-C-028,ภาคใต้,438,7416
2026-09-18,SY-D-039,กรุงเทพฯ,446,8333
2026-09-18,SY-D-039,ภาคกลาง,371,7076
2026-09-18,SY-D-039,ภาคตะวันออก,271,4716
2026-09-18,SY-D-039,ภาคเหนือ,232,4508
2026-09-18,SY-D-039,ภาคใต้,283,5752
2026-09-18,AG-E-052,กรุงเทพฯ,124,2629
2026-09-18,AG-E-052,ภาคกลาง,97,1923
2026-09-18,AG-E-052,ภาคตะวันออก,78,1274
2026-09-18,AG-E-052,ภาคเหนือ,68,1369
2026-09-18,AG-E-052,ภาคใต้,99,1754
2026-09-19,TK-A-001,กรุงเทพฯ,192,2972
2026-09-19,TK-A-001,ภาคกลาง,147,2465
2026-09-19,TK-A-001,ภาคตะวันออก,113,1892
2026-09-19,TK-A-001,ภาคเหนือ,95,1550
2026-09-19,TK-A-001,ภาคใต้,129,2333
2026-09-19,GL-B-014,กรุงเทพฯ,930,16565
2026-09-19,GL-B-014,ภาคกลาง,713,14455
2026-09-19,GL-B-014,ภาคตะวันออก,557,9250
2026-09-19,GL-B-014,ภาคเหนือ,499,7790
2026-09-19,GL-B-014,ภาคใต้,612,9936
2026-09-19,MK-C-028,กรุงเทพฯ,739,13818
2026-09-19,MK-C-028,ภาคกลาง,534,10423
2026-09-19,MK-C-028,ภาคตะวันออก,399,7619
2026-09-19,MK-C-028,ภาคเหนือ,342,6662
2026-09-19,MK-C-028,ภาคใต้,466,9144
2026-09-19,SY-D-039,กรุงเทพฯ,425,8806
2026-09-19,SY-D-039,ภาคกลาง,327,5910
2026-09-19,SY-D-039,ภาคตะวันออก,249,4405
2026-09-19,SY-D-039,ภาคเหนือ,259,4740
2026-09-19,SY-D-039,ภาคใต้,302,5311
2026-09-19,AG-E-052,กรุงเทพฯ,148,2372
2026-09-19,AG-E-052,ภาคกลาง,104,1909
2026-09-19,AG-E-052,ภาคตะวันออก,86,1468
2026-09-19,AG-E-052,ภาคเหนือ,76,1419
2026-09-19,AG-E-052,ภาคใต้,88,1740
2026-09-20,TK-A-001,กรุงเทพฯ,191,3423
2026-09-20,TK-A-001,ภาคกลาง,143,2391
2026-09-20,TK-A-001,ภาคตะวันออก,111,2087
2026-09-20,TK-A-001,ภาคเหนือ,97,1620
2026-09-20,TK-A-001,ภาคใต้,125,2030
2026-09-20,GL-B-014,กรุงเทพฯ,964,15157
2026-09-20,GL-B-014,ภาคกลาง,818,11504
2026-09-20,GL-B-014,ภาคตะวันออก,544,10827
2026-09-20,GL-B-014,ภาคเหนือ,488,8738
2026-09-20,GL-B-014,ภาคใต้,668,10392
2026-09-20,MK-C-028,กรุงเทพฯ,734,11185
2026-09-20,MK-C-028,ภาคกลาง,514,9569
2026-09-20,MK-C-028,ภาคตะวันออก,418,6972
2026-09-20,MK-C-028,ภาคเหนือ,354,7281
2026-09-20,MK-C-028,ภาคใต้,415,6994
2026-09-20,SY-D-039,กรุงเทพฯ,419,7650
2026-09-20,SY-D-039,ภาคกลาง,349,6225
2026-09-20,SY-D-039,ภาคตะวันออก,250,5389
2026-09-20,SY-D-039,ภาคเหนือ,249,3920
2026-09-20,SY-D-039,ภาคใต้,297,4760
2026-09-20,AG-E-052,กรุงเทพฯ,128,2234
2026-09-20,AG-E-052,ภาคกลาง,105,1726
2026-09-20,AG-E-052,ภาคตะวันออก,76,1649
2026-09-20,AG-E-052,ภาคเหนือ,69,1312
2026-09-20,AG-E-052,ภาคใต้,87,1471
2026-09-21,TK-A-001,กรุงเทพฯ,165,3653
2026-09-21,TK-A-001,ภาคกลาง,132,2305
2026-09-21,TK-A-001,ภาคตะวันออก,102,1987
2026-09-21,TK-A-001,ภาคเหนือ,90,1762
2026-09-21,TK-A-001,ภาคใต้,120,2312
2026-09-21,GL-B-014,กรุงเทพฯ,879,18291
2026-09-21,GL-B-014,ภาคกลาง,692,14181
2026-09-21,GL-B-014,ภาคตะวันออก,521,11181
2026-09-21,GL-B-014,ภาคเหนือ,531,8606
2026-09-21,GL-B-014,ภาคใต้,564,10751
2026-09-21,MK-C-028,กรุงเทพฯ,689,11503
2026-09-21,MK-C-028,ภาคกลาง,592,9909
2026-09-21,MK-C-028,ภาคตะวันออก,420,6616
2026-09-21,MK-C-028,ภาคเหนือ,376,6181
2026-09-21,MK-C-028,ภาคใต้,430,7432
2026-09-21,SY-D-039,กรุงเทพฯ,470,7495
2026-09-21,SY-D-039,ภาคกลาง,338,5954
2026-09-21,SY-D-039,ภาคตะวันออก,295,5042
2026-09-21,SY-D-039,ภาคเหนือ,261,3722
2026-09-21,SY-D-039,ภาคใต้,285,5511
2026-09-21,AG-E-052,กรุงเทพฯ,124,2475
2026-09-21,AG-E-052,ภาคกลาง,112,1878
2026-09-21,AG-E-052,ภาคตะวันออก,83,1599
2026-09-21,AG-E-052,ภาคเหนือ,73,1318
2026-09-21,AG-E-052,ภาคใต้,94,1677
2026-09-22,TK-A-001,กรุงเทพฯ,184,3234
2026-09-22,TK-A-001,ภาคกลาง,135,2741
2026-09-22,TK-A-001,ภาคตะวันออก,117,2011
2026-09-22,TK-A-001,ภาคเหนือ,95,1772
2026-09-22,TK-A-001,ภาคใต้,117,2147
2026-09-22,GL-B-014,กรุงเทพฯ,1016,16743
2026-09-22,GL-B-014,ภาคกลาง,790,11452
2026-09-22,GL-B-014,ภาคตะวันออก,536,11221
2026-09-22,GL-B-014,ภาคเหนือ,536,7860
2026-09-22,GL-B-014,ภาคใต้,575,11488
2026-09-22,MK-C-028,กรุงเทพฯ,715,13967
2026-09-22,MK-C-028,ภาคกลาง,511,10393
2026-09-22,MK-C-028,ภาคตะวันออก,372,7177
2026-09-22,MK-C-028,ภาคเหนือ,326,6757
2026-09-22,MK-C-028,ภาคใต้,406,7838
2026-09-22,SY-D-039,กรุงเทพฯ,428,8499
2026-09-22,SY-D-039,ภาคกลาง,377,6710
2026-09-22,SY-D-039,ภาคตะวันออก,291,4828
2026-09-22,SY-D-039,ภาคเหนือ,245,4757
2026-09-22,SY-D-039,ภาคใต้,284,5032
2026-09-22,AG-E-052,กรุงเทพฯ,148,2760
2026-09-22,AG-E-052,ภาคกลาง,97,1695
2026-09-22,AG-E-052,ภาคตะวันออก,88,1478
2026-09-22,AG-E-052,ภาคเหนือ,76,1444
2026-09-22,AG-E-052,ภาคใต้,95,1783
2026-09-23,TK-A-001,กรุงเทพฯ,163,3263
2026-09-23,TK-A-001,ภาคกลาง,146,2694
2026-09-23,TK-A-001,ภาคตะวันออก,111,1852
2026-09-23,TK-A-001,ภาคเหนือ,104,1496
2026-09-23,TK-A-001,ภาคใต้,126,1912
2026-09-23,GL-B-014,กรุงเทพฯ,885,14259
2026-09-23,GL-B-014,ภาคกลาง,703,14908
2026-09-23,GL-B-014,ภาคตะวันออก,529,10710
2026-09-23,GL-B-014,ภาคเหนือ,450,8820
2026-09-23,GL-B-014,ภาคใต้,608,12262
2026-09-23,MK-C-028,กรุงเทพฯ,677,13943
2026-09-23,MK-C-028,ภาคกลาง,512,10506
2026-09-23,MK-C-028,ภาคตะวันออก,378,7648
2026-09-23,MK-C-028,ภาคเหนือ,368,6538
2026-09-23,MK-C-028,ภาคใต้,438,7955
2026-09-23,SY-D-039,กรุงเทพฯ,478,9292
2026-09-23,SY-D-039,ภาคกลาง,359,6681
2026-09-23,SY-D-039,ภาคตะวันออก,297,4693
2026-09-23,SY-D-039,ภาคเหนือ,263,4012
2026-09-23,SY-D-039,ภาคใต้,308,5643
2026-09-23,AG-E-052,กรุงเทพฯ,132,2231
2026-09-23,AG-E-052,ภาคกลาง,101,2039
2026-09-23,AG-E-052,ภาคตะวันออก,85,1623
2026-09-23,AG-E-052,ภาคเหนือ,70,1359
2026-09-23,AG-E-052,ภาคใต้,90,1830
2026-09-24,TK-A-001,กรุงเทพฯ,174,3073
2026-09-24,TK-A-001,ภาคกลาง,146,2391
2026-09-24,TK-A-001,ภาคตะวันออก,116,1843
2026-09-24,TK-A-001,ภาคเหนือ,91,1473
2026-09-24,TK-A-001,ภาคใต้,124,2034
2026-09-24,GL-B-014,กรุงเทพฯ,852,14589
2026-09-24,GL-B-014,ภาคกลาง,790,13890
2026-09-24,GL-B-014,ภาคตะวันออก,603,8959
2026-09-24,GL-B-014,ภาคเหนือ,465,8440
2026-09-24,GL-B-014,ภาคใต้,637,9908
2026-09-24,MK-C-028,กรุงเทพฯ,694,10624
2026-09-24,MK-C-028,ภาคกลาง,543,11073
2026-09-24,MK-C-028,ภาคตะวันออก,440,6788
2026-09-24,MK-C-028,ภาคเหนือ,349,6579
2026-09-24,MK-C-028,ภาคใต้,483,7355
2026-09-24,SY-D-039,กรุงเทพฯ,468,8599
2026-09-24,SY-D-039,ภาคกลาง,330,5920
2026-09-24,SY-D-039,ภาคตะวันออก,270,4550
2026-09-24,SY-D-039,ภาคเหนือ,238,4202
2026-09-24,SY-D-039,ภาคใต้,283,5983
2026-09-24,AG-E-052,กรุงเทพฯ,122,2684
2026-09-24,AG-E-052,ภาคกลาง,104,1970
2026-09-24,AG-E-052,ภาคตะวันออก,88,1538
2026-09-24,AG-E-052,ภาคเหนือ,69,1471
2026-09-24,AG-E-052,ภาคใต้,99,1682
2026-09-25,TK-A-001,กรุงเทพฯ,194,3076
2026-09-25,TK-A-001,ภาคกลาง,139,2653
2026-09-25,TK-A-001,ภาคตะวันออก,116,1851
2026-09-25,TK-A-001,ภาคเหนือ,102,1662
2026-09-25,TK-A-001,ภาคใต้,126,1869
2026-09-25,GL-B-014,กรุงเทพฯ,1001,19030
2026-09-25,GL-B-014,ภาคกลาง,774,11811
2026-09-25,GL-B-014,ภาคตะวันออก,517,10042
2026-09-25,GL-B-014,ภาคเหนือ,469,8020
2026-09-25,GL-B-014,ภาคใต้,639,10140
2026-09-25,MK-C-028,กรุงเทพฯ,608,13920
2026-09-25,MK-C-028,ภาคกลาง,578,10522
2026-09-25,MK-C-028,ภาคตะวันออก,424,8153
2026-09-25,MK-C-028,ภาคเหนือ,385,5510
2026-09-25,MK-C-028,ภาคใต้,418,7787
2026-09-25,SY-D-039,กรุงเทพฯ,487,8468
2026-09-25,SY-D-039,ภาคกลาง,387,5588
2026-09-25,SY-D-039,ภาคตะวันออก,243,5245
2026-09-25,SY-D-039,ภาคเหนือ,227,4164
2026-09-25,SY-D-039,ภาคใต้,287,4843
2026-09-25,AG-E-052,กรุงเทพฯ,123,2645
2026-09-25,AG-E-052,ภาคกลาง,98,1934
2026-09-25,AG-E-052,ภาคตะวันออก,74,1667
2026-09-25,AG-E-052,ภาคเหนือ,73,1238
2026-09-25,AG-E-052,ภาคใต้,90,1697
2026-09-26,TK-A-001,กรุงเทพฯ,197,2999
2026-09-26,TK-A-001,ภาคกลาง,150,2334
2026-09-26,TK-A-001,ภาคตะวันออก,109,1852
2026-09-26,TK-A-001,ภาคเหนือ,94,1688
2026-09-26,TK-A-001,ภาคใต้,123,2037
2026-09-26,GL-B-014,กรุงเทพฯ,967,15487
2026-09-26,GL-B-014,ภาคกลาง,700,14884
2026-09-26,GL-B-014,ภาคตะวันออก,554,9101
2026-09-26,GL-B-014,ภาคเหนือ,542,9329
2026-09-26,GL-B-014,ภาคใต้,609,9903
2026-09-26,MK-C-028,กรุงเทพฯ,628,11964
2026-09-26,MK-C-028,ภาคกลาง,568,9623
2026-09-26,MK-C-028,ภาคตะวันออก,399,6625
2026-09-26,MK-C-028,ภาคเหนือ,330,6820
2026-09-26,MK-C-028,ภาคใต้,432,7039
2026-09-26,SY-D-039,กรุงเทพฯ,490,7723
2026-09-26,SY-D-039,ภาคกลาง,393,6551
2026-09-26,SY-D-039,ภาคตะวันออก,267,4434
2026-09-26,SY-D-039,ภาคเหนือ,247,4251
2026-09-26,SY-D-039,ภาคใต้,310,5716
2026-09-26,AG-E-052,กรุงเทพฯ,144,2230
2026-09-26,AG-E-052,ภาคกลาง,111,2209
2026-09-26,AG-E-052,ภาคตะวันออก,86,1636
2026-09-26,AG-E-052,ภาคเหนือ,71,1282
2026-09-26,AG-E-052,ภาคใต้,88,1688
2026-09-27,TK-A-001,กรุงเทพฯ,175,3367
2026-09-27,TK-A-001,ภาคกลาง,138,2762
2026-09-27,TK-A-001,ภาคตะวันออก,110,1662
2026-09-27,TK-A-001,ภาคเหนือ,97,1681
2026-09-27,TK-A-001,ภาคใต้,118,1883
2026-09-27,GL-B-014,กรุงเทพฯ,983,14631
2026-09-27,GL-B-014,ภาคกลาง,809,13578
2026-09-27,GL-B-014,ภาคตะวันออก,505,9740
2026-09-27,GL-B-014,ภาคเหนือ,492,10049
2026-09-27,GL-B-014,ภาคใต้,676,11587
2026-09-27,MK-C-028,กรุงเทพฯ,636,12311
2026-09-27,MK-C-028,ภาคกลาง,538,9011
2026-09-27,MK-C-028,ภาคตะวันออก,387,6989
2026-09-27,MK-C-028,ภาคเหนือ,348,6517
2026-09-27,MK-C-028,ภาคใต้,436,7691
2026-09-27,SY-D-039,กรุงเทพฯ,454,8169
2026-09-27,SY-D-039,ภาคกลาง,332,7397
2026-09-27,SY-D-039,ภาคตะวันออก,289,4239
2026-09-27,SY-D-039,ภาคเหนือ,249,4525
2026-09-27,SY-D-039,ภาคใต้,296,5122
2026-09-27,AG-E-052,กรุงเทพฯ,133,2474
2026-09-27,AG-E-052,ภาคกลาง,104,2225
2026-09-27,AG-E-052,ภาคตะวันออก,85,1395
2026-09-27,AG-E-052,ภาคเหนือ,73,1326
2026-09-27,AG-E-052,ภาคใต้,82,1440
2026-09-28,TK-A-001,กรุงเทพฯ,178,2816
2026-09-28,TK-A-001,ภาคกลาง,131,2256
2026-09-28,TK-A-001,ภาคตะวันออก,98,2122
2026-09-28,TK-A-001,ภาคเหนือ,96,1921
2026-09-28,TK-A-001,ภาคใต้,112,2231
2026-09-28,GL-B-014,กรุงเทพฯ,953,14322
2026-09-28,GL-B-014,ภาคกลาง,741,13391
2026-09-28,GL-B-014,ภาคตะวันออก,583,9244
2026-09-28,GL-B-014,ภาคเหนือ,463,8297
2026-09-28,GL-B-014,ภาคใต้,613,12409
2026-09-28,MK-C-028,กรุงเทพฯ,670,10497
2026-09-28,MK-C-028,ภาคกลาง,491,8381
2026-09-28,MK-C-028,ภาคตะวันออก,428,7267
2026-09-28,MK-C-028,ภาคเหนือ,352,6746
2026-09-28,MK-C-028,ภาคใต้,407,7382
2026-09-28,SY-D-039,กรุงเทพฯ,457,8559
2026-09-28,SY-D-039,ภาคกลาง,346,6624
2026-09-28,SY-D-039,ภาคตะวันออก,270,5048
2026-09-28,SY-D-039,ภาคเหนือ,234,3877
2026-09-28,SY-D-039,ภาคใต้,315,5234
2026-09-28,AG-E-052,กรุงเทพฯ,130,2225
2026-09-28,AG-E-052,ภาคกลาง,108,1953
2026-09-28,AG-E-052,ภาคตะวันออก,78,1296
2026-09-28,AG-E-052,ภาคเหนือ,70,1305
2026-09-28,AG-E-052,ภาคใต้,95,1707
2026-09-29,TK-A-001,กรุงเทพฯ,184,3149
2026-09-29,TK-A-001,ภาคกลาง,146,2631
2026-09-29,TK-A-001,ภาคตะวันออก,114,2198
2026-09-29,TK-A-001,ภาคเหนือ,103,1710
2026-09-29,TK-A-001,ภาคใต้,128,1843
2026-09-29,GL-B-014,กรุงเทพฯ,955,18235
2026-09-29,GL-B-014,ภาคกลาง,745,13214
2026-09-29,GL-B-014,ภาคตะวันออก,603,10402
2026-09-29,GL-B-014,ภาคเหนือ,472,9885
2026-09-29,GL-B-014,ภาคใต้,668,11155
2026-09-29,MK-C-028,กรุงเทพฯ,619,11654
2026-09-29,MK-C-028,ภาคกลาง,545,9813
2026-09-29,MK-C-028,ภาคตะวันออก,366,7470
2026-09-29,MK-C-028,ภาคเหนือ,332,6253
2026-09-29,MK-C-028,ภาคใต้,433,9209
2026-09-29,SY-D-039,กรุงเทพฯ,438,7731
2026-09-29,SY-D-039,ภาคกลาง,346,6036
2026-09-29,SY-D-039,ภาคตะวันออก,246,5172
2026-09-29,SY-D-039,ภาคเหนือ,250,3903
2026-09-29,SY-D-039,ภาคใต้,328,6072
2026-09-29,AG-E-052,กรุงเทพฯ,142,2699
2026-09-29,AG-E-052,ภาคกลาง,112,1810
2026-09-29,AG-E-052,ภาคตะวันออก,79,1374
2026-09-29,AG-E-052,ภาคเหนือ,77,1218
2026-09-29,AG-E-052,ภาคใต้,87,1691
2026-09-30,TK-A-001,กรุงเทพฯ,176,3626
2026-09-30,TK-A-001,ภาคกลาง,133,2760
2026-09-30,TK-A-001,ภาคตะวันออก,104,2160
2026-09-30,TK-A-001,ภาคเหนือ,88,1853
2026-09-30,TK-A-001,ภาคใต้,128,2236
2026-09-30,GL-B-014,กรุงเทพฯ,996,17594
2026-09-30,GL-B-014,ภาคกลาง,810,15174
2026-09-30,GL-B-014,ภาคตะวันออก,603,10783
2026-09-30,GL-B-014,ภาคเหนือ,519,8407
2026-09-30,GL-B-014,ภาคใต้,616,10229
2026-09-30,MK-C-028,กรุงเทพฯ,616,13896
2026-09-30,MK-C-028,ภาคกลาง,568,9337
2026-09-30,MK-C-028,ภาคตะวันออก,397,8214
2026-09-30,MK-C-028,ภาคเหนือ,381,5779
2026-09-30,MK-C-028,ภาคใต้,489,7750
2026-09-30,SY-D-039,กรุงเทพฯ,494,7270
2026-09-30,SY-D-039,ภาคกลาง,335,6121
2026-09-30,SY-D-039,ภาคตะวันออก,244,5460
2026-09-30,SY-D-039,ภาคเหนือ,253,4580
2026-09-30,SY-D-039,ภาคใต้,297,5046
2026-09-30,AG-E-052,กรุงเทพฯ,133,2488
2026-09-30,AG-E-052,ภาคกลาง,106,2127
2026-09-30,AG-E-052,ภาคตะวันออก,83,1579
2026-09-30,AG-E-052,ภาคเหนือ,67,1245
2026-09-30,AG-E-052,ภาคใต้,96,1855
