sale_date,product_code,region,sales_quantity,inventory
2024-10-01,TK-A-001,กรุงเทพฯ,174,3015
2024-10-01,TK-A-001,ภาคกลาง,135,2838
2024-10-01,TK-A-001,ภาคตะวันออก,108,1789
2024-10-01,TK-A-001,ภาคเหนือ,98,1568
2024-10-01,TK-A-001,ภาคใต้,131,2297
2024-10-01,GL-B-014,กรุงเทพฯ,1011,17700
2024-10-01,GL-B-014,ภาคกลาง,743,13662
2024-10-01,GL-B-014,ภาคตะวันออก,522,8959
2024-10-01,GL-B-014,ภาคเหนือ,493,7951
2024-10-01,GL-B-014,ภาคใต้,567,10241
2024-10-01,MK-C-028,กรุงเทพฯ,671,12360
2024-10-01,MK-C-028,ภาคกลาง,501,10499
2024-10-01,MK-C-028,ภาคตะวันออก,389,7825
2024-10-01,MK-C-028,ภาคเหนือ,355,6348
2024-10-01,MK-C-028,ภาคใต้,425,7916
2024-10-01,SY-D-039,กรุงเทพฯ,482,8042
2024-10-01,SY-D-039,ภาคกลาง,328,7405
2024-10-01,SY-D-039,ภาคตะวันออก,258,4636
2024-10-01,SY-D-039,ภาคเหนือ,217,3676
2024-10-01,SY-D-039,ภาคใต้,309,4937
2024-10-01,AG-E-052,กรุงเทพฯ,124,2684
2024-10-01,AG-E-052,ภาคกลาง,118,2103
2024-10-01,AG-E-052,ภาคตะวันออก,78,1461
2024-10-01,AG-E-052,ภาคเหนือ,76,1441
2024-10-01,AG-E-052,ภาคใต้,94,1684
2024-10-02,TK-A-001,กรุงเทพฯ,180,3571
2024-10-02,TK-A-001,ภาคกลาง,133,2672
2024-10-02,TK-A-001,ภาคตะวันออก,101,1947
2024-10-02,TK-A-001,ภาคเหนือ,90,1897
2024-10-02,TK-A-001,ภาคใต้,117,2071
2024-10-02,GL-B-014,กรุงเทพฯ,919,18151
2024-10-02,GL-B-014,ภาคกลาง,776,12729
2024-10-02,GL-B-014,ภาคตะวันออก,569,9861
2024-10-02,GL-B-014,ภาคเหนือ,476,7694
2024-10-02,GL-B-014,ภาคใต้,569,9725
2024-10-02,MK-C-028,กรุงเทพฯ,626,12574
2024-10-02,MK-C-028,ภาคกลาง,507,10050
2024-10-02,MK-C-028,ภาคตะวันออก,444,7146
2024-10-02,MK-C-028,ภาคเหนือ,345,5599
2024-10-02,MK-C-028,ภาคใต้,418,7544
2024-10-02,SY-D-039,กรุงเทพฯ,459,8157
2024-10-02,SY-D-039,ภาคกลาง,334,7036
2024-10-02,SY-D-039,ภาคตะวันออก,259,4334
2024-10-02,SY-D-039,ภาคเหนือ,247,4134
2024-10-02,SY-D-039,ภาคใต้,325,5585
2024-10-02,AG-E-052,กรุงเทพฯ,133,2525
2024-10-02,AG-E-052,ภาคกลาง,106,1816
2024-10-02,AG-E-052,ภาคตะวันออก,73,1386
2024-10-02,AG-E-052,ภาคเหนือ,68,1154
2024-10-02,AG-E-052,ภาคใต้,90,1487
2024-10-03,TK-A-001,กรุงเทพฯ,182,3585
2024-10-03,TK-A-001,ภาคกลาง,141,2340
2024-10-03,TK-A-001,ภาคตะวันออก,117,2239
2024-10-03,TK-A-001,ภาคเหนือ,105,1889
2024-10-03,TK-A-001,ภาคใต้,122,2441
2024-10-03,GL-B-014,กรุงเทพฯ,841,15373
2024-10-03,GL-B-014,ภาคกลาง,689,15223
2024-10-03,GL-B-014,ภาคตะวันออก,596,10447
2024-10-03,GL-B-014,ภาคเหนือ,528,9951
2024-10-03,GL-B-014,ภาคใต้,650,12718
2024-10-03,MK-C-028,กรุงเทพฯ,634,10446
2024-10-03,MK-C-028,ภาคกลาง,532,10754
2024-10-03,MK-C-028,ภาคตะวันออก,407,6682
2024-10-03,MK-C-028,ภาคเหนือ,359,6458
2024-10-03,MK-C-028,ภาคใต้,445,7822
2024-10-03,SY-D-039,กรุงเทพฯ,480,7379
2024-10-03,SY-D-039,ภาคกลาง,371,7143
2024-10-03,SY-D-039,ภาคตะวันออก,287,5416
2024-10-03,SY-D-039,ภาคเหนือ,244,4131
2024-10-03,SY-D-039,ภาคใต้,284,5382
2024-10-03,AG-E-052,กรุงเทพฯ,131,2420
2024-10-03,AG-E-052,ภาคกลาง,109,1851
2024-10-03,AG-E-052,ภาคตะวันออก,83,1633
2024-10-03,AG-E-052,ภาคเหนือ,68,1449
2024-10-03,AG-E-052,ภาคใต้,96,1670
2024-10-04,TK-A-001,กรุงเทพฯ,182,2912
2024-10-04,TK-A-001,ภาคกลาง,141,2458
2024-10-04,TK-A-001,ภาคตะวันออก,109,1710
2024-10-04,TK-A-001,ภาคเหนือ,89,1710
2024-10-04,TK-A-001,ภาคใต้,114,2154
2024-10-04,GL-B-014,กรุงเทพฯ,978,15869
2024-10-04,GL-B-014,ภาคกลาง,690,12236
2024-10-04,GL-B-014,ภาคตะวันออก,611,10380
2024-10-04,GL-B-014,ภาคเหนือ,523,10074
2024-10-04,GL-B-014,ภาคใต้,563,10584
2024-10-04,MK-C-028,กรุงเทพฯ,642,12231
2024-10-04,MK-C-028,ภาคกลาง,550,10071
2024-10-04,MK-C-028,ภาคตะวันออก,404,8218
2024-10-04,MK-C-028,ภาคเหนือ,353,5835
2024-10-04,MK-C-028,ภาคใต้,477,6981
2024-10-04,SY-D-039,กรุงเทพฯ,489,7308
2024-10-04,SY-D-039,ภาคกลาง,340,7443
2024-10-04,SY-D-039,ภาคตะวันออก,270,4230
2024-10-04,SY-D-039,ภาคเหนือ,223,4820
2024-10-04,SY-D-039,ภาคใต้,298,5321
2024-10-04,AG-E-052,กรุงเทพฯ,124,2608
2024-10-04,AG-E-052,ภาคกลาง,116,2193
2024-10-04,AG-E-052,ภาคตะวันออก,88,1435
2024-10-04,AG-E-052,ภาคเหนือ,72,1417
2024-10-04,AG-E-052,ภาคใต้,93,1718
2024-10-05,TK-A-001,กรุงเทพฯ,195,3644
2024-10-05,TK-A-001,ภาคกลาง,154,2517
2024-10-05,TK-A-001,ภาคตะวันออก,102,2128
2024-10-05,TK-A-001,ภาคเหนือ,106,1976
2024-10-05,TK-A-001,ภาคใต้,109,2092
2024-10-05,GL-B-014,กรุงเทพฯ,954,16736
2024-10-05,GL-B-014,ภาคกลาง,819,13530
2024-10-05,GL-B-014,ภาคตะวันออก,605,10674
2024-10-05,GL-B-014,ภาคเหนือ,459,8034
2024-10-05,GL-B-014,ภาคใต้,676,10118
2024-10-05,MK-C-028,กรุงเทพฯ,686,11083
2024-10-05,MK-C-028,ภาคกลาง,507,9321
2024-10-05,MK-C-028,ภาคตะวันออก,422,8356
2024-10-05,MK-C-028,ภาคเหนือ,360,5626
2024-10-05,MK-C-028,ภาคใต้,465,7302
2024-10-05,SY-D-039,กรุงเทพฯ,488,8850
2024-10-05,SY-D-039,ภาคกลาง,349,6328
2024-10-05,SY-D-039,ภาคตะวันออก,246,4245
2024-10-05,SY-D-039,ภาคเหนือ,218,3831
2024-10-05,SY-D-039,ภาคใต้,320,4923
2024-10-05,AG-E-052,กรุงเทพฯ,128,2090
2024-10-05,AG-E-052,ภาคกลาง,112,2025
2024-10-05,AG-E-052,ภาคตะวันออก,79,1543
2024-10-05,AG-E-052,ภาคเหนือ,76,1393
2024-10-05,AG-E-052,ภาคใต้,91,1789
2024-10-06,TK-A-001,กรุงเทพฯ,194,3182
2024-10-06,TK-A-001,ภาคกลาง,144,2463
2024-10-06,TK-A-001,ภาคตะวันออก,104,1745
2024-10-06,TK-A-001,ภาคเหนือ,90,1534
2024-10-06,TK-A-001,ภาคใต้,131,1939
2024-10-06,GL-B-014,กรุงเทพฯ,875,16764
2024-10-06,GL-B-014,ภาคกลาง,813,11549
2024-10-06,GL-B-014,ภาคตะวันออก,528,10065
2024-10-06,GL-B-014,ภาคเหนือ,469,10180
2024-10-06,GL-B-014,ภาคใต้,652,10148
2024-10-06,MK-C-028,กรุงเทพฯ,639,10456
2024-10-06,MK-C-028,ภาคกลาง,573,9386
2024-10-06,MK-C-028,ภาคตะวันออก,419,7946
2024-10-06,MK-C-028,ภาคเหนือ,384,6985
2024-10-06,MK-C-028,ภาคใต้,412,8767
2024-10-06,SY-D-039,กรุงเทพฯ,471,8517
2024-10-06,SY-D-039,ภาคกลาง,335,6504
2024-10-06,SY-D-039,ภาคตะวันออก,249,5598
2024-10-06,SY-D-039,ภาคเหนือ,248,4509
2024-10-06,SY-D-039,ภาคใต้,301,5898
2024-10-06,AG-E-052,กรุงเทพฯ,123,2644
2024-10-06,AG-E-052,ภาคกลาง,104,2053
2024-10-06,AG-E-052,ภาคตะวันออก,77,1418
2024-10-06,AG-E-052,ภาคเหนือ,80,1153
2024-10-06,AG-E-052,ภาคใต้,98,1818
2024-10-07,TK-A-001,กรุงเทพฯ,195,2997
2024-10-07,TK-A-001,ภาคกลาง,158,2656
2024-10-07,TK-A-001,ภาคตะวันออก,112,1980
2024-10-07,TK-A-001,ภาคเหนือ,88,1601
2024-10-07,TK-A-001,ภาคใต้,119,2420
2024-10-07,GL-B-014,กรุงเทพฯ,1013,17417
2024-10-07,GL-B-014,ภาคกลาง,694,13498
2024-10-07,GL-B-014,ภาคตะวันออก,528,10791
2024-10-07,GL-B-014,ภาคเหนือ,463,10219
2024-10-07,GL-B-014,ภาคใต้,565,9621
2024-10-07,MK-C-028,กรุงเทพฯ,733,11438
2024-10-07,MK-C-028,ภาคกลาง,539,11115
2024-10-07,MK-C-028,ภาคตะวันออก,406,7704
2024-10-07,MK-C-028,ภาคเหนือ,339,5737
2024-10-07,MK-C-028,ภาคใต้,483,8373
2024-10-07,SY-D-039,กรุงเทพฯ,409,7412
2024-10-07,SY-D-039,ภาคกลาง,397,5646
2024-10-07,SY-D-039,ภาคตะวันออก,261,5088
2024-10-07,SY-D-039,ภาคเหนือ,261,4325
2024-10-07,SY-D-039,ภาคใต้,275,4982
2024-10-07,AG-E-052,กรุงเทพฯ,141,2329
2024-10-07,AG-E-052,ภาคกลาง,110,1877
2024-10-07,AG-E-052,ภาคตะวันออก,74,1512
2024-10-07,AG-E-052,ภาคเหนือ,77,1461
2024-10-07,AG-E-052,ภาคใต้,87,1663
2024-10-08,TK-A-001,กรุงเทพฯ,190,3018
2024-10-08,TK-A-001,ภาคกลาง,154,2777
2024-10-08,TK-A-001,ภาคตะวันออก,110,2042
2024-10-08,TK-A-001,ภาคเหนือ,102,1753
2024-10-08,TK-A-001,ภาคใต้,117,2213
2024-10-08,GL-B-014,กรุงเทพฯ,932,17076
2024-10-08,GL-B-014,ภาคกลาง,769,14069
2024-10-08,GL-B-014,ภาคตะวันออก,545,8667
2024-10-08,GL-B-014,ภาคเหนือ,455,9706
2024-10-08,GL-B-014,ภาคใต้,663,12831
2024-10-08,MK-C-028,กรุงเทพฯ,710,13838
2024-10-08,MK-C-028,ภาคกลาง,547,9688
2024-10-08,MK-C-028,ภาคตะวันออก,392,6842
2024-10-08,MK-C-028,ภาคเหนือ,344,6509
2024-10-08,MK-C-028,ภาคใต้,499,7576
2024-10-08,SY-D-039,กรุงเทพฯ,423,8717
2024-10-08,SY-D-039,ภาคกลาง,369,7373
2024-10-08,SY-D-039,ภาคตะวันออก,287,5637
2024-10-08,SY-D-039,ภาคเหนือ,239,4687
2024-10-08,SY-D-039,ภาคใต้,299,5209
2024-10-08,AG-E-052,กรุงเทพฯ,126,2356
2024-10-08,AG-E-052,ภาคกลาง,105,2209
2024-10-08,AG-E-052,ภาคตะวันออก,76,1441
2024-10-08,AG-E-052,ภาคเหนือ,69,1145
2024-10-08,AG-E-052,ภาคใต้,91,1472
2024-10-09,TK-A-001,กรุงเทพฯ,190,3370
2024-10-09,TK-A-001,ภาคกลาง,153,2624
2024-10-09,TK-A-001,ภาคตะวันออก,103,2052
2024-10-09,TK-A-001,ภาคเหนือ,93,1900
2024-10-09,TK-A-001,ภาคใต้,114,1877
2024-10-09,GL-B-014,กรุงเทพฯ,1032,16887
2024-10-09,GL-B-014,ภาคกลาง,697,15246
2024-10-09,GL-B-014,ภาคตะวันออก,605,9817
2024-10-09,GL-B-014,ภาคเหนือ,500,10168
2024-10-09,GL-B-014,ภาคใต้,567,10121
2024-10-09,MK-C-028,กรุงเทพฯ,650,11776
2024-10-09,MK-C-028,ภาคกลาง,506,9428
2024-10-09,MK-C-028,ภาคตะวันออก,403,6319
2024-10-09,MK-C-028,ภาคเหนือ,344,6046
2024-10-09,MK-C-028,ภาคใต้,486,8871
2024-10-09,SY-D-039,กรุงเทพฯ,458,8898
2024-10-09,SY-D-039,ภาคกลาง,341,7155
2024-10-09,SY-D-039,ภาคตะวันออก,287,4239
2024-10-09,SY-D-039,ภาคเหนือ,238,4226
2024-10-09,SY-D-039,ภาคใต้,327,5636
2024-10-09,AG-E-052,กรุงเทพฯ,125,2412
2024-10-09,AG-E-052,ภาคกลาง,106,2116
2024-10-09,AG-E-052,ภาคตะวันออก,83,1356
2024-10-09,AG-E-052,ภาคเหนือ,72,1377
2024-10-09,AG-E-052,ภาคใต้,97,1430
2024-10-10,TK-A-001,กรุงเทพฯ,199,3457
2024-10-10,TK-A-001,ภาคกลาง,141,2880
2024-10-10,TK-A-001,ภาคตะวันออก,117,2003
2024-10-10,TK-A-001,ภาคเหนือ,97,1730
2024-10-10,TK-A-001,ภาคใต้,128,1989
2024-10-10,GL-B-014,กรุงเทพฯ,876,15474
2024-10-10,GL-B-014,ภาคกลาง,745,12560
2024-10-10,GL-B-014,ภาคตะวันออก,605,11246
2024-10-10,GL-B-014,ภาคเหนือ,551,9279
2024-10-10,GL-B-014,ภาคใต้,593,10472
2024-10-10,MK-C-028,กรุงเทพฯ,659,12602
2024-10-10,MK-C-028,ภาคกลาง,558,9067
2024-10-10,MK-C-028,ภาคตะวันออก,440,7695
2024-10-10,MK-C-028,ภาคเหนือ,379,6168
2024-10-10,MK-C-028,ภาคใต้,466,8196
2024-10-10,SY-D-039,กรุงเทพฯ,478,9135
2024-10-10,SY-D-039,ภาคกลาง,379,5764
2024-10-10,SY-D-039,ภาคตะวันออก,258,4323
2024-10-10,SY-D-039,ภาคเหนือ,257,3948
2024-10-10,SY-D-039,ภาคใต้,321,4940
2024-10-10,AG-E-052,กรุงเทพฯ,150,2735
2024-10-10,AG-E-052,ภาคกลาง,100,1712
2024-10-10,AG-E-052,ภาคตะวันออก,75,1653
2024-10-10,AG-E-052,ภาคเหนือ,73,1439
2024-10-10,AG-E-052,ภาคใต้,91,1467
2024-10-11,TK-A-001,กรุงเทพฯ,167,3661
2024-10-11,TK-A-001,ภาคกลาง,158,2855
2024-10-11,TK-A-001,ภาคตะวันออก,103,1841
2024-10-11,TK-A-001,ภาคเหนือ,99,1597
2024-10-11,TK-A-001,ภาคใต้,125,2092
2024-10-11,GL-B-014,กรุงเทพฯ,904,16019
2024-10-11,GL-B-014,ภาคกลาง,733,13925
2024-10-11,GL-B-014,ภาคตะวันออก,557,9050
2024-10-11,GL-B-014,ภาคเหนือ,528,9330
2024-10-11,GL-B-014,ภาคใต้,636,11774
2024-10-11,MK-C-028,กรุงเทพฯ,664,12093
2024-10-11,MK-C-028,ภาคกลาง,526,9245
2024-10-11,MK-C-028,ภาคตะวันออก,410,7627
2024-10-11,MK-C-028,ภาคเหนือ,392,7086
2024-10-11,MK-C-028,ภาคใต้,422,8526
2024-10-11,SY-D-039,กรุงเทพฯ,424,8632
2024-10-11,SY-D-039,ภาคกลาง,390,7541
2024-10-11,SY-D-039,ภาคตะวันออก,299,4934
2024-10-11,SY-D-039,ภาคเหนือ,260,4712
2024-10-11,SY-D-039,ภาคใต้,328,6210
2024-10-11,AG-E-052,กรุงเทพฯ,133,2234
2024-10-11,AG-E-052,ภาคกลาง,117,1826
2024-10-11,AG-E-052,ภาคตะวันออก,89,1377
2024-10-11,AG-E-052,ภาคเหนือ,67,1299
2024-10-11,AG-E-052,ภาคใต้,87,1820
2024-10-12,TK-A-001,กรุงเทพฯ,190,3359
2024-10-12,TK-A-001,ภาคกลาง,154,2903
2024-10-12,TK-A-001,ภาคตะวันออก,109,2236
2024-10-12,TK-A-001,ภาคเหนือ,88,1848
2024-10-12,TK-A-001,ภาคใต้,125,2249
2024-10-12,GL-B-014,กรุงเทพฯ,992,14515
2024-10-12,GL-B-014,ภาคกลาง,755,11836
2024-10-12,GL-B-014,ภาคตะวันออก,595,9853
2024-10-12,GL-B-014,ภาคเหนือ,533,8277
2024-10-12,GL-B-014,ภาคใต้,602,10200
2024-10-12,MK-C-028,กรุงเทพฯ,665,13562
2024-10-12,MK-C-028,ภาคกลาง,585,8960
2024-10-12,MK-C-028,ภาคตะวันออก,384,6656
2024-10-12,MK-C-028,ภาคเหนือ,394,7253
2024-10-12,MK-C-028,ภาคใต้,452,8796
2024-10-12,SY-D-039,กรุงเทพฯ,451,8111
2024-10-12,SY-D-039,ภาคกลาง,387,7193
2024-10-12,SY-D-039,ภาคตะวันออก,261,4670
2024-10-12,SY-D-039,ภาคเหนือ,239,4725
2024-10-12,SY-D-039,ภาคใต้,294,5810
2024-10-12,AG-E-052,กรุงเทพฯ,146,2699
2024-10-12,AG-E-052,ภาคกลาง,112,2002
2024-10-12,AG-E-052,ภาคตะวันออก,89,1347
2024-10-12,AG-E-052,ภาคเหนือ,72,1490
2024-10-12,AG-E-052,ภาคใต้,96,1688
2024-10-13,TK-A-001,กรุงเทพฯ,194,3159
2024-10-13,TK-A-001,ภาคกลาง,156,2452
2024-10-13,TK-A-001,ภาคตะวันออก,116,1872
2024-10-13,TK-A-001,ภาคเหนือ,101,1804
2024-10-13,TK-A-001,ภาคใต้,128,1890
2024-10-13,GL-B-014,กรุงเทพฯ,1031,17140
2024-10-13,GL-B-014,ภาคกลาง,732,11792
2024-10-13,GL-B-014,ภาคตะวันออก,563,9884
2024-10-13,GL-B-014,ภาคเหนือ,530,8051
2024-10-13,GL-B-014,ภาคใต้,617,10072
2024-10-13,MK-C-028,กรุงเทพฯ,735,12978
2024-10-13,MK-C-028,ภาคกลาง,533,10161
2024-10-13,MK-C-028,ภาคตะวันออก,379,7709
2024-10-13,MK-C-028,ภาคเหนือ,370,7338
2024-10-13,MK-C-028,ภาคใต้,493,8518
2024-10-13,SY-D-039,กรุงเทพฯ,436,8300
2024-10-13,SY-D-039,ภาคกลาง,356,6608
2024-10-13,SY-D-039,ภาคตะวันออก,271,4379
2024-10-13,SY-D-039,ภาคเหนือ,266,3893
2024-10-13,SY-D-039,ภาคใต้,292,5954
2024-10-13,AG-E-052,กรุงเทพฯ,129,2407
2024-10-13,AG-E-052,ภาคกลาง,118,1905
2024-10-13,AG-E-052,ภาคตะวันออก,81,1438
2024-10-13,AG-E-052,ภาคเหนือ,71,1339
2024-10-13,AG-E-052,ภาคใต้,96,1811
2024-10-14,TK-A-001,กรุงเทพฯ,200,3680
2024-10-14,TK-A-001,ภาคกลาง,132,2373
2024-10-14,TK-A-001,ภาคตะวันออก,113,2144
2024-10-14,TK-A-001,ภาคเหนือ,101,1757
2024-10-14,TK-A-001,ภาคใต้,117,2447
2024-10-14,GL-B-014,กรุงเทพฯ,958,16722
2024-10-14,GL-B-014,ภาคกลาง,776,12052
2024-10-14,GL-B-014,ภาคตะวันออก,576,9013
2024-10-14,GL-B-014,ภาคเหนือ,515,9654
2024-10-14,GL-B-014,ภาคใต้,677,12033
2024-10-14,MK-C-028,กรุงเทพฯ,681,13082
2024-10-14,MK-C-028,ภาคกลาง,500,9503
2024-10-14,MK-C-028,ภาคตะวันออก,393,8067
2024-10-14,MK-C-028,ภาคเหนือ,373,6241
2024-10-14,MK-C-028,ภาคใต้,413,8821
2024-10-14,SY-D-039,กรุงเทพฯ,454,7903
2024-10-14,SY-D-039,ภาคกลาง,392,6273
2024-10-14,SY-D-039,ภาคตะวันออก,248,4711
2024-10-14,SY-D-039,ภาคเหนือ,252,4955
2024-10-14,SY-D-039,ภาคใต้,277,4988
2024-10-14,AG-E-052,กรุงเทพฯ,144,2777
2024-10-14,AG-E-052,ภาคกลาง,104,1993
2024-10-14,AG-E-052,ภาคตะวันออก,78,1547
2024-10-14,AG-E-052,ภาคเหนือ,76,1505
2024-10-14,AG-E-052,ภาคใต้,100,1798
2024-10-15,TK-A-001,กรุงเทพฯ,165,3549
2024-10-15,TK-A-001,ภาคกลาง,136,3020
2024-10-15,TK-A-001,ภาคตะวันออก,105,1754
2024-10-15,TK-A-001,ภาคเหนือ,105,1606
2024-10-15,TK-A-001,ภาคใต้,111,2342
2024-10-15,GL-B-014,กรุงเทพฯ,884,17453
2024-10-15,GL-B-014,ภาคกลาง,781,15480
2024-10-15,GL-B-014,ภาคตะวันออก,526,9386
2024-10-15,GL-B-014,ภาคเหนือ,462,10270
2024-10-15,GL-B-014,ภาคใต้,676,10634
2024-10-15,MK-C-028,กรุงเทพฯ,743,12758
2024-10-15,MK-C-028,ภาคกลาง,536,10357
2024-10-15,MK-C-028,ภาคตะวันออก,380,6453
2024-10-15,MK-C-028,ภาคเหนือ,372,6814
2024-10-15,MK-C-028,ภาคใต้,462,7670
2024-10-15,SY-D-039,กรุงเทพฯ,454,8563
2024-10-15,SY-D-039,ภาคกลาง,382,6699
2024-10-15,SY-D-039,ภาคตะวันออก,292,4206
2024-10-15,SY-D-039,ภาคเหนือ,220,4679
2024-10-15,SY-D-039,ภาคใต้,294,4723
2024-10-15,AG-E-052,กรุงเทพฯ,136,2519
2024-10-15,AG-E-052,ภาคกลาง,109,2237
2024-10-15,AG-E-052,ภาคตะวันออก,87,1334
2024-10-15,AG-E-052,ภาคเหนือ,67,1418
2024-10-15,AG-E-052,ภาคใต้,86,1524
2024-10-16,TK-A-001,กรุงเทพฯ,173,3622
2024-10-16,TK-A-001,ภาคกลาง,139,2596
2024-10-16,TK-A-001,ภาคตะวันออก,107,2121
2024-10-16,TK-A-001,ภาคเหนือ,103,1668
2024-10-16,TK-A-001,ภาคใต้,134,2340
2024-10-16,GL-B-014,กรุงเทพฯ,987,16884
2024-10-16,GL-B-014,ภาคกลาง,723,15118
2024-10-16,GL-B-014,ภาคตะวันออก,537,11608
2024-10-16,GL-B-014,ภาคเหนือ,501,9955
2024-10-16,GL-B-014,ภาคใต้,625,9753
2024-10-16,MK-C-028,กรุงเทพฯ,734,12779
2024-10-16,MK-C-028,ภาคกลาง,586,11138
2024-10-16,MK-C-028,ภาคตะวันออก,419,8213
2024-10-16,MK-C-028,ภาคเหนือ,403,7385
2024-10-16,MK-C-028,ภาคใต้,443,8415
2024-10-16,SY-D-039,กรุงเทพฯ,446,7451
2024-10-16,SY-D-039,ภาคกลาง,348,6009
2024-10-16,SY-D-039,ภาคตะวันออก,254,4577
2024-10-16,SY-D-039,ภาคเหนือ,253,4706
2024-10-16,SY-D-039,ภาคใต้,285,5750
2024-10-16,AG-E-052,กรุงเทพฯ,150,2736
2024-10-16,AG-E-052,ภาคกลาง,106,1909
2024-10-16,AG-E-052,ภาคตะวันออก,88,1543
2024-10-16,AG-E-052,ภาคเหนือ,76,1268
2024-10-16,AG-E-052,ภาคใต้,93,1497
2024-10-17,TK-A-001,กรุงเทพฯ,165,3561
2024-10-17,TK-A-001,ภาคกลาง,149,2444
2024-10-17,TK-A-001,ภาคตะวันออก,112,2229
2024-10-17,TK-A-001,ภาคเหนือ,92,1807
2024-10-17,TK-A-001,ภาคใต้,134,2117
2024-10-17,GL-B-014,กรุงเทพฯ,982,18499
2024-10-17,GL-B-014,ภาคกลาง,738,12370
2024-10-17,GL-B-014,ภาคตะวันออก,620,11117
2024-10-17,GL-B-014,ภาคเหนือ,527,8796
2024-10-17,GL-B-014,ภาคใต้,695,10270
2024-10-17,MK-C-028,กรุงเทพฯ,715,12275
2024-10-17,MK-C-028,ภาคกลาง,596,8821
2024-10-17,MK-C-028,ภาคตะวันออก,389,6648
2024-10-17,MK-C-028,ภาคเหนือ,400,6648
2024-10-17,MK-C-028,ภาคใต้,425,9057
2024-10-17,SY-D-039,กรุงเทพฯ,434,8492
2024-10-17,SY-D-039,ภาคกลาง,345,6502
2024-10-17,SY-D-039,ภาคตะวันออก,266,4526
2024-10-17,SY-D-039,ภาคเหนือ,246,4763
2024-10-17,SY-D-039,ภาคใต้,281,5651
2024-10-17,AG-E-052,กรุงเทพฯ,126,2210
2024-10-17,AG-E-052,ภาคกลาง,104,2250
2024-10-17,AG-E-052,ภาคตะวันออก,90,1407
2024-10-17,AG-E-052,ภาคเหนือ,79,1379
2024-10-17,AG-E-052,ภาคใต้,90,1432
2024-10-18,TK-A-001,กรุงเทพฯ,196,3360
2024-10-18,TK-A-001,ภาคกลาง,135,2472
2024-10-18,TK-A-001,ภาคตะวันออก,107,2203
2024-10-18,TK-A-001,ภาคเหนือ,104,1622
2024-10-18,TK-A-001,ภาคใต้,123,2251
2024-10-18,GL-B-014,กรุงเทพฯ,943,19091
2024-10-18,GL-B-014,ภาคกลาง,821,12433
2024-10-18,GL-B-014,ภาคตะวันออก,592,10094
2024-10-18,GL-B-014,ภาคเหนือ,534,9684
2024-10-18,GL-B-014,ภาคใต้,682,12338
2024-10-18,MK-C-028,กรุงเทพฯ,746,12486
2024-10-18,MK-C-028,ภาคกลาง,536,8680
2024-10-18,MK-C-028,ภาคตะวันออก,402,6532
2024-10-18,MK-C-028,ภาคเหนือ,382,6035
2024-10-18,MK-C-028,ภาคใต้,417,8407
2024-10-18,SY-D-039,กรุงเทพฯ,471,7723
2024-10-18,SY-D-039,ภาคกลาง,363,6228
2024-10-18,SY-D-039,ภาคตะวันออก,276,5210
2024-10-18,SY-D-039,ภาคเหนือ,256,4491
2024-10-18,SY-D-039,ภาคใต้,286,5395
2024-10-18,AG-E-052,กรุงเทพฯ,147,2306
2024-10-18,AG-E-052,ภาคกลาง,110,2126
2024-10-18,AG-E-052,ภาคตะวันออก,86,1657
2024-10-18,AG-E-052,ภาคเหนือ,71,1502
2024-10-18,AG-E-052,ภาคใต้,88,1856
2024-10-19,TK-A-001,กรุงเทพฯ,174,3114
2024-10-19,TK-A-001,ภาคกลาง,146,2451
2024-10-19,TK-A-001,ภาคตะวันออก,110,1931
2024-10-19,TK-A-001,ภาคเหนือ,102,1858
2024-10-19,TK-A-001,ภาคใต้,114,1907
2024-10-19,GL-B-014,กรุงเทพฯ,860,19635
2024-10-19,GL-B-014,ภาคกลาง,695,15373
2024-10-19,GL-B-014,ภาคตะวันออก,608,11261
2024-10-19,GL-B-014,ภาคเหนือ,505,8540
2024-10-19,GL-B-014,ภาคใต้,642,12890
2024-10-19,MK-C-028,กรุงเทพฯ,628,13755
2024-10-19,MK-C-028,ภาคกลาง,543,10092
2024-10-19,MK-C-028,ภาคตะวันออก,448,6568
2024-10-19,MK-C-028,ภาคเหนือ,340,6046
2024-10-19,MK-C-028,ภาคใต้,505,9452
2024-10-19,SY-D-039,กรุงเทพฯ,502,9333
2024-10-19,SY-D-039,ภาคกลาง,370,7207
2024-10-19,SY-D-039,ภาคตะวันออก,273,5474
2024-10-19,SY-D-039,ภาคเหนือ,255,4612
2024-10-19,SY-D-039,ภาคใต้,287,5702
2024-10-19,AG-E-052,กรุงเทพฯ,142,2570
2024-10-19,AG-E-052,ภาคกลาง,119,1769
2024-10-19,AG-E-052,ภาคตะวันออก,82,1547
2024-10-19,AG-E-052,ภาคเหนือ,78,1306
2024-10-19,AG-E-052,ภาคใต้,100,1843
2024-10-20,TK-A-001,กรุงเทพฯ,180,3714
2024-10-20,TK-A-001,ภาคกลาง,157,3028
2024-10-20,TK-A-001,ภาคตะวันออก,100,2185
2024-10-20,TK-A-001,ภาคเหนือ,94,1668
2024-10-20,TK-A-001,ภาคใต้,118,2194
2024-10-20,GL-B-014,กรุงเทพฯ,1012,16392
2024-10-20,GL-B-014,ภาคกลาง,800,15075
2024-10-20,GL-B-014,ภาคตะวันออก,535,11140
2024-10-20,GL-B-014,ภาคเหนือ,526,9296
2024-10-20,GL-B-014,ภาคใต้,696,12008
2024-10-20,MK-C-028,กรุงเทพฯ,752,11607
2024-10-20,MK-C-028,ภาคกลาง,554,9277
2024-10-20,MK-C-028,ภาคตะวันออก,394,8274
2024-10-20,MK-C-028,ภาคเหนือ,387,7507
2024-10-20,MK-C-028,ภาคใต้,490,8267
2024-10-20,SY-D-039,กรุงเทพฯ,432,7672
2024-10-20,SY-D-039,ภาคกลาง,383,6795
2024-10-20,SY-D-039,ภาคตะวันออก,275,5043
2024-10-20,SY-D-039,ภาคเหนือ,259,5003
2024-10-20,SY-D-039,ภาคใต้,286,5117
2024-10-20,AG-E-052,กรุงเทพฯ,147,2606
2024-10-20,AG-E-052,ภาคกลาง,100,2154
2024-10-20,AG-E-052,ภาคตะวันออก,80,1563
2024-10-20,AG-E-052,ภาคเหนือ,80,1470
2024-10-20,AG-E-052,ภาคใต้,100,1846
2024-10-21,TK-A-001,กรุงเทพฯ,199,3487
2024-10-21,TK-A-001,ภาคกลาง,145,2658
2024-10-21,TK-A-001,ภาคตะวันออก,120,2268
2024-10-21,TK-A-001,ภาคเหนือ,93,1912
2024-10-21,TK-A-001,ภาคใต้,134,2004
2024-10-21,GL-B-014,กรุงเทพฯ,912,15565
2024-10-21,GL-B-014,ภาคกลาง,832,12924
2024-10-21,GL-B-014,ภาคตะวันออก,524,9685
2024-10-21,GL-B-014,ภาคเหนือ,526,9665
2024-10-21,GL-B-014,ภาคใต้,686,10368
2024-10-21,MK-C-028,กรุงเทพฯ,736,12098
2024-10-21,MK-C-028,ภาคกลาง,589,9804
2024-10-21,MK-C-028,ภาคตะวันออก,455,7986
2024-10-21,MK-C-028,ภาคเหนือ,345,6399
2024-10-21,MK-C-028,ภาคใต้,502,8858
2024-10-21,SY-D-039,กรุงเทพฯ,420,8240
2024-10-21,SY-D-039,ภาคกลาง,381,5957
2024-10-21,SY-D-039,ภาคตะวันออก,267,5071
2024-10-21,SY-D-039,ภาคเหนือ,265,4013
2024-10-21,SY-D-039,ภาคใต้,300,4923
2024-10-21,AG-E-052,กรุงเทพฯ,132,2509
2024-10-21,AG-E-052,ภาคกลาง,105,2146
2024-10-21,AG-E-052,ภาคตะวันออก,80,1275
2024-10-21,AG-E-052,ภาคเหนือ,68,1364
2024-10-21,AG-E-052,ภาคใต้,96,1825
2024-10-22,TK-A-001,กรุงเทพฯ,168,3158
2024-10-22,TK-A-001,ภาคกลาง,150,2917
2024-10-22,TK-A-001,ภาคตะวันออก,120,1834
2024-10-22,TK-A-001,ภาคเหนือ,93,1799
2024-10-22,TK-A-001,ภาคใต้,122,2499
2024-10-22,GL-B-014,กรุงเทพฯ,1005,15251
2024-10-22,GL-B-014,ภาคกลาง,811,12624
2024-10-22,GL-B-014,ภาคตะวันออก,530,11815
2024-10-22,GL-B-014,ภาคเหนือ,521,8300
2024-10-22,GL-B-014,ภาคใต้,626,9898
2024-10-22,MK-C-028,กรุงเทพฯ,747,14155
2024-10-22,MK-C-028,ภาคกลาง,501,11338
2024-10-22,MK-C-028,ภาคตะวันออก,421,7139
2024-10-22,MK-C-028,ภาคเหนือ,391,6477
2024-10-22,MK-C-028,ภาคใต้,443,7498
2024-10-22,SY-D-039,กรุงเทพฯ,458,8906
2024-10-22,SY-D-039,ภาคกลาง,334,6809
2024-10-22,SY-D-039,ภาคตะวันออก,281,4443
2024-10-22,SY-D-039,ภาคเหนือ,233,3906
2024-10-22,SY-D-039,ภาคใต้,298,5358
2024-10-22,AG-E-052,กรุงเทพฯ,129,2255
2024-10-22,AG-E-052,ภาคกลาง,107,2238
2024-10-22,AG-E-052,ภาคตะวันออก,76,1370
2024-10-22,AG-E-052,ภาคเหนือ,78,1265
2024-10-22,AG-E-052,ภาคใต้,93,1695
2024-10-23,TK-A-001,กรุงเทพฯ,179,3040
2024-10-23,TK-A-001,ภาคกลาง,145,2998
2024-10-23,TK-A-001,ภาคตะวันออก,115,1876
2024-10-23,TK-A-001,ภาคเหนือ,105,1548
2024-10-23,TK-A-001,ภาคใต้,117,2316
2024-10-23,GL-B-014,กรุงเทพฯ,917,19710
2024-10-23,GL-B-014,ภาคกลาง,772,13759
2024-10-23,GL-B-014,ภาคตะวันออก,625,10605
2024-10-23,GL-B-014,ภาคเหนือ,543,9324
2024-10-23,GL-B-014,ภาคใต้,633,12710
2024-10-23,MK-C-028,กรุงเทพฯ,649,11498
2024-10-23,MK-C-028,ภาคกลาง,504,11438
2024-10-23,MK-C-028,ภาคตะวันออก,452,8575
2024-10-23,MK-C-028,ภาคเหนือ,384,7122
2024-10-23,MK-C-028,ภาคใต้,494,8846
2024-10-23,SY-D-039,กรุงเทพฯ,468,7906
2024-10-23,SY-D-039,ภาคกลาง,362,7508
2024-10-23,SY-D-039,ภาคตะวันออก,256,4897
2024-10-23,SY-D-039,ภาคเหนือ,267,4035
2024-10-23,SY-D-039,ภาคใต้,303,6376
2024-10-23,AG-E-052,กรุงเทพฯ,150,2802
2024-10-23,AG-E-052,ภาคกลาง,116,1797
2024-10-23,AG-E-052,ภาคตะวันออก,78,1513
2024-10-23,AG-E-052,ภาคเหนือ,70,1325
2024-10-23,AG-E-052,ภาคใต้,89,1848
2024-10-24,TK-A-001,กรุงเทพฯ,196,2837
2024-10-24,TK-A-001,ภาคกลาง,153,2989
2024-10-24,TK-A-001,ภาคตะวันออก,113,1776
2024-10-24,TK-A-001,ภาคเหนือ,95,1697
2024-10-24,TK-A-001,ภาคใต้,124,2059
2024-10-24,GL-B-014,กรุงเทพฯ,1051,19478
2024-10-24,GL-B-014,ภาคกลาง,759,14122
2024-10-24,GL-B-014,ภาคตะวันออก,540,8846
2024-10-24,GL-B-014,ภาคเหนือ,529,9458
2024-10-24,GL-B-014,ภาคใต้,625,10221
2024-10-24,MK-C-028,กรุงเทพฯ,689,11142
2024-10-24,MK-C-028,ภาคกลาง,557,9965
2024-10-24,MK-C-028,ภาคตะวันออก,388,6487
2024-10-24,MK-C-028,ภาคเหนือ,347,6843
2024-10-24,MK-C-028,ภาคใต้,461,9141
2024-10-24,SY-D-039,กรุงเทพฯ,490,8179
2024-10-24,SY-D-039,ภาคกลาง,398,7135
2024-10-24,SY-D-039,ภาคตะวันออก,297,4296
2024-10-24,SY-D-039,ภาคเหนือ,227,4247
2024-10-24,SY-D-039,ภาคใต้,315,4852
2024-10-24,AG-E-052,กรุงเทพฯ,138,2485
2024-10-24,AG-E-052,ภาคกลาง,115,1808
2024-10-24,AG-E-052,ภาคตะวันออก,79,1662
2024-10-24,AG-E-052,ภาคเหนือ,71,1492
2024-10-24,AG-E-052,ภาคใต้,89,1525
2024-10-25,TK-A-001,กรุงเทพฯ,169,3250
2024-10-25,TK-A-001,ภาคกลาง,160,2642
2024-10-25,TK-A-001,ภาคตะวันออก,102,2151
2024-10-25,TK-A-001,ภาคเหนือ,95,1610
2024-10-25,TK-A-001,ภาคใต้,113,2383
2024-10-25,GL-B-014,กรุงเทพฯ,982,17921
2024-10-25,GL-B-014,ภาคกลาง,692,12605
2024-10-25,GL-B-014,ภาคตะวันออก,625,11766
2024-10-25,GL-B-014,ภาคเหนือ,558,8061
2024-10-25,GL-B-014,ภาคใต้,650,10999
2024-10-25,MK-C-028,กรุงเทพฯ,663,11840
2024-10-25,MK-C-028,ภาคกลาง,548,9412
2024-10-25,MK-C-028,ภาคตะวันออก,376,8475
2024-10-25,MK-C-028,ภาคเหนือ,353,5997
2024-10-25,MK-C-028,ภาคใต้,420,8451
2024-10-25,SY-D-039,กรุงเทพฯ,484,9075
2024-10-25,SY-D-039,ภาคกลาง,403,6008
2024-10-25,SY-D-039,ภาคตะวันออก,271,5610
2024-10-25,SY-D-039,ภาคเหนือ,224,3949
2024-10-25,SY-D-039,ภาคใต้,325,5241
2024-10-25,AG-E-052,กรุงเทพฯ,152,2415
2024-10-25,AG-E-052,ภาคกลาง,119,1932
2024-10-25,AG-E-052,ภาคตะวันออก,85,1597
2024-10-25,AG-E-052,ภาคเหนือ,77,1248
2024-10-25,AG-E-052,ภาคใต้,90,1605
2024-10-26,TK-A-001,กรุงเทพฯ,200,3631
2024-10-26,TK-A-001,ภาคกลาง,140,2517
2024-10-26,TK-A-001,ภาคตะวันออก,107,2193
2024-10-26,TK-A-001,ภาคเหนือ,102,1514
2024-10-26,TK-A-001,ภาคใต้,112,2520
2024-10-26,GL-B-014,กรุงเทพฯ,1008,17347
2024-10-26,GL-B-014,ภาคกลาง,712,13975
2024-10-26,GL-B-014,ภาคตะวันออก,541,9917
2024-10-26,GL-B-014,ภาคเหนือ,493,8726
2024-10-26,GL-B-014,ภาคใต้,604,10262
2024-10-26,MK-C-028,กรุงเทพฯ,660,12063
2024-10-26,MK-C-028,ภาคกลาง,571,9297
2024-10-26,MK-C-028,ภาคตะวันออก,423,6398
2024-10-26,MK-C-028,ภาคเหนือ,407,5755
2024-10-26,MK-C-028,ภาคใต้,458,7162
2024-10-26,SY-D-039,กรุงเทพฯ,467,7130
2024-10-26,SY-D-039,ภาคกลาง,373,6191
2024-10-26,SY-D-039,ภาคตะวันออก,288,4773
2024-10-26,SY-D-039,ภาคเหนือ,224,4213
2024-10-26,SY-D-039,ภาคใต้,335,5631
2024-10-26,AG-E-052,กรุงเทพฯ,135,2200
2024-10-26,AG-E-052,ภาคกลาง,115,2279
2024-10-26,AG-E-052,ภาคตะวันออก,81,1446
2024-10-26,AG-E-052,ภาคเหนือ,69,1447
2024-10-26,AG-E-052,ภาคใต้,101,1704
2024-10-27,TK-A-001,กรุงเทพฯ,200,3231
2024-10-27,TK-A-001,ภาคกลาง,146,2707
2024-10-27,TK-A-001,ภาคตะวันออก,111,1959
2024-10-27,TK-A-001,ภาคเหนือ,99,1985
2024-10-27,TK-A-001,ภาคใต้,126,2475
2024-10-27,GL-B-014,กรุงเทพฯ,1031,15703
2024-10-27,GL-B-014,ภาคกลาง,710,15721
2024-10-27,GL-B-014,ภาคตะวันออก,619,9776
2024-10-27,GL-B-014,ภาคเหนือ,500,10082
2024-10-27,GL-B-014,ภาคใต้,647,10904
2024-10-27,MK-C-028,กรุงเทพฯ,745,10720
2024-10-27,MK-C-028,ภาคกลาง,542,11493
2024-10-27,MK-C-028,ภาคตะวันออก,441,7711
2024-10-27,MK-C-028,ภาคเหนือ,374,7501
2024-10-27,MK-C-028,ภาคใต้,444,7204
2024-10-27,SY-D-039,กรุงเทพฯ,443,8126
2024-10-27,SY-D-039,ภาคกลาง,379,6772
2024-10-27,SY-D-039,ภาคตะวันออก,251,4493
2024-10-27,SY-D-039,ภาคเหนือ,253,4137
2024-10-27,SY-D-039,ภาคใต้,318,6130
2024-10-27,AG-E-052,กรุงเทพฯ,145,2475
2024-10-27,AG-E-052,ภาคกลาง,106,2015
2024-10-27,AG-E-052,ภาคตะวันออก,90,1727
2024-10-27,AG-E-052,ภาคเหนือ,67,1323
2024-10-27,AG-E-052,ภาคใต้,90,1513
2024-10-28,TK-A-001,กรุงเทพฯ,199,3376
2024-10-28,TK-A-001,ภาคกลาง,135,2466
2024-10-28,TK-A-001,ภาคตะวันออก,109,1962
2024-10-28,TK-A-001,ภาคเหนือ,92,1886
2024-10-28,TK-A-001,ภาคใต้,125,2205
2024-10-28,GL-B-014,กรุงเทพฯ,894,17771
2024-10-28,GL-B-014,ภาคกลาง,839,14175
2024-10-28,GL-B-014,ภาคตะวันออก,566,9933
2024-10-28,GL-B-014,ภาคเหนือ,535,9979
2024-10-28,GL-B-014,ภาคใต้,660,11488
2024-10-28,MK-C-028,กรุงเทพฯ,654,11278
2024-10-28,MK-C-028,ภาคกลาง,555,10465
2024-10-28,MK-C-028,ภาคตะวันออก,414,7314
2024-10-28,MK-C-028,ภาคเหนือ,392,7147
2024-10-28,MK-C-028,ภาคใต้,497,7554
2024-10-28,SY-D-039,กรุงเทพฯ,424,9612
2024-10-28,SY-D-039,ภาคกลาง,401,7392
2024-10-28,SY-D-039,ภาคตะวันออก,293,4761
2024-10-28,SY-D-039,ภาคเหนือ,227,4691
2024-10-28,SY-D-039,ภาคใต้,312,4989
2024-10-28,AG-E-052,กรุงเทพฯ,144,2177
2024-10-28,AG-E-052,ภาคกลาง,112,2134
2024-10-28,AG-E-052,ภาคตะวันออก,84,1633
2024-10-28,AG-E-052,ภาคเหนือ,77,1404
2024-10-28,AG-E-052,ภาคใต้,89,1504
2024-10-29,TK-A-001,กรุงเทพฯ,204,2999
2024-10-29,TK-A-001,ภาคกลาง,154,2762
2024-10-29,TK-A-001,ภาคตะวันออก,122,2211
2024-10-29,TK-A-001,ภาคเหนือ,103,2048
2024-10-29,TK-A-001,ภาคใต้,132,2298
2024-10-29,GL-B-014,กรุงเทพฯ,1052,19209
2024-10-29,GL-B-014,ภาคกลาง,743,15376
2024-10-29,GL-B-014,ภาคตะวันออก,596,10052
2024-10-29,GL-B-014,ภาคเหนือ,554,9920
2024-10-29,GL-B-014,ภาคใต้,613,11345
2024-10-29,MK-C-028,กรุงเทพฯ,738,12238
2024-10-29,MK-C-028,ภาคกลาง,581,9830
2024-10-29,MK-C-028,ภาคตะวันออก,398,7520
2024-10-29,MK-C-028,ภาคเหนือ,355,6995
2024-10-29,MK-C-028,ภาคใต้,440,8047
2024-10-29,SY-D-039,กรุงเทพฯ,465,7838
2024-10-29,SY-D-039,ภาคกลาง,376,6940
2024-10-29,SY-D-039,ภาคตะวันออก,300,4790
2024-10-29,SY-D-039,ภาคเหนือ,228,3827
2024-10-29,SY-D-039,ภาคใต้,329,4901
2024-10-29,AG-E-052,กรุงเทพฯ,132,2791
2024-10-29,AG-E-052,ภาคกลาง,118,2251
2024-10-29,AG-E-052,ภาคตะวันออก,82,1506
2024-10-29,AG-E-052,ภาคเหนือ,70,1332
2024-10-29,AG-E-052,ภาคใต้,84,1566
2024-10-30,TK-A-001,กรุงเทพฯ,174,3769
2024-10-30,TK-A-001,ภาคกลาง,149,2695
2024-10-30,TK-A-001,ภาคตะวันออก,122,2311
2024-10-30,TK-A-001,ภาคเหนือ,97,1989
2024-10-30,TK-A-001,ภาคใต้,117,2419
2024-10-30,GL-B-014,กรุงเทพฯ,906,17126
2024-10-30,GL-B-014,ภาคกลาง,705,13075
2024-10-30,GL-B-014,ภาคตะวันออก,635,10687
2024-10-30,GL-B-014,ภาคเหนือ,543,7957
2024-10-30,GL-B-014,ภาคใต้,670,12522
2024-10-30,MK-C-028,กรุงเทพฯ,648,11636
2024-10-30,MK-C-028,ภาคกลาง,538,10481
2024-10-30,MK-C-028,ภาคตะวันออก,418,7774
2024-10-30,MK-C-028,ภาคเหนือ,402,7033
2024-10-30,MK-C-028,ภาคใต้,464,8707
2024-10-30,SY-D-039,กรุงเทพฯ,449,7243
2024-10-30,SY-D-039,ภาคกลาง,349,7107
2024-10-30,SY-D-039,ภาคตะวันออก,263,4364
2024-10-30,SY-D-039,ภาคเหนือ,239,5002
2024-10-30,SY-D-039,ภาคใต้,282,5770
2024-10-30,AG-E-052,กรุงเทพฯ,129,2674
2024-10-30,AG-E-052,ภาคกลาง,105,1713
2024-10-30,AG-E-052,ภาคตะวันออก,89,1558
2024-10-30,AG-E-052,ภาคเหนือ,76,1180
2024-10-30,AG-E-052,ภาคใต้,98,1818
2024-10-31,TK-A-001,กรุงเทพฯ,189,3107
2024-10-31,TK-A-001,ภาคกลาง,151,2844
2024-10-31,TK-A-001,ภาคตะวันออก,114,2214
2024-10-31,TK-A-001,ภาคเหนือ,109,1653
2024-10-31,TK-A-001,ภาคใต้,132,2046
2024-10-31,GL-B-014,กรุงเทพฯ,982,17659
2024-10-31,GL-B-014,ภาคกลาง,787,13796
2024-10-31,GL-B-014,ภาคตะวันออก,632,11592
2024-10-31,GL-B-014,ภาคเหนือ,496,8508
2024-10-31,GL-B-014,ภาคใต้,589,13173
2024-10-31,MK-C-028,กรุงเทพฯ,708,11775
2024-10-31,MK-C-028,ภาคกลาง,565,11462
2024-10-31,MK-C-028,ภาคตะวันออก,389,6744
2024-10-31,MK-C-028,ภาคเหนือ,375,7217
2024-10-31,MK-C-028,ภาคใต้,434,8386
2024-10-31,SY-D-039,กรุงเทพฯ,450,7445
2024-10-31,SY-D-039,ภาคกลาง,356,6034
2024-10-31,SY-D-039,ภาคตะวันออก,273,4832
2024-10-31,SY-D-039,ภาคเหนือ,257,4060
2024-10-31,SY-D-039,ภาคใต้,338,4849
2024-10-31,AG-E-052,กรุงเทพฯ,143,2206
2024-10-31,AG-E-052,ภาคกลาง,114,1833
2024-10-31,AG-E-052,ภาคตะวันออก,81,1445
2024-10-31,AG-E-052,ภาคเหนือ,74,1537
2024-10-31,AG-E-052,ภาคใต้,87,1830
2024-11-01,TK-A-001,กรุงเทพฯ,175,3601
2024-11-01,TK-A-001,ภาคกลาง,145,2542
2024-11-01,TK-A-001,ภาคตะวันออก,121,2304
2024-11-01,TK-A-001,ภาคเหนือ,97,1576
2024-11-01,TK-A-001,ภาคใต้,113,2250
2024-11-01,GL-B-014,กรุงเทพฯ,928,17197
2024-11-01,GL-B-014,ภาคกลาง,745,12120
2024-11-01,GL-B-014,ภาคตะวันออก,558,11410
2024-11-01,GL-B-014,ภาคเหนือ,518,10370
2024-11-01,GL-B-014,ภาคใต้,619,10883
2024-11-01,MK-C-028,กรุงเทพฯ,751,11544
2024-11-01,MK-C-028,ภาคกลาง,616,9451
2024-11-01,MK-C-028,ภาคตะวันออก,421,7967
2024-11-01,MK-C-028,ภาคเหนือ,386,7264
2024-11-01,MK-C-028,ภาคใต้,510,9639
2024-11-01,SY-D-039,กรุงเทพฯ,513,7406
2024-11-01,SY-D-039,ภาคกลาง,408,6641
2024-11-01,SY-D-039,ภาคตะวันออก,254,5722
2024-11-01,SY-D-039,ภาคเหนือ,233,4030
2024-11-01,SY-D-039,ภาคใต้,324,5041
2024-11-01,AG-E-052,กรุงเทพฯ,129,2810
2024-11-01,AG-E-052,ภาคกลาง,105,1729
2024-11-01,AG-E-052,ภาคตะวันออก,90,1327
2024-11-01,AG-E-052,ภาคเหนือ,69,1181
2024-11-01,AG-E-052,ภาคใต้,92,1751
2024-11-02,TK-A-001,กรุงเทพฯ,184,3432
2024-11-02,TK-A-001,ภาคกลาง,163,2991
2024-11-02,TK-A-001,ภาคตะวันออก,106,2270
2024-11-02,TK-A-001,ภาคเหนือ,99,1701
2024-11-02,TK-A-001,ภาคใต้,120,2006
2024-11-02,GL-B-014,กรุงเทพฯ,1037,16539
2024-11-02,GL-B-014,ภาคกลาง,823,12097
2024-11-02,GL-B-014,ภาคตะวันออก,562,9101
2024-11-02,GL-B-014,ภาคเหนือ,495,8582
2024-11-02,GL-B-014,ภาคใต้,618,12947
2024-11-02,MK-C-028,กรุงเทพฯ,657,13488
2024-11-02,MK-C-028,ภาคกลาง,581,8687
2024-11-02,MK-C-028,ภาคตะวันออก,433,7589
2024-11-02,MK-C-028,ภาคเหนือ,358,5895
2024-11-02,MK-C-028,ภาคใต้,510,8305
2024-11-02,SY-D-039,กรุงเทพฯ,504,8754
2024-11-02,SY-D-039,ภาคกลาง,339,6171
2024-11-02,SY-D-039,ภาคตะวันออก,266,4429
2024-11-02,SY-D-039,ภาคเหนือ,265,3980
2024-11-02,SY-D-039,ภาคใต้,315,5905
2024-11-02,AG-E-052,กรุงเทพฯ,145,2331
2024-11-02,AG-E-052,ภาคกลาง,122,2270
2024-11-02,AG-E-052,ภาคตะวันออก,87,1370
2024-11-02,AG-E-052,ภาคเหนือ,79,1238
2024-11-02,AG-E-052,ภาคใต้,84,1492
2024-11-03,TK-A-001,กรุงเทพฯ,201,3333
2024-11-03,TK-A-001,ภาคกลาง,146,2485
2024-11-03,TK-A-001,ภาคตะวันออก,114,1937
2024-11-03,TK-A-001,ภาคเหนือ,92,1843
2024-11-03,TK-A-001,ภาคใต้,119,2195
2024-11-03,GL-B-014,กรุงเทพฯ,874,19716
2024-11-03,GL-B-014,ภาคกลาง,763,14488
2024-11-03,GL-B-014,ภาคตะวันออก,560,9926
2024-11-03,GL-B-014,ภาคเหนือ,509,10478
2024-11-03,GL-B-014,ภาคใต้,682,10436
2024-11-03,MK-C-028,กรุงเทพฯ,758,12515
2024-11-03,MK-C-028,ภาคกลาง,589,9036
2024-11-03,MK-C-028,ภาคตะวันออก,398,6579
2024-11-03,MK-C-028,ภาคเหนือ,369,6803
2024-11-03,MK-C-028,ภาคใต้,434,7868
2024-11-03,SY-D-039,กรุงเทพฯ,439,7895
2024-11-03,SY-D-039,ภาคกลาง,359,6040
2024-11-03,SY-D-039,ภาคตะวันออก,263,4651
2024-11-03,SY-D-039,ภาคเหนือ,256,4424
2024-11-03,SY-D-039,ภาคใต้,325,5204
2024-11-03,AG-E-052,กรุงเทพฯ,144,2846
2024-11-03,AG-E-052,ภาคกลาง,109,1817
2024-11-03,AG-E-052,ภาคตะวันออก,92,1330
2024-11-03,AG-E-052,ภาคเหนือ,77,1466
2024-11-03,AG-E-052,ภาคใต้,86,1620
2024-11-04,TK-A-001,กรุงเทพฯ,186,3230
2024-11-04,TK-A-001,ภาคกลาง,154,2815
2024-11-04,TK-A-001,ภาคตะวันออก,107,1879
2024-11-04,TK-A-001,ภาคเหนือ,109,1837
2024-11-04,TK-A-001,ภาคใต้,133,2430
2024-11-04,GL-B-014,กรุงเทพฯ,1048,16258
2024-11-04,GL-B-014,ภาคกลาง,846,13150
2024-11-04,GL-B-014,ภาคตะวันออก,607,9460
2024-11-04,GL-B-014,ภาคเหนือ,558,8801
2024-11-04,GL-B-014,ภาคใต้,682,10196
2024-11-04,MK-C-028,กรุงเทพฯ,654,13954
2024-11-04,MK-C-028,ภาคกลาง,573,11184
2024-11-04,MK-C-028,ภาคตะวันออก,462,7172
2024-11-04,MK-C-028,ภาคเหนือ,409,6055
2024-11-04,MK-C-028,ภาคใต้,460,7960
2024-11-04,SY-D-039,กรุงเทพฯ,467,8107
2024-11-04,SY-D-039,ภาคกลาง,384,5952
2024-11-04,SY-D-039,ภาคตะวันออก,304,4826
2024-11-04,SY-D-039,ภาคเหนือ,248,4266
2024-11-04,SY-D-039,ภาคใต้,327,5948
2024-11-04,AG-E-052,กรุงเทพฯ,143,2246
2024-11-04,AG-E-052,ภาคกลาง,103,2313
2024-11-04,AG-E-052,ภาคตะวันออก,86,1548
2024-11-04,AG-E-052,ภาคเหนือ,68,1439
2024-11-04,AG-E-052,ภาคใต้,89,1533
2024-11-05,TK-A-001,กรุงเทพฯ,204,3159
2024-11-05,TK-A-001,ภาคกลาง,161,3108
2024-11-05,TK-A-001,ภาคตะวันออก,114,2291
2024-11-05,TK-A-001,ภาคเหนือ,104,1625
2024-11-05,TK-A-001,ภาคใต้,122,2386
2024-11-05,GL-B-014,กรุงเทพฯ,924,17173
2024-11-05,GL-B-014,ภาคกลาง,802,15318
2024-11-05,GL-B-014,ภาคตะวันออก,566,11697
2024-11-05,GL-B-014,ภาคเหนือ,558,10489
2024-11-05,GL-B-014,ภาคใต้,626,11333
2024-11-05,MK-C-028,กรุงเทพฯ,676,11252
2024-11-05,MK-C-028,ภาคกลาง,526,9871
2024-11-05,MK-C-028,ภาคตะวันออก,387,8377
2024-11-05,MK-C-028,ภาคเหนือ,382,6281
2024-11-05,MK-C-028,ภาคใต้,424,9447
2024-11-05,SY-D-039,กรุงเทพฯ,445,8752
2024-11-05,SY-D-039,ภาคกลาง,338,6201
2024-11-05,SY-D-039,ภาคตะวันออก,299,5382
2024-11-05,SY-D-039,ภาคเหนือ,237,4305
2024-11-05,SY-D-039,ภาคใต้,297,4927
2024-11-05,AG-E-052,กรุงเทพฯ,146,2360
2024-11-05,AG-E-052,ภาคกลาง,123,2068
2024-11-05,AG-E-052,ภาคตะวันออก,84,1559
2024-11-05,AG-E-052,ภาคเหนือ,71,1255
2024-11-05,AG-E-052,ภาคใต้,99,1904
2024-11-06,TK-A-001,กรุงเทพฯ,188,3802
2024-11-06,TK-A-001,ภาคกลาง,158,2324
2024-11-06,TK-A-001,ภาคตะวันออก,103,1738
2024-11-06,TK-A-001,ภาคเหนือ,109,1551
2024-11-06,TK-A-001,ภาคใต้,123,2223
2024-11-06,GL-B-014,กรุงเทพฯ,881,18980
2024-11-06,GL-B-014,ภาคกลาง,765,13753
2024-11-06,GL-B-014,ภาคตะวันออก,634,9916
2024-11-06,GL-B-014,ภาคเหนือ,538,8689
2024-11-06,GL-B-014,ภาคใต้,654,12468
2024-11-06,MK-C-028,กรุงเทพฯ,676,14500
2024-11-06,MK-C-028,ภาคกลาง,616,9064
2024-11-06,MK-C-028,ภาคตะวันออก,410,8482
2024-11-06,MK-C-028,ภาคเหนือ,374,6681
2024-11-06,MK-C-028,ภาคใต้,438,9380
2024-11-06,SY-D-039,กรุงเทพฯ,490,7449
2024-11-06,SY-D-039,ภาคกลาง,350,6869
2024-11-06,SY-D-039,ภาคตะวันออก,280,4321
2024-11-06,SY-D-039,ภาคเหนือ,256,5078
2024-11-06,SY-D-039,ภาคใต้,295,5504
2024-11-06,AG-E-052,กรุงเทพฯ,151,2913
2024-11-06,AG-E-052,ภาคกลาง,109,1986
2024-11-06,AG-E-052,ภาคตะวันออก,87,1565
2024-11-06,AG-E-052,ภาคเหนือ,78,1218
2024-11-06,AG-E-052,ภาคใต้,100,1609
2024-11-07,TK-A-001,กรุงเทพฯ,198,3044
2024-11-07,TK-A-001,ภาคกลาง,146,2594
2024-11-07,TK-A-001,ภาคตะวันออก,117,1900
2024-11-07,TK-A-001,ภาคเหนือ,100,1762
2024-11-07,TK-A-001,ภาคใต้,114,2059
2024-11-07,GL-B-014,กรุงเทพฯ,960,16996
2024-11-07,GL-B-014,ภาคกลาง,851,13653
2024-11-07,GL-B-014,ภาคตะวันออก,548,10114
2024-11-07,GL-B-014,ภาคเหนือ,468,8255
2024-11-07,GL-B-014,ภาคใต้,585,12193
2024-11-07,MK-C-028,กรุงเทพฯ,755,12984
2024-11-07,MK-C-028,ภาคกลาง,587,10421
2024-11-07,MK-C-028,ภาคตะวันออก,458,8318
2024-11-07,MK-C-028,ภาคเหนือ,348,5896
2024-11-07,MK-C-028,ภาคใต้,444,8674
2024-11-07,SY-D-039,กรุงเทพฯ,433,9398
2024-11-07,SY-D-039,ภาคกลาง,363,6114
2024-11-07,SY-D-039,ภาคตะวันออก,301,4796
2024-11-07,SY-D-039,ภาคเหนือ,269,4330
2024-11-07,SY-D-039,ภาคใต้,314,4864
2024-11-07,AG-E-052,กรุงเทพฯ,135,2571
2024-11-07,AG-E-052,ภาคกลาง,119,2140
2024-11-07,AG-E-052,ภาคตะวันออก,89,1308
2024-11-07,AG-E-052,ภาคเหนือ,70,1466
2024-11-07,AG-E-052,ภาคใต้,90,1883
2024-11-08,TK-A-001,กรุงเทพฯ,184,3227
2024-11-08,TK-A-001,ภาคกลาง,149,2929
2024-11-08,TK-A-001,ภาคตะวันออก,124,2188
2024-11-08,TK-A-001,ภาคเหนือ,100,2002
2024-11-08,TK-A-001,ภาคใต้,127,2566
2024-11-08,GL-B-014,กรุงเทพฯ,979,17894
2024-11-08,GL-B-014,ภาคกลาง,726,12544
2024-11-08,GL-B-014,ภาคตะวันออก,527,11340
2024-11-08,GL-B-014,ภาคเหนือ,472,9358
2024-11-08,GL-B-014,ภาคใต้,595,12576
2024-11-08,MK-C-028,กรุงเทพฯ,742,12454
2024-11-08,MK-C-028,ภาคกลาง,515,9033
2024-11-08,MK-C-028,ภาคตะวันออก,404,7745
2024-11-08,MK-C-028,ภาคเหนือ,362,6363
2024-11-08,MK-C-028,ภาคใต้,432,8336
2024-11-08,SY-D-039,กรุงเทพฯ,458,7825
2024-11-08,SY-D-039,ภาคกลาง,392,7163
2024-11-08,SY-D-039,ภาคตะวันออก,257,5808
2024-11-08,SY-D-039,ภาคเหนือ,265,4986
2024-11-08,SY-D-039,ภาคใต้,321,5609
2024-11-08,AG-E-052,กรุงเทพฯ,154,2464
2024-11-08,AG-E-052,ภาคกลาง,115,1944
2024-11-08,AG-E-052,ภาคตะวันออก,80,1669
2024-11-08,AG-E-052,ภาคเหนือ,80,1302
2024-11-08,AG-E-052,ภาคใต้,88,1529
2024-11-09,TK-A-001,กรุงเทพฯ,186,3435
2024-11-09,TK-A-001,ภาคกลาง,156,2399
2024-11-09,TK-A-001,ภาคตะวันออก,103,2088
2024-11-09,TK-A-001,ภาคเหนือ,98,2068
2024-11-09,TK-A-001,ภาคใต้,135,2457
2024-11-09,GL-B-014,กรุงเทพฯ,1051,17162
2024-11-09,GL-B-014,ภาคกลาง,813,14656
2024-11-09,GL-B-014,ภาคตะวันออก,630,12022
2024-11-09,GL-B-014,ภาคเหนือ,491,10401
2024-11-09,GL-B-014,ภาคใต้,636,10084
2024-11-09,MK-C-028,กรุงเทพฯ,713,12751
2024-11-09,MK-C-028,ภาคกลาง,591,10631
2024-11-09,MK-C-028,ภาคตะวันออก,422,7269
2024-11-09,MK-C-028,ภาคเหนือ,348,7405
2024-11-09,MK-C-028,ภาคใต้,433,9464
2024-11-09,SY-D-039,กรุงเทพฯ,456,7563
2024-11-09,SY-D-039,ภาคกลาง,373,6780
2024-11-09,SY-D-039,ภาคตะวันออก,301,4976
2024-11-09,SY-D-039,ภาคเหนือ,259,4501
2024-11-09,SY-D-039,ภาคใต้,346,6459
2024-11-09,AG-E-052,กรุงเทพฯ,149,2369
2024-11-09,AG-E-052,ภาคกลาง,124,1785
2024-11-09,AG-E-052,ภาคตะวันออก,93,1738
2024-11-09,AG-E-052,ภาคเหนือ,79,1178
2024-11-09,AG-E-052,ภาคใต้,86,1875
2024-11-10,TK-A-001,กรุงเทพฯ,179,3251
2024-11-10,TK-A-001,ภาคกลาง,146,2920
2024-11-10,TK-A-001,ภาคตะวันออก,118,1741
2024-11-10,TK-A-001,ภาคเหนือ,94,1625
2024-11-10,TK-A-001,ภาคใต้,123,2196
2024-11-10,GL-B-014,กรุงเทพฯ,942,18419
2024-11-10,GL-B-014,ภาคกลาง,777,15289
2024-11-10,GL-B-014,ภาคตะวันออก,556,9294
2024-11-10,GL-B-014,ภาคเหนือ,567,9482
2024-11-10,GL-B-014,ภาคใต้,592,11169
2024-11-10,MK-C-028,กรุงเทพฯ,691,13318
2024-11-10,MK-C-028,ภาคกลาง,538,10861
2024-11-10,MK-C-028,ภาคตะวันออก,418,6764
2024-11-10,MK-C-028,ภาคเหนือ,348,6800
2024-11-10,MK-C-028,ภาคใต้,506,8180
2024-11-10,SY-D-039,กรุงเทพฯ,446,9739
2024-11-10,SY-D-039,ภาคกลาง,404,7041
2024-11-10,SY-D-039,ภาคตะวันออก,300,5786
2024-11-10,SY-D-039,ภาคเหนือ,233,5063
2024-11-10,SY-D-039,ภาคใต้,330,5875
2024-11-10,AG-E-052,กรุงเทพฯ,131,2324
2024-11-10,AG-E-052,ภาคกลาง,110,2043
2024-11-10,AG-E-052,ภาคตะวันออก,85,1355
2024-11-10,AG-E-052,ภาคเหนือ,75,1385
2024-11-10,AG-E-052,ภาคใต้,103,1681
2024-11-11,TK-A-001,กรุงเทพฯ,177,3564
2024-11-11,TK-A-001,ภาคกลาง,142,2468
2024-11-11,TK-A-001,ภาคตะวันออก,117,1923
2024-11-11,TK-A-001,ภาคเหนือ,110,1831
2024-11-11,TK-A-001,ภาคใต้,120,1965
2024-11-11,GL-B-014,กรุงเทพฯ,1050,19906
2024-11-11,GL-B-014,ภาคกลาง,822,12275
2024-11-11,GL-B-014,ภาคตะวันออก,635,10550
2024-11-11,GL-B-014,ภาคเหนือ,523,10277
2024-11-11,GL-B-014,ภาคใต้,657,12603
2024-11-11,MK-C-028,กรุงเทพฯ,674,13802
2024-11-11,MK-C-028,ภาคกลาง,534,9164
2024-11-11,MK-C-028,ภาคตะวันออก,405,8049
2024-11-11,MK-C-028,ภาคเหนือ,347,7145
2024-11-11,MK-C-028,ภาคใต้,446,9149
2024-11-11,SY-D-039,กรุงเทพฯ,499,7282
2024-11-11,SY-D-039,ภาคกลาง,400,7511
2024-11-11,SY-D-039,ภาคตะวันออก,281,5641
2024-11-11,SY-D-039,ภาคเหนือ,240,4421
2024-11-11,SY-D-039,ภาคใต้,339,5981
2024-11-11,AG-E-052,กรุงเทพฯ,155,2820
2024-11-11,AG-E-052,ภาคกลาง,107,1947
2024-11-11,AG-E-052,ภาคตะวันออก,83,1580
2024-11-11,AG-E-052,ภาคเหนือ,72,1357
2024-11-11,AG-E-052,ภาคใต้,101,1454
2024-11-12,TK-A-001,กรุงเทพฯ,207,3041
2024-11-12,TK-A-001,ภาคกลาง,160,2995
2024-11-12,TK-A-001,ภาคตะวันออก,125,2057
2024-11-12,TK-A-001,ภาคเหนือ,99,2015
2024-11-12,TK-A-001,ภาคใต้,138,2316
2024-11-12,GL-B-014,กรุงเทพฯ,909,16372
2024-11-12,GL-B-014,ภาคกลาง,802,15635
2024-11-12,GL-B-014,ภาคตะวันออก,565,9908
2024-11-12,GL-B-014,ภาคเหนือ,533,10719
2024-11-12,GL-B-014,ภาคใต้,644,12171
2024-11-12,MK-C-028,กรุงเทพฯ,675,11801
2024-11-12,MK-C-028,ภาคกลาง,613,10447
2024-11-12,MK-C-028,ภาคตะวันออก,405,8266
2024-11-12,MK-C-028,ภาคเหนือ,351,7376
2024-11-12,MK-C-028,ภาคใต้,513,9565
2024-11-12,SY-D-039,กรุงเทพฯ,506,7611
2024-11-12,SY-D-039,ภาคกลาง,401,7208
2024-11-12,SY-D-039,ภาคตะวันออก,279,4696
2024-11-12,SY-D-039,ภาคเหนือ,257,5063
2024-11-12,SY-D-039,ภาคใต้,306,5246
2024-11-12,AG-E-052,กรุงเทพฯ,147,2576
2024-11-12,AG-E-052,ภาคกลาง,112,1987
2024-11-12,AG-E-052,ภาคตะวันออก,90,1529
2024-11-12,AG-E-052,ภาคเหนือ,68,1298
2024-11-12,AG-E-052,ภาคใต้,95,1944
2024-11-13,TK-A-001,กรุงเทพฯ,191,3634
2024-11-13,TK-A-001,ภาคกลาง,158,2505
2024-11-13,TK-A-001,ภาคตะวันออก,104,1963
2024-11-13,TK-A-001,ภาคเหนือ,95,2057
2024-11-13,TK-A-001,ภาคใต้,134,2259
2024-11-13,GL-B-014,กรุงเทพฯ,1062,19785
2024-11-13,GL-B-014,ภาคกลาง,775,15265
2024-11-13,GL-B-014,ภาคตะวันออก,619,9330
2024-11-13,GL-B-014,ภาคเหนือ,500,9708
2024-11-13,GL-B-014,ภาคใต้,676,10552
2024-11-13,MK-C-028,กรุงเทพฯ,642,12542
2024-11-13,MK-C-028,ภาคกลาง,581,11277
2024-11-13,MK-C-028,ภาคตะวันออก,445,6911
2024-11-13,MK-C-028,ภาคเหนือ,392,6214
2024-11-13,MK-C-028,ภาคใต้,511,7959
2024-11-13,SY-D-039,กรุงเทพฯ,457,8125
2024-11-13,SY-D-039,ภาคกลาง,411,7204
2024-11-13,SY-D-039,ภาคตะวันออก,284,5820
2024-11-13,SY-D-039,ภาคเหนือ,266,4973
2024-11-13,SY-D-039,ภาคใต้,295,5166
2024-11-13,AG-E-052,กรุงเทพฯ,142,2419
2024-11-13,AG-E-052,ภาคกลาง,115,2024
2024-11-13,AG-E-052,ภาคตะวันออก,81,1500
2024-11-13,AG-E-052,ภาคเหนือ,69,1230
2024-11-13,AG-E-052,ภาคใต้,95,1863
2024-11-14,TK-A-001,กรุงเทพฯ,195,3521
2024-11-14,TK-A-001,ภาคกลาง,153,2730
2024-11-14,TK-A-001,ภาคตะวันออก,105,1968
2024-11-14,TK-A-001,ภาคเหนือ,96,1688
2024-11-14,TK-A-001,ภาคใต้,136,2034
2024-11-14,GL-B-014,กรุงเทพฯ,1025,16835
2024-11-14,GL-B-014,ภาคกลาง,814,14786
2024-11-14,GL-B-014,ภาคตะวันออก,645,11282
2024-11-14,GL-B-014,ภาคเหนือ,530,8280
2024-11-14,GL-B-014,ภาคใต้,649,13392
2024-11-14,MK-C-028,กรุงเทพฯ,669,12603
2024-11-14,MK-C-028,ภาคกลาง,622,10552
2024-11-14,MK-C-028,ภาคตะวันออก,404,7407
2024-11-14,MK-C-028,ภาคเหนือ,396,6948
2024-11-14,MK-C-028,ภาคใต้,448,9168
2024-11-14,SY-D-039,กรุงเทพฯ,448,9478
2024-11-14,SY-D-039,ภาคกลาง,374,7414
2024-11-14,SY-D-039,ภาคตะวันออก,277,5819
2024-11-14,SY-D-039,ภาคเหนือ,246,4631
2024-11-14,SY-D-039,ภาคใต้,327,4968
2024-11-14,AG-E-052,กรุงเทพฯ,131,2398
2024-11-14,AG-E-052,ภาคกลาง,104,2201
2024-11-14,AG-E-052,ภาคตะวันออก,87,1569
2024-11-14,AG-E-052,ภาคเหนือ,70,1247
2024-11-14,AG-E-052,ภาคใต้,94,1780
2024-11-15,TK-A-001,กรุงเทพฯ,171,3226
2024-11-15,TK-A-001,ภาคกลาง,143,2466
2024-11-15,TK-A-001,ภาคตะวันออก,112,1946
2024-11-15,TK-A-001,ภาคเหนือ,100,1709
2024-11-15,TK-A-001,ภาคใต้,138,2350
2024-11-15,GL-B-014,กรุงเทพฯ,923,19102
2024-11-15,GL-B-014,ภาคกลาง,801,12152
2024-11-15,GL-B-014,ภาคตะวันออก,612,10944
2024-11-15,GL-B-014,ภาคเหนือ,484,10209
2024-11-15,GL-B-014,ภาคใต้,655,11522
2024-11-15,MK-C-028,กรุงเทพฯ,679,13731
2024-11-15,MK-C-028,ภาคกลาง,536,10032
2024-11-15,MK-C-028,ภาคตะวันออก,400,7984
2024-11-15,MK-C-028,ภาคเหนือ,376,7467
2024-11-15,MK-C-028,ภาคใต้,498,9208
2024-11-15,SY-D-039,กรุงเทพฯ,466,9570
2024-11-15,SY-D-039,ภาคกลาง,375,7479
2024-11-15,SY-D-039,ภาคตะวันออก,310,5025
2024-11-15,SY-D-039,ภาคเหนือ,255,4172
2024-11-15,SY-D-039,ภาคใต้,342,5970
2024-11-15,AG-E-052,กรุงเทพฯ,155,2900
2024-11-15,AG-E-052,ภาคกลาง,110,1907
2024-11-15,AG-E-052,ภาคตะวันออก,91,1656
2024-11-15,AG-E-052,ภาคเหนือ,79,1288
2024-11-15,AG-E-052,ภาคใต้,100,1658
2024-11-16,TK-A-001,กรุงเทพฯ,191,3506
2024-11-16,TK-A-001,ภาคกลาง,159,2368
2024-11-16,TK-A-001,ภาคตะวันออก,107,1862
2024-11-16,TK-A-001,ภาคเหนือ,95,1600
2024-11-16,TK-A-001,ภาคใต้,139,2060
2024-11-16,GL-B-014,กรุงเทพฯ,940,15887
2024-11-16,GL-B-014,ภาคกลาง,742,14224
2024-11-16,GL-B-014,ภาคตะวันออก,538,11783
2024-11-16,GL-B-014,ภาคเหนือ,487,10472
2024-11-16,GL-B-014,ภาคใต้,673,12422
2024-11-16,MK-C-028,กรุงเทพฯ,699,13885
2024-11-16,MK-C-028,ภาคกลาง,556,11459
2024-11-16,MK-C-028,ภาคตะวันออก,412,7294
2024-11-16,MK-C-028,ภาคเหนือ,343,7226
2024-11-16,MK-C-028,ภาคใต้,468,8388
2024-11-16,SY-D-039,กรุงเทพฯ,475,9065
2024-11-16,SY-D-039,ภาคกลาง,363,6220
2024-11-16,SY-D-039,ภาคตะวันออก,277,5183
2024-11-16,SY-D-039,ภาคเหนือ,237,3917
2024-11-16,SY-D-039,ภาคใต้,340,5175
2024-11-16,AG-E-052,กรุงเทพฯ,140,2615
2024-11-16,AG-E-052,ภาคกลาง,107,2007
2024-11-16,AG-E-052,ภาคตะวันออก,84,1527
2024-11-16,AG-E-052,ภาคเหนือ,76,1301
2024-11-16,AG-E-052,ภาคใต้,93,1811
2024-11-17,TK-A-001,กรุงเทพฯ,189,3765
2024-11-17,TK-A-001,ภาคกลาง,165,2947
2024-11-17,TK-A-001,ภาคตะวันออก,119,2202
2024-11-17,TK-A-001,ภาคเหนือ,97,1621
2024-11-17,TK-A-001,ภาคใต้,126,2406
2024-11-17,GL-B-014,กรุงเทพฯ,950,19738
2024-11-17,GL-B-014,ภาคกลาง,835,12063
2024-11-17,GL-B-014,ภาคตะวันออก,598,9114
2024-11-17,GL-B-014,ภาคเหนือ,567,9157
2024-11-17,GL-B-014,ภาคใต้,648,10826
2024-11-17,MK-C-028,กรุงเทพฯ,766,14553
2024-11-17,MK-C-028,ภาคกลาง,547,11606
2024-11-17,MK-C-028,ภาคตะวันออก,466,8300
2024-11-17,MK-C-028,ภาคเหนือ,347,5954
2024-11-17,MK-C-028,ภาคใต้,484,8630
2024-11-17,SY-D-039,กรุงเทพฯ,439,9100
2024-11-17,SY-D-039,ภาคกลาง,362,6830
2024-11-17,SY-D-039,ภาคตะวันออก,287,5197
2024-11-17,SY-D-039,ภาคเหนือ,238,4874
2024-11-17,SY-D-039,ภาคใต้,333,6419
2024-11-17,AG-E-052,กรุงเทพฯ,138,2795
2024-11-17,AG-E-052,ภาคกลาง,118,2282
2024-11-17,AG-E-052,ภาคตะวันออก,84,1362
2024-11-17,AG-E-052,ภาคเหนือ,69,1334
2024-11-17,AG-E-052,ภาคใต้,98,1752
2024-11-18,TK-A-001,กรุงเทพฯ,187,3831
2024-11-18,TK-A-001,ภาคกลาง,154,2583
2024-11-18,TK-A-001,ภาคตะวันออก,115,1947
2024-11-18,TK-A-001,ภาคเหนือ,112,1863
2024-11-18,TK-A-001,ภาคใต้,139,2575
2024-11-18,GL-B-014,กรุงเทพฯ,973,16123
2024-11-18,GL-B-014,ภาคกลาง,819,13252
2024-11-18,GL-B-014,ภาคตะวันออก,633,9616
2024-11-18,GL-B-014,ภาคเหนือ,522,10611
2024-11-18,GL-B-014,ภาคใต้,697,10161
2024-11-18,MK-C-028,กรุงเทพฯ,729,11036
2024-11-18,MK-C-028,ภาคกลาง,618,9636
2024-11-18,MK-C-028,ภาคตะวันออก,406,8711
2024-11-18,MK-C-028,ภาคเหนือ,369,6351
2024-11-18,MK-C-028,ภาคใต้,454,7953
2024-11-18,SY-D-039,กรุงเทพฯ,467,9050
2024-11-18,SY-D-039,ภาคกลาง,392,7810
2024-11-18,SY-D-039,ภาคตะวันออก,258,4671
2024-11-18,SY-D-039,ภาคเหนือ,255,5058
2024-11-18,SY-D-039,ภาคใต้,340,5644
2024-11-18,AG-E-052,กรุงเทพฯ,144,2958
2024-11-18,AG-E-052,ภาคกลาง,113,2105
2024-11-18,AG-E-052,ภาคตะวันออก,84,1483
2024-11-18,AG-E-052,ภาคเหนือ,77,1220
2024-11-18,AG-E-052,ภาคใต้,88,1697
2024-11-19,TK-A-001,กรุงเทพฯ,185,3755
2024-11-19,TK-A-001,ภาคกลาง,141,3054
2024-11-19,TK-A-001,ภาคตะวันออก,112,2142
2024-11-19,TK-A-001,ภาคเหนือ,102,2074
2024-11-19,TK-A-001,ภาคใต้,136,2031
2024-11-19,GL-B-014,กรุงเทพฯ,1023,15405
2024-11-19,GL-B-014,ภาคกลาง,785,12291
2024-11-19,GL-B-014,ภาคตะวันออก,632,9703
2024-11-19,GL-B-014,ภาคเหนือ,494,9400
2024-11-19,GL-B-014,ภาคใต้,718,12630
2024-11-19,MK-C-028,กรุงเทพฯ,646,11944
2024-11-19,MK-C-028,ภาคกลาง,609,10574
2024-11-19,MK-C-028,ภาคตะวันออก,412,7315
2024-11-19,MK-C-028,ภาคเหนือ,369,6867
2024-11-19,MK-C-028,ภาคใต้,448,7994
2024-11-19,SY-D-039,กรุงเทพฯ,432,8943
2024-11-19,SY-D-039,ภาคกลาง,367,6151
2024-11-19,SY-D-039,ภาคตะวันออก,314,5824
2024-11-19,SY-D-039,ภาคเหนือ,234,4563
2024-11-19,SY-D-039,ภาคใต้,328,5043
2024-11-19,AG-E-052,กรุงเทพฯ,142,2863
2024-11-19,AG-E-052,ภาคกลาง,118,2301
2024-11-19,AG-E-052,ภาคตะวันออก,90,1644
2024-11-19,AG-E-052,ภาคเหนือ,81,1257
2024-11-19,AG-E-052,ภาคใต้,100,1964
2024-11-20,TK-A-001,กรุงเทพฯ,210,3144
2024-11-20,TK-A-001,ภาคกลาง,138,3150
2024-11-20,TK-A-001,ภาคตะวันออก,114,1939
2024-11-20,TK-A-001,ภาคเหนือ,109,1869
2024-11-20,TK-A-001,ภาคใต้,129,2485
2024-11-20,GL-B-014,กรุงเทพฯ,907,16322
2024-11-20,GL-B-014,ภาคกลาง,841,15008
2024-11-20,GL-B-014,ภาคตะวันออก,536,9390
2024-11-20,GL-B-014,ภาคเหนือ,502,10277
2024-11-20,GL-B-014,ภาคใต้,628,12665
2024-11-20,MK-C-028,กรุงเทพฯ,702,14613
2024-11-20,MK-C-028,ภาคกลาง,630,9058
2024-11-20,MK-C-028,ภาคตะวันออก,417,7474
2024-11-20,MK-C-028,ภาคเหนือ,379,6667
2024-11-20,MK-C-028,ภาคใต้,487,8380
2024-11-20,SY-D-039,กรุงเทพฯ,440,8531
2024-11-20,SY-D-039,ภาคกลาง,352,7236
2024-11-20,SY-D-039,ภาคตะวันออก,282,5709
2024-11-20,SY-D-039,ภาคเหนือ,273,4002
2024-11-20,SY-D-039,ภาคใต้,309,6374
2024-11-20,AG-E-052,กรุงเทพฯ,129,2886
2024-11-20,AG-E-052,ภาคกลาง,106,1967
2024-11-20,AG-E-052,ภาคตะวันออก,83,1638
2024-11-20,AG-E-052,ภาคเหนือ,77,1444
2024-11-20,AG-E-052,ภาคใต้,94,1490
2024-11-21,TK-A-001,กรุงเทพฯ,181,3373
2024-11-21,TK-A-001,ภาคกลาง,142,2604
2024-11-21,TK-A-001,ภาคตะวันออก,115,2279
2024-11-21,TK-A-001,ภาคเหนือ,111,1992
2024-11-21,TK-A-001,ภาคใต้,130,2327
2024-11-21,GL-B-014,กรุงเทพฯ,942,15419
2024-11-21,GL-B-014,ภาคกลาง,783,15041
2024-11-21,GL-B-014,ภาคตะวันออก,561,10788
2024-11-21,GL-B-014,ภาคเหนือ,553,8917
2024-11-21,GL-B-014,ภาคใต้,713,10750
2024-11-21,MK-C-028,กรุงเทพฯ,674,12071
2024-11-21,MK-C-028,ภาคกลาง,570,9135
2024-11-21,MK-C-028,ภาคตะวันออก,443,8103
2024-11-21,MK-C-028,ภาคเหนือ,378,7052
2024-11-21,MK-C-028,ภาคใต้,495,9378
2024-11-21,SY-D-039,กรุงเทพฯ,458,8549
2024-11-21,SY-D-039,ภาคกลาง,367,7651
2024-11-21,SY-D-039,ภาคตะวันออก,309,5028
2024-11-21,SY-D-039,ภาคเหนือ,247,4765
2024-11-21,SY-D-039,ภาคใต้,313,6388
2024-11-21,AG-E-052,กรุงเทพฯ,142,2424
2024-11-21,AG-E-052,ภาคกลาง,105,1889
2024-11-21,AG-E-052,ภาคตะวันออก,90,1460
2024-11-21,AG-E-052,ภาคเหนือ,79,1299
2024-11-21,AG-E-052,ภาคใต้,97,1951
2024-11-22,TK-A-001,กรุงเทพฯ,183,3172
2024-11-22,TK-A-001,ภาคกลาง,142,2570
2024-11-22,TK-A-001,ภาคตะวันออก,118,1929
2024-11-22,TK-A-001,ภาคเหนือ,104,2059
2024-11-22,TK-A-001,ภาคใต้,122,2011
2024-11-22,GL-B-014,กรุงเทพฯ,898,17300
2024-11-22,GL-B-014,ภาคกลาง,733,15731
2024-11-22,GL-B-014,ภาคตะวันออก,627,10764
2024-11-22,GL-B-014,ภาคเหนือ,513,10170
2024-11-22,GL-B-014,ภาคใต้,605,11521
2024-11-22,MK-C-028,กรุงเทพฯ,742,11198
2024-11-22,MK-C-028,ภาคกลาง,631,10319
2024-11-22,MK-C-028,ภาคตะวันออก,428,8455
2024-11-22,MK-C-028,ภาคเหนือ,401,7849
2024-11-22,MK-C-028,ภาคใต้,434,8845
2024-11-22,SY-D-039,กรุงเทพฯ,481,8934
2024-11-22,SY-D-039,ภาคกลาง,357,6149
2024-11-22,SY-D-039,ภาคตะวันออก,266,5604
2024-11-22,SY-D-039,ภาคเหนือ,237,5013
2024-11-22,SY-D-039,ภาคใต้,305,5791
2024-11-22,AG-E-052,กรุงเทพฯ,131,2801
2024-11-22,AG-E-052,ภาคกลาง,126,1973
2024-11-22,AG-E-052,ภาคตะวันออก,87,1338
2024-11-22,AG-E-052,ภาคเหนือ,69,1204
2024-11-22,AG-E-052,ภาคใต้,103,1532
2024-11-23,TK-A-001,กรุงเทพฯ,196,3533
2024-11-23,TK-A-001,ภาคกลาง,153,2572
2024-11-23,TK-A-001,ภาคตะวันออก,117,2184
2024-11-23,TK-A-001,ภาคเหนือ,112,1866
2024-11-23,TK-A-001,ภาคใต้,138,2121
2024-11-23,GL-B-014,กรุงเทพฯ,985,15331
2024-11-23,GL-B-014,ภาคกลาง,738,13696
2024-11-23,GL-B-014,ภาคตะวันออก,593,9607
2024-11-23,GL-B-014,ภาคเหนือ,520,8623
2024-11-23,GL-B-014,ภาคใต้,653,12567
2024-11-23,MK-C-028,กรุงเทพฯ,750,13655
2024-11-23,MK-C-028,ภาคกลาง,534,8987
2024-11-23,MK-C-028,ภาคตะวันออก,443,7625
2024-11-23,MK-C-028,ภาคเหนือ,391,5901
2024-11-23,MK-C-028,ภาคใต้,472,8413
2024-11-23,SY-D-039,กรุงเทพฯ,467,9314
2024-11-23,SY-D-039,ภาคกลาง,348,5920
2024-11-23,SY-D-039,ภาคตะวันออก,293,4508
2024-11-23,SY-D-039,ภาคเหนือ,239,4068
2024-11-23,SY-D-039,ภาคใต้,302,4916
2024-11-23,AG-E-052,กรุงเทพฯ,143,2730
2024-11-23,AG-E-052,ภาคกลาง,113,2003
2024-11-23,AG-E-052,ภาคตะวันออก,80,1514
2024-11-23,AG-E-052,ภาคเหนือ,81,1537
2024-11-23,AG-E-052,ภาคใต้,97,1645
2024-11-24,TK-A-001,กรุงเทพฯ,209,3474
2024-11-24,TK-A-001,ภาคกลาง,147,2533
2024-11-24,TK-A-001,ภาคตะวันออก,104,1861
2024-11-24,TK-A-001,ภาคเหนือ,110,1815
2024-11-24,TK-A-001,ภาคใต้,132,2516
2024-11-24,GL-B-014,กรุงเทพฯ,958,18556
2024-11-24,GL-B-014,ภาคกลาง,787,12723
2024-11-24,GL-B-014,ภาคตะวันออก,626,9291
2024-11-24,GL-B-014,ภาคเหนือ,529,9694
2024-11-24,GL-B-014,ภาคใต้,622,12757
2024-11-24,MK-C-028,กรุงเทพฯ,663,13345
2024-11-24,MK-C-028,ภาคกลาง,579,11249
2024-11-24,MK-C-028,ภาคตะวันออก,455,7738
2024-11-24,MK-C-028,ภาคเหนือ,348,6315
2024-11-24,MK-C-028,ภาคใต้,451,7867
2024-11-24,SY-D-039,กรุงเทพฯ,457,8744
2024-11-24,SY-D-039,ภาคกลาง,412,6788
2024-11-24,SY-D-039,ภาคตะวันออก,315,5484
2024-11-24,SY-D-039,ภาคเหนือ,249,4092
2024-11-24,SY-D-039,ภาคใต้,313,5064
2024-11-24,AG-E-052,กรุงเทพฯ,145,2610
2024-11-24,AG-E-052,ภาคกลาง,107,1771
2024-11-24,AG-E-052,ภาคตะวันออก,84,1354
2024-11-24,AG-E-052,ภาคเหนือ,76,1361
2024-11-24,AG-E-052,ภาคใต้,100,1697
2024-11-25,TK-A-001,กรุงเทพฯ,197,3165
2024-11-25,TK-A-001,ภาคกลาง,156,2783
2024-11-25,TK-A-001,ภาคตะวันออก,123,2381
2024-11-25,TK-A-001,ภาคเหนือ,107,1687
2024-11-25,TK-A-001,ภาคใต้,129,2236
2024-11-25,GL-B-014,กรุงเทพฯ,1006,17198
2024-11-25,GL-B-014,ภาคกลาง,813,14404
2024-11-25,GL-B-014,ภาคตะวันออก,584,9728
2024-11-25,GL-B-014,ภาคเหนือ,500,9129
2024-11-25,GL-B-014,ภาคใต้,718,13172
2024-11-25,MK-C-028,กรุงเทพฯ,731,11248
2024-11-25,MK-C-028,ภาคกลาง,572,9931
2024-11-25,MK-C-028,ภาคตะวันออก,411,6755
2024-11-25,MK-C-028,ภาคเหนือ,348,7366
2024-11-25,MK-C-028,ภาคใต้,434,8439
2024-11-25,SY-D-039,กรุงเทพฯ,486,9898
2024-11-25,SY-D-039,ภาคกลาง,416,7757
2024-11-25,SY-D-039,ภาคตะวันออก,299,5686
2024-11-25,SY-D-039,ภาคเหนือ,277,4892
2024-11-25,SY-D-039,ภาคใต้,349,5872
2024-11-25,AG-E-052,กรุงเทพฯ,140,2846
2024-11-25,AG-E-052,ภาคกลาง,111,2362
2024-11-25,AG-E-052,ภาคตะวันออก,94,1555
2024-11-25,AG-E-052,ภาคเหนือ,78,1209
2024-11-25,AG-E-052,ภาคใต้,87,1562
2024-11-26,TK-A-001,กรุงเทพฯ,198,2987
2024-11-26,TK-A-001,ภาคกลาง,158,3148
2024-11-26,TK-A-001,ภาคตะวันออก,126,2124
2024-11-26,TK-A-001,ภาคเหนือ,95,1829
2024-11-26,TK-A-001,ภาคใต้,139,2349
2024-11-26,GL-B-014,กรุงเทพฯ,1027,18699
2024-11-26,GL-B-014,ภาคกลาง,762,12311
2024-11-26,GL-B-014,ภาคตะวันออก,544,11905
2024-11-26,GL-B-014,ภาคเหนือ,555,9193
2024-11-26,GL-B-014,ภาคใต้,612,11116
2024-11-26,MK-C-028,กรุงเทพฯ,714,13304
2024-11-26,MK-C-028,ภาคกลาง,530,10498
2024-11-26,MK-C-028,ภาคตะวันออก,440,8621
2024-11-26,MK-C-028,ภาคเหนือ,404,6120
2024-11-26,MK-C-028,ภาคใต้,469,9944
2024-11-26,SY-D-039,กรุงเทพฯ,516,9469
2024-11-26,SY-D-039,ภาคกลาง,392,6381
2024-11-26,SY-D-039,ภาคตะวันออก,288,4989
2024-11-26,SY-D-039,ภาคเหนือ,233,4650
2024-11-26,SY-D-039,ภาคใต้,298,5149
2024-11-26,AG-E-052,กรุงเทพฯ,135,2523
2024-11-26,AG-E-052,ภาคกลาง,124,1935
2024-11-26,AG-E-052,ภาคตะวันออก,79,1336
2024-11-26,AG-E-052,ภาคเหนือ,78,1535
2024-11-26,AG-E-052,ภาคใต้,88,1938
2024-11-27,TK-A-001,กรุงเทพฯ,194,2955
2024-11-27,TK-A-001,ภาคกลาง,159,2699
2024-11-27,TK-A-001,ภาคตะวันออก,115,2260
2024-11-27,TK-A-001,ภาคเหนือ,94,1728
2024-11-27,TK-A-001,ภาคใต้,140,2295
2024-11-27,GL-B-014,กรุงเทพฯ,1010,17411
2024-11-27,GL-B-014,ภาคกลาง,840,14893
2024-11-27,GL-B-014,ภาคตะวันออก,653,11739
2024-11-27,GL-B-014,ภาคเหนือ,571,10508
2024-11-27,GL-B-014,ภาคใต้,606,12402
2024-11-27,MK-C-028,กรุงเทพฯ,767,11764
2024-11-27,MK-C-028,ภาคกลาง,597,10066
2024-11-27,MK-C-028,ภาคตะวันออก,415,8651
2024-11-27,MK-C-028,ภาคเหนือ,412,7894
2024-11-27,MK-C-028,ภาคใต้,480,8306
2024-11-27,SY-D-039,กรุงเทพฯ,461,9733
2024-11-27,SY-D-039,ภาคกลาง,347,6242
2024-11-27,SY-D-039,ภาคตะวันออก,283,4827
2024-11-27,SY-D-039,ภาคเหนือ,244,3985
2024-11-27,SY-D-039,ภาคใต้,297,6283
2024-11-27,AG-E-052,กรุงเทพฯ,147,2328
2024-11-27,AG-E-052,ภาคกลาง,125,1992
2024-11-27,AG-E-052,ภาคตะวันออก,83,1655
2024-11-27,AG-E-052,ภาคเหนือ,71,1573
2024-11-27,AG-E-052,ภาคใต้,92,1907
2024-11-28,TK-A-001,กรุงเทพฯ,204,3358
2024-11-28,TK-A-001,ภาคกลาง,156,3112
2024-11-28,TK-A-001,ภาคตะวันออก,123,2388
2024-11-28,TK-A-001,ภาคเหนือ,113,1832
2024-11-28,TK-A-001,ภาคใต้,131,2264
2024-11-28,GL-B-014,กรุงเทพฯ,959,18149
2024-11-28,GL-B-014,ภาคกลาง,874,15531
2024-11-28,GL-B-014,ภาคตะวันออก,556,12257
2024-11-28,GL-B-014,ภาคเหนือ,568,9348
2024-11-28,GL-B-014,ภาคใต้,613,13569
2024-11-28,MK-C-028,กรุงเทพฯ,769,12097
2024-11-28,MK-C-028,ภาคกลาง,531,9316
2024-11-28,MK-C-028,ภาคตะวันออก,391,7752
2024-11-28,MK-C-028,ภาคเหนือ,379,7570
2024-11-28,MK-C-028,ภาคใต้,484,9144
2024-11-28,SY-D-039,กรุงเทพฯ,529,9485
2024-11-28,SY-D-039,ภาคกลาง,373,6719
2024-11-28,SY-D-039,ภาคตะวันออก,314,5693
2024-11-28,SY-D-039,ภาคเหนือ,266,5301
2024-11-28,SY-D-039,ภาคใต้,300,5904
2024-11-28,AG-E-052,กรุงเทพฯ,134,2673
2024-11-28,AG-E-052,ภาคกลาง,107,1939
2024-11-28,AG-E-052,ภาคตะวันออก,95,1647
2024-11-28,AG-E-052,ภาคเหนือ,75,1414
2024-11-28,AG-E-052,ภาคใต้,98,1617
2024-11-29,TK-A-001,กรุงเทพฯ,205,3350
2024-11-29,TK-A-001,ภาคกลาง,163,3121
2024-11-29,TK-A-001,ภาคตะวันออก,106,2358
2024-11-29,TK-A-001,ภาคเหนือ,100,2108
2024-11-29,TK-A-001,ภาคใต้,135,2249
2024-11-29,GL-B-014,กรุงเทพฯ,1062,19881
2024-11-29,GL-B-014,ภาคกลาง,873,12872
2024-11-29,GL-B-014,ภาคตะวันออก,570,10100
2024-11-29,GL-B-014,ภาคเหนือ,518,9932
2024-11-29,GL-B-014,ภาคใต้,731,11983
2024-11-29,MK-C-028,กรุงเทพฯ,706,11522
2024-11-29,MK-C-028,ภาคกลาง,534,9433
2024-11-29,MK-C-028,ภาคตะวันออก,432,6953
2024-11-29,MK-C-028,ภาคเหนือ,367,7254
2024-11-29,MK-C-028,ภาคใต้,509,7596
2024-11-29,SY-D-039,กรุงเทพฯ,498,8038
2024-11-29,SY-D-039,ภาคกลาง,355,6737
2024-11-29,SY-D-039,ภาคตะวันออก,277,4835
2024-11-29,SY-D-039,ภาคเหนือ,253,4539
2024-11-29,SY-D-039,ภาคใต้,312,5943
2024-11-29,AG-E-052,กรุงเทพฯ,141,2752
2024-11-29,AG-E-052,ภาคกลาง,122,1874
2024-11-29,AG-E-052,ภาคตะวันออก,78,1428
2024-11-29,AG-E-052,ภาคเหนือ,77,1526
2024-11-29,AG-E-052,ภาคใต้,95,1611
2024-11-30,TK-A-001,กรุงเทพฯ,180,3996
2024-11-30,TK-A-001,ภาคกลาง,151,2782
2024-11-30,TK-A-001,ภาคตะวันออก,108,2106
2024-11-30,TK-A-001,ภาคเหนือ,102,1801
2024-11-30,TK-A-001,ภาคใต้,138,2327
2024-11-30,GL-B-014,กรุงเทพฯ,959,18481
2024-11-30,GL-B-014,ภาคกลาง,778,16050
2024-11-30,GL-B-014,ภาคตะวันออก,631,10045
2024-11-30,GL-B-014,ภาคเหนือ,511,8665
2024-11-30,GL-B-014,ภาคใต้,642,10222
2024-11-30,MK-C-028,กรุงเทพฯ,690,13908
2024-11-30,MK-C-028,ภาคกลาง,619,10542
2024-11-30,MK-C-028,ภาคตะวันออก,419,6890
2024-11-30,MK-C-028,ภาคเหนือ,400,6496
2024-11-30,MK-C-028,ภาคใต้,468,9505
2024-11-30,SY-D-039,กรุงเทพฯ,494,9567
2024-11-30,SY-D-039,ภาคกลาง,359,6409
2024-11-30,SY-D-039,ภาคตะวันออก,275,5328
2024-11-30,SY-D-039,ภาคเหนือ,268,4676
2024-11-30,SY-D-039,ภาคใต้,333,5045
2024-11-30,AG-E-052,กรุงเทพฯ,132,2963
2024-11-30,AG-E-052,ภาคกลาง,119,1852
2024-11-30,AG-E-052,ภาคตะวันออก,87,1699
2024-11-30,AG-E-052,ภาคเหนือ,79,1381
2024-11-30,AG-E-052,ภาคใต้,95,1929
2024-12-01,TK-A-001,กรุงเทพฯ,182,3479
2024-12-01,TK-A-001,ภาคกลาง,148,2614
2024-12-01,TK-A-001,ภาคตะวันออก,111,2110
2024-12-01,TK-A-001,ภาคเหนือ,102,1585
2024-12-01,TK-A-001,ภาคใต้,123,2399
2024-12-01,GL-B-014,กรุงเทพฯ,1005,16027
2024-12-01,GL-B-014,ภาคกลาง,799,15149
2024-12-01,GL-B-014,ภาคตะวันออก,614,10264
2024-12-01,GL-B-014,ภาคเหนือ,511,9980
2024-12-01,GL-B-014,ภาคใต้,620,12533
2024-12-01,MK-C-028,กรุงเทพฯ,687,14291
2024-12-01,MK-C-028,ภาคกลาง,542,10344
2024-12-01,MK-C-028,ภาคตะวันออก,411,8192
2024-12-01,MK-C-028,ภาคเหนือ,366,7229
2024-12-01,MK-C-028,ภาคใต้,473,9176
2024-12-01,SY-D-039,กรุงเทพฯ,511,9566
2024-12-01,SY-D-039,ภาคกลาง,408,6272
2024-12-01,SY-D-039,ภาคตะวันออก,287,5728
2024-12-01,SY-D-039,ภาคเหนือ,250,5297
2024-12-01,SY-D-039,ภาคใต้,318,5033
2024-12-01,AG-E-052,กรุงเทพฯ,155,2541
2024-12-01,AG-E-052,ภาคกลาง,108,2263
2024-12-01,AG-E-052,ภาคตะวันออก,89,1477
2024-12-01,AG-E-052,ภาคเหนือ,83,1487
2024-12-01,AG-E-052,ภาคใต้,89,1711
2024-12-02,TK-A-001,กรุงเทพฯ,204,3958
2024-12-02,TK-A-001,ภาคกลาง,163,2398
2024-12-02,TK-A-001,ภาคตะวันออก,122,2020
2024-12-02,TK-A-001,ภาคเหนือ,98,1639
2024-12-02,TK-A-001,ภาคใต้,118,2095
2024-12-02,GL-B-014,กรุงเทพฯ,1097,19463
2024-12-02,GL-B-014,ภาคกลาง,773,16251
2024-12-02,GL-B-014,ภาคตะวันออก,657,11648
2024-12-02,GL-B-014,ภาคเหนือ,559,9310
2024-12-02,GL-B-014,ภาคใต้,617,13221
2024-12-02,MK-C-028,กรุงเทพฯ,730,12020
2024-12-02,MK-C-028,ภาคกลาง,558,11507
2024-12-02,MK-C-028,ภาคตะวันออก,450,8504
2024-12-02,MK-C-028,ภาคเหนือ,396,6901
2024-12-02,MK-C-028,ภาคใต้,513,7844
2024-12-02,SY-D-039,กรุงเทพฯ,482,7943
2024-12-02,SY-D-039,ภาคกลาง,400,6054
2024-12-02,SY-D-039,ภาคตะวันออก,287,5726
2024-12-02,SY-D-039,ภาคเหนือ,256,5157
2024-12-02,SY-D-039,ภาคใต้,337,5587
2024-12-02,AG-E-052,กรุงเทพฯ,159,2426
2024-12-02,AG-E-052,ภาคกลาง,109,2293
2024-12-02,AG-E-052,ภาคตะวันออก,88,1488
2024-12-02,AG-E-052,ภาคเหนือ,71,1375
2024-12-02,AG-E-052,ภาคใต้,106,1842
2024-12-03,TK-A-001,กรุงเทพฯ,186,3835
2024-12-03,TK-A-001,ภาคกลาง,147,2671
2024-12-03,TK-A-001,ภาคตะวันออก,109,2405
2024-12-03,TK-A-001,ภาคเหนือ,113,1736
2024-12-03,TK-A-001,ภาคใต้,117,2032
2024-12-03,GL-B-014,กรุงเทพฯ,902,19398
2024-12-03,GL-B-014,ภาคกลาง,816,14790
2024-12-03,GL-B-014,ภาคตะวันออก,651,9817
2024-12-03,GL-B-014,ภาคเหนือ,575,10951
2024-12-03,GL-B-014,ภาคใต้,608,13425
2024-12-03,MK-C-028,กรุงเทพฯ,709,12253
2024-12-03,MK-C-028,ภาคกลาง,551,11436
2024-12-03,MK-C-028,ภาคตะวันออก,472,6961
2024-12-03,MK-C-028,ภาคเหนือ,389,7074
2024-12-03,MK-C-028,ภาคใต้,486,9747
2024-12-03,SY-D-039,กรุงเทพฯ,528,9900
2024-12-03,SY-D-039,ภาคกลาง,351,6658
2024-12-03,SY-D-039,ภาคตะวันออก,272,4571
2024-12-03,SY-D-039,ภาคเหนือ,281,5291
2024-12-03,SY-D-039,ภาคใต้,314,5760
2024-12-03,AG-E-052,กรุงเทพฯ,144,2448
2024-12-03,AG-E-052,ภาคกลาง,121,2345
2024-12-03,AG-E-052,ภาคตะวันออก,92,1662
2024-12-03,AG-E-052,ภาคเหนือ,77,1241
2024-12-03,AG-E-052,ภาคใต้,93,1991
2024-12-04,TK-A-001,กรุงเทพฯ,193,3255
2024-12-04,TK-A-001,ภาคกลาง,162,2915
2024-12-04,TK-A-001,ภาคตะวันออก,119,2291
2024-12-04,TK-A-001,ภาคเหนือ,113,1673
2024-12-04,TK-A-001,ภาคใต้,118,2263
2024-12-04,GL-B-014,กรุงเทพฯ,922,16212
2024-12-04,GL-B-014,ภาคกลาง,757,16610
2024-12-04,GL-B-014,ภาคตะวันออก,542,10791
2024-12-04,GL-B-014,ภาคเหนือ,490,10712
2024-12-04,GL-B-014,ภาคใต้,689,12886
2024-12-04,MK-C-028,กรุงเทพฯ,725,13652
2024-12-04,MK-C-028,ภาคกลาง,592,10233
2024-12-04,MK-C-028,ภาคตะวันออก,455,7521
2024-12-04,MK-C-028,ภาคเหนือ,407,6158
2024-12-04,MK-C-028,ภาคใต้,443,8053
2024-12-04,SY-D-039,กรุงเทพฯ,471,7529
2024-12-04,SY-D-039,ภาคกลาง,413,7312
2024-12-04,SY-D-039,ภาคตะวันออก,320,4741
2024-12-04,SY-D-039,ภาคเหนือ,243,4430
2024-12-04,SY-D-039,ภาคใต้,309,6042
2024-12-04,AG-E-052,กรุงเทพฯ,149,2282
2024-12-04,AG-E-052,ภาคกลาง,125,2290
2024-12-04,AG-E-052,ภาคตะวันออก,84,1454
2024-12-04,AG-E-052,ภาคเหนือ,77,1212
2024-12-04,AG-E-052,ภาคใต้,104,1513
2024-12-05,TK-A-001,กรุงเทพฯ,184,3291
2024-12-05,TK-A-001,ภาคกลาง,152,2508
2024-12-05,TK-A-001,ภาคตะวันออก,105,1804
2024-12-05,TK-A-001,ภาคเหนือ,104,1695
2024-12-05,TK-A-001,ภาคใต้,125,2566
2024-12-05,GL-B-014,กรุงเทพฯ,1003,17898
2024-12-05,GL-B-014,ภาคกลาง,769,12639
2024-12-05,GL-B-014,ภาคตะวันออก,576,10864
2024-12-05,GL-B-014,ภาคเหนือ,512,9934
2024-12-05,GL-B-014,ภาคใต้,668,12202
2024-12-05,MK-C-028,กรุงเทพฯ,760,12775
2024-12-05,MK-C-028,ภาคกลาง,553,9008
2024-12-05,MK-C-028,ภาคตะวันออก,398,8655
2024-12-05,MK-C-028,ภาคเหนือ,404,7374
2024-12-05,MK-C-028,ภาคใต้,439,8916
2024-12-05,SY-D-039,กรุงเทพฯ,491,9393
2024-12-05,SY-D-039,ภาคกลาง,380,7167
2024-12-05,SY-D-039,ภาคตะวันออก,291,5172
2024-12-05,SY-D-039,ภาคเหนือ,254,5174
2024-12-05,SY-D-039,ภาคใต้,312,6392
2024-12-05,AG-E-052,กรุงเทพฯ,153,2512
2024-12-05,AG-E-052,ภาคกลาง,113,1995
2024-12-05,AG-E-052,ภาคตะวันออก,93,1669
2024-12-05,AG-E-052,ภาคเหนือ,73,1242
2024-12-05,AG-E-052,ภาคใต้,95,1777
2024-12-06,TK-A-001,กรุงเทพฯ,189,3665
2024-12-06,TK-A-001,ภาคกลาง,147,2902
2024-12-06,TK-A-001,ภาคตะวันออก,119,1848
2024-12-06,TK-A-001,ภาคเหนือ,99,1970
2024-12-06,TK-A-001,ภาคใต้,132,2582
2024-12-06,GL-B-014,กรุงเทพฯ,906,16570
2024-12-06,GL-B-014,ภาคกลาง,777,16281
2024-12-06,GL-B-014,ภาคตะวันออก,606,10689
2024-12-06,GL-B-014,ภาคเหนือ,554,8349
2024-12-06,GL-B-014,ภาคใต้,664,13383
2024-12-06,MK-C-028,กรุงเทพฯ,778,14965
2024-12-06,MK-C-028,ภาคกลาง,577,10835
2024-12-06,MK-C-028,ภาคตะวันออก,400,8923
2024-12-06,MK-C-028,ภาคเหนือ,363,6397
2024-12-06,MK-C-028,ภาคใต้,449,9111
2024-12-06,SY-D-039,กรุงเทพฯ,518,9115
2024-12-06,SY-D-039,ภาคกลาง,359,8018
2024-12-06,SY-D-039,ภาคตะวันออก,303,5326
2024-12-06,SY-D-039,ภาคเหนือ,238,4563
2024-12-06,SY-D-039,ภาคใต้,312,5422
2024-12-06,AG-E-052,กรุงเทพฯ,138,2947
2024-12-06,AG-E-052,ภาคกลาง,108,2375
2024-12-06,AG-E-052,ภาคตะวันออก,87,1505
2024-12-06,AG-E-052,ภาคเหนือ,83,1499
2024-12-06,AG-E-052,ภาคใต้,90,1775
2024-12-07,TK-A-001,กรุงเทพฯ,208,3176
2024-12-07,TK-A-001,ภาคกลาง,155,2961
2024-12-07,TK-A-001,ภาคตะวันออก,108,2389
2024-12-07,TK-A-001,ภาคเหนือ,96,2131
2024-12-07,TK-A-001,ภาคใต้,120,2428
2024-12-07,GL-B-014,กรุงเทพฯ,1033,20789
2024-12-07,GL-B-014,ภาคกลาง,884,14108
2024-12-07,GL-B-014,ภาคตะวันออก,591,12202
2024-12-07,GL-B-014,ภาคเหนือ,495,10229
2024-12-07,GL-B-014,ภาคใต้,690,12001
2024-12-07,MK-C-028,กรุงเทพฯ,701,14851
2024-12-07,MK-C-028,ภาคกลาง,608,10705
2024-12-07,MK-C-028,ภาคตะวันออก,454,7480
2024-12-07,MK-C-028,ภาคเหนือ,391,7366
2024-12-07,MK-C-028,ภาคใต้,473,8026
2024-12-07,SY-D-039,กรุงเทพฯ,484,9064
2024-12-07,SY-D-039,ภาคกลาง,370,6348
2024-12-07,SY-D-039,ภาคตะวันออก,282,5053
2024-12-07,SY-D-039,ภาคเหนือ,271,4306
2024-12-07,SY-D-039,ภาคใต้,337,6131
2024-12-07,AG-E-052,กรุงเทพฯ,158,2764
2024-12-07,AG-E-052,ภาคกลาง,117,2404
2024-12-07,AG-E-052,ภาคตะวันออก,96,1524
2024-12-07,AG-E-052,ภาคเหนือ,74,1570
2024-12-07,AG-E-052,ภาคใต้,96,1898
2024-12-08,TK-A-001,กรุงเทพฯ,211,3052
2024-12-08,TK-A-001,ภาคกลาง,158,2806
2024-12-08,TK-A-001,ภาคตะวันออก,127,1857
2024-12-08,TK-A-001,ภาคเหนือ,102,1995
2024-12-08,TK-A-001,ภาคใต้,143,2210
2024-12-08,GL-B-014,กรุงเทพฯ,1057,18904
2024-12-08,GL-B-014,ภาคกลาง,840,12352
2024-12-08,GL-B-014,ภาคตะวันออก,595,10608
2024-12-08,GL-B-014,ภาคเหนือ,488,10351
2024-12-08,GL-B-014,ภาคใต้,673,12976
2024-12-08,MK-C-028,กรุงเทพฯ,660,14631
2024-12-08,MK-C-028,ภาคกลาง,568,11350
2024-12-08,MK-C-028,ภาคตะวันออก,458,7183
2024-12-08,MK-C-028,ภาคเหนือ,399,6014
2024-12-08,MK-C-028,ภาคใต้,459,8756
2024-12-08,SY-D-039,กรุงเทพฯ,499,9287
2024-12-08,SY-D-039,ภาคกลาง,362,6624
2024-12-08,SY-D-039,ภาคตะวันออก,306,4830
2024-12-08,SY-D-039,ภาคเหนือ,276,4569
2024-12-08,SY-D-039,ภาคใต้,332,5199
2024-12-08,AG-E-052,กรุงเทพฯ,150,2685
2024-12-08,AG-E-052,ภาคกลาง,118,2226
2024-12-08,AG-E-052,ภาคตะวันออก,83,1604
2024-12-08,AG-E-052,ภาคเหนือ,72,1465
2024-12-08,AG-E-052,ภาคใต้,107,1924
2024-12-09,TK-A-001,กรุงเทพฯ,214,3212
2024-12-09,TK-A-001,ภาคกลาง,144,3234
2024-12-09,TK-A-001,ภาคตะวันออก,123,1804
2024-12-09,TK-A-001,ภาคเหนือ,99,1647
2024-12-09,TK-A-001,ภาคใต้,132,2509
2024-12-09,GL-B-014,กรุงเทพฯ,912,17128
2024-12-09,GL-B-014,ภาคกลาง,837,14812
2024-12-09,GL-B-014,ภาคตะวันออก,577,11470
2024-12-09,GL-B-014,ภาคเหนือ,558,10639
2024-12-09,GL-B-014,ภาคใต้,617,13759
2024-12-09,MK-C-028,กรุงเทพฯ,676,12336
2024-12-09,MK-C-028,ภาคกลาง,569,10612
2024-12-09,MK-C-028,ภาคตะวันออก,483,6732
2024-12-09,MK-C-028,ภาคเหนือ,420,6312
2024-12-09,MK-C-028,ภาคใต้,441,9662
2024-12-09,SY-D-039,กรุงเทพฯ,452,7474
2024-12-09,SY-D-039,ภาคกลาง,424,7744
2024-12-09,SY-D-039,ภาคตะวันออก,319,4547
2024-12-09,SY-D-039,ภาคเหนือ,282,4371
2024-12-09,SY-D-039,ภาคใต้,318,6625
2024-12-09,AG-E-052,กรุงเทพฯ,139,2949
2024-12-09,AG-E-052,ภาคกลาง,128,1825
2024-12-09,AG-E-052,ภาคตะวันออก,90,1679
2024-12-09,AG-E-052,ภาคเหนือ,83,1593
2024-12-09,AG-E-052,ภาคใต้,99,1747
2024-12-10,TK-A-001,กรุงเทพฯ,192,3771
2024-12-10,TK-A-001,ภาคกลาง,148,2917
2024-12-10,TK-A-001,ภาคตะวันออก,109,1866
2024-12-10,TK-A-001,ภาคเหนือ,97,1699
2024-12-10,TK-A-001,ภาคใต้,137,2571
2024-12-10,GL-B-014,กรุงเทพฯ,1103,16259
2024-12-10,GL-B-014,ภาคกลาง,741,16634
2024-12-10,GL-B-014,ภาคตะวันออก,590,10141
2024-12-10,GL-B-014,ภาคเหนือ,521,9883
2024-12-10,GL-B-014,ภาคใต้,629,10532
2024-12-10,MK-C-028,กรุงเทพฯ,717,14436
2024-12-10,MK-C-028,ภาคกลาง,621,11586
2024-12-10,MK-C-028,ภาคตะวันออก,452,7897
2024-12-10,MK-C-028,ภาคเหนือ,389,7320
2024-12-10,MK-C-028,ภาคใต้,533,8084
2024-12-10,SY-D-039,กรุงเทพฯ,523,9591
2024-12-10,SY-D-039,ภาคกลาง,374,6787
2024-12-10,SY-D-039,ภาคตะวันออก,312,4904
2024-12-10,SY-D-039,ภาคเหนือ,245,4128
2024-12-10,SY-D-039,ภาคใต้,344,6348
2024-12-10,AG-E-052,กรุงเทพฯ,145,2715
2024-12-10,AG-E-052,ภาคกลาง,122,2404
2024-12-10,AG-E-052,ภาคตะวันออก,81,1716
2024-12-10,AG-E-052,ภาคเหนือ,80,1447
2024-12-10,AG-E-052,ภาคใต้,88,1873
2024-12-11,TK-A-001,กรุงเทพฯ,191,3644
2024-12-11,TK-A-001,ภาคกลาง,165,2944
2024-12-11,TK-A-001,ภาคตะวันออก,109,2302
2024-12-11,TK-A-001,ภาคเหนือ,96,1869
2024-12-11,TK-A-001,ภาคใต้,125,2047
2024-12-11,GL-B-014,กรุงเทพฯ,1021,20797
2024-12-11,GL-B-014,ภาคกลาง,754,16166
2024-12-11,GL-B-014,ภาคตะวันออก,564,9501
2024-12-11,GL-B-014,ภาคเหนือ,510,8399
2024-12-11,GL-B-014,ภาคใต้,714,10555
2024-12-11,MK-C-028,กรุงเทพฯ,730,12335
2024-12-11,MK-C-028,ภาคกลาง,639,10984
2024-12-11,MK-C-028,ภาคตะวันออก,399,8757
2024-12-11,MK-C-028,ภาคเหนือ,361,7587
2024-12-11,MK-C-028,ภาคใต้,459,8476
2024-12-11,SY-D-039,กรุงเทพฯ,501,8069
2024-12-11,SY-D-039,ภาคกลาง,424,7820
2024-12-11,SY-D-039,ภาคตะวันออก,273,4800
2024-12-11,SY-D-039,ภาคเหนือ,286,4051
2024-12-11,SY-D-039,ภาคใต้,337,6682
2024-12-11,AG-E-052,กรุงเทพฯ,134,2995
2024-12-11,AG-E-052,ภาคกลาง,107,2399
2024-12-11,AG-E-052,ภาคตะวันออก,87,1446
2024-12-11,AG-E-052,ภาคเหนือ,76,1435
2024-12-11,AG-E-052,ภาคใต้,94,1773
2024-12-12,TK-A-001,กรุงเทพฯ,191,3451
2024-12-12,TK-A-001,ภาคกลาง,158,2527
2024-12-12,TK-A-001,ภาคตะวันออก,119,1891
2024-12-12,TK-A-001,ภาคเหนือ,110,1929
2024-12-12,TK-A-001,ภาคใต้,133,2420
2024-12-12,GL-B-014,กรุงเทพฯ,1109,18849
2024-12-12,GL-B-014,ภาคกลาง,833,14064
2024-12-12,GL-B-014,ภาคตะวันออก,625,10798
2024-12-12,GL-B-014,ภาคเหนือ,516,8342
2024-12-12,GL-B-014,ภาคใต้,714,13016
2024-12-12,MK-C-028,กรุงเทพฯ,693,14939
2024-12-12,MK-C-028,ภาคกลาง,641,10208
2024-12-12,MK-C-028,ภาคตะวันออก,446,7349
2024-12-12,MK-C-028,ภาคเหนือ,429,7701
2024-12-12,MK-C-028,ภาคใต้,442,8037
2024-12-12,SY-D-039,กรุงเทพฯ,490,9918
2024-12-12,SY-D-039,ภาคกลาง,392,6904
2024-12-12,SY-D-039,ภาคตะวันออก,271,5767
2024-12-12,SY-D-039,ภาคเหนือ,238,4618
2024-12-12,SY-D-039,ภาคใต้,345,5262
2024-12-12,AG-E-052,กรุงเทพฯ,156,2497
2024-12-12,AG-E-052,ภาคกลาง,107,2289
2024-12-12,AG-E-052,ภาคตะวันออก,88,1389
2024-12-12,AG-E-052,ภาคเหนือ,86,1511
2024-12-12,AG-E-052,ภาคใต้,90,1794
2024-12-13,TK-A-001,กรุงเทพฯ,207,3024
2024-12-13,TK-A-001,ภาคกลาง,170,2814
2024-12-13,TK-A-001,ภาคตะวันออก,129,2256
2024-12-13,TK-A-001,ภาคเหนือ,112,1777
2024-12-13,TK-A-001,ภาคใต้,122,2068
2024-12-13,GL-B-014,กรุงเทพฯ,973,20545
2024-12-13,GL-B-014,ภาคกลาง,837,13196
2024-12-13,GL-B-014,ภาคตะวันออก,660,9760
2024-12-13,GL-B-014,ภาคเหนือ,595,9979
2024-12-13,GL-B-014,ภาคใต้,682,13592
2024-12-13,MK-C-028,กรุงเทพฯ,789,14151
2024-12-13,MK-C-028,ภาคกลาง,586,9781
2024-12-13,MK-C-028,ภาคตะวันออก,467,8561
2024-12-13,MK-C-028,ภาคเหนือ,388,7659
2024-12-13,MK-C-028,ภาคใต้,519,9473
2024-12-13,SY-D-039,กรุงเทพฯ,496,7546
2024-12-13,SY-D-039,ภาคกลาง,427,8081
2024-12-13,SY-D-039,ภาคตะวันออก,283,5761
2024-12-13,SY-D-039,ภาคเหนือ,251,4679
2024-12-13,SY-D-039,ภาคใต้,312,6553
2024-12-13,AG-E-052,กรุงเทพฯ,157,3017
2024-12-13,AG-E-052,ภาคกลาง,110,1931
2024-12-13,AG-E-052,ภาคตะวันออก,84,1810
2024-12-13,AG-E-052,ภาคเหนือ,78,1394
2024-12-13,AG-E-052,ภาคใต้,105,1936
2024-12-14,TK-A-001,กรุงเทพฯ,199,4019
2024-12-14,TK-A-001,ภาคกลาง,170,3003
2024-12-14,TK-A-001,ภาคตะวันออก,109,1841
2024-12-14,TK-A-001,ภาคเหนือ,111,2134
2024-12-14,TK-A-001,ภาคใต้,136,2368
2024-12-14,GL-B-014,กรุงเทพฯ,1026,16796
2024-12-14,GL-B-014,ภาคกลาง,881,14475
2024-12-14,GL-B-014,ภาคตะวันออก,554,11468
2024-12-14,GL-B-014,ภาคเหนือ,528,8551
2024-12-14,GL-B-014,ภาคใต้,744,11853
2024-12-14,MK-C-028,กรุงเทพฯ,794,11413
2024-12-14,MK-C-028,ภาคกลาง,637,11414
2024-12-14,MK-C-028,ภาคตะวันออก,444,7088
2024-12-14,MK-C-028,ภาคเหนือ,365,7312
2024-12-14,MK-C-028,ภาคใต้,464,7805
2024-12-14,SY-D-039,กรุงเทพฯ,447,9569
2024-12-14,SY-D-039,ภาคกลาง,354,6364
2024-12-14,SY-D-039,ภาคตะวันออก,310,5576
2024-12-14,SY-D-039,ภาคเหนือ,280,5078
2024-12-14,SY-D-039,ภาคใต้,360,5241
2024-12-14,AG-E-052,กรุงเทพฯ,141,2971
2024-12-14,AG-E-052,ภาคกลาง,111,2219
2024-12-14,AG-E-052,ภาคตะวันออก,89,1737
2024-12-14,AG-E-052,ภาคเหนือ,80,1218
2024-12-14,AG-E-052,ภาคใต้,98,1880
2024-12-15,TK-A-001,กรุงเทพฯ,185,3489
2024-12-15,TK-A-001,ภาคกลาง,153,2574
2024-12-15,TK-A-001,ภาคตะวันออก,123,1971
2024-12-15,TK-A-001,ภาคเหนือ,97,1814
2024-12-15,TK-A-001,ภาคใต้,140,2139
2024-12-15,GL-B-014,กรุงเทพฯ,963,19134
2024-12-15,GL-B-014,ภาคกลาง,856,15369
2024-12-15,GL-B-014,ภาคตะวันออก,572,9775
2024-12-15,GL-B-014,ภาคเหนือ,524,9515
2024-12-15,GL-B-014,ภาคใต้,660,12777
2024-12-15,MK-C-028,กรุงเทพฯ,743,13700
2024-12-15,MK-C-028,ภาคกลาง,557,9452
2024-12-15,MK-C-028,ภาคตะวันออก,413,7161
2024-12-15,MK-C-028,ภาคเหนือ,413,7602
2024-12-15,MK-C-028,ภาคใต้,533,7727
2024-12-15,SY-D-039,กรุงเทพฯ,481,7649
2024-12-15,SY-D-039,ภาคกลาง,362,7605
2024-12-15,SY-D-039,ภาคตะวันออก,266,4670
2024-12-15,SY-D-039,ภาคเหนือ,278,5045
2024-12-15,SY-D-039,ภาคใต้,332,5257
2024-12-15,AG-E-052,กรุงเทพฯ,142,2610
2024-12-15,AG-E-052,ภาคกลาง,126,2106
2024-12-15,AG-E-052,ภาคตะวันออก,96,1676
2024-12-15,AG-E-052,ภาคเหนือ,83,1439
2024-12-15,AG-E-052,ภาคใต้,99,2005
2024-12-16,TK-A-001,กรุงเทพฯ,181,3460
2024-12-16,TK-A-001,ภาคกลาง,168,2486
2024-12-16,TK-A-001,ภาคตะวันออก,114,2435
2024-12-16,TK-A-001,ภาคเหนือ,104,1960
2024-12-16,TK-A-001,ภาคใต้,125,2602
2024-12-16,GL-B-014,กรุงเทพฯ,923,19258
2024-12-16,GL-B-014,ภาคกลาง,765,15012
2024-12-16,GL-B-014,ภาคตะวันออก,651,11458
2024-12-16,GL-B-014,ภาคเหนือ,571,10670
2024-12-16,GL-B-014,ภาคใต้,741,13540
2024-12-16,MK-C-028,กรุงเทพฯ,735,12292
2024-12-16,MK-C-028,ภาคกลาง,533,11717
2024-12-16,MK-C-028,ภาคตะวันออก,437,8635
2024-12-16,MK-C-028,ภาคเหนือ,368,7973
2024-12-16,MK-C-028,ภาคใต้,534,8034
2024-12-16,SY-D-039,กรุงเทพฯ,474,8704
2024-12-16,SY-D-039,ภาคกลาง,355,6073
2024-12-16,SY-D-039,ภาคตะวันออก,301,5727
2024-12-16,SY-D-039,ภาคเหนือ,255,5151
2024-12-16,SY-D-039,ภาคใต้,331,6069
2024-12-16,AG-E-052,กรุงเทพฯ,157,2624
2024-12-16,AG-E-052,ภาคกลาง,125,2240
2024-12-16,AG-E-052,ภาคตะวันออก,88,1773
2024-12-16,AG-E-052,ภาคเหนือ,80,1499
2024-12-16,AG-E-052,ภาคใต้,93,1890
2024-12-17,TK-A-001,กรุงเทพฯ,188,3885
2024-12-17,TK-A-001,ภาคกลาง,150,2496
2024-12-17,TK-A-001,ภาคตะวันออก,129,2155
2024-12-17,TK-A-001,ภาคเหนือ,107,1952
2024-12-17,TK-A-001,ภาคใต้,118,2350
2024-12-17,GL-B-014,กรุงเทพฯ,923,20463
2024-12-17,GL-B-014,ภาคกลาง,826,13866
2024-12-17,GL-B-014,ภาคตะวันออก,648,11900
2024-12-17,GL-B-014,ภาคเหนือ,571,9017
2024-12-17,GL-B-014,ภาคใต้,739,12274
2024-12-17,MK-C-028,กรุงเทพฯ,731,12652
2024-12-17,MK-C-028,ภาคกลาง,563,11627
2024-12-17,MK-C-028,ภาคตะวันออก,464,8936
2024-12-17,MK-C-028,ภาคเหนือ,363,7211
2024-12-17,MK-C-028,ภาคใต้,498,9249
2024-12-17,SY-D-039,กรุงเทพฯ,508,9036
2024-12-17,SY-D-039,ภาคกลาง,361,6447
2024-12-17,SY-D-039,ภาคตะวันออก,281,5558
2024-12-17,SY-D-039,ภาคเหนือ,271,4610
2024-12-17,SY-D-039,ภาคใต้,299,6495
2024-12-17,AG-E-052,กรุงเทพฯ,152,2574
2024-12-17,AG-E-052,ภาคกลาง,130,2176
2024-12-17,AG-E-052,ภาคตะวันออก,85,1443
2024-12-17,AG-E-052,ภาคเหนือ,83,1338
2024-12-17,AG-E-052,ภาคใต้,100,1839
2024-12-18,TK-A-001,กรุงเทพฯ,202,3692
2024-12-18,TK-A-001,ภาคกลาง,163,3119
2024-12-18,TK-A-001,ภาคตะวันออก,122,2400
2024-12-18,TK-A-001,ภาคเหนือ,100,1663
2024-12-18,TK-A-001,ภาคใต้,129,2254
2024-12-18,GL-B-014,กรุงเทพฯ,1112,18109
2024-12-18,GL-B-014,ภาคกลาง,879,14157
2024-12-18,GL-B-014,ภาคตะวันออก,670,9554
2024-12-18,GL-B-014,ภาคเหนือ,561,9629
2024-12-18,GL-B-014,ภาคใต้,630,10512
2024-12-18,MK-C-028,กรุงเทพฯ,759,11880
2024-12-18,MK-C-028,ภาคกลาง,535,11105
2024-12-18,MK-C-028,ภาคตะวันออก,404,7392
2024-12-18,MK-C-028,ภาคเหนือ,386,7806
2024-12-18,MK-C-028,ภาคใต้,531,9143
2024-12-18,SY-D-039,กรุงเทพฯ,493,8722
2024-12-18,SY-D-039,ภาคกลาง,416,6539
2024-12-18,SY-D-039,ภาคตะวันออก,282,5694
2024-12-18,SY-D-039,ภาคเหนือ,243,4957
2024-12-18,SY-D-039,ภาคใต้,324,6765
2024-12-18,AG-E-052,กรุงเทพฯ,136,2280
2024-12-18,AG-E-052,ภาคกลาง,107,1997
2024-12-18,AG-E-052,ภาคตะวันออก,88,1626
2024-12-18,AG-E-052,ภาคเหนือ,84,1600
2024-12-18,AG-E-052,ภาคใต้,101,1837
2024-12-19,TK-A-001,กรุงเทพฯ,215,3727
2024-12-19,TK-A-001,ภาคกลาง,152,2473
2024-12-19,TK-A-001,ภาคตะวันออก,129,1920
2024-12-19,TK-A-001,ภาคเหนือ,113,2179
2024-12-19,TK-A-001,ภาคใต้,143,2216
2024-12-19,GL-B-014,กรุงเทพฯ,1058,20758
2024-12-19,GL-B-014,ภาคกลาง,785,15508
2024-12-19,GL-B-014,ภาคตะวันออก,640,12641
2024-12-19,GL-B-014,ภาคเหนือ,575,9572
2024-12-19,GL-B-014,ภาคใต้,613,12989
2024-12-19,MK-C-028,กรุงเทพฯ,693,12183
2024-12-19,MK-C-028,ภาคกลาง,564,10561
2024-12-19,MK-C-028,ภาคตะวันออก,487,8024
2024-12-19,MK-C-028,ภาคเหนือ,397,7748
2024-12-19,MK-C-028,ภาคใต้,525,9556
2024-12-19,SY-D-039,กรุงเทพฯ,454,9845
2024-12-19,SY-D-039,ภาคกลาง,367,6647
2024-12-19,SY-D-039,ภาคตะวันออก,280,6061
2024-12-19,SY-D-039,ภาคเหนือ,285,5254
2024-12-19,SY-D-039,ภาคใต้,326,6768
2024-12-19,AG-E-052,กรุงเทพฯ,159,2869
2024-12-19,AG-E-052,ภาคกลาง,117,2411
2024-12-19,AG-E-052,ภาคตะวันออก,80,1742
2024-12-19,AG-E-052,ภาคเหนือ,82,1266
2024-12-19,AG-E-052,ภาคใต้,94,2037
2024-12-20,TK-A-001,กรุงเทพฯ,208,3639
2024-12-20,TK-A-001,ภาคกลาง,147,2780
2024-12-20,TK-A-001,ภาคตะวันออก,115,2217
2024-12-20,TK-A-001,ภาคเหนือ,97,2001
2024-12-20,TK-A-001,ภาคใต้,142,2117
2024-12-20,GL-B-014,กรุงเทพฯ,981,20945
2024-12-20,GL-B-014,ภาคกลาง,737,14511
2024-12-20,GL-B-014,ภาคตะวันออก,590,11279
2024-12-20,GL-B-014,ภาคเหนือ,562,11252
2024-12-20,GL-B-014,ภาคใต้,639,12515
2024-12-20,MK-C-028,กรุงเทพฯ,706,13014
2024-12-20,MK-C-028,ภาคกลาง,559,11183
2024-12-20,MK-C-028,ภาคตะวันออก,486,8135
2024-12-20,MK-C-028,ภาคเหนือ,428,7486
2024-12-20,MK-C-028,ภาคใต้,516,8871
2024-12-20,SY-D-039,กรุงเทพฯ,480,8087
2024-12-20,SY-D-039,ภาคกลาง,430,7373
2024-12-20,SY-D-039,ภาคตะวันออก,310,4814
2024-12-20,SY-D-039,ภาคเหนือ,253,4782
2024-12-20,SY-D-039,ภาคใต้,340,6054
2024-12-20,AG-E-052,กรุงเทพฯ,161,3029
2024-12-20,AG-E-052,ภาคกลาง,130,2093
2024-12-20,AG-E-052,ภาคตะวันออก,82,1487
2024-12-20,AG-E-052,ภาคเหนือ,80,1602
2024-12-20,AG-E-052,ภาคใต้,89,1609
2024-12-21,TK-A-001,กรุงเทพฯ,212,3125
2024-12-21,TK-A-001,ภาคกลาง,146,2972
2024-12-21,TK-A-001,ภาคตะวันออก,107,2213
2024-12-21,TK-A-001,ภาคเหนือ,112,1653
2024-12-21,TK-A-001,ภาคใต้,133,2491
2024-12-21,GL-B-014,กรุงเทพฯ,1088,18144
2024-12-21,GL-B-014,ภาคกลาง,752,14902
2024-12-21,GL-B-014,ภาคตะวันออก,588,9413
2024-12-21,GL-B-014,ภาคเหนือ,504,11270
2024-12-21,GL-B-014,ภาคใต้,656,11420
2024-12-21,MK-C-028,กรุงเทพฯ,811,11954
2024-12-21,MK-C-028,ภาคกลาง,631,12013
2024-12-21,MK-C-028,ภาคตะวันออก,466,7987
2024-12-21,MK-C-028,ภาคเหนือ,368,7588
2024-12-21,MK-C-028,ภาคใต้,487,8644
2024-12-21,SY-D-039,กรุงเทพฯ,526,8535
2024-12-21,SY-D-039,ภาคกลาง,410,6429
2024-12-21,SY-D-039,ภาคตะวันออก,278,4609
2024-12-21,SY-D-039,ภาคเหนือ,256,4689
2024-12-21,SY-D-039,ภาคใต้,304,5190
2024-12-21,AG-E-052,กรุงเทพฯ,155,2727
2024-12-21,AG-E-052,ภาคกลาง,127,2456
2024-12-21,AG-E-052,ภาคตะวันออก,82,1460
2024-12-21,AG-E-052,ภาคเหนือ,82,1528
2024-12-21,AG-E-052,ภาคใต้,94,1707
2024-12-22,TK-A-001,กรุงเทพฯ,181,3071
2024-12-22,TK-A-001,ภาคกลาง,152,2936
2024-12-22,TK-A-001,ภาคตะวันออก,112,1854
2024-12-22,TK-A-001,ภาคเหนือ,112,2133
2024-12-22,TK-A-001,ภาคใต้,135,2615
2024-12-22,GL-B-014,กรุงเทพฯ,942,20151
2024-12-22,GL-B-014,ภาคกลาง,865,13399
2024-12-22,GL-B-014,ภาคตะวันออก,586,11145
2024-12-22,GL-B-014,ภาคเหนือ,501,8611
2024-12-22,GL-B-014,ภาคใต้,647,11184
2024-12-22,MK-C-028,กรุงเทพฯ,764,13493
2024-12-22,MK-C-028,ภาคกลาง,597,11171
2024-12-22,MK-C-028,ภาคตะวันออก,452,8449
2024-12-22,MK-C-028,ภาคเหนือ,403,6226
2024-12-22,MK-C-028,ภาคใต้,461,9306
2024-12-22,SY-D-039,กรุงเทพฯ,531,9469
2024-12-22,SY-D-039,ภาคกลาง,405,6259
2024-12-22,SY-D-039,ภาคตะวันออก,326,5013
2024-12-22,SY-D-039,ภาคเหนือ,263,5070
2024-12-22,SY-D-039,ภาคใต้,340,6684
2024-12-22,AG-E-052,กรุงเทพฯ,162,2436
2024-12-22,AG-E-052,ภาคกลาง,112,2230
2024-12-22,AG-E-052,ภาคตะวันออก,93,1451
2024-12-22,AG-E-052,ภาคเหนือ,87,1557
2024-12-22,AG-E-052,ภาคใต้,106,1692
2024-12-23,TK-A-001,กรุงเทพฯ,210,3123
2024-12-23,TK-A-001,ภาคกลาง,170,3007
2024-12-23,TK-A-001,ภาคตะวันออก,115,2210
2024-12-23,TK-A-001,ภาคเหนือ,108,1975
2024-12-23,TK-A-001,ภาคใต้,122,2561
2024-12-23,GL-B-014,กรุงเทพฯ,1090,17789
2024-12-23,GL-B-014,ภาคกลาง,804,14380
2024-12-23,GL-B-014,ภาคตะวันออก,598,11967
2024-12-23,GL-B-014,ภาคเหนือ,533,10756
2024-12-23,GL-B-014,ภาคใต้,699,12627
2024-12-23,MK-C-028,กรุงเทพฯ,671,12203
2024-12-23,MK-C-028,ภาคกลาง,603,12310
2024-12-23,MK-C-028,ภาคตะวันออก,481,7028
2024-12-23,MK-C-028,ภาคเหนือ,409,7425
2024-12-23,MK-C-028,ภาคใต้,534,9252
2024-12-23,SY-D-039,กรุงเทพฯ,523,8640
2024-12-23,SY-D-039,ภาคกลาง,363,7210
2024-12-23,SY-D-039,ภาคตะวันออก,316,4730
2024-12-23,SY-D-039,ภาคเหนือ,275,4911
2024-12-23,SY-D-039,ภาคใต้,335,6034
2024-12-23,AG-E-052,กรุงเทพฯ,159,2702
2024-12-23,AG-E-052,ภาคกลาง,130,2098
2024-12-23,AG-E-052,ภาคตะวันออก,83,1763
2024-12-23,AG-E-052,ภาคเหนือ,74,1424
2024-12-23,AG-E-052,ภาคใต้,106,2023
2024-12-24,TK-A-001,กรุงเทพฯ,189,3750
2024-12-24,TK-A-001,ภาคกลาง,170,3214
2024-12-24,TK-A-001,ภาคตะวันออก,123,2444
2024-12-24,TK-A-001,ภาคเหนือ,113,1642
2024-12-24,TK-A-001,ภาคใต้,136,2528
2024-12-24,GL-B-014,กรุงเทพฯ,1104,18684
2024-12-24,GL-B-014,ภาคกลาง,854,16932
2024-12-24,GL-B-014,ภาคตะวันออก,582,10044
2024-12-24,GL-B-014,ภาคเหนือ,515,10594
2024-12-24,GL-B-014,ภาคใต้,692,11434
2024-12-24,MK-C-028,กรุงเทพฯ,790,14347
2024-12-24,MK-C-028,ภาคกลาง,594,10421
2024-12-24,MK-C-028,ภาคตะวันออก,409,7101
2024-12-24,MK-C-028,ภาคเหนือ,360,6553
2024-12-24,MK-C-028,ภาคใต้,469,9598
2024-12-24,SY-D-039,กรุงเทพฯ,514,9407
2024-12-24,SY-D-039,ภาคกลาง,415,6670
2024-12-24,SY-D-039,ภาคตะวันออก,297,5571
2024-12-24,SY-D-039,ภาคเหนือ,257,4670
2024-12-24,SY-D-039,ภาคใต้,311,5251
2024-12-24,AG-E-052,กรุงเทพฯ,162,2575
2024-12-24,AG-E-052,ภาคกลาง,122,1871
2024-12-24,AG-E-052,ภาคตะวันออก,94,1798
2024-12-24,AG-E-052,ภาคเหนือ,77,1597
2024-12-24,AG-E-052,ภาคใต้,97,1973
2024-12-25,TK-A-001,กรุงเทพฯ,180,3734
2024-12-25,TK-A-001,ภาคกลาง,165,2478
2024-12-25,TK-A-001,ภาคตะวันออก,113,1879
2024-12-25,TK-A-001,ภาคเหนือ,110,1941
2024-12-25,TK-A-001,ภาคใต้,143,2641
2024-12-25,GL-B-014,กรุงเทพฯ,954,16336
2024-12-25,GL-B-014,ภาคกลาง,797,13456
2024-12-25,GL-B-014,ภาคตะวันออก,665,9726
2024-12-25,GL-B-014,ภาคเหนือ,536,9568
2024-12-25,GL-B-014,ภาคใต้,709,11607
2024-12-25,MK-C-028,กรุงเทพฯ,777,13782
2024-12-25,MK-C-028,ภาคกลาง,654,10524
2024-12-25,MK-C-028,ภาคตะวันออก,445,8534
2024-12-25,MK-C-028,ภาคเหนือ,399,8173
2024-12-25,MK-C-028,ภาคใต้,510,9423
2024-12-25,SY-D-039,กรุงเทพฯ,488,10204
2024-12-25,SY-D-039,ภาคกลาง,401,6668
2024-12-25,SY-D-039,ภาคตะวันออก,292,6083
2024-12-25,SY-D-039,ภาคเหนือ,280,5447
2024-12-25,SY-D-039,ภาคใต้,331,6401
2024-12-25,AG-E-052,กรุงเทพฯ,142,3023
2024-12-25,AG-E-052,ภาคกลาง,130,1978
2024-12-25,AG-E-052,ภาคตะวันออก,84,1808
2024-12-25,AG-E-052,ภาคเหนือ,77,1256
2024-12-25,AG-E-052,ภาคใต้,97,1909
2024-12-26,TK-A-001,กรุงเทพฯ,200,3116
2024-12-26,TK-A-001,ภาคกลาง,162,2866
2024-12-26,TK-A-001,ภาคตะวันออก,114,2172
2024-12-26,TK-A-001,ภาคเหนือ,109,2104
2024-12-26,TK-A-001,ภาคใต้,143,2151
2024-12-26,GL-B-014,กรุงเทพฯ,964,20175
2024-12-26,GL-B-014,ภาคกลาง,876,12683
2024-12-26,GL-B-014,ภาคตะวันออก,649,9842
2024-12-26,GL-B-014,ภาคเหนือ,500,9672
2024-12-26,GL-B-014,ภาคใต้,666,11139
2024-12-26,MK-C-028,กรุงเทพฯ,729,13299
2024-12-26,MK-C-028,ภาคกลาง,590,10968
2024-12-26,MK-C-028,ภาคตะวันออก,490,8909
2024-12-26,MK-C-028,ภาคเหนือ,415,6949
2024-12-26,MK-C-028,ภาคใต้,475,9219
2024-12-26,SY-D-039,กรุงเทพฯ,499,9086
2024-12-26,SY-D-039,ภาคกลาง,415,7759
2024-12-26,SY-D-039,ภาคตะวันออก,300,5447
2024-12-26,SY-D-039,ภาคเหนือ,264,4246
2024-12-26,SY-D-039,ภาคใต้,302,6621
2024-12-26,AG-E-052,กรุงเทพฯ,142,2684
2024-12-26,AG-E-052,ภาคกลาง,112,2281
2024-12-26,AG-E-052,ภาคตะวันออก,98,1485
2024-12-26,AG-E-052,ภาคเหนือ,81,1483
2024-12-26,AG-E-052,ภาคใต้,103,1586
2024-12-27,TK-A-001,กรุงเทพฯ,208,3597
2024-12-27,TK-A-001,ภาคกลาง,154,2741
2024-12-27,TK-A-001,ภาคตะวันออก,119,2410
2024-12-27,TK-A-001,ภาคเหนือ,96,2063
2024-12-27,TK-A-001,ภาคใต้,127,2372
2024-12-27,GL-B-014,กรุงเทพฯ,1034,17170
2024-12-27,GL-B-014,ภาคกลาง,761,13842
2024-12-27,GL-B-014,ภาคตะวันออก,670,9698
2024-12-27,GL-B-014,ภาคเหนือ,585,8814
2024-12-27,GL-B-014,ภาคใต้,678,12390
2024-12-27,MK-C-028,กรุงเทพฯ,736,11865
2024-12-27,MK-C-028,ภาคกลาง,573,9318
2024-12-27,MK-C-028,ภาคตะวันออก,481,6963
2024-12-27,MK-C-028,ภาคเหนือ,412,6472
2024-12-27,MK-C-028,ภาคใต้,480,9346
2024-12-27,SY-D-039,กรุงเทพฯ,456,8097
2024-12-27,SY-D-039,ภาคกลาง,367,7147
2024-12-27,SY-D-039,ภาคตะวันออก,299,5946
2024-12-27,SY-D-039,ภาคเหนือ,253,5460
2024-12-27,SY-D-039,ภาคใต้,318,6610
2024-12-27,AG-E-052,กรุงเทพฯ,144,2395
2024-12-27,AG-E-052,ภาคกลาง,122,1853
2024-12-27,AG-E-052,ภาคตะวันออก,95,1746
2024-12-27,AG-E-052,ภาคเหนือ,83,1296
2024-12-27,AG-E-052,ภาคใต้,94,1739
2024-12-28,TK-A-001,กรุงเทพฯ,183,3907
2024-12-28,TK-A-001,ภาคกลาง,150,3177
2024-12-28,TK-A-001,ภาคตะวันออก,111,1840
2024-12-28,TK-A-001,ภาคเหนือ,104,2013
2024-12-28,TK-A-001,ภาคใต้,135,2552
2024-12-28,GL-B-014,กรุงเทพฯ,1001,18701
2024-12-28,GL-B-014,ภาคกลาง,758,14253
2024-12-28,GL-B-014,ภาคตะวันออก,592,10560
2024-12-28,GL-B-014,ภาคเหนือ,511,9145
2024-12-28,GL-B-014,ภาคใต้,664,13463
2024-12-28,MK-C-028,กรุงเทพฯ,721,11805
2024-12-28,MK-C-028,ภาคกลาง,578,11057
2024-12-28,MK-C-028,ภาคตะวันออก,456,7458
2024-12-28,MK-C-028,ภาคเหนือ,386,6839
2024-12-28,MK-C-028,ภาคใต้,508,10010
2024-12-28,SY-D-039,กรุงเทพฯ,547,8024
2024-12-28,SY-D-039,ภาคกลาง,403,8098
2024-12-28,SY-D-039,ภาคตะวันออก,307,5123
2024-12-28,SY-D-039,ภาคเหนือ,255,4976
2024-12-28,SY-D-039,ภาคใต้,364,6248
2024-12-28,AG-E-052,กรุงเทพฯ,159,2361
2024-12-28,AG-E-052,ภาคกลาง,119,1871
2024-12-28,AG-E-052,ภาคตะวันออก,88,1385
2024-12-28,AG-E-052,ภาคเหนือ,81,1632
2024-12-28,AG-E-052,ภาคใต้,104,1877
2024-12-29,TK-A-001,กรุงเทพฯ,183,3412
2024-12-29,TK-A-001,ภาคกลาง,145,2887
2024-12-29,TK-A-001,ภาคตะวันออก,127,1992
2024-12-29,TK-A-001,ภาคเหนือ,101,1920
2024-12-29,TK-A-001,ภาคใต้,145,2573
2024-12-29,GL-B-014,กรุงเทพฯ,1113,18928
2024-12-29,GL-B-014,ภาคกลาง,896,16649
2024-12-29,GL-B-014,ภาคตะวันออก,562,11747
2024-12-29,GL-B-014,ภาคเหนือ,574,10641
2024-12-29,GL-B-014,ภาคใต้,708,11398
2024-12-29,MK-C-028,กรุงเทพฯ,807,12394
2024-12-29,MK-C-028,ภาคกลาง,570,11840
2024-12-29,MK-C-028,ภาคตะวันออก,460,8049
2024-12-29,MK-C-028,ภาคเหนือ,397,6240
2024-12-29,MK-C-028,ภาคใต้,521,10308
2024-12-29,SY-D-039,กรุงเทพฯ,518,7644
2024-12-29,SY-D-039,ภาคกลาง,412,7178
2024-12-29,SY-D-039,ภาคตะวันออก,319,4976
2024-12-29,SY-D-039,ภาคเหนือ,249,5106
2024-12-29,SY-D-039,ภาคใต้,303,6494
2024-12-29,AG-E-052,กรุงเทพฯ,164,2456
2024-12-29,AG-E-052,ภาคกลาง,129,1944
2024-12-29,AG-E-052,ภาคตะวันออก,87,1808
2024-12-29,AG-E-052,ภาคเหนือ,87,1507
2024-12-29,AG-E-052,ภาคใต้,94,1650
2024-12-30,TK-A-001,กรุงเทพฯ,200,3312
2024-12-30,TK-A-001,ภาคกลาง,156,3216
2024-12-30,TK-A-001,ภาคตะวันออก,117,2356
2024-12-30,TK-A-001,ภาคเหนือ,99,1912
2024-12-30,TK-A-001,ภาคใต้,142,2734
2024-12-30,GL-B-014,กรุงเทพฯ,948,20055
2024-12-30,GL-B-014,ภาคกลาง,883,12927
2024-12-30,GL-B-014,ภาคตะวันออก,675,10005
2024-12-30,GL-B-014,ภาคเหนือ,538,9849
2024-12-30,GL-B-014,ภาคใต้,623,13594
2024-12-30,MK-C-028,กรุงเทพฯ,823,12898
2024-12-30,MK-C-028,ภาคกลาง,547,10422
2024-12-30,MK-C-028,ภาคตะวันออก,465,7452
2024-12-30,MK-C-028,ภาคเหนือ,367,6219
2024-12-30,MK-C-028,ภาคใต้,527,8446
2024-12-30,SY-D-039,กรุงเทพฯ,517,9994
2024-12-30,SY-D-039,ภาคกลาง,401,6370
2024-12-30,SY-D-039,ภาคตะวันออก,310,5056
2024-12-30,SY-D-039,ภาคเหนือ,254,4393
2024-12-30,SY-D-039,ภาคใต้,334,5493
2024-12-30,AG-E-052,กรุงเทพฯ,159,2949
2024-12-30,AG-E-052,ภาคกลาง,120,2031
2024-12-30,AG-E-052,ภาคตะวันออก,99,1586
2024-12-30,AG-E-052,ภาคเหนือ,82,1283
2024-12-30,AG-E-052,ภาคใต้,107,1795
2024-12-31,TK-A-001,กรุงเทพฯ,213,3687
2024-12-31,TK-A-001,ภาคกลาง,168,3174
2024-12-31,TK-A-001,ภาคตะวันออก,111,2104
2024-12-31,TK-A-001,ภาคเหนือ,103,2131
2024-12-31,TK-A-001,ภาคใต้,133,2762
2024-12-31,GL-B-014,กรุงเทพฯ,971,20544
2024-12-31,GL-B-014,ภาคกลาง,805,15897
2024-12-31,GL-B-014,ภาคตะวันออก,654,10990
2024-12-31,GL-B-014,ภาคเหนือ,507,9332
2024-12-31,GL-B-014,ภาคใต้,719,12788
2024-12-31,MK-C-028,กรุงเทพฯ,760,12610
2024-12-31,MK-C-028,ภาคกลาง,612,9955
2024-12-31,MK-C-028,ภาคตะวันออก,433,7725
2024-12-31,MK-C-028,ภาคเหนือ,369,7265
2024-12-31,MK-C-028,ภาคใต้,457,8227
2024-12-31,SY-D-039,กรุงเทพฯ,523,9389
2024-12-31,SY-D-039,ภาคกลาง,373,6571
2024-12-31,SY-D-039,ภาคตะวันออก,312,4879
2024-12-31,SY-D-039,ภาคเหนือ,261,5320
2024-12-31,SY-D-039,ภาคใต้,351,6441
2024-12-31,AG-E-052,กรุงเทพฯ,147,2364
2024-12-31,AG-E-052,ภาคกลาง,108,2094
2024-12-31,AG-E-052,ภาคตะวันออก,88,1765
2024-12-31,AG-E-052,ภาคเหนือ,84,1600
2024-12-31,AG-E-052,ภาคใต้,109,2070
2025-01-01,TK-A-001,กรุงเทพฯ,184,3940
2025-01-01,TK-A-001,ภาคกลาง,156,3072
2025-01-01,TK-A-001,ภาคตะวันออก,116,2149
2025-01-01,TK-A-001,ภาคเหนือ,104,1822
2025-01-01,TK-A-001,ภาคใต้,129,2479
2025-01-01,GL-B-014,กรุงเทพฯ,1043,16446
2025-01-01,GL-B-014,ภาคกลาง,898,14271
2025-01-01,GL-B-014,ภาคตะวันออก,628,9954
2025-01-01,GL-B-014,ภาคเหนือ,580,10354
2025-01-01,GL-B-014,ภาคใต้,660,13375
2025-01-01,MK-C-028,กรุงเทพฯ,793,12050
2025-01-01,MK-C-028,ภาคกลาง,563,10298
2025-01-01,MK-C-028,ภาคตะวันออก,420,8991
2025-01-01,MK-C-028,ภาคเหนือ,402,6203
2025-01-01,MK-C-028,ภาคใต้,471,7935
2025-01-01,SY-D-039,กรุงเทพฯ,501,9440
2025-01-01,SY-D-039,ภาคกลาง,397,6177
2025-01-01,SY-D-039,ภาคตะวันออก,284,4659
2025-01-01,SY-D-039,ภาคเหนือ,242,4564
2025-01-01,SY-D-039,ภาคใต้,306,5802
2025-01-01,AG-E-052,กรุงเทพฯ,162,2897
2025-01-01,AG-E-052,ภาคกลาง,132,2170
2025-01-01,AG-E-052,ภาคตะวันออก,94,1453
2025-01-01,AG-E-052,ภาคเหนือ,82,1654
2025-01-01,AG-E-052,ภาคใต้,101,1979
2025-01-02,TK-A-001,กรุงเทพฯ,201,3703
2025-01-02,TK-A-001,ภาคกลาง,147,3225
2025-01-02,TK-A-001,ภาคตะวันออก,126,2172
2025-01-02,TK-A-001,ภาคเหนือ,111,2204
2025-01-02,TK-A-001,ภาคใต้,131,2298
2025-01-02,GL-B-014,กรุงเทพฯ,1031,21145
2025-01-02,GL-B-014,ภาคกลาง,767,16082
2025-01-02,GL-B-014,ภาคตะวันออก,619,12049
2025-01-02,GL-B-014,ภาคเหนือ,581,9061
2025-01-02,GL-B-014,ภาคใต้,702,11240
2025-01-02,MK-C-028,กรุงเทพฯ,724,12998
2025-01-02,MK-C-028,ภาคกลาง,566,11919
2025-01-02,MK-C-028,ภาคตะวันออก,414,7023
2025-01-02,MK-C-028,ภาคเหนือ,428,7459
2025-01-02,MK-C-028,ภาคใต้,538,9306
2025-01-02,SY-D-039,กรุงเทพฯ,485,9460
2025-01-02,SY-D-039,ภาคกลาง,364,6750
2025-01-02,SY-D-039,ภาคตะวันออก,289,5284
2025-01-02,SY-D-039,ภาคเหนือ,266,4142
2025-01-02,SY-D-039,ภาคใต้,361,5717
2025-01-02,AG-E-052,กรุงเทพฯ,146,2791
2025-01-02,AG-E-052,ภาคกลาง,112,2022
2025-01-02,AG-E-052,ภาคตะวันออก,84,1862
2025-01-02,AG-E-052,ภาคเหนือ,80,1595
2025-01-02,AG-E-052,ภาคใต้,107,1872
2025-01-03,TK-A-001,กรุงเทพฯ,212,4139
2025-01-03,TK-A-001,ภาคกลาง,161,3168
2025-01-03,TK-A-001,ภาคตะวันออก,128,2255
2025-01-03,TK-A-001,ภาคเหนือ,105,1819
2025-01-03,TK-A-001,ภาคใต้,129,2338
2025-01-03,GL-B-014,กรุงเทพฯ,1136,15934
2025-01-03,GL-B-014,ภาคกลาง,747,14484
2025-01-03,GL-B-014,ภาคตะวันออก,578,10316
2025-01-03,GL-B-014,ภาคเหนือ,595,10634
2025-01-03,GL-B-014,ภาคใต้,666,10835
2025-01-03,MK-C-028,กรุงเทพฯ,690,12791
2025-01-03,MK-C-028,ภาคกลาง,605,11190
2025-01-03,MK-C-028,ภาคตะวันออก,431,7051
2025-01-03,MK-C-028,ภาคเหนือ,439,6637
2025-01-03,MK-C-028,ภาคใต้,493,8957
2025-01-03,SY-D-039,กรุงเทพฯ,508,8121
2025-01-03,SY-D-039,ภาคกลาง,386,6754
2025-01-03,SY-D-039,ภาคตะวันออก,305,6217
2025-01-03,SY-D-039,ภาคเหนือ,263,5098
2025-01-03,SY-D-039,ภาคใต้,310,6645
2025-01-03,AG-E-052,กรุงเทพฯ,155,2523
2025-01-03,AG-E-052,ภาคกลาง,121,2136
2025-01-03,AG-E-052,ภาคตะวันออก,83,1686
2025-01-03,AG-E-052,ภาคเหนือ,77,1353
2025-01-03,AG-E-052,ภาคใต้,95,1745
2025-01-04,TK-A-001,กรุงเทพฯ,208,3573
2025-01-04,TK-A-001,ภาคกลาง,169,2587
2025-01-04,TK-A-001,ภาคตะวันออก,128,1930
2025-01-04,TK-A-001,ภาคเหนือ,101,1822
2025-01-04,TK-A-001,ภาคใต้,145,2463
2025-01-04,GL-B-014,กรุงเทพฯ,1117,16557
2025-01-04,GL-B-014,ภาคกลาง,807,13342
2025-01-04,GL-B-014,ภาคตะวันออก,651,10163
2025-01-04,GL-B-014,ภาคเหนือ,603,10961
2025-01-04,GL-B-014,ภาคใต้,737,12118
2025-01-04,MK-C-028,กรุงเทพฯ,730,12078
2025-01-04,MK-C-028,ภาคกลาง,621,9347
2025-01-04,MK-C-028,ภาคตะวันออก,423,7805
2025-01-04,MK-C-028,ภาคเหนือ,420,6681
2025-01-04,MK-C-028,ภาคใต้,488,9664
2025-01-04,SY-D-039,กรุงเทพฯ,508,9195
2025-01-04,SY-D-039,ภาคกลาง,405,7800
2025-01-04,SY-D-039,ภาคตะวันออก,307,6063
2025-01-04,SY-D-039,ภาคเหนือ,287,5394
2025-01-04,SY-D-039,ภาคใต้,357,5419
2025-01-04,AG-E-052,กรุงเทพฯ,147,2556
2025-01-04,AG-E-052,ภาคกลาง,112,2247
2025-01-04,AG-E-052,ภาคตะวันออก,97,1544
2025-01-04,AG-E-052,ภาคเหนือ,81,1402
2025-01-04,AG-E-052,ภาคใต้,103,2081
2025-01-05,TK-A-001,กรุงเทพฯ,221,4161
2025-01-05,TK-A-001,ภาคกลาง,171,3012
2025-01-05,TK-A-001,ภาคตะวันออก,123,2242
2025-01-05,TK-A-001,ภาคเหนือ,109,1869
2025-01-05,TK-A-001,ภาคใต้,141,2416
2025-01-05,GL-B-014,กรุงเทพฯ,996,17642
2025-01-05,GL-B-014,ภาคกลาง,762,17062
2025-01-05,GL-B-014,ภาคตะวันออก,603,10320
2025-01-05,GL-B-014,ภาคเหนือ,538,9766
2025-01-05,GL-B-014,ภาคใต้,635,12735
2025-01-05,MK-C-028,กรุงเทพฯ,720,14768
2025-01-05,MK-C-028,ภาคกลาง,641,12279
2025-01-05,MK-C-028,ภาคตะวันออก,411,7217
2025-01-05,MK-C-028,ภาคเหนือ,363,8216
2025-01-05,MK-C-028,ภาคใต้,453,8183
2025-01-05,SY-D-039,กรุงเทพฯ,454,10024
2025-01-05,SY-D-039,ภาคกลาง,365,7255
2025-01-05,SY-D-039,ภาคตะวันออก,276,5818
2025-01-05,SY-D-039,ภาคเหนือ,249,5489
2025-01-05,SY-D-039,ภาคใต้,326,5828
2025-01-05,AG-E-052,กรุงเทพฯ,155,3093
2025-01-05,AG-E-052,ภาคกลาง,119,1998
2025-01-05,AG-E-052,ภาคตะวันออก,96,1839
2025-01-05,AG-E-052,ภาคเหนือ,74,1593
2025-01-05,AG-E-052,ภาคใต้,110,1795
2025-01-06,TK-A-001,กรุงเทพฯ,209,3935
2025-01-06,TK-A-001,ภาคกลาง,149,2873
2025-01-06,TK-A-001,ภาคตะวันออก,123,1946
2025-01-06,TK-A-001,ภาคเหนือ,99,1704
2025-01-06,TK-A-001,ภาคใต้,121,2546
2025-01-06,GL-B-014,กรุงเทพฯ,1031,18102
2025-01-06,GL-B-014,ภาคกลาง,777,14811
2025-01-06,GL-B-014,ภาคตะวันออก,586,12289
2025-01-06,GL-B-014,ภาคเหนือ,551,10893
2025-01-06,GL-B-014,ภาคใต้,665,11144
2025-01-06,MK-C-028,กรุงเทพฯ,715,13157
2025-01-06,MK-C-028,ภาคกลาง,599,10941
2025-01-06,MK-C-028,ภาคตะวันออก,440,7292
2025-01-06,MK-C-028,ภาคเหนือ,422,6888
2025-01-06,MK-C-028,ภาคใต้,477,8314
2025-01-06,SY-D-039,กรุงเทพฯ,502,9226
2025-01-06,SY-D-039,ภาคกลาง,412,6421
2025-01-06,SY-D-039,ภาคตะวันออก,296,5505
2025-01-06,SY-D-039,ภาคเหนือ,253,5351
2025-01-06,SY-D-039,ภาคใต้,340,5833
2025-01-06,AG-E-052,กรุงเทพฯ,145,2841
2025-01-06,AG-E-052,ภาคกลาง,133,2142
2025-01-06,AG-E-052,ภาคตะวันออก,92,1670
2025-01-06,AG-E-052,ภาคเหนือ,86,1501
2025-01-06,AG-E-052,ภาคใต้,92,1612
2025-01-07,TK-A-001,กรุงเทพฯ,200,3412
2025-01-07,TK-A-001,ภาคกลาง,174,3050
2025-01-07,TK-A-001,ภาคตะวันออก,132,2112
2025-01-07,TK-A-001,ภาคเหนือ,116,1740
2025-01-07,TK-A-001,ภาคใต้,138,2527
2025-01-07,GL-B-014,กรุงเทพฯ,1115,20318
2025-01-07,GL-B-014,ภาคกลาง,772,13021
2025-01-07,GL-B-014,ภาคตะวันออก,635,9916
2025-01-07,GL-B-014,ภาคเหนือ,545,9800
2025-01-07,GL-B-014,ภาคใต้,636,11221
2025-01-07,MK-C-028,กรุงเทพฯ,705,11956
2025-01-07,MK-C-028,ภาคกลาง,615,10710
2025-01-07,MK-C-028,ภาคตะวันออก,467,7851
2025-01-07,MK-C-028,ภาคเหนือ,383,7651
2025-01-07,MK-C-028,ภาคใต้,508,8951
2025-01-07,SY-D-039,กรุงเทพฯ,529,10403
2025-01-07,SY-D-039,ภาคกลาง,402,7575
2025-01-07,SY-D-039,ภาคตะวันออก,276,5720
2025-01-07,SY-D-039,ภาคเหนือ,267,4332
2025-01-07,SY-D-039,ภาคใต้,313,6670
2025-01-07,AG-E-052,กรุงเทพฯ,143,3062
2025-01-07,AG-E-052,ภาคกลาง,120,2218
2025-01-07,AG-E-052,ภาคตะวันออก,86,1471
2025-01-07,AG-E-052,ภาคเหนือ,74,1333
2025-01-07,AG-E-052,ภาคใต้,110,1895
2025-01-08,TK-A-001,กรุงเทพฯ,209,3487
2025-01-08,TK-A-001,ภาคกลาง,156,3083
2025-01-08,TK-A-001,ภาคตะวันออก,130,1920
2025-01-08,TK-A-001,ภาคเหนือ,104,2076
2025-01-08,TK-A-001,ภาคใต้,141,2738
2025-01-08,GL-B-014,กรุงเทพฯ,1133,19815
2025-01-08,GL-B-014,ภาคกลาง,767,15391
2025-01-08,GL-B-014,ภาคตะวันออก,630,11154
2025-01-08,GL-B-014,ภาคเหนือ,550,8671
2025-01-08,GL-B-014,ภาคใต้,633,13096
2025-01-08,MK-C-028,กรุงเทพฯ,760,12376
2025-01-08,MK-C-028,ภาคกลาง,566,11762
2025-01-08,MK-C-028,ภาคตะวันออก,413,7804
2025-01-08,MK-C-028,ภาคเหนือ,390,8164
2025-01-08,MK-C-028,ภาคใต้,490,10254
2025-01-08,SY-D-039,กรุงเทพฯ,467,9805
2025-01-08,SY-D-039,ภาคกลาง,404,8332
2025-01-08,SY-D-039,ภาคตะวันออก,285,6266
2025-01-08,SY-D-039,ภาคเหนือ,266,4279
2025-01-08,SY-D-039,ภาคใต้,360,6438
2025-01-08,AG-E-052,กรุงเทพฯ,138,2493
2025-01-08,AG-E-052,ภาคกลาง,129,2177
2025-01-08,AG-E-052,ภาคตะวันออก,91,1430
2025-01-08,AG-E-052,ภาคเหนือ,76,1295
2025-01-08,AG-E-052,ภาคใต้,107,1918
2025-01-09,TK-A-001,กรุงเทพฯ,196,3220
2025-01-09,TK-A-001,ภาคกลาง,166,3075
2025-01-09,TK-A-001,ภาคตะวันออก,132,2111
2025-01-09,TK-A-001,ภาคเหนือ,102,2007
2025-01-09,TK-A-001,ภาคใต้,148,2161
2025-01-09,GL-B-014,กรุงเทพฯ,1029,19353
2025-01-09,GL-B-014,ภาคกลาง,838,14778
2025-01-09,GL-B-014,ภาคตะวันออก,571,12092
2025-01-09,GL-B-014,ภาคเหนือ,555,8840
2025-01-09,GL-B-014,ภาคใต้,734,12207
2025-01-09,MK-C-028,กรุงเทพฯ,820,11720
2025-01-09,MK-C-028,ภาคกลาง,648,9617
2025-01-09,MK-C-028,ภาคตะวันออก,425,9172
2025-01-09,MK-C-028,ภาคเหนือ,376,7499
2025-01-09,MK-C-028,ภาคใต้,506,8011
2025-01-09,SY-D-039,กรุงเทพฯ,544,9455
2025-01-09,SY-D-039,ภาคกลาง,417,6352
2025-01-09,SY-D-039,ภาคตะวันออก,294,5035
2025-01-09,SY-D-039,ภาคเหนือ,290,4965
2025-01-09,SY-D-039,ภาคใต้,309,6134
2025-01-09,AG-E-052,กรุงเทพฯ,137,2752
2025-01-09,AG-E-052,ภาคกลาง,111,2237
2025-01-09,AG-E-052,ภาคตะวันออก,82,1598
2025-01-09,AG-E-052,ภาคเหนือ,86,1473
2025-01-09,AG-E-052,ภาคใต้,102,1806
2025-01-10,TK-A-001,กรุงเทพฯ,209,3540
2025-01-10,TK-A-001,ภาคกลาง,148,2493
2025-01-10,TK-A-001,ภาคตะวันออก,112,2434
2025-01-10,TK-A-001,ภาคเหนือ,98,2088
2025-01-10,TK-A-001,ภาคใต้,146,2222
2025-01-10,GL-B-014,กรุงเทพฯ,1104,21018
2025-01-10,GL-B-014,ภาคกลาง,833,13520
2025-01-10,GL-B-014,ภาคตะวันออก,678,10935
2025-01-10,GL-B-014,ภาคเหนือ,602,9224
2025-01-10,GL-B-014,ภาคใต้,676,13239
2025-01-10,MK-C-028,กรุงเทพฯ,709,11628
2025-01-10,MK-C-028,ภาคกลาง,582,11234
2025-01-10,MK-C-028,ภาคตะวันออก,487,7408
2025-01-10,MK-C-028,ภาคเหนือ,443,7308
2025-01-10,MK-C-028,ภาคใต้,496,9132
2025-01-10,SY-D-039,กรุงเทพฯ,490,10157
2025-01-10,SY-D-039,ภาคกลาง,379,8246
2025-01-10,SY-D-039,ภาคตะวันออก,324,5579
2025-01-10,SY-D-039,ภาคเหนือ,271,4894
2025-01-10,SY-D-039,ภาคใต้,352,6452
2025-01-10,AG-E-052,กรุงเทพฯ,152,3103
2025-01-10,AG-E-052,ภาคกลาง,129,1924
2025-01-10,AG-E-052,ภาคตะวันออก,89,1759
2025-01-10,AG-E-052,ภาคเหนือ,84,1354
2025-01-10,AG-E-052,ภาคใต้,105,1809
2025-01-11,TK-A-001,กรุงเทพฯ,202,3804
2025-01-11,TK-A-001,ภาคกลาง,166,3002
2025-01-11,TK-A-001,ภาคตะวันออก,131,2299
2025-01-11,TK-A-001,ภาคเหนือ,98,2027
2025-01-11,TK-A-001,ภาคใต้,123,2510
2025-01-11,GL-B-014,กรุงเทพฯ,1003,21500
2025-01-11,GL-B-014,ภาคกลาง,853,14797
2025-01-11,GL-B-014,ภาคตะวันออก,643,10674
2025-01-11,GL-B-014,ภาคเหนือ,567,9026
2025-01-11,GL-B-014,ภาคใต้,649,13427
2025-01-11,MK-C-028,กรุงเทพฯ,762,12788
2025-01-11,MK-C-028,ภาคกลาง,586,11878
2025-01-11,MK-C-028,ภาคตะวันออก,476,8012
2025-01-11,MK-C-028,ภาคเหนือ,394,6326
2025-01-11,MK-C-028,ภาคใต้,476,8313
2025-01-11,SY-D-039,กรุงเทพฯ,495,8466
2025-01-11,SY-D-039,ภาคกลาง,393,8329
2025-01-11,SY-D-039,ภาคตะวันออก,277,5642
2025-01-11,SY-D-039,ภาคเหนือ,297,5473
2025-01-11,SY-D-039,ภาคใต้,356,5480
2025-01-11,AG-E-052,กรุงเทพฯ,149,2887
2025-01-11,AG-E-052,ภาคกลาง,111,2156
2025-01-11,AG-E-052,ภาคตะวันออก,92,1677
2025-01-11,AG-E-052,ภาคเหนือ,82,1365
2025-01-11,AG-E-052,ภาคใต้,102,2012
2025-01-12,TK-A-001,กรุงเทพฯ,208,4070
2025-01-12,TK-A-001,ภาคกลาง,177,3185
2025-01-12,TK-A-001,ภาคตะวันออก,124,2288
2025-01-12,TK-A-001,ภาคเหนือ,99,2011
2025-01-12,TK-A-001,ภาคใต้,129,2785
2025-01-12,GL-B-014,กรุงเทพฯ,1008,16414
2025-01-12,GL-B-014,ภาคกลาง,756,14263
2025-01-12,GL-B-014,ภาคตะวันออก,679,12212
2025-01-12,GL-B-014,ภาคเหนือ,570,8609
2025-01-12,GL-B-014,ภาคใต้,758,11957
2025-01-12,MK-C-028,กรุงเทพฯ,813,15459
2025-01-12,MK-C-028,ภาคกลาง,608,11900
2025-01-12,MK-C-028,ภาคตะวันออก,438,8659
2025-01-12,MK-C-028,ภาคเหนือ,379,6315
2025-01-12,MK-C-028,ภาคใต้,546,7935
2025-01-12,SY-D-039,กรุงเทพฯ,543,8449
2025-01-12,SY-D-039,ภาคกลาง,376,6375
2025-01-12,SY-D-039,ภาคตะวันออก,318,5342
2025-01-12,SY-D-039,ภาคเหนือ,262,4756
2025-01-12,SY-D-039,ภาคใต้,360,6093
2025-01-12,AG-E-052,กรุงเทพฯ,166,2816
2025-01-12,AG-E-052,ภาคกลาง,122,1878
2025-01-12,AG-E-052,ภาคตะวันออก,96,1805
2025-01-12,AG-E-052,ภาคเหนือ,89,1541
2025-01-12,AG-E-052,ภาคใต้,110,1845
2025-01-13,TK-A-001,กรุงเทพฯ,190,3921
2025-01-13,TK-A-001,ภาคกลาง,175,2508
2025-01-13,TK-A-001,ภาคตะวันออก,114,1895
2025-01-13,TK-A-001,ภาคเหนือ,111,2003
2025-01-13,TK-A-001,ภาคใต้,149,2772
2025-01-13,GL-B-014,กรุงเทพฯ,1085,17812
2025-01-13,GL-B-014,ภาคกลาง,856,15533
2025-01-13,GL-B-014,ภาคตะวันออก,603,10004
2025-01-13,GL-B-014,ภาคเหนือ,568,8921
2025-01-13,GL-B-014,ภาคใต้,666,14288
2025-01-13,MK-C-028,กรุงเทพฯ,726,11743
2025-01-13,MK-C-028,ภาคกลาง,580,9922
2025-01-13,MK-C-028,ภาคตะวันออก,500,8430
2025-01-13,MK-C-028,ภาคเหนือ,377,7161
2025-01-13,MK-C-028,ภาคใต้,491,10472
2025-01-13,SY-D-039,กรุงเทพฯ,476,9285
2025-01-13,SY-D-039,ภาคกลาง,393,7937
2025-01-13,SY-D-039,ภาคตะวันออก,291,5523
2025-01-13,SY-D-039,ภาคเหนือ,286,5118
2025-01-13,SY-D-039,ภาคใต้,345,5770
2025-01-13,AG-E-052,กรุงเทพฯ,144,2921
2025-01-13,AG-E-052,ภาคกลาง,117,1956
2025-01-13,AG-E-052,ภาคตะวันออก,95,1722
2025-01-13,AG-E-052,ภาคเหนือ,78,1454
2025-01-13,AG-E-052,ภาคใต้,101,1947
2025-01-14,TK-A-001,กรุงเทพฯ,218,3130
2025-01-14,TK-A-001,ภาคกลาง,150,2628
2025-01-14,TK-A-001,ภาคตะวันออก,111,2021
2025-01-14,TK-A-001,ภาคเหนือ,107,1996
2025-01-14,TK-A-001,ภาคใต้,147,2236
2025-01-14,GL-B-014,กรุงเทพฯ,1067,18881
2025-01-14,GL-B-014,ภาคกลาง,770,13638
2025-01-14,GL-B-014,ภาคตะวันออก,589,12855
2025-01-14,GL-B-014,ภาคเหนือ,521,9908
2025-01-14,GL-B-014,ภาคใต้,758,14235
2025-01-14,MK-C-028,กรุงเทพฯ,819,12542
2025-01-14,MK-C-028,ภาคกลาง,640,9580
2025-01-14,MK-C-028,ภาคตะวันออก,452,7292
2025-01-14,MK-C-028,ภาคเหนือ,442,7992
2025-01-14,MK-C-028,ภาคใต้,543,8852
2025-01-14,SY-D-039,กรุงเทพฯ,503,10125
2025-01-14,SY-D-039,ภาคกลาง,402,7035
2025-01-14,SY-D-039,ภาคตะวันออก,306,6289
2025-01-14,SY-D-039,ภาคเหนือ,255,4794
2025-01-14,SY-D-039,ภาคใต้,329,5478
2025-01-14,AG-E-052,กรุงเทพฯ,141,2942
2025-01-14,AG-E-052,ภาคกลาง,115,2272
2025-01-14,AG-E-052,ภาคตะวันออก,97,1497
2025-01-14,AG-E-052,ภาคเหนือ,83,1474
2025-01-14,AG-E-052,ภาคใต้,100,1967
2025-01-15,TK-A-001,กรุงเทพฯ,210,3336
2025-01-15,TK-A-001,ภาคกลาง,150,3198
2025-01-15,TK-A-001,ภาคตะวันออก,111,1938
2025-01-15,TK-A-001,ภาคเหนือ,119,1819
2025-01-15,TK-A-001,ภาคใต้,124,2800
2025-01-15,GL-B-014,กรุงเทพฯ,976,20347
2025-01-15,GL-B-014,ภาคกลาง,883,12879
2025-01-15,GL-B-014,ภาคตะวันออก,571,12061
2025-01-15,GL-B-014,ภาคเหนือ,608,10563
2025-01-15,GL-B-014,ภาคใต้,720,13364
2025-01-15,MK-C-028,กรุงเทพฯ,803,15098
2025-01-15,MK-C-028,ภาคกลาง,552,12594
2025-01-15,MK-C-028,ภาคตะวันออก,477,7828
2025-01-15,MK-C-028,ภาคเหนือ,372,6523
2025-01-15,MK-C-028,ภาคใต้,517,9582
2025-01-15,SY-D-039,กรุงเทพฯ,532,8801
2025-01-15,SY-D-039,ภาคกลาง,401,8251
2025-01-15,SY-D-039,ภาคตะวันออก,332,6058
2025-01-15,SY-D-039,ภาคเหนือ,256,4462
2025-01-15,SY-D-039,ภาคใต้,313,5314
2025-01-15,AG-E-052,กรุงเทพฯ,158,2931
2025-01-15,AG-E-052,ภาคกลาง,132,1976
2025-01-15,AG-E-052,ภาคตะวันออก,96,1626
2025-01-15,AG-E-052,ภาคเหนือ,80,1542
2025-01-15,AG-E-052,ภาคใต้,97,1774
2025-01-16,TK-A-001,กรุงเทพฯ,194,3225
2025-01-16,TK-A-001,ภาคกลาง,159,2845
2025-01-16,TK-A-001,ภาคตะวันออก,115,2141
2025-01-16,TK-A-001,ภาคเหนือ,104,1782
2025-01-16,TK-A-001,ภาคใต้,126,2222
2025-01-16,GL-B-014,กรุงเทพฯ,1024,17816
2025-01-16,GL-B-014,ภาคกลาง,849,13703
2025-01-16,GL-B-014,ภาคตะวันออก,578,11720
2025-01-16,GL-B-014,ภาคเหนือ,510,9423
2025-01-16,GL-B-014,ภาคใต้,641,11207
2025-01-16,MK-C-028,กรุงเทพฯ,728,13500
2025-01-16,MK-C-028,ภาคกลาง,582,9716
2025-01-16,MK-C-028,ภาคตะวันออก,449,9353
2025-01-16,MK-C-028,ภาคเหนือ,437,6975
2025-01-16,MK-C-028,ภาคใต้,477,10209
2025-01-16,SY-D-039,กรุงเทพฯ,536,9204
2025-01-16,SY-D-039,ภาคกลาง,447,8314
2025-01-16,SY-D-039,ภาคตะวันออก,308,4698
2025-01-16,SY-D-039,ภาคเหนือ,270,5502
2025-01-16,SY-D-039,ภาคใต้,318,5877
2025-01-16,AG-E-052,กรุงเทพฯ,159,2581
2025-01-16,AG-E-052,ภาคกลาง,116,2037
2025-01-16,AG-E-052,ภาคตะวันออก,84,1407
2025-01-16,AG-E-052,ภาคเหนือ,87,1620
2025-01-16,AG-E-052,ภาคใต้,94,1699
2025-01-17,TK-A-001,กรุงเทพฯ,224,4115
2025-01-17,TK-A-001,ภาคกลาง,152,3169
2025-01-17,TK-A-001,ภาคตะวันออก,115,2421
2025-01-17,TK-A-001,ภาคเหนือ,105,1728
2025-01-17,TK-A-001,ภาคใต้,144,2524
2025-01-17,GL-B-014,กรุงเทพฯ,1088,21094
2025-01-17,GL-B-014,ภาคกลาง,780,14696
2025-01-17,GL-B-014,ภาคตะวันออก,670,12207
2025-01-17,GL-B-014,ภาคเหนือ,531,9043
2025-01-17,GL-B-014,ภาคใต้,762,14021
2025-01-17,MK-C-028,กรุงเทพฯ,759,13983
2025-01-17,MK-C-028,ภาคกลาง,558,9518
2025-01-17,MK-C-028,ภาคตะวันออก,473,7334
2025-01-17,MK-C-028,ภาคเหนือ,388,7654
2025-01-17,MK-C-028,ภาคใต้,490,8700
2025-01-17,SY-D-039,กรุงเทพฯ,547,8184
2025-01-17,SY-D-039,ภาคกลาง,373,8298
2025-01-17,SY-D-039,ภาคตะวันออก,320,6128
2025-01-17,SY-D-039,ภาคเหนือ,287,4365
2025-01-17,SY-D-039,ภาคใต้,309,5889
2025-01-17,AG-E-052,กรุงเทพฯ,147,2373
2025-01-17,AG-E-052,ภาคกลาง,134,1985
2025-01-17,AG-E-052,ภาคตะวันออก,90,1654
2025-01-17,AG-E-052,ภาคเหนือ,84,1334
2025-01-17,AG-E-052,ภาคใต้,93,1890
2025-01-18,TK-A-001,กรุงเทพฯ,221,3187
2025-01-18,TK-A-001,ภาคกลาง,150,2535
2025-01-18,TK-A-001,ภาคตะวันออก,110,2387
2025-01-18,TK-A-001,ภาคเหนือ,103,1883
2025-01-18,TK-A-001,ภาคใต้,146,2679
2025-01-18,GL-B-014,กรุงเทพฯ,1052,20666
2025-01-18,GL-B-014,ภาคกลาง,760,15116
2025-01-18,GL-B-014,ภาคตะวันออก,692,12877
2025-01-18,GL-B-014,ภาคเหนือ,536,8799
2025-01-18,GL-B-014,ภาคใต้,653,14065
2025-01-18,MK-C-028,กรุงเทพฯ,729,12389
2025-01-18,MK-C-028,ภาคกลาง,592,10203
2025-01-18,MK-C-028,ภาคตะวันออก,501,7599
2025-01-18,MK-C-028,ภาคเหนือ,373,7090
2025-01-18,MK-C-028,ภาคใต้,509,8402
2025-01-18,SY-D-039,กรุงเทพฯ,493,9191
2025-01-18,SY-D-039,ภาคกลาง,374,7934
2025-01-18,SY-D-039,ภาคตะวันออก,333,5863
2025-01-18,SY-D-039,ภาคเหนือ,289,4899
2025-01-18,SY-D-039,ภาคใต้,352,5672
2025-01-18,AG-E-052,กรุงเทพฯ,149,2516
2025-01-18,AG-E-052,ภาคกลาง,130,1928
2025-01-18,AG-E-052,ภาคตะวันออก,88,1431
2025-01-18,AG-E-052,ภาคเหนือ,74,1667
2025-01-18,AG-E-052,ภาคใต้,97,1597
2025-01-19,TK-A-001,กรุงเทพฯ,199,3610
2025-01-19,TK-A-001,ภาคกลาง,158,3031
2025-01-19,TK-A-001,ภาคตะวันออก,132,2326
2025-01-19,TK-A-001,ภาคเหนือ,104,1944
2025-01-19,TK-A-001,ภาคใต้,148,2562
2025-01-19,GL-B-014,กรุงเทพฯ,1020,21367
2025-01-19,GL-B-014,ภาคกลาง,915,14342
2025-01-19,GL-B-014,ภาคตะวันออก,607,12093
2025-01-19,GL-B-014,ภาคเหนือ,591,8666
2025-01-19,GL-B-014,ภาคใต้,674,14373
2025-01-19,MK-C-028,กรุงเทพฯ,824,15380
2025-01-19,MK-C-028,ภาคกลาง,555,10958
2025-01-19,MK-C-028,ภาคตะวันออก,505,7273
2025-01-19,MK-C-028,ภาคเหนือ,403,8029
2025-01-19,MK-C-028,ภาคใต้,485,8763
2025-01-19,SY-D-039,กรุงเทพฯ,505,8015
2025-01-19,SY-D-039,ภาคกลาง,399,8088
2025-01-19,SY-D-039,ภาคตะวันออก,277,5536
2025-01-19,SY-D-039,ภาคเหนือ,257,5033
2025-01-19,SY-D-039,ภาคใต้,325,5684
2025-01-19,AG-E-052,กรุงเทพฯ,145,2346
2025-01-19,AG-E-052,ภาคกลาง,115,2279
2025-01-19,AG-E-052,ภาคตะวันออก,90,1811
2025-01-19,AG-E-052,ภาคเหนือ,85,1267
2025-01-19,AG-E-052,ภาคใต้,95,2107
2025-01-20,TK-A-001,กรุงเทพฯ,216,3736
2025-01-20,TK-A-001,ภาคกลาง,176,2669
2025-01-20,TK-A-001,ภาคตะวันออก,133,2016
2025-01-20,TK-A-001,ภาคเหนือ,104,2156
2025-01-20,TK-A-001,ภาคใต้,129,2759
2025-01-20,GL-B-014,กรุงเทพฯ,997,20870
2025-01-20,GL-B-014,ภาคกลาง,911,16287
2025-01-20,GL-B-014,ภาคตะวันออก,576,11826
2025-01-20,GL-B-014,ภาคเหนือ,588,9928
2025-01-20,GL-B-014,ภาคใต้,723,11049
2025-01-20,MK-C-028,กรุงเทพฯ,718,15526
2025-01-20,MK-C-028,ภาคกลาง,627,10109
2025-01-20,MK-C-028,ภาคตะวันออก,423,9071
2025-01-20,MK-C-028,ภาคเหนือ,441,6528
2025-01-20,MK-C-028,ภาคใต้,534,8909
2025-01-20,SY-D-039,กรุงเทพฯ,533,8446
2025-01-20,SY-D-039,ภาคกลาง,376,7220
2025-01-20,SY-D-039,ภาคตะวันออก,324,6228
2025-01-20,SY-D-039,ภาคเหนือ,288,5579
2025-01-20,SY-D-039,ภาคใต้,321,5831
2025-01-20,AG-E-052,กรุงเทพฯ,152,2965
2025-01-20,AG-E-052,ภาคกลาง,115,2153
2025-01-20,AG-E-052,ภาคตะวันออก,99,1482
2025-01-20,AG-E-052,ภาคเหนือ,75,1672
2025-01-20,AG-E-052,ภาคใต้,97,1888
2025-01-21,TK-A-001,กรุงเทพฯ,209,3191
2025-01-21,TK-A-001,ภาคกลาง,177,3141
2025-01-21,TK-A-001,ภาคตะวันออก,112,1979
2025-01-21,TK-A-001,ภาคเหนือ,100,1825
2025-01-21,TK-A-001,ภาคใต้,131,2590
2025-01-21,GL-B-014,กรุงเทพฯ,964,21023
2025-01-21,GL-B-014,ภาคกลาง,902,17170
2025-01-21,GL-B-014,ภาคตะวันออก,651,11227
2025-01-21,GL-B-014,ภาคเหนือ,615,10713
2025-01-21,GL-B-014,ภาคใต้,666,11607
2025-01-21,MK-C-028,กรุงเทพฯ,804,14924
2025-01-21,MK-C-028,ภาคกลาง,666,12309
2025-01-21,MK-C-028,ภาคตะวันออก,424,8230
2025-01-21,MK-C-028,ภาคเหนือ,369,8182
2025-01-21,MK-C-028,ภาคใต้,468,9355
2025-01-21,SY-D-039,กรุงเทพฯ,559,10378
2025-01-21,SY-D-039,ภาคกลาง,433,6892
2025-01-21,SY-D-039,ภาคตะวันออก,283,6180
2025-01-21,SY-D-039,ภาคเหนือ,299,5253
2025-01-21,SY-D-039,ภาคใต้,321,6822
2025-01-21,AG-E-052,กรุงเทพฯ,139,2562
2025-01-21,AG-E-052,ภาคกลาง,126,2494
2025-01-21,AG-E-052,ภาคตะวันออก,98,1829
2025-01-21,AG-E-052,ภาคเหนือ,77,1301
2025-01-21,AG-E-052,ภาคใต้,108,2050
2025-01-22,TK-A-001,กรุงเทพฯ,207,3628
2025-01-22,TK-A-001,ภาคกลาง,155,2811
2025-01-22,TK-A-001,ภาคตะวันออก,121,1938
2025-01-22,TK-A-001,ภาคเหนือ,108,2078
2025-01-22,TK-A-001,ภาคใต้,125,2752
2025-01-22,GL-B-014,กรุงเทพฯ,1073,20328
2025-01-22,GL-B-014,ภาคกลาง,892,13295
2025-01-22,GL-B-014,ภาคตะวันออก,687,10892
2025-01-22,GL-B-014,ภาคเหนือ,541,10541
2025-01-22,GL-B-014,ภาคใต้,659,14500
2025-01-22,MK-C-028,กรุงเทพฯ,773,14939
2025-01-22,MK-C-028,ภาคกลาง,583,12561
2025-01-22,MK-C-028,ภาคตะวันออก,479,8582
2025-01-22,MK-C-028,ภาคเหนือ,442,6998
2025-01-22,MK-C-028,ภาคใต้,492,9711
2025-01-22,SY-D-039,กรุงเทพฯ,552,9899
2025-01-22,SY-D-039,ภาคกลาง,440,6386
2025-01-22,SY-D-039,ภาคตะวันออก,301,5304
2025-01-22,SY-D-039,ภาคเหนือ,291,4696
2025-01-22,SY-D-039,ภาคใต้,336,5340
2025-01-22,AG-E-052,กรุงเทพฯ,144,2928
2025-01-22,AG-E-052,ภาคกลาง,134,2110
2025-01-22,AG-E-052,ภาคตะวันออก,84,1603
2025-01-22,AG-E-052,ภาคเหนือ,88,1535
2025-01-22,AG-E-052,ภาคใต้,106,1591
2025-01-23,TK-A-001,กรุงเทพฯ,218,4200
2025-01-23,TK-A-001,ภาคกลาง,153,2764
2025-01-23,TK-A-001,ภาคตะวันออก,127,2007
2025-01-23,TK-A-001,ภาคเหนือ,114,1877
2025-01-23,TK-A-001,ภาคใต้,127,2313
2025-01-23,GL-B-014,กรุงเทพฯ,1110,16734
2025-01-23,GL-B-014,ภาคกลาง,928,14630
2025-01-23,GL-B-014,ภาคตะวันออก,575,11097
2025-01-23,GL-B-014,ภาคเหนือ,552,9266
2025-01-23,GL-B-014,ภาคใต้,767,14065
2025-01-23,MK-C-028,กรุงเทพฯ,824,15689
2025-01-23,MK-C-028,ภาคกลาง,644,9989
2025-01-23,MK-C-028,ภาคตะวันออก,464,9255
2025-01-23,MK-C-028,ภาคเหนือ,428,8288
2025-01-23,MK-C-028,ภาคใต้,539,8941
2025-01-23,SY-D-039,กรุงเทพฯ,485,8502
2025-01-23,SY-D-039,ภาคกลาง,411,8182
2025-01-23,SY-D-039,ภาคตะวันออก,288,6308
2025-01-23,SY-D-039,ภาคเหนือ,283,5251
2025-01-23,SY-D-039,ภาคใต้,334,5241
2025-01-23,AG-E-052,กรุงเทพฯ,155,2563
2025-01-23,AG-E-052,ภาคกลาง,134,2547
2025-01-23,AG-E-052,ภาคตะวันออก,100,1725
2025-01-23,AG-E-052,ภาคเหนือ,85,1608
2025-01-23,AG-E-052,ภาคใต้,107,1747
2025-01-24,TK-A-001,กรุงเทพฯ,210,4230
2025-01-24,TK-A-001,ภาคกลาง,154,3398
2025-01-24,TK-A-001,ภาคตะวันออก,118,2349
2025-01-24,TK-A-001,ภาคเหนือ,108,1891
2025-01-24,TK-A-001,ภาคใต้,129,2379
2025-01-24,GL-B-014,กรุงเทพฯ,1104,20182
2025-01-24,GL-B-014,ภาคกลาง,889,14127
2025-01-24,GL-B-014,ภาคตะวันออก,598,12904
2025-01-24,GL-B-014,ภาคเหนือ,591,10291
2025-01-24,GL-B-014,ภาคใต้,683,13257
2025-01-24,MK-C-028,กรุงเทพฯ,814,15696
2025-01-24,MK-C-028,ภาคกลาง,675,10310
2025-01-24,MK-C-028,ภาคตะวันออก,500,8948
2025-01-24,MK-C-028,ภาคเหนือ,425,6873
2025-01-24,MK-C-028,ภาคใต้,476,9281
2025-01-24,SY-D-039,กรุงเทพฯ,495,8543
2025-01-24,SY-D-039,ภาคกลาง,433,7004
2025-01-24,SY-D-039,ภาคตะวันออก,310,5079
2025-01-24,SY-D-039,ภาคเหนือ,291,4314
2025-01-24,SY-D-039,ภาคใต้,364,6004
2025-01-24,AG-E-052,กรุงเทพฯ,152,2583
2025-01-24,AG-E-052,ภาคกลาง,112,2155
2025-01-24,AG-E-052,ภาคตะวันออก,96,1449
2025-01-24,AG-E-052,ภาคเหนือ,78,1462
2025-01-24,AG-E-052,ภาคใต้,111,2093
2025-01-25,TK-A-001,กรุงเทพฯ,197,3527
2025-01-25,TK-A-001,ภาคกลาง,154,3354
2025-01-25,TK-A-001,ภาคตะวันออก,116,2550
2025-01-25,TK-A-001,ภาคเหนือ,99,1918
2025-01-25,TK-A-001,ภาคใต้,135,2715
2025-01-25,GL-B-014,กรุงเทพฯ,1092,20682
2025-01-25,GL-B-014,ภาคกลาง,844,15751
2025-01-25,GL-B-014,ภาคตะวันออก,609,12077
2025-01-25,GL-B-014,ภาคเหนือ,582,11541
2025-01-25,GL-B-014,ภาคใต้,698,13157
2025-01-25,MK-C-028,กรุงเทพฯ,782,12732
2025-01-25,MK-C-028,ภาคกลาง,667,11852
2025-01-25,MK-C-028,ภาคตะวันออก,441,7742
2025-01-25,MK-C-028,ภาคเหนือ,407,7739
2025-01-25,MK-C-028,ภาคใต้,502,10329
2025-01-25,SY-D-039,กรุงเทพฯ,558,8778
2025-01-25,SY-D-039,ภาคกลาง,439,7582
2025-01-25,SY-D-039,ภาคตะวันออก,282,5151
2025-01-25,SY-D-039,ภาคเหนือ,297,5191
2025-01-25,SY-D-039,ภาคใต้,329,6570
2025-01-25,AG-E-052,กรุงเทพฯ,153,2956
2025-01-25,AG-E-052,ภาคกลาง,113,2383
2025-01-25,AG-E-052,ภาคตะวันออก,99,1447
2025-01-25,AG-E-052,ภาคเหนือ,75,1272
2025-01-25,AG-E-052,ภาคใต้,110,2020
2025-01-26,TK-A-001,กรุงเทพฯ,208,4248
2025-01-26,TK-A-001,ภาคกลาง,167,3024
2025-01-26,TK-A-001,ภาคตะวันออก,125,2291
2025-01-26,TK-A-001,ภาคเหนือ,120,2164
2025-01-26,TK-A-001,ภาคใต้,151,2759
2025-01-26,GL-B-014,กรุงเทพฯ,1121,20147
2025-01-26,GL-B-014,ภาคกลาง,921,13218
2025-01-26,GL-B-014,ภาคตะวันออก,698,11194
2025-01-26,GL-B-014,ภาคเหนือ,547,10496
2025-01-26,GL-B-014,ภาคใต้,728,11268
2025-01-26,MK-C-028,กรุงเทพฯ,724,12414
2025-01-26,MK-C-028,ภาคกลาง,581,9858
2025-01-26,MK-C-028,ภาคตะวันออก,430,8473
2025-01-26,MK-C-028,ภาคเหนือ,419,7202
2025-01-26,MK-C-028,ภาคใต้,566,9504
2025-01-26,SY-D-039,กรุงเทพฯ,489,10097
2025-01-26,SY-D-039,ภาคกลาง,445,7201
2025-01-26,SY-D-039,ภาคตะวันออก,313,6043
2025-01-26,SY-D-039,ภาคเหนือ,297,4891
2025-01-26,SY-D-039,ภาคใต้,367,6051
2025-01-26,AG-E-052,กรุงเทพฯ,144,2894
2025-01-26,AG-E-052,ภาคกลาง,134,2144
2025-01-26,AG-E-052,ภาคตะวันออก,84,1736
2025-01-26,AG-E-052,ภาคเหนือ,78,1367
2025-01-26,AG-E-052,ภาคใต้,113,1628
2025-01-27,TK-A-001,กรุงเทพฯ,218,3928
2025-01-27,TK-A-001,ภาคกลาง,172,3284
2025-01-27,TK-A-001,ภาคตะวันออก,116,1955
2025-01-27,TK-A-001,ภาคเหนือ,105,1851
2025-01-27,TK-A-001,ภาคใต้,127,2457
2025-01-27,GL-B-014,กรุงเทพฯ,975,20591
2025-01-27,GL-B-014,ภาคกลาง,845,14104
2025-01-27,GL-B-014,ภาคตะวันออก,628,11465
2025-01-27,GL-B-014,ภาคเหนือ,533,11219
2025-01-27,GL-B-014,ภาคใต้,772,13095
2025-01-27,MK-C-028,กรุงเทพฯ,827,13157
2025-01-27,MK-C-028,ภาคกลาง,624,11809
2025-01-27,MK-C-028,ภาคตะวันออก,489,8703
2025-01-27,MK-C-028,ภาคเหนือ,414,8223
2025-01-27,MK-C-028,ภาคใต้,559,10067
2025-01-27,SY-D-039,กรุงเทพฯ,502,8931
2025-01-27,SY-D-039,ภาคกลาง,431,7194
2025-01-27,SY-D-039,ภาคตะวันออก,300,5922
2025-01-27,SY-D-039,ภาคเหนือ,257,4943
2025-01-27,SY-D-039,ภาคใต้,360,7055
2025-01-27,AG-E-052,กรุงเทพฯ,149,2533
2025-01-27,AG-E-052,ภาคกลาง,117,1971
2025-01-27,AG-E-052,ภาคตะวันออก,98,1791
2025-01-27,AG-E-052,ภาคเหนือ,80,1406
2025-01-27,AG-E-052,ภาคใต้,113,1675
2025-01-28,TK-A-001,กรุงเทพฯ,193,4182
2025-01-28,TK-A-001,ภาคกลาง,181,2978
2025-01-28,TK-A-001,ภาคตะวันออก,124,2460
2025-01-28,TK-A-001,ภาคเหนือ,112,1786
2025-01-28,TK-A-001,ภาคใต้,139,2604
2025-01-28,GL-B-014,กรุงเทพฯ,1145,16852
2025-01-28,GL-B-014,ภาคกลาง,790,15323
2025-01-28,GL-B-014,ภาคตะวันออก,660,12424
2025-01-28,GL-B-014,ภาคเหนือ,532,9591
2025-01-28,GL-B-014,ภาคใต้,778,10984
2025-01-28,MK-C-028,กรุงเทพฯ,768,14313
2025-01-28,MK-C-028,ภาคกลาง,612,11403
2025-01-28,MK-C-028,ภาคตะวันออก,459,8371
2025-01-28,MK-C-028,ภาคเหนือ,387,6962
2025-01-28,MK-C-028,ภาคใต้,477,9136
2025-01-28,SY-D-039,กรุงเทพฯ,495,10480
2025-01-28,SY-D-039,ภาคกลาง,428,6644
2025-01-28,SY-D-039,ภาคตะวันออก,303,6168
2025-01-28,SY-D-039,ภาคเหนือ,256,5364
2025-01-28,SY-D-039,ภาคใต้,320,6675
2025-01-28,AG-E-052,กรุงเทพฯ,152,2562
2025-01-28,AG-E-052,ภาคกลาง,126,2262
2025-01-28,AG-E-052,ภาคตะวันออก,86,1903
2025-01-28,AG-E-052,ภาคเหนือ,86,1670
2025-01-28,AG-E-052,ภาคใต้,107,2057
2025-01-29,TK-A-001,กรุงเทพฯ,209,3397
2025-01-29,TK-A-001,ภาคกลาง,156,2611
2025-01-29,TK-A-001,ภาคตะวันออก,115,2358
2025-01-29,TK-A-001,ภาคเหนือ,114,2234
2025-01-29,TK-A-001,ภาคใต้,131,2237
2025-01-29,GL-B-014,กรุงเทพฯ,1078,21204
2025-01-29,GL-B-014,ภาคกลาง,855,16501
2025-01-29,GL-B-014,ภาคตะวันออก,702,12024
2025-01-29,GL-B-014,ภาคเหนือ,561,8881
2025-01-29,GL-B-014,ภาคใต้,694,11513
2025-01-29,MK-C-028,กรุงเทพฯ,771,13021
2025-01-29,MK-C-028,ภาคกลาง,592,12507
2025-01-29,MK-C-028,ภาคตะวันออก,441,9274
2025-01-29,MK-C-028,ภาคเหนือ,410,7987
2025-01-29,MK-C-028,ภาคใต้,551,9438
2025-01-29,SY-D-039,กรุงเทพฯ,466,9002
2025-01-29,SY-D-039,ภาคกลาง,380,7215
2025-01-29,SY-D-039,ภาคตะวันออก,311,5347
2025-01-29,SY-D-039,ภาคเหนือ,272,5250
2025-01-29,SY-D-039,ภาคใต้,377,6351
2025-01-29,AG-E-052,กรุงเทพฯ,145,2383
2025-01-29,AG-E-052,ภาคกลาง,127,2542
2025-01-29,AG-E-052,ภาคตะวันออก,98,1858
2025-01-29,AG-E-052,ภาคเหนือ,77,1480
2025-01-29,AG-E-052,ภาคใต้,103,1927
2025-01-30,TK-A-001,กรุงเทพฯ,220,3860
2025-01-30,TK-A-001,ภาคกลาง,151,3135
2025-01-30,TK-A-001,ภาคตะวันออก,123,2067
2025-01-30,TK-A-001,ภาคเหนือ,113,1725
2025-01-30,TK-A-001,ภาคใต้,140,2309
2025-01-30,GL-B-014,กรุงเทพฯ,1171,21862
2025-01-30,GL-B-014,ภาคกลาง,882,15744
2025-01-30,GL-B-014,ภาคตะวันออก,684,12486
2025-01-30,GL-B-014,ภาคเหนือ,588,9482
2025-01-30,GL-B-014,ภาคใต้,752,14103
2025-01-30,MK-C-028,กรุงเทพฯ,748,15651
2025-01-30,MK-C-028,ภาคกลาง,663,12044
2025-01-30,MK-C-028,ภาคตะวันออก,480,8878
2025-01-30,MK-C-028,ภาคเหนือ,389,6580
2025-01-30,MK-C-028,ภาคใต้,545,9164
2025-01-30,SY-D-039,กรุงเทพฯ,487,10417
2025-01-30,SY-D-039,ภาคกลาง,445,7954
2025-01-30,SY-D-039,ภาคตะวันออก,330,6381
2025-01-30,SY-D-039,ภาคเหนือ,259,4286
2025-01-30,SY-D-039,ภาคใต้,323,6236
2025-01-30,AG-E-052,กรุงเทพฯ,144,2706
2025-01-30,AG-E-052,ภาคกลาง,134,2559
2025-01-30,AG-E-052,ภาคตะวันออก,98,1821
2025-01-30,AG-E-052,ภาคเหนือ,77,1417
2025-01-30,AG-E-052,ภาคใต้,107,1888
2025-01-31,TK-A-001,กรุงเทพฯ,226,3632
2025-01-31,TK-A-001,ภาคกลาง,174,2987
2025-01-31,TK-A-001,ภาคตะวันออก,131,2365
2025-01-31,TK-A-001,ภาคเหนือ,103,1928
2025-01-31,TK-A-001,ภาคใต้,145,2768
2025-01-31,GL-B-014,กรุงเทพฯ,1166,16500
2025-01-31,GL-B-014,ภาคกลาง,821,13352
2025-01-31,GL-B-014,ภาคตะวันออก,675,9829
2025-01-31,GL-B-014,ภาคเหนือ,624,9599
2025-01-31,GL-B-014,ภาคใต้,756,11901
2025-01-31,MK-C-028,กรุงเทพฯ,853,15728
2025-01-31,MK-C-028,ภาคกลาง,564,11056
2025-01-31,MK-C-028,ภาคตะวันออก,446,7320
2025-01-31,MK-C-028,ภาคเหนือ,446,6596
2025-01-31,MK-C-028,ภาคใต้,537,10531
2025-01-31,SY-D-039,กรุงเทพฯ,505,7952
2025-01-31,SY-D-039,ภาคกลาง,390,8206
2025-01-31,SY-D-039,ภาคตะวันออก,300,5112
2025-01-31,SY-D-039,ภาคเหนือ,254,4838
2025-01-31,SY-D-039,ภาคใต้,311,6899
2025-01-31,AG-E-052,กรุงเทพฯ,150,2496
2025-01-31,AG-E-052,ภาคกลาง,119,2165
2025-01-31,AG-E-052,ภาคตะวันออก,95,1475
2025-01-31,AG-E-052,ภาคเหนือ,81,1682
2025-01-31,AG-E-052,ภาคใต้,97,2020
2025-02-01,TK-A-001,กรุงเทพฯ,210,3241
2025-02-01,TK-A-001,ภาคกลาง,174,2792
2025-02-01,TK-A-001,ภาคตะวันออก,125,2065
2025-02-01,TK-A-001,ภาคเหนือ,114,1837
2025-02-01,TK-A-001,ภาคใต้,130,2374
2025-02-01,GL-B-014,กรุงเทพฯ,975,17680
2025-02-01,GL-B-014,ภาคกลาง,830,14710
2025-02-01,GL-B-014,ภาคตะวันออก,592,11802
2025-02-01,GL-B-014,ภาคเหนือ,526,8912
2025-02-01,GL-B-014,ภาคใต้,730,14225
2025-02-01,MK-C-028,กรุงเทพฯ,735,13406
2025-02-01,MK-C-028,ภาคกลาง,639,11044
2025-02-01,MK-C-028,ภาคตะวันออก,508,8273
2025-02-01,MK-C-028,ภาคเหนือ,389,8251
2025-02-01,MK-C-028,ภาคใต้,518,10531
2025-02-01,SY-D-039,กรุงเทพฯ,517,9962
2025-02-01,SY-D-039,ภาคกลาง,443,8224
2025-02-01,SY-D-039,ภาคตะวันออก,332,6379
2025-02-01,SY-D-039,ภาคเหนือ,251,5672
2025-02-01,SY-D-039,ภาคใต้,349,5432
2025-02-01,AG-E-052,กรุงเทพฯ,150,3196
2025-02-01,AG-E-052,ภาคกลาง,114,2373
2025-02-01,AG-E-052,ภาคตะวันออก,101,1532
2025-02-01,AG-E-052,ภาคเหนือ,85,1340
2025-02-01,AG-E-052,ภาคใต้,97,1731
2025-02-02,TK-A-001,กรุงเทพฯ,217,3497
2025-02-02,TK-A-001,ภาคกลาง,156,3063
2025-02-02,TK-A-001,ภาคตะวันออก,121,2543
2025-02-02,TK-A-001,ภาคเหนือ,112,2165
2025-02-02,TK-A-001,ภาคใต้,129,2846
2025-02-02,GL-B-014,กรุงเทพฯ,1084,18706
2025-02-02,GL-B-014,ภาคกลาง,830,15264
2025-02-02,GL-B-014,ภาคตะวันออก,701,10440
2025-02-02,GL-B-014,ภาคเหนือ,543,10719
2025-02-02,GL-B-014,ภาคใต้,688,12184
2025-02-02,MK-C-028,กรุงเทพฯ,737,15068
2025-02-02,MK-C-028,ภาคกลาง,610,10165
2025-02-02,MK-C-028,ภาคตะวันออก,494,8872
2025-02-02,MK-C-028,ภาคเหนือ,393,6820
2025-02-02,MK-C-028,ภาคใต้,491,8602
2025-02-02,SY-D-039,กรุงเทพฯ,530,8664
2025-02-02,SY-D-039,ภาคกลาง,420,7012
2025-02-02,SY-D-039,ภาคตะวันออก,311,5941
2025-02-02,SY-D-039,ภาคเหนือ,251,4732
2025-02-02,SY-D-039,ภาคใต้,328,6605
2025-02-02,AG-E-052,กรุงเทพฯ,166,3182
2025-02-02,AG-E-052,ภาคกลาง,132,2354
2025-02-02,AG-E-052,ภาคตะวันออก,94,1632
2025-02-02,AG-E-052,ภาคเหนือ,78,1648
2025-02-02,AG-E-052,ภาคใต้,106,1759
2025-02-03,TK-A-001,กรุงเทพฯ,201,3682
2025-02-03,TK-A-001,ภาคกลาง,182,2555
2025-02-03,TK-A-001,ภาคตะวันออก,115,2510
2025-02-03,TK-A-001,ภาคเหนือ,105,1891
2025-02-03,TK-A-001,ภาคใต้,128,2803
2025-02-03,GL-B-014,กรุงเทพฯ,1095,19371
2025-02-03,GL-B-014,ภาคกลาง,866,16343
2025-02-03,GL-B-014,ภาคตะวันออก,678,12632
2025-02-03,GL-B-014,ภาคเหนือ,520,9768
2025-02-03,GL-B-014,ภาคใต้,657,14413
2025-02-03,MK-C-028,กรุงเทพฯ,817,12732
2025-02-03,MK-C-028,ภาคกลาง,640,9863
2025-02-03,MK-C-028,ภาคตะวันออก,442,7225
2025-02-03,MK-C-028,ภาคเหนือ,402,6457
2025-02-03,MK-C-028,ภาคใต้,474,10300
2025-02-03,SY-D-039,กรุงเทพฯ,491,8790
2025-02-03,SY-D-039,ภาคกลาง,407,8456
2025-02-03,SY-D-039,ภาคตะวันออก,336,5085
2025-02-03,SY-D-039,ภาคเหนือ,285,5271
2025-02-03,SY-D-039,ภาคใต้,363,6426
2025-02-03,AG-E-052,กรุงเทพฯ,148,3089
2025-02-03,AG-E-052,ภาคกลาง,135,2417
2025-02-03,AG-E-052,ภาคตะวันออก,86,1630
2025-02-03,AG-E-052,ภาคเหนือ,87,1291
2025-02-03,AG-E-052,ภาคใต้,113,1886
2025-02-04,TK-A-001,กรุงเทพฯ,222,3748
2025-02-04,TK-A-001,ภาคกลาง,157,3410
2025-02-04,TK-A-001,ภาคตะวันออก,116,2280
2025-02-04,TK-A-001,ภาคเหนือ,114,2133
2025-02-04,TK-A-001,ภาคใต้,134,2839
2025-02-04,GL-B-014,กรุงเทพฯ,1147,18493
2025-02-04,GL-B-014,ภาคกลาง,774,14474
2025-02-04,GL-B-014,ภาคตะวันออก,581,12744
2025-02-04,GL-B-014,ภาคเหนือ,516,9333
2025-02-04,GL-B-014,ภาคใต้,746,14362
2025-02-04,MK-C-028,กรุงเทพฯ,803,13276
2025-02-04,MK-C-028,ภาคกลาง,567,11073
2025-02-04,MK-C-028,ภาคตะวันออก,494,9291
2025-02-04,MK-C-028,ภาคเหนือ,409,7291
2025-02-04,MK-C-028,ภาคใต้,512,9662
2025-02-04,SY-D-039,กรุงเทพฯ,537,10281
2025-02-04,SY-D-039,ภาคกลาง,417,7710
2025-02-04,SY-D-039,ภาคตะวันออก,304,5475
2025-02-04,SY-D-039,ภาคเหนือ,252,4663
2025-02-04,SY-D-039,ภาคใต้,350,7097
2025-02-04,AG-E-052,กรุงเทพฯ,155,3058
2025-02-04,AG-E-052,ภาคกลาง,136,2435
2025-02-04,AG-E-052,ภาคตะวันออก,94,1556
2025-02-04,AG-E-052,ภาคเหนือ,91,1552
2025-02-04,AG-E-052,ภาคใต้,98,1860
2025-02-05,TK-A-001,กรุงเทพฯ,208,3713
2025-02-05,TK-A-001,ภาคกลาง,167,2645
2025-02-05,TK-A-001,ภาคตะวันออก,128,2034
2025-02-05,TK-A-001,ภาคเหนือ,101,2124
2025-02-05,TK-A-001,ภาคใต้,143,2866
2025-02-05,GL-B-014,กรุงเทพฯ,1073,18730
2025-02-05,GL-B-014,ภาคกลาง,918,14096
2025-02-05,GL-B-014,ภาคตะวันออก,606,10590
2025-02-05,GL-B-014,ภาคเหนือ,569,10837
2025-02-05,GL-B-014,ภาคใต้,677,11308
2025-02-05,MK-C-028,กรุงเทพฯ,745,15624
2025-02-05,MK-C-028,ภาคกลาง,588,10527
2025-02-05,MK-C-028,ภาคตะวันออก,498,8978
2025-02-05,MK-C-028,ภาคเหนือ,451,7501
2025-02-05,MK-C-028,ภาคใต้,499,8725
2025-02-05,SY-D-039,กรุงเทพฯ,503,8351
2025-02-05,SY-D-039,ภาคกลาง,439,6757
2025-02-05,SY-D-039,ภาคตะวันออก,342,5505
2025-02-05,SY-D-039,ภาคเหนือ,304,4848
2025-02-05,SY-D-039,ภาคใต้,323,6005
2025-02-05,AG-E-052,กรุงเทพฯ,171,2876
2025-02-05,AG-E-052,ภาคกลาง,117,2333
2025-02-05,AG-E-052,ภาคตะวันออก,92,1469
2025-02-05,AG-E-052,ภาคเหนือ,90,1689
2025-02-05,AG-E-052,ภาคใต้,98,1884
2025-02-06,TK-A-001,กรุงเทพฯ,215,3857
2025-02-06,TK-A-001,ภาคกลาง,180,3067
2025-02-06,TK-A-001,ภาคตะวันออก,120,2075
2025-02-06,TK-A-001,ภาคเหนือ,119,2277
2025-02-06,TK-A-001,ภาคใต้,128,2650
2025-02-06,GL-B-014,กรุงเทพฯ,1047,17508
2025-02-06,GL-B-014,ภาคกลาง,782,16901
2025-02-06,GL-B-014,ภาคตะวันออก,680,11281
2025-02-06,GL-B-014,ภาคเหนือ,619,10581
2025-02-06,GL-B-014,ภาคใต้,759,12692
2025-02-06,MK-C-028,กรุงเทพฯ,819,15870
2025-02-06,MK-C-028,ภาคกลาง,636,12353
2025-02-06,MK-C-028,ภาคตะวันออก,465,9379
2025-02-06,MK-C-028,ภาคเหนือ,424,7101
2025-02-06,MK-C-028,ภาคใต้,518,10580
2025-02-06,SY-D-039,กรุงเทพฯ,557,9361
2025-02-06,SY-D-039,ภาคกลาง,417,6951
2025-02-06,SY-D-039,ภาคตะวันออก,295,4979
2025-02-06,SY-D-039,ภาคเหนือ,300,5057
2025-02-06,SY-D-039,ภาคใต้,352,6288
2025-02-06,AG-E-052,กรุงเทพฯ,158,3074
2025-02-06,AG-E-052,ภาคกลาง,131,2048
2025-02-06,AG-E-052,ภาคตะวันออก,102,1780
2025-02-06,AG-E-052,ภาคเหนือ,79,1397
2025-02-06,AG-E-052,ภาคใต้,98,1970
2025-02-07,TK-A-001,กรุงเทพฯ,209,3849
2025-02-07,TK-A-001,ภาคกลาง,182,3050
2025-02-07,TK-A-001,ภาคตะวันออก,130,2314
2025-02-07,TK-A-001,ภาคเหนือ,119,1710
2025-02-07,TK-A-001,ภาคใต้,149,2342
2025-02-07,GL-B-014,กรุงเทพฯ,1126,22184
2025-02-07,GL-B-014,ภาคกลาง,806,16960
2025-02-07,GL-B-014,ภาคตะวันออก,585,11126
2025-02-07,GL-B-014,ภาคเหนือ,617,10382
2025-02-07,GL-B-014,ภาคใต้,728,11549
2025-02-07,MK-C-028,กรุงเทพฯ,759,14491
2025-02-07,MK-C-028,ภาคกลาง,610,10020
2025-02-07,MK-C-028,ภาคตะวันออก,450,8819
2025-02-07,MK-C-028,ภาคเหนือ,411,7688
2025-02-07,MK-C-028,ภาคใต้,517,9681
2025-02-07,SY-D-039,กรุงเทพฯ,573,9797
2025-02-07,SY-D-039,ภาคกลาง,409,6530
2025-02-07,SY-D-039,ภาคตะวันออก,301,5622
2025-02-07,SY-D-039,ภาคเหนือ,278,5649
2025-02-07,SY-D-039,ภาคใต้,348,5824
2025-02-07,AG-E-052,กรุงเทพฯ,170,3027
2025-02-07,AG-E-052,ภาคกลาง,120,2191
2025-02-07,AG-E-052,ภาคตะวันออก,93,1631
2025-02-07,AG-E-052,ภาคเหนือ,86,1726
2025-02-07,AG-E-052,ภาคใต้,98,2002
2025-02-08,TK-A-001,กรุงเทพฯ,199,3308
2025-02-08,TK-A-001,ภาคกลาง,174,3101
2025-02-08,TK-A-001,ภาคตะวันออก,121,2119
2025-02-08,TK-A-001,ภาคเหนือ,103,1873
2025-02-08,TK-A-001,ภาคใต้,151,2780
2025-02-08,GL-B-014,กรุงเทพฯ,1024,21886
2025-02-08,GL-B-014,ภาคกลาง,868,14533
2025-02-08,GL-B-014,ภาคตะวันออก,640,10166
2025-02-08,GL-B-014,ภาคเหนือ,595,9079
2025-02-08,GL-B-014,ภาคใต้,684,11397
2025-02-08,MK-C-028,กรุงเทพฯ,756,12747
2025-02-08,MK-C-028,ภาคกลาง,670,12812
2025-02-08,MK-C-028,ภาคตะวันออก,496,7523
2025-02-08,MK-C-028,ภาคเหนือ,421,8300
2025-02-08,MK-C-028,ภาคใต้,563,8341
2025-02-08,SY-D-039,กรุงเทพฯ,508,9848
2025-02-08,SY-D-039,ภาคกลาง,405,7581
2025-02-08,SY-D-039,ภาคตะวันออก,291,5053
2025-02-08,SY-D-039,ภาคเหนือ,298,4663
2025-02-08,SY-D-039,ภาคใต้,359,5928
2025-02-08,AG-E-052,กรุงเทพฯ,163,2812
2025-02-08,AG-E-052,ภาคกลาง,135,2224
2025-02-08,AG-E-052,ภาคตะวันออก,88,1533
2025-02-08,AG-E-052,ภาคเหนือ,82,1619
2025-02-08,AG-E-052,ภาคใต้,101,2016
2025-02-09,TK-A-001,กรุงเทพฯ,197,3847
2025-02-09,TK-A-001,ภาคกลาง,176,3120
2025-02-09,TK-A-001,ภาคตะวันออก,134,2319
2025-02-09,TK-A-001,ภาคเหนือ,113,2090
2025-02-09,TK-A-001,ภาคใต้,145,2525
2025-02-09,GL-B-014,กรุงเทพฯ,1082,19471
2025-02-09,GL-B-014,ภาคกลาง,821,14144
2025-02-09,GL-B-014,ภาคตะวันออก,651,12099
2025-02-09,GL-B-014,ภาคเหนือ,536,9006
2025-02-09,GL-B-014,ภาคใต้,784,12278
2025-02-09,MK-C-028,กรุงเทพฯ,785,13836
2025-02-09,MK-C-028,ภาคกลาง,671,12947
2025-02-09,MK-C-028,ภาคตะวันออก,447,7513
2025-02-09,MK-C-028,ภาคเหนือ,412,8171
2025-02-09,MK-C-028,ภาคใต้,558,8562
2025-02-09,SY-D-039,กรุงเทพฯ,473,10659
2025-02-09,SY-D-039,ภาคกลาง,429,6432
2025-02-09,SY-D-039,ภาคตะวันออก,340,6137
2025-02-09,SY-D-039,ภาคเหนือ,279,5478
2025-02-09,SY-D-039,ภาคใต้,318,7208
2025-02-09,AG-E-052,กรุงเทพฯ,166,2773
2025-02-09,AG-E-052,ภาคกลาง,121,2413
2025-02-09,AG-E-052,ภาคตะวันออก,94,1519
2025-02-09,AG-E-052,ภาคเหนือ,91,1580
2025-02-09,AG-E-052,ภาคใต้,100,1795
2025-02-10,TK-A-001,กรุงเทพฯ,202,3294
2025-02-10,TK-A-001,ภาคกลาง,171,3236
2025-02-10,TK-A-001,ภาคตะวันออก,124,2237
2025-02-10,TK-A-001,ภาคเหนือ,115,2051
2025-02-10,TK-A-001,ภาคใต้,153,2388
2025-02-10,GL-B-014,กรุงเทพฯ,978,19230
2025-02-10,GL-B-014,ภาคกลาง,908,14430
2025-02-10,GL-B-014,ภาคตะวันออก,687,10960
2025-02-10,GL-B-014,ภาคเหนือ,584,9496
2025-02-10,GL-B-014,ภาคใต้,731,11808
2025-02-10,MK-C-028,กรุงเทพฯ,775,15638
2025-02-10,MK-C-028,ภาคกลาง,585,10756
2025-02-10,MK-C-028,ภาคตะวันออก,450,7767
2025-02-10,MK-C-028,ภาคเหนือ,427,7108
2025-02-10,MK-C-028,ภาคใต้,477,8015
2025-02-10,SY-D-039,กรุงเทพฯ,474,8663
2025-02-10,SY-D-039,ภาคกลาง,403,7495
2025-02-10,SY-D-039,ภาคตะวันออก,291,6210
2025-02-10,SY-D-039,ภาคเหนือ,271,5184
2025-02-10,SY-D-039,ภาคใต้,378,5569
2025-02-10,AG-E-052,กรุงเทพฯ,161,3187
2025-02-10,AG-E-052,ภาคกลาง,114,2284
2025-02-10,AG-E-052,ภาคตะวันออก,103,1605
2025-02-10,AG-E-052,ภาคเหนือ,75,1501
2025-02-10,AG-E-052,ภาคใต้,96,2027
2025-02-11,TK-A-001,กรุงเทพฯ,194,4139
2025-02-11,TK-A-001,ภาคกลาง,179,2963
2025-02-11,TK-A-001,ภาคตะวันออก,130,2366
2025-02-11,TK-A-001,ภาคเหนือ,112,1849
2025-02-11,TK-A-001,ภาคใต้,145,2431
2025-02-11,GL-B-014,กรุงเทพฯ,1154,16990
2025-02-11,GL-B-014,ภาคกลาง,952,13922
2025-02-11,GL-B-014,ภาคตะวันออก,698,12731
2025-02-11,GL-B-014,ภาคเหนือ,583,11063
2025-02-11,GL-B-014,ภาคใต้,713,13681
2025-02-11,MK-C-028,กรุงเทพฯ,780,15522
2025-02-11,MK-C-028,ภาคกลาง,600,11212
2025-02-11,MK-C-028,ภาคตะวันออก,487,8183
2025-02-11,MK-C-028,ภาคเหนือ,426,8373
2025-02-11,MK-C-028,ภาคใต้,533,10468
2025-02-11,SY-D-039,กรุงเทพฯ,530,9675
2025-02-11,SY-D-039,ภาคกลาง,422,6831
2025-02-11,SY-D-039,ภาคตะวันออก,299,5745
2025-02-11,SY-D-039,ภาคเหนือ,290,5061
2025-02-11,SY-D-039,ภาคใต้,338,6924
2025-02-11,AG-E-052,กรุงเทพฯ,165,2467
2025-02-11,AG-E-052,ภาคกลาง,127,2184
2025-02-11,AG-E-052,ภาคตะวันออก,99,1803
2025-02-11,AG-E-052,ภาคเหนือ,86,1564
2025-02-11,AG-E-052,ภาคใต้,106,2103
2025-02-12,TK-A-001,กรุงเทพฯ,205,3797
2025-02-12,TK-A-001,ภาคกลาง,156,2945
2025-02-12,TK-A-001,ภาคตะวันออก,114,2409
2025-02-12,TK-A-001,ภาคเหนือ,113,2258
2025-02-12,TK-A-001,ภาคใต้,148,2657
2025-02-12,GL-B-014,กรุงเทพฯ,1160,21950
2025-02-12,GL-B-014,ภาคกลาง,888,14341
2025-02-12,GL-B-014,ภาคตะวันออก,633,10794
2025-02-12,GL-B-014,ภาคเหนือ,589,10631
2025-02-12,GL-B-014,ภาคใต้,670,14137
2025-02-12,MK-C-028,กรุงเทพฯ,723,16067
2025-02-12,MK-C-028,ภาคกลาง,630,13016
2025-02-12,MK-C-028,ภาคตะวันออก,506,8558
2025-02-12,MK-C-028,ภาคเหนือ,448,8137
2025-02-12,MK-C-028,ภาคใต้,556,10531
2025-02-12,SY-D-039,กรุงเทพฯ,486,8796
2025-02-12,SY-D-039,ภาคกลาง,444,7672
2025-02-12,SY-D-039,ภาคตะวันออก,310,5395
2025-02-12,SY-D-039,ภาคเหนือ,260,4610
2025-02-12,SY-D-039,ภาคใต้,316,7177
2025-02-12,AG-E-052,กรุงเทพฯ,149,2966
2025-02-12,AG-E-052,ภาคกลาง,117,2143
2025-02-12,AG-E-052,ภาคตะวันออก,96,1710
2025-02-12,AG-E-052,ภาคเหนือ,84,1466
2025-02-12,AG-E-052,ภาคใต้,108,1867
2025-02-13,TK-A-001,กรุงเทพฯ,206,3217
2025-02-13,TK-A-001,ภาคกลาง,163,2842
2025-02-13,TK-A-001,ภาคตะวันออก,125,2436
2025-02-13,TK-A-001,ภาคเหนือ,121,1811
2025-02-13,TK-A-001,ภาคใต้,152,2390
2025-02-13,GL-B-014,กรุงเทพฯ,1041,21532
2025-02-13,GL-B-014,ภาคกลาง,876,14538
2025-02-13,GL-B-014,ภาคตะวันออก,606,12696
2025-02-13,GL-B-014,ภาคเหนือ,540,11199
2025-02-13,GL-B-014,ภาคใต้,786,12608
2025-02-13,MK-C-028,กรุงเทพฯ,744,13684
2025-02-13,MK-C-028,ภาคกลาง,682,12155
2025-02-13,MK-C-028,ภาคตะวันออก,508,9682
2025-02-13,MK-C-028,ภาคเหนือ,418,7859
2025-02-13,MK-C-028,ภาคใต้,475,9552
2025-02-13,SY-D-039,กรุงเทพฯ,485,10188
2025-02-13,SY-D-039,ภาคกลาง,415,7364
2025-02-13,SY-D-039,ภาคตะวันออก,332,5586
2025-02-13,SY-D-039,ภาคเหนือ,300,5592
2025-02-13,SY-D-039,ภาคใต้,319,5430
2025-02-13,AG-E-052,กรุงเทพฯ,160,2969
2025-02-13,AG-E-052,ภาคกลาง,130,1978
2025-02-13,AG-E-052,ภาคตะวันออก,90,1810
2025-02-13,AG-E-052,ภาคเหนือ,89,1635
2025-02-13,AG-E-052,ภาคใต้,112,1886
2025-02-14,TK-A-001,กรุงเทพฯ,228,3743
2025-02-14,TK-A-001,ภาคกลาง,153,3410
2025-02-14,TK-A-001,ภาคตะวันออก,120,2586
2025-02-14,TK-A-001,ภาคเหนือ,109,2279
2025-02-14,TK-A-001,ภาคใต้,149,2187
2025-02-14,GL-B-014,กรุงเทพฯ,1061,22242
2025-02-14,GL-B-014,ภาคกลาง,877,16019
2025-02-14,GL-B-014,ภาคตะวันออก,675,13388
2025-02-14,GL-B-014,ภาคเหนือ,544,11351
2025-02-14,GL-B-014,ภาคใต้,756,14383
2025-02-14,MK-C-028,กรุงเทพฯ,750,16241
2025-02-14,MK-C-028,ภาคกลาง,624,10281
2025-02-14,MK-C-028,ภาคตะวันออก,428,8491
2025-02-14,MK-C-028,ภาคเหนือ,390,8477
2025-02-14,MK-C-028,ภาคใต้,482,9987
2025-02-14,SY-D-039,กรุงเทพฯ,509,8391
2025-02-14,SY-D-039,ภาคกลาง,440,7529
2025-02-14,SY-D-039,ภาคตะวันออก,292,5335
2025-02-14,SY-D-039,ภาคเหนือ,257,4959
2025-02-14,SY-D-039,ภาคใต้,316,6349
2025-02-14,AG-E-052,กรุงเทพฯ,170,2940
2025-02-14,AG-E-052,ภาคกลาง,119,2231
2025-02-14,AG-E-052,ภาคตะวันออก,93,1763
2025-02-14,AG-E-052,ภาคเหนือ,77,1438
2025-02-14,AG-E-052,ภาคใต้,107,1922
2025-02-15,TK-A-001,กรุงเทพฯ,225,3371
2025-02-15,TK-A-001,ภาคกลาง,175,3384
2025-02-15,TK-A-001,ภาคตะวันออก,119,2312
2025-02-15,TK-A-001,ภาคเหนือ,106,1919
2025-02-15,TK-A-001,ภาคใต้,131,2585
2025-02-15,GL-B-014,กรุงเทพฯ,1000,18142
2025-02-15,GL-B-014,ภาคกลาง,818,17534
2025-02-15,GL-B-014,ภาคตะวันออก,611,11159
2025-02-15,GL-B-014,ภาคเหนือ,626,9473
2025-02-15,GL-B-014,ภาคใต้,733,12525
2025-02-15,MK-C-028,กรุงเทพฯ,749,13053
2025-02-15,MK-C-028,ภาคกลาง,641,11284
2025-02-15,MK-C-028,ภาคตะวันออก,469,7782
2025-02-15,MK-C-028,ภาคเหนือ,382,6766
2025-02-15,MK-C-028,ภาคใต้,485,10484
2025-02-15,SY-D-039,กรุงเทพฯ,477,10237
2025-02-15,SY-D-039,ภาคกลาง,445,6735
2025-02-15,SY-D-039,ภาคตะวันออก,289,6091
2025-02-15,SY-D-039,ภาคเหนือ,280,5231
2025-02-15,SY-D-039,ภาคใต้,367,5683
2025-02-15,AG-E-052,กรุงเทพฯ,162,3224
2025-02-15,AG-E-052,ภาคกลาง,136,2473
2025-02-15,AG-E-052,ภาคตะวันออก,92,1849
2025-02-15,AG-E-052,ภาคเหนือ,79,1620
2025-02-15,AG-E-052,ภาคใต้,106,1738
2025-02-16,TK-A-001,กรุงเทพฯ,201,3227
2025-02-16,TK-A-001,ภาคกลาง,168,3264
2025-02-16,TK-A-001,ภาคตะวันออก,124,2006
2025-02-16,TK-A-001,ภาคเหนือ,107,2290
2025-02-16,TK-A-001,ภาคใต้,146,2155
2025-02-16,GL-B-014,กรุงเทพฯ,1147,20219
2025-02-16,GL-B-014,ภาคกลาง,922,14841
2025-02-16,GL-B-014,ภาคตะวันออก,701,10657
2025-02-16,GL-B-014,ภาคเหนือ,564,10738
2025-02-16,GL-B-014,ภาคใต้,798,12757
2025-02-16,MK-C-028,กรุงเทพฯ,808,15878
2025-02-16,MK-C-028,ภาคกลาง,586,11942
2025-02-16,MK-C-028,ภาคตะวันออก,468,7731
2025-02-16,MK-C-028,ภาคเหนือ,410,7434
2025-02-16,MK-C-028,ภาคใต้,556,8654
2025-02-16,SY-D-039,กรุงเทพฯ,479,10842
2025-02-16,SY-D-039,ภาคกลาง,397,8036
2025-02-16,SY-D-039,ภาคตะวันออก,294,6530
2025-02-16,SY-D-039,ภาคเหนือ,280,4781
2025-02-16,SY-D-039,ภาคใต้,327,6819
2025-02-16,AG-E-052,กรุงเทพฯ,159,2964
2025-02-16,AG-E-052,ภาคกลาง,128,2171
2025-02-16,AG-E-052,ภาคตะวันออก,90,1919
2025-02-16,AG-E-052,ภาคเหนือ,79,1569
2025-02-16,AG-E-052,ภาคใต้,116,1942
2025-02-17,TK-A-001,กรุงเทพฯ,208,3477
2025-02-17,TK-A-001,ภาคกลาง,172,3237
2025-02-17,TK-A-001,ภาคตะวันออก,127,2506
2025-02-17,TK-A-001,ภาคเหนือ,113,2270
2025-02-17,TK-A-001,ภาคใต้,132,2320
2025-02-17,GL-B-014,กรุงเทพฯ,1025,17501
2025-02-17,GL-B-014,ภาคกลาง,800,17978
2025-02-17,GL-B-014,ภาคตะวันออก,682,13103
2025-02-17,GL-B-014,ภาคเหนือ,608,9069
2025-02-17,GL-B-014,ภาคใต้,753,12098
2025-02-17,MK-C-028,กรุงเทพฯ,839,13219
2025-02-17,MK-C-028,ภาคกลาง,639,9840
2025-02-17,MK-C-028,ภาคตะวันออก,475,8658
2025-02-17,MK-C-028,ภาคเหนือ,460,6632
2025-02-17,MK-C-028,ภาคใต้,532,9969
2025-02-17,SY-D-039,กรุงเทพฯ,558,10687
2025-02-17,SY-D-039,ภาคกลาง,420,7523
2025-02-17,SY-D-039,ภาคตะวันออก,290,5205
2025-02-17,SY-D-039,ภาคเหนือ,304,4327
2025-02-17,SY-D-039,ภาคใต้,380,7255
2025-02-17,AG-E-052,กรุงเทพฯ,153,2606
2025-02-17,AG-E-052,ภาคกลาง,134,2428
2025-02-17,AG-E-052,ภาคตะวันออก,89,1827
2025-02-17,AG-E-052,ภาคเหนือ,85,1311
2025-02-17,AG-E-052,ภาคใต้,109,1756
2025-02-18,TK-A-001,กรุงเทพฯ,208,3650
2025-02-18,TK-A-001,ภาคกลาง,159,3016
2025-02-18,TK-A-001,ภาคตะวันออก,131,2493
2025-02-18,TK-A-001,ภาคเหนือ,104,1950
2025-02-18,TK-A-001,ภาคใต้,142,2285
2025-02-18,GL-B-014,กรุงเทพฯ,1114,19995
2025-02-18,GL-B-014,ภาคกลาง,950,17599
2025-02-18,GL-B-014,ภาคตะวันออก,707,12946
2025-02-18,GL-B-014,ภาคเหนือ,532,9679
2025-02-18,GL-B-014,ภาคใต้,747,12008
2025-02-18,MK-C-028,กรุงเทพฯ,740,12401
2025-02-18,MK-C-028,ภาคกลาง,688,10350
2025-02-18,MK-C-028,ภาคตะวันออก,431,9759
2025-02-18,MK-C-028,ภาคเหนือ,425,7960
2025-02-18,MK-C-028,ภาคใต้,569,10289
2025-02-18,SY-D-039,กรุงเทพฯ,524,8323
2025-02-18,SY-D-039,ภาคกลาง,446,7521
2025-02-18,SY-D-039,ภาคตะวันออก,326,6365
2025-02-18,SY-D-039,ภาคเหนือ,292,4455
2025-02-18,SY-D-039,ภาคใต้,353,6729
2025-02-18,AG-E-052,กรุงเทพฯ,168,2753
2025-02-18,AG-E-052,ภาคกลาง,133,2253
2025-02-18,AG-E-052,ภาคตะวันออก,86,1912
2025-02-18,AG-E-052,ภาคเหนือ,83,1367
2025-02-18,AG-E-052,ภาคใต้,99,1633
2025-02-19,TK-A-001,กรุงเทพฯ,205,4290
2025-02-19,TK-A-001,ภาคกลาง,180,2897
2025-02-19,TK-A-001,ภาคตะวันออก,126,2367
2025-02-19,TK-A-001,ภาคเหนือ,114,2178
2025-02-19,TK-A-001,ภาคใต้,132,2273
2025-02-19,GL-B-014,กรุงเทพฯ,1034,21040
2025-02-19,GL-B-014,ภาคกลาง,894,14686
2025-02-19,GL-B-014,ภาคตะวันออก,655,12368
2025-02-19,GL-B-014,ภาคเหนือ,595,10322
2025-02-19,GL-B-014,ภาคใต้,699,13673
2025-02-19,MK-C-028,กรุงเทพฯ,746,12660
2025-02-19,MK-C-028,ภาคกลาง,665,12222
2025-02-19,MK-C-028,ภาคตะวันออก,438,8516
2025-02-19,MK-C-028,ภาคเหนือ,387,7258
2025-02-19,MK-C-028,ภาคใต้,560,9622
2025-02-19,SY-D-039,กรุงเทพฯ,561,8366
2025-02-19,SY-D-039,ภาคกลาง,463,6555
2025-02-19,SY-D-039,ภาคตะวันออก,303,5854
2025-02-19,SY-D-039,ภาคเหนือ,256,5361
2025-02-19,SY-D-039,ภาคใต้,327,6768
2025-02-19,AG-E-052,กรุงเทพฯ,173,2909
2025-02-19,AG-E-052,ภาคกลาง,127,2389
2025-02-19,AG-E-052,ภาคตะวันออก,98,1839
2025-02-19,AG-E-052,ภาคเหนือ,92,1481
2025-02-19,AG-E-052,ภาคใต้,114,1931
2025-02-20,TK-A-001,กรุงเทพฯ,195,4121
2025-02-20,TK-A-001,ภาคกลาง,162,3417
2025-02-20,TK-A-001,ภาคตะวันออก,125,1987
2025-02-20,TK-A-001,ภาคเหนือ,115,2154
2025-02-20,TK-A-001,ภาคใต้,139,2755
2025-02-20,GL-B-014,กรุงเทพฯ,1162,18039
2025-02-20,GL-B-014,ภาคกลาง,926,14867
2025-02-20,GL-B-014,ภาคตะวันออก,676,13351
2025-02-20,GL-B-014,ภาคเหนือ,617,9440
2025-02-20,GL-B-014,ภาคใต้,694,12227
2025-02-20,MK-C-028,กรุงเทพฯ,821,13922
2025-02-20,MK-C-028,ภาคกลาง,613,10369
2025-02-20,MK-C-028,ภาคตะวันออก,435,8195
2025-02-20,MK-C-028,ภาคเหนือ,387,7866
2025-02-20,MK-C-028,ภาคใต้,485,9483
2025-02-20,SY-D-039,กรุงเทพฯ,534,8221
2025-02-20,SY-D-039,ภาคกลาง,430,7344
2025-02-20,SY-D-039,ภาคตะวันออก,309,4911
2025-02-20,SY-D-039,ภาคเหนือ,256,4388
2025-02-20,SY-D-039,ภาคใต้,382,5666
2025-02-20,AG-E-052,กรุงเทพฯ,169,3123
2025-02-20,AG-E-052,ภาคกลาง,121,2414
2025-02-20,AG-E-052,ภาคตะวันออก,100,1905
2025-02-20,AG-E-052,ภาคเหนือ,90,1498
2025-02-20,AG-E-052,ภาคใต้,107,1626
2025-02-21,TK-A-001,กรุงเทพฯ,200,4339
2025-02-21,TK-A-001,ภาคกลาง,160,2736
2025-02-21,TK-A-001,ภาคตะวันออก,131,2139
2025-02-21,TK-A-001,ภาคเหนือ,115,2170
2025-02-21,TK-A-001,ภาคใต้,140,2305
2025-02-21,GL-B-014,กรุงเทพฯ,1118,22639
2025-02-21,GL-B-014,ภาคกลาง,943,14491
2025-02-21,GL-B-014,ภาคตะวันออก,603,13381
2025-02-21,GL-B-014,ภาคเหนือ,591,9544
2025-02-21,GL-B-014,ภาคใต้,659,11878
2025-02-21,MK-C-028,กรุงเทพฯ,792,15506
2025-02-21,MK-C-028,ภาคกลาง,627,10099
2025-02-21,MK-C-028,ภาคตะวันออก,520,8861
2025-02-21,MK-C-028,ภาคเหนือ,457,7143
2025-02-21,MK-C-028,ภาคใต้,498,10512
2025-02-21,SY-D-039,กรุงเทพฯ,540,9939
2025-02-21,SY-D-039,ภาคกลาง,426,6572
2025-02-21,SY-D-039,ภาคตะวันออก,347,5052
2025-02-21,SY-D-039,ภาคเหนือ,254,4393
2025-02-21,SY-D-039,ภาคใต้,329,6805
2025-02-21,AG-E-052,กรุงเทพฯ,155,2445
2025-02-21,AG-E-052,ภาคกลาง,135,2203
2025-02-21,AG-E-052,ภาคตะวันออก,95,1905
2025-02-21,AG-E-052,ภาคเหนือ,91,1528
2025-02-21,AG-E-052,ภาคใต้,106,2068
2025-02-22,TK-A-001,กรุงเทพฯ,226,4158
2025-02-22,TK-A-001,ภาคกลาง,171,3101
2025-02-22,TK-A-001,ภาคตะวันออก,135,2249
2025-02-22,TK-A-001,ภาคเหนือ,118,2260
2025-02-22,TK-A-001,ภาคใต้,129,2480
2025-02-22,GL-B-014,กรุงเทพฯ,1148,21866
2025-02-22,GL-B-014,ภาคกลาง,948,14109
2025-02-22,GL-B-014,ภาคตะวันออก,636,11839
2025-02-22,GL-B-014,ภาคเหนือ,554,9798
2025-02-22,GL-B-014,ภาคใต้,688,13695
2025-02-22,MK-C-028,กรุงเทพฯ,764,14055
2025-02-22,MK-C-028,ภาคกลาง,620,12548
2025-02-22,MK-C-028,ภาคตะวันออก,484,8299
2025-02-22,MK-C-028,ภาคเหนือ,401,6859
2025-02-22,MK-C-028,ภาคใต้,492,10150
2025-02-22,SY-D-039,กรุงเทพฯ,512,10651
2025-02-22,SY-D-039,ภาคกลาง,395,6609
2025-02-22,SY-D-039,ภาคตะวันออก,288,5445
2025-02-22,SY-D-039,ภาคเหนือ,306,5307
2025-02-22,SY-D-039,ภาคใต้,342,6443
2025-02-22,AG-E-052,กรุงเทพฯ,169,2800
2025-02-22,AG-E-052,ภาคกลาง,131,2420
2025-02-22,AG-E-052,ภาคตะวันออก,92,1562
2025-02-22,AG-E-052,ภาคเหนือ,82,1318
2025-02-22,AG-E-052,ภาคใต้,106,1886
2025-02-23,TK-A-001,กรุงเทพฯ,229,3443
2025-02-23,TK-A-001,ภาคกลาง,183,3481
2025-02-23,TK-A-001,ภาคตะวันออก,117,2314
2025-02-23,TK-A-001,ภาคเหนือ,113,1806
2025-02-23,TK-A-001,ภาคใต้,133,2757
2025-02-23,GL-B-014,กรุงเทพฯ,1179,21311
2025-02-23,GL-B-014,ภาคกลาง,913,14882
2025-02-23,GL-B-014,ภาคตะวันออก,693,13376
2025-02-23,GL-B-014,ภาคเหนือ,610,12027
2025-02-23,GL-B-014,ภาคใต้,660,13680
2025-02-23,MK-C-028,กรุงเทพฯ,832,16131
2025-02-23,MK-C-028,ภาคกลาง,600,12591
2025-02-23,MK-C-028,ภาคตะวันออก,475,9787
2025-02-23,MK-C-028,ภาคเหนือ,430,6596
2025-02-23,MK-C-028,ภาคใต้,541,8296
2025-02-23,SY-D-039,กรุงเทพฯ,521,9053
2025-02-23,SY-D-039,ภาคกลาง,419,8113
2025-02-23,SY-D-039,ภาคตะวันออก,297,5749
2025-02-23,SY-D-039,ภาคเหนือ,260,4772
2025-02-23,SY-D-039,ภาคใต้,376,7310
2025-02-23,AG-E-052,กรุงเทพฯ,167,3143
2025-02-23,AG-E-052,ภาคกลาง,115,2260
2025-02-23,AG-E-052,ภาคตะวันออก,101,1741
2025-02-23,AG-E-052,ภาคเหนือ,87,1412
2025-02-23,AG-E-052,ภาคใต้,98,1770
2025-02-24,TK-A-001,กรุงเทพฯ,228,3714
2025-02-24,TK-A-001,ภาคกลาง,178,3047
2025-02-24,TK-A-001,ภาคตะวันออก,117,2262
2025-02-24,TK-A-001,ภาคเหนือ,123,2205
2025-02-24,TK-A-001,ภาคใต้,136,2558
2025-02-24,GL-B-014,กรุงเทพฯ,1188,20696
2025-02-24,GL-B-014,ภาคกลาง,908,15074
2025-02-24,GL-B-014,ภาคตะวันออก,719,11010
2025-02-24,GL-B-014,ภาคเหนือ,623,10120
2025-02-24,GL-B-014,ภาคใต้,665,12904
2025-02-24,MK-C-028,กรุงเทพฯ,770,15429
2025-02-24,MK-C-028,ภาคกลาง,648,12755
2025-02-24,MK-C-028,ภาคตะวันออก,469,7684
2025-02-24,MK-C-028,ภาคเหนือ,411,8326
2025-02-24,MK-C-028,ภาคใต้,556,9961
2025-02-24,SY-D-039,กรุงเทพฯ,527,10776
2025-02-24,SY-D-039,ภาคกลาง,429,6569
2025-02-24,SY-D-039,ภาคตะวันออก,303,6484
2025-02-24,SY-D-039,ภาคเหนือ,303,5038
2025-02-24,SY-D-039,ภาคใต้,324,6681
2025-02-24,AG-E-052,กรุงเทพฯ,175,2441
2025-02-24,AG-E-052,ภาคกลาง,126,2389
2025-02-24,AG-E-052,ภาคตะวันออก,90,1888
2025-02-24,AG-E-052,ภาคเหนือ,83,1672
2025-02-24,AG-E-052,ภาคใต้,115,2139
2025-02-25,TK-A-001,กรุงเทพฯ,216,3831
2025-02-25,TK-A-001,ภาคกลาง,172,3039
2025-02-25,TK-A-001,ภาคตะวันออก,130,2604
2025-02-25,TK-A-001,ภาคเหนือ,119,2212
2025-02-25,TK-A-001,ภาคใต้,142,2912
2025-02-25,GL-B-014,กรุงเทพฯ,1071,20254
2025-02-25,GL-B-014,ภาคกลาง,938,16655
2025-02-25,GL-B-014,ภาคตะวันออก,671,12444
2025-02-25,GL-B-014,ภาคเหนือ,548,9464
2025-02-25,GL-B-014,ภาคใต้,741,12551
2025-02-25,MK-C-028,กรุงเทพฯ,746,14913
2025-02-25,MK-C-028,ภาคกลาง,583,11500
2025-02-25,MK-C-028,ภาคตะวันออก,515,8626
2025-02-25,MK-C-028,ภาคเหนือ,384,8562
2025-02-25,MK-C-028,ภาคใต้,518,8915
2025-02-25,SY-D-039,กรุงเทพฯ,567,9666
2025-02-25,SY-D-039,ภาคกลาง,411,7072
2025-02-25,SY-D-039,ภาคตะวันออก,328,5845
2025-02-25,SY-D-039,ภาคเหนือ,307,5130
2025-02-25,SY-D-039,ภาคใต้,363,7108
2025-02-25,AG-E-052,กรุงเทพฯ,144,3024
2025-02-25,AG-E-052,ภาคกลาง,137,2204
2025-02-25,AG-E-052,ภาคตะวันออก,87,1547
2025-02-25,AG-E-052,ภาคเหนือ,91,1545
2025-02-25,AG-E-052,ภาคใต้,105,1772
2025-02-26,TK-A-001,กรุงเทพฯ,231,4301
2025-02-26,TK-A-001,ภาคกลาง,181,2724
2025-02-26,TK-A-001,ภาคตะวันออก,136,2352
2025-02-26,TK-A-001,ภาคเหนือ,113,2027
2025-02-26,TK-A-001,ภาคใต้,137,2569
2025-02-26,GL-B-014,กรุงเทพฯ,1072,19949
2025-02-26,GL-B-014,ภาคกลาง,874,17266
2025-02-26,GL-B-014,ภาคตะวันออก,595,12277
2025-02-26,GL-B-014,ภาคเหนือ,567,11323
2025-02-26,GL-B-014,ภาคใต้,664,13249
2025-02-26,MK-C-028,กรุงเทพฯ,805,14585
2025-02-26,MK-C-028,ภาคกลาง,591,10564
2025-02-26,MK-C-028,ภาคตะวันออก,504,7641
2025-02-26,MK-C-028,ภาคเหนือ,435,8775
2025-02-26,MK-C-028,ภาคใต้,546,10842
2025-02-26,SY-D-039,กรุงเทพฯ,576,9638
2025-02-26,SY-D-039,ภาคกลาง,405,7229
2025-02-26,SY-D-039,ภาคตะวันออก,339,4989
2025-02-26,SY-D-039,ภาคเหนือ,283,4891
2025-02-26,SY-D-039,ภาคใต้,320,6302
2025-02-26,AG-E-052,กรุงเทพฯ,156,2863
2025-02-26,AG-E-052,ภาคกลาง,130,2230
2025-02-26,AG-E-052,ภาคตะวันออก,87,1617
2025-02-26,AG-E-052,ภาคเหนือ,81,1648
2025-02-26,AG-E-052,ภาคใต้,97,1673
2025-02-27,TK-A-001,กรุงเทพฯ,219,3622
2025-02-27,TK-A-001,ภาคกลาง,184,3037
2025-02-27,TK-A-001,ภาคตะวันออก,130,2399
2025-02-27,TK-A-001,ภาคเหนือ,116,2230
2025-02-27,TK-A-001,ภาคใต้,154,2710
2025-02-27,GL-B-014,กรุงเทพฯ,1119,18489
2025-02-27,GL-B-014,ภาคกลาง,900,15686
2025-02-27,GL-B-014,ภาคตะวันออก,672,10183
2025-02-27,GL-B-014,ภาคเหนือ,556,11466
2025-02-27,GL-B-014,ภาคใต้,672,13472
2025-02-27,MK-C-028,กรุงเทพฯ,832,12524
2025-02-27,MK-C-028,ภาคกลาง,666,11222
2025-02-27,MK-C-028,ภาคตะวันออก,525,9092
2025-02-27,MK-C-028,ภาคเหนือ,393,8097
2025-02-27,MK-C-028,ภาคใต้,571,8210
2025-02-27,SY-D-039,กรุงเทพฯ,570,10901
2025-02-27,SY-D-039,ภาคกลาง,443,8257
2025-02-27,SY-D-039,ภาคตะวันออก,348,6416
2025-02-27,SY-D-039,ภาคเหนือ,294,5314
2025-02-27,SY-D-039,ภาคใต้,339,5790
2025-02-27,AG-E-052,กรุงเทพฯ,145,3151
2025-02-27,AG-E-052,ภาคกลาง,135,1960
2025-02-27,AG-E-052,ภาคตะวันออก,95,1877
2025-02-27,AG-E-052,ภาคเหนือ,85,1691
2025-02-27,AG-E-052,ภาคใต้,106,1691
2025-02-28,TK-A-001,กรุงเทพฯ,218,3835
2025-02-28,TK-A-001,ภาคกลาง,166,3194
2025-02-28,TK-A-001,ภาคตะวันออก,137,2480
2025-02-28,TK-A-001,ภาคเหนือ,109,1800
2025-02-28,TK-A-001,ภาคใต้,149,2736
2025-02-28,GL-B-014,กรุงเทพฯ,1094,22678
2025-02-28,GL-B-014,ภาคกลาง,869,13928
2025-02-28,GL-B-014,ภาคตะวันออก,657,10547
2025-02-28,GL-B-014,ภาคเหนือ,631,11021
2025-02-28,GL-B-014,ภาคใต้,688,13696
2025-02-28,MK-C-028,กรุงเทพฯ,816,16071
2025-02-28,MK-C-028,ภาคกลาง,685,12560
2025-02-28,MK-C-028,ภาคตะวันออก,495,9071
2025-02-28,MK-C-028,ภาคเหนือ,424,7476
2025-02-28,MK-C-028,ภาคใต้,511,10746
2025-02-28,SY-D-039,กรุงเทพฯ,493,9006
2025-02-28,SY-D-039,ภาคกลาง,461,6579
2025-02-28,SY-D-039,ภาคตะวันออก,304,5191
2025-02-28,SY-D-039,ภาคเหนือ,291,5539
2025-02-28,SY-D-039,ภาคใต้,390,6098
2025-02-28,AG-E-052,กรุงเทพฯ,154,2669
2025-02-28,AG-E-052,ภาคกลาง,136,2222
2025-02-28,AG-E-052,ภาคตะวันออก,89,1743
2025-02-28,AG-E-052,ภาคเหนือ,84,1376
2025-02-28,AG-E-052,ภาคใต้,111,1714
2025-03-01,TK-A-001,กรุงเทพฯ,209,4110
2025-03-01,TK-A-001,ภาคกลาง,177,2930
2025-03-01,TK-A-001,ภาคตะวันออก,141,2006
2025-03-01,TK-A-001,ภาคเหนือ,104,2284
2025-03-01,TK-A-001,ภาคใต้,145,2514
2025-03-01,GL-B-014,กรุงเทพฯ,1180,20764
2025-03-01,GL-B-014,ภาคกลาง,808,13800
2025-03-01,GL-B-014,ภาคตะวันออก,694,12261
2025-03-01,GL-B-014,ภาคเหนือ,554,10301
2025-03-01,GL-B-014,ภาคใต้,780,13540
2025-03-01,MK-C-028,กรุงเทพฯ,782,12515
2025-03-01,MK-C-028,ภาคกลาง,651,10408
2025-03-01,MK-C-028,ภาคตะวันออก,500,7872
2025-03-01,MK-C-028,ภาคเหนือ,461,8010
2025-03-01,MK-C-028,ภาคใต้,522,8291
2025-03-01,SY-D-039,กรุงเทพฯ,526,9288
2025-03-01,SY-D-039,ภาคกลาง,396,8368
2025-03-01,SY-D-039,ภาคตะวันออก,334,6316
2025-03-01,SY-D-039,ภาคเหนือ,306,5863
2025-03-01,SY-D-039,ภาคใต้,337,6108
2025-03-01,AG-E-052,กรุงเทพฯ,173,2610
2025-03-01,AG-E-052,ภาคกลาง,134,2574
2025-03-01,AG-E-052,ภาคตะวันออก,96,1771
2025-03-01,AG-E-052,ภาคเหนือ,90,1422
2025-03-01,AG-E-052,ภาคใต้,108,2081
2025-03-02,TK-A-001,กรุงเทพฯ,213,3377
2025-03-02,TK-A-001,ภาคกลาง,170,3397
2025-03-02,TK-A-001,ภาคตะวันออก,135,2290
2025-03-02,TK-A-001,ภาคเหนือ,122,2114
2025-03-02,TK-A-001,ภาคใต้,139,2275
2025-03-02,GL-B-014,กรุงเทพฯ,1070,19511
2025-03-02,GL-B-014,ภาคกลาง,945,18018
2025-03-02,GL-B-014,ภาคตะวันออก,697,11363
2025-03-02,GL-B-014,ภาคเหนือ,533,10312
2025-03-02,GL-B-014,ภาคใต้,755,14706
2025-03-02,MK-C-028,กรุงเทพฯ,849,15882
2025-03-02,MK-C-028,ภาคกลาง,621,10410
2025-03-02,MK-C-028,ภาคตะวันออก,442,9226
2025-03-02,MK-C-028,ภาคเหนือ,452,7629
2025-03-02,MK-C-028,ภาคใต้,533,9869
2025-03-02,SY-D-039,กรุงเทพฯ,494,9344
2025-03-02,SY-D-039,ภาคกลาง,451,6727
2025-03-02,SY-D-039,ภาคตะวันออก,295,5329
2025-03-02,SY-D-039,ภาคเหนือ,280,4690
2025-03-02,SY-D-039,ภาคใต้,327,7282
2025-03-02,AG-E-052,กรุงเทพฯ,171,2459
2025-03-02,AG-E-052,ภาคกลาง,131,2265
2025-03-02,AG-E-052,ภาคตะวันออก,100,1968
2025-03-02,AG-E-052,ภาคเหนือ,78,1588
2025-03-02,AG-E-052,ภาคใต้,99,1656
2025-03-03,TK-A-001,กรุงเทพฯ,201,4427
2025-03-03,TK-A-001,ภาคกลาง,180,2811
2025-03-03,TK-A-001,ภาคตะวันออก,116,2051
2025-03-03,TK-A-001,ภาคเหนือ,121,2108
2025-03-03,TK-A-001,ภาคใต้,147,2807
2025-03-03,GL-B-014,กรุงเทพฯ,1071,21670
2025-03-03,GL-B-014,ภาคกลาง,844,14158
2025-03-03,GL-B-014,ภาคตะวันออก,598,10609
2025-03-03,GL-B-014,ภาคเหนือ,622,11443
2025-03-03,GL-B-014,ภาคใต้,735,13437
2025-03-03,MK-C-028,กรุงเทพฯ,752,15867
2025-03-03,MK-C-028,ภาคกลาง,593,12066
2025-03-03,MK-C-028,ภาคตะวันออก,506,8909
2025-03-03,MK-C-028,ภาคเหนือ,438,6889
2025-03-03,MK-C-028,ภาคใต้,535,9696
2025-03-03,SY-D-039,กรุงเทพฯ,543,9488
2025-03-03,SY-D-039,ภาคกลาง,410,7945
2025-03-03,SY-D-039,ภาคตะวันออก,321,5589
2025-03-03,SY-D-039,ภาคเหนือ,311,5851
2025-03-03,SY-D-039,ภาคใต้,342,5967
2025-03-03,AG-E-052,กรุงเทพฯ,145,2566
2025-03-03,AG-E-052,ภาคกลาง,132,2410
2025-03-03,AG-E-052,ภาคตะวันออก,104,1730
2025-03-03,AG-E-052,ภาคเหนือ,88,1610
2025-03-03,AG-E-052,ภาคใต้,115,2127
2025-03-04,TK-A-001,กรุงเทพฯ,207,4063
2025-03-04,TK-A-001,ภาคกลาง,187,2629
2025-03-04,TK-A-001,ภาคตะวันออก,137,2472
2025-03-04,TK-A-001,ภาคเหนือ,117,2310
2025-03-04,TK-A-001,ภาคใต้,131,2822
2025-03-04,GL-B-014,กรุงเทพฯ,1190,21323
2025-03-04,GL-B-014,ภาคกลาง,830,14660
2025-03-04,GL-B-014,ภาคตะวันออก,644,13269
2025-03-04,GL-B-014,ภาคเหนือ,630,10302
2025-03-04,GL-B-014,ภาคใต้,698,14561
2025-03-04,MK-C-028,กรุงเทพฯ,836,15970
2025-03-04,MK-C-028,ภาคกลาง,590,11237
2025-03-04,MK-C-028,ภาคตะวันออก,492,8590
2025-03-04,MK-C-028,ภาคเหนือ,415,8252
2025-03-04,MK-C-028,ภาคใต้,501,10759
2025-03-04,SY-D-039,กรุงเทพฯ,528,10835
2025-03-04,SY-D-039,ภาคกลาง,445,8691
2025-03-04,SY-D-039,ภาคตะวันออก,304,5730
2025-03-04,SY-D-039,ภาคเหนือ,262,4777
2025-03-04,SY-D-039,ภาคใต้,341,7100
2025-03-04,AG-E-052,กรุงเทพฯ,161,3214
2025-03-04,AG-E-052,ภาคกลาง,131,2371
2025-03-04,AG-E-052,ภาคตะวันออก,103,1885
2025-03-04,AG-E-052,ภาคเหนือ,88,1737
2025-03-04,AG-E-052,ภาคใต้,117,1823
2025-03-05,TK-A-001,กรุงเทพฯ,233,3312
2025-03-05,TK-A-001,ภาคกลาง,181,3332
2025-03-05,TK-A-001,ภาคตะวันออก,126,2022
2025-03-05,TK-A-001,ภาคเหนือ,110,1868
2025-03-05,TK-A-001,ภาคใต้,144,2802
2025-03-05,GL-B-014,กรุงเทพฯ,1090,22408
2025-03-05,GL-B-014,ภาคกลาง,861,15089
2025-03-05,GL-B-014,ภาคตะวันออก,690,12515
2025-03-05,GL-B-014,ภาคเหนือ,634,10306
2025-03-05,GL-B-014,ภาคใต้,776,13666
2025-03-05,MK-C-028,กรุงเทพฯ,741,13693
2025-03-05,MK-C-028,ภาคกลาง,604,12420
2025-03-05,MK-C-028,ภาคตะวันออก,494,7685
2025-03-05,MK-C-028,ภาคเหนือ,438,7375
2025-03-05,MK-C-028,ภาคใต้,491,10667
2025-03-05,SY-D-039,กรุงเทพฯ,529,9116
2025-03-05,SY-D-039,ภาคกลาง,402,6832
2025-03-05,SY-D-039,ภาคตะวันออก,345,6253
2025-03-05,SY-D-039,ภาคเหนือ,294,4422
2025-03-05,SY-D-039,ภาคใต้,374,6071
2025-03-05,AG-E-052,กรุงเทพฯ,175,2748
2025-03-05,AG-E-052,ภาคกลาง,121,2402
2025-03-05,AG-E-052,ภาคตะวันออก,92,1674
2025-03-05,AG-E-052,ภาคเหนือ,92,1462
2025-03-05,AG-E-052,ภาคใต้,112,1743
2025-03-06,TK-A-001,กรุงเทพฯ,205,3730
2025-03-06,TK-A-001,ภาคกลาง,180,3265
2025-03-06,TK-A-001,ภาคตะวันออก,124,2302
2025-03-06,TK-A-001,ภาคเหนือ,111,1803
2025-03-06,TK-A-001,ภาคใต้,147,2951
2025-03-06,GL-B-014,กรุงเทพฯ,1106,21167
2025-03-06,GL-B-014,ภาคกลาง,840,16624
2025-03-06,GL-B-014,ภาคตะวันออก,609,13155
2025-03-06,GL-B-014,ภาคเหนือ,538,12051
2025-03-06,GL-B-014,ภาคใต้,790,13749
2025-03-06,MK-C-028,กรุงเทพฯ,848,16266
2025-03-06,MK-C-028,ภาคกลาง,634,12240
2025-03-06,MK-C-028,ภาคตะวันออก,485,9341
2025-03-06,MK-C-028,ภาคเหนือ,431,7405
2025-03-06,MK-C-028,ภาคใต้,492,9569
2025-03-06,SY-D-039,กรุงเทพฯ,554,9363
2025-03-06,SY-D-039,ภาคกลาง,451,8040
2025-03-06,SY-D-039,ภาคตะวันออก,294,6267
2025-03-06,SY-D-039,ภาคเหนือ,311,5449
2025-03-06,SY-D-039,ภาคใต้,371,7282
2025-03-06,AG-E-052,กรุงเทพฯ,153,2970
2025-03-06,AG-E-052,ภาคกลาง,125,2292
2025-03-06,AG-E-052,ภาคตะวันออก,101,1792
2025-03-06,AG-E-052,ภาคเหนือ,90,1361
2025-03-06,AG-E-052,ภาคใต้,118,2044
2025-03-07,TK-A-001,กรุงเทพฯ,206,3994
2025-03-07,TK-A-001,ภาคกลาง,161,3219
2025-03-07,TK-A-001,ภาคตะวันออก,128,2612
2025-03-07,TK-A-001,ภาคเหนือ,115,2274
2025-03-07,TK-A-001,ภาคใต้,138,2566
2025-03-07,GL-B-014,กรุงเทพฯ,1155,21187
2025-03-07,GL-B-014,ภาคกลาง,905,17681
2025-03-07,GL-B-014,ภาคตะวันออก,722,12598
2025-03-07,GL-B-014,ภาคเหนือ,562,11745
2025-03-07,GL-B-014,ภาคใต้,668,13645
2025-03-07,MK-C-028,กรุงเทพฯ,747,15945
2025-03-07,MK-C-028,ภาคกลาง,700,12867
2025-03-07,MK-C-028,ภาคตะวันออก,437,7617
2025-03-07,MK-C-028,ภาคเหนือ,438,8006
2025-03-07,MK-C-028,ภาคใต้,525,8455
2025-03-07,SY-D-039,กรุงเทพฯ,587,10439
2025-03-07,SY-D-039,ภาคกลาง,433,7210
2025-03-07,SY-D-039,ภาคตะวันออก,330,6190
2025-03-07,SY-D-039,ภาคเหนือ,260,5599
2025-03-07,SY-D-039,ภาคใต้,358,6036
2025-03-07,AG-E-052,กรุงเทพฯ,163,3268
2025-03-07,AG-E-052,ภาคกลาง,126,2467
2025-03-07,AG-E-052,ภาคตะวันออก,95,1761
2025-03-07,AG-E-052,ภาคเหนือ,80,1380
2025-03-07,AG-E-052,ภาคใต้,112,2003
2025-03-08,TK-A-001,กรุงเทพฯ,211,4354
2025-03-08,TK-A-001,ภาคกลาง,178,3216
2025-03-08,TK-A-001,ภาคตะวันออก,123,2234
2025-03-08,TK-A-001,ภาคเหนือ,114,2043
2025-03-08,TK-A-001,ภาคใต้,131,2315
2025-03-08,GL-B-014,กรุงเทพฯ,1024,17698
2025-03-08,GL-B-014,ภาคกลาง,970,14679
2025-03-08,GL-B-014,ภาคตะวันออก,648,11303
2025-03-08,GL-B-014,ภาคเหนือ,609,12222
2025-03-08,GL-B-014,ภาคใต้,759,14321
2025-03-08,MK-C-028,กรุงเทพฯ,867,13637
2025-03-08,MK-C-028,ภาคกลาง,701,12666
2025-03-08,MK-C-028,ภาคตะวันออก,456,8093
2025-03-08,MK-C-028,ภาคเหนือ,392,8099
2025-03-08,MK-C-028,ภาคใต้,541,8313
2025-03-08,SY-D-039,กรุงเทพฯ,499,9062
2025-03-08,SY-D-039,ภาคกลาง,463,6689
2025-03-08,SY-D-039,ภาคตะวันออก,339,6483
2025-03-08,SY-D-039,ภาคเหนือ,260,5141
2025-03-08,SY-D-039,ภาคใต้,365,6370
2025-03-08,AG-E-052,กรุงเทพฯ,165,3147
2025-03-08,AG-E-052,ภาคกลาง,119,2500
2025-03-08,AG-E-052,ภาคตะวันออก,98,1724
2025-03-08,AG-E-052,ภาคเหนือ,92,1716
2025-03-08,AG-E-052,ภาคใต้,111,2116
2025-03-09,TK-A-001,กรุงเทพฯ,203,4417
2025-03-09,TK-A-001,ภาคกลาง,162,3483
2025-03-09,TK-A-001,ภาคตะวันออก,139,2118
2025-03-09,TK-A-001,ภาคเหนือ,119,1886
2025-03-09,TK-A-001,ภาคใต้,142,2660
2025-03-09,GL-B-014,กรุงเทพฯ,1145,20901
2025-03-09,GL-B-014,ภาคกลาง,891,15891
2025-03-09,GL-B-014,ภาคตะวันออก,605,13461
2025-03-09,GL-B-014,ภาคเหนือ,585,11884
2025-03-09,GL-B-014,ภาคใต้,681,12985
2025-03-09,MK-C-028,กรุงเทพฯ,877,16142
2025-03-09,MK-C-028,ภาคกลาง,601,10306
2025-03-09,MK-C-028,ภาคตะวันออก,496,9377
2025-03-09,MK-C-028,ภาคเหนือ,472,7077
2025-03-09,MK-C-028,ภาคใต้,523,9813
2025-03-09,SY-D-039,กรุงเทพฯ,490,8718
2025-03-09,SY-D-039,ภาคกลาง,414,7307
2025-03-09,SY-D-039,ภาคตะวันออก,304,6677
2025-03-09,SY-D-039,ภาคเหนือ,296,4638
2025-03-09,SY-D-039,ภาคใต้,367,6400
2025-03-09,AG-E-052,กรุงเทพฯ,164,3325
2025-03-09,AG-E-052,ภาคกลาง,138,2414
2025-03-09,AG-E-052,ภาคตะวันออก,88,1619
2025-03-09,AG-E-052,ภาคเหนือ,85,1777
2025-03-09,AG-E-052,ภาคใต้,101,1974
2025-03-10,TK-A-001,กรุงเทพฯ,214,3499
2025-03-10,TK-A-001,ภาคกลาง,184,3065
2025-03-10,TK-A-001,ภาคตะวันออก,117,2604
2025-03-10,TK-A-001,ภาคเหนือ,122,1797
2025-03-10,TK-A-001,ภาคใต้,133,2595
2025-03-10,GL-B-014,กรุงเทพฯ,1109,19526
2025-03-10,GL-B-014,ภาคกลาง,980,16504
2025-03-10,GL-B-014,ภาคตะวันออก,731,11478
2025-03-10,GL-B-014,ภาคเหนือ,620,9879
2025-03-10,GL-B-014,ภาคใต้,699,13980
2025-03-10,MK-C-028,กรุงเทพฯ,777,12576
2025-03-10,MK-C-028,ภาคกลาง,630,12004
2025-03-10,MK-C-028,ภาคตะวันออก,440,9875
2025-03-10,MK-C-028,ภาคเหนือ,403,7033
2025-03-10,MK-C-028,ภาคใต้,531,9375
2025-03-10,SY-D-039,กรุงเทพฯ,495,10035
2025-03-10,SY-D-039,ภาคกลาง,417,8078
2025-03-10,SY-D-039,ภาคตะวันออก,320,6585
2025-03-10,SY-D-039,ภาคเหนือ,311,5783
2025-03-10,SY-D-039,ภาคใต้,390,7141
2025-03-10,AG-E-052,กรุงเทพฯ,162,3127
2025-03-10,AG-E-052,ภาคกลาง,118,2668
2025-03-10,AG-E-052,ภาคตะวันออก,99,1603
2025-03-10,AG-E-052,ภาคเหนือ,90,1484
2025-03-10,AG-E-052,ภาคใต้,113,1759
2025-03-11,TK-A-001,กรุงเทพฯ,207,4034
2025-03-11,TK-A-001,ภาคกลาง,169,2665
2025-03-11,TK-A-001,ภาคตะวันออก,138,2320
2025-03-11,TK-A-001,ภาคเหนือ,123,2302
2025-03-11,TK-A-001,ภาคใต้,150,2390
2025-03-11,GL-B-014,กรุงเทพฯ,1088,21681
2025-03-11,GL-B-014,ภาคกลาง,924,15632
2025-03-11,GL-B-014,ภาคตะวันออก,735,12004
2025-03-11,GL-B-014,ภาคเหนือ,610,12227
2025-03-11,GL-B-014,ภาคใต้,805,15322
2025-03-11,MK-C-028,กรุงเทพฯ,763,14437
2025-03-11,MK-C-028,ภาคกลาง,615,12102
2025-03-11,MK-C-028,ภาคตะวันออก,466,8027
2025-03-11,MK-C-028,ภาคเหนือ,468,8375
2025-03-11,MK-C-028,ภาคใต้,552,9143
2025-03-11,SY-D-039,กรุงเทพฯ,527,8765
2025-03-11,SY-D-039,ภาคกลาง,428,8874
2025-03-11,SY-D-039,ภาคตะวันออก,349,5933
2025-03-11,SY-D-039,ภาคเหนือ,315,5700
2025-03-11,SY-D-039,ภาคใต้,356,5601
2025-03-11,AG-E-052,กรุงเทพฯ,168,3236
2025-03-11,AG-E-052,ภาคกลาง,129,2237
2025-03-11,AG-E-052,ภาคตะวันออก,88,1502
2025-03-11,AG-E-052,ภาคเหนือ,93,1436
2025-03-11,AG-E-052,ภาคใต้,98,1759
2025-03-12,TK-A-001,กรุงเทพฯ,216,3442
2025-03-12,TK-A-001,ภาคกลาง,188,3108
2025-03-12,TK-A-001,ภาคตะวันออก,121,2115
2025-03-12,TK-A-001,ภาคเหนือ,116,2110
2025-03-12,TK-A-001,ภาคใต้,152,2572
2025-03-12,GL-B-014,กรุงเทพฯ,1061,22376
2025-03-12,GL-B-014,ภาคกลาง,968,15520
2025-03-12,GL-B-014,ภาคตะวันออก,729,12190
2025-03-12,GL-B-014,ภาคเหนือ,567,11973
2025-03-12,GL-B-014,ภาคใต้,790,11679
2025-03-12,MK-C-028,กรุงเทพฯ,853,14254
2025-03-12,MK-C-028,ภาคกลาง,629,13288
2025-03-12,MK-C-028,ภาคตะวันออก,514,7445
2025-03-12,MK-C-028,ภาคเหนือ,448,7194
2025-03-12,MK-C-028,ภาคใต้,556,9008
2025-03-12,SY-D-039,กรุงเทพฯ,496,8683
2025-03-12,SY-D-039,ภาคกลาง,437,7351
2025-03-12,SY-D-039,ภาคตะวันออก,314,6175
2025-03-12,SY-D-039,ภาคเหนือ,301,5637
2025-03-12,SY-D-039,ภาคใต้,359,7158
2025-03-12,AG-E-052,กรุงเทพฯ,146,2677
2025-03-12,AG-E-052,ภาคกลาง,135,2305
2025-03-12,AG-E-052,ภาคตะวันออก,102,1922
2025-03-12,AG-E-052,ภาคเหนือ,92,1376
2025-03-12,AG-E-052,ภาคใต้,104,1846
2025-03-13,TK-A-001,กรุงเทพฯ,210,4266
2025-03-13,TK-A-001,ภาคกลาง,165,2902
2025-03-13,TK-A-001,ภาคตะวันออก,124,2598
2025-03-13,TK-A-001,ภาคเหนือ,111,1811
2025-03-13,TK-A-001,ภาคใต้,153,2638
2025-03-13,GL-B-014,กรุงเทพฯ,1220,21227
2025-03-13,GL-B-014,ภาคกลาง,976,15482
2025-03-13,GL-B-014,ภาคตะวันออก,649,12752
2025-03-13,GL-B-014,ภาคเหนือ,628,9243
2025-03-13,GL-B-014,ภาคใต้,812,11914
2025-03-13,MK-C-028,กรุงเทพฯ,738,14269
2025-03-13,MK-C-028,ภาคกลาง,618,11520
2025-03-13,MK-C-028,ภาคตะวันออก,496,7789
2025-03-13,MK-C-028,ภาคเหนือ,430,7407
2025-03-13,MK-C-028,ภาคใต้,583,9618
2025-03-13,SY-D-039,กรุงเทพฯ,508,9074
2025-03-13,SY-D-039,ภาคกลาง,449,8715
2025-03-13,SY-D-039,ภาคตะวันออก,300,5312
2025-03-13,SY-D-039,ภาคเหนือ,274,5044
2025-03-13,SY-D-039,ภาคใต้,388,6599
2025-03-13,AG-E-052,กรุงเทพฯ,177,2599
2025-03-13,AG-E-052,ภาคกลาง,135,2361
2025-03-13,AG-E-052,ภาคตะวันออก,99,1675
2025-03-13,AG-E-052,ภาคเหนือ,87,1517
2025-03-13,AG-E-052,ภาคใต้,108,2065
2025-03-14,TK-A-001,กรุงเทพฯ,220,3571
2025-03-14,TK-A-001,ภาคกลาง,171,2713
2025-03-14,TK-A-001,ภาคตะวันออก,119,2109
2025-03-14,TK-A-001,ภาคเหนือ,105,2192
2025-03-14,TK-A-001,ภาคใต้,151,2662
2025-03-14,GL-B-014,กรุงเทพฯ,1171,18792
2025-03-14,GL-B-014,ภาคกลาง,911,14619
2025-03-14,GL-B-014,ภาคตะวันออก,718,11484
2025-03-14,GL-B-014,ภาคเหนือ,551,9575
2025-03-14,GL-B-014,ภาคใต้,727,14676
2025-03-14,MK-C-028,กรุงเทพฯ,780,12435
2025-03-14,MK-C-028,ภาคกลาง,625,13010
2025-03-14,MK-C-028,ภาคตะวันออก,525,9136
2025-03-14,MK-C-028,ภาคเหนือ,451,7831
2025-03-14,MK-C-028,ภาคใต้,497,10487
2025-03-14,SY-D-039,กรุงเทพฯ,577,8472
2025-03-14,SY-D-039,ภาคกลาง,390,7601
2025-03-14,SY-D-039,ภาคตะวันออก,300,4981
2025-03-14,SY-D-039,ภาคเหนือ,316,5933
2025-03-14,SY-D-039,ภาคใต้,373,6703
2025-03-14,AG-E-052,กรุงเทพฯ,158,2530
2025-03-14,AG-E-052,ภาคกลาง,135,2145
2025-03-14,AG-E-052,ภาคตะวันออก,96,1824
2025-03-14,AG-E-052,ภาคเหนือ,94,1494
2025-03-14,AG-E-052,ภาคใต้,112,1863
2025-03-15,TK-A-001,กรุงเทพฯ,195,4252
2025-03-15,TK-A-001,ภาคกลาง,163,3162
2025-03-15,TK-A-001,ภาคตะวันออก,130,2253
2025-03-15,TK-A-001,ภาคเหนือ,120,2175
2025-03-15,TK-A-001,ภาคใต้,152,2400
2025-03-15,GL-B-014,กรุงเทพฯ,1126,17421
2025-03-15,GL-B-014,ภาคกลาง,831,17132
2025-03-15,GL-B-014,ภาคตะวันออก,628,11707
2025-03-15,GL-B-014,ภาคเหนือ,634,12133
2025-03-15,GL-B-014,ภาคใต้,708,11527
2025-03-15,MK-C-028,กรุงเทพฯ,838,12865
2025-03-15,MK-C-028,ภาคกลาง,630,10193
2025-03-15,MK-C-028,ภาคตะวันออก,526,9859
2025-03-15,MK-C-028,ภาคเหนือ,403,7159
2025-03-15,MK-C-028,ภาคใต้,490,9494
2025-03-15,SY-D-039,กรุงเทพฯ,579,9566
2025-03-15,SY-D-039,ภาคกลาง,454,7883
2025-03-15,SY-D-039,ภาคตะวันออก,300,6536
2025-03-15,SY-D-039,ภาคเหนือ,298,5867
2025-03-15,SY-D-039,ภาคใต้,351,5636
2025-03-15,AG-E-052,กรุงเทพฯ,147,3254
2025-03-15,AG-E-052,ภาคกลาง,134,2488
2025-03-15,AG-E-052,ภาคตะวันออก,103,1712
2025-03-15,AG-E-052,ภาคเหนือ,91,1399
2025-03-15,AG-E-052,ภาคใต้,109,2227
2025-03-16,TK-A-001,กรุงเทพฯ,201,3414
2025-03-16,TK-A-001,ภาคกลาง,179,2706
2025-03-16,TK-A-001,ภาคตะวันออก,138,2542
2025-03-16,TK-A-001,ภาคเหนือ,109,2334
2025-03-16,TK-A-001,ภาคใต้,144,2740
2025-03-16,GL-B-014,กรุงเทพฯ,1063,17874
2025-03-16,GL-B-014,ภาคกลาง,872,15184
2025-03-16,GL-B-014,ภาคตะวันออก,668,12573
2025-03-16,GL-B-014,ภาคเหนือ,595,10206
2025-03-16,GL-B-014,ภาคใต้,748,13575
2025-03-16,MK-C-028,กรุงเทพฯ,790,13179
2025-03-16,MK-C-028,ภาคกลาง,650,12413
2025-03-16,MK-C-028,ภาคตะวันออก,506,8091
2025-03-16,MK-C-028,ภาคเหนือ,397,7056
2025-03-16,MK-C-028,ภาคใต้,490,8391
2025-03-16,SY-D-039,กรุงเทพฯ,544,10432
2025-03-16,SY-D-039,ภาคกลาง,457,7723
2025-03-16,SY-D-039,ภาคตะวันออก,349,5113
2025-03-16,SY-D-039,ภาคเหนือ,315,4692
2025-03-16,SY-D-039,ภาคใต้,342,6928
2025-03-16,AG-E-052,กรุงเทพฯ,165,3161
2025-03-16,AG-E-052,ภาคกลาง,136,2221
2025-03-16,AG-E-052,ภาคตะวันออก,99,1599
2025-03-16,AG-E-052,ภาคเหนือ,84,1399
2025-03-16,AG-E-052,ภาคใต้,111,2084
2025-03-17,TK-A-001,กรุงเทพฯ,205,4367
2025-03-17,TK-A-001,ภาคกลาง,165,2775
2025-03-17,TK-A-001,ภาคตะวันออก,142,2670
2025-03-17,TK-A-001,ภาคเหนือ,109,1897
2025-03-17,TK-A-001,ภาคใต้,144,2359
2025-03-17,GL-B-014,กรุงเทพฯ,1211,21329
2025-03-17,GL-B-014,ภาคกลาง,864,14904
2025-03-17,GL-B-014,ภาคตะวันออก,629,10586
2025-03-17,GL-B-014,ภาคเหนือ,654,10672
2025-03-17,GL-B-014,ภาคใต้,706,11590
2025-03-17,MK-C-028,กรุงเทพฯ,802,16064
2025-03-17,MK-C-028,ภาคกลาง,587,11227
2025-03-17,MK-C-028,ภาคตะวันออก,496,7670
2025-03-17,MK-C-028,ภาคเหนือ,432,8296
2025-03-17,MK-C-028,ภาคใต้,567,10132
2025-03-17,SY-D-039,กรุงเทพฯ,568,9843
2025-03-17,SY-D-039,ภาคกลาง,433,7612
2025-03-17,SY-D-039,ภาคตะวันออก,342,6566
2025-03-17,SY-D-039,ภาคเหนือ,312,5772
2025-03-17,SY-D-039,ภาคใต้,344,6028
2025-03-17,AG-E-052,กรุงเทพฯ,157,3220
2025-03-17,AG-E-052,ภาคกลาง,142,2070
2025-03-17,AG-E-052,ภาคตะวันออก,102,1500
2025-03-17,AG-E-052,ภาคเหนือ,83,1521
2025-03-17,AG-E-052,ภาคใต้,102,1802
2025-03-18,TK-A-001,กรุงเทพฯ,202,3342
2025-03-18,TK-A-001,ภาคกลาง,189,3262
2025-03-18,TK-A-001,ภาคตะวันออก,136,2273
2025-03-18,TK-A-001,ภาคเหนือ,127,2154
2025-03-18,TK-A-001,ภาคใต้,150,2778
2025-03-18,GL-B-014,กรุงเทพฯ,1089,17291
2025-03-18,GL-B-014,ภาคกลาง,977,17373
2025-03-18,GL-B-014,ภาคตะวันออก,682,11053
2025-03-18,GL-B-014,ภาคเหนือ,625,10099
2025-03-18,GL-B-014,ภาคใต้,774,13638
2025-03-18,MK-C-028,กรุงเทพฯ,762,12998
2025-03-18,MK-C-028,ภาคกลาง,594,12470
2025-03-18,MK-C-028,ภาคตะวันออก,475,9107
2025-03-18,MK-C-028,ภาคเหนือ,457,8957
2025-03-18,MK-C-028,ภาคใต้,576,9838
2025-03-18,SY-D-039,กรุงเทพฯ,518,8607
2025-03-18,SY-D-039,ภาคกลาง,424,7977
2025-03-18,SY-D-039,ภาคตะวันออก,340,5962
2025-03-18,SY-D-039,ภาคเหนือ,262,5828
2025-03-18,SY-D-039,ภาคใต้,336,6280
2025-03-18,AG-E-052,กรุงเทพฯ,162,2909
2025-03-18,AG-E-052,ภาคกลาง,121,2533
2025-03-18,AG-E-052,ภาคตะวันออก,92,2022
2025-03-18,AG-E-052,ภาคเหนือ,81,1367
2025-03-18,AG-E-052,ภาคใต้,101,2202
2025-03-19,TK-A-001,กรุงเทพฯ,211,3458
2025-03-19,TK-A-001,ภาคกลาง,184,3239
2025-03-19,TK-A-001,ภาคตะวันออก,120,2437
2025-03-19,TK-A-001,ภาคเหนือ,127,2308
2025-03-19,TK-A-001,ภาคใต้,154,2661
2025-03-19,GL-B-014,กรุงเทพฯ,1125,17472
2025-03-19,GL-B-014,ภาคกลาง,890,16001
2025-03-19,GL-B-014,ภาคตะวันออก,707,13886
2025-03-19,GL-B-014,ภาคเหนือ,595,12045
2025-03-19,GL-B-014,ภาคใต้,774,15289
2025-03-19,MK-C-028,กรุงเทพฯ,766,12632
2025-03-19,MK-C-028,ภาคกลาง,689,11832
2025-03-19,MK-C-028,ภาคตะวันออก,469,9448
2025-03-19,MK-C-028,ภาคเหนือ,432,7707
2025-03-19,MK-C-028,ภาคใต้,553,9940
2025-03-19,SY-D-039,กรุงเทพฯ,507,9030
2025-03-19,SY-D-039,ภาคกลาง,456,8122
2025-03-19,SY-D-039,ภาคตะวันออก,307,6077
2025-03-19,SY-D-039,ภาคเหนือ,316,5346
2025-03-19,SY-D-039,ภาคใต้,349,7087
2025-03-19,AG-E-052,กรุงเทพฯ,160,3037
2025-03-19,AG-E-052,ภาคกลาง,142,2141
2025-03-19,AG-E-052,ภาคตะวันออก,98,1732
2025-03-19,AG-E-052,ภาคเหนือ,82,1508
2025-03-19,AG-E-052,ภาคใต้,112,2208
2025-03-20,TK-A-001,กรุงเทพฯ,229,4191
2025-03-20,TK-A-001,ภาคกลาง,170,3073
2025-03-20,TK-A-001,ภาคตะวันออก,121,2538
2025-03-20,TK-A-001,ภาคเหนือ,111,1954
2025-03-20,TK-A-001,ภาคใต้,144,2893
2025-03-20,GL-B-014,กรุงเทพฯ,1139,22315
2025-03-20,GL-B-014,ภาคกลาง,820,16395
2025-03-20,GL-B-014,ภาคตะวันออก,671,10658
2025-03-20,GL-B-014,ภาคเหนือ,545,9476
2025-03-20,GL-B-014,ภาคใต้,825,14641
2025-03-20,MK-C-028,กรุงเทพฯ,810,15698
2025-03-20,MK-C-028,ภาคกลาง,645,11544
2025-03-20,MK-C-028,ภาคตะวันออก,500,9596
2025-03-20,MK-C-028,ภาคเหนือ,452,8692
2025-03-20,MK-C-028,ภาคใต้,582,10379
2025-03-20,SY-D-039,กรุงเทพฯ,542,10993
2025-03-20,SY-D-039,ภาคกลาง,460,7842
2025-03-20,SY-D-039,ภาคตะวันออก,352,6115
2025-03-20,SY-D-039,ภาคเหนือ,304,5077
2025-03-20,SY-D-039,ภาคใต้,389,5898
2025-03-20,AG-E-052,กรุงเทพฯ,174,2994
2025-03-20,AG-E-052,ภาคกลาง,128,2610
2025-03-20,AG-E-052,ภาคตะวันออก,93,1988
2025-03-20,AG-E-052,ภาคเหนือ,94,1555
2025-03-20,AG-E-052,ภาคใต้,103,1714
2025-03-21,TK-A-001,กรุงเทพฯ,229,4087
2025-03-21,TK-A-001,ภาคกลาง,164,2950
2025-03-21,TK-A-001,ภาคตะวันออก,118,2569
2025-03-21,TK-A-001,ภาคเหนือ,124,1895
2025-03-21,TK-A-001,ภาคใต้,155,2415
2025-03-21,GL-B-014,กรุงเทพฯ,1221,21614
2025-03-21,GL-B-014,ภาคกลาง,988,13859
2025-03-21,GL-B-014,ภาคตะวันออก,698,12477
2025-03-21,GL-B-014,ภาคเหนือ,660,12096
2025-03-21,GL-B-014,ภาคใต้,739,15512
2025-03-21,MK-C-028,กรุงเทพฯ,738,15425
2025-03-21,MK-C-028,ภาคกลาง,612,11675
2025-03-21,MK-C-028,ภาคตะวันออก,527,8176
2025-03-21,MK-C-028,ภาคเหนือ,415,7449
2025-03-21,MK-C-028,ภาคใต้,506,10363
2025-03-21,SY-D-039,กรุงเทพฯ,501,10419
2025-03-21,SY-D-039,ภาคกลาง,456,8472
2025-03-21,SY-D-039,ภาคตะวันออก,355,5820
2025-03-21,SY-D-039,ภาคเหนือ,293,5900
2025-03-21,SY-D-039,ภาคใต้,391,6210
2025-03-21,AG-E-052,กรุงเทพฯ,154,3221
2025-03-21,AG-E-052,ภาคกลาง,139,2034
2025-03-21,AG-E-052,ภาคตะวันออก,106,1711
2025-03-21,AG-E-052,ภาคเหนือ,90,1520
2025-03-21,AG-E-052,ภาคใต้,118,2070
2025-03-22,TK-A-001,กรุงเทพฯ,226,3807
2025-03-22,TK-A-001,ภาคกลาง,158,3077
2025-03-22,TK-A-001,ภาคตะวันออก,142,2061
2025-03-22,TK-A-001,ภาคเหนือ,112,1989
2025-03-22,TK-A-001,ภาคใต้,155,2640
2025-03-22,GL-B-014,กรุงเทพฯ,1043,20920
2025-03-22,GL-B-014,ภาคกลาง,881,14602
2025-03-22,GL-B-014,ภาคตะวันออก,665,13919
2025-03-22,GL-B-014,ภาคเหนือ,624,10833
2025-03-22,GL-B-014,ภาคใต้,774,13420
2025-03-22,MK-C-028,กรุงเทพฯ,881,15893
2025-03-22,MK-C-028,ภาคกลาง,676,11793
2025-03-22,MK-C-028,ภาคตะวันออก,539,7795
2025-03-22,MK-C-028,ภาคเหนือ,465,7017
2025-03-22,MK-C-028,ภาคใต้,546,9566
2025-03-22,SY-D-039,กรุงเทพฯ,595,10313
2025-03-22,SY-D-039,ภาคกลาง,445,8609
2025-03-22,SY-D-039,ภาคตะวันออก,322,6122
2025-03-22,SY-D-039,ภาคเหนือ,286,5169
2025-03-22,SY-D-039,ภาคใต้,370,5822
2025-03-22,AG-E-052,กรุงเทพฯ,173,2600
2025-03-22,AG-E-052,ภาคกลาง,131,2032
2025-03-22,AG-E-052,ภาคตะวันออก,93,1890
2025-03-22,AG-E-052,ภาคเหนือ,84,1473
2025-03-22,AG-E-052,ภาคใต้,102,1689
2025-03-23,TK-A-001,กรุงเทพฯ,208,4013
2025-03-23,TK-A-001,ภาคกลาง,188,3228
2025-03-23,TK-A-001,ภาคตะวันออก,132,2671
2025-03-23,TK-A-001,ภาคเหนือ,109,1882
2025-03-23,TK-A-001,ภาคใต้,160,2470
2025-03-23,GL-B-014,กรุงเทพฯ,1061,18542
2025-03-23,GL-B-014,ภาคกลาง,879,17301
2025-03-23,GL-B-014,ภาคตะวันออก,739,13239
2025-03-23,GL-B-014,ภาคเหนือ,544,12005
2025-03-23,GL-B-014,ภาคใต้,809,12508
2025-03-23,MK-C-028,กรุงเทพฯ,740,14237
2025-03-23,MK-C-028,ภาคกลาง,604,11784
2025-03-23,MK-C-028,ภาคตะวันออก,510,9576
2025-03-23,MK-C-028,ภาคเหนือ,403,8477
2025-03-23,MK-C-028,ภาคใต้,495,11112
2025-03-23,SY-D-039,กรุงเทพฯ,570,11291
2025-03-23,SY-D-039,ภาคกลาง,443,8547
2025-03-23,SY-D-039,ภาคตะวันออก,347,5882
2025-03-23,SY-D-039,ภาคเหนือ,302,5186
2025-03-23,SY-D-039,ภาคใต้,337,6138
2025-03-23,AG-E-052,กรุงเทพฯ,163,3293
2025-03-23,AG-E-052,ภาคกลาง,124,2305
2025-03-23,AG-E-052,ภาคตะวันออก,98,1983
2025-03-23,AG-E-052,ภาคเหนือ,81,1410
2025-03-23,AG-E-052,ภาคใต้,117,1773
2025-03-24,TK-A-001,กรุงเทพฯ,215,4140
2025-03-24,TK-A-001,ภาคกลาง,174,3179
2025-03-24,TK-A-001,ภาคตะวันออก,142,2675
2025-03-24,TK-A-001,ภาคเหนือ,126,2121
2025-03-24,TK-A-001,ภาคใต้,159,2768
2025-03-24,GL-B-014,กรุงเทพฯ,1031,19292
2025-03-24,GL-B-014,ภาคกลาง,865,17053
2025-03-24,GL-B-014,ภาคตะวันออก,611,10969
2025-03-24,GL-B-014,ภาคเหนือ,596,11618
2025-03-24,GL-B-014,ภาคใต้,753,11979
2025-03-24,MK-C-028,กรุงเทพฯ,871,14372
2025-03-24,MK-C-028,ภาคกลาง,608,13020
2025-03-24,MK-C-028,ภาคตะวันออก,487,9594
2025-03-24,MK-C-028,ภาคเหนือ,442,7882
2025-03-24,MK-C-028,ภาคใต้,514,8690
2025-03-24,SY-D-039,กรุงเทพฯ,524,8576
2025-03-24,SY-D-039,ภาคกลาง,399,7973
2025-03-24,SY-D-039,ภาคตะวันออก,316,6276
2025-03-24,SY-D-039,ภาคเหนือ,289,5284
2025-03-24,SY-D-039,ภาคใต้,335,5579
2025-03-24,AG-E-052,กรุงเทพฯ,150,2520
2025-03-24,AG-E-052,ภาคกลาง,118,2081
2025-03-24,AG-E-052,ภาคตะวันออก,98,1838
2025-03-24,AG-E-052,ภาคเหนือ,84,1420
2025-03-24,AG-E-052,ภาคใต้,110,1773
2025-03-25,TK-A-001,กรุงเทพฯ,234,4089
2025-03-25,TK-A-001,ภาคกลาง,168,2936
2025-03-25,TK-A-001,ภาคตะวันออก,132,2063
2025-03-25,TK-A-001,ภาคเหนือ,107,1832
2025-03-25,TK-A-001,ภาคใต้,159,2235
2025-03-25,GL-B-014,กรุงเทพฯ,1200,18297
2025-03-25,GL-B-014,ภาคกลาง,980,16373
2025-03-25,GL-B-014,ภาคตะวันออก,707,11247
2025-03-25,GL-B-014,ภาคเหนือ,599,11719
2025-03-25,GL-B-014,ภาคใต้,701,12133
2025-03-25,MK-C-028,กรุงเทพฯ,902,16147
2025-03-25,MK-C-028,ภาคกลาง,606,11235
2025-03-25,MK-C-028,ภาคตะวันออก,487,7775
2025-03-25,MK-C-028,ภาคเหนือ,442,8634
2025-03-25,MK-C-028,ภาคใต้,540,10595
2025-03-25,SY-D-039,กรุงเทพฯ,563,8988
2025-03-25,SY-D-039,ภาคกลาง,405,7765
2025-03-25,SY-D-039,ภาคตะวันออก,348,5800
2025-03-25,SY-D-039,ภาคเหนือ,264,5172
2025-03-25,SY-D-039,ภาคใต้,385,5943
2025-03-25,AG-E-052,กรุงเทพฯ,149,2582
2025-03-25,AG-E-052,ภาคกลาง,126,2118
2025-03-25,AG-E-052,ภาคตะวันออก,100,1997
2025-03-25,AG-E-052,ภาคเหนือ,81,1677
2025-03-25,AG-E-052,ภาคใต้,106,1817
2025-03-26,TK-A-001,กรุงเทพฯ,220,4002
2025-03-26,TK-A-001,ภาคกลาง,161,3199
2025-03-26,TK-A-001,ภาคตะวันออก,123,2237
2025-03-26,TK-A-001,ภาคเหนือ,128,1992
2025-03-26,TK-A-001,ภาคใต้,143,2624
2025-03-26,GL-B-014,กรุงเทพฯ,1165,19097
2025-03-26,GL-B-014,ภาคกลาง,865,18021
2025-03-26,GL-B-014,ภาคตะวันออก,648,13090
2025-03-26,GL-B-014,ภาคเหนือ,627,10248
2025-03-26,GL-B-014,ภาคใต้,791,14715
2025-03-26,MK-C-028,กรุงเทพฯ,827,12874
2025-03-26,MK-C-028,ภาคกลาง,613,12267
2025-03-26,MK-C-028,ภาคตะวันออก,501,8211
2025-03-26,MK-C-028,ภาคเหนือ,433,7057
2025-03-26,MK-C-028,ภาคใต้,496,9892
2025-03-26,SY-D-039,กรุงเทพฯ,585,9535
2025-03-26,SY-D-039,ภาคกลาง,419,7395
2025-03-26,SY-D-039,ภาคตะวันออก,338,6363
2025-03-26,SY-D-039,ภาคเหนือ,304,5584
2025-03-26,SY-D-039,ภาคใต้,346,5669
2025-03-26,AG-E-052,กรุงเทพฯ,165,2720
2025-03-26,AG-E-052,ภาคกลาง,130,2458
2025-03-26,AG-E-052,ภาคตะวันออก,104,1869
2025-03-26,AG-E-052,ภาคเหนือ,91,1497
2025-03-26,AG-E-052,ภาคใต้,109,1744
2025-03-27,TK-A-001,กรุงเทพฯ,223,4336
2025-03-27,TK-A-001,ภาคกลาง,185,3404
2025-03-27,TK-A-001,ภาคตะวันออก,137,2525
2025-03-27,TK-A-001,ภาคเหนือ,112,2391
2025-03-27,TK-A-001,ภาคใต้,157,2645
2025-03-27,GL-B-014,กรุงเทพฯ,1238,21900
2025-03-27,GL-B-014,ภาคกลาง,894,14670
2025-03-27,GL-B-014,ภาคตะวันออก,642,13218
2025-03-27,GL-B-014,ภาคเหนือ,624,12253
2025-03-27,GL-B-014,ภาคใต้,768,12875
2025-03-27,MK-C-028,กรุงเทพฯ,880,15630
2025-03-27,MK-C-028,ภาคกลาง,608,13429
2025-03-27,MK-C-028,ภาคตะวันออก,506,7719
2025-03-27,MK-C-028,ภาคเหนือ,436,8697
2025-03-27,MK-C-028,ภาคใต้,538,10728
2025-03-27,SY-D-039,กรุงเทพฯ,580,11080
2025-03-27,SY-D-039,ภาคกลาง,414,7472
2025-03-27,SY-D-039,ภาคตะวันออก,316,5690
2025-03-27,SY-D-039,ภาคเหนือ,264,5525
2025-03-27,SY-D-039,ภาคใต้,381,5755
2025-03-27,AG-E-052,กรุงเทพฯ,165,3225
2025-03-27,AG-E-052,ภาคกลาง,129,2092
2025-03-27,AG-E-052,ภาคตะวันออก,90,1626
2025-03-27,AG-E-052,ภาคเหนือ,85,1434
2025-03-27,AG-E-052,ภาคใต้,120,1974
2025-03-28,TK-A-001,กรุงเทพฯ,199,3439
2025-03-28,TK-A-001,ภาคกลาง,175,3541
2025-03-28,TK-A-001,ภาคตะวันออก,119,2637
2025-03-28,TK-A-001,ภาคเหนือ,110,2006
2025-03-28,TK-A-001,ภาคใต้,145,2294
2025-03-28,GL-B-014,กรุงเทพฯ,1207,19630
2025-03-28,GL-B-014,ภาคกลาง,894,16697
2025-03-28,GL-B-014,ภาคตะวันออก,618,13831
2025-03-28,GL-B-014,ภาคเหนือ,583,9546
2025-03-28,GL-B-014,ภาคใต้,765,15466
2025-03-28,MK-C-028,กรุงเทพฯ,849,16122
2025-03-28,MK-C-028,ภาคกลาง,636,10836
2025-03-28,MK-C-028,ภาคตะวันออก,512,9903
2025-03-28,MK-C-028,ภาคเหนือ,414,8877
2025-03-28,MK-C-028,ภาคใต้,570,10232
2025-03-28,SY-D-039,กรุงเทพฯ,503,11034
2025-03-28,SY-D-039,ภาคกลาง,458,8902
2025-03-28,SY-D-039,ภาคตะวันออก,346,5983
2025-03-28,SY-D-039,ภาคเหนือ,300,5399
2025-03-28,SY-D-039,ภาคใต้,367,6900
2025-03-28,AG-E-052,กรุงเทพฯ,175,3125
2025-03-28,AG-E-052,ภาคกลาง,143,2041
2025-03-28,AG-E-052,ภาคตะวันออก,95,1950
2025-03-28,AG-E-052,ภาคเหนือ,83,1477
2025-03-28,AG-E-052,ภาคใต้,107,1789
2025-03-29,TK-A-001,กรุงเทพฯ,230,3700
2025-03-29,TK-A-001,ภาคกลาง,182,3228
2025-03-29,TK-A-001,ภาคตะวันออก,132,2333
2025-03-29,TK-A-001,ภาคเหนือ,107,2363
2025-03-29,TK-A-001,ภาคใต้,158,2483
2025-03-29,GL-B-014,กรุงเทพฯ,1151,23009
2025-03-29,GL-B-014,ภาคกลาง,880,16065
2025-03-29,GL-B-014,ภาคตะวันออก,701,13882
2025-03-29,GL-B-014,ภาคเหนือ,593,11326
2025-03-29,GL-B-014,ภาคใต้,690,15535
2025-03-29,MK-C-028,กรุงเทพฯ,762,15616
2025-03-29,MK-C-028,ภาคกลาง,658,12092
2025-03-29,MK-C-028,ภาคตะวันออก,469,8758
2025-03-29,MK-C-028,ภาคเหนือ,439,7186
2025-03-29,MK-C-028,ภาคใต้,583,11239
2025-03-29,SY-D-039,กรุงเทพฯ,549,8417
2025-03-29,SY-D-039,ภาคกลาง,482,8052
2025-03-29,SY-D-039,ภาคตะวันออก,359,5421
2025-03-29,SY-D-039,ภาคเหนือ,291,5460
2025-03-29,SY-D-039,ภาคใต้,380,6798
2025-03-29,AG-E-052,กรุงเทพฯ,167,2671
2025-03-29,AG-E-052,ภาคกลาง,128,2586
2025-03-29,AG-E-052,ภาคตะวันออก,106,1761
2025-03-29,AG-E-052,ภาคเหนือ,83,1468
2025-03-29,AG-E-052,ภาคใต้,101,1949
2025-03-30,TK-A-001,กรุงเทพฯ,201,3664
2025-03-30,TK-A-001,ภาคกลาง,189,3165
2025-03-30,TK-A-001,ภาคตะวันออก,126,2149
2025-03-30,TK-A-001,ภาคเหนือ,123,2410
2025-03-30,TK-A-001,ภาคใต้,138,2289
2025-03-30,GL-B-014,กรุงเทพฯ,1118,20356
2025-03-30,GL-B-014,ภาคกลาง,820,18678
2025-03-30,GL-B-014,ภาคตะวันออก,717,13686
2025-03-30,GL-B-014,ภาคเหนือ,575,12111
2025-03-30,GL-B-014,ภาคใต้,830,12901
2025-03-30,MK-C-028,กรุงเทพฯ,833,17052
2025-03-30,MK-C-028,ภาคกลาง,629,13535
2025-03-30,MK-C-028,ภาคตะวันออก,497,9676
2025-03-30,MK-C-028,ภาคเหนือ,432,7240
2025-03-30,MK-C-028,ภาคใต้,530,8691
2025-03-30,SY-D-039,กรุงเทพฯ,554,9747
2025-03-30,SY-D-039,ภาคกลาง,484,9074
2025-03-30,SY-D-039,ภาคตะวันออก,353,6265
2025-03-30,SY-D-039,ภาคเหนือ,318,5414
2025-03-30,SY-D-039,ภาคใต้,331,6951
2025-03-30,AG-E-052,กรุงเทพฯ,173,3064
2025-03-30,AG-E-052,ภาคกลาง,134,2271
2025-03-30,AG-E-052,ภาคตะวันออก,102,1829
2025-03-30,AG-E-052,ภาคเหนือ,89,1614
2025-03-30,AG-E-052,ภาคใต้,100,2274
2025-03-31,TK-A-001,กรุงเทพฯ,242,4066
2025-03-31,TK-A-001,ภาคกลาง,179,3321
2025-03-31,TK-A-001,ภาคตะวันออก,134,2641
2025-03-31,TK-A-001,ภาคเหนือ,124,1953
2025-03-31,TK-A-001,ภาคใต้,152,2964
2025-03-31,GL-B-014,กรุงเทพฯ,1040,21910
2025-03-31,GL-B-014,ภาคกลาง,907,15324
2025-03-31,GL-B-014,ภาคตะวันออก,734,10631
2025-03-31,GL-B-014,ภาคเหนือ,600,10090
2025-03-31,GL-B-014,ภาคใต้,687,13217
2025-03-31,MK-C-028,กรุงเทพฯ,754,14155
2025-03-31,MK-C-028,ภาคกลาง,682,13197
2025-03-31,MK-C-028,ภาคตะวันออก,498,7587
2025-03-31,MK-C-028,ภาคเหนือ,452,7775
2025-03-31,MK-C-028,ภาคใต้,584,8763
2025-03-31,SY-D-039,กรุงเทพฯ,539,9588
2025-03-31,SY-D-039,ภาคกลาง,467,8895
2025-03-31,SY-D-039,ภาคตะวันออก,337,6403
2025-03-31,SY-D-039,ภาคเหนือ,292,5688
2025-03-31,SY-D-039,ภาคใต้,402,6336
2025-03-31,AG-E-052,กรุงเทพฯ,150,3156
2025-03-31,AG-E-052,ภาคกลาง,121,2413
2025-03-31,AG-E-052,ภาคตะวันออก,102,1955
2025-03-31,AG-E-052,ภาคเหนือ,86,1659
2025-03-31,AG-E-052,ภาคใต้,106,2073
2025-04-01,TK-A-001,กรุงเทพฯ,203,4338
2025-04-01,TK-A-001,ภาคกลาง,175,3114
2025-04-01,TK-A-001,ภาคตะวันออก,134,2516
2025-04-01,TK-A-001,ภาคเหนือ,113,2322
2025-04-01,TK-A-001,ภาคใต้,145,2387
2025-04-01,GL-B-014,กรุงเทพฯ,1038,18947
2025-04-01,GL-B-014,ภาคกลาง,829,14818
2025-04-01,GL-B-014,ภาคตะวันออก,736,11285
2025-04-01,GL-B-014,ภาคเหนือ,582,9396
2025-04-01,GL-B-014,ภาคใต้,771,12432
2025-04-01,MK-C-028,กรุงเทพฯ,907,13342
2025-04-01,MK-C-028,ภาคกลาง,677,12724
2025-04-01,MK-C-028,ภาคตะวันออก,483,10231
2025-04-01,MK-C-028,ภาคเหนือ,471,7041
2025-04-01,MK-C-028,ภาคใต้,578,9414
2025-04-01,SY-D-039,กรุงเทพฯ,528,10886
2025-04-01,SY-D-039,ภาคกลาง,443,8213
2025-04-01,SY-D-039,ภาคตะวันออก,316,5317
2025-04-01,SY-D-039,ภาคเหนือ,275,5695
2025-04-01,SY-D-039,ภาคใต้,378,5946
2025-04-01,AG-E-052,กรุงเทพฯ,182,3010
2025-04-01,AG-E-052,ภาคกลาง,141,2653
2025-04-01,AG-E-052,ภาคตะวันออก,97,1949
2025-04-01,AG-E-052,ภาคเหนือ,80,1795
2025-04-01,AG-E-052,ภาคใต้,104,2163
2025-04-02,TK-A-001,กรุงเทพฯ,241,3952
2025-04-02,TK-A-001,ภาคกลาง,192,3146
2025-04-02,TK-A-001,ภาคตะวันออก,128,2063
2025-04-02,TK-A-001,ภาคเหนือ,112,2166
2025-04-02,TK-A-001,ภาคใต้,156,2618
2025-04-02,GL-B-014,กรุงเทพฯ,1247,23256
2025-04-02,GL-B-014,ภาคกลาง,933,14608
2025-04-02,GL-B-014,ภาคตะวันออก,695,11087
2025-04-02,GL-B-014,ภาคเหนือ,560,10439
2025-04-02,GL-B-014,ภาคใต้,755,13979
2025-04-02,MK-C-028,กรุงเทพฯ,767,14086
2025-04-02,MK-C-028,ภาคกลาง,680,11363
2025-04-02,MK-C-028,ภาคตะวันออก,508,7963
2025-04-02,MK-C-028,ภาคเหนือ,428,6867
2025-04-02,MK-C-028,ภาคใต้,535,11094
2025-04-02,SY-D-039,กรุงเทพฯ,598,11308
2025-04-02,SY-D-039,ภาคกลาง,417,8164
2025-04-02,SY-D-039,ภาคตะวันออก,301,6796
2025-04-02,SY-D-039,ภาคเหนือ,318,5609
2025-04-02,SY-D-039,ภาคใต้,372,7448
2025-04-02,AG-E-052,กรุงเทพฯ,159,2809
2025-04-02,AG-E-052,ภาคกลาง,135,2517
2025-04-02,AG-E-052,ภาคตะวันออก,103,1735
2025-04-02,AG-E-052,ภาคเหนือ,87,1542
2025-04-02,AG-E-052,ภาคใต้,100,2062
2025-04-03,TK-A-001,กรุงเทพฯ,219,3950
2025-04-03,TK-A-001,ภาคกลาง,162,3221
2025-04-03,TK-A-001,ภาคตะวันออก,121,2376
2025-04-03,TK-A-001,ภาคเหนือ,106,2017
2025-04-03,TK-A-001,ภาคใต้,152,2265
2025-04-03,GL-B-014,กรุงเทพฯ,1049,19865
2025-04-03,GL-B-014,ภาคกลาง,952,18860
2025-04-03,GL-B-014,ภาคตะวันออก,683,11263
2025-04-03,GL-B-014,ภาคเหนือ,631,9850
2025-04-03,GL-B-014,ภาคใต้,794,14284
2025-04-03,MK-C-028,กรุงเทพฯ,808,15780
2025-04-03,MK-C-028,ภาคกลาง,620,11357
2025-04-03,MK-C-028,ภาคตะวันออก,534,7821
2025-04-03,MK-C-028,ภาคเหนือ,416,8940
2025-04-03,MK-C-028,ภาคใต้,518,10935
2025-04-03,SY-D-039,กรุงเทพฯ,580,9277
2025-04-03,SY-D-039,ภาคกลาง,428,8280
2025-04-03,SY-D-039,ภาคตะวันออก,335,5137
2025-04-03,SY-D-039,ภาคเหนือ,288,5993
2025-04-03,SY-D-039,ภาคใต้,372,5655
2025-04-03,AG-E-052,กรุงเทพฯ,168,2661
2025-04-03,AG-E-052,ภาคกลาง,142,2164
2025-04-03,AG-E-052,ภาคตะวันออก,107,2026
2025-04-03,AG-E-052,ภาคเหนือ,86,1702
2025-04-03,AG-E-052,ภาคใต้,108,1916
2025-04-04,TK-A-001,กรุงเทพฯ,200,4364
2025-04-04,TK-A-001,ภาคกลาง,169,3345
2025-04-04,TK-A-001,ภาคตะวันออก,126,2340
2025-04-04,TK-A-001,ภาคเหนือ,121,2423
2025-04-04,TK-A-001,ภาคใต้,137,2573
2025-04-04,GL-B-014,กรุงเทพฯ,1202,20898
2025-04-04,GL-B-014,ภาคกลาง,882,15404
2025-04-04,GL-B-014,ภาคตะวันออก,680,10643
2025-04-04,GL-B-014,ภาคเหนือ,596,12492
2025-04-04,GL-B-014,ภาคใต้,699,14689
2025-04-04,MK-C-028,กรุงเทพฯ,884,16659
2025-04-04,MK-C-028,ภาคกลาง,599,10816
2025-04-04,MK-C-028,ภาคตะวันออก,499,8954
2025-04-04,MK-C-028,ภาคเหนือ,445,7827
2025-04-04,MK-C-028,ภาคใต้,501,9206
2025-04-04,SY-D-039,กรุงเทพฯ,580,10761
2025-04-04,SY-D-039,ภาคกลาง,467,7044
2025-04-04,SY-D-039,ภาคตะวันออก,313,6288
2025-04-04,SY-D-039,ภาคเหนือ,286,5576
2025-04-04,SY-D-039,ภาคใต้,359,6709
2025-04-04,AG-E-052,กรุงเทพฯ,174,2575
2025-04-04,AG-E-052,ภาคกลาง,120,2198
2025-04-04,AG-E-052,ภาคตะวันออก,98,1712
2025-04-04,AG-E-052,ภาคเหนือ,84,1598
2025-04-04,AG-E-052,ภาคใต้,104,1948
2025-04-05,TK-A-001,กรุงเทพฯ,201,3416
2025-04-05,TK-A-001,ภาคกลาง,175,3569
2025-04-05,TK-A-001,ภาคตะวันออก,134,2205
2025-04-05,TK-A-001,ภาคเหนือ,110,2431
2025-04-05,TK-A-001,ภาคใต้,155,2822
2025-04-05,GL-B-014,กรุงเทพฯ,1057,20947
2025-04-05,GL-B-014,ภาคกลาง,936,15613
2025-04-05,GL-B-014,ภาคตะวันออก,719,11850
2025-04-05,GL-B-014,ภาคเหนือ,608,11431
2025-04-05,GL-B-014,ภาคใต้,737,13039
2025-04-05,MK-C-028,กรุงเทพฯ,787,13966
2025-04-05,MK-C-028,ภาคกลาง,663,11887
2025-04-05,MK-C-028,ภาคตะวันออก,514,7950
2025-04-05,MK-C-028,ภาคเหนือ,423,8858
2025-04-05,MK-C-028,ภาคใต้,542,10558
2025-04-05,SY-D-039,กรุงเทพฯ,543,9967
2025-04-05,SY-D-039,ภาคกลาง,445,6775
2025-04-05,SY-D-039,ภาคตะวันออก,364,5407
2025-04-05,SY-D-039,ภาคเหนือ,291,5674
2025-04-05,SY-D-039,ภาคใต้,343,7130
2025-04-05,AG-E-052,กรุงเทพฯ,165,3007
2025-04-05,AG-E-052,ภาคกลาง,141,2145
2025-04-05,AG-E-052,ภาคตะวันออก,108,1986
2025-04-05,AG-E-052,ภาคเหนือ,87,1526
2025-04-05,AG-E-052,ภาคใต้,118,2018
2025-04-06,TK-A-001,กรุงเทพฯ,202,4485
2025-04-06,TK-A-001,ภาคกลาง,160,2749
2025-04-06,TK-A-001,ภาคตะวันออก,123,2615
2025-04-06,TK-A-001,ภาคเหนือ,114,1838
2025-04-06,TK-A-001,ภาคใต้,148,3014
2025-04-06,GL-B-014,กรุงเทพฯ,1164,18007
2025-04-06,GL-B-014,ภาคกลาง,841,14986
2025-04-06,GL-B-014,ภาคตะวันออก,645,14031
2025-04-06,GL-B-014,ภาคเหนือ,561,9597
2025-04-06,GL-B-014,ภาคใต้,756,13276
2025-04-06,MK-C-028,กรุงเทพฯ,776,14352
2025-04-06,MK-C-028,ภาคกลาง,661,11069
2025-04-06,MK-C-028,ภาคตะวันออก,532,8301
2025-04-06,MK-C-028,ภาคเหนือ,459,6795
2025-04-06,MK-C-028,ภาคใต้,504,10989
2025-04-06,SY-D-039,กรุงเทพฯ,533,9878
2025-04-06,SY-D-039,ภาคกลาง,438,7028
2025-04-06,SY-D-039,ภาคตะวันออก,308,6820
2025-04-06,SY-D-039,ภาคเหนือ,309,5430
2025-04-06,SY-D-039,ภาคใต้,375,6468
2025-04-06,AG-E-052,กรุงเทพฯ,160,2882
2025-04-06,AG-E-052,ภาคกลาง,139,2721
2025-04-06,AG-E-052,ภาคตะวันออก,93,1786
2025-04-06,AG-E-052,ภาคเหนือ,82,1468
2025-04-06,AG-E-052,ภาคใต้,109,1771
2025-04-07,TK-A-001,กรุงเทพฯ,206,3752
2025-04-07,TK-A-001,ภาคกลาง,164,3539
2025-04-07,TK-A-001,ภาคตะวันออก,133,2639
2025-04-07,TK-A-001,ภาคเหนือ,115,2284
2025-04-07,TK-A-001,ภาคใต้,138,2455
2025-04-07,GL-B-014,กรุงเทพฯ,1196,20675
2025-04-07,GL-B-014,ภาคกลาง,911,16821
2025-04-07,GL-B-014,ภาคตะวันออก,667,13467
2025-04-07,GL-B-014,ภาคเหนือ,629,11187
2025-04-07,GL-B-014,ภาคใต้,769,14830
2025-04-07,MK-C-028,กรุงเทพฯ,877,13610
2025-04-07,MK-C-028,ภาคกลาง,657,12611
2025-04-07,MK-C-028,ภาคตะวันออก,535,8893
2025-04-07,MK-C-028,ภาคเหนือ,430,7476
2025-04-07,MK-C-028,ภาคใต้,578,9356
2025-04-07,SY-D-039,กรุงเทพฯ,567,8712
2025-04-07,SY-D-039,ภาคกลาง,453,8859
2025-04-07,SY-D-039,ภาคตะวันออก,309,6355
2025-04-07,SY-D-039,ภาคเหนือ,275,5815
2025-04-07,SY-D-039,ภาคใต้,341,6142
2025-04-07,AG-E-052,กรุงเทพฯ,173,3317
2025-04-07,AG-E-052,ภาคกลาง,125,2044
2025-04-07,AG-E-052,ภาคตะวันออก,93,1559
2025-04-07,AG-E-052,ภาคเหนือ,93,1397
2025-04-07,AG-E-052,ภาคใต้,105,2071
2025-04-08,TK-A-001,กรุงเทพฯ,206,4397
2025-04-08,TK-A-001,ภาคกลาง,168,3646
2025-04-08,TK-A-001,ภาคตะวันออก,123,2076
2025-04-08,TK-A-001,ภาคเหนือ,110,2176
2025-04-08,TK-A-001,ภาคใต้,134,2652
2025-04-08,GL-B-014,กรุงเทพฯ,1221,21531
2025-04-08,GL-B-014,ภาคกลาง,891,18373
2025-04-08,GL-B-014,ภาคตะวันออก,707,13560
2025-04-08,GL-B-014,ภาคเหนือ,640,12085
2025-04-08,GL-B-014,ภาคใต้,829,12771
2025-04-08,MK-C-028,กรุงเทพฯ,809,13034
2025-04-08,MK-C-028,ภาคกลาง,708,13740
2025-04-08,MK-C-028,ภาคตะวันออก,459,10211
2025-04-08,MK-C-028,ภาคเหนือ,464,7417
2025-04-08,MK-C-028,ภาคใต้,552,9307
2025-04-08,SY-D-039,กรุงเทพฯ,530,9437
2025-04-08,SY-D-039,ภาคกลาง,430,8452
2025-04-08,SY-D-039,ภาคตะวันออก,308,6647
2025-04-08,SY-D-039,ภาคเหนือ,271,5197
2025-04-08,SY-D-039,ภาคใต้,403,5770
2025-04-08,AG-E-052,กรุงเทพฯ,164,3360
2025-04-08,AG-E-052,ภาคกลาง,138,2673
2025-04-08,AG-E-052,ภาคตะวันออก,96,1892
2025-04-08,AG-E-052,ภาคเหนือ,91,1459
2025-04-08,AG-E-052,ภาคใต้,112,2059
2025-04-09,TK-A-001,กรุงเทพฯ,208,4445
2025-04-09,TK-A-001,ภาคกลาง,190,2935
2025-04-09,TK-A-001,ภาคตะวันออก,123,2456
2025-04-09,TK-A-001,ภาคเหนือ,124,2382
2025-04-09,TK-A-001,ภาคใต้,156,2709
2025-04-09,GL-B-014,กรุงเทพฯ,1160,22920
2025-04-09,GL-B-014,ภาคกลาง,961,14566
2025-04-09,GL-B-014,ภาคตะวันออก,654,13112
2025-04-09,GL-B-014,ภาคเหนือ,617,11348
2025-04-09,GL-B-014,ภาคใต้,781,13330
2025-04-09,MK-C-028,กรุงเทพฯ,862,15182
2025-04-09,MK-C-028,ภาคกลาง,667,11382
2025-04-09,MK-C-028,ภาคตะวันออก,539,9507
2025-04-09,MK-C-028,ภาคเหนือ,421,8787
2025-04-09,MK-C-028,ภาคใต้,575,9805
2025-04-09,SY-D-039,กรุงเทพฯ,567,11113
2025-04-09,SY-D-039,ภาคกลาง,420,8956
2025-04-09,SY-D-039,ภาคตะวันออก,355,5886
2025-04-09,SY-D-039,ภาคเหนือ,289,5196
2025-04-09,SY-D-039,ภาคใต้,346,6325
2025-04-09,AG-E-052,กรุงเทพฯ,162,2911
2025-04-09,AG-E-052,ภาคกลาง,145,2446
2025-04-09,AG-E-052,ภาคตะวันออก,95,1956
2025-04-09,AG-E-052,ภาคเหนือ,84,1669
2025-04-09,AG-E-052,ภาคใต้,110,1982
2025-04-10,TK-A-001,กรุงเทพฯ,221,3755
2025-04-10,TK-A-001,ภาคกลาง,193,3177
2025-04-10,TK-A-001,ภาคตะวันออก,120,2398
2025-04-10,TK-A-001,ภาคเหนือ,118,2333
2025-04-10,TK-A-001,ภาคใต้,157,2987
2025-04-10,GL-B-014,กรุงเทพฯ,1132,18870
2025-04-10,GL-B-014,ภาคกลาง,847,18618
2025-04-10,GL-B-014,ภาคตะวันออก,648,11210
2025-04-10,GL-B-014,ภาคเหนือ,564,9791
2025-04-10,GL-B-014,ภาคใต้,771,12157
2025-04-10,MK-C-028,กรุงเทพฯ,804,16079
2025-04-10,MK-C-028,ภาคกลาง,730,11456
2025-04-10,MK-C-028,ภาคตะวันออก,509,8427
2025-04-10,MK-C-028,ภาคเหนือ,404,8013
2025-04-10,MK-C-028,ภาคใต้,595,10946
2025-04-10,SY-D-039,กรุงเทพฯ,581,9568
2025-04-10,SY-D-039,ภาคกลาง,485,7151
2025-04-10,SY-D-039,ภาคตะวันออก,331,5331
2025-04-10,SY-D-039,ภาคเหนือ,293,4683
2025-04-10,SY-D-039,ภาคใต้,392,5825
2025-04-10,AG-E-052,กรุงเทพฯ,175,3130
2025-04-10,AG-E-052,ภาคกลาง,126,2453
2025-04-10,AG-E-052,ภาคตะวันออก,102,1791
2025-04-10,AG-E-052,ภาคเหนือ,83,1419
2025-04-10,AG-E-052,ภาคใต้,122,1950
2025-04-11,TK-A-001,กรุงเทพฯ,228,3514
2025-04-11,TK-A-001,ภาคกลาง,189,3231
2025-04-11,TK-A-001,ภาคตะวันออก,132,2049
2025-04-11,TK-A-001,ภาคเหนือ,119,1905
2025-04-11,TK-A-001,ภาคใต้,136,2833
2025-04-11,GL-B-014,กรุงเทพฯ,1048,23264
2025-04-11,GL-B-014,ภาคกลาง,845,17545
2025-04-11,GL-B-014,ภาคตะวันออก,743,13062
2025-04-11,GL-B-014,ภาคเหนือ,570,11379
2025-04-11,GL-B-014,ภาคใต้,698,14879
2025-04-11,MK-C-028,กรุงเทพฯ,859,14579
2025-04-11,MK-C-028,ภาคกลาง,717,10308
2025-04-11,MK-C-028,ภาคตะวันออก,459,10085
2025-04-11,MK-C-028,ภาคเหนือ,470,8623
2025-04-11,MK-C-028,ภาคใต้,509,10671
2025-04-11,SY-D-039,กรุงเทพฯ,530,8911
2025-04-11,SY-D-039,ภาคกลาง,478,8334
2025-04-11,SY-D-039,ภาคตะวันออก,302,5231
2025-04-11,SY-D-039,ภาคเหนือ,324,4676
2025-04-11,SY-D-039,ภาคใต้,387,6556
2025-04-11,AG-E-052,กรุงเทพฯ,179,2708
2025-04-11,AG-E-052,ภาคกลาง,146,2126
2025-04-11,AG-E-052,ภาคตะวันออก,94,1821
2025-04-11,AG-E-052,ภาคเหนือ,91,1509
2025-04-11,AG-E-052,ภาคใต้,122,2202
2025-04-12,TK-A-001,กรุงเทพฯ,240,3526
2025-04-12,TK-A-001,ภาคกลาง,169,3466
2025-04-12,TK-A-001,ภาคตะวันออก,144,2202
2025-04-12,TK-A-001,ภาคเหนือ,121,2384
2025-04-12,TK-A-001,ภาคใต้,156,2580
2025-04-12,GL-B-014,กรุงเทพฯ,1210,20959
2025-04-12,GL-B-014,ภาคกลาง,885,18114
2025-04-12,GL-B-014,ภาคตะวันออก,703,13667
2025-04-12,GL-B-014,ภาคเหนือ,570,11654
2025-04-12,GL-B-014,ภาคใต้,722,13197
2025-04-12,MK-C-028,กรุงเทพฯ,790,15977
2025-04-12,MK-C-028,ภาคกลาง,680,10318
2025-04-12,MK-C-028,ภาคตะวันออก,455,7779
2025-04-12,MK-C-028,ภาคเหนือ,456,7949
2025-04-12,MK-C-028,ภาคใต้,602,9057
2025-04-12,SY-D-039,กรุงเทพฯ,520,10240
2025-04-12,SY-D-039,ภาคกลาง,466,8384
2025-04-12,SY-D-039,ภาคตะวันออก,308,5549
2025-04-12,SY-D-039,ภาคเหนือ,304,5486
2025-04-12,SY-D-039,ภาคใต้,407,6801
2025-04-12,AG-E-052,กรุงเทพฯ,177,2980
2025-04-12,AG-E-052,ภาคกลาง,146,2572
2025-04-12,AG-E-052,ภาคตะวันออก,109,1902
2025-04-12,AG-E-052,ภาคเหนือ,85,1654
2025-04-12,AG-E-052,ภาคใต้,102,2092
2025-04-13,TK-A-001,กรุงเทพฯ,208,4210
2025-04-13,TK-A-001,ภาคกลาง,163,3371
2025-04-13,TK-A-001,ภาคตะวันออก,123,2558
2025-04-13,TK-A-001,ภาคเหนือ,129,2312
2025-04-13,TK-A-001,ภาคใต้,155,2830
2025-04-13,GL-B-014,กรุงเทพฯ,1078,18399
2025-04-13,GL-B-014,ภาคกลาง,1010,16140
2025-04-13,GL-B-014,ภาคตะวันออก,644,14022
2025-04-13,GL-B-014,ภาคเหนือ,580,12611
2025-04-13,GL-B-014,ภาคใต้,819,14691
2025-04-13,MK-C-028,กรุงเทพฯ,782,14061
2025-04-13,MK-C-028,ภาคกลาง,663,12267
2025-04-13,MK-C-028,ภาคตะวันออก,478,7723
2025-04-13,MK-C-028,ภาคเหนือ,451,8461
2025-04-13,MK-C-028,ภาคใต้,561,10651
2025-04-13,SY-D-039,กรุงเทพฯ,562,9079
2025-04-13,SY-D-039,ภาคกลาง,423,9114
2025-04-13,SY-D-039,ภาคตะวันออก,323,5550
2025-04-13,SY-D-039,ภาคเหนือ,318,6131
2025-04-13,SY-D-039,ภาคใต้,376,7337
2025-04-13,AG-E-052,กรุงเทพฯ,178,3430
2025-04-13,AG-E-052,ภาคกลาง,128,2540
2025-04-13,AG-E-052,ภาคตะวันออก,108,1947
2025-04-13,AG-E-052,ภาคเหนือ,89,1541
2025-04-13,AG-E-052,ภาคใต้,121,1805
2025-04-14,TK-A-001,กรุงเทพฯ,217,3848
2025-04-14,TK-A-001,ภาคกลาง,187,3439
2025-04-14,TK-A-001,ภาคตะวันออก,136,2533
2025-04-14,TK-A-001,ภาคเหนือ,112,2274
2025-04-14,TK-A-001,ภาคใต้,164,2639
2025-04-14,GL-B-014,กรุงเทพฯ,1070,22069
2025-04-14,GL-B-014,ภาคกลาง,1012,16500
2025-04-14,GL-B-014,ภาคตะวันออก,655,11432
2025-04-14,GL-B-014,ภาคเหนือ,562,11259
2025-04-14,GL-B-014,ภาคใต้,838,15742
2025-04-14,MK-C-028,กรุงเทพฯ,785,13660
2025-04-14,MK-C-028,ภาคกลาง,626,12521
2025-04-14,MK-C-028,ภาคตะวันออก,517,7943
2025-04-14,MK-C-028,ภาคเหนือ,436,8919
2025-04-14,MK-C-028,ภาคใต้,594,9719
2025-04-14,SY-D-039,กรุงเทพฯ,610,8941
2025-04-14,SY-D-039,ภาคกลาง,405,8082
2025-04-14,SY-D-039,ภาคตะวันออก,354,6800
2025-04-14,SY-D-039,ภาคเหนือ,286,4951
2025-04-14,SY-D-039,ภาคใต้,348,7040
2025-04-14,AG-E-052,กรุงเทพฯ,174,2865
2025-04-14,AG-E-052,ภาคกลาง,147,2069
2025-04-14,AG-E-052,ภาคตะวันออก,103,1898
2025-04-14,AG-E-052,ภาคเหนือ,86,1645
2025-04-14,AG-E-052,ภาคใต้,108,2279
2025-04-15,TK-A-001,กรุงเทพฯ,208,3482
2025-04-15,TK-A-001,ภาคกลาง,171,3026
2025-04-15,TK-A-001,ภาคตะวันออก,143,2491
2025-04-15,TK-A-001,ภาคเหนือ,110,2021
2025-04-15,TK-A-001,ภาคใต้,142,2922
2025-04-15,GL-B-014,กรุงเทพฯ,1041,19895
2025-04-15,GL-B-014,ภาคกลาง,918,15388
2025-04-15,GL-B-014,ภาคตะวันออก,720,11986
2025-04-15,GL-B-014,ภาคเหนือ,578,10101
2025-04-15,GL-B-014,ภาคใต้,836,12649
2025-04-15,MK-C-028,กรุงเทพฯ,834,14531
2025-04-15,MK-C-028,ภาคกลาง,676,11635
2025-04-15,MK-C-028,ภาคตะวันออก,464,10118
2025-04-15,MK-C-028,ภาคเหนือ,446,8849
2025-04-15,MK-C-028,ภาคใต้,513,9062
2025-04-15,SY-D-039,กรุงเทพฯ,538,11416
2025-04-15,SY-D-039,ภาคกลาง,478,6894
2025-04-15,SY-D-039,ภาคตะวันออก,340,5216
2025-04-15,SY-D-039,ภาคเหนือ,315,5197
2025-04-15,SY-D-039,ภาคใต้,348,7644
2025-04-15,AG-E-052,กรุงเทพฯ,165,2977
2025-04-15,AG-E-052,ภาคกลาง,139,2471
2025-04-15,AG-E-052,ภาคตะวันออก,110,2068
2025-04-15,AG-E-052,ภาคเหนือ,84,1513
2025-04-15,AG-E-052,ภาคใต้,109,1850
2025-04-16,TK-A-001,กรุงเทพฯ,207,4535
2025-04-16,TK-A-001,ภาคกลาง,171,3572
2025-04-16,TK-A-001,ภาคตะวันออก,147,2297
2025-04-16,TK-A-001,ภาคเหนือ,125,2063
2025-04-16,TK-A-001,ภาคใต้,143,2298
2025-04-16,GL-B-014,กรุงเทพฯ,1155,19251
2025-04-16,GL-B-014,ภาคกลาง,844,15649
2025-04-16,GL-B-014,ภาคตะวันออก,632,14179
2025-04-16,GL-B-014,ภาคเหนือ,567,12001
2025-04-16,GL-B-014,ภาคใต้,834,12102
2025-04-16,MK-C-028,กรุงเทพฯ,872,14762
2025-04-16,MK-C-028,ภาคกลาง,709,12320
2025-04-16,MK-C-028,ภาคตะวันออก,477,8583
2025-04-16,MK-C-028,ภาคเหนือ,433,8869
2025-04-16,MK-C-028,ภาคใต้,552,11277
2025-04-16,SY-D-039,กรุงเทพฯ,560,8587
2025-04-16,SY-D-039,ภาคกลาง,471,7326
2025-04-16,SY-D-039,ภาคตะวันออก,345,6479
2025-04-16,SY-D-039,ภาคเหนือ,324,5618
2025-04-16,SY-D-039,ภาคใต้,344,6402
2025-04-16,AG-E-052,กรุงเทพฯ,171,2768
2025-04-16,AG-E-052,ภาคกลาง,145,2156
2025-04-16,AG-E-052,ภาคตะวันออก,105,2051
2025-04-16,AG-E-052,ภาคเหนือ,89,1491
2025-04-16,AG-E-052,ภาคใต้,103,1872
2025-04-17,TK-A-001,กรุงเทพฯ,246,3786
2025-04-17,TK-A-001,ภาคกลาง,167,3454
2025-04-17,TK-A-001,ภาคตะวันออก,135,2552
2025-04-17,TK-A-001,ภาคเหนือ,127,2351
2025-04-17,TK-A-001,ภาคใต้,162,2647
2025-04-17,GL-B-014,กรุงเทพฯ,1108,23702
2025-04-17,GL-B-014,ภาคกลาง,880,18461
2025-04-17,GL-B-014,ภาคตะวันออก,627,11801
2025-04-17,GL-B-014,ภาคเหนือ,624,10139
2025-04-17,GL-B-014,ภาคใต้,828,13849
2025-04-17,MK-C-028,กรุงเทพฯ,884,15320
2025-04-17,MK-C-028,ภาคกลาง,695,11669
2025-04-17,MK-C-028,ภาคตะวันออก,457,8372
2025-04-17,MK-C-028,ภาคเหนือ,445,6884
2025-04-17,MK-C-028,ภาคใต้,545,10561
2025-04-17,SY-D-039,กรุงเทพฯ,525,10919
2025-04-17,SY-D-039,ภาคกลาง,462,7569
2025-04-17,SY-D-039,ภาคตะวันออก,339,6334
2025-04-17,SY-D-039,ภาคเหนือ,326,4881
2025-04-17,SY-D-039,ภาคใต้,362,6148
2025-04-17,AG-E-052,กรุงเทพฯ,164,3027
2025-04-17,AG-E-052,ภาคกลาง,139,2402
2025-04-17,AG-E-052,ภาคตะวันออก,91,1779
2025-04-17,AG-E-052,ภาคเหนือ,86,1851
2025-04-17,AG-E-052,ภาคใต้,120,1735
2025-04-18,TK-A-001,กรุงเทพฯ,236,4285
2025-04-18,TK-A-001,ภาคกลาง,171,3240
2025-04-18,TK-A-001,ภาคตะวันออก,136,2353
2025-04-18,TK-A-001,ภาคเหนือ,109,1852
2025-04-18,TK-A-001,ภาคใต้,148,2986
2025-04-18,GL-B-014,กรุงเทพฯ,1211,19240
2025-04-18,GL-B-014,ภาคกลาง,852,14224
2025-04-18,GL-B-014,ภาคตะวันออก,693,13945
2025-04-18,GL-B-014,ภาคเหนือ,594,11623
2025-04-18,GL-B-014,ภาคใต้,766,13092
2025-04-18,MK-C-028,กรุงเทพฯ,846,15880
2025-04-18,MK-C-028,ภาคกลาง,715,13077
2025-04-18,MK-C-028,ภาคตะวันออก,504,9483
2025-04-18,MK-C-028,ภาคเหนือ,479,8600
2025-04-18,MK-C-028,ภาคใต้,542,9815
2025-04-18,SY-D-039,กรุงเทพฯ,536,10310
2025-04-18,SY-D-039,ภาคกลาง,415,8946
2025-04-18,SY-D-039,ภาคตะวันออก,329,6277
2025-04-18,SY-D-039,ภาคเหนือ,275,4803
2025-04-18,SY-D-039,ภาคใต้,374,5867
2025-04-18,AG-E-052,กรุงเทพฯ,179,2618
2025-04-18,AG-E-052,ภาคกลาง,125,2346
2025-04-18,AG-E-052,ภาคตะวันออก,110,1606
2025-04-18,AG-E-052,ภาคเหนือ,97,1588
2025-04-18,AG-E-052,ภาคใต้,111,2247
2025-04-19,TK-A-001,กรุงเทพฯ,230,3508
2025-04-19,TK-A-001,ภาคกลาง,190,2975
2025-04-19,TK-A-001,ภาคตะวันออก,140,2122
2025-04-19,TK-A-001,ภาคเหนือ,125,2398
2025-04-19,TK-A-001,ภาคใต้,146,2303
2025-04-19,GL-B-014,กรุงเทพฯ,1054,18972
2025-04-19,GL-B-014,ภาคกลาง,923,17943
2025-04-19,GL-B-014,ภาคตะวันออก,756,11477
2025-04-19,GL-B-014,ภาคเหนือ,680,9737
2025-04-19,GL-B-014,ภาคใต้,832,13493
2025-04-19,MK-C-028,กรุงเทพฯ,802,17405
2025-04-19,MK-C-028,ภาคกลาง,719,11461
2025-04-19,MK-C-028,ภาคตะวันออก,538,10027
2025-04-19,MK-C-028,ภาคเหนือ,408,8560
2025-04-19,MK-C-028,ภาคใต้,530,11474
2025-04-19,SY-D-039,กรุงเทพฯ,564,9212
2025-04-19,SY-D-039,ภาคกลาง,417,7659
2025-04-19,SY-D-039,ภาคตะวันออก,329,6899
2025-04-19,SY-D-039,ภาคเหนือ,323,5198
2025-04-19,SY-D-039,ภาคใต้,358,7275
2025-04-19,AG-E-052,กรุงเทพฯ,182,3457
2025-04-19,AG-E-052,ภาคกลาง,139,2378
2025-04-19,AG-E-052,ภาคตะวันออก,110,1583
2025-04-19,AG-E-052,ภาคเหนือ,94,1740
2025-04-19,AG-E-052,ภาคใต้,104,2275
2025-04-20,TK-A-001,กรุงเทพฯ,213,4572
2025-04-20,TK-A-001,ภาคกลาง,186,3249
2025-04-20,TK-A-001,ภาคตะวันออก,140,2520
2025-04-20,TK-A-001,ภาคเหนือ,124,2245
2025-04-20,TK-A-001,ภาคใต้,135,2957
2025-04-20,GL-B-014,กรุงเทพฯ,1205,23726
2025-04-20,GL-B-014,ภาคกลาง,931,15247
2025-04-20,GL-B-014,ภาคตะวันออก,750,13657
2025-04-20,GL-B-014,ภาคเหนือ,591,12247
2025-04-20,GL-B-014,ภาคใต้,797,14613
2025-04-20,MK-C-028,กรุงเทพฯ,788,13483
2025-04-20,MK-C-028,ภาคกลาง,663,12285
2025-04-20,MK-C-028,ภาคตะวันออก,524,9559
2025-04-20,MK-C-028,ภาคเหนือ,418,8378
2025-04-20,MK-C-028,ภาคใต้,563,9001
2025-04-20,SY-D-039,กรุงเทพฯ,610,8595
2025-04-20,SY-D-039,ภาคกลาง,432,8001
2025-04-20,SY-D-039,ภาคตะวันออก,331,5922
2025-04-20,SY-D-039,ภาคเหนือ,304,4810
2025-04-20,SY-D-039,ภาคใต้,352,6041
2025-04-20,AG-E-052,กรุงเทพฯ,176,2580
2025-04-20,AG-E-052,ภาคกลาง,132,2473
2025-04-20,AG-E-052,ภาคตะวันออก,111,1630
2025-04-20,AG-E-052,ภาคเหนือ,96,1375
2025-04-20,AG-E-052,ภาคใต้,106,2191
2025-04-21,TK-A-001,กรุงเทพฯ,230,3449
2025-04-21,TK-A-001,ภาคกลาง,175,3700
2025-04-21,TK-A-001,ภาคตะวันออก,134,2084
2025-04-21,TK-A-001,ภาคเหนือ,128,2405
2025-04-21,TK-A-001,ภาคใต้,146,2344
2025-04-21,GL-B-014,กรุงเทพฯ,1251,22378
2025-04-21,GL-B-014,ภาคกลาง,973,14258
2025-04-21,GL-B-014,ภาคตะวันออก,761,13117
2025-04-21,GL-B-014,ภาคเหนือ,630,11439
2025-04-21,GL-B-014,ภาคใต้,817,12750
2025-04-21,MK-C-028,กรุงเทพฯ,851,13380
2025-04-21,MK-C-028,ภาคกลาง,652,11052
2025-04-21,MK-C-028,ภาคตะวันออก,492,9083
2025-04-21,MK-C-028,ภาคเหนือ,493,6925
2025-04-21,MK-C-028,ภาคใต้,514,9466
2025-04-21,SY-D-039,กรุงเทพฯ,585,10732
2025-04-21,SY-D-039,ภาคกลาง,479,8272
2025-04-21,SY-D-039,ภาคตะวันออก,361,6100
2025-04-21,SY-D-039,ภาคเหนือ,286,4661
2025-04-21,SY-D-039,ภาคใต้,352,6775
2025-04-21,AG-E-052,กรุงเทพฯ,177,3161
2025-04-21,AG-E-052,ภาคกลาง,145,2523
2025-04-21,AG-E-052,ภาคตะวันออก,111,1799
2025-04-21,AG-E-052,ภาคเหนือ,96,1432
2025-04-21,AG-E-052,ภาคใต้,116,2300
2025-04-22,TK-A-001,กรุงเทพฯ,227,3954
2025-04-22,TK-A-001,ภาคกลาง,181,3264
2025-04-22,TK-A-001,ภาคตะวันออก,127,2678
2025-04-22,TK-A-001,ภาคเหนือ,119,1846
2025-04-22,TK-A-001,ภาคใต้,138,2688
2025-04-22,GL-B-014,กรุงเทพฯ,1261,23019
2025-04-22,GL-B-014,ภาคกลาง,846,16459
2025-04-22,GL-B-014,ภาคตะวันออก,728,12925
2025-04-22,GL-B-014,ภาคเหนือ,642,10062
2025-04-22,GL-B-014,ภาคใต้,810,14157
2025-04-22,MK-C-028,กรุงเทพฯ,927,15049
2025-04-22,MK-C-028,ภาคกลาง,671,10935
2025-04-22,MK-C-028,ภาคตะวันออก,467,9402
2025-04-22,MK-C-028,ภาคเหนือ,428,8584
2025-04-22,MK-C-028,ภาคใต้,548,9904
2025-04-22,SY-D-039,กรุงเทพฯ,566,10299
2025-04-22,SY-D-039,ภาคกลาง,417,8161
2025-04-22,SY-D-039,ภาคตะวันออก,340,6577
2025-04-22,SY-D-039,ภาคเหนือ,272,5871
2025-04-22,SY-D-039,ภาคใต้,374,7745
2025-04-22,AG-E-052,กรุงเทพฯ,166,3433
2025-04-22,AG-E-052,ภาคกลาง,142,2541
2025-04-22,AG-E-052,ภาคตะวันออก,97,1987
2025-04-22,AG-E-052,ภาคเหนือ,83,1569
2025-04-22,AG-E-052,ภาคใต้,120,2063
2025-04-23,TK-A-001,กรุงเทพฯ,217,4436
2025-04-23,TK-A-001,ภาคกลาง,191,2846
2025-04-23,TK-A-001,ภาคตะวันออก,134,2099
2025-04-23,TK-A-001,ภาคเหนือ,124,1930
2025-04-23,TK-A-001,ภาคใต้,144,3027
2025-04-23,GL-B-014,กรุงเทพฯ,1218,18509
2025-04-23,GL-B-014,ภาคกลาง,921,16727
2025-04-23,GL-B-014,ภาคตะวันออก,749,12570
2025-04-23,GL-B-014,ภาคเหนือ,646,11338
2025-04-23,GL-B-014,ภาคใต้,814,13456
2025-04-23,MK-C-028,กรุงเทพฯ,777,16828
2025-04-23,MK-C-028,ภาคกลาง,685,11980
2025-04-23,MK-C-028,ภาคตะวันออก,474,9335
2025-04-23,MK-C-028,ภาคเหนือ,425,8175
2025-04-23,MK-C-028,ภาคใต้,527,9712
2025-04-23,SY-D-039,กรุงเทพฯ,555,10166
2025-04-23,SY-D-039,ภาคกลาง,423,7980
2025-04-23,SY-D-039,ภาคตะวันออก,333,5506
2025-04-23,SY-D-039,ภาคเหนือ,304,4992
2025-04-23,SY-D-039,ภาคใต้,349,6614
2025-04-23,AG-E-052,กรุงเทพฯ,184,2640
2025-04-23,AG-E-052,ภาคกลาง,145,2541
2025-04-23,AG-E-052,ภาคตะวันออก,92,2070
2025-04-23,AG-E-052,ภาคเหนือ,82,1633
2025-04-23,AG-E-052,ภาคใต้,118,2251
2025-04-24,TK-A-001,กรุงเทพฯ,227,3917
2025-04-24,TK-A-001,ภาคกลาง,194,3369
2025-04-24,TK-A-001,ภาคตะวันออก,139,2671
2025-04-24,TK-A-001,ภาคเหนือ,128,2019
2025-04-24,TK-A-001,ภาคใต้,149,2565
2025-04-24,GL-B-014,กรุงเทพฯ,1178,23888
2025-04-24,GL-B-014,ภาคกลาง,927,14480
2025-04-24,GL-B-014,ภาคตะวันออก,651,12137
2025-04-24,GL-B-014,ภาคเหนือ,680,9519
2025-04-24,GL-B-014,ภาคใต้,788,13240
2025-04-24,MK-C-028,กรุงเทพฯ,878,14559
2025-04-24,MK-C-028,ภาคกลาง,644,10397
2025-04-24,MK-C-028,ภาคตะวันออก,505,9045
2025-04-24,MK-C-028,ภาคเหนือ,443,7341
2025-04-24,MK-C-028,ภาคใต้,614,11577
2025-04-24,SY-D-039,กรุงเทพฯ,614,8866
2025-04-24,SY-D-039,ภาคกลาง,485,6993
2025-04-24,SY-D-039,ภาคตะวันออก,322,6802
2025-04-24,SY-D-039,ภาคเหนือ,288,5484
2025-04-24,SY-D-039,ภาคใต้,379,6236
2025-04-24,AG-E-052,กรุงเทพฯ,162,3369
2025-04-24,AG-E-052,ภาคกลาง,128,2621
2025-04-24,AG-E-052,ภาคตะวันออก,93,1768
2025-04-24,AG-E-052,ภาคเหนือ,92,1810
2025-04-24,AG-E-052,ภาคใต้,119,1882
2025-04-25,TK-A-001,กรุงเทพฯ,209,3955
2025-04-25,TK-A-001,ภาคกลาง,197,3265
2025-04-25,TK-A-001,ภาคตะวันออก,131,2374
2025-04-25,TK-A-001,ภาคเหนือ,110,2463
2025-04-25,TK-A-001,ภาคใต้,164,2734
2025-04-25,GL-B-014,กรุงเทพฯ,1275,20512
2025-04-25,GL-B-014,ภาคกลาง,912,18604
2025-04-25,GL-B-014,ภาคตะวันออก,700,10806
2025-04-25,GL-B-014,ภาคเหนือ,635,12279
2025-04-25,GL-B-014,ภาคใต้,805,15294
2025-04-25,MK-C-028,กรุงเทพฯ,814,16560
2025-04-25,MK-C-028,ภาคกลาง,728,13023
2025-04-25,MK-C-028,ภาคตะวันออก,513,8760
2025-04-25,MK-C-028,ภาคเหนือ,435,9327
2025-04-25,MK-C-028,ภาคใต้,583,10271
2025-04-25,SY-D-039,กรุงเทพฯ,556,8967
2025-04-25,SY-D-039,ภาคกลาง,478,7440
2025-04-25,SY-D-039,ภาคตะวันออก,310,5553
2025-04-25,SY-D-039,ภาคเหนือ,303,5814
2025-04-25,SY-D-039,ภาคใต้,402,6664
2025-04-25,AG-E-052,กรุงเทพฯ,169,2969
2025-04-25,AG-E-052,ภาคกลาง,134,2562
2025-04-25,AG-E-052,ภาคตะวันออก,105,1671
2025-04-25,AG-E-052,ภาคเหนือ,88,1619
2025-04-25,AG-E-052,ภาคใต้,105,1830
2025-04-26,TK-A-001,กรุงเทพฯ,224,4087
2025-04-26,TK-A-001,ภาคกลาง,171,2838
2025-04-26,TK-A-001,ภาคตะวันออก,124,2445
2025-04-26,TK-A-001,ภาคเหนือ,116,2162
2025-04-26,TK-A-001,ภาคใต้,145,2692
2025-04-26,GL-B-014,กรุงเทพฯ,1283,19538
2025-04-26,GL-B-014,ภาคกลาง,996,15157
2025-04-26,GL-B-014,ภาคตะวันออก,766,10839
2025-04-26,GL-B-014,ภาคเหนือ,657,10945
2025-04-26,GL-B-014,ภาคใต้,737,13255
2025-04-26,MK-C-028,กรุงเทพฯ,903,14036
2025-04-26,MK-C-028,ภาคกลาง,644,11562
2025-04-26,MK-C-028,ภาคตะวันออก,531,9689
2025-04-26,MK-C-028,ภาคเหนือ,416,8067
2025-04-26,MK-C-028,ภาคใต้,601,8682
2025-04-26,SY-D-039,กรุงเทพฯ,509,9435
2025-04-26,SY-D-039,ภาคกลาง,481,7562
2025-04-26,SY-D-039,ภาคตะวันออก,344,5317
2025-04-26,SY-D-039,ภาคเหนือ,303,5760
2025-04-26,SY-D-039,ภาคใต้,391,7634
2025-04-26,AG-E-052,กรุงเทพฯ,159,3220
2025-04-26,AG-E-052,ภาคกลาง,148,2305
2025-04-26,AG-E-052,ภาคตะวันออก,94,1838
2025-04-26,AG-E-052,ภาคเหนือ,99,1733
2025-04-26,AG-E-052,ภาคใต้,106,2261
2025-04-27,TK-A-001,กรุงเทพฯ,205,3807
2025-04-27,TK-A-001,ภาคกลาง,192,3316
2025-04-27,TK-A-001,ภาคตะวันออก,145,2690
2025-04-27,TK-A-001,ภาคเหนือ,114,2297
2025-04-27,TK-A-001,ภาคใต้,153,2550
2025-04-27,GL-B-014,กรุงเทพฯ,1124,21960
2025-04-27,GL-B-014,ภาคกลาง,878,19336
2025-04-27,GL-B-014,ภาคตะวันออก,697,12100
2025-04-27,GL-B-014,ภาคเหนือ,650,11512
2025-04-27,GL-B-014,ภาคใต้,800,15295
2025-04-27,MK-C-028,กรุงเทพฯ,799,15357
2025-04-27,MK-C-028,ภาคกลาง,626,12809
2025-04-27,MK-C-028,ภาคตะวันออก,515,8500
2025-04-27,MK-C-028,ภาคเหนือ,473,8528
2025-04-27,MK-C-028,ภาคใต้,515,10852
2025-04-27,SY-D-039,กรุงเทพฯ,520,11586
2025-04-27,SY-D-039,ภาคกลาง,463,8394
2025-04-27,SY-D-039,ภาคตะวันออก,326,6334
2025-04-27,SY-D-039,ภาคเหนือ,286,5595
2025-04-27,SY-D-039,ภาคใต้,362,5878
2025-04-27,AG-E-052,กรุงเทพฯ,175,3219
2025-04-27,AG-E-052,ภาคกลาง,140,2726
2025-04-27,AG-E-052,ภาคตะวันออก,104,2032
2025-04-27,AG-E-052,ภาคเหนือ,93,1782
2025-04-27,AG-E-052,ภาคใต้,106,1885
2025-04-28,TK-A-001,กรุงเทพฯ,230,3726
2025-04-28,TK-A-001,ภาคกลาง,193,2992
2025-04-28,TK-A-001,ภาคตะวันออก,128,2557
2025-04-28,TK-A-001,ภาคเหนือ,119,1849
2025-04-28,TK-A-001,ภาคใต้,145,2779
2025-04-28,GL-B-014,กรุงเทพฯ,1117,18285
2025-04-28,GL-B-014,ภาคกลาง,968,18344
2025-04-28,GL-B-014,ภาคตะวันออก,754,11024
2025-04-28,GL-B-014,ภาคเหนือ,641,11475
2025-04-28,GL-B-014,ภาคใต้,837,13396
2025-04-28,MK-C-028,กรุงเทพฯ,835,14723
2025-04-28,MK-C-028,ภาคกลาง,690,13825
2025-04-28,MK-C-028,ภาคตะวันออก,552,9674
2025-04-28,MK-C-028,ภาคเหนือ,418,9183
2025-04-28,MK-C-028,ภาคใต้,512,9669
2025-04-28,SY-D-039,กรุงเทพฯ,587,10287
2025-04-28,SY-D-039,ภาคกลาง,433,7710
2025-04-28,SY-D-039,ภาคตะวันออก,365,5299
2025-04-28,SY-D-039,ภาคเหนือ,312,4788
2025-04-28,SY-D-039,ภาคใต้,400,7352
2025-04-28,AG-E-052,กรุงเทพฯ,180,3236
2025-04-28,AG-E-052,ภาคกลาง,140,2328
2025-04-28,AG-E-052,ภาคตะวันออก,105,1664
2025-04-28,AG-E-052,ภาคเหนือ,96,1545
2025-04-28,AG-E-052,ภาคใต้,122,2044
2025-04-29,TK-A-001,กรุงเทพฯ,226,4547
2025-04-29,TK-A-001,ภาคกลาง,199,3229
2025-04-29,TK-A-001,ภาคตะวันออก,126,2601
2025-04-29,TK-A-001,ภาคเหนือ,119,2137
2025-04-29,TK-A-001,ภาคใต้,146,2973
2025-04-29,GL-B-014,กรุงเทพฯ,1264,19972
2025-04-29,GL-B-014,ภาคกลาง,845,17941
2025-04-29,GL-B-014,ภาคตะวันออก,697,12452
2025-04-29,GL-B-014,ภาคเหนือ,570,9921
2025-04-29,GL-B-014,ภาคใต้,808,14766
2025-04-29,MK-C-028,กรุงเทพฯ,873,13624
2025-04-29,MK-C-028,ภาคกลาง,671,13705
2025-04-29,MK-C-028,ภาคตะวันออก,465,9832
2025-04-29,MK-C-028,ภาคเหนือ,438,8551
2025-04-29,MK-C-028,ภาคใต้,564,11150
2025-04-29,SY-D-039,กรุงเทพฯ,604,10183
2025-04-29,SY-D-039,ภาคกลาง,430,7154
2025-04-29,SY-D-039,ภาคตะวันออก,336,5783
2025-04-29,SY-D-039,ภาคเหนือ,324,6210
2025-04-29,SY-D-039,ภาคใต้,397,5814
2025-04-29,AG-E-052,กรุงเทพฯ,181,3287
2025-04-29,AG-E-052,ภาคกลาง,123,2753
2025-04-29,AG-E-052,ภาคตะวันออก,94,2064
2025-04-29,AG-E-052,ภาคเหนือ,92,1820
2025-04-29,AG-E-052,ภาคใต้,114,2074
2025-04-30,TK-A-001,กรุงเทพฯ,224,3721
2025-04-30,TK-A-001,ภาคกลาง,180,3729
2025-04-30,TK-A-001,ภาคตะวันออก,140,2464
2025-04-30,TK-A-001,ภาคเหนือ,115,1856
2025-04-30,TK-A-001,ภาคใต้,150,2658
2025-04-30,GL-B-014,กรุงเทพฯ,1113,23057
2025-04-30,GL-B-014,ภาคกลาง,869,17050
2025-04-30,GL-B-014,ภาคตะวันออก,737,14310
2025-04-30,GL-B-014,ภาคเหนือ,597,10044
2025-04-30,GL-B-014,ภาคใต้,833,12078
2025-04-30,MK-C-028,กรุงเทพฯ,898,16329
2025-04-30,MK-C-028,ภาคกลาง,631,12354
2025-04-30,MK-C-028,ภาคตะวันออก,528,10353
2025-04-30,MK-C-028,ภาคเหนือ,419,7143
2025-04-30,MK-C-028,ภาคใต้,610,11315
2025-04-30,SY-D-039,กรุงเทพฯ,595,10678
2025-04-30,SY-D-039,ภาคกลาง,424,8820
2025-04-30,SY-D-039,ภาคตะวันออก,340,6124
2025-04-30,SY-D-039,ภาคเหนือ,285,5186
2025-04-30,SY-D-039,ภาคใต้,413,6776
2025-04-30,AG-E-052,กรุงเทพฯ,164,2968
2025-04-30,AG-E-052,ภาคกลาง,136,2401
2025-04-30,AG-E-052,ภาคตะวันออก,95,1887
2025-04-30,AG-E-052,ภาคเหนือ,98,1613
2025-04-30,AG-E-052,ภาคใต้,124,1950
2025-05-01,TK-A-001,กรุงเทพฯ,243,4097
2025-05-01,TK-A-001,ภาคกลาง,185,3090
2025-05-01,TK-A-001,ภาคตะวันออก,138,2472
2025-05-01,TK-A-001,ภาคเหนือ,125,2421
2025-05-01,TK-A-001,ภาคใต้,143,3125
2025-05-01,GL-B-014,กรุงเทพฯ,1137,21559
2025-05-01,GL-B-014,ภาคกลาง,964,18054
2025-05-01,GL-B-014,ภาคตะวันออก,650,13117
2025-05-01,GL-B-014,ภาคเหนือ,633,10459
2025-05-01,GL-B-014,ภาคใต้,723,14535
2025-05-01,MK-C-028,กรุงเทพฯ,881,13415
2025-05-01,MK-C-028,ภาคกลาง,709,11204
2025-05-01,MK-C-028,ภาคตะวันออก,540,9524
2025-05-01,MK-C-028,ภาคเหนือ,498,8372
2025-05-01,MK-C-028,ภาคใต้,518,11082
2025-05-01,SY-D-039,กรุงเทพฯ,619,10384
2025-05-01,SY-D-039,ภาคกลาง,435,7846
2025-05-01,SY-D-039,ภาคตะวันออก,349,5248
2025-05-01,SY-D-039,ภาคเหนือ,297,5765
2025-05-01,SY-D-039,ภาคใต้,360,7790
2025-05-01,AG-E-052,กรุงเทพฯ,182,2825
2025-05-01,AG-E-052,ภาคกลาง,143,2196
2025-05-01,AG-E-052,ภาคตะวันออก,102,1669
2025-05-01,AG-E-052,ภาคเหนือ,91,1498
2025-05-01,AG-E-052,ภาคใต้,105,1817
2025-05-02,TK-A-001,กรุงเทพฯ,234,3490
2025-05-02,TK-A-001,ภาคกลาง,195,3071
2025-05-02,TK-A-001,ภาคตะวันออก,149,2229
2025-05-02,TK-A-001,ภาคเหนือ,129,1942
2025-05-02,TK-A-001,ภาคใต้,154,2623
2025-05-02,GL-B-014,กรุงเทพฯ,1285,18609
2025-05-02,GL-B-014,ภาคกลาง,997,17261
2025-05-02,GL-B-014,ภาคตะวันออก,665,14166
2025-05-02,GL-B-014,ภาคเหนือ,624,11277
2025-05-02,GL-B-014,ภาคใต้,823,14338
2025-05-02,MK-C-028,กรุงเทพฯ,823,13881
2025-05-02,MK-C-028,ภาคกลาง,678,11395
2025-05-02,MK-C-028,ภาคตะวันออก,525,9764
2025-05-02,MK-C-028,ภาคเหนือ,496,8257
2025-05-02,MK-C-028,ภาคใต้,588,9449
2025-05-02,SY-D-039,กรุงเทพฯ,547,9635
2025-05-02,SY-D-039,ภาคกลาง,436,8659
2025-05-02,SY-D-039,ภาคตะวันออก,366,5558
2025-05-02,SY-D-039,ภาคเหนือ,327,5247
2025-05-02,SY-D-039,ภาคใต้,373,6965
2025-05-02,AG-E-052,กรุงเทพฯ,172,3333
2025-05-02,AG-E-052,ภาคกลาง,143,2597
2025-05-02,AG-E-052,ภาคตะวันออก,93,1794
2025-05-02,AG-E-052,ภาคเหนือ,88,1731
2025-05-02,AG-E-052,ภาคใต้,105,2280
2025-05-03,TK-A-001,กรุงเทพฯ,236,3764
2025-05-03,TK-A-001,ภาคกลาง,171,2896
2025-05-03,TK-A-001,ภาคตะวันออก,144,2320
2025-05-03,TK-A-001,ภาคเหนือ,116,2034
2025-05-03,TK-A-001,ภาคใต้,140,2573
2025-05-03,GL-B-014,กรุงเทพฯ,1252,21555
2025-05-03,GL-B-014,ภาคกลาง,1011,15995
2025-05-03,GL-B-014,ภาคตะวันออก,763,11780
2025-05-03,GL-B-014,ภาคเหนือ,679,10962
2025-05-03,GL-B-014,ภาคใต้,842,14036
2025-05-03,MK-C-028,กรุงเทพฯ,870,14690
2025-05-03,MK-C-028,ภาคกลาง,663,12663
2025-05-03,MK-C-028,ภาคตะวันออก,552,10353
2025-05-03,MK-C-028,ภาคเหนือ,424,7733
2025-05-03,MK-C-028,ภาคใต้,616,10905
2025-05-03,SY-D-039,กรุงเทพฯ,590,10972
2025-05-03,SY-D-039,ภาคกลาง,418,7934
2025-05-03,SY-D-039,ภาคตะวันออก,357,5418
2025-05-03,SY-D-039,ภาคเหนือ,307,5436
2025-05-03,SY-D-039,ภาคใต้,400,7557
2025-05-03,AG-E-052,กรุงเทพฯ,169,2767
2025-05-03,AG-E-052,ภาคกลาง,131,2268
2025-05-03,AG-E-052,ภาคตะวันออก,97,1576
2025-05-03,AG-E-052,ภาคเหนือ,92,1765
2025-05-03,AG-E-052,ภาคใต้,105,1849
2025-05-04,TK-A-001,กรุงเทพฯ,240,4668
2025-05-04,TK-A-001,ภาคกลาง,180,3511
2025-05-04,TK-A-001,ภาคตะวันออก,128,2492
2025-05-04,TK-A-001,ภาคเหนือ,117,1982
2025-05-04,TK-A-001,ภาคใต้,160,2890
2025-05-04,GL-B-014,กรุงเทพฯ,1290,19483
2025-05-04,GL-B-014,ภาคกลาง,971,14914
2025-05-04,GL-B-014,ภาคตะวันออก,749,12015
2025-05-04,GL-B-014,ภาคเหนือ,601,10281
2025-05-04,GL-B-014,ภาคใต้,824,14916
2025-05-04,MK-C-028,กรุงเทพฯ,925,14992
2025-05-04,MK-C-028,ภาคกลาง,721,13533
2025-05-04,MK-C-028,ภาคตะวันออก,501,9411
2025-05-04,MK-C-028,ภาคเหนือ,444,8424
2025-05-04,MK-C-028,ภาคใต้,569,10856
2025-05-04,SY-D-039,กรุงเทพฯ,568,9647
2025-05-04,SY-D-039,ภาคกลาง,495,9307
2025-05-04,SY-D-039,ภาคตะวันออก,323,6684
2025-05-04,SY-D-039,ภาคเหนือ,274,5127
2025-05-04,SY-D-039,ภาคใต้,367,5881
2025-05-04,AG-E-052,กรุงเทพฯ,168,2775
2025-05-04,AG-E-052,ภาคกลาง,126,2709
2025-05-04,AG-E-052,ภาคตะวันออก,107,1817
2025-05-04,AG-E-052,ภาคเหนือ,92,1807
2025-05-04,AG-E-052,ภาคใต้,120,1827
2025-05-05,TK-A-001,กรุงเทพฯ,226,4307
2025-05-05,TK-A-001,ภาคกลาง,176,3636
2025-05-05,TK-A-001,ภาคตะวันออก,133,2169
2025-05-05,TK-A-001,ภาคเหนือ,120,1869
2025-05-05,TK-A-001,ภาคใต้,138,2779
2025-05-05,GL-B-014,กรุงเทพฯ,1157,18237
2025-05-05,GL-B-014,ภาคกลาง,1021,15281
2025-05-05,GL-B-014,ภาคตะวันออก,678,11923
2025-05-05,GL-B-014,ภาคเหนือ,610,11060
2025-05-05,GL-B-014,ภาคใต้,792,14075
2025-05-05,MK-C-028,กรุงเทพฯ,870,13267
2025-05-05,MK-C-028,ภาคกลาง,708,12673
2025-05-05,MK-C-028,ภาคตะวันออก,521,9123
2025-05-05,MK-C-028,ภาคเหนือ,494,8749
2025-05-05,MK-C-028,ภาคใต้,609,9899
2025-05-05,SY-D-039,กรุงเทพฯ,579,9833
2025-05-05,SY-D-039,ภาคกลาง,489,9412
2025-05-05,SY-D-039,ภาคตะวันออก,330,5311
2025-05-05,SY-D-039,ภาคเหนือ,321,6053
2025-05-05,SY-D-039,ภาคใต้,403,6359
2025-05-05,AG-E-052,กรุงเทพฯ,170,3301
2025-05-05,AG-E-052,ภาคกลาง,127,2226
2025-05-05,AG-E-052,ภาคตะวันออก,97,1976
2025-05-05,AG-E-052,ภาคเหนือ,87,1656
2025-05-05,AG-E-052,ภาคใต้,111,1978
2025-05-06,TK-A-001,กรุงเทพฯ,218,4365
2025-05-06,TK-A-001,ภาคกลาง,171,3650
2025-05-06,TK-A-001,ภาคตะวันออก,128,2830
2025-05-06,TK-A-001,ภาคเหนือ,116,2094
2025-05-06,TK-A-001,ภาคใต้,150,2575
2025-05-06,GL-B-014,กรุงเทพฯ,1119,24054
2025-05-06,GL-B-014,ภาคกลาง,968,14541
2025-05-06,GL-B-014,ภาคตะวันออก,688,11044
2025-05-06,GL-B-014,ภาคเหนือ,576,12281
2025-05-06,GL-B-014,ภาคใต้,727,12203
2025-05-06,MK-C-028,กรุงเทพฯ,913,14063
2025-05-06,MK-C-028,ภาคกลาง,715,11685
2025-05-06,MK-C-028,ภาคตะวันออก,543,7857
2025-05-06,MK-C-028,ภาคเหนือ,414,8291
2025-05-06,MK-C-028,ภาคใต้,597,11556
2025-05-06,SY-D-039,กรุงเทพฯ,622,9391
2025-05-06,SY-D-039,ภาคกลาง,455,8221
2025-05-06,SY-D-039,ภาคตะวันออก,348,5732
2025-05-06,SY-D-039,ภาคเหนือ,307,5644
2025-05-06,SY-D-039,ภาคใต้,393,6021
2025-05-06,AG-E-052,กรุงเทพฯ,181,2651
2025-05-06,AG-E-052,ภาคกลาง,126,2170
2025-05-06,AG-E-052,ภาคตะวันออก,100,2108
2025-05-06,AG-E-052,ภาคเหนือ,90,1445
2025-05-06,AG-E-052,ภาคใต้,113,2268
2025-05-07,TK-A-001,กรุงเทพฯ,240,4358
2025-05-07,TK-A-001,ภาคกลาง,197,3719
2025-05-07,TK-A-001,ภาคตะวันออก,132,2693
2025-05-07,TK-A-001,ภาคเหนือ,129,2399
2025-05-07,TK-A-001,ภาคใต้,167,2889
2025-05-07,GL-B-014,กรุงเทพฯ,1104,20648
2025-05-07,GL-B-014,ภาคกลาง,1023,16077
2025-05-07,GL-B-014,ภาคตะวันออก,662,12213
2025-05-07,GL-B-014,ภาคเหนือ,646,9828
2025-05-07,GL-B-014,ภาคใต้,769,15701
2025-05-07,MK-C-028,กรุงเทพฯ,941,15920
2025-05-07,MK-C-028,ภาคกลาง,725,11277
2025-05-07,MK-C-028,ภาคตะวันออก,535,7891
2025-05-07,MK-C-028,ภาคเหนือ,478,8857
2025-05-07,MK-C-028,ภาคใต้,600,9252
2025-05-07,SY-D-039,กรุงเทพฯ,528,11684
2025-05-07,SY-D-039,ภาคกลาง,458,9312
2025-05-07,SY-D-039,ภาคตะวันออก,336,6602
2025-05-07,SY-D-039,ภาคเหนือ,308,4661
2025-05-07,SY-D-039,ภาคใต้,400,6628
2025-05-07,AG-E-052,กรุงเทพฯ,171,3430
2025-05-07,AG-E-052,ภาคกลาง,138,2580
2025-05-07,AG-E-052,ภาคตะวันออก,97,2081
2025-05-07,AG-E-052,ภาคเหนือ,85,1758
2025-05-07,AG-E-052,ภาคใต้,116,1835
2025-05-08,TK-A-001,กรุงเทพฯ,223,4015
2025-05-08,TK-A-001,ภาคกลาง,166,2918
2025-05-08,TK-A-001,ภาคตะวันออก,136,2534
2025-05-08,TK-A-001,ภาคเหนือ,114,2130
2025-05-08,TK-A-001,ภาคใต้,143,2862
2025-05-08,GL-B-014,กรุงเทพฯ,1082,19005
2025-05-08,GL-B-014,ภาคกลาง,944,18446
2025-05-08,GL-B-014,ภาคตะวันออก,716,14502
2025-05-08,GL-B-014,ภาคเหนือ,661,9994
2025-05-08,GL-B-014,ภาคใต้,752,12333
2025-05-08,MK-C-028,กรุงเทพฯ,883,17541
2025-05-08,MK-C-028,ภาคกลาง,744,11919
2025-05-08,MK-C-028,ภาคตะวันออก,497,7911
2025-05-08,MK-C-028,ภาคเหนือ,413,7120
2025-05-08,MK-C-028,ภาคใต้,622,8783
2025-05-08,SY-D-039,กรุงเทพฯ,525,10280
2025-05-08,SY-D-039,ภาคกลาง,425,7291
2025-05-08,SY-D-039,ภาคตะวันออก,328,5626
2025-05-08,SY-D-039,ภาคเหนือ,281,5251
2025-05-08,SY-D-039,ภาคใต้,389,7040
2025-05-08,AG-E-052,กรุงเทพฯ,180,3170
2025-05-08,AG-E-052,ภาคกลาง,133,2653
2025-05-08,AG-E-052,ภาคตะวันออก,108,2102
2025-05-08,AG-E-052,ภาคเหนือ,91,1405
2025-05-08,AG-E-052,ภาคใต้,111,2207
2025-05-09,TK-A-001,กรุงเทพฯ,207,4100
2025-05-09,TK-A-001,ภาคกลาง,189,2984
2025-05-09,TK-A-001,ภาคตะวันออก,138,2147
2025-05-09,TK-A-001,ภาคเหนือ,122,2233
2025-05-09,TK-A-001,ภาคใต้,153,2827
2025-05-09,GL-B-014,กรุงเทพฯ,1274,21657
2025-05-09,GL-B-014,ภาคกลาง,881,15404
2025-05-09,GL-B-014,ภาคตะวันออก,699,10908
2025-05-09,GL-B-014,ภาคเหนือ,667,12211
2025-05-09,GL-B-014,ภาคใต้,757,12801
2025-05-09,MK-C-028,กรุงเทพฯ,925,15256
2025-05-09,MK-C-028,ภาคกลาง,738,11468
2025-05-09,MK-C-028,ภาคตะวันออก,526,9300
2025-05-09,MK-C-028,ภาคเหนือ,493,7112
2025-05-09,MK-C-028,ภาคใต้,545,10154
2025-05-09,SY-D-039,กรุงเทพฯ,593,10456
2025-05-09,SY-D-039,ภาคกลาง,497,7157
2025-05-09,SY-D-039,ภาคตะวันออก,325,5642
2025-05-09,SY-D-039,ภาคเหนือ,300,5223
2025-05-09,SY-D-039,ภาคใต้,386,5916
2025-05-09,AG-E-052,กรุงเทพฯ,157,2870
2025-05-09,AG-E-052,ภาคกลาง,126,2602
2025-05-09,AG-E-052,ภาคตะวันออก,97,1760
2025-05-09,AG-E-052,ภาคเหนือ,98,1577
2025-05-09,AG-E-052,ภาคใต้,110,2362
2025-05-10,TK-A-001,กรุงเทพฯ,247,3687
2025-05-10,TK-A-001,ภาคกลาง,197,3279
2025-05-10,TK-A-001,ภาคตะวันออก,140,2117
2025-05-10,TK-A-001,ภาคเหนือ,112,2400
2025-05-10,TK-A-001,ภาคใต้,155,2826
2025-05-10,GL-B-014,กรุงเทพฯ,1128,22631
2025-05-10,GL-B-014,ภาคกลาง,884,17735
2025-05-10,GL-B-014,ภาคตะวันออก,759,14466
2025-05-10,GL-B-014,ภาคเหนือ,579,11755
2025-05-10,GL-B-014,ภาคใต้,812,12975
2025-05-10,MK-C-028,กรุงเทพฯ,866,17479
2025-05-10,MK-C-028,ภาคกลาง,654,12657
2025-05-10,MK-C-028,ภาคตะวันออก,499,9621
2025-05-10,MK-C-028,ภาคเหนือ,419,7406
2025-05-10,MK-C-028,ภาคใต้,541,10629
2025-05-10,SY-D-039,กรุงเทพฯ,537,10201
2025-05-10,SY-D-039,ภาคกลาง,503,9080
2025-05-10,SY-D-039,ภาคตะวันออก,329,6555
2025-05-10,SY-D-039,ภาคเหนือ,302,6220
2025-05-10,SY-D-039,ภาคใต้,353,7540
2025-05-10,AG-E-052,กรุงเทพฯ,165,2709
2025-05-10,AG-E-052,ภาคกลาง,130,2308
2025-05-10,AG-E-052,ภาคตะวันออก,99,1746
2025-05-10,AG-E-052,ภาคเหนือ,86,1688
2025-05-10,AG-E-052,ภาคใต้,108,2022
2025-05-11,TK-A-001,กรุงเทพฯ,212,3847
2025-05-11,TK-A-001,ภาคกลาง,201,3216
2025-05-11,TK-A-001,ภาคตะวันออก,144,2774
2025-05-11,TK-A-001,ภาคเหนือ,118,2277
2025-05-11,TK-A-001,ภาคใต้,166,3130
2025-05-11,GL-B-014,กรุงเทพฯ,1114,20780
2025-05-11,GL-B-014,ภาคกลาง,942,14811
2025-05-11,GL-B-014,ภาคตะวันออก,775,11855
2025-05-11,GL-B-014,ภาคเหนือ,661,12189
2025-05-11,GL-B-014,ภาคใต้,783,15452
2025-05-11,MK-C-028,กรุงเทพฯ,808,15909
2025-05-11,MK-C-028,ภาคกลาง,666,14092
2025-05-11,MK-C-028,ภาคตะวันออก,500,9955
2025-05-11,MK-C-028,ภาคเหนือ,461,7183
2025-05-11,MK-C-028,ภาคใต้,520,11172
2025-05-11,SY-D-039,กรุงเทพฯ,618,9275
2025-05-11,SY-D-039,ภาคกลาง,470,8714
2025-05-11,SY-D-039,ภาคตะวันออก,373,5914
2025-05-11,SY-D-039,ภาคเหนือ,293,5375
2025-05-11,SY-D-039,ภาคใต้,374,7525
2025-05-11,AG-E-052,กรุงเทพฯ,168,2721
2025-05-11,AG-E-052,ภาคกลาง,139,2590
2025-05-11,AG-E-052,ภาคตะวันออก,109,2127
2025-05-11,AG-E-052,ภาคเหนือ,90,1834
2025-05-11,AG-E-052,ภาคใต้,119,2250
2025-05-12,TK-A-001,กรุงเทพฯ,216,3574
2025-05-12,TK-A-001,ภาคกลาง,200,3765
2025-05-12,TK-A-001,ภาคตะวันออก,143,2559
2025-05-12,TK-A-001,ภาคเหนือ,113,2374
2025-05-12,TK-A-001,ภาคใต้,149,2871
2025-05-12,GL-B-014,กรุงเทพฯ,1099,22315
2025-05-12,GL-B-014,ภาคกลาง,969,18300
2025-05-12,GL-B-014,ภาคตะวันออก,766,11604
2025-05-12,GL-B-014,ภาคเหนือ,690,10781
2025-05-12,GL-B-014,ภาคใต้,852,12765
2025-05-12,MK-C-028,กรุงเทพฯ,896,14748
2025-05-12,MK-C-028,ภาคกลาง,673,10616
2025-05-12,MK-C-028,ภาคตะวันออก,466,8975
2025-05-12,MK-C-028,ภาคเหนือ,457,8928
2025-05-12,MK-C-028,ภาคใต้,551,10637
2025-05-12,SY-D-039,กรุงเทพฯ,586,10842
2025-05-12,SY-D-039,ภาคกลาง,482,9253
2025-05-12,SY-D-039,ภาคตะวันออก,319,6415
2025-05-12,SY-D-039,ภาคเหนือ,285,5302
2025-05-12,SY-D-039,ภาคใต้,378,5989
2025-05-12,AG-E-052,กรุงเทพฯ,168,3509
2025-05-12,AG-E-052,ภาคกลาง,147,2595
2025-05-12,AG-E-052,ภาคตะวันออก,96,1892
2025-05-12,AG-E-052,ภาคเหนือ,91,1453
2025-05-12,AG-E-052,ภาคใต้,107,2136
2025-05-13,TK-A-001,กรุงเทพฯ,235,4693
2025-05-13,TK-A-001,ภาคกลาง,171,3076
2025-05-13,TK-A-001,ภาคตะวันออก,134,2303
2025-05-13,TK-A-001,ภาคเหนือ,120,2456
2025-05-13,TK-A-001,ภาคใต้,151,2575
2025-05-13,GL-B-014,กรุงเทพฯ,1249,23402
2025-05-13,GL-B-014,ภาคกลาง,991,18071
2025-05-13,GL-B-014,ภาคตะวันออก,740,11739
2025-05-13,GL-B-014,ภาคเหนือ,655,9895
2025-05-13,GL-B-014,ภาคใต้,753,14499
2025-05-13,MK-C-028,กรุงเทพฯ,892,15416
2025-05-13,MK-C-028,ภาคกลาง,627,10882
2025-05-13,MK-C-028,ภาคตะวันออก,482,9491
2025-05-13,MK-C-028,ภาคเหนือ,469,8208
2025-05-13,MK-C-028,ภาคใต้,616,9763
2025-05-13,SY-D-039,กรุงเทพฯ,527,9418
2025-05-13,SY-D-039,ภาคกลาง,478,8204
2025-05-13,SY-D-039,ภาคตะวันออก,341,6418
2025-05-13,SY-D-039,ภาคเหนือ,277,5377
2025-05-13,SY-D-039,ภาคใต้,380,7115
2025-05-13,AG-E-052,กรุงเทพฯ,163,3298
2025-05-13,AG-E-052,ภาคกลาง,130,2369
2025-05-13,AG-E-052,ภาคตะวันออก,97,2035
2025-05-13,AG-E-052,ภาคเหนือ,85,1701
2025-05-13,AG-E-052,ภาคใต้,118,2150
2025-05-14,TK-A-001,กรุงเทพฯ,222,4032
2025-05-14,TK-A-001,ภาคกลาง,185,3703
2025-05-14,TK-A-001,ภาคตะวันออก,150,2418
2025-05-14,TK-A-001,ภาคเหนือ,129,2201
2025-05-14,TK-A-001,ภาคใต้,146,2997
2025-05-14,GL-B-014,กรุงเทพฯ,1171,20186
2025-05-14,GL-B-014,ภาคกลาง,1030,18553
2025-05-14,GL-B-014,ภาคตะวันออก,714,11782
2025-05-14,GL-B-014,ภาคเหนือ,573,10955
2025-05-14,GL-B-014,ภาคใต้,799,12863
2025-05-14,MK-C-028,กรุงเทพฯ,782,14341
2025-05-14,MK-C-028,ภาคกลาง,640,12716
2025-05-14,MK-C-028,ภาคตะวันออก,509,9240
2025-05-14,MK-C-028,ภาคเหนือ,427,8389
2025-05-14,MK-C-028,ภาคใต้,601,9778
2025-05-14,SY-D-039,กรุงเทพฯ,534,10336
2025-05-14,SY-D-039,ภาคกลาง,452,7388
2025-05-14,SY-D-039,ภาคตะวันออก,317,5794
2025-05-14,SY-D-039,ภาคเหนือ,314,5406
2025-05-14,SY-D-039,ภาคใต้,412,7647
2025-05-14,AG-E-052,กรุงเทพฯ,179,2872
2025-05-14,AG-E-052,ภาคกลาง,136,2220
2025-05-14,AG-E-052,ภาคตะวันออก,98,1995
2025-05-14,AG-E-052,ภาคเหนือ,93,1676
2025-05-14,AG-E-052,ภาคใต้,105,2041
2025-05-15,TK-A-001,กรุงเทพฯ,229,3883
2025-05-15,TK-A-001,ภาคกลาง,200,3487
2025-05-15,TK-A-001,ภาคตะวันออก,151,2662
2025-05-15,TK-A-001,ภาคเหนือ,117,2490
2025-05-15,TK-A-001,ภาคใต้,152,3160
2025-05-15,GL-B-014,กรุงเทพฯ,1207,20601
2025-05-15,GL-B-014,ภาคกลาง,970,17866
2025-05-15,GL-B-014,ภาคตะวันออก,698,14389
2025-05-15,GL-B-014,ภาคเหนือ,678,12037
2025-05-15,GL-B-014,ภาคใต้,818,15900
2025-05-15,MK-C-028,กรุงเทพฯ,862,15262
2025-05-15,MK-C-028,ภาคกลาง,724,10846
2025-05-15,MK-C-028,ภาคตะวันออก,468,9170
2025-05-15,MK-C-028,ภาคเหนือ,436,7453
2025-05-15,MK-C-028,ภาคใต้,575,10584
2025-05-15,SY-D-039,กรุงเทพฯ,587,11162
2025-05-15,SY-D-039,ภาคกลาง,483,8552
2025-05-15,SY-D-039,ภาคตะวันออก,379,7094
2025-05-15,SY-D-039,ภาคเหนือ,290,5286
2025-05-15,SY-D-039,ภาคใต้,348,7698
2025-05-15,AG-E-052,กรุงเทพฯ,157,3377
2025-05-15,AG-E-052,ภาคกลาง,134,2459
2025-05-15,AG-E-052,ภาคตะวันออก,102,2087
2025-05-15,AG-E-052,ภาคเหนือ,99,1808
2025-05-15,AG-E-052,ภาคใต้,119,1905
2025-05-16,TK-A-001,กรุงเทพฯ,238,4386
2025-05-16,TK-A-001,ภาคกลาง,172,3139
2025-05-16,TK-A-001,ภาคตะวันออก,140,2804
2025-05-16,TK-A-001,ภาคเหนือ,116,2159
2025-05-16,TK-A-001,ภาคใต้,155,3064
2025-05-16,GL-B-014,กรุงเทพฯ,1101,20174
2025-05-16,GL-B-014,ภาคกลาง,920,15181
2025-05-16,GL-B-014,ภาคตะวันออก,740,11074
2025-05-16,GL-B-014,ภาคเหนือ,580,11168
2025-05-16,GL-B-014,ภาคใต้,724,16187
2025-05-16,MK-C-028,กรุงเทพฯ,814,17839
2025-05-16,MK-C-028,ภาคกลาง,704,11401
2025-05-16,MK-C-028,ภาคตะวันออก,487,10687
2025-05-16,MK-C-028,ภาคเหนือ,442,9306
2025-05-16,MK-C-028,ภาคใต้,541,11651
2025-05-16,SY-D-039,กรุงเทพฯ,618,9236
2025-05-16,SY-D-039,ภาคกลาง,437,7054
2025-05-16,SY-D-039,ภาคตะวันออก,316,7002
2025-05-16,SY-D-039,ภาคเหนือ,307,6205
2025-05-16,SY-D-039,ภาคใต้,422,7658
2025-05-16,AG-E-052,กรุงเทพฯ,168,2946
2025-05-16,AG-E-052,ภาคกลาง,134,2528
2025-05-16,AG-E-052,ภาคตะวันออก,109,1768
2025-05-16,AG-E-052,ภาคเหนือ,101,1698
2025-05-16,AG-E-052,ภาคใต้,104,2086
2025-05-17,TK-A-001,กรุงเทพฯ,219,3942
2025-05-17,TK-A-001,ภาคกลาง,186,3159
2025-05-17,TK-A-001,ภาคตะวันออก,145,2194
2025-05-17,TK-A-001,ภาคเหนือ,131,1905
2025-05-17,TK-A-001,ภาคใต้,166,2474
2025-05-17,GL-B-014,กรุงเทพฯ,1200,19809
2025-05-17,GL-B-014,ภาคกลาง,868,18069
2025-05-17,GL-B-014,ภาคตะวันออก,647,11516
2025-05-17,GL-B-014,ภาคเหนือ,585,13090
2025-05-17,GL-B-014,ภาคใต้,747,14716
2025-05-17,MK-C-028,กรุงเทพฯ,802,13828
2025-05-17,MK-C-028,ภาคกลาง,669,13413
2025-05-17,MK-C-028,ภาคตะวันออก,497,10618
2025-05-17,MK-C-028,ภาคเหนือ,434,7359
2025-05-17,MK-C-028,ภาคใต้,610,9767
2025-05-17,SY-D-039,กรุงเทพฯ,606,11778
2025-05-17,SY-D-039,ภาคกลาง,435,8755
2025-05-17,SY-D-039,ภาคตะวันออก,316,6169
2025-05-17,SY-D-039,ภาคเหนือ,278,6095
2025-05-17,SY-D-039,ภาคใต้,380,6755
2025-05-17,AG-E-052,กรุงเทพฯ,162,3510
2025-05-17,AG-E-052,ภาคกลาง,146,2695
2025-05-17,AG-E-052,ภาคตะวันออก,100,1709
2025-05-17,AG-E-052,ภาคเหนือ,95,1749
2025-05-17,AG-E-052,ภาคใต้,121,2128
2025-05-18,TK-A-001,กรุงเทพฯ,235,3549
2025-05-18,TK-A-001,ภาคกลาง,180,2994
2025-05-18,TK-A-001,ภาคตะวันออก,145,2169
2025-05-18,TK-A-001,ภาคเหนือ,114,2538
2025-05-18,TK-A-001,ภาคใต้,159,2525
2025-05-18,GL-B-014,กรุงเทพฯ,1211,20583
2025-05-18,GL-B-014,ภาคกลาง,889,17729
2025-05-18,GL-B-014,ภาคตะวันออก,646,12810
2025-05-18,GL-B-014,ภาคเหนือ,583,11047
2025-05-18,GL-B-014,ภาคใต้,847,13925
2025-05-18,MK-C-028,กรุงเทพฯ,910,16284
2025-05-18,MK-C-028,ภาคกลาง,640,11988
2025-05-18,MK-C-028,ภาคตะวันออก,533,9120
2025-05-18,MK-C-028,ภาคเหนือ,421,7550
2025-05-18,MK-C-028,ภาคใต้,609,9869
2025-05-18,SY-D-039,กรุงเทพฯ,531,9231
2025-05-18,SY-D-039,ภาคกลาง,492,8637
2025-05-18,SY-D-039,ภาคตะวันออก,332,6245
2025-05-18,SY-D-039,ภาคเหนือ,291,6141
2025-05-18,SY-D-039,ภาคใต้,362,7832
2025-05-18,AG-E-052,กรุงเทพฯ,189,2859
2025-05-18,AG-E-052,ภาคกลาง,131,2855
2025-05-18,AG-E-052,ภาคตะวันออก,97,1921
2025-05-18,AG-E-052,ภาคเหนือ,90,1686
2025-05-18,AG-E-052,ภาคใต้,107,2096
2025-05-19,TK-A-001,กรุงเทพฯ,229,4010
2025-05-19,TK-A-001,ภาคกลาง,203,3759
2025-05-19,TK-A-001,ภาคตะวันออก,151,2460
2025-05-19,TK-A-001,ภาคเหนือ,123,1924
2025-05-19,TK-A-001,ภาคใต้,143,2465
2025-05-19,GL-B-014,กรุงเทพฯ,1094,18678
2025-05-19,GL-B-014,ภาคกลาง,1046,16406
2025-05-19,GL-B-014,ภาคตะวันออก,698,12415
2025-05-19,GL-B-014,ภาคเหนือ,624,10564
2025-05-19,GL-B-014,ภาคใต้,732,14127
2025-05-19,MK-C-028,กรุงเทพฯ,786,17640
2025-05-19,MK-C-028,ภาคกลาง,715,13545
2025-05-19,MK-C-028,ภาคตะวันออก,472,9292
2025-05-19,MK-C-028,ภาคเหนือ,476,7570
2025-05-19,MK-C-028,ภาคใต้,587,8926
2025-05-19,SY-D-039,กรุงเทพฯ,527,11373
2025-05-19,SY-D-039,ภาคกลาง,426,9289
2025-05-19,SY-D-039,ภาคตะวันออก,374,5644
2025-05-19,SY-D-039,ภาคเหนือ,334,6302
2025-05-19,SY-D-039,ภาคใต้,391,6977
2025-05-19,AG-E-052,กรุงเทพฯ,184,3231
2025-05-19,AG-E-052,ภาคกลาง,132,2137
2025-05-19,AG-E-052,ภาคตะวันออก,110,1759
2025-05-19,AG-E-052,ภาคเหนือ,100,1729
2025-05-19,AG-E-052,ภาคใต้,106,1796
2025-05-20,TK-A-001,กรุงเทพฯ,212,4611
2025-05-20,TK-A-001,ภาคกลาง,176,3769
2025-05-20,TK-A-001,ภาคตะวันออก,127,2454
2025-05-20,TK-A-001,ภาคเหนือ,127,2037
2025-05-20,TK-A-001,ภาคใต้,158,3141
2025-05-20,GL-B-014,กรุงเทพฯ,1235,20821
2025-05-20,GL-B-014,ภาคกลาง,1041,17669
2025-05-20,GL-B-014,ภาคตะวันออก,767,13494
2025-05-20,GL-B-014,ภาคเหนือ,670,9805
2025-05-20,GL-B-014,ภาคใต้,804,14325
2025-05-20,MK-C-028,กรุงเทพฯ,929,16045
2025-05-20,MK-C-028,ภาคกลาง,713,11876
2025-05-20,MK-C-028,ภาคตะวันออก,571,9541
2025-05-20,MK-C-028,ภาคเหนือ,465,8007
2025-05-20,MK-C-028,ภาคใต้,572,9554
2025-05-20,SY-D-039,กรุงเทพฯ,589,9419
2025-05-20,SY-D-039,ภาคกลาง,459,9062
2025-05-20,SY-D-039,ภาคตะวันออก,357,6667
2025-05-20,SY-D-039,ภาคเหนือ,300,5891
2025-05-20,SY-D-039,ภาคใต้,360,7338
2025-05-20,AG-E-052,กรุงเทพฯ,157,3135
2025-05-20,AG-E-052,ภาคกลาง,132,2457
2025-05-20,AG-E-052,ภาคตะวันออก,97,1969
2025-05-20,AG-E-052,ภาคเหนือ,95,1898
2025-05-20,AG-E-052,ภาคใต้,112,2240
2025-05-21,TK-A-001,กรุงเทพฯ,227,4197
2025-05-21,TK-A-001,ภาคกลาง,169,2840
2025-05-21,TK-A-001,ภาคตะวันออก,143,2150
2025-05-21,TK-A-001,ภาคเหนือ,112,2051
2025-05-21,TK-A-001,ภาคใต้,169,2595
2025-05-21,GL-B-014,กรุงเทพฯ,1122,21219
2025-05-21,GL-B-014,ภาคกลาง,884,17151
2025-05-21,GL-B-014,ภาคตะวันออก,649,13627
2025-05-21,GL-B-014,ภาคเหนือ,590,12881
2025-05-21,GL-B-014,ภาคใต้,774,12352
2025-05-21,MK-C-028,กรุงเทพฯ,782,15254
2025-05-21,MK-C-028,ภาคกลาง,741,13756
2025-05-21,MK-C-028,ภาคตะวันออก,530,8854
2025-05-21,MK-C-028,ภาคเหนือ,442,7880
2025-05-21,MK-C-028,ภาคใต้,565,11055
2025-05-21,SY-D-039,กรุงเทพฯ,626,10160
2025-05-21,SY-D-039,ภาคกลาง,437,7861
2025-05-21,SY-D-039,ภาคตะวันออก,361,6161
2025-05-21,SY-D-039,ภาคเหนือ,292,5626
2025-05-21,SY-D-039,ภาคใต้,353,7623
2025-05-21,AG-E-052,กรุงเทพฯ,170,2720
2025-05-21,AG-E-052,ภาคกลาง,143,2160
2025-05-21,AG-E-052,ภาคตะวันออก,109,1800
2025-05-21,AG-E-052,ภาคเหนือ,84,1741
2025-05-21,AG-E-052,ภาคใต้,121,2345
2025-05-22,TK-A-001,กรุงเทพฯ,240,4610
2025-05-22,TK-A-001,ภาคกลาง,167,2866
2025-05-22,TK-A-001,ภาคตะวันออก,126,2138
2025-05-22,TK-A-001,ภาคเหนือ,125,2196
2025-05-22,TK-A-001,ภาคใต้,146,2572
2025-05-22,GL-B-014,กรุงเทพฯ,1267,20372
2025-05-22,GL-B-014,ภาคกลาง,923,18457
2025-05-22,GL-B-014,ภาคตะวันออก,774,14714
2025-05-22,GL-B-014,ภาคเหนือ,579,11742
2025-05-22,GL-B-014,ภาคใต้,748,15531
2025-05-22,MK-C-028,กรุงเทพฯ,940,14583
2025-05-22,MK-C-028,ภาคกลาง,737,11037
2025-05-22,MK-C-028,ภาคตะวันออก,533,8545
2025-05-22,MK-C-028,ภาคเหนือ,446,9131
2025-05-22,MK-C-028,ภาคใต้,567,10487
2025-05-22,SY-D-039,กรุงเทพฯ,600,8956
2025-05-22,SY-D-039,ภาคกลาง,487,8387
2025-05-22,SY-D-039,ภาคตะวันออก,341,5726
2025-05-22,SY-D-039,ภาคเหนือ,320,5342
2025-05-22,SY-D-039,ภาคใต้,408,7287
2025-05-22,AG-E-052,กรุงเทพฯ,162,3255
2025-05-22,AG-E-052,ภาคกลาง,139,2756
2025-05-22,AG-E-052,ภาคตะวันออก,112,1672
2025-05-22,AG-E-052,ภาคเหนือ,91,1619
2025-05-22,AG-E-052,ภาคใต้,107,2374
2025-05-23,TK-A-001,กรุงเทพฯ,240,4432
2025-05-23,TK-A-001,ภาคกลาง,178,3598
2025-05-23,TK-A-001,ภาคตะวันออก,148,2202
2025-05-23,TK-A-001,ภาคเหนือ,114,2270
2025-05-23,TK-A-001,ภาคใต้,163,2701
2025-05-23,GL-B-014,กรุงเทพฯ,1164,23677
2025-05-23,GL-B-014,ภาคกลาง,922,16394
2025-05-23,GL-B-014,ภาคตะวันออก,751,12400
2025-05-23,GL-B-014,ภาคเหนือ,683,12401
2025-05-23,GL-B-014,ภาคใต้,836,14022
2025-05-23,MK-C-028,กรุงเทพฯ,847,13484
2025-05-23,MK-C-028,ภาคกลาง,693,11008
2025-05-23,MK-C-028,ภาคตะวันออก,479,10441
2025-05-23,MK-C-028,ภาคเหนือ,458,8977
2025-05-23,MK-C-028,ภาคใต้,635,10098
2025-05-23,SY-D-039,กรุงเทพฯ,601,9401
2025-05-23,SY-D-039,ภาคกลาง,442,8129
2025-05-23,SY-D-039,ภาคตะวันออก,314,6536
2025-05-23,SY-D-039,ภาคเหนือ,319,4840
2025-05-23,SY-D-039,ภาคใต้,378,6408
2025-05-23,AG-E-052,กรุงเทพฯ,184,2918
2025-05-23,AG-E-052,ภาคกลาง,148,2732
2025-05-23,AG-E-052,ภาคตะวันออก,96,2021
2025-05-23,AG-E-052,ภาคเหนือ,93,1746
2025-05-23,AG-E-052,ภาคใต้,111,2094
2025-05-24,TK-A-001,กรุงเทพฯ,222,4657
2025-05-24,TK-A-001,ภาคกลาง,174,2872
2025-05-24,TK-A-001,ภาคตะวันออก,150,2665
2025-05-24,TK-A-001,ภาคเหนือ,135,2299
2025-05-24,TK-A-001,ภาคใต้,150,2715
2025-05-24,GL-B-014,กรุงเทพฯ,1286,21722
2025-05-24,GL-B-014,ภาคกลาง,930,18290
2025-05-24,GL-B-014,ภาคตะวันออก,780,11143
2025-05-24,GL-B-014,ภาคเหนือ,685,11558
2025-05-24,GL-B-014,ภาคใต้,763,13826
2025-05-24,MK-C-028,กรุงเทพฯ,799,16926
2025-05-24,MK-C-028,ภาคกลาง,766,11236
2025-05-24,MK-C-028,ภาคตะวันออก,481,9077
2025-05-24,MK-C-028,ภาคเหนือ,478,7198
2025-05-24,MK-C-028,ภาคใต้,622,10830
2025-05-24,SY-D-039,กรุงเทพฯ,547,10142
2025-05-24,SY-D-039,ภาคกลาง,450,8829
2025-05-24,SY-D-039,ภาคตะวันออก,361,6098
2025-05-24,SY-D-039,ภาคเหนือ,298,4740
2025-05-24,SY-D-039,ภาคใต้,377,7599
2025-05-24,AG-E-052,กรุงเทพฯ,173,3294
2025-05-24,AG-E-052,ภาคกลาง,139,2282
2025-05-24,AG-E-052,ภาคตะวันออก,103,2161
2025-05-24,AG-E-052,ภาคเหนือ,102,1818
2025-05-24,AG-E-052,ภาคใต้,119,1860
2025-05-25,TK-A-001,กรุงเทพฯ,217,4423
2025-05-25,TK-A-001,ภาคกลาง,168,3007
2025-05-25,TK-A-001,ภาคตะวันออก,151,2396
2025-05-25,TK-A-001,ภาคเหนือ,115,2040
2025-05-25,TK-A-001,ภาคใต้,162,3012
2025-05-25,GL-B-014,กรุงเทพฯ,1124,21293
2025-05-25,GL-B-014,ภาคกลาง,932,17008
2025-05-25,GL-B-014,ภาคตะวันออก,652,14775
2025-05-25,GL-B-014,ภาคเหนือ,702,10739
2025-05-25,GL-B-014,ภาคใต้,876,16391
2025-05-25,MK-C-028,กรุงเทพฯ,887,17138
2025-05-25,MK-C-028,ภาคกลาง,656,13512
2025-05-25,MK-C-028,ภาคตะวันออก,522,9905
2025-05-25,MK-C-028,ภาคเหนือ,420,8319
2025-05-25,MK-C-028,ภาคใต้,548,11983
2025-05-25,SY-D-039,กรุงเทพฯ,547,10433
2025-05-25,SY-D-039,ภาคกลาง,467,7224
2025-05-25,SY-D-039,ภาคตะวันออก,332,6993
2025-05-25,SY-D-039,ภาคเหนือ,337,5976
2025-05-25,SY-D-039,ภาคใต้,370,7256
2025-05-25,AG-E-052,กรุงเทพฯ,166,2994
2025-05-25,AG-E-052,ภาคกลาง,146,2339
2025-05-25,AG-E-052,ภาคตะวันออก,113,2012
2025-05-25,AG-E-052,ภาคเหนือ,91,1444
2025-05-25,AG-E-052,ภาคใต้,124,1807
2025-05-26,TK-A-001,กรุงเทพฯ,226,3575
2025-05-26,TK-A-001,ภาคกลาง,193,3391
2025-05-26,TK-A-001,ภาคตะวันออก,139,2601
2025-05-26,TK-A-001,ภาคเหนือ,125,1908
2025-05-26,TK-A-001,ภาคใต้,170,2798
2025-05-26,GL-B-014,กรุงเทพฯ,1256,24838
2025-05-26,GL-B-014,ภาคกลาง,941,18703
2025-05-26,GL-B-014,ภาคตะวันออก,673,14035
2025-05-26,GL-B-014,ภาคเหนือ,602,12702
2025-05-26,GL-B-014,ภาคใต้,777,15641
2025-05-26,MK-C-028,กรุงเทพฯ,866,16614
2025-05-26,MK-C-028,ภาคกลาง,669,10735
2025-05-26,MK-C-028,ภาคตะวันออก,520,8506
2025-05-26,MK-C-028,ภาคเหนือ,462,8169
2025-05-26,MK-C-028,ภาคใต้,591,10337
2025-05-26,SY-D-039,กรุงเทพฯ,594,10421
2025-05-26,SY-D-039,ภาคกลาง,439,7250
2025-05-26,SY-D-039,ภาคตะวันออก,361,6279
2025-05-26,SY-D-039,ภาคเหนือ,320,6257
2025-05-26,SY-D-039,ภาคใต้,391,6181
2025-05-26,AG-E-052,กรุงเทพฯ,189,3038
2025-05-26,AG-E-052,ภาคกลาง,127,2339
2025-05-26,AG-E-052,ภาคตะวันออก,95,1800
2025-05-26,AG-E-052,ภาคเหนือ,94,1694
2025-05-26,AG-E-052,ภาคใต้,115,2025
2025-05-27,TK-A-001,กรุงเทพฯ,225,4213
2025-05-27,TK-A-001,ภาคกลาง,172,2989
2025-05-27,TK-A-001,ภาคตะวันออก,153,2766
2025-05-27,TK-A-001,ภาคเหนือ,116,2035
2025-05-27,TK-A-001,ภาคใต้,170,3011
2025-05-27,GL-B-014,กรุงเทพฯ,1245,24567
2025-05-27,GL-B-014,ภาคกลาง,933,18218
2025-05-27,GL-B-014,ภาคตะวันออก,729,12683
2025-05-27,GL-B-014,ภาคเหนือ,629,12449
2025-05-27,GL-B-014,ภาคใต้,838,16444
2025-05-27,MK-C-028,กรุงเทพฯ,866,16731
2025-05-27,MK-C-028,ภาคกลาง,665,12196
2025-05-27,MK-C-028,ภาคตะวันออก,478,9005
2025-05-27,MK-C-028,ภาคเหนือ,427,9207
2025-05-27,MK-C-028,ภาคใต้,616,9978
2025-05-27,SY-D-039,กรุงเทพฯ,629,10051
2025-05-27,SY-D-039,ภาคกลาง,509,8536
2025-05-27,SY-D-039,ภาคตะวันออก,327,6140
2025-05-27,SY-D-039,ภาคเหนือ,319,5907
2025-05-27,SY-D-039,ภาคใต้,380,6654
2025-05-27,AG-E-052,กรุงเทพฯ,185,2742
2025-05-27,AG-E-052,ภาคกลาง,149,2480
2025-05-27,AG-E-052,ภาคตะวันออก,110,1613
2025-05-27,AG-E-052,ภาคเหนือ,96,1883
2025-05-27,AG-E-052,ภาคใต้,120,2396
2025-05-28,TK-A-001,กรุงเทพฯ,215,4640
2025-05-28,TK-A-001,ภาคกลาง,185,3213
2025-05-28,TK-A-001,ภาคตะวันออก,130,2708
2025-05-28,TK-A-001,ภาคเหนือ,114,2468
2025-05-28,TK-A-001,ภาคใต้,151,3210
2025-05-28,GL-B-014,กรุงเทพฯ,1231,21720
2025-05-28,GL-B-014,ภาคกลาง,1007,14878
2025-05-28,GL-B-014,ภาคตะวันออก,679,11470
2025-05-28,GL-B-014,ภาคเหนือ,592,12261
2025-05-28,GL-B-014,ภาคใต้,843,13619
2025-05-28,MK-C-028,กรุงเทพฯ,853,15943
2025-05-28,MK-C-028,ภาคกลาง,727,13583
2025-05-28,MK-C-028,ภาคตะวันออก,490,8361
2025-05-28,MK-C-028,ภาคเหนือ,425,7788
2025-05-28,MK-C-028,ภาคใต้,528,11339
2025-05-28,SY-D-039,กรุงเทพฯ,531,10135
2025-05-28,SY-D-039,ภาคกลาง,494,7965
2025-05-28,SY-D-039,ภาคตะวันออก,371,6164
2025-05-28,SY-D-039,ภาคเหนือ,309,5802
2025-05-28,SY-D-039,ภาคใต้,416,6873
2025-05-28,AG-E-052,กรุงเทพฯ,185,3467
2025-05-28,AG-E-052,ภาคกลาง,137,2659
2025-05-28,AG-E-052,ภาคตะวันออก,102,1663
2025-05-28,AG-E-052,ภาคเหนือ,100,1893
2025-05-28,AG-E-052,ภาคใต้,125,2309
2025-05-29,TK-A-001,กรุงเทพฯ,253,3864
2025-05-29,TK-A-001,ภาคกลาง,176,3571
2025-05-29,TK-A-001,ภาคตะวันออก,148,2375
2025-05-29,TK-A-001,ภาคเหนือ,134,2100
2025-05-29,TK-A-001,ภาคใต้,149,2773
2025-05-29,GL-B-014,กรุงเทพฯ,1212,23005
2025-05-29,GL-B-014,ภาคกลาง,903,18913
2025-05-29,GL-B-014,ภาคตะวันออก,687,14408
2025-05-29,GL-B-014,ภาคเหนือ,701,10346
2025-05-29,GL-B-014,ภาคใต้,876,12904
2025-05-29,MK-C-028,กรุงเทพฯ,856,17711
2025-05-29,MK-C-028,ภาคกลาง,675,12856
2025-05-29,MK-C-028,ภาคตะวันออก,492,10482
2025-05-29,MK-C-028,ภาคเหนือ,463,9079
2025-05-29,MK-C-028,ภาคใต้,616,10088
2025-05-29,SY-D-039,กรุงเทพฯ,640,10140
2025-05-29,SY-D-039,ภาคกลาง,504,9262
2025-05-29,SY-D-039,ภาคตะวันออก,363,6659
2025-05-29,SY-D-039,ภาคเหนือ,319,5202
2025-05-29,SY-D-039,ภาคใต้,363,7045
2025-05-29,AG-E-052,กรุงเทพฯ,158,2710
2025-05-29,AG-E-052,ภาคกลาง,132,2789
2025-05-29,AG-E-052,ภาคตะวันออก,104,1947
2025-05-29,AG-E-052,ภาคเหนือ,93,1726
2025-05-29,AG-E-052,ภาคใต้,115,2127
2025-05-30,TK-A-001,กรุงเทพฯ,212,4053
2025-05-30,TK-A-001,ภาคกลาง,176,2966
2025-05-30,TK-A-001,ภาคตะวันออก,150,2584
2025-05-30,TK-A-001,ภาคเหนือ,128,2139
2025-05-30,TK-A-001,ภาคใต้,141,2936
2025-05-30,GL-B-014,กรุงเทพฯ,1210,20844
2025-05-30,GL-B-014,ภาคกลาง,952,17992
2025-05-30,GL-B-014,ภาคตะวันออก,732,12399
2025-05-30,GL-B-014,ภาคเหนือ,631,10863
2025-05-30,GL-B-014,ภาคใต้,740,13464
2025-05-30,MK-C-028,กรุงเทพฯ,822,16061
2025-05-30,MK-C-028,ภาคกลาง,695,13311
2025-05-30,MK-C-028,ภาคตะวันออก,517,10431
2025-05-30,MK-C-028,ภาคเหนือ,443,9067
2025-05-30,MK-C-028,ภาคใต้,641,10212
2025-05-30,SY-D-039,กรุงเทพฯ,526,10478
2025-05-30,SY-D-039,ภาคกลาง,509,8102
2025-05-30,SY-D-039,ภาคตะวันออก,325,7142
2025-05-30,SY-D-039,ภาคเหนือ,304,5577
2025-05-30,SY-D-039,ภาคใต้,353,7576
2025-05-30,AG-E-052,กรุงเทพฯ,166,3486
2025-05-30,AG-E-052,ภาคกลาง,143,2463
2025-05-30,AG-E-052,ภาคตะวันออก,110,1892
2025-05-30,AG-E-052,ภาคเหนือ,101,1809
2025-05-30,AG-E-052,ภาคใต้,122,1961
2025-05-31,TK-A-001,กรุงเทพฯ,235,3613
2025-05-31,TK-A-001,ภาคกลาง,175,3237
2025-05-31,TK-A-001,ภาคตะวันออก,141,2502
2025-05-31,TK-A-001,ภาคเหนือ,131,2393
2025-05-31,TK-A-001,ภาคใต้,163,3080
2025-05-31,GL-B-014,กรุงเทพฯ,1283,24140
2025-05-31,GL-B-014,ภาคกลาง,958,18340
2025-05-31,GL-B-014,ภาคตะวันออก,748,11557
2025-05-31,GL-B-014,ภาคเหนือ,639,11331
2025-05-31,GL-B-014,ภาคใต้,864,12678
2025-05-31,MK-C-028,กรุงเทพฯ,847,13904
2025-05-31,MK-C-028,ภาคกลาง,719,14092
2025-05-31,MK-C-028,ภาคตะวันออก,523,9808
2025-05-31,MK-C-028,ภาคเหนือ,509,8932
2025-05-31,MK-C-028,ภาคใต้,548,11928
2025-05-31,SY-D-039,กรุงเทพฯ,612,10058
2025-05-31,SY-D-039,ภาคกลาง,479,8021
2025-05-31,SY-D-039,ภาคตะวันออก,341,5569
2025-05-31,SY-D-039,ภาคเหนือ,323,6061
2025-05-31,SY-D-039,ภาคใต้,357,5972
2025-05-31,AG-E-052,กรุงเทพฯ,159,3552
2025-05-31,AG-E-052,ภาคกลาง,140,2336
2025-05-31,AG-E-052,ภาคตะวันออก,112,1975
2025-05-31,AG-E-052,ภาคเหนือ,102,1705
2025-05-31,AG-E-052,ภาคใต้,124,2188
2025-06-01,TK-A-001,กรุงเทพฯ,223,4073
2025-06-01,TK-A-001,ภาคกลาง,173,3509
2025-06-01,TK-A-001,ภาคตะวันออก,152,2721
2025-06-01,TK-A-001,ภาคเหนือ,123,2331
2025-06-01,TK-A-001,ภาคใต้,159,2896
2025-06-01,GL-B-014,กรุงเทพฯ,1240,22458
2025-06-01,GL-B-014,ภาคกลาง,938,15792
2025-06-01,GL-B-014,ภาคตะวันออก,721,11413
2025-06-01,GL-B-014,ภาคเหนือ,705,10335
2025-06-01,GL-B-014,ภาคใต้,745,13583
2025-06-01,MK-C-028,กรุงเทพฯ,887,16555
2025-06-01,MK-C-028,ภาคกลาง,652,13549
2025-06-01,MK-C-028,ภาคตะวันออก,485,9567
2025-06-01,MK-C-028,ภาคเหนือ,437,8993
2025-06-01,MK-C-028,ภาคใต้,558,10662
2025-06-01,SY-D-039,กรุงเทพฯ,554,11250
2025-06-01,SY-D-039,ภาคกลาง,479,8731
2025-06-01,SY-D-039,ภาคตะวันออก,360,7258
2025-06-01,SY-D-039,ภาคเหนือ,289,6285
2025-06-01,SY-D-039,ภาคใต้,402,7394
2025-06-01,AG-E-052,กรุงเทพฯ,185,2950
2025-06-01,AG-E-052,ภาคกลาง,146,2338
2025-06-01,AG-E-052,ภาคตะวันออก,99,1842
2025-06-01,AG-E-052,ภาคเหนือ,94,1526
2025-06-01,AG-E-052,ภาคใต้,112,1802
2025-06-02,TK-A-001,กรุงเทพฯ,240,3665
2025-06-02,TK-A-001,ภาคกลาง,190,2975
2025-06-02,TK-A-001,ภาคตะวันออก,154,2584
2025-06-02,TK-A-001,ภาคเหนือ,118,2174
2025-06-02,TK-A-001,ภาคใต้,166,2482
2025-06-02,GL-B-014,กรุงเทพฯ,1323,24789
2025-06-02,GL-B-014,ภาคกลาง,900,19757
2025-06-02,GL-B-014,ภาคตะวันออก,787,11866
2025-06-02,GL-B-014,ภาคเหนือ,673,10318
2025-06-02,GL-B-014,ภาคใต้,818,13258
2025-06-02,MK-C-028,กรุงเทพฯ,833,16267
2025-06-02,MK-C-028,ภาคกลาง,638,12681
2025-06-02,MK-C-028,ภาคตะวันออก,475,8693
2025-06-02,MK-C-028,ภาคเหนือ,489,8610
2025-06-02,MK-C-028,ภาคใต้,611,11135
2025-06-02,SY-D-039,กรุงเทพฯ,591,10626
2025-06-02,SY-D-039,ภาคกลาง,482,8338
2025-06-02,SY-D-039,ภาคตะวันออก,371,5788
2025-06-02,SY-D-039,ภาคเหนือ,299,5235
2025-06-02,SY-D-039,ภาคใต้,422,6405
2025-06-02,AG-E-052,กรุงเทพฯ,164,3451
2025-06-02,AG-E-052,ภาคกลาง,128,2603
2025-06-02,AG-E-052,ภาคตะวันออก,103,1955
2025-06-02,AG-E-052,ภาคเหนือ,88,1801
2025-06-02,AG-E-052,ภาคใต้,126,1987
2025-06-03,TK-A-001,กรุงเทพฯ,247,3641
2025-06-03,TK-A-001,ภาคกลาง,175,3658
2025-06-03,TK-A-001,ภาคตะวันออก,141,2742
2025-06-03,TK-A-001,ภาคเหนือ,119,2381
2025-06-03,TK-A-001,ภาคใต้,143,2569
2025-06-03,GL-B-014,กรุงเทพฯ,1155,23045
2025-06-03,GL-B-014,ภาคกลาง,889,18145
2025-06-03,GL-B-014,ภาคตะวันออก,688,11804
2025-06-03,GL-B-014,ภาคเหนือ,599,10991
2025-06-03,GL-B-014,ภาคใต้,852,13548
2025-06-03,MK-C-028,กรุงเทพฯ,930,13765
2025-06-03,MK-C-028,ภาคกลาง,743,13214
2025-06-03,MK-C-028,ภาคตะวันออก,513,8650
2025-06-03,MK-C-028,ภาคเหนือ,434,7397
2025-06-03,MK-C-028,ภาคใต้,591,9109
2025-06-03,SY-D-039,กรุงเทพฯ,562,9438
2025-06-03,SY-D-039,ภาคกลาง,474,7676
2025-06-03,SY-D-039,ภาคตะวันออก,339,5758
2025-06-03,SY-D-039,ภาคเหนือ,332,5241
2025-06-03,SY-D-039,ภาคใต้,379,7380
2025-06-03,AG-E-052,กรุงเทพฯ,165,3453
2025-06-03,AG-E-052,ภาคกลาง,150,2436
2025-06-03,AG-E-052,ภาคตะวันออก,99,1907
2025-06-03,AG-E-052,ภาคเหนือ,87,1546
2025-06-03,AG-E-052,ภาคใต้,125,1911
2025-06-04,TK-A-001,กรุงเทพฯ,258,4343
2025-06-04,TK-A-001,ภาคกลาง,206,3643
2025-06-04,TK-A-001,ภาคตะวันออก,136,2382
2025-06-04,TK-A-001,ภาคเหนือ,124,2243
2025-06-04,TK-A-001,ภาคใต้,172,3135
2025-06-04,GL-B-014,กรุงเทพฯ,1328,19698
2025-06-04,GL-B-014,ภาคกลาง,1015,17875
2025-06-04,GL-B-014,ภาคตะวันออก,655,14791
2025-06-04,GL-B-014,ภาคเหนือ,639,11328
2025-06-04,GL-B-014,ภาคใต้,738,16217
2025-06-04,MK-C-028,กรุงเทพฯ,841,18052
2025-06-04,MK-C-028,ภาคกลาง,749,13741
2025-06-04,MK-C-028,ภาคตะวันออก,524,10927
2025-06-04,MK-C-028,ภาคเหนือ,441,8566
2025-06-04,MK-C-028,ภาคใต้,607,11970
2025-06-04,SY-D-039,กรุงเทพฯ,568,9150
2025-06-04,SY-D-039,ภาคกลาง,459,9271
2025-06-04,SY-D-039,ภาคตะวันออก,328,6868
2025-06-04,SY-D-039,ภาคเหนือ,321,5220
2025-06-04,SY-D-039,ภาคใต้,407,6193
2025-06-04,AG-E-052,กรุงเทพฯ,192,3185
2025-06-04,AG-E-052,ภาคกลาง,143,2419
2025-06-04,AG-E-052,ภาคตะวันออก,108,2108
2025-06-04,AG-E-052,ภาคเหนือ,93,1919
2025-06-04,AG-E-052,ภาคใต้,110,2141
2025-06-05,TK-A-001,กรุงเทพฯ,254,3851
2025-06-05,TK-A-001,ภาคกลาง,176,3132
2025-06-05,TK-A-001,ภาคตะวันออก,138,2558
2025-06-05,TK-A-001,ภาคเหนือ,128,2530
2025-06-05,TK-A-001,ภาคใต้,154,2660
2025-06-05,GL-B-014,กรุงเทพฯ,1306,18761
2025-06-05,GL-B-014,ภาคกลาง,947,18052
2025-06-05,GL-B-014,ภาคตะวันออก,701,11676
2025-06-05,GL-B-014,ภาคเหนือ,640,11018
2025-06-05,GL-B-014,ภาคใต้,838,16043
2025-06-05,MK-C-028,กรุงเทพฯ,824,16598
2025-06-05,MK-C-028,ภาคกลาง,694,13212
2025-06-05,MK-C-028,ภาคตะวันออก,527,10931
2025-06-05,MK-C-028,ภาคเหนือ,425,8691
2025-06-05,MK-C-028,ภาคใต้,593,10316
2025-06-05,SY-D-039,กรุงเทพฯ,536,9982
2025-06-05,SY-D-039,ภาคกลาง,471,8530
2025-06-05,SY-D-039,ภาคตะวันออก,343,5413
2025-06-05,SY-D-039,ภาคเหนือ,295,5436
2025-06-05,SY-D-039,ภาคใต้,356,7068
2025-06-05,AG-E-052,กรุงเทพฯ,167,3263
2025-06-05,AG-E-052,ภาคกลาง,138,2519
2025-06-05,AG-E-052,ภาคตะวันออก,115,2182
2025-06-05,AG-E-052,ภาคเหนือ,85,1578
2025-06-05,AG-E-052,ภาคใต้,118,1972
2025-06-06,TK-A-001,กรุงเทพฯ,239,3845
2025-06-06,TK-A-001,ภาคกลาง,198,3610
2025-06-06,TK-A-001,ภาคตะวันออก,131,2878
2025-06-06,TK-A-001,ภาคเหนือ,132,2431
2025-06-06,TK-A-001,ภาคใต้,162,2977
2025-06-06,GL-B-014,กรุงเทพฯ,1127,24827
2025-06-06,GL-B-014,ภาคกลาง,981,14887
2025-06-06,GL-B-014,ภาคตะวันออก,735,14543
2025-06-06,GL-B-014,ภาคเหนือ,619,11852
2025-06-06,GL-B-014,ภาคใต้,766,15150
2025-06-06,MK-C-028,กรุงเทพฯ,800,14949
2025-06-06,MK-C-028,ภาคกลาง,774,12266
2025-06-06,MK-C-028,ภาคตะวันออก,525,9859
2025-06-06,MK-C-028,ภาคเหนือ,453,9184
2025-06-06,MK-C-028,ภาคใต้,597,10815
2025-06-06,SY-D-039,กรุงเทพฯ,592,9798
2025-06-06,SY-D-039,ภาคกลาง,479,7965
2025-06-06,SY-D-039,ภาคตะวันออก,326,6940
2025-06-06,SY-D-039,ภาคเหนือ,300,5166
2025-06-06,SY-D-039,ภาคใต้,398,6988
2025-06-06,AG-E-052,กรุงเทพฯ,190,3065
2025-06-06,AG-E-052,ภาคกลาง,138,2626
2025-06-06,AG-E-052,ภาคตะวันออก,115,1892
2025-06-06,AG-E-052,ภาคเหนือ,89,1898
2025-06-06,AG-E-052,ภาคใต้,117,1813
2025-06-07,TK-A-001,กรุงเทพฯ,223,4264
2025-06-07,TK-A-001,ภาคกลาง,176,3763
2025-06-07,TK-A-001,ภาคตะวันออก,130,2827
2025-06-07,TK-A-001,ภาคเหนือ,114,1999
2025-06-07,TK-A-001,ภาคใต้,173,2433
2025-06-07,GL-B-014,กรุงเทพฯ,1110,24726
2025-06-07,GL-B-014,ภาคกลาง,921,17795
2025-06-07,GL-B-014,ภาคตะวันออก,672,14977
2025-06-07,GL-B-014,ภาคเหนือ,668,11309
2025-06-07,GL-B-014,ภาคใต้,793,13819
2025-06-07,MK-C-028,กรุงเทพฯ,800,14337
2025-06-07,MK-C-028,ภาคกลาง,731,11834
2025-06-07,MK-C-028,ภาคตะวันออก,548,10757
2025-06-07,MK-C-028,ภาคเหนือ,467,7671
2025-06-07,MK-C-028,ภาคใต้,555,9188
2025-06-07,SY-D-039,กรุงเทพฯ,606,10229
2025-06-07,SY-D-039,ภาคกลาง,498,7838
2025-06-07,SY-D-039,ภาคตะวันออก,350,7013
2025-06-07,SY-D-039,ภาคเหนือ,340,5570
2025-06-07,SY-D-039,ภาคใต้,406,8030
2025-06-07,AG-E-052,กรุงเทพฯ,187,2939
2025-06-07,AG-E-052,ภาคกลาง,137,2797
2025-06-07,AG-E-052,ภาคตะวันออก,113,1727
2025-06-07,AG-E-052,ภาคเหนือ,97,1859
2025-06-07,AG-E-052,ภาคใต้,118,2372
2025-06-08,TK-A-001,กรุงเทพฯ,232,3858
2025-06-08,TK-A-001,ภาคกลาง,181,3006
2025-06-08,TK-A-001,ภาคตะวันออก,146,2348
2025-06-08,TK-A-001,ภาคเหนือ,131,2513
2025-06-08,TK-A-001,ภาคใต้,148,2524
2025-06-08,GL-B-014,กรุงเทพฯ,1286,21500
2025-06-08,GL-B-014,ภาคกลาง,1011,17221
2025-06-08,GL-B-014,ภาคตะวันออก,682,14986
2025-06-08,GL-B-014,ภาคเหนือ,620,13327
2025-06-08,GL-B-014,ภาคใต้,877,15577
2025-06-08,MK-C-028,กรุงเทพฯ,898,15721
2025-06-08,MK-C-028,ภาคกลาง,745,12229
2025-06-08,MK-C-028,ภาคตะวันออก,506,9090
2025-06-08,MK-C-028,ภาคเหนือ,426,9395
2025-06-08,MK-C-028,ภาคใต้,637,10060
2025-06-08,SY-D-039,กรุงเทพฯ,607,11231
2025-06-08,SY-D-039,ภาคกลาง,489,9409
2025-06-08,SY-D-039,ภาคตะวันออก,359,6846
2025-06-08,SY-D-039,ภาคเหนือ,293,5712
2025-06-08,SY-D-039,ภาคใต้,387,7842
2025-06-08,AG-E-052,กรุงเทพฯ,165,3613
2025-06-08,AG-E-052,ภาคกลาง,146,2813
2025-06-08,AG-E-052,ภาคตะวันออก,108,2089
2025-06-08,AG-E-052,ภาคเหนือ,93,1836
2025-06-08,AG-E-052,ภาคใต้,116,1830
2025-06-09,TK-A-001,กรุงเทพฯ,235,4217
2025-06-09,TK-A-001,ภาคกลาง,192,3165
2025-06-09,TK-A-001,ภาคตะวันออก,134,2779
2025-06-09,TK-A-001,ภาคเหนือ,125,1989
2025-06-09,TK-A-001,ภาคใต้,144,3244
2025-06-09,GL-B-014,กรุงเทพฯ,1264,23759
2025-06-09,GL-B-014,ภาคกลาง,1027,15553
2025-06-09,GL-B-014,ภาคตะวันออก,793,12824
2025-06-09,GL-B-014,ภาคเหนือ,590,12500
2025-06-09,GL-B-014,ภาคใต้,735,15508
2025-06-09,MK-C-028,กรุงเทพฯ,799,17324
2025-06-09,MK-C-028,ภาคกลาง,671,13864
2025-06-09,MK-C-028,ภาคตะวันออก,487,10462
2025-06-09,MK-C-028,ภาคเหนือ,468,9663
2025-06-09,MK-C-028,ภาคใต้,589,11338
2025-06-09,SY-D-039,กรุงเทพฯ,532,12066
2025-06-09,SY-D-039,ภาคกลาง,432,9071
2025-06-09,SY-D-039,ภาคตะวันออก,331,6108
2025-06-09,SY-D-039,ภาคเหนือ,333,5502
2025-06-09,SY-D-039,ภาคใต้,399,6670
2025-06-09,AG-E-052,กรุงเทพฯ,187,3364
2025-06-09,AG-E-052,ภาคกลาง,154,2383
2025-06-09,AG-E-052,ภาคตะวันออก,103,1883
2025-06-09,AG-E-052,ภาคเหนือ,90,1456
2025-06-09,AG-E-052,ภาคใต้,127,2377
2025-06-10,TK-A-001,กรุงเทพฯ,252,4422
2025-06-10,TK-A-001,ภาคกลาง,207,3901
2025-06-10,TK-A-001,ภาคตะวันออก,133,2492
2025-06-10,TK-A-001,ภาคเหนือ,135,2302
2025-06-10,TK-A-001,ภาคใต้,160,2544
2025-06-10,GL-B-014,กรุงเทพฯ,1310,24186
2025-06-10,GL-B-014,ภาคกลาง,1006,18465
2025-06-10,GL-B-014,ภาคตะวันออก,685,13873
2025-06-10,GL-B-014,ภาคเหนือ,649,10083
2025-06-10,GL-B-014,ภาคใต้,781,14591
2025-06-10,MK-C-028,กรุงเทพฯ,798,17278
2025-06-10,MK-C-028,ภาคกลาง,696,13826
2025-06-10,MK-C-028,ภาคตะวันออก,562,10413
2025-06-10,MK-C-028,ภาคเหนือ,480,9589
2025-06-10,MK-C-028,ภาคใต้,551,12051
2025-06-10,SY-D-039,กรุงเทพฯ,570,10060
2025-06-10,SY-D-039,ภาคกลาง,500,8623
2025-06-10,SY-D-039,ภาคตะวันออก,320,5885
2025-06-10,SY-D-039,ภาคเหนือ,326,5116
2025-06-10,SY-D-039,ภาคใต้,372,8099
2025-06-10,AG-E-052,กรุงเทพฯ,174,3208
2025-06-10,AG-E-052,ภาคกลาง,155,2220
2025-06-10,AG-E-052,ภาคตะวันออก,102,1757
2025-06-10,AG-E-052,ภาคเหนือ,90,1820
2025-06-10,AG-E-052,ภาคใต้,113,2393
2025-06-11,TK-A-001,กรุงเทพฯ,254,4656
2025-06-11,TK-A-001,ภาคกลาง,176,3795
2025-06-11,TK-A-001,ภาคตะวันออก,148,2774
2025-06-11,TK-A-001,ภาคเหนือ,125,1988
2025-06-11,TK-A-001,ภาคใต้,158,3036
2025-06-11,GL-B-014,กรุงเทพฯ,1239,22070
2025-06-11,GL-B-014,ภาคกลาง,1000,16330
2025-06-11,GL-B-014,ภาคตะวันออก,766,15109
2025-06-11,GL-B-014,ภาคเหนือ,608,12744
2025-06-11,GL-B-014,ภาคใต้,776,16686
2025-06-11,MK-C-028,กรุงเทพฯ,804,17003
2025-06-11,MK-C-028,ภาคกลาง,705,14623
2025-06-11,MK-C-028,ภาคตะวันออก,573,9094
2025-06-11,MK-C-028,ภาคเหนือ,449,9142
2025-06-11,MK-C-028,ภาคใต้,626,10685
2025-06-11,SY-D-039,กรุงเทพฯ,642,12145
2025-06-11,SY-D-039,ภาคกลาง,509,8763
2025-06-11,SY-D-039,ภาคตะวันออก,338,6516
2025-06-11,SY-D-039,ภาคเหนือ,288,6420
2025-06-11,SY-D-039,ภาคใต้,377,7644
2025-06-11,AG-E-052,กรุงเทพฯ,191,2729
2025-06-11,AG-E-052,ภาคกลาง,149,2271
2025-06-11,AG-E-052,ภาคตะวันออก,96,1732
2025-06-11,AG-E-052,ภาคเหนือ,87,1865
2025-06-11,AG-E-052,ภาคใต้,123,2016
2025-06-12,TK-A-001,กรุงเทพฯ,232,3971
2025-06-12,TK-A-001,ภาคกลาง,192,3002
2025-06-12,TK-A-001,ภาคตะวันออก,141,2416
2025-06-12,TK-A-001,ภาคเหนือ,128,2272
2025-06-12,TK-A-001,ภาคใต้,151,2779
2025-06-12,GL-B-014,กรุงเทพฯ,1178,24205
2025-06-12,GL-B-014,ภาคกลาง,983,17498
2025-06-12,GL-B-014,ภาคตะวันออก,661,13257
2025-06-12,GL-B-014,ภาคเหนือ,649,11274
2025-06-12,GL-B-014,ภาคใต้,773,13174
2025-06-12,MK-C-028,กรุงเทพฯ,949,14747
2025-06-12,MK-C-028,ภาคกลาง,675,14196
2025-06-12,MK-C-028,ภาคตะวันออก,519,8973
2025-06-12,MK-C-028,ภาคเหนือ,498,9150
2025-06-12,MK-C-028,ภาคใต้,539,9841
2025-06-12,SY-D-039,กรุงเทพฯ,545,12221
2025-06-12,SY-D-039,ภาคกลาง,465,7704
2025-06-12,SY-D-039,ภาคตะวันออก,369,5741
2025-06-12,SY-D-039,ภาคเหนือ,298,5019
2025-06-12,SY-D-039,ภาคใต้,407,6875
2025-06-12,AG-E-052,กรุงเทพฯ,177,3239
2025-06-12,AG-E-052,ภาคกลาง,138,2716
2025-06-12,AG-E-052,ภาคตะวันออก,112,1661
2025-06-12,AG-E-052,ภาคเหนือ,88,1795
2025-06-12,AG-E-052,ภาคใต้,126,2059
2025-06-13,TK-A-001,กรุงเทพฯ,242,3731
2025-06-13,TK-A-001,ภาคกลาง,200,3716
2025-06-13,TK-A-001,ภาคตะวันออก,153,2437
2025-06-13,TK-A-001,ภาคเหนือ,127,2307
2025-06-13,TK-A-001,ภาคใต้,147,3125
2025-06-13,GL-B-014,กรุงเทพฯ,1182,24002
2025-06-13,GL-B-014,ภาคกลาง,927,17062
2025-06-13,GL-B-014,ภาคตะวันออก,741,12543
2025-06-13,GL-B-014,ภาคเหนือ,683,12201
2025-06-13,GL-B-014,ภาคใต้,855,15970
2025-06-13,MK-C-028,กรุงเทพฯ,902,17374
2025-06-13,MK-C-028,ภาคกลาง,695,12615
2025-06-13,MK-C-028,ภาคตะวันออก,523,9203
2025-06-13,MK-C-028,ภาคเหนือ,511,8889
2025-06-13,MK-C-028,ภาคใต้,591,11211
2025-06-13,SY-D-039,กรุงเทพฯ,560,10071
2025-06-13,SY-D-039,ภาคกลาง,427,7367
2025-06-13,SY-D-039,ภาคตะวันออก,383,6413
2025-06-13,SY-D-039,ภาคเหนือ,339,5573
2025-06-13,SY-D-039,ภาคใต้,405,7225
2025-06-13,AG-E-052,กรุงเทพฯ,178,3205
2025-06-13,AG-E-052,ภาคกลาง,137,2428
2025-06-13,AG-E-052,ภาคตะวันออก,99,1965
2025-06-13,AG-E-052,ภาคเหนือ,102,1933
2025-06-13,AG-E-052,ภาคใต้,120,2413
2025-06-14,TK-A-001,กรุงเทพฯ,220,4404
2025-06-14,TK-A-001,ภาคกลาง,191,3324
2025-06-14,TK-A-001,ภาคตะวันออก,154,2626
2025-06-14,TK-A-001,ภาคเหนือ,116,2088
2025-06-14,TK-A-001,ภาคใต้,172,2852
2025-06-14,GL-B-014,กรุงเทพฯ,1224,22198
2025-06-14,GL-B-014,ภาคกลาง,981,17189
2025-06-14,GL-B-014,ภาคตะวันออก,783,11588
2025-06-14,GL-B-014,ภาคเหนือ,601,11025
2025-06-14,GL-B-014,ภาคใต้,738,12947
2025-06-14,MK-C-028,กรุงเทพฯ,902,13758
2025-06-14,MK-C-028,ภาคกลาง,656,11089
2025-06-14,MK-C-028,ภาคตะวันออก,489,8237
2025-06-14,MK-C-028,ภาคเหนือ,440,7404
2025-06-14,MK-C-028,ภาคใต้,592,11729
2025-06-14,SY-D-039,กรุงเทพฯ,600,9831
2025-06-14,SY-D-039,ภาคกลาง,490,8882
2025-06-14,SY-D-039,ภาคตะวันออก,355,7255
2025-06-14,SY-D-039,ภาคเหนือ,304,5605
2025-06-14,SY-D-039,ภาคใต้,429,8006
2025-06-14,AG-E-052,กรุงเทพฯ,179,2965
2025-06-14,AG-E-052,ภาคกลาง,153,2723
2025-06-14,AG-E-052,ภาคตะวันออก,104,1936
2025-06-14,AG-E-052,ภาคเหนือ,103,1935
2025-06-14,AG-E-052,ภาคใต้,119,2382
2025-06-15,TK-A-001,กรุงเทพฯ,257,3955
2025-06-15,TK-A-001,ภาคกลาง,193,3700
2025-06-15,TK-A-001,ภาคตะวันออก,137,2907
2025-06-15,TK-A-001,ภาคเหนือ,121,2208
2025-06-15,TK-A-001,ภาคใต้,169,3091
2025-06-15,GL-B-014,กรุงเทพฯ,1158,21206
2025-06-15,GL-B-014,ภาคกลาง,1006,16938
2025-06-15,GL-B-014,ภาคตะวันออก,769,14376
2025-06-15,GL-B-014,ภาคเหนือ,609,10085
2025-06-15,GL-B-014,ภาคใต้,782,15317
2025-06-15,MK-C-028,กรุงเทพฯ,896,14954
2025-06-15,MK-C-028,ภาคกลาง,767,13986
2025-06-15,MK-C-028,ภาคตะวันออก,544,8669
2025-06-15,MK-C-028,ภาคเหนือ,463,7453
2025-06-15,MK-C-028,ภาคใต้,626,9300
2025-06-15,SY-D-039,กรุงเทพฯ,574,11860
2025-06-15,SY-D-039,ภาคกลาง,517,9176
2025-06-15,SY-D-039,ภาคตะวันออก,340,6725
2025-06-15,SY-D-039,ภาคเหนือ,313,6335
2025-06-15,SY-D-039,ภาคใต้,374,6660
2025-06-15,AG-E-052,กรุงเทพฯ,164,2890
2025-06-15,AG-E-052,ภาคกลาง,153,2577
2025-06-15,AG-E-052,ภาคตะวันออก,100,2133
2025-06-15,AG-E-052,ภาคเหนือ,102,1858
2025-06-15,AG-E-052,ภาคใต้,108,1964
2025-06-16,TK-A-001,กรุงเทพฯ,257,4676
2025-06-16,TK-A-001,ภาคกลาง,190,3254
2025-06-16,TK-A-001,ภาคตะวันออก,154,2500
2025-06-16,TK-A-001,ภาคเหนือ,137,2142
2025-06-16,TK-A-001,ภาคใต้,144,2469
2025-06-16,GL-B-014,กรุงเทพฯ,1163,22786
2025-06-16,GL-B-014,ภาคกลาง,1067,18384
2025-06-16,GL-B-014,ภาคตะวันออก,696,12855
2025-06-16,GL-B-014,ภาคเหนือ,678,12333
2025-06-16,GL-B-014,ภาคใต้,880,15696
2025-06-16,MK-C-028,กรุงเทพฯ,960,17753
2025-06-16,MK-C-028,ภาคกลาง,652,11239
2025-06-16,MK-C-028,ภาคตะวันออก,496,10535
2025-06-16,MK-C-028,ภาคเหนือ,440,9814
2025-06-16,MK-C-028,ภาคใต้,626,9782
2025-06-16,SY-D-039,กรุงเทพฯ,582,9447
2025-06-16,SY-D-039,ภาคกลาง,491,9116
2025-06-16,SY-D-039,ภาคตะวันออก,354,6096
2025-06-16,SY-D-039,ภาคเหนือ,291,5989
2025-06-16,SY-D-039,ภาคใต้,383,8033
2025-06-16,AG-E-052,กรุงเทพฯ,188,2768
2025-06-16,AG-E-052,ภาคกลาง,150,2492
2025-06-16,AG-E-052,ภาคตะวันออก,114,1873
2025-06-16,AG-E-052,ภาคเหนือ,98,1955
2025-06-16,AG-E-052,ภาคใต้,112,2318
2025-06-17,TK-A-001,กรุงเทพฯ,261,4373
2025-06-17,TK-A-001,ภาคกลาง,205,3539
2025-06-17,TK-A-001,ภาคตะวันออก,132,2834
2025-06-17,TK-A-001,ภาคเหนือ,129,2201
2025-06-17,TK-A-001,ภาคใต้,172,3022
2025-06-17,GL-B-014,กรุงเทพฯ,1170,21795
2025-06-17,GL-B-014,ภาคกลาง,934,15887
2025-06-17,GL-B-014,ภาคตะวันออก,723,12014
2025-06-17,GL-B-014,ภาคเหนือ,595,12538
2025-06-17,GL-B-014,ภาคใต้,844,14628
2025-06-17,MK-C-028,กรุงเทพฯ,918,15328
2025-06-17,MK-C-028,ภาคกลาง,754,11677
2025-06-17,MK-C-028,ภาคตะวันออก,514,8249
2025-06-17,MK-C-028,ภาคเหนือ,487,7927
2025-06-17,MK-C-028,ภาคใต้,635,9738
2025-06-17,SY-D-039,กรุงเทพฯ,615,9590
2025-06-17,SY-D-039,ภาคกลาง,443,9140
2025-06-17,SY-D-039,ภาคตะวันออก,351,6176
2025-06-17,SY-D-039,ภาคเหนือ,344,5225
2025-06-17,SY-D-039,ภาคใต้,410,7994
2025-06-17,AG-E-052,กรุงเทพฯ,180,3340
2025-06-17,AG-E-052,ภาคกลาง,137,2735
2025-06-17,AG-E-052,ภาคตะวันออก,105,2111
2025-06-17,AG-E-052,ภาคเหนือ,92,1510
2025-06-17,AG-E-052,ภาคใต้,128,1890
2025-06-18,TK-A-001,กรุงเทพฯ,232,3735
2025-06-18,TK-A-001,ภาคกลาง,205,3243
2025-06-18,TK-A-001,ภาคตะวันออก,136,2378
2025-06-18,TK-A-001,ภาคเหนือ,122,2431
2025-06-18,TK-A-001,ภาคใต้,147,2468
2025-06-18,GL-B-014,กรุงเทพฯ,1172,23740
2025-06-18,GL-B-014,ภาคกลาง,936,20165
2025-06-18,GL-B-014,ภาคตะวันออก,784,13983
2025-06-18,GL-B-014,ภาคเหนือ,645,11075
2025-06-18,GL-B-014,ภาคใต้,805,14452
2025-06-18,MK-C-028,กรุงเทพฯ,937,16815
2025-06-18,MK-C-028,ภาคกลาง,705,11565
2025-06-18,MK-C-028,ภาคตะวันออก,588,8366
2025-06-18,MK-C-028,ภาคเหนือ,462,8554
2025-06-18,MK-C-028,ภาคใต้,557,10594
2025-06-18,SY-D-039,กรุงเทพฯ,615,10323
2025-06-18,SY-D-039,ภาคกลาง,498,7360
2025-06-18,SY-D-039,ภาคตะวันออก,348,5537
2025-06-18,SY-D-039,ภาคเหนือ,300,5730
2025-06-18,SY-D-039,ภาคใต้,421,7017
2025-06-18,AG-E-052,กรุงเทพฯ,171,3214
2025-06-18,AG-E-052,ภาคกลาง,131,2362
2025-06-18,AG-E-052,ภาคตะวันออก,108,1915
2025-06-18,AG-E-052,ภาคเหนือ,93,1519
2025-06-18,AG-E-052,ภาคใต้,116,2370
2025-06-19,TK-A-001,กรุงเทพฯ,250,3852
2025-06-19,TK-A-001,ภาคกลาง,174,3421
2025-06-19,TK-A-001,ภาคตะวันออก,146,2458
2025-06-19,TK-A-001,ภาคเหนือ,129,2187
2025-06-19,TK-A-001,ภาคใต้,158,2888
2025-06-19,GL-B-014,กรุงเทพฯ,1326,20929
2025-06-19,GL-B-014,ภาคกลาง,901,18095
2025-06-19,GL-B-014,ภาคตะวันออก,783,12261
2025-06-19,GL-B-014,ภาคเหนือ,678,10600
2025-06-19,GL-B-014,ภาคใต้,843,16406
2025-06-19,MK-C-028,กรุงเทพฯ,850,17865
2025-06-19,MK-C-028,ภาคกลาง,663,11538
2025-06-19,MK-C-028,ภาคตะวันออก,511,8904
2025-06-19,MK-C-028,ภาคเหนือ,476,7403
2025-06-19,MK-C-028,ภาคใต้,567,12212
2025-06-19,SY-D-039,กรุงเทพฯ,590,11897
2025-06-19,SY-D-039,ภาคกลาง,469,8673
2025-06-19,SY-D-039,ภาคตะวันออก,376,7077
2025-06-19,SY-D-039,ภาคเหนือ,321,6501
2025-06-19,SY-D-039,ภาคใต้,394,6731
2025-06-19,AG-E-052,กรุงเทพฯ,192,2972
2025-06-19,AG-E-052,ภาคกลาง,154,2801
2025-06-19,AG-E-052,ภาคตะวันออก,113,2181
2025-06-19,AG-E-052,ภาคเหนือ,92,1936
2025-06-19,AG-E-052,ภาคใต้,122,2325
2025-06-20,TK-A-001,กรุงเทพฯ,230,4671
2025-06-20,TK-A-001,ภาคกลาง,198,3294
2025-06-20,TK-A-001,ภาคตะวันออก,154,2483
2025-06-20,TK-A-001,ภาคเหนือ,128,2161
2025-06-20,TK-A-001,ภาคใต้,159,2506
2025-06-20,GL-B-014,กรุงเทพฯ,1343,20909
2025-06-20,GL-B-014,ภาคกลาง,980,17552
2025-06-20,GL-B-014,ภาคตะวันออก,685,11892
2025-06-20,GL-B-014,ภาคเหนือ,701,12517
2025-06-20,GL-B-014,ภาคใต้,790,14568
2025-06-20,MK-C-028,กรุงเทพฯ,830,15834
2025-06-20,MK-C-028,ภาคกลาง,693,14389
2025-06-20,MK-C-028,ภาคตะวันออก,487,8552
2025-06-20,MK-C-028,ภาคเหนือ,480,9692
2025-06-20,MK-C-028,ภาคใต้,615,11205
2025-06-20,SY-D-039,กรุงเทพฯ,573,10650
2025-06-20,SY-D-039,ภาคกลาง,429,8147
2025-06-20,SY-D-039,ภาคตะวันออก,366,7394
2025-06-20,SY-D-039,ภาคเหนือ,343,5499
2025-06-20,SY-D-039,ภาคใต้,385,8073
2025-06-20,AG-E-052,กรุงเทพฯ,171,2838
2025-06-20,AG-E-052,ภาคกลาง,155,2548
2025-06-20,AG-E-052,ภาคตะวันออก,115,1709
2025-06-20,AG-E-052,ภาคเหนือ,103,1470
2025-06-20,AG-E-052,ภาคใต้,113,2246
2025-06-21,TK-A-001,กรุงเทพฯ,234,3659
2025-06-21,TK-A-001,ภาคกลาง,184,3060
2025-06-21,TK-A-001,ภาคตะวันออก,144,2718
2025-06-21,TK-A-001,ภาคเหนือ,127,2343
2025-06-21,TK-A-001,ภาคใต้,144,2621
2025-06-21,GL-B-014,กรุงเทพฯ,1317,20692
2025-06-21,GL-B-014,ภาคกลาง,915,16421
2025-06-21,GL-B-014,ภาคตะวันออก,707,11723
2025-06-21,GL-B-014,ภาคเหนือ,605,11963
2025-06-21,GL-B-014,ภาคใต้,844,13235
2025-06-21,MK-C-028,กรุงเทพฯ,978,16243
2025-06-21,MK-C-028,ภาคกลาง,648,13601
2025-06-21,MK-C-028,ภาคตะวันออก,549,10947
2025-06-21,MK-C-028,ภาคเหนือ,498,8882
2025-06-21,MK-C-028,ภาคใต้,647,11235
2025-06-21,SY-D-039,กรุงเทพฯ,625,11963
2025-06-21,SY-D-039,ภาคกลาง,514,8577
2025-06-21,SY-D-039,ภาคตะวันออก,376,6558
2025-06-21,SY-D-039,ภาคเหนือ,338,6210
2025-06-21,SY-D-039,ภาคใต้,427,7236
2025-06-21,AG-E-052,กรุงเทพฯ,163,3374
2025-06-21,AG-E-052,ภาคกลาง,144,2204
2025-06-21,AG-E-052,ภาคตะวันออก,112,1974
2025-06-21,AG-E-052,ภาคเหนือ,99,1619
2025-06-21,AG-E-052,ภาคใต้,124,2123
2025-06-22,TK-A-001,กรุงเทพฯ,251,4386
2025-06-22,TK-A-001,ภาคกลาง,188,3441
2025-06-22,TK-A-001,ภาคตะวันออก,136,2566
2025-06-22,TK-A-001,ภาคเหนือ,129,2263
2025-06-22,TK-A-001,ภาคใต้,167,2504
2025-06-22,GL-B-014,กรุงเทพฯ,1300,25461
2025-06-22,GL-B-014,ภาคกลาง,902,15686
2025-06-22,GL-B-014,ภาคตะวันออก,715,13310
2025-06-22,GL-B-014,ภาคเหนือ,650,12688
2025-06-22,GL-B-014,ภาคใต้,797,13964
2025-06-22,MK-C-028,กรุงเทพฯ,828,15870
2025-06-22,MK-C-028,ภาคกลาง,690,12195
2025-06-22,MK-C-028,ภาคตะวันออก,589,9414
2025-06-22,MK-C-028,ภาคเหนือ,525,8236
2025-06-22,MK-C-028,ภาคใต้,602,11494
2025-06-22,SY-D-039,กรุงเทพฯ,595,12203
2025-06-22,SY-D-039,ภาคกลาง,525,8104
2025-06-22,SY-D-039,ภาคตะวันออก,357,5862
2025-06-22,SY-D-039,ภาคเหนือ,341,5276
2025-06-22,SY-D-039,ภาคใต้,383,8076
2025-06-22,AG-E-052,กรุงเทพฯ,174,3670
2025-06-22,AG-E-052,ภาคกลาง,135,2516
2025-06-22,AG-E-052,ภาคตะวันออก,114,2028
2025-06-22,AG-E-052,ภาคเหนือ,102,1611
2025-06-22,AG-E-052,ภาคใต้,118,2157
2025-06-23,TK-A-001,กรุงเทพฯ,217,4095
2025-06-23,TK-A-001,ภาคกลาง,197,3791
2025-06-23,TK-A-001,ภาคตะวันออก,147,2557
2025-06-23,TK-A-001,ภาคเหนือ,119,2171
2025-06-23,TK-A-001,ภาคใต้,146,3288
2025-06-23,GL-B-014,กรุงเทพฯ,1160,23762
2025-06-23,GL-B-014,ภาคกลาง,898,19863
2025-06-23,GL-B-014,ภาคตะวันออก,710,14854
2025-06-23,GL-B-014,ภาคเหนือ,684,13316
2025-06-23,GL-B-014,ภาคใต้,772,15962
2025-06-23,MK-C-028,กรุงเทพฯ,869,15975
2025-06-23,MK-C-028,ภาคกลาง,717,11125
2025-06-23,MK-C-028,ภาคตะวันออก,516,10535
2025-06-23,MK-C-028,ภาคเหนือ,468,8432
2025-06-23,MK-C-028,ภาคใต้,651,11923
2025-06-23,SY-D-039,กรุงเทพฯ,539,10937
2025-06-23,SY-D-039,ภาคกลาง,485,9622
2025-06-23,SY-D-039,ภาคตะวันออก,337,6085
2025-06-23,SY-D-039,ภาคเหนือ,334,5871
2025-06-23,SY-D-039,ภาคใต้,412,8113
2025-06-23,AG-E-052,กรุงเทพฯ,178,3015
2025-06-23,AG-E-052,ภาคกลาง,152,2379
2025-06-23,AG-E-052,ภาคตะวันออก,107,2146
2025-06-23,AG-E-052,ภาคเหนือ,99,1781
2025-06-23,AG-E-052,ภาคใต้,116,2406
2025-06-24,TK-A-001,กรุงเทพฯ,261,4878
2025-06-24,TK-A-001,ภาคกลาง,182,3350
2025-06-24,TK-A-001,ภาคตะวันออก,154,2522
2025-06-24,TK-A-001,ภาคเหนือ,124,2241
2025-06-24,TK-A-001,ภาคใต้,151,3216
2025-06-24,GL-B-014,กรุงเทพฯ,1321,24903
2025-06-24,GL-B-014,ภาคกลาง,987,17108
2025-06-24,GL-B-014,ภาคตะวันออก,725,15165
2025-06-24,GL-B-014,ภาคเหนือ,715,12027
2025-06-24,GL-B-014,ภาคใต้,826,14056
2025-06-24,MK-C-028,กรุงเทพฯ,930,17520
2025-06-24,MK-C-028,ภาคกลาง,761,12991
2025-06-24,MK-C-028,ภาคตะวันออก,530,10479
2025-06-24,MK-C-028,ภาคเหนือ,474,7717
2025-06-24,MK-C-028,ภาคใต้,580,11359
2025-06-24,SY-D-039,กรุงเทพฯ,609,10299
2025-06-24,SY-D-039,ภาคกลาง,455,9289
2025-06-24,SY-D-039,ภาคตะวันออก,363,6023
2025-06-24,SY-D-039,ภาคเหนือ,333,5803
2025-06-24,SY-D-039,ภาคใต้,433,6201
2025-06-24,AG-E-052,กรุงเทพฯ,183,2859
2025-06-24,AG-E-052,ภาคกลาง,133,2807
2025-06-24,AG-E-052,ภาคตะวันออก,106,1812
2025-06-24,AG-E-052,ภาคเหนือ,99,1696
2025-06-24,AG-E-052,ภาคใต้,117,2027
2025-06-25,TK-A-001,กรุงเทพฯ,251,4423
2025-06-25,TK-A-001,ภาคกลาง,176,3660
2025-06-25,TK-A-001,ภาคตะวันออก,131,2534
2025-06-25,TK-A-001,ภาคเหนือ,115,2246
2025-06-25,TK-A-001,ภาคใต้,146,3097
2025-06-25,GL-B-014,กรุงเทพฯ,1272,19433
2025-06-25,GL-B-014,ภาคกลาง,931,17542
2025-06-25,GL-B-014,ภาคตะวันออก,753,12422
2025-06-25,GL-B-014,ภาคเหนือ,708,12933
2025-06-25,GL-B-014,ภาคใต้,742,13289
2025-06-25,MK-C-028,กรุงเทพฯ,972,18037
2025-06-25,MK-C-028,ภาคกลาง,732,13758
2025-06-25,MK-C-028,ภาคตะวันออก,587,10067
2025-06-25,MK-C-028,ภาคเหนือ,470,8498
2025-06-25,MK-C-028,ภาคใต้,596,10006
2025-06-25,SY-D-039,กรุงเทพฯ,598,10542
2025-06-25,SY-D-039,ภาคกลาง,455,8482
2025-06-25,SY-D-039,ภาคตะวันออก,349,7199
2025-06-25,SY-D-039,ภาคเหนือ,320,5244
2025-06-25,SY-D-039,ภาคใต้,393,7962
2025-06-25,AG-E-052,กรุงเทพฯ,197,3110
2025-06-25,AG-E-052,ภาคกลาง,130,2673
2025-06-25,AG-E-052,ภาคตะวันออก,115,1815
2025-06-25,AG-E-052,ภาคเหนือ,101,1766
2025-06-25,AG-E-052,ภาคใต้,126,2418
2025-06-26,TK-A-001,กรุงเทพฯ,229,4124
2025-06-26,TK-A-001,ภาคกลาง,188,3556
2025-06-26,TK-A-001,ภาคตะวันออก,138,2899
2025-06-26,TK-A-001,ภาคเหนือ,140,2101
2025-06-26,TK-A-001,ภาคใต้,153,3189
2025-06-26,GL-B-014,กรุงเทพฯ,1233,20504
2025-06-26,GL-B-014,ภาคกลาง,1009,19596
2025-06-26,GL-B-014,ภาคตะวันออก,806,12119
2025-06-26,GL-B-014,ภาคเหนือ,681,12990
2025-06-26,GL-B-014,ภาคใต้,843,14787
2025-06-26,MK-C-028,กรุงเทพฯ,875,15384
2025-06-26,MK-C-028,ภาคกลาง,701,12529
2025-06-26,MK-C-028,ภาคตะวันออก,496,10992
2025-06-26,MK-C-028,ภาคเหนือ,508,9747
2025-06-26,MK-C-028,ภาคใต้,559,12119
2025-06-26,SY-D-039,กรุงเทพฯ,646,11573
2025-06-26,SY-D-039,ภาคกลาง,504,8793
2025-06-26,SY-D-039,ภาคตะวันออก,379,6091
2025-06-26,SY-D-039,ภาคเหนือ,328,5690
2025-06-26,SY-D-039,ภาคใต้,389,6192
2025-06-26,AG-E-052,กรุงเทพฯ,197,3067
2025-06-26,AG-E-052,ภาคกลาง,135,2318
2025-06-26,AG-E-052,ภาคตะวันออก,105,1945
2025-06-26,AG-E-052,ภาคเหนือ,98,1621
2025-06-26,AG-E-052,ภาคใต้,126,2047
2025-06-27,TK-A-001,กรุงเทพฯ,222,4125
2025-06-27,TK-A-001,ภาคกลาง,192,3636
2025-06-27,TK-A-001,ภาคตะวันออก,156,2919
2025-06-27,TK-A-001,ภาคเหนือ,131,2332
2025-06-27,TK-A-001,ภาคใต้,153,2796
2025-06-27,GL-B-014,กรุงเทพฯ,1208,22614
2025-06-27,GL-B-014,ภาคกลาง,1058,18621
2025-06-27,GL-B-014,ภาคตะวันออก,713,13498
2025-06-27,GL-B-014,ภาคเหนือ,683,12128
2025-06-27,GL-B-014,ภาคใต้,810,16085
2025-06-27,MK-C-028,กรุงเทพฯ,960,15275
2025-06-27,MK-C-028,ภาคกลาง,727,12894
2025-06-27,MK-C-028,ภาคตะวันออก,585,10480
2025-06-27,MK-C-028,ภาคเหนือ,527,8714
2025-06-27,MK-C-028,ภาคใต้,563,10692
2025-06-27,SY-D-039,กรุงเทพฯ,548,11120
2025-06-27,SY-D-039,ภาคกลาง,441,8256
2025-06-27,SY-D-039,ภาคตะวันออก,346,6052
2025-06-27,SY-D-039,ภาคเหนือ,341,6210
2025-06-27,SY-D-039,ภาคใต้,401,7671
2025-06-27,AG-E-052,กรุงเทพฯ,170,3405
2025-06-27,AG-E-052,ภาคกลาง,143,2856
2025-06-27,AG-E-052,ภาคตะวันออก,103,1741
2025-06-27,AG-E-052,ภาคเหนือ,94,1635
2025-06-27,AG-E-052,ภาคใต้,108,2096
2025-06-28,TK-A-001,กรุงเทพฯ,232,4668
2025-06-28,TK-A-001,ภาคกลาง,195,3912
2025-06-28,TK-A-001,ภาคตะวันออก,136,2832
2025-06-28,TK-A-001,ภาคเหนือ,133,2486
2025-06-28,TK-A-001,ภาคใต้,173,2494
2025-06-28,GL-B-014,กรุงเทพฯ,1262,22958
2025-06-28,GL-B-014,ภาคกลาง,1026,15778
2025-06-28,GL-B-014,ภาคตะวันออก,791,13355
2025-06-28,GL-B-014,ภาคเหนือ,626,10621
2025-06-28,GL-B-014,ภาคใต้,880,14537
2025-06-28,MK-C-028,กรุงเทพฯ,952,16727
2025-06-28,MK-C-028,ภาคกลาง,681,13583
2025-06-28,MK-C-028,ภาคตะวันออก,582,8967
2025-06-28,MK-C-028,ภาคเหนือ,511,7383
2025-06-28,MK-C-028,ภาคใต้,556,10307
2025-06-28,SY-D-039,กรุงเทพฯ,654,10135
2025-06-28,SY-D-039,ภาคกลาง,435,9866
2025-06-28,SY-D-039,ภาคตะวันออก,349,6535
2025-06-28,SY-D-039,ภาคเหนือ,310,5922
2025-06-28,SY-D-039,ภาคใต้,382,7850
2025-06-28,AG-E-052,กรุงเทพฯ,162,3048
2025-06-28,AG-E-052,ภาคกลาง,150,2804
2025-06-28,AG-E-052,ภาคตะวันออก,103,2048
2025-06-28,AG-E-052,ภาคเหนือ,102,1578
2025-06-28,AG-E-052,ภาคใต้,121,2361
2025-06-29,TK-A-001,กรุงเทพฯ,222,3821
2025-06-29,TK-A-001,ภาคกลาง,196,3113
2025-06-29,TK-A-001,ภาคตะวันออก,152,2394
2025-06-29,TK-A-001,ภาคเหนือ,127,2141
2025-06-29,TK-A-001,ภาคใต้,150,2604
2025-06-29,GL-B-014,กรุงเทพฯ,1204,21240
2025-06-29,GL-B-014,ภาคกลาง,1084,16076
2025-06-29,GL-B-014,ภาคตะวันออก,815,13353
2025-06-29,GL-B-014,ภาคเหนือ,641,11524
2025-06-29,GL-B-014,ภาคใต้,814,16978
2025-06-29,MK-C-028,กรุงเทพฯ,861,16118
2025-06-29,MK-C-028,ภาคกลาง,732,13307
2025-06-29,MK-C-028,ภาคตะวันออก,537,9153
2025-06-29,MK-C-028,ภาคเหนือ,448,8509
2025-06-29,MK-C-028,ภาคใต้,658,10551
2025-06-29,SY-D-039,กรุงเทพฯ,594,10592
2025-06-29,SY-D-039,ภาคกลาง,478,9286
2025-06-29,SY-D-039,ภาคตะวันออก,346,5874
2025-06-29,SY-D-039,ภาคเหนือ,291,5336
2025-06-29,SY-D-039,ภาคใต้,394,7204
2025-06-29,AG-E-052,กรุงเทพฯ,164,3530
2025-06-29,AG-E-052,ภาคกลาง,142,2474
2025-06-29,AG-E-052,ภาคตะวันออก,113,1885
2025-06-29,AG-E-052,ภาคเหนือ,97,1984
2025-06-29,AG-E-052,ภาคใต้,116,2190
2025-06-30,TK-A-001,กรุงเทพฯ,220,4822
2025-06-30,TK-A-001,ภาคกลาง,174,3314
2025-06-30,TK-A-001,ภาคตะวันออก,138,2433
2025-06-30,TK-A-001,ภาคเหนือ,137,2439
2025-06-30,TK-A-001,ภาคใต้,157,3222
2025-06-30,GL-B-014,กรุงเทพฯ,1201,22188
2025-06-30,GL-B-014,ภาคกลาง,896,19089
2025-06-30,GL-B-014,ภาคตะวันออก,694,15186
2025-06-30,GL-B-014,ภาคเหนือ,640,11151
2025-06-30,GL-B-014,ภาคใต้,749,14768
2025-06-30,MK-C-028,กรุงเทพฯ,877,16854
2025-06-30,MK-C-028,ภาคกลาง,666,11895
2025-06-30,MK-C-028,ภาคตะวันออก,532,10512
2025-06-30,MK-C-028,ภาคเหนือ,455,9485
2025-06-30,MK-C-028,ภาคใต้,549,11588
2025-06-30,SY-D-039,กรุงเทพฯ,615,11475
2025-06-30,SY-D-039,ภาคกลาง,441,7662
2025-06-30,SY-D-039,ภาคตะวันออก,371,7353
2025-06-30,SY-D-039,ภาคเหนือ,301,6422
2025-06-30,SY-D-039,ภาคใต้,421,7511
2025-06-30,AG-E-052,กรุงเทพฯ,182,3546
2025-06-30,AG-E-052,ภาคกลาง,138,2350
2025-06-30,AG-E-052,ภาคตะวันออก,102,2228
2025-06-30,AG-E-052,ภาคเหนือ,105,1479
2025-06-30,AG-E-052,ภาคใต้,115,2427
2025-07-01,TK-A-001,กรุงเทพฯ,238,4501
2025-07-01,TK-A-001,ภาคกลาง,185,3363
2025-07-01,TK-A-001,ภาคตะวันออก,133,2220
2025-07-01,TK-A-001,ภาคเหนือ,116,2178
2025-07-01,TK-A-001,ภาคใต้,167,3082
2025-07-01,GL-B-014,กรุงเทพฯ,1279,22803
2025-07-01,GL-B-014,ภาคกลาง,1084,16779
2025-07-01,GL-B-014,ภาคตะวันออก,727,12572
2025-07-01,GL-B-014,ภาคเหนือ,724,12641
2025-07-01,GL-B-014,ภาคใต้,872,16660
2025-07-01,MK-C-028,กรุงเทพฯ,851,14094
2025-07-01,MK-C-028,ภาคกลาง,780,12342
2025-07-01,MK-C-028,ภาคตะวันออก,530,10660
2025-07-01,MK-C-028,ภาคเหนือ,519,7554
2025-07-01,MK-C-028,ภาคใต้,556,12426
2025-07-01,SY-D-039,กรุงเทพฯ,649,10267
2025-07-01,SY-D-039,ภาคกลาง,509,8470
2025-07-01,SY-D-039,ภาคตะวันออก,373,6792
2025-07-01,SY-D-039,ภาคเหนือ,338,6529
2025-07-01,SY-D-039,ภาคใต้,408,6185
2025-07-01,AG-E-052,กรุงเทพฯ,187,3589
2025-07-01,AG-E-052,ภาคกลาง,140,2896
2025-07-01,AG-E-052,ภาคตะวันออก,111,1910
2025-07-01,AG-E-052,ภาคเหนือ,106,1904
2025-07-01,AG-E-052,ภาคใต้,123,1865
2025-07-02,TK-A-001,กรุงเทพฯ,256,4915
2025-07-02,TK-A-001,ภาคกลาง,182,3016
2025-07-02,TK-A-001,ภาคตะวันออก,141,2929
2025-07-02,TK-A-001,ภาคเหนือ,131,2018
2025-07-02,TK-A-001,ภาคใต้,171,2853
2025-07-02,GL-B-014,กรุงเทพฯ,1245,23066
2025-07-02,GL-B-014,ภาคกลาง,906,18722
2025-07-02,GL-B-014,ภาคตะวันออก,723,13427
2025-07-02,GL-B-014,ภาคเหนือ,623,11171
2025-07-02,GL-B-014,ภาคใต้,884,16947
2025-07-02,MK-C-028,กรุงเทพฯ,823,15162
2025-07-02,MK-C-028,ภาคกลาง,778,12569
2025-07-02,MK-C-028,ภาคตะวันออก,504,10287
2025-07-02,MK-C-028,ภาคเหนือ,484,9859
2025-07-02,MK-C-028,ภาคใต้,561,9238
2025-07-02,SY-D-039,กรุงเทพฯ,547,10290
2025-07-02,SY-D-039,ภาคกลาง,490,9308
2025-07-02,SY-D-039,ภาคตะวันออก,380,7427
2025-07-02,SY-D-039,ภาคเหนือ,320,5533
2025-07-02,SY-D-039,ภาคใต้,364,6456
2025-07-02,AG-E-052,กรุงเทพฯ,186,2921
2025-07-02,AG-E-052,ภาคกลาง,142,2418
2025-07-02,AG-E-052,ภาคตะวันออก,114,2128
2025-07-02,AG-E-052,ภาคเหนือ,89,1702
2025-07-02,AG-E-052,ภาคใต้,110,2029
2025-07-03,TK-A-001,กรุงเทพฯ,221,3981
2025-07-03,TK-A-001,ภาคกลาง,177,3751
2025-07-03,TK-A-001,ภาคตะวันออก,141,2983
2025-07-03,TK-A-001,ภาคเหนือ,138,2338
2025-07-03,TK-A-001,ภาคใต้,174,2800
2025-07-03,GL-B-014,กรุงเทพฯ,1168,25235
2025-07-03,GL-B-014,ภาคกลาง,970,20099
2025-07-03,GL-B-014,ภาคตะวันออก,777,11687
2025-07-03,GL-B-014,ภาคเหนือ,713,11247
2025-07-03,GL-B-014,ภาคใต้,820,16099
2025-07-03,MK-C-028,กรุงเทพฯ,835,16960
2025-07-03,MK-C-028,ภาคกลาง,782,14161
2025-07-03,MK-C-028,ภาคตะวันออก,566,8660
2025-07-03,MK-C-028,ภาคเหนือ,453,8795
2025-07-03,MK-C-028,ภาคใต้,656,11827
2025-07-03,SY-D-039,กรุงเทพฯ,651,11587
2025-07-03,SY-D-039,ภาคกลาง,461,7717
2025-07-03,SY-D-039,ภาคตะวันออก,390,6566
2025-07-03,SY-D-039,ภาคเหนือ,318,6207
2025-07-03,SY-D-039,ภาคใต้,379,7419
2025-07-03,AG-E-052,กรุงเทพฯ,187,3718
2025-07-03,AG-E-052,ภาคกลาง,147,2591
2025-07-03,AG-E-052,ภาคตะวันออก,109,1674
2025-07-03,AG-E-052,ภาคเหนือ,90,1868
2025-07-03,AG-E-052,ภาคใต้,123,2348
2025-07-04,TK-A-001,กรุงเทพฯ,220,4423
2025-07-04,TK-A-001,ภาคกลาง,195,3621
2025-07-04,TK-A-001,ภาคตะวันออก,159,2636
2025-07-04,TK-A-001,ภาคเหนือ,135,1975
2025-07-04,TK-A-001,ภาคใต้,166,2864
2025-07-04,GL-B-014,กรุงเทพฯ,1211,19635
2025-07-04,GL-B-014,ภาคกลาง,1017,19276
2025-07-04,GL-B-014,ภาคตะวันออก,712,12423
2025-07-04,GL-B-014,ภาคเหนือ,651,13454
2025-07-04,GL-B-014,ภาคใต้,859,13661
2025-07-04,MK-C-028,กรุงเทพฯ,966,16586
2025-07-04,MK-C-028,ภาคกลาง,674,13581
2025-07-04,MK-C-028,ภาคตะวันออก,589,9635
2025-07-04,MK-C-028,ภาคเหนือ,458,9795
2025-07-04,MK-C-028,ภาคใต้,592,11671
2025-07-04,SY-D-039,กรุงเทพฯ,662,10249
2025-07-04,SY-D-039,ภาคกลาง,512,8794
2025-07-04,SY-D-039,ภาคตะวันออก,343,6850
2025-07-04,SY-D-039,ภาคเหนือ,305,5205
2025-07-04,SY-D-039,ภาคใต้,393,7150
2025-07-04,AG-E-052,กรุงเทพฯ,183,3720
2025-07-04,AG-E-052,ภาคกลาง,150,2795
2025-07-04,AG-E-052,ภาคตะวันออก,109,1993
2025-07-04,AG-E-052,ภาคเหนือ,102,1652
2025-07-04,AG-E-052,ภาคใต้,112,2241
2025-07-05,TK-A-001,กรุงเทพฯ,260,4210
2025-07-05,TK-A-001,ภาคกลาง,183,3753
2025-07-05,TK-A-001,ภาคตะวันออก,138,2241
2025-07-05,TK-A-001,ภาคเหนือ,116,2254
2025-07-05,TK-A-001,ภาคใต้,175,3148
2025-07-05,GL-B-014,กรุงเทพฯ,1171,19499
2025-07-05,GL-B-014,ภาคกลาง,922,15539
2025-07-05,GL-B-014,ภาคตะวันออก,794,14667
2025-07-05,GL-B-014,ภาคเหนือ,659,12761
2025-07-05,GL-B-014,ภาคใต้,890,12763
2025-07-05,MK-C-028,กรุงเทพฯ,818,17366
2025-07-05,MK-C-028,ภาคกลาง,727,12321
2025-07-05,MK-C-028,ภาคตะวันออก,493,8855
2025-07-05,MK-C-028,ภาคเหนือ,477,8653
2025-07-05,MK-C-028,ภาคใต้,636,10515
2025-07-05,SY-D-039,กรุงเทพฯ,579,11261
2025-07-05,SY-D-039,ภาคกลาง,451,9359
2025-07-05,SY-D-039,ภาคตะวันออก,384,5690
2025-07-05,SY-D-039,ภาคเหนือ,313,5775
2025-07-05,SY-D-039,ภาคใต้,421,7791
2025-07-05,AG-E-052,กรุงเทพฯ,195,3499
2025-07-05,AG-E-052,ภาคกลาง,151,2824
2025-07-05,AG-E-052,ภาคตะวันออก,100,1847
2025-07-05,AG-E-052,ภาคเหนือ,102,1868
2025-07-05,AG-E-052,ภาคใต้,124,1986
2025-07-06,TK-A-001,กรุงเทพฯ,262,4997
2025-07-06,TK-A-001,ภาคกลาง,195,3719
2025-07-06,TK-A-001,ภาคตะวันออก,137,2660
2025-07-06,TK-A-001,ภาคเหนือ,123,2510
2025-07-06,TK-A-001,ภาคใต้,160,3232
2025-07-06,GL-B-014,กรุงเทพฯ,1367,23110
2025-07-06,GL-B-014,ภาคกลาง,1034,16879
2025-07-06,GL-B-014,ภาคตะวันออก,809,12280
2025-07-06,GL-B-014,ภาคเหนือ,709,13628
2025-07-06,GL-B-014,ภาคใต้,815,13000
2025-07-06,MK-C-028,กรุงเทพฯ,838,17396
2025-07-06,MK-C-028,ภาคกลาง,655,14556
2025-07-06,MK-C-028,ภาคตะวันออก,551,8501
2025-07-06,MK-C-028,ภาคเหนือ,529,9075
2025-07-06,MK-C-028,ภาคใต้,562,9750
2025-07-06,SY-D-039,กรุงเทพฯ,609,9395
2025-07-06,SY-D-039,ภาคกลาง,476,9018
2025-07-06,SY-D-039,ภาคตะวันออก,355,5821
2025-07-06,SY-D-039,ภาคเหนือ,327,6001
2025-07-06,SY-D-039,ภาคใต้,442,7943
2025-07-06,AG-E-052,กรุงเทพฯ,166,2980
2025-07-06,AG-E-052,ภาคกลาง,139,2475
2025-07-06,AG-E-052,ภาคตะวันออก,114,1840
2025-07-06,AG-E-052,ภาคเหนือ,101,1531
2025-07-06,AG-E-052,ภาคใต้,121,2137
2025-07-07,TK-A-001,กรุงเทพฯ,255,4344
2025-07-07,TK-A-001,ภาคกลาง,189,3357
2025-07-07,TK-A-001,ภาคตะวันออก,135,2414
2025-07-07,TK-A-001,ภาคเหนือ,134,2087
2025-07-07,TK-A-001,ภาคใต้,175,3140
2025-07-07,GL-B-014,กรุงเทพฯ,1356,19791
2025-07-07,GL-B-014,ภาคกลาง,937,18314
2025-07-07,GL-B-014,ภาคตะวันออก,711,15382
2025-07-07,GL-B-014,ภาคเหนือ,667,11290
2025-07-07,GL-B-014,ภาคใต้,840,13634
2025-07-07,MK-C-028,กรุงเทพฯ,926,16770
2025-07-07,MK-C-028,ภาคกลาง,690,11132
2025-07-07,MK-C-028,ภาคตะวันออก,557,8861
2025-07-07,MK-C-028,ภาคเหนือ,495,9049
2025-07-07,MK-C-028,ภาคใต้,602,10130
2025-07-07,SY-D-039,กรุงเทพฯ,650,9743
2025-07-07,SY-D-039,ภาคกลาง,478,8035
2025-07-07,SY-D-039,ภาคตะวันออก,386,6761
2025-07-07,SY-D-039,ภาคเหนือ,339,6375
2025-07-07,SY-D-039,ภาคใต้,399,7043
2025-07-07,AG-E-052,กรุงเทพฯ,165,3407
2025-07-07,AG-E-052,ภาคกลาง,153,2997
2025-07-07,AG-E-052,ภาคตะวันออก,116,1986
2025-07-07,AG-E-052,ภาคเหนือ,90,1836
2025-07-07,AG-E-052,ภาคใต้,117,2029
2025-07-08,TK-A-001,กรุงเทพฯ,232,4836
2025-07-08,TK-A-001,ภาคกลาง,185,3286
2025-07-08,TK-A-001,ภาคตะวันออก,138,2916
2025-07-08,TK-A-001,ภาคเหนือ,137,2639
2025-07-08,TK-A-001,ภาคใต้,146,3003
2025-07-08,GL-B-014,กรุงเทพฯ,1221,25748
2025-07-08,GL-B-014,ภาคกลาง,1088,16793
2025-07-08,GL-B-014,ภาคตะวันออก,804,13365
2025-07-08,GL-B-014,ภาคเหนือ,721,10764
2025-07-08,GL-B-014,ภาคใต้,778,15329
2025-07-08,MK-C-028,กรุงเทพฯ,924,14774
2025-07-08,MK-C-028,ภาคกลาง,729,12692
2025-07-08,MK-C-028,ภาคตะวันออก,494,10010
2025-07-08,MK-C-028,ภาคเหนือ,442,8068
2025-07-08,MK-C-028,ภาคใต้,641,12530
2025-07-08,SY-D-039,กรุงเทพฯ,642,11894
2025-07-08,SY-D-039,ภาคกลาง,444,7414
2025-07-08,SY-D-039,ภาคตะวันออก,392,5843
2025-07-08,SY-D-039,ภาคเหนือ,342,5859
2025-07-08,SY-D-039,ภาคใต้,429,7544
2025-07-08,AG-E-052,กรุงเทพฯ,175,3659
2025-07-08,AG-E-052,ภาคกลาง,155,2970
2025-07-08,AG-E-052,ภาคตะวันออก,109,2012
2025-07-08,AG-E-052,ภาคเหนือ,107,1490
2025-07-08,AG-E-052,ภาคใต้,115,2204
2025-07-09,TK-A-001,กรุงเทพฯ,238,4202
2025-07-09,TK-A-001,ภาคกลาง,184,3989
2025-07-09,TK-A-001,ภาคตะวันออก,145,2534
2025-07-09,TK-A-001,ภาคเหนือ,133,2607
2025-07-09,TK-A-001,ภาคใต้,166,2805
2025-07-09,GL-B-014,กรุงเทพฯ,1310,24132
2025-07-09,GL-B-014,ภาคกลาง,991,17286
2025-07-09,GL-B-014,ภาคตะวันออก,730,14823
2025-07-09,GL-B-014,ภาคเหนือ,626,11048
2025-07-09,GL-B-014,ภาคใต้,908,15968
2025-07-09,MK-C-028,กรุงเทพฯ,913,15941
2025-07-09,MK-C-028,ภาคกลาง,738,12962
2025-07-09,MK-C-028,ภาคตะวันออก,549,9430
2025-07-09,MK-C-028,ภาคเหนือ,474,8558
2025-07-09,MK-C-028,ภาคใต้,589,10783
2025-07-09,SY-D-039,กรุงเทพฯ,614,9742
2025-07-09,SY-D-039,ภาคกลาง,468,7684
2025-07-09,SY-D-039,ภาคตะวันออก,398,6246
2025-07-09,SY-D-039,ภาคเหนือ,300,5240
2025-07-09,SY-D-039,ภาคใต้,377,7012
2025-07-09,AG-E-052,กรุงเทพฯ,188,2866
2025-07-09,AG-E-052,ภาคกลาง,142,2442
2025-07-09,AG-E-052,ภาคตะวันออก,103,1732
2025-07-09,AG-E-052,ภาคเหนือ,101,1671
2025-07-09,AG-E-052,ภาคใต้,123,2273
2025-07-10,TK-A-001,กรุงเทพฯ,227,4070
2025-07-10,TK-A-001,ภาคกลาง,209,3715
2025-07-10,TK-A-001,ภาคตะวันออก,143,2724
2025-07-10,TK-A-001,ภาคเหนือ,128,2580
2025-07-10,TK-A-001,ภาคใต้,151,3132
2025-07-10,GL-B-014,กรุงเทพฯ,1364,19625
2025-07-10,GL-B-014,ภาคกลาง,1060,16297
2025-07-10,GL-B-014,ภาคตะวันออก,750,13741
2025-07-10,GL-B-014,ภาคเหนือ,689,13590
2025-07-10,GL-B-014,ภาคใต้,866,14964
2025-07-10,MK-C-028,กรุงเทพฯ,979,17525
2025-07-10,MK-C-028,ภาคกลาง,725,14971
2025-07-10,MK-C-028,ภาคตะวันออก,504,10089
2025-07-10,MK-C-028,ภาคเหนือ,505,9798
2025-07-10,MK-C-028,ภาคใต้,638,10872
2025-07-10,SY-D-039,กรุงเทพฯ,584,10621
2025-07-10,SY-D-039,ภาคกลาง,471,7807
2025-07-10,SY-D-039,ภาคตะวันออก,391,5812
2025-07-10,SY-D-039,ภาคเหนือ,303,5000
2025-07-10,SY-D-039,ภาคใต้,426,7291
2025-07-10,AG-E-052,กรุงเทพฯ,177,2826
2025-07-10,AG-E-052,ภาคกลาง,139,2854
2025-07-10,AG-E-052,ภาคตะวันออก,118,2063
2025-07-10,AG-E-052,ภาคเหนือ,92,1737
2025-07-10,AG-E-052,ภาคใต้,124,2143
2025-07-11,TK-A-001,กรุงเทพฯ,234,4096
2025-07-11,TK-A-001,ภาคกลาง,200,2982
2025-07-11,TK-A-001,ภาคตะวันออก,151,2314
2025-07-11,TK-A-001,ภาคเหนือ,120,2136
2025-07-11,TK-A-001,ภาคใต้,174,2765
2025-07-11,GL-B-014,กรุงเทพฯ,1240,25279
2025-07-11,GL-B-014,ภาคกลาง,976,18195
2025-07-11,GL-B-014,ภาคตะวันออก,790,12858
2025-07-11,GL-B-014,ภาคเหนือ,660,11903
2025-07-11,GL-B-014,ภาคใต้,884,15613
2025-07-11,MK-C-028,กรุงเทพฯ,821,18092
2025-07-11,MK-C-028,ภาคกลาง,714,12683
2025-07-11,MK-C-028,ภาคตะวันออก,532,9321
2025-07-11,MK-C-028,ภาคเหนือ,447,8675
2025-07-11,MK-C-028,ภาคใต้,635,11278
2025-07-11,SY-D-039,กรุงเทพฯ,615,11458
2025-07-11,SY-D-039,ภาคกลาง,463,9404
2025-07-11,SY-D-039,ภาคตะวันออก,397,6731
2025-07-11,SY-D-039,ภาคเหนือ,299,6698
2025-07-11,SY-D-039,ภาคใต้,405,6835
2025-07-11,AG-E-052,กรุงเทพฯ,174,3427
2025-07-11,AG-E-052,ภาคกลาง,152,2322
2025-07-11,AG-E-052,ภาคตะวันออก,109,2216
2025-07-11,AG-E-052,ภาคเหนือ,107,1961
2025-07-11,AG-E-052,ภาคใต้,123,2338
2025-07-12,TK-A-001,กรุงเทพฯ,259,4648
2025-07-12,TK-A-001,ภาคกลาง,211,3888
2025-07-12,TK-A-001,ภาคตะวันออก,149,2593
2025-07-12,TK-A-001,ภาคเหนือ,138,2003
2025-07-12,TK-A-001,ภาคใต้,168,2732
2025-07-12,GL-B-014,กรุงเทพฯ,1333,23241
2025-07-12,GL-B-014,ภาคกลาง,1020,17925
2025-07-12,GL-B-014,ภาคตะวันออก,797,12469
2025-07-12,GL-B-014,ภาคเหนือ,735,10891
2025-07-12,GL-B-014,ภาคใต้,915,15565
2025-07-12,MK-C-028,กรุงเทพฯ,871,16460
2025-07-12,MK-C-028,ภาคกลาง,799,14491
2025-07-12,MK-C-028,ภาคตะวันออก,567,9840
2025-07-12,MK-C-028,ภาคเหนือ,452,8740
2025-07-12,MK-C-028,ภาคใต้,561,9391
2025-07-12,SY-D-039,กรุงเทพฯ,578,9801
2025-07-12,SY-D-039,ภาคกลาง,488,9813
2025-07-12,SY-D-039,ภาคตะวันออก,366,5615
2025-07-12,SY-D-039,ภาคเหนือ,301,5813
2025-07-12,SY-D-039,ภาคใต้,417,8343
2025-07-12,AG-E-052,กรุงเทพฯ,168,3404
2025-07-12,AG-E-052,ภาคกลาง,135,2279
2025-07-12,AG-E-052,ภาคตะวันออก,102,2154
2025-07-12,AG-E-052,ภาคเหนือ,90,1641
2025-07-12,AG-E-052,ภาคใต้,122,2394
2025-07-13,TK-A-001,กรุงเทพฯ,249,4201
2025-07-13,TK-A-001,ภาคกลาง,188,3137
2025-07-13,TK-A-001,ภาคตะวันออก,148,2703
2025-07-13,TK-A-001,ภาคเหนือ,134,2140
2025-07-13,TK-A-001,ภาคใต้,169,2562
2025-07-13,GL-B-014,กรุงเทพฯ,1271,25614
2025-07-13,GL-B-014,ภาคกลาง,1015,16157
2025-07-13,GL-B-014,ภาคตะวันออก,791,12207
2025-07-13,GL-B-014,ภาคเหนือ,615,10948
2025-07-13,GL-B-014,ภาคใต้,774,14168
2025-07-13,MK-C-028,กรุงเทพฯ,908,18711
2025-07-13,MK-C-028,ภาคกลาง,793,14429
2025-07-13,MK-C-028,ภาคตะวันออก,507,10086
2025-07-13,MK-C-028,ภาคเหนือ,451,9326
2025-07-13,MK-C-028,ภาคใต้,620,11628
2025-07-13,SY-D-039,กรุงเทพฯ,551,12130
2025-07-13,SY-D-039,ภาคกลาง,507,7798
2025-07-13,SY-D-039,ภาคตะวันออก,361,5727
2025-07-13,SY-D-039,ภาคเหนือ,300,5453
2025-07-13,SY-D-039,ภาคใต้,365,6842
2025-07-13,AG-E-052,กรุงเทพฯ,170,3292
2025-07-13,AG-E-052,ภาคกลาง,135,2985
2025-07-13,AG-E-052,ภาคตะวันออก,109,1863
2025-07-13,AG-E-052,ภาคเหนือ,107,1890
2025-07-13,AG-E-052,ภาคใต้,114,2344
2025-07-14,TK-A-001,กรุงเทพฯ,244,4100
2025-07-14,TK-A-001,ภาคกลาง,190,3469
2025-07-14,TK-A-001,ภาคตะวันออก,158,2290
2025-07-14,TK-A-001,ภาคเหนือ,142,2460
2025-07-14,TK-A-001,ภาคใต้,172,2731
2025-07-14,GL-B-014,กรุงเทพฯ,1244,22278
2025-07-14,GL-B-014,ภาคกลาง,1017,15443
2025-07-14,GL-B-014,ภาคตะวันออก,712,12553
2025-07-14,GL-B-014,ภาคเหนือ,645,12848
2025-07-14,GL-B-014,ภาคใต้,800,17295
2025-07-14,MK-C-028,กรุงเทพฯ,877,16675
2025-07-14,MK-C-028,ภาคกลาง,706,13129
2025-07-14,MK-C-028,ภาคตะวันออก,498,9750
2025-07-14,MK-C-028,ภาคเหนือ,442,8785
2025-07-14,MK-C-028,ภาคใต้,601,10331
2025-07-14,SY-D-039,กรุงเทพฯ,623,10802
2025-07-14,SY-D-039,ภาคกลาง,456,8566
2025-07-14,SY-D-039,ภาคตะวันออก,329,6903
2025-07-14,SY-D-039,ภาคเหนือ,352,5584
2025-07-14,SY-D-039,ภาคใต้,414,8014
2025-07-14,AG-E-052,กรุงเทพฯ,195,3479
2025-07-14,AG-E-052,ภาคกลาง,161,2775
2025-07-14,AG-E-052,ภาคตะวันออก,117,1841
2025-07-14,AG-E-052,ภาคเหนือ,94,1742
2025-07-14,AG-E-052,ภาคใต้,121,1918
2025-07-15,TK-A-001,กรุงเทพฯ,225,4388
2025-07-15,TK-A-001,ภาคกลาง,185,3674
2025-07-15,TK-A-001,ภาคตะวันออก,155,2837
2025-07-15,TK-A-001,ภาคเหนือ,140,2647
2025-07-15,TK-A-001,ภาคใต้,158,3130
2025-07-15,GL-B-014,กรุงเทพฯ,1346,24269
2025-07-15,GL-B-014,ภาคกลาง,1002,18677
2025-07-15,GL-B-014,ภาคตะวันออก,816,12659
2025-07-15,GL-B-014,ภาคเหนือ,665,11949
2025-07-15,GL-B-014,ภาคใต้,917,15118
2025-07-15,MK-C-028,กรุงเทพฯ,955,16250
2025-07-15,MK-C-028,ภาคกลาง,692,12030
2025-07-15,MK-C-028,ภาคตะวันออก,556,10764
2025-07-15,MK-C-028,ภาคเหนือ,457,7510
2025-07-15,MK-C-028,ภาคใต้,608,9525
2025-07-15,SY-D-039,กรุงเทพฯ,593,11889
2025-07-15,SY-D-039,ภาคกลาง,467,8294
2025-07-15,SY-D-039,ภาคตะวันออก,375,5804
2025-07-15,SY-D-039,ภาคเหนือ,352,6650
2025-07-15,SY-D-039,ภาคใต้,421,8251
2025-07-15,AG-E-052,กรุงเทพฯ,183,3024
2025-07-15,AG-E-052,ภาคกลาง,151,2478
2025-07-15,AG-E-052,ภาคตะวันออก,101,2202
2025-07-15,AG-E-052,ภาคเหนือ,94,1993
2025-07-15,AG-E-052,ภาคใต้,119,2156
2025-07-16,TK-A-001,กรุงเทพฯ,228,3965
2025-07-16,TK-A-001,ภาคกลาง,208,4003
2025-07-16,TK-A-001,ภาคตะวันออก,145,2379
2025-07-16,TK-A-001,ภาคเหนือ,130,2257
2025-07-16,TK-A-001,ภาคใต้,168,3286
2025-07-16,GL-B-014,กรุงเทพฯ,1247,23932
2025-07-16,GL-B-014,ภาคกลาง,982,20712
2025-07-16,GL-B-014,ภาคตะวันออก,827,14148
2025-07-16,GL-B-014,ภาคเหนือ,668,11089
2025-07-16,GL-B-014,ภาคใต้,889,16029
2025-07-16,MK-C-028,กรุงเทพฯ,964,14304
2025-07-16,MK-C-028,ภาคกลาง,737,12891
2025-07-16,MK-C-028,ภาคตะวันออก,595,10197
2025-07-16,MK-C-028,ภาคเหนือ,450,8704
2025-07-16,MK-C-028,ภาคใต้,663,9929
2025-07-16,SY-D-039,กรุงเทพฯ,663,12319
2025-07-16,SY-D-039,ภาคกลาง,524,9738
2025-07-16,SY-D-039,ภาคตะวันออก,340,6942
2025-07-16,SY-D-039,ภาคเหนือ,314,4981
2025-07-16,SY-D-039,ภาคใต้,378,6661
2025-07-16,AG-E-052,กรุงเทพฯ,197,3736
2025-07-16,AG-E-052,ภาคกลาง,138,2619
2025-07-16,AG-E-052,ภาคตะวันออก,114,1920
2025-07-16,AG-E-052,ภาคเหนือ,104,1672
2025-07-16,AG-E-052,ภาคใต้,130,1965
2025-07-17,TK-A-001,กรุงเทพฯ,234,4462
2025-07-17,TK-A-001,ภาคกลาง,212,3037
2025-07-17,TK-A-001,ภาคตะวันออก,150,3005
2025-07-17,TK-A-001,ภาคเหนือ,127,2387
2025-07-17,TK-A-001,ภาคใต้,159,3344
2025-07-17,GL-B-014,กรุงเทพฯ,1194,20976
2025-07-17,GL-B-014,ภาคกลาง,1074,20095
2025-07-17,GL-B-014,ภาคตะวันออก,753,15144
2025-07-17,GL-B-014,ภาคเหนือ,699,13537
2025-07-17,GL-B-014,ภาคใต้,766,13703
2025-07-17,MK-C-028,กรุงเทพฯ,987,15272
2025-07-17,MK-C-028,ภาคกลาง,676,13074
2025-07-17,MK-C-028,ภาคตะวันออก,604,8535
2025-07-17,MK-C-028,ภาคเหนือ,489,8551
2025-07-17,MK-C-028,ภาคใต้,550,9484
2025-07-17,SY-D-039,กรุงเทพฯ,554,12203
2025-07-17,SY-D-039,ภาคกลาง,444,7549
2025-07-17,SY-D-039,ภาคตะวันออก,355,6914
2025-07-17,SY-D-039,ภาคเหนือ,347,6176
2025-07-17,SY-D-039,ภาคใต้,394,7136
2025-07-17,AG-E-052,กรุงเทพฯ,167,3250
2025-07-17,AG-E-052,ภาคกลาง,147,2250
2025-07-17,AG-E-052,ภาคตะวันออก,104,2266
2025-07-17,AG-E-052,ภาคเหนือ,99,1676
2025-07-17,AG-E-052,ภาคใต้,116,2427
2025-07-18,TK-A-001,กรุงเทพฯ,232,4128
2025-07-18,TK-A-001,ภาคกลาง,180,3767
2025-07-18,TK-A-001,ภาคตะวันออก,141,2355
2025-07-18,TK-A-001,ภาคเหนือ,127,2289
2025-07-18,TK-A-001,ภาคใต้,172,3275
2025-07-18,GL-B-014,กรุงเทพฯ,1199,19650
2025-07-18,GL-B-014,ภาคกลาง,993,16455
2025-07-18,GL-B-014,ภาคตะวันออก,756,14065
2025-07-18,GL-B-014,ภาคเหนือ,679,13118
2025-07-18,GL-B-014,ภาคใต้,814,15675
2025-07-18,MK-C-028,กรุงเทพฯ,978,17684
2025-07-18,MK-C-028,ภาคกลาง,743,12959
2025-07-18,MK-C-028,ภาคตะวันออก,602,11145
2025-07-18,MK-C-028,ภาคเหนือ,522,9349
2025-07-18,MK-C-028,ภาคใต้,653,10183
2025-07-18,SY-D-039,กรุงเทพฯ,591,11797
2025-07-18,SY-D-039,ภาคกลาง,528,10080
2025-07-18,SY-D-039,ภาคตะวันออก,342,5670
2025-07-18,SY-D-039,ภาคเหนือ,357,6646
2025-07-18,SY-D-039,ภาคใต้,377,6461
2025-07-18,AG-E-052,กรุงเทพฯ,181,3128
2025-07-18,AG-E-052,ภาคกลาง,154,2529
2025-07-18,AG-E-052,ภาคตะวันออก,111,2114
2025-07-18,AG-E-052,ภาคเหนือ,103,1865
2025-07-18,AG-E-052,ภาคใต้,122,2081
2025-07-19,TK-A-001,กรุงเทพฯ,235,3764
2025-07-19,TK-A-001,ภาคกลาง,195,3461
2025-07-19,TK-A-001,ภาคตะวันออก,148,2962
2025-07-19,TK-A-001,ภาคเหนือ,137,2698
2025-07-19,TK-A-001,ภาคใต้,176,2611
2025-07-19,GL-B-014,กรุงเทพฯ,1180,22013
2025-07-19,GL-B-014,ภาคกลาง,965,19433
2025-07-19,GL-B-014,ภาคตะวันออก,746,15639
2025-07-19,GL-B-014,ภาคเหนือ,678,13018
2025-07-19,GL-B-014,ภาคใต้,821,13788
2025-07-19,MK-C-028,กรุงเทพฯ,884,14277
2025-07-19,MK-C-028,ภาคกลาง,702,14337
2025-07-19,MK-C-028,ภาคตะวันออก,526,10476
2025-07-19,MK-C-028,ภาคเหนือ,444,10026
2025-07-19,MK-C-028,ภาคใต้,654,11641
2025-07-19,SY-D-039,กรุงเทพฯ,609,10412
2025-07-19,SY-D-039,ภาคกลาง,526,8365
2025-07-19,SY-D-039,ภาคตะวันออก,371,7104
2025-07-19,SY-D-039,ภาคเหนือ,358,5473
2025-07-19,SY-D-039,ภาคใต้,432,8083
2025-07-19,AG-E-052,กรุงเทพฯ,171,2873
2025-07-19,AG-E-052,ภาคกลาง,148,2553
2025-07-19,AG-E-052,ภาคตะวันออก,102,2221
2025-07-19,AG-E-052,ภาคเหนือ,99,1551
2025-07-19,AG-E-052,ภาคใต้,125,2315
2025-07-20,TK-A-001,กรุงเทพฯ,236,4469
2025-07-20,TK-A-001,ภาคกลาง,186,3693
2025-07-20,TK-A-001,ภาคตะวันออก,161,2962
2025-07-20,TK-A-001,ภาคเหนือ,119,2318
2025-07-20,TK-A-001,ภาคใต้,172,2653
2025-07-20,GL-B-014,กรุงเทพฯ,1240,25572
2025-07-20,GL-B-014,ภาคกลาง,965,20232
2025-07-20,GL-B-014,ภาคตะวันออก,726,12501
2025-07-20,GL-B-014,ภาคเหนือ,736,11155
2025-07-20,GL-B-014,ภาคใต้,767,14863
2025-07-20,MK-C-028,กรุงเทพฯ,832,17151
2025-07-20,MK-C-028,ภาคกลาง,786,11355
2025-07-20,MK-C-028,ภาคตะวันออก,507,10497
2025-07-20,MK-C-028,ภาคเหนือ,511,8357
2025-07-20,MK-C-028,ภาคใต้,612,10096
2025-07-20,SY-D-039,กรุงเทพฯ,655,12069
2025-07-20,SY-D-039,ภาคกลาง,469,10046
2025-07-20,SY-D-039,ภาคตะวันออก,370,7182
2025-07-20,SY-D-039,ภาคเหนือ,304,6569
2025-07-20,SY-D-039,ภาคใต้,435,7930
2025-07-20,AG-E-052,กรุงเทพฯ,191,3295
2025-07-20,AG-E-052,ภาคกลาง,159,2754
2025-07-20,AG-E-052,ภาคตะวันออก,120,1770
2025-07-20,AG-E-052,ภาคเหนือ,102,1775
2025-07-20,AG-E-052,ภาคใต้,116,2375
2025-07-21,TK-A-001,กรุงเทพฯ,232,4684
2025-07-21,TK-A-001,ภาคกลาง,185,3122
2025-07-21,TK-A-001,ภาคตะวันออก,155,2439
2025-07-21,TK-A-001,ภาคเหนือ,121,2420
2025-07-21,TK-A-001,ภาคใต้,169,2509
2025-07-21,GL-B-014,กรุงเทพฯ,1342,21458
2025-07-21,GL-B-014,ภาคกลาง,1058,17637
2025-07-21,GL-B-014,ภาคตะวันออก,749,14721
2025-07-21,GL-B-014,ภาคเหนือ,611,13066
2025-07-21,GL-B-014,ภาคใต้,799,15452
2025-07-21,MK-C-028,กรุงเทพฯ,994,16269
2025-07-21,MK-C-028,ภาคกลาง,790,14612
2025-07-21,MK-C-028,ภาคตะวันออก,564,8766
2025-07-21,MK-C-028,ภาคเหนือ,449,8534
2025-07-21,MK-C-028,ภาคใต้,596,10396
2025-07-21,SY-D-039,กรุงเทพฯ,629,11222
2025-07-21,SY-D-039,ภาคกลาง,468,9849
2025-07-21,SY-D-039,ภาคตะวันออก,331,6896
2025-07-21,SY-D-039,ภาคเหนือ,305,6083
2025-07-21,SY-D-039,ภาคใต้,449,6684
2025-07-21,AG-E-052,กรุงเทพฯ,178,3720
2025-07-21,AG-E-052,ภาคกลาง,144,2564
2025-07-21,AG-E-052,ภาคตะวันออก,115,2164
2025-07-21,AG-E-052,ภาคเหนือ,98,1788
2025-07-21,AG-E-052,ภาคใต้,131,2077
2025-07-22,TK-A-001,กรุงเทพฯ,250,4105
2025-07-22,TK-A-001,ภาคกลาง,179,3020
2025-07-22,TK-A-001,ภาคตะวันออก,149,2270
2025-07-22,TK-A-001,ภาคเหนือ,131,2368
2025-07-22,TK-A-001,ภาคใต้,163,3339
2025-07-22,GL-B-014,กรุงเทพฯ,1268,25121
2025-07-22,GL-B-014,ภาคกลาง,1103,16450
2025-07-22,GL-B-014,ภาคตะวันออก,709,12521
2025-07-22,GL-B-014,ภาคเหนือ,739,10762
2025-07-22,GL-B-014,ภาคใต้,909,16495
2025-07-22,MK-C-028,กรุงเทพฯ,886,16261
2025-07-22,MK-C-028,ภาคกลาง,790,15051
2025-07-22,MK-C-028,ภาคตะวันออก,571,10274
2025-07-22,MK-C-028,ภาคเหนือ,469,9248
2025-07-22,MK-C-028,ภาคใต้,659,10350
2025-07-22,SY-D-039,กรุงเทพฯ,595,11610
2025-07-22,SY-D-039,ภาคกลาง,489,10081
2025-07-22,SY-D-039,ภาคตะวันออก,378,7033
2025-07-22,SY-D-039,ภาคเหนือ,305,6097
2025-07-22,SY-D-039,ภาคใต้,397,6259
2025-07-22,AG-E-052,กรุงเทพฯ,184,3033
2025-07-22,AG-E-052,ภาคกลาง,143,2706
2025-07-22,AG-E-052,ภาคตะวันออก,113,1968
2025-07-22,AG-E-052,ภาคเหนือ,92,1704
2025-07-22,AG-E-052,ภาคใต้,124,1896
2025-07-23,TK-A-001,กรุงเทพฯ,231,3849
2025-07-23,TK-A-001,ภาคกลาง,207,3101
2025-07-23,TK-A-001,ภาคตะวันออก,137,3049
2025-07-23,TK-A-001,ภาคเหนือ,126,2114
2025-07-23,TK-A-001,ภาคใต้,179,3193
2025-07-23,GL-B-014,กรุงเทพฯ,1302,21348
2025-07-23,GL-B-014,ภาคกลาง,959,18378
2025-07-23,GL-B-014,ภาคตะวันออก,693,12487
2025-07-23,GL-B-014,ภาคเหนือ,665,11972
2025-07-23,GL-B-014,ภาคใต้,786,13236
2025-07-23,MK-C-028,กรุงเทพฯ,957,17357
2025-07-23,MK-C-028,ภาคกลาง,777,14035
2025-07-23,MK-C-028,ภาคตะวันออก,523,8989
2025-07-23,MK-C-028,ภาคเหนือ,525,9238
2025-07-23,MK-C-028,ภาคใต้,659,11167
2025-07-23,SY-D-039,กรุงเทพฯ,561,10890
2025-07-23,SY-D-039,ภาคกลาง,442,8860
2025-07-23,SY-D-039,ภาคตะวันออก,345,7110
2025-07-23,SY-D-039,ภาคเหนือ,350,6550
2025-07-23,SY-D-039,ภาคใต้,406,6924
2025-07-23,AG-E-052,กรุงเทพฯ,177,3002
2025-07-23,AG-E-052,ภาคกลาง,146,2359
2025-07-23,AG-E-052,ภาคตะวันออก,108,2270
2025-07-23,AG-E-052,ภาคเหนือ,95,1541
2025-07-23,AG-E-052,ภาคใต้,129,2449
2025-07-24,TK-A-001,กรุงเทพฯ,231,4584
2025-07-24,TK-A-001,ภาคกลาง,209,3575
2025-07-24,TK-A-001,ภาคตะวันออก,144,3003
2025-07-24,TK-A-001,ภาคเหนือ,128,2383
2025-07-24,TK-A-001,ภาคใต้,158,2723
2025-07-24,GL-B-014,กรุงเทพฯ,1146,21296
2025-07-24,GL-B-014,ภาคกลาง,1073,15710
2025-07-24,GL-B-014,ภาคตะวันออก,778,15074
2025-07-24,GL-B-014,ภาคเหนือ,685,13349
2025-07-24,GL-B-014,ภาคใต้,826,14532
2025-07-24,MK-C-028,กรุงเทพฯ,944,16080
2025-07-24,MK-C-028,ภาคกลาง,782,11668
2025-07-24,MK-C-028,ภาคตะวันออก,571,10788
2025-07-24,MK-C-028,ภาคเหนือ,443,9116
2025-07-24,MK-C-028,ภาคใต้,580,10271
2025-07-24,SY-D-039,กรุงเทพฯ,621,10371
2025-07-24,SY-D-039,ภาคกลาง,456,8508
2025-07-24,SY-D-039,ภาคตะวันออก,390,6898
2025-07-24,SY-D-039,ภาคเหนือ,347,6063
2025-07-24,SY-D-039,ภาคใต้,377,7825
2025-07-24,AG-E-052,กรุงเทพฯ,183,2927
2025-07-24,AG-E-052,ภาคกลาง,153,2771
2025-07-24,AG-E-052,ภาคตะวันออก,117,2284
2025-07-24,AG-E-052,ภาคเหนือ,106,1756
2025-07-24,AG-E-052,ภาคใต้,135,2256
2025-07-25,TK-A-001,กรุงเทพฯ,268,3963
2025-07-25,TK-A-001,ภาคกลาง,205,3949
2025-07-25,TK-A-001,ภาคตะวันออก,134,3008
2025-07-25,TK-A-001,ภาคเหนือ,124,2359
2025-07-25,TK-A-001,ภาคใต้,165,2898
2025-07-25,GL-B-014,กรุงเทพฯ,1287,19700
2025-07-25,GL-B-014,ภาคกลาง,941,19831
2025-07-25,GL-B-014,ภาคตะวันออก,819,12629
2025-07-25,GL-B-014,ภาคเหนือ,669,13689
2025-07-25,GL-B-014,ภาคใต้,907,14703
2025-07-25,MK-C-028,กรุงเทพฯ,962,18951
2025-07-25,MK-C-028,ภาคกลาง,713,12978
2025-07-25,MK-C-028,ภาคตะวันออก,523,8954
2025-07-25,MK-C-028,ภาคเหนือ,453,7885
2025-07-25,MK-C-028,ภาคใต้,578,11343
2025-07-25,SY-D-039,กรุงเทพฯ,647,9640
2025-07-25,SY-D-039,ภาคกลาง,496,10094
2025-07-25,SY-D-039,ภาคตะวันออก,333,6174
2025-07-25,SY-D-039,ภาคเหนือ,334,5629
2025-07-25,SY-D-039,ภาคใต้,431,8227
2025-07-25,AG-E-052,กรุงเทพฯ,192,3786
2025-07-25,AG-E-052,ภาคกลาง,134,2449
2025-07-25,AG-E-052,ภาคตะวันออก,108,1730
2025-07-25,AG-E-052,ภาคเหนือ,98,2009
2025-07-25,AG-E-052,ภาคใต้,119,2058
2025-07-26,TK-A-001,กรุงเทพฯ,260,3899
2025-07-26,TK-A-001,ภาคกลาง,199,3879
2025-07-26,TK-A-001,ภาคตะวันออก,150,2822
2025-07-26,TK-A-001,ภาคเหนือ,124,2562
2025-07-26,TK-A-001,ภาคใต้,168,3260
2025-07-26,GL-B-014,กรุงเทพฯ,1265,26295
2025-07-26,GL-B-014,ภาคกลาง,970,16848
2025-07-26,GL-B-014,ภาคตะวันออก,816,13441
2025-07-26,GL-B-014,ภาคเหนือ,639,10871
2025-07-26,GL-B-014,ภาคใต้,768,13619
2025-07-26,MK-C-028,กรุงเทพฯ,922,18427
2025-07-26,MK-C-028,ภาคกลาง,733,11781
2025-07-26,MK-C-028,ภาคตะวันออก,529,9346
2025-07-26,MK-C-028,ภาคเหนือ,517,9086
2025-07-26,MK-C-028,ภาคใต้,582,9707
2025-07-26,SY-D-039,กรุงเทพฯ,665,11314
2025-07-26,SY-D-039,ภาคกลาง,467,9203
2025-07-26,SY-D-039,ภาคตะวันออก,404,7475
2025-07-26,SY-D-039,ภาคเหนือ,329,6424
2025-07-26,SY-D-039,ภาคใต้,414,8295
2025-07-26,AG-E-052,กรุงเทพฯ,172,2905
2025-07-26,AG-E-052,ภาคกลาง,136,2467
2025-07-26,AG-E-052,ภาคตะวันออก,101,2168
2025-07-26,AG-E-052,ภาคเหนือ,96,1572
2025-07-26,AG-E-052,ภาคใต้,120,1987
2025-07-27,TK-A-001,กรุงเทพฯ,269,4253
2025-07-27,TK-A-001,ภาคกลาง,191,3752
2025-07-27,TK-A-001,ภาคตะวันออก,136,2492
2025-07-27,TK-A-001,ภาคเหนือ,138,2145
2025-07-27,TK-A-001,ภาคใต้,152,2953
2025-07-27,GL-B-014,กรุงเทพฯ,1256,19817
2025-07-27,GL-B-014,ภาคกลาง,957,19077
2025-07-27,GL-B-014,ภาคตะวันออก,721,15489
2025-07-27,GL-B-014,ภาคเหนือ,653,10980
2025-07-27,GL-B-014,ภาคใต้,782,16888
2025-07-27,MK-C-028,กรุงเทพฯ,890,16225
2025-07-27,MK-C-028,ภาคกลาง,718,12824
2025-07-27,MK-C-028,ภาคตะวันออก,503,10354
2025-07-27,MK-C-028,ภาคเหนือ,519,8358
2025-07-27,MK-C-028,ภาคใต้,602,11395
2025-07-27,SY-D-039,กรุงเทพฯ,677,9671
2025-07-27,SY-D-039,ภาคกลาง,446,8204
2025-07-27,SY-D-039,ภาคตะวันออก,393,7555
2025-07-27,SY-D-039,ภาคเหนือ,301,5576
2025-07-27,SY-D-039,ภาคใต้,434,7417
2025-07-27,AG-E-052,กรุงเทพฯ,201,3474
2025-07-27,AG-E-052,ภาคกลาง,151,2311
2025-07-27,AG-E-052,ภาคตะวันออก,103,1832
2025-07-27,AG-E-052,ภาคเหนือ,92,1516
2025-07-27,AG-E-052,ภาคใต้,135,2312
2025-07-28,TK-A-001,กรุงเทพฯ,270,4283
2025-07-28,TK-A-001,ภาคกลาง,214,3681
2025-07-28,TK-A-001,ภาคตะวันออก,157,2949
2025-07-28,TK-A-001,ภาคเหนือ,137,2045
2025-07-28,TK-A-001,ภาคใต้,157,2669
2025-07-28,GL-B-014,กรุงเทพฯ,1376,21761
2025-07-28,GL-B-014,ภาคกลาง,1102,19519
2025-07-28,GL-B-014,ภาคตะวันออก,816,12696
2025-07-28,GL-B-014,ภาคเหนือ,626,12431
2025-07-28,GL-B-014,ภาคใต้,800,15204
2025-07-28,MK-C-028,กรุงเทพฯ,965,16208
2025-07-28,MK-C-028,ภาคกลาง,686,13692
2025-07-28,MK-C-028,ภาคตะวันออก,545,9027
2025-07-28,MK-C-028,ภาคเหนือ,482,7719
2025-07-28,MK-C-028,ภาคใต้,657,9493
2025-07-28,SY-D-039,กรุงเทพฯ,593,11599
2025-07-28,SY-D-039,ภาคกลาง,478,8105
2025-07-28,SY-D-039,ภาคตะวันออก,337,6243
2025-07-28,SY-D-039,ภาคเหนือ,359,5400
2025-07-28,SY-D-039,ภาคใต้,373,6678
2025-07-28,AG-E-052,กรุงเทพฯ,186,3437
2025-07-28,AG-E-052,ภาคกลาง,154,2888
2025-07-28,AG-E-052,ภาคตะวันออก,108,2281
2025-07-28,AG-E-052,ภาคเหนือ,90,2033
2025-07-28,AG-E-052,ภาคใต้,111,2378
2025-07-29,TK-A-001,กรุงเทพฯ,248,4509
2025-07-29,TK-A-001,ภาคกลาง,204,3688
2025-07-29,TK-A-001,ภาคตะวันออก,140,2739
2025-07-29,TK-A-001,ภาคเหนือ,135,2217
2025-07-29,TK-A-001,ภาคใต้,160,3250
2025-07-29,GL-B-014,กรุงเทพฯ,1260,20357
2025-07-29,GL-B-014,ภาคกลาง,1075,19366
2025-07-29,GL-B-014,ภาคตะวันออก,705,13712
2025-07-29,GL-B-014,ภาคเหนือ,696,12805
2025-07-29,GL-B-014,ภาคใต้,797,16240
2025-07-29,MK-C-028,กรุงเทพฯ,936,16038
2025-07-29,MK-C-028,ภาคกลาง,761,13961
2025-07-29,MK-C-028,ภาคตะวันออก,539,9539
2025-07-29,MK-C-028,ภาคเหนือ,543,9773
2025-07-29,MK-C-028,ภาคใต้,596,10516
2025-07-29,SY-D-039,กรุงเทพฯ,676,9672
2025-07-29,SY-D-039,ภาคกลาง,478,9463
2025-07-29,SY-D-039,ภาคตะวันออก,385,6585
2025-07-29,SY-D-039,ภาคเหนือ,305,6106
2025-07-29,SY-D-039,ภาคใต้,383,6501
2025-07-29,AG-E-052,กรุงเทพฯ,175,2962
2025-07-29,AG-E-052,ภาคกลาง,150,2743
2025-07-29,AG-E-052,ภาคตะวันออก,117,1960
2025-07-29,AG-E-052,ภาคเหนือ,104,1879
2025-07-29,AG-E-052,ภาคใต้,131,2143
2025-07-30,TK-A-001,กรุงเทพฯ,258,4040
2025-07-30,TK-A-001,ภาคกลาง,187,3778
2025-07-30,TK-A-001,ภาคตะวันออก,158,2428
2025-07-30,TK-A-001,ภาคเหนือ,123,2287
2025-07-30,TK-A-001,ภาคใต้,176,2832
2025-07-30,GL-B-014,กรุงเทพฯ,1241,21658
2025-07-30,GL-B-014,ภาคกลาง,941,18073
2025-07-30,GL-B-014,ภาคตะวันออก,724,14344
2025-07-30,GL-B-014,ภาคเหนือ,713,13386
2025-07-30,GL-B-014,ภาคใต้,835,14347
2025-07-30,MK-C-028,กรุงเทพฯ,849,14877
2025-07-30,MK-C-028,ภาคกลาง,813,13590
2025-07-30,MK-C-028,ภาคตะวันออก,524,10864
2025-07-30,MK-C-028,ภาคเหนือ,517,9725
2025-07-30,MK-C-028,ภาคใต้,620,11566
2025-07-30,SY-D-039,กรุงเทพฯ,564,11487
2025-07-30,SY-D-039,ภาคกลาง,514,7853
2025-07-30,SY-D-039,ภาคตะวันออก,376,7539
2025-07-30,SY-D-039,ภาคเหนือ,331,6709
2025-07-30,SY-D-039,ภาคใต้,390,6722
2025-07-30,AG-E-052,กรุงเทพฯ,179,3496
2025-07-30,AG-E-052,ภาคกลาง,158,2425
2025-07-30,AG-E-052,ภาคตะวันออก,103,1752
2025-07-30,AG-E-052,ภาคเหนือ,89,1732
2025-07-30,AG-E-052,ภาคใต้,126,1980
2025-07-31,TK-A-001,กรุงเทพฯ,224,3808
2025-07-31,TK-A-001,ภาคกลาง,202,3877
2025-07-31,TK-A-001,ภาคตะวันออก,143,2794
2025-07-31,TK-A-001,ภาคเหนือ,137,2100
2025-07-31,TK-A-001,ภาคใต้,152,3338
2025-07-31,GL-B-014,กรุงเทพฯ,1186,22684
2025-07-31,GL-B-014,ภาคกลาง,947,20724
2025-07-31,GL-B-014,ภาคตะวันออก,711,13610
2025-07-31,GL-B-014,ภาคเหนือ,694,12362
2025-07-31,GL-B-014,ภาคใต้,801,14889
2025-07-31,MK-C-028,กรุงเทพฯ,911,14345
2025-07-31,MK-C-028,ภาคกลาง,704,15269
2025-07-31,MK-C-028,ภาคตะวันออก,555,9836
2025-07-31,MK-C-028,ภาคเหนือ,487,9022
2025-07-31,MK-C-028,ภาคใต้,659,11493
2025-07-31,SY-D-039,กรุงเทพฯ,564,11086
2025-07-31,SY-D-039,ภาคกลาง,500,9865
2025-07-31,SY-D-039,ภาคตะวันออก,340,6186
2025-07-31,SY-D-039,ภาคเหนือ,343,6634
2025-07-31,SY-D-039,ภาคใต้,438,6498
2025-07-31,AG-E-052,กรุงเทพฯ,182,2897
2025-07-31,AG-E-052,ภาคกลาง,136,2764
2025-07-31,AG-E-052,ภาคตะวันออก,122,1914
2025-07-31,AG-E-052,ภาคเหนือ,108,1948
2025-07-31,AG-E-052,ภาคใต้,132,2329
2025-08-01,TK-A-001,กรุงเทพฯ,250,5065
2025-08-01,TK-A-001,ภาคกลาง,191,3157
2025-08-01,TK-A-001,ภาคตะวันออก,157,2748
2025-08-01,TK-A-001,ภาคเหนือ,119,2520
2025-08-01,TK-A-001,ภาคใต้,149,3150
2025-08-01,GL-B-014,กรุงเทพฯ,1157,21212
2025-08-01,GL-B-014,ภาคกลาง,1060,18352
2025-08-01,GL-B-014,ภาคตะวันออก,691,14179
2025-08-01,GL-B-014,ภาคเหนือ,750,12432
2025-08-01,GL-B-014,ภาคใต้,838,16337
2025-08-01,MK-C-028,กรุงเทพฯ,963,15610
2025-08-01,MK-C-028,ภาคกลาง,682,14369
2025-08-01,MK-C-028,ภาคตะวันออก,549,11268
2025-08-01,MK-C-028,ภาคเหนือ,535,8617
2025-08-01,MK-C-028,ภาคใต้,676,10640
2025-08-01,SY-D-039,กรุงเทพฯ,601,10121
2025-08-01,SY-D-039,ภาคกลาง,485,9672
2025-08-01,SY-D-039,ภาคตะวันออก,357,6921
2025-08-01,SY-D-039,ภาคเหนือ,336,6610
2025-08-01,SY-D-039,ภาคใต้,387,8194
2025-08-01,AG-E-052,กรุงเทพฯ,187,3605
2025-08-01,AG-E-052,ภาคกลาง,141,2887
2025-08-01,AG-E-052,ภาคตะวันออก,122,1909
2025-08-01,AG-E-052,ภาคเหนือ,108,1878
2025-08-01,AG-E-052,ภาคใต้,135,2234
2025-08-02,TK-A-001,กรุงเทพฯ,246,4479
2025-08-02,TK-A-001,ภาคกลาง,212,3415
2025-08-02,TK-A-001,ภาคตะวันออก,153,2839
2025-08-02,TK-A-001,ภาคเหนือ,143,2355
2025-08-02,TK-A-001,ภาคใต้,161,3402
2025-08-02,GL-B-014,กรุงเทพฯ,1371,25157
2025-08-02,GL-B-014,ภาคกลาง,1068,19674
2025-08-02,GL-B-014,ภาคตะวันออก,793,15504
2025-08-02,GL-B-014,ภาคเหนือ,692,12837
2025-08-02,GL-B-014,ภาคใต้,869,14321
2025-08-02,MK-C-028,กรุงเทพฯ,975,18897
2025-08-02,MK-C-028,ภาคกลาง,710,12437
2025-08-02,MK-C-028,ภาคตะวันออก,545,8869
2025-08-02,MK-C-028,ภาคเหนือ,479,9782
2025-08-02,MK-C-028,ภาคใต้,615,10516
2025-08-02,SY-D-039,กรุงเทพฯ,653,12276
2025-08-02,SY-D-039,ภาคกลาง,508,9286
2025-08-02,SY-D-039,ภาคตะวันออก,353,5793
2025-08-02,SY-D-039,ภาคเหนือ,339,6550
2025-08-02,SY-D-039,ภาคใต้,445,7942
2025-08-02,AG-E-052,กรุงเทพฯ,175,3365
2025-08-02,AG-E-052,ภาคกลาง,140,2675
2025-08-02,AG-E-052,ภาคตะวันออก,100,2021
2025-08-02,AG-E-052,ภาคเหนือ,98,1602
2025-08-02,AG-E-052,ภาคใต้,136,2083
2025-08-03,TK-A-001,กรุงเทพฯ,232,4215
2025-08-03,TK-A-001,ภาคกลาง,197,3290
2025-08-03,TK-A-001,ภาคตะวันออก,140,2335
2025-08-03,TK-A-001,ภาคเหนือ,136,2488
2025-08-03,TK-A-001,ภาคใต้,150,2791
2025-08-03,GL-B-014,กรุงเทพฯ,1191,22138
2025-08-03,GL-B-014,ภาคกลาง,987,15868
2025-08-03,GL-B-014,ภาคตะวันออก,760,13338
2025-08-03,GL-B-014,ภาคเหนือ,640,11130
2025-08-03,GL-B-014,ภาคใต้,860,14332
2025-08-03,MK-C-028,กรุงเทพฯ,907,16608
2025-08-03,MK-C-028,ภาคกลาง,734,14824
2025-08-03,MK-C-028,ภาคตะวันออก,561,9518
2025-08-03,MK-C-028,ภาคเหนือ,528,9131
2025-08-03,MK-C-028,ภาคใต้,680,10241
2025-08-03,SY-D-039,กรุงเทพฯ,590,11296
2025-08-03,SY-D-039,ภาคกลาง,457,9197
2025-08-03,SY-D-039,ภาคตะวันออก,347,6152
2025-08-03,SY-D-039,ภาคเหนือ,356,5732
2025-08-03,SY-D-039,ภาคใต้,404,6782
2025-08-03,AG-E-052,กรุงเทพฯ,177,3537
2025-08-03,AG-E-052,ภาคกลาง,137,2623
2025-08-03,AG-E-052,ภาคตะวันออก,115,1970
2025-08-03,AG-E-052,ภาคเหนือ,94,2051
2025-08-03,AG-E-052,ภาคใต้,121,2326
2025-08-04,TK-A-001,กรุงเทพฯ,270,4246
2025-08-04,TK-A-001,ภาคกลาง,179,3907
2025-08-04,TK-A-001,ภาคตะวันออก,145,2514
2025-08-04,TK-A-001,ภาคเหนือ,123,2570
2025-08-04,TK-A-001,ภาคใต้,158,3041
2025-08-04,GL-B-014,กรุงเทพฯ,1318,23775
2025-08-04,GL-B-014,ภาคกลาง,1092,17948
2025-08-04,GL-B-014,ภาคตะวันออก,775,15159
2025-08-04,GL-B-014,ภาคเหนือ,702,12623
2025-08-04,GL-B-014,ภาคใต้,859,16303
2025-08-04,MK-C-028,กรุงเทพฯ,910,14523
2025-08-04,MK-C-028,ภาคกลาง,680,13496
2025-08-04,MK-C-028,ภาคตะวันออก,608,10942
2025-08-04,MK-C-028,ภาคเหนือ,543,8152
2025-08-04,MK-C-028,ภาคใต้,570,11796
2025-08-04,SY-D-039,กรุงเทพฯ,670,10819
2025-08-04,SY-D-039,ภาคกลาง,484,9063
2025-08-04,SY-D-039,ภาคตะวันออก,342,6042
2025-08-04,SY-D-039,ภาคเหนือ,339,6109
2025-08-04,SY-D-039,ภาคใต้,402,8253
2025-08-04,AG-E-052,กรุงเทพฯ,168,3747
2025-08-04,AG-E-052,ภาคกลาง,161,2771
2025-08-04,AG-E-052,ภาคตะวันออก,120,2197
2025-08-04,AG-E-052,ภาคเหนือ,90,1904
2025-08-04,AG-E-052,ภาคใต้,129,2020
2025-08-05,TK-A-001,กรุงเทพฯ,273,4987
2025-08-05,TK-A-001,ภาคกลาง,202,4044
2025-08-05,TK-A-001,ภาคตะวันออก,147,2996
2025-08-05,TK-A-001,ภาคเหนือ,141,2348
2025-08-05,TK-A-001,ภาคใต้,169,2840
2025-08-05,GL-B-014,กรุงเทพฯ,1370,23896
2025-08-05,GL-B-014,ภาคกลาง,980,18476
2025-08-05,GL-B-014,ภาคตะวันออก,764,14456
2025-08-05,GL-B-014,ภาคเหนือ,691,11658
2025-08-05,GL-B-014,ภาคใต้,774,17438
2025-08-05,MK-C-028,กรุงเทพฯ,891,15537
2025-08-05,MK-C-028,ภาคกลาง,696,13994
2025-08-05,MK-C-028,ภาคตะวันออก,557,9817
2025-08-05,MK-C-028,ภาคเหนือ,490,9298
2025-08-05,MK-C-028,ภาคใต้,618,9997
2025-08-05,SY-D-039,กรุงเทพฯ,578,9843
2025-08-05,SY-D-039,ภาคกลาง,525,7902
2025-08-05,SY-D-039,ภาคตะวันออก,349,5755
2025-08-05,SY-D-039,ภาคเหนือ,308,5885
2025-08-05,SY-D-039,ภาคใต้,405,6529
2025-08-05,AG-E-052,กรุงเทพฯ,168,3516
2025-08-05,AG-E-052,ภาคกลาง,137,2995
2025-08-05,AG-E-052,ภาคตะวันออก,109,1757
2025-08-05,AG-E-052,ภาคเหนือ,105,1817
2025-08-05,AG-E-052,ภาคใต้,135,2133
2025-08-06,TK-A-001,กรุงเทพฯ,258,3833
2025-08-06,TK-A-001,ภาคกลาง,218,3208
2025-08-06,TK-A-001,ภาคตะวันออก,146,2778
2025-08-06,TK-A-001,ภาคเหนือ,123,2033
2025-08-06,TK-A-001,ภาคใต้,156,3176
2025-08-06,GL-B-014,กรุงเทพฯ,1216,19799
2025-08-06,GL-B-014,ภาคกลาง,1113,19222
2025-08-06,GL-B-014,ภาคตะวันออก,700,15480
2025-08-06,GL-B-014,ภาคเหนือ,713,14072
2025-08-06,GL-B-014,ภาคใต้,771,15301
2025-08-06,MK-C-028,กรุงเทพฯ,990,14810
2025-08-06,MK-C-028,ภาคกลาง,794,14689
2025-08-06,MK-C-028,ภาคตะวันออก,529,10282
2025-08-06,MK-C-028,ภาคเหนือ,492,8516
2025-08-06,MK-C-028,ภาคใต้,673,10905
2025-08-06,SY-D-039,กรุงเทพฯ,619,11760
2025-08-06,SY-D-039,ภาคกลาง,546,10142
2025-08-06,SY-D-039,ภาคตะวันออก,362,6396
2025-08-06,SY-D-039,ภาคเหนือ,358,5619
2025-08-06,SY-D-039,ภาคใต้,436,6755
2025-08-06,AG-E-052,กรุงเทพฯ,194,3705
2025-08-06,AG-E-052,ภาคกลาง,135,2550
2025-08-06,AG-E-052,ภาคตะวันออก,119,1866
2025-08-06,AG-E-052,ภาคเหนือ,100,1542
2025-08-06,AG-E-052,ภาคใต้,135,2477
2025-08-07,TK-A-001,กรุงเทพฯ,254,4844
2025-08-07,TK-A-001,ภาคกลาง,210,3706
2025-08-07,TK-A-001,ภาคตะวันออก,158,2506
2025-08-07,TK-A-001,ภาคเหนือ,130,2518
2025-08-07,TK-A-001,ภาคใต้,155,3043
2025-08-07,GL-B-014,กรุงเทพฯ,1293,23624
2025-08-07,GL-B-014,ภาคกลาง,930,15939
2025-08-07,GL-B-014,ภาคตะวันออก,783,12945
2025-08-07,GL-B-014,ภาคเหนือ,653,11193
2025-08-07,GL-B-014,ภาคใต้,831,17375
2025-08-07,MK-C-028,กรุงเทพฯ,930,17298
2025-08-07,MK-C-028,ภาคกลาง,703,14531
2025-08-07,MK-C-028,ภาคตะวันออก,608,9036
2025-08-07,MK-C-028,ภาคเหนือ,525,9407
2025-08-07,MK-C-028,ภาคใต้,649,11973
2025-08-07,SY-D-039,กรุงเทพฯ,663,10290
2025-08-07,SY-D-039,ภาคกลาง,493,9628
2025-08-07,SY-D-039,ภาคตะวันออก,372,6533
2025-08-07,SY-D-039,ภาคเหนือ,351,5707
2025-08-07,SY-D-039,ภาคใต้,412,6767
2025-08-07,AG-E-052,กรุงเทพฯ,191,2971
2025-08-07,AG-E-052,ภาคกลาง,142,2733
2025-08-07,AG-E-052,ภาคตะวันออก,102,2028
2025-08-07,AG-E-052,ภาคเหนือ,97,1541
2025-08-07,AG-E-052,ภาคใต้,122,2332
2025-08-08,TK-A-001,กรุงเทพฯ,272,4301
2025-08-08,TK-A-001,ภาคกลาง,199,3820
2025-08-08,TK-A-001,ภาคตะวันออก,157,2437
2025-08-08,TK-A-001,ภาคเหนือ,132,2492
2025-08-08,TK-A-001,ภาคใต้,171,3222
2025-08-08,GL-B-014,กรุงเทพฯ,1315,22822
2025-08-08,GL-B-014,ภาคกลาง,1080,16242
2025-08-08,GL-B-014,ภาคตะวันออก,847,13449
2025-08-08,GL-B-014,ภาคเหนือ,706,14200
2025-08-08,GL-B-014,ภาคใต้,920,13950
2025-08-08,MK-C-028,กรุงเทพฯ,868,14374
2025-08-08,MK-C-028,ภาคกลาง,700,13184
2025-08-08,MK-C-028,ภาคตะวันออก,587,8948
2025-08-08,MK-C-028,ภาคเหนือ,519,9034
2025-08-08,MK-C-028,ภาคใต้,625,11873
2025-08-08,SY-D-039,กรุงเทพฯ,605,10233
2025-08-08,SY-D-039,ภาคกลาง,494,8286
2025-08-08,SY-D-039,ภาคตะวันออก,348,7401
2025-08-08,SY-D-039,ภาคเหนือ,309,6410
2025-08-08,SY-D-039,ภาคใต้,416,6388
2025-08-08,AG-E-052,กรุงเทพฯ,183,3495
2025-08-08,AG-E-052,ภาคกลาง,163,2300
2025-08-08,AG-E-052,ภาคตะวันออก,106,2249
2025-08-08,AG-E-052,ภาคเหนือ,99,1665
2025-08-08,AG-E-052,ภาคใต้,125,2305
2025-08-09,TK-A-001,กรุงเทพฯ,234,4775
2025-08-09,TK-A-001,ภาคกลาง,214,3097
2025-08-09,TK-A-001,ภาคตะวันออก,157,2319
2025-08-09,TK-A-001,ภาคเหนือ,137,2191
2025-08-09,TK-A-001,ภาคใต้,175,3245
2025-08-09,GL-B-014,กรุงเทพฯ,1285,21047
2025-08-09,GL-B-014,ภาคกลาง,1061,15797
2025-08-09,GL-B-014,ภาคตะวันออก,709,15496
2025-08-09,GL-B-014,ภาคเหนือ,750,10806
2025-08-09,GL-B-014,ภาคใต้,940,13320
2025-08-09,MK-C-028,กรุงเทพฯ,905,17289
2025-08-09,MK-C-028,ภาคกลาง,809,13794
2025-08-09,MK-C-028,ภาคตะวันออก,509,10317
2025-08-09,MK-C-028,ภาคเหนือ,457,9021
2025-08-09,MK-C-028,ภาคใต้,577,11210
2025-08-09,SY-D-039,กรุงเทพฯ,662,9910
2025-08-09,SY-D-039,ภาคกลาง,459,9647
2025-08-09,SY-D-039,ภาคตะวันออก,399,5915
2025-08-09,SY-D-039,ภาคเหนือ,332,6026
2025-08-09,SY-D-039,ภาคใต้,435,8589
2025-08-09,AG-E-052,กรุงเทพฯ,191,3214
2025-08-09,AG-E-052,ภาคกลาง,164,3015
2025-08-09,AG-E-052,ภาคตะวันออก,116,2143
2025-08-09,AG-E-052,ภาคเหนือ,102,1676
2025-08-09,AG-E-052,ภาคใต้,126,2180
2025-08-10,TK-A-001,กรุงเทพฯ,252,4676
2025-08-10,TK-A-001,ภาคกลาง,205,3863
2025-08-10,TK-A-001,ภาคตะวันออก,139,2384
2025-08-10,TK-A-001,ภาคเหนือ,144,2462
2025-08-10,TK-A-001,ภาคใต้,164,2858
2025-08-10,GL-B-014,กรุงเทพฯ,1163,25405
2025-08-10,GL-B-014,ภาคกลาง,1097,16699
2025-08-10,GL-B-014,ภาคตะวันออก,700,15609
2025-08-10,GL-B-014,ภาคเหนือ,620,14082
2025-08-10,GL-B-014,ภาคใต้,784,15774
2025-08-10,MK-C-028,กรุงเทพฯ,960,18388
2025-08-10,MK-C-028,ภาคกลาง,725,13944
2025-08-10,MK-C-028,ภาคตะวันออก,614,10565
2025-08-10,MK-C-028,ภาคเหนือ,512,9146
2025-08-10,MK-C-028,ภาคใต้,595,10087
2025-08-10,SY-D-039,กรุงเทพฯ,646,11540
2025-08-10,SY-D-039,ภาคกลาง,546,7753
2025-08-10,SY-D-039,ภาคตะวันออก,371,7660
2025-08-10,SY-D-039,ภาคเหนือ,306,6776
2025-08-10,SY-D-039,ภาคใต้,385,8335
2025-08-10,AG-E-052,กรุงเทพฯ,190,3052
2025-08-10,AG-E-052,ภาคกลาง,138,2705
2025-08-10,AG-E-052,ภาคตะวันออก,108,1764
2025-08-10,AG-E-052,ภาคเหนือ,101,1862
2025-08-10,AG-E-052,ภาคใต้,115,2157
2025-08-11,TK-A-001,กรุงเทพฯ,248,5056
2025-08-11,TK-A-001,ภาคกลาง,183,3284
2025-08-11,TK-A-001,ภาคตะวันออก,154,2532
2025-08-11,TK-A-001,ภาคเหนือ,138,2567
2025-08-11,TK-A-001,ภาคใต้,175,2916
2025-08-11,GL-B-014,กรุงเทพฯ,1388,26360
2025-08-11,GL-B-014,ภาคกลาง,988,17198
2025-08-11,GL-B-014,ภาคตะวันออก,716,14864
2025-08-11,GL-B-014,ภาคเหนือ,652,13324
2025-08-11,GL-B-014,ภาคใต้,898,17619
2025-08-11,MK-C-028,กรุงเทพฯ,845,17152
2025-08-11,MK-C-028,ภาคกลาง,704,12658
2025-08-11,MK-C-028,ภาคตะวันออก,535,10001
2025-08-11,MK-C-028,ภาคเหนือ,508,9980
2025-08-11,MK-C-028,ภาคใต้,621,10146
2025-08-11,SY-D-039,กรุงเทพฯ,648,9597
2025-08-11,SY-D-039,ภาคกลาง,456,8734
2025-08-11,SY-D-039,ภาคตะวันออก,400,7696
2025-08-11,SY-D-039,ภาคเหนือ,353,5876
2025-08-11,SY-D-039,ภาคใต้,428,8373
2025-08-11,AG-E-052,กรุงเทพฯ,172,3540
2025-08-11,AG-E-052,ภาคกลาง,157,2914
2025-08-11,AG-E-052,ภาคตะวันออก,111,2218
2025-08-11,AG-E-052,ภาคเหนือ,103,1575
2025-08-11,AG-E-052,ภาคใต้,133,2420
2025-08-12,TK-A-001,กรุงเทพฯ,225,4220
2025-08-12,TK-A-001,ภาคกลาง,198,3157
2025-08-12,TK-A-001,ภาคตะวันออก,139,2611
2025-08-12,TK-A-001,ภาคเหนือ,126,2123
2025-08-12,TK-A-001,ภาคใต้,165,2787
2025-08-12,GL-B-014,กรุงเทพฯ,1322,24439
2025-08-12,GL-B-014,ภาคกลาง,1128,18794
2025-08-12,GL-B-014,ภาคตะวันออก,802,15799
2025-08-12,GL-B-014,ภาคเหนือ,706,10726
2025-08-12,GL-B-014,ภาคใต้,921,15039
2025-08-12,MK-C-028,กรุงเทพฯ,955,15925
2025-08-12,MK-C-028,ภาคกลาง,762,12765
2025-08-12,MK-C-028,ภาคตะวันออก,580,9957
2025-08-12,MK-C-028,ภาคเหนือ,479,9183
2025-08-12,MK-C-028,ภาคใต้,674,11277
2025-08-12,SY-D-039,กรุงเทพฯ,622,11812
2025-08-12,SY-D-039,ภาคกลาง,547,8336
2025-08-12,SY-D-039,ภาคตะวันออก,411,6265
2025-08-12,SY-D-039,ภาคเหนือ,340,6256
2025-08-12,SY-D-039,ภาคใต้,430,7508
2025-08-12,AG-E-052,กรุงเทพฯ,177,3574
2025-08-12,AG-E-052,ภาคกลาง,135,2324
2025-08-12,AG-E-052,ภาคตะวันออก,123,2043
2025-08-12,AG-E-052,ภาคเหนือ,99,1808
2025-08-12,AG-E-052,ภาคใต้,118,2329
2025-08-13,TK-A-001,กรุงเทพฯ,244,5040
2025-08-13,TK-A-001,ภาคกลาง,204,3759
2025-08-13,TK-A-001,ภาคตะวันออก,137,3057
2025-08-13,TK-A-001,ภาคเหนือ,146,2410
2025-08-13,TK-A-001,ภาคใต้,158,3079
2025-08-13,GL-B-014,กรุงเทพฯ,1184,21922
2025-08-13,GL-B-014,ภาคกลาง,1092,17278
2025-08-13,GL-B-014,ภาคตะวันออก,796,13387
2025-08-13,GL-B-014,ภาคเหนือ,729,11231
2025-08-13,GL-B-014,ภาคใต้,939,16321
2025-08-13,MK-C-028,กรุงเทพฯ,859,15538
2025-08-13,MK-C-028,ภาคกลาง,790,12691
2025-08-13,MK-C-028,ภาคตะวันออก,599,8704
2025-08-13,MK-C-028,ภาคเหนือ,503,9130
2025-08-13,MK-C-028,ภาคใต้,563,10201
2025-08-13,SY-D-039,กรุงเทพฯ,618,9711
2025-08-13,SY-D-039,ภาคกลาง,515,10224
2025-08-13,SY-D-039,ภาคตะวันออก,408,7743
2025-08-13,SY-D-039,ภาคเหนือ,317,6308
2025-08-13,SY-D-039,ภาคใต้,420,6829
2025-08-13,AG-E-052,กรุงเทพฯ,195,3678
2025-08-13,AG-E-052,ภาคกลาง,138,2912
2025-08-13,AG-E-052,ภาคตะวันออก,118,1960
2025-08-13,AG-E-052,ภาคเหนือ,91,1715
2025-08-13,AG-E-052,ภาคใต้,130,2117
2025-08-14,TK-A-001,กรุงเทพฯ,270,4588
2025-08-14,TK-A-001,ภาคกลาง,217,3597
2025-08-14,TK-A-001,ภาคตะวันออก,148,3031
2025-08-14,TK-A-001,ภาคเหนือ,130,2216
2025-08-14,TK-A-001,ภาคใต้,156,2630
2025-08-14,GL-B-014,กรุงเทพฯ,1228,20510
2025-08-14,GL-B-014,ภาคกลาง,939,20857
2025-08-14,GL-B-014,ภาคตะวันออก,786,15719
2025-08-14,GL-B-014,ภาคเหนือ,647,13883
2025-08-14,GL-B-014,ภาคใต้,909,14305
2025-08-14,MK-C-028,กรุงเทพฯ,980,16641
2025-08-14,MK-C-028,ภาคกลาง,730,15352
2025-08-14,MK-C-028,ภาคตะวันออก,585,8899
2025-08-14,MK-C-028,ภาคเหนือ,533,10342
2025-08-14,MK-C-028,ภาคใต้,595,9963
2025-08-14,SY-D-039,กรุงเทพฯ,590,10865
2025-08-14,SY-D-039,ภาคกลาง,488,9905
2025-08-14,SY-D-039,ภาคตะวันออก,373,5832
2025-08-14,SY-D-039,ภาคเหนือ,304,5197
2025-08-14,SY-D-039,ภาคใต้,378,6561
2025-08-14,AG-E-052,กรุงเทพฯ,179,3482
2025-08-14,AG-E-052,ภาคกลาง,152,2690
2025-08-14,AG-E-052,ภาคตะวันออก,121,2310
2025-08-14,AG-E-052,ภาคเหนือ,103,1792
2025-08-14,AG-E-052,ภาคใต้,117,2163
2025-08-15,TK-A-001,กรุงเทพฯ,233,5119
2025-08-15,TK-A-001,ภาคกลาง,196,4039
2025-08-15,TK-A-001,ภาคตะวันออก,163,2811
2025-08-15,TK-A-001,ภาคเหนือ,128,2396
2025-08-15,TK-A-001,ภาคใต้,176,2619
2025-08-15,GL-B-014,กรุงเทพฯ,1253,25478
2025-08-15,GL-B-014,ภาคกลาง,1016,18779
2025-08-15,GL-B-014,ภาคตะวันออก,795,13837
2025-08-15,GL-B-014,ภาคเหนือ,755,11414
2025-08-15,GL-B-014,ภาคใต้,791,17777
2025-08-15,MK-C-028,กรุงเทพฯ,930,18386
2025-08-15,MK-C-028,ภาคกลาง,808,13539
2025-08-15,MK-C-028,ภาคตะวันออก,579,10535
2025-08-15,MK-C-028,ภาคเหนือ,521,8258
2025-08-15,MK-C-028,ภาคใต้,576,11796
2025-08-15,SY-D-039,กรุงเทพฯ,566,12517
2025-08-15,SY-D-039,ภาคกลาง,526,9516
2025-08-15,SY-D-039,ภาคตะวันออก,410,7559
2025-08-15,SY-D-039,ภาคเหนือ,323,5538
2025-08-15,SY-D-039,ภาคใต้,383,6567
2025-08-15,AG-E-052,กรุงเทพฯ,197,3604
2025-08-15,AG-E-052,ภาคกลาง,147,2919
2025-08-15,AG-E-052,ภาคตะวันออก,102,1820
2025-08-15,AG-E-052,ภาคเหนือ,92,2022
2025-08-15,AG-E-052,ภาคใต้,125,2572
2025-08-16,TK-A-001,กรุงเทพฯ,245,4705
2025-08-16,TK-A-001,ภาคกลาง,194,3552
2025-08-16,TK-A-001,ภาคตะวันออก,161,2424
2025-08-16,TK-A-001,ภาคเหนือ,138,2706
2025-08-16,TK-A-001,ภาคใต้,165,3320
2025-08-16,GL-B-014,กรุงเทพฯ,1353,25262
2025-08-16,GL-B-014,ภาคกลาง,942,17569
2025-08-16,GL-B-014,ภาคตะวันออก,838,15671
2025-08-16,GL-B-014,ภาคเหนือ,667,12342
2025-08-16,GL-B-014,ภาคใต้,884,13253
2025-08-16,MK-C-028,กรุงเทพฯ,871,19238
2025-08-16,MK-C-028,ภาคกลาง,735,11914
2025-08-16,MK-C-028,ภาคตะวันออก,564,10167
2025-08-16,MK-C-028,ภาคเหนือ,500,7759
2025-08-16,MK-C-028,ภาคใต้,634,9686
2025-08-16,SY-D-039,กรุงเทพฯ,566,12178
2025-08-16,SY-D-039,ภาคกลาง,491,9511
2025-08-16,SY-D-039,ภาคตะวันออก,378,7671
2025-08-16,SY-D-039,ภาคเหนือ,359,6664
2025-08-16,SY-D-039,ภาคใต้,385,8191
2025-08-16,AG-E-052,กรุงเทพฯ,204,3110
2025-08-16,AG-E-052,ภาคกลาง,165,2724
2025-08-16,AG-E-052,ภาคตะวันออก,122,1755
2025-08-16,AG-E-052,ภาคเหนือ,105,1879
2025-08-16,AG-E-052,ภาคใต้,136,2187
2025-08-17,TK-A-001,กรุงเทพฯ,274,3850
2025-08-17,TK-A-001,ภาคกลาง,187,3240
2025-08-17,TK-A-001,ภาคตะวันออก,154,2679
2025-08-17,TK-A-001,ภาคเหนือ,142,2607
2025-08-17,TK-A-001,ภาคใต้,177,2771
2025-08-17,GL-B-014,กรุงเทพฯ,1171,21132
2025-08-17,GL-B-014,ภาคกลาง,1022,19736
2025-08-17,GL-B-014,ภาคตะวันออก,706,13769
2025-08-17,GL-B-014,ภาคเหนือ,628,10621
2025-08-17,GL-B-014,ภาคใต้,824,17397
2025-08-17,MK-C-028,กรุงเทพฯ,1020,18515
2025-08-17,MK-C-028,ภาคกลาง,681,15430
2025-08-17,MK-C-028,ภาคตะวันออก,618,11313
2025-08-17,MK-C-028,ภาคเหนือ,502,10151
2025-08-17,MK-C-028,ภาคใต้,613,11323
2025-08-17,SY-D-039,กรุงเทพฯ,652,9981
2025-08-17,SY-D-039,ภาคกลาง,518,8021
2025-08-17,SY-D-039,ภาคตะวันออก,390,7131
2025-08-17,SY-D-039,ภาคเหนือ,355,5344
2025-08-17,SY-D-039,ภาคใต้,410,7553
2025-08-17,AG-E-052,กรุงเทพฯ,193,3054
2025-08-17,AG-E-052,ภาคกลาง,158,2439
2025-08-17,AG-E-052,ภาคตะวันออก,113,1973
2025-08-17,AG-E-052,ภาคเหนือ,106,2074
2025-08-17,AG-E-052,ภาคใต้,114,2058
2025-08-18,TK-A-001,กรุงเทพฯ,237,4489
2025-08-18,TK-A-001,ภาคกลาง,196,3689
2025-08-18,TK-A-001,ภาคตะวันออก,155,2985
2025-08-18,TK-A-001,ภาคเหนือ,133,2175
2025-08-18,TK-A-001,ภาคใต้,183,2713
2025-08-18,GL-B-014,กรุงเทพฯ,1368,24841
2025-08-18,GL-B-014,ภาคกลาง,956,20241
2025-08-18,GL-B-014,ภาคตะวันออก,734,12260
2025-08-18,GL-B-014,ภาคเหนือ,625,12306
2025-08-18,GL-B-014,ภาคใต้,899,15529
2025-08-18,MK-C-028,กรุงเทพฯ,940,18793
2025-08-18,MK-C-028,ภาคกลาง,723,13910
2025-08-18,MK-C-028,ภาคตะวันออก,542,9323
2025-08-18,MK-C-028,ภาคเหนือ,541,8042
2025-08-18,MK-C-028,ภาคใต้,636,9880
2025-08-18,SY-D-039,กรุงเทพฯ,661,12676
2025-08-18,SY-D-039,ภาคกลาง,517,9805
2025-08-18,SY-D-039,ภาคตะวันออก,355,7303
2025-08-18,SY-D-039,ภาคเหนือ,348,6650
2025-08-18,SY-D-039,ภาคใต้,442,6550
2025-08-18,AG-E-052,กรุงเทพฯ,198,3432
2025-08-18,AG-E-052,ภาคกลาง,158,2318
2025-08-18,AG-E-052,ภาคตะวันออก,104,1881
2025-08-18,AG-E-052,ภาคเหนือ,95,1768
2025-08-18,AG-E-052,ภาคใต้,118,2199
2025-08-19,TK-A-001,กรุงเทพฯ,248,3900
2025-08-19,TK-A-001,ภาคกลาง,189,3264
2025-08-19,TK-A-001,ภาคตะวันออก,159,2749
2025-08-19,TK-A-001,ภาคเหนือ,133,2088
2025-08-19,TK-A-001,ภาคใต้,155,3190
2025-08-19,GL-B-014,กรุงเทพฯ,1401,21061
2025-08-19,GL-B-014,ภาคกลาง,1076,17726
2025-08-19,GL-B-014,ภาคตะวันออก,739,15854
2025-08-19,GL-B-014,ภาคเหนือ,687,11148
2025-08-19,GL-B-014,ภาคใต้,797,14125
2025-08-19,MK-C-028,กรุงเทพฯ,1036,17116
2025-08-19,MK-C-028,ภาคกลาง,762,12382
2025-08-19,MK-C-028,ภาคตะวันออก,519,11015
2025-08-19,MK-C-028,ภาคเหนือ,476,7935
2025-08-19,MK-C-028,ภาคใต้,616,11410
2025-08-19,SY-D-039,กรุงเทพฯ,570,10899
2025-08-19,SY-D-039,ภาคกลาง,507,8582
2025-08-19,SY-D-039,ภาคตะวันออก,395,7794
2025-08-19,SY-D-039,ภาคเหนือ,343,5916
2025-08-19,SY-D-039,ภาคใต้,405,8236
2025-08-19,AG-E-052,กรุงเทพฯ,195,3365
2025-08-19,AG-E-052,ภาคกลาง,159,2652
2025-08-19,AG-E-052,ภาคตะวันออก,109,2040
2025-08-19,AG-E-052,ภาคเหนือ,100,1546
2025-08-19,AG-E-052,ภาคใต้,129,2321
2025-08-20,TK-A-001,กรุงเทพฯ,266,4215
2025-08-20,TK-A-001,ภาคกลาง,212,4033
2025-08-20,TK-A-001,ภาคตะวันออก,145,2961
2025-08-20,TK-A-001,ภาคเหนือ,131,2713
2025-08-20,TK-A-001,ภาคใต้,166,3079
2025-08-20,GL-B-014,กรุงเทพฯ,1344,24084
2025-08-20,GL-B-014,ภาคกลาง,965,16875
2025-08-20,GL-B-014,ภาคตะวันออก,848,16110
2025-08-20,GL-B-014,ภาคเหนือ,665,10904
2025-08-20,GL-B-014,ภาคใต้,794,17897
2025-08-20,MK-C-028,กรุงเทพฯ,894,14934
2025-08-20,MK-C-028,ภาคกลาง,805,13332
2025-08-20,MK-C-028,ภาคตะวันออก,586,10825
2025-08-20,MK-C-028,ภาคเหนือ,497,8555
2025-08-20,MK-C-028,ภาคใต้,630,9808
2025-08-20,SY-D-039,กรุงเทพฯ,635,13008
2025-08-20,SY-D-039,ภาคกลาง,526,9580
2025-08-20,SY-D-039,ภาคตะวันออก,367,7295
2025-08-20,SY-D-039,ภาคเหนือ,318,5854
2025-08-20,SY-D-039,ภาคใต้,394,8534
2025-08-20,AG-E-052,กรุงเทพฯ,181,3545
2025-08-20,AG-E-052,ภาคกลาง,137,2850
2025-08-20,AG-E-052,ภาคตะวันออก,121,2068
2025-08-20,AG-E-052,ภาคเหนือ,109,1944
2025-08-20,AG-E-052,ภาคใต้,115,2187
2025-08-21,TK-A-001,กรุงเทพฯ,229,4204
2025-08-21,TK-A-001,ภาคกลาง,213,4153
2025-08-21,TK-A-001,ภาคตะวันออก,162,2422
2025-08-21,TK-A-001,ภาคเหนือ,139,2485
2025-08-21,TK-A-001,ภาคใต้,179,2974
2025-08-21,GL-B-014,กรุงเทพฯ,1270,20197
2025-08-21,GL-B-014,ภาคกลาง,1042,18066
2025-08-21,GL-B-014,ภาคตะวันออก,839,13064
2025-08-21,GL-B-014,ภาคเหนือ,732,10993
2025-08-21,GL-B-014,ภาคใต้,926,15815
2025-08-21,MK-C-028,กรุงเทพฯ,1024,19202
2025-08-21,MK-C-028,ภาคกลาง,801,15637
2025-08-21,MK-C-028,ภาคตะวันออก,587,10462
2025-08-21,MK-C-028,ภาคเหนือ,482,8315
2025-08-21,MK-C-028,ภาคใต้,595,10907
2025-08-21,SY-D-039,กรุงเทพฯ,605,9881
2025-08-21,SY-D-039,ภาคกลาง,454,9386
2025-08-21,SY-D-039,ภาคตะวันออก,404,7776
2025-08-21,SY-D-039,ภาคเหนือ,358,6388
2025-08-21,SY-D-039,ภาคใต้,403,7222
2025-08-21,AG-E-052,กรุงเทพฯ,189,3324
2025-08-21,AG-E-052,ภาคกลาง,161,3058
2025-08-21,AG-E-052,ภาคตะวันออก,105,2236
2025-08-21,AG-E-052,ภาคเหนือ,95,2086
2025-08-21,AG-E-052,ภาคใต้,127,2086
2025-08-22,TK-A-001,กรุงเทพฯ,271,4159
2025-08-22,TK-A-001,ภาคกลาง,216,3698
2025-08-22,TK-A-001,ภาคตะวันออก,152,2316
2025-08-22,TK-A-001,ภาคเหนือ,145,2095
2025-08-22,TK-A-001,ภาคใต้,162,3353
2025-08-22,GL-B-014,กรุงเทพฯ,1409,25247
2025-08-22,GL-B-014,ภาคกลาง,988,18776
2025-08-22,GL-B-014,ภาคตะวันออก,725,15232
2025-08-22,GL-B-014,ภาคเหนือ,705,10804
2025-08-22,GL-B-014,ภาคใต้,913,17042
2025-08-22,MK-C-028,กรุงเทพฯ,966,19381
2025-08-22,MK-C-028,ภาคกลาง,772,14040
2025-08-22,MK-C-028,ภาคตะวันออก,550,10405
2025-08-22,MK-C-028,ภาคเหนือ,501,9006
2025-08-22,MK-C-028,ภาคใต้,665,10024
2025-08-22,SY-D-039,กรุงเทพฯ,686,12267
2025-08-22,SY-D-039,ภาคกลาง,489,10109
2025-08-22,SY-D-039,ภาคตะวันออก,357,5925
2025-08-22,SY-D-039,ภาคเหนือ,338,6473
2025-08-22,SY-D-039,ภาคใต้,391,7749
2025-08-22,AG-E-052,กรุงเทพฯ,194,2974
2025-08-22,AG-E-052,ภาคกลาง,150,2997
2025-08-22,AG-E-052,ภาคตะวันออก,105,1885
2025-08-22,AG-E-052,ภาคเหนือ,95,1962
2025-08-22,AG-E-052,ภาคใต้,122,2344
2025-08-23,TK-A-001,กรุงเทพฯ,254,4883
2025-08-23,TK-A-001,ภาคกลาง,189,3200
2025-08-23,TK-A-001,ภาคตะวันออก,148,2450
2025-08-23,TK-A-001,ภาคเหนือ,128,2667
2025-08-23,TK-A-001,ภาคใต้,183,3100
2025-08-23,GL-B-014,กรุงเทพฯ,1318,20067
2025-08-23,GL-B-014,ภาคกลาง,1107,19666
2025-08-23,GL-B-014,ภาคตะวันออก,790,13702
2025-08-23,GL-B-014,ภาคเหนือ,639,11647
2025-08-23,GL-B-014,ภาคใต้,854,17858
2025-08-23,MK-C-028,กรุงเทพฯ,854,17116
2025-08-23,MK-C-028,ภาคกลาง,774,13425
2025-08-23,MK-C-028,ภาคตะวันออก,599,10644
2025-08-23,MK-C-028,ภาคเหนือ,481,7893
2025-08-23,MK-C-028,ภาคใต้,656,12937
2025-08-23,SY-D-039,กรุงเทพฯ,674,11493
2025-08-23,SY-D-039,ภาคกลาง,551,8797
2025-08-23,SY-D-039,ภาคตะวันออก,349,6108
2025-08-23,SY-D-039,ภาคเหนือ,319,5348
2025-08-23,SY-D-039,ภาคใต้,426,7642
2025-08-23,AG-E-052,กรุงเทพฯ,184,3356
2025-08-23,AG-E-052,ภาคกลาง,154,2592
2025-08-23,AG-E-052,ภาคตะวันออก,117,1845
2025-08-23,AG-E-052,ภาคเหนือ,92,1634
2025-08-23,AG-E-052,ภาคใต้,125,2312
2025-08-24,TK-A-001,กรุงเทพฯ,240,4140
2025-08-24,TK-A-001,ภาคกลาง,191,3123
2025-08-24,TK-A-001,ภาคตะวันออก,150,2728
2025-08-24,TK-A-001,ภาคเหนือ,123,2257
2025-08-24,TK-A-001,ภาคใต้,183,3425
2025-08-24,GL-B-014,กรุงเทพฯ,1346,20309
2025-08-24,GL-B-014,ภาคกลาง,1147,16893
2025-08-24,GL-B-014,ภาคตะวันออก,811,12702
2025-08-24,GL-B-014,ภาคเหนือ,765,11418
2025-08-24,GL-B-014,ภาคใต้,910,14637
2025-08-24,MK-C-028,กรุงเทพฯ,873,16535
2025-08-24,MK-C-028,ภาคกลาง,824,13559
2025-08-24,MK-C-028,ภาคตะวันออก,616,11443
2025-08-24,MK-C-028,ภาคเหนือ,516,10258
2025-08-24,MK-C-028,ภาคใต้,647,12883
2025-08-24,SY-D-039,กรุงเทพฯ,587,12794
2025-08-24,SY-D-039,ภาคกลาง,524,9398
2025-08-24,SY-D-039,ภาคตะวันออก,390,6043
2025-08-24,SY-D-039,ภาคเหนือ,307,6438
2025-08-24,SY-D-039,ภาคใต้,383,8511
2025-08-24,AG-E-052,กรุงเทพฯ,186,2929
2025-08-24,AG-E-052,ภาคกลาง,161,2356
2025-08-24,AG-E-052,ภาคตะวันออก,125,1897
2025-08-24,AG-E-052,ภาคเหนือ,96,1597
2025-08-24,AG-E-052,ภาคใต้,138,1960
2025-08-25,TK-A-001,กรุงเทพฯ,256,4338
2025-08-25,TK-A-001,ภาคกลาง,201,3253
2025-08-25,TK-A-001,ภาคตะวันออก,145,2436
2025-08-25,TK-A-001,ภาคเหนือ,138,2586
2025-08-25,TK-A-001,ภาคใต้,168,3351
2025-08-25,GL-B-014,กรุงเทพฯ,1278,20024
2025-08-25,GL-B-014,ภาคกลาง,1141,21050
2025-08-25,GL-B-014,ภาคตะวันออก,836,12377
2025-08-25,GL-B-014,ภาคเหนือ,669,12988
2025-08-25,GL-B-014,ภาคใต้,818,15675
2025-08-25,MK-C-028,กรุงเทพฯ,991,18714
2025-08-25,MK-C-028,ภาคกลาง,693,14600
2025-08-25,MK-C-028,ภาคตะวันออก,568,9628
2025-08-25,MK-C-028,ภาคเหนือ,488,7890
2025-08-25,MK-C-028,ภาคใต้,592,12245
2025-08-25,SY-D-039,กรุงเทพฯ,653,10201
2025-08-25,SY-D-039,ภาคกลาง,510,9889
2025-08-25,SY-D-039,ภาคตะวันออก,414,6676
2025-08-25,SY-D-039,ภาคเหนือ,328,6945
2025-08-25,SY-D-039,ภาคใต้,444,6532
2025-08-25,AG-E-052,กรุงเทพฯ,198,3108
2025-08-25,AG-E-052,ภาคกลาง,157,2367
2025-08-25,AG-E-052,ภาคตะวันออก,115,2126
2025-08-25,AG-E-052,ภาคเหนือ,98,1675
2025-08-25,AG-E-052,ภาคใต้,122,2059
2025-08-26,TK-A-001,กรุงเทพฯ,243,4235
2025-08-26,TK-A-001,ภาคกลาง,204,3472
2025-08-26,TK-A-001,ภาคตะวันออก,143,2831
2025-08-26,TK-A-001,ภาคเหนือ,141,2424
2025-08-26,TK-A-001,ภาคใต้,176,2803
2025-08-26,GL-B-014,กรุงเทพฯ,1378,22291
2025-08-26,GL-B-014,ภาคกลาง,992,20202
2025-08-26,GL-B-014,ภาคตะวันออก,810,15966
2025-08-26,GL-B-014,ภาคเหนือ,728,13887
2025-08-26,GL-B-014,ภาคใต้,886,16302
2025-08-26,MK-C-028,กรุงเทพฯ,943,15981
2025-08-26,MK-C-028,ภาคกลาง,736,13983
2025-08-26,MK-C-028,ภาคตะวันออก,526,9506
2025-08-26,MK-C-028,ภาคเหนือ,497,9978
2025-08-26,MK-C-028,ภาคใต้,616,10824
2025-08-26,SY-D-039,กรุงเทพฯ,573,10688
2025-08-26,SY-D-039,ภาคกลาง,522,8675
2025-08-26,SY-D-039,ภาคตะวันออก,366,7629
2025-08-26,SY-D-039,ภาคเหนือ,318,6036
2025-08-26,SY-D-039,ภาคใต้,393,7879
2025-08-26,AG-E-052,กรุงเทพฯ,176,3886
2025-08-26,AG-E-052,ภาคกลาง,144,2775
2025-08-26,AG-E-052,ภาคตะวันออก,111,2174
2025-08-26,AG-E-052,ภาคเหนือ,92,2060
2025-08-26,AG-E-052,ภาคใต้,129,2615
2025-08-27,TK-A-001,กรุงเทพฯ,263,4958
2025-08-27,TK-A-001,ภาคกลาง,215,3207
2025-08-27,TK-A-001,ภาคตะวันออก,140,3059
2025-08-27,TK-A-001,ภาคเหนือ,137,2232
2025-08-27,TK-A-001,ภาคใต้,152,3274
2025-08-27,GL-B-014,กรุงเทพฯ,1336,22819
2025-08-27,GL-B-014,ภาคกลาง,1117,17545
2025-08-27,GL-B-014,ภาคตะวันออก,743,12082
2025-08-27,GL-B-014,ภาคเหนือ,668,14278
2025-08-27,GL-B-014,ภาคใต้,858,14756
2025-08-27,MK-C-028,กรุงเทพฯ,864,14697
2025-08-27,MK-C-028,ภาคกลาง,817,14873
2025-08-27,MK-C-028,ภาคตะวันออก,601,11068
2025-08-27,MK-C-028,ภาคเหนือ,479,9485
2025-08-27,MK-C-028,ภาคใต้,682,12304
2025-08-27,SY-D-039,กรุงเทพฯ,606,10920
2025-08-27,SY-D-039,ภาคกลาง,545,8434
2025-08-27,SY-D-039,ภาคตะวันออก,414,6460
2025-08-27,SY-D-039,ภาคเหนือ,326,5894
2025-08-27,SY-D-039,ภาคใต้,396,6527
2025-08-27,AG-E-052,กรุงเทพฯ,196,3225
2025-08-27,AG-E-052,ภาคกลาง,144,2422
2025-08-27,AG-E-052,ภาคตะวันออก,110,1897
2025-08-27,AG-E-052,ภาคเหนือ,108,1843
2025-08-27,AG-E-052,ภาคใต้,115,2016
2025-08-28,TK-A-001,กรุงเทพฯ,240,4246
2025-08-28,TK-A-001,ภาคกลาง,196,3511
2025-08-28,TK-A-001,ภาคตะวันออก,151,2974
2025-08-28,TK-A-001,ภาคเหนือ,131,2700
2025-08-28,TK-A-001,ภาคใต้,170,3355
2025-08-28,GL-B-014,กรุงเทพฯ,1344,21661
2025-08-28,GL-B-014,ภาคกลาง,973,18439
2025-08-28,GL-B-014,ภาคตะวันออก,812,15706
2025-08-28,GL-B-014,ภาคเหนือ,630,14385
2025-08-28,GL-B-014,ภาคใต้,790,16497
2025-08-28,MK-C-028,กรุงเทพฯ,930,15510
2025-08-28,MK-C-028,ภาคกลาง,774,15430
2025-08-28,MK-C-028,ภาคตะวันออก,623,11525
2025-08-28,MK-C-028,ภาคเหนือ,476,8307
2025-08-28,MK-C-028,ภาคใต้,691,10025
2025-08-28,SY-D-039,กรุงเทพฯ,642,9761
2025-08-28,SY-D-039,ภาคกลาง,461,9901
2025-08-28,SY-D-039,ภาคตะวันออก,385,7123
2025-08-28,SY-D-039,ภาคเหนือ,349,5984
2025-08-28,SY-D-039,ภาคใต้,453,7235
2025-08-28,AG-E-052,กรุงเทพฯ,189,3253
2025-08-28,AG-E-052,ภาคกลาง,161,3117
2025-08-28,AG-E-052,ภาคตะวันออก,111,2123
2025-08-28,AG-E-052,ภาคเหนือ,91,1871
2025-08-28,AG-E-052,ภาคใต้,118,2170
2025-08-29,TK-A-001,กรุงเทพฯ,270,4701
2025-08-29,TK-A-001,ภาคกลาง,217,3847
2025-08-29,TK-A-001,ภาคตะวันออก,164,2836
2025-08-29,TK-A-001,ภาคเหนือ,122,2710
2025-08-29,TK-A-001,ภาคใต้,163,3432
2025-08-29,GL-B-014,กรุงเทพฯ,1425,26056
2025-08-29,GL-B-014,ภาคกลาง,1001,18291
2025-08-29,GL-B-014,ภาคตะวันออก,752,13900
2025-08-29,GL-B-014,ภาคเหนือ,762,11219
2025-08-29,GL-B-014,ภาคใต้,883,16742
2025-08-29,MK-C-028,กรุงเทพฯ,882,15815
2025-08-29,MK-C-028,ภาคกลาง,806,15029
2025-08-29,MK-C-028,ภาคตะวันออก,523,10042
2025-08-29,MK-C-028,ภาคเหนือ,543,8579
2025-08-29,MK-C-028,ภาคใต้,601,11137
2025-08-29,SY-D-039,กรุงเทพฯ,641,12570
2025-08-29,SY-D-039,ภาคกลาง,556,8932
2025-08-29,SY-D-039,ภาคตะวันออก,379,7716
2025-08-29,SY-D-039,ภาคเหนือ,340,6987
2025-08-29,SY-D-039,ภาคใต้,394,8367
2025-08-29,AG-E-052,กรุงเทพฯ,197,2955
2025-08-29,AG-E-052,ภาคกลาง,163,3063
2025-08-29,AG-E-052,ภาคตะวันออก,124,1780
2025-08-29,AG-E-052,ภาคเหนือ,99,1574
2025-08-29,AG-E-052,ภาคใต้,123,2302
2025-08-30,TK-A-001,กรุงเทพฯ,252,5255
2025-08-30,TK-A-001,ภาคกลาง,217,3355
2025-08-30,TK-A-001,ภาคตะวันออก,160,2923
2025-08-30,TK-A-001,ภาคเหนือ,129,2735
2025-08-30,TK-A-001,ภาคใต้,164,3331
2025-08-30,GL-B-014,กรุงเทพฯ,1203,23373
2025-08-30,GL-B-014,ภาคกลาง,1029,16791
2025-08-30,GL-B-014,ภาคตะวันออก,774,15066
2025-08-30,GL-B-014,ภาคเหนือ,703,13742
2025-08-30,GL-B-014,ภาคใต้,860,14443
2025-08-30,MK-C-028,กรุงเทพฯ,973,16064
2025-08-30,MK-C-028,ภาคกลาง,746,11699
2025-08-30,MK-C-028,ภาคตะวันออก,573,9631
2025-08-30,MK-C-028,ภาคเหนือ,529,10180
2025-08-30,MK-C-028,ภาคใต้,666,11710
2025-08-30,SY-D-039,กรุงเทพฯ,596,12362
2025-08-30,SY-D-039,ภาคกลาง,555,8199
2025-08-30,SY-D-039,ภาคตะวันออก,387,6845
2025-08-30,SY-D-039,ภาคเหนือ,313,5438
2025-08-30,SY-D-039,ภาคใต้,409,7677
2025-08-30,AG-E-052,กรุงเทพฯ,183,3361
2025-08-30,AG-E-052,ภาคกลาง,157,3072
2025-08-30,AG-E-052,ภาคตะวันออก,123,1792
2025-08-30,AG-E-052,ภาคเหนือ,106,1740
2025-08-30,AG-E-052,ภาคใต้,125,2393
2025-08-31,TK-A-001,กรุงเทพฯ,245,3990
2025-08-31,TK-A-001,ภาคกลาง,190,3630
2025-08-31,TK-A-001,ภาคตะวันออก,161,2424
2025-08-31,TK-A-001,ภาคเหนือ,137,2106
2025-08-31,TK-A-001,ภาคใต้,158,3354
2025-08-31,GL-B-014,กรุงเทพฯ,1415,22072
2025-08-31,GL-B-014,ภาคกลาง,1083,17086
2025-08-31,GL-B-014,ภาคตะวันออก,857,14167
2025-08-31,GL-B-014,ภาคเหนือ,743,13931
2025-08-31,GL-B-014,ภาคใต้,815,17685
2025-08-31,MK-C-028,กรุงเทพฯ,928,15755
2025-08-31,MK-C-028,ภาคกลาง,833,13336
2025-08-31,MK-C-028,ภาคตะวันออก,566,11766
2025-08-31,MK-C-028,ภาคเหนือ,486,9752
2025-08-31,MK-C-028,ภาคใต้,573,11519
2025-08-31,SY-D-039,กรุงเทพฯ,693,10642
2025-08-31,SY-D-039,ภาคกลาง,551,10174
2025-08-31,SY-D-039,ภาคตะวันออก,351,6447
2025-08-31,SY-D-039,ภาคเหนือ,321,6013
2025-08-31,SY-D-039,ภาคใต้,406,6758
2025-08-31,AG-E-052,กรุงเทพฯ,181,3901
2025-08-31,AG-E-052,ภาคกลาง,146,2777
2025-08-31,AG-E-052,ภาคตะวันออก,114,1981
2025-08-31,AG-E-052,ภาคเหนือ,101,1985
2025-08-31,AG-E-052,ภาคใต้,137,2401
2025-09-01,TK-A-001,กรุงเทพฯ,262,4637
2025-09-01,TK-A-001,ภาคกลาง,208,3979
2025-09-01,TK-A-001,ภาคตะวันออก,147,3087
2025-09-01,TK-A-001,ภาคเหนือ,132,2093
2025-09-01,TK-A-001,ภาคใต้,178,2903
2025-09-01,GL-B-014,กรุงเทพฯ,1230,25871
2025-09-01,GL-B-014,ภาคกลาง,966,21070
2025-09-01,GL-B-014,ภาคตะวันออก,829,14344
2025-09-01,GL-B-014,ภาคเหนือ,662,12213
2025-09-01,GL-B-014,ภาคใต้,845,18017
2025-09-01,MK-C-028,กรุงเทพฯ,1033,16843
2025-09-01,MK-C-028,ภาคกลาง,734,13210
2025-09-01,MK-C-028,ภาคตะวันออก,560,11765
2025-09-01,MK-C-028,ภาคเหนือ,467,8653
2025-09-01,MK-C-028,ภาคใต้,700,10526
2025-09-01,SY-D-039,กรุงเทพฯ,579,12790
2025-09-01,SY-D-039,ภาคกลาง,554,8532
2025-09-01,SY-D-039,ภาคตะวันออก,376,7500
2025-09-01,SY-D-039,ภาคเหนือ,315,5367
2025-09-01,SY-D-039,ภาคใต้,443,7519
2025-09-01,AG-E-052,กรุงเทพฯ,195,3317
2025-09-01,AG-E-052,ภาคกลาง,159,2396
2025-09-01,AG-E-052,ภาคตะวันออก,106,1861
2025-09-01,AG-E-052,ภาคเหนือ,97,1860
2025-09-01,AG-E-052,ภาคใต้,136,2004
2025-09-02,TK-A-001,กรุงเทพฯ,266,4503
2025-09-02,TK-A-001,ภาคกลาง,195,4061
2025-09-02,TK-A-001,ภาคตะวันออก,140,2565
2025-09-02,TK-A-001,ภาคเหนือ,143,2370
2025-09-02,TK-A-001,ภาคใต้,170,2864
2025-09-02,GL-B-014,กรุงเทพฯ,1219,23769
2025-09-02,GL-B-014,ภาคกลาง,1047,16431
2025-09-02,GL-B-014,ภาคตะวันออก,844,12185
2025-09-02,GL-B-014,ภาคเหนือ,681,13445
2025-09-02,GL-B-014,ภาคใต้,957,13681
2025-09-02,MK-C-028,กรุงเทพฯ,887,18450
2025-09-02,MK-C-028,ภาคกลาง,700,13898
2025-09-02,MK-C-028,ภาคตะวันออก,592,10338
2025-09-02,MK-C-028,ภาคเหนือ,516,8655
2025-09-02,MK-C-028,ภาคใต้,677,13142
2025-09-02,SY-D-039,กรุงเทพฯ,677,11120
2025-09-02,SY-D-039,ภาคกลาง,490,9029
2025-09-02,SY-D-039,ภาคตะวันออก,350,6274
2025-09-02,SY-D-039,ภาคเหนือ,350,6928
2025-09-02,SY-D-039,ภาคใต้,456,8406
2025-09-02,AG-E-052,กรุงเทพฯ,189,3862
2025-09-02,AG-E-052,ภาคกลาง,162,2955
2025-09-02,AG-E-052,ภาคตะวันออก,107,1923
2025-09-02,AG-E-052,ภาคเหนือ,106,1798
2025-09-02,AG-E-052,ภาคใต้,116,2479
2025-09-03,TK-A-001,กรุงเทพฯ,233,5049
2025-09-03,TK-A-001,ภาคกลาง,213,3638
2025-09-03,TK-A-001,ภาคตะวันออก,152,2882
2025-09-03,TK-A-001,ภาคเหนือ,146,2553
2025-09-03,TK-A-001,ภาคใต้,161,3413
2025-09-03,GL-B-014,กรุงเทพฯ,1347,23691
2025-09-03,GL-B-014,ภาคกลาง,1048,16577
2025-09-03,GL-B-014,ภาคตะวันออก,715,13885
2025-09-03,GL-B-014,ภาคเหนือ,736,11741
2025-09-03,GL-B-014,ภาคใต้,891,16906
2025-09-03,MK-C-028,กรุงเทพฯ,921,17220
2025-09-03,MK-C-028,ภาคกลาง,720,12200
2025-09-03,MK-C-028,ภาคตะวันออก,539,10368
2025-09-03,MK-C-028,ภาคเหนือ,465,8419
2025-09-03,MK-C-028,ภาคใต้,617,12628
2025-09-03,SY-D-039,กรุงเทพฯ,611,9968
2025-09-03,SY-D-039,ภาคกลาง,512,9008
2025-09-03,SY-D-039,ภาคตะวันออก,416,6411
2025-09-03,SY-D-039,ภาคเหนือ,311,6710
2025-09-03,SY-D-039,ภาคใต้,438,7277
2025-09-03,AG-E-052,กรุงเทพฯ,179,3903
2025-09-03,AG-E-052,ภาคกลาง,161,2589
2025-09-03,AG-E-052,ภาคตะวันออก,119,2101
2025-09-03,AG-E-052,ภาคเหนือ,92,1893
2025-09-03,AG-E-052,ภาคใต้,126,2465
2025-09-04,TK-A-001,กรุงเทพฯ,267,4002
2025-09-04,TK-A-001,ภาคกลาง,209,4037
2025-09-04,TK-A-001,ภาคตะวันออก,161,2499
2025-09-04,TK-A-001,ภาคเหนือ,143,2699
2025-09-04,TK-A-001,ภาคใต้,186,2764
2025-09-04,GL-B-014,กรุงเทพฯ,1233,22081
2025-09-04,GL-B-014,ภาคกลาง,958,19006
2025-09-04,GL-B-014,ภาคตะวันออก,739,15606
2025-09-04,GL-B-014,ภาคเหนือ,717,14058
2025-09-04,GL-B-014,ภาคใต้,825,14922
2025-09-04,MK-C-028,กรุงเทพฯ,882,18641
2025-09-04,MK-C-028,ภาคกลาง,803,11721
2025-09-04,MK-C-028,ภาคตะวันออก,553,9415
2025-09-04,MK-C-028,ภาคเหนือ,544,10491
2025-09-04,MK-C-028,ภาคใต้,640,10042
2025-09-04,SY-D-039,กรุงเทพฯ,593,10954
2025-09-04,SY-D-039,ภาคกลาง,503,9107
2025-09-04,SY-D-039,ภาคตะวันออก,373,6771
2025-09-04,SY-D-039,ภาคเหนือ,357,6518
2025-09-04,SY-D-039,ภาคใต้,400,6984
2025-09-04,AG-E-052,กรุงเทพฯ,195,3928
2025-09-04,AG-E-052,ภาคกลาง,140,2733
2025-09-04,AG-E-052,ภาคตะวันออก,112,2276
2025-09-04,AG-E-052,ภาคเหนือ,104,2051
2025-09-04,AG-E-052,ภาคใต้,140,1996
2025-09-05,TK-A-001,กรุงเทพฯ,239,4737
2025-09-05,TK-A-001,ภาคกลาง,220,3639
2025-09-05,TK-A-001,ภาคตะวันออก,154,2353
2025-09-05,TK-A-001,ภาคเหนือ,126,2515
2025-09-05,TK-A-001,ภาคใต้,181,2763
2025-09-05,GL-B-014,กรุงเทพฯ,1439,25586
2025-09-05,GL-B-014,ภาคกลาง,1076,20100
2025-09-05,GL-B-014,ภาคตะวันออก,768,14344
2025-09-05,GL-B-014,ภาคเหนือ,654,11431
2025-09-05,GL-B-014,ภาคใต้,859,16421
2025-09-05,MK-C-028,กรุงเทพฯ,962,17509
2025-09-05,MK-C-028,ภาคกลาง,769,11819
2025-09-05,MK-C-028,ภาคตะวันออก,570,11569
2025-09-05,MK-C-028,ภาคเหนือ,513,9561
2025-09-05,MK-C-028,ภาคใต้,595,11505
2025-09-05,SY-D-039,กรุงเทพฯ,660,12287
2025-09-05,SY-D-039,ภาคกลาง,497,8855
2025-09-05,SY-D-039,ภาคตะวันออก,369,6377
2025-09-05,SY-D-039,ภาคเหนือ,334,5912
2025-09-05,SY-D-039,ภาคใต้,385,7449
2025-09-05,AG-E-052,กรุงเทพฯ,174,3653
2025-09-05,AG-E-052,ภาคกลาง,164,2649
2025-09-05,AG-E-052,ภาคตะวันออก,110,1991
2025-09-05,AG-E-052,ภาคเหนือ,103,2053
2025-09-05,AG-E-052,ภาคใต้,129,1995
2025-09-06,TK-A-001,กรุงเทพฯ,259,4146
2025-09-06,TK-A-001,ภาคกลาง,223,3418
2025-09-06,TK-A-001,ภาคตะวันออก,146,2628
2025-09-06,TK-A-001,ภาคเหนือ,129,2588
2025-09-06,TK-A-001,ภาคใต้,182,2876
2025-09-06,GL-B-014,กรุงเทพฯ,1448,23628
2025-09-06,GL-B-014,ภาคกลาง,1105,20884
2025-09-06,GL-B-014,ภาคตะวันออก,731,14368
2025-09-06,GL-B-014,ภาคเหนือ,683,11908
2025-09-06,GL-B-014,ภาคใต้,878,18145
2025-09-06,MK-C-028,กรุงเทพฯ,988,15735
2025-09-06,MK-C-028,ภาคกลาง,757,15059
2025-09-06,MK-C-028,ภาคตะวันออก,623,10275
2025-09-06,MK-C-028,ภาคเหนือ,505,10391
2025-09-06,MK-C-028,ภาคใต้,643,10873
2025-09-06,SY-D-039,กรุงเทพฯ,602,10936
2025-09-06,SY-D-039,ภาคกลาง,544,10410
2025-09-06,SY-D-039,ภาคตะวันออก,345,6235
2025-09-06,SY-D-039,ภาคเหนือ,317,6124
2025-09-06,SY-D-039,ภาคใต้,455,8098
2025-09-06,AG-E-052,กรุงเทพฯ,204,2974
2025-09-06,AG-E-052,ภาคกลาง,167,2830
2025-09-06,AG-E-052,ภาคตะวันออก,116,2000
2025-09-06,AG-E-052,ภาคเหนือ,108,1638
2025-09-06,AG-E-052,ภาคใต้,130,2028
2025-09-07,TK-A-001,กรุงเทพฯ,239,4096
2025-09-07,TK-A-001,ภาคกลาง,209,3241
2025-09-07,TK-A-001,ภาคตะวันออก,152,2713
2025-09-07,TK-A-001,ภาคเหนือ,149,2435
2025-09-07,TK-A-001,ภาคใต้,157,3399
2025-09-07,GL-B-014,กรุงเทพฯ,1223,24722
2025-09-07,GL-B-014,ภาคกลาง,1110,18714
2025-09-07,GL-B-014,ภาคตะวันออก,767,15715
2025-09-07,GL-B-014,ภาคเหนือ,698,13053
2025-09-07,GL-B-014,ภาคใต้,879,16533
2025-09-07,MK-C-028,กรุงเทพฯ,905,17071
2025-09-07,MK-C-028,ภาคกลาง,707,15605
2025-09-07,MK-C-028,ภาคตะวันออก,604,10478
2025-09-07,MK-C-028,ภาคเหนือ,557,9270
2025-09-07,MK-C-028,ภาคใต้,682,11498
2025-09-07,SY-D-039,กรุงเทพฯ,613,11506
2025-09-07,SY-D-039,ภาคกลาง,473,9482
2025-09-07,SY-D-039,ภาคตะวันออก,372,7483
2025-09-07,SY-D-039,ภาคเหนือ,310,5701
2025-09-07,SY-D-039,ภาคใต้,463,7846
2025-09-07,AG-E-052,กรุงเทพฯ,176,3557
2025-09-07,AG-E-052,ภาคกลาง,156,2952
2025-09-07,AG-E-052,ภาคตะวันออก,123,1779
2025-09-07,AG-E-052,ภาคเหนือ,111,1624
2025-09-07,AG-E-052,ภาคใต้,124,2138
2025-09-08,TK-A-001,กรุงเทพฯ,252,4628
2025-09-08,TK-A-001,ภาคกลาง,219,3428
2025-09-08,TK-A-001,ภาคตะวันออก,154,3058
2025-09-08,TK-A-001,ภาคเหนือ,144,2099
2025-09-08,TK-A-001,ภาคใต้,157,3000
2025-09-08,GL-B-014,กรุงเทพฯ,1349,21011
2025-09-08,GL-B-014,ภาคกลาง,1022,19784
2025-09-08,GL-B-014,ภาคตะวันออก,756,14750
2025-09-08,GL-B-014,ภาคเหนือ,666,12762
2025-09-08,GL-B-014,ภาคใต้,913,16495
2025-09-08,MK-C-028,กรุงเทพฯ,1045,19012
2025-09-08,MK-C-028,ภาคกลาง,831,14068
2025-09-08,MK-C-028,ภาคตะวันออก,580,10652
2025-09-08,MK-C-028,ภาคเหนือ,472,10424
2025-09-08,MK-C-028,ภาคใต้,704,10868
2025-09-08,SY-D-039,กรุงเทพฯ,704,11098
2025-09-08,SY-D-039,ภาคกลาง,462,9008
2025-09-08,SY-D-039,ภาคตะวันออก,400,5997
2025-09-08,SY-D-039,ภาคเหนือ,370,6168
2025-09-08,SY-D-039,ภาคใต้,401,7997
2025-09-08,AG-E-052,กรุงเทพฯ,195,3306
2025-09-08,AG-E-052,ภาคกลาง,155,2905
2025-09-08,AG-E-052,ภาคตะวันออก,109,2371
2025-09-08,AG-E-052,ภาคเหนือ,108,2030
2025-09-08,AG-E-052,ภาคใต้,127,2072
2025-09-09,TK-A-001,กรุงเทพฯ,249,4760
2025-09-09,TK-A-001,ภาคกลาง,195,3273
2025-09-09,TK-A-001,ภาคตะวันออก,166,2424
2025-09-09,TK-A-001,ภาคเหนือ,124,2294
2025-09-09,TK-A-001,ภาคใต้,163,2815
2025-09-09,GL-B-014,กรุงเทพฯ,1374,22754
2025-09-09,GL-B-014,ภาคกลาง,1160,19618
2025-09-09,GL-B-014,ภาคตะวันออก,743,13272
2025-09-09,GL-B-014,ภาคเหนือ,678,12723
2025-09-09,GL-B-014,ภาคใต้,870,15658
2025-09-09,MK-C-028,กรุงเทพฯ,866,19838
2025-09-09,MK-C-028,ภาคกลาง,752,14533
2025-09-09,MK-C-028,ภาคตะวันออก,527,9067
2025-09-09,MK-C-028,ภาคเหนือ,473,8823
2025-09-09,MK-C-028,ภาคใต้,595,11245
2025-09-09,SY-D-039,กรุงเทพฯ,606,10319
2025-09-09,SY-D-039,ภาคกลาง,521,10488
2025-09-09,SY-D-039,ภาคตะวันออก,364,6188
2025-09-09,SY-D-039,ภาคเหนือ,319,6132
2025-09-09,SY-D-039,ภาคใต้,424,8647
2025-09-09,AG-E-052,กรุงเทพฯ,174,3073
2025-09-09,AG-E-052,ภาคกลาง,161,2720
2025-09-09,AG-E-052,ภาคตะวันออก,107,1781
2025-09-09,AG-E-052,ภาคเหนือ,108,1840
2025-09-09,AG-E-052,ภาคใต้,132,2630
2025-09-10,TK-A-001,กรุงเทพฯ,243,3977
2025-09-10,TK-A-001,ภาคกลาง,222,3808
2025-09-10,TK-A-001,ภาคตะวันออก,166,3006
2025-09-10,TK-A-001,ภาคเหนือ,141,2421
2025-09-10,TK-A-001,ภาคใต้,183,3444
2025-09-10,GL-B-014,กรุงเทพฯ,1210,26934
2025-09-10,GL-B-014,ภาคกลาง,1065,18962
2025-09-10,GL-B-014,ภาคตะวันออก,774,12797
2025-09-10,GL-B-014,ภาคเหนือ,694,12488
2025-09-10,GL-B-014,ภาคใต้,892,13656
2025-09-10,MK-C-028,กรุงเทพฯ,993,18493
2025-09-10,MK-C-028,ภาคกลาง,701,12277
2025-09-10,MK-C-028,ภาคตะวันออก,574,9278
2025-09-10,MK-C-028,ภาคเหนือ,517,8477
2025-09-10,MK-C-028,ภาคใต้,637,10363
2025-09-10,SY-D-039,กรุงเทพฯ,607,11617
2025-09-10,SY-D-039,ภาคกลาง,531,9143
2025-09-10,SY-D-039,ภาคตะวันออก,375,7890
2025-09-10,SY-D-039,ภาคเหนือ,363,5615
2025-09-10,SY-D-039,ภาคใต้,453,6712
2025-09-10,AG-E-052,กรุงเทพฯ,205,3016
2025-09-10,AG-E-052,ภาคกลาง,155,2699
2025-09-10,AG-E-052,ภาคตะวันออก,110,2225
2025-09-10,AG-E-052,ภาคเหนือ,98,1764
2025-09-10,AG-E-052,ภาคใต้,127,2209
2025-09-11,TK-A-001,กรุงเทพฯ,264,5197
2025-09-11,TK-A-001,ภาคกลาง,219,3143
2025-09-11,TK-A-001,ภาคตะวันออก,142,3071
2025-09-11,TK-A-001,ภาคเหนือ,149,2339
2025-09-11,TK-A-001,ภาคใต้,174,2814
2025-09-11,GL-B-014,กรุงเทพฯ,1439,26677
2025-09-11,GL-B-014,ภาคกลาง,988,21610
2025-09-11,GL-B-014,ภาคตะวันออก,757,15457
2025-09-11,GL-B-014,ภาคเหนือ,732,12777
2025-09-11,GL-B-014,ภาคใต้,851,15999
2025-09-11,MK-C-028,กรุงเทพฯ,1048,17219
2025-09-11,MK-C-028,ภาคกลาง,721,14556
2025-09-11,MK-C-028,ภาคตะวันออก,614,9960
2025-09-11,MK-C-028,ภาคเหนือ,491,8097
2025-09-11,MK-C-028,ภาคใต้,619,11354
2025-09-11,SY-D-039,กรุงเทพฯ,602,10125
2025-09-11,SY-D-039,ภาคกลาง,551,8730
2025-09-11,SY-D-039,ภาคตะวันออก,387,6113
2025-09-11,SY-D-039,ภาคเหนือ,373,5612
2025-09-11,SY-D-039,ภาคใต้,455,7037
2025-09-11,AG-E-052,กรุงเทพฯ,210,3410
2025-09-11,AG-E-052,ภาคกลาง,158,3095
2025-09-11,AG-E-052,ภาคตะวันออก,126,2200
2025-09-11,AG-E-052,ภาคเหนือ,105,2003
2025-09-11,AG-E-052,ภาคใต้,136,2406
2025-09-12,TK-A-001,กรุงเทพฯ,279,4450
2025-09-12,TK-A-001,ภาคกลาง,210,3559
2025-09-12,TK-A-001,ภาคตะวันออก,157,3033
2025-09-12,TK-A-001,ภาคเหนือ,135,2621
2025-09-12,TK-A-001,ภาคใต้,162,2870
2025-09-12,GL-B-014,กรุงเทพฯ,1222,20313
2025-09-12,GL-B-014,ภาคกลาง,1071,19981
2025-09-12,GL-B-014,ภาคตะวันออก,772,13680
2025-09-12,GL-B-014,ภาคเหนือ,747,12712
2025-09-12,GL-B-014,ภาคใต้,850,14593
2025-09-12,MK-C-028,กรุงเทพฯ,936,16426
2025-09-12,MK-C-028,ภาคกลาง,766,15337
2025-09-12,MK-C-028,ภาคตะวันออก,631,11746
2025-09-12,MK-C-028,ภาคเหนือ,535,10545
2025-09-12,MK-C-028,ภาคใต้,636,10501
2025-09-12,SY-D-039,กรุงเทพฯ,653,12211
2025-09-12,SY-D-039,ภาคกลาง,525,9286
2025-09-12,SY-D-039,ภาคตะวันออก,372,7300
2025-09-12,SY-D-039,ภาคเหนือ,341,6997
2025-09-12,SY-D-039,ภาคใต้,397,8534
2025-09-12,AG-E-052,กรุงเทพฯ,202,3575
2025-09-12,AG-E-052,ภาคกลาง,160,2612
2025-09-12,AG-E-052,ภาคตะวันออก,118,2324
2025-09-12,AG-E-052,ภาคเหนือ,93,1619
2025-09-12,AG-E-052,ภาคใต้,139,2439
2025-09-13,TK-A-001,กรุงเทพฯ,281,4184
2025-09-13,TK-A-001,ภาคกลาง,206,3735
2025-09-13,TK-A-001,ภาคตะวันออก,150,3027
2025-09-13,TK-A-001,ภาคเหนือ,129,2375
2025-09-13,TK-A-001,ภาคใต้,154,3216
2025-09-13,GL-B-014,กรุงเทพฯ,1395,24038
2025-09-13,GL-B-014,ภาคกลาง,1066,21766
2025-09-13,GL-B-014,ภาคตะวันออก,820,15428
2025-09-13,GL-B-014,ภาคเหนือ,723,12769
2025-09-13,GL-B-014,ภาคใต้,937,17676
2025-09-13,MK-C-028,กรุงเทพฯ,869,18162
2025-09-13,MK-C-028,ภาคกลาง,734,15905
2025-09-13,MK-C-028,ภาคตะวันออก,601,9908
2025-09-13,MK-C-028,ภาคเหนือ,527,9187
2025-09-13,MK-C-028,ภาคใต้,644,11738
2025-09-13,SY-D-039,กรุงเทพฯ,673,10821
2025-09-13,SY-D-039,ภาคกลาง,537,9405
2025-09-13,SY-D-039,ภาคตะวันออก,415,5943
2025-09-13,SY-D-039,ภาคเหนือ,309,5460
2025-09-13,SY-D-039,ภาคใต้,433,6918
2025-09-13,AG-E-052,กรุงเทพฯ,210,3264
2025-09-13,AG-E-052,ภาคกลาง,155,2431
2025-09-13,AG-E-052,ภาคตะวันออก,126,2211
2025-09-13,AG-E-052,ภาคเหนือ,108,2118
2025-09-13,AG-E-052,ภาคใต้,141,2095
2025-09-14,TK-A-001,กรุงเทพฯ,242,4848
2025-09-14,TK-A-001,ภาคกลาง,200,3599
2025-09-14,TK-A-001,ภาคตะวันออก,144,3105
2025-09-14,TK-A-001,ภาคเหนือ,130,2685
2025-09-14,TK-A-001,ภาคใต้,187,3467
2025-09-14,GL-B-014,กรุงเทพฯ,1282,25514
2025-09-14,GL-B-014,ภาคกลาง,1036,21887
2025-09-14,GL-B-014,ภาคตะวันออก,777,12279
2025-09-14,GL-B-014,ภาคเหนือ,729,12064
2025-09-14,GL-B-014,ภาคใต้,826,13944
2025-09-14,MK-C-028,กรุงเทพฯ,879,18890
2025-09-14,MK-C-028,ภาคกลาง,723,12793
2025-09-14,MK-C-028,ภาคตะวันออก,636,9051
2025-09-14,MK-C-028,ภาคเหนือ,556,8235
2025-09-14,MK-C-028,ภาคใต้,581,10438
2025-09-14,SY-D-039,กรุงเทพฯ,589,10692
2025-09-14,SY-D-039,ภาคกลาง,464,9993
2025-09-14,SY-D-039,ภาคตะวันออก,406,7697
2025-09-14,SY-D-039,ภาคเหนือ,358,5941
2025-09-14,SY-D-039,ภาคใต้,463,6676
2025-09-14,AG-E-052,กรุงเทพฯ,177,3495
2025-09-14,AG-E-052,ภาคกลาง,159,2805
2025-09-14,AG-E-052,ภาคตะวันออก,113,2099
2025-09-14,AG-E-052,ภาคเหนือ,108,1824
2025-09-14,AG-E-052,ภาคใต้,133,2155
2025-09-15,TK-A-001,กรุงเทพฯ,271,4529
2025-09-15,TK-A-001,ภาคกลาง,213,3567
2025-09-15,TK-A-001,ภาคตะวันออก,165,2729
2025-09-15,TK-A-001,ภาคเหนือ,136,2428
2025-09-15,TK-A-001,ภาคใต้,164,2989
2025-09-15,GL-B-014,กรุงเทพฯ,1450,23050
2025-09-15,GL-B-014,ภาคกลาง,1049,18659
2025-09-15,GL-B-014,ภาคตะวันออก,739,16293
2025-09-15,GL-B-014,ภาคเหนือ,650,11742
2025-09-15,GL-B-014,ภาคใต้,809,13880
2025-09-15,MK-C-028,กรุงเทพฯ,1041,15870
2025-09-15,MK-C-028,ภาคกลาง,806,13763
2025-09-15,MK-C-028,ภาคตะวันออก,574,11569
2025-09-15,MK-C-028,ภาคเหนือ,533,9994
2025-09-15,MK-C-028,ภาคใต้,667,13086
2025-09-15,SY-D-039,กรุงเทพฯ,643,10026
2025-09-15,SY-D-039,ภาคกลาง,467,8802
2025-09-15,SY-D-039,ภาคตะวันออก,365,7099
2025-09-15,SY-D-039,ภาคเหนือ,346,6365
2025-09-15,SY-D-039,ภาคใต้,422,6664
2025-09-15,AG-E-052,กรุงเทพฯ,200,3580
2025-09-15,AG-E-052,ภาคกลาง,152,2963
2025-09-15,AG-E-052,ภาคตะวันออก,119,2163
2025-09-15,AG-E-052,ภาคเหนือ,95,1741
2025-09-15,AG-E-052,ภาคใต้,127,2095
2025-09-16,TK-A-001,กรุงเทพฯ,244,4185
2025-09-16,TK-A-001,ภาคกลาง,220,3230
2025-09-16,TK-A-001,ภาคตะวันออก,158,2975
2025-09-16,TK-A-001,ภาคเหนือ,137,2517
2025-09-16,TK-A-001,ภาคใต้,175,3190
2025-09-16,GL-B-014,กรุงเทพฯ,1207,25748
2025-09-16,GL-B-014,ภาคกลาง,1004,17263
2025-09-16,GL-B-014,ภาคตะวันออก,798,14134
2025-09-16,GL-B-014,ภาคเหนือ,707,13290
2025-09-16,GL-B-014,ภาคใต้,886,14166
2025-09-16,MK-C-028,กรุงเทพฯ,957,17476
2025-09-16,MK-C-028,ภาคกลาง,768,15252
2025-09-16,MK-C-028,ภาคตะวันออก,603,10144
2025-09-16,MK-C-028,ภาคเหนือ,496,7919
2025-09-16,MK-C-028,ภาคใต้,610,10665
2025-09-16,SY-D-039,กรุงเทพฯ,599,12710
2025-09-16,SY-D-039,ภาคกลาง,483,9246
2025-09-16,SY-D-039,ภาคตะวันออก,420,6172
2025-09-16,SY-D-039,ภาคเหนือ,358,5490
2025-09-16,SY-D-039,ภาคใต้,410,7505
2025-09-16,AG-E-052,กรุงเทพฯ,207,3011
2025-09-16,AG-E-052,ภาคกลาง,160,2689
2025-09-16,AG-E-052,ภาคตะวันออก,119,2058
2025-09-16,AG-E-052,ภาคเหนือ,111,2050
2025-09-16,AG-E-052,ภาคใต้,117,2240
2025-09-17,TK-A-001,กรุงเทพฯ,251,4092
2025-09-17,TK-A-001,ภาคกลาง,200,3533
2025-09-17,TK-A-001,ภาคตะวันออก,163,2425
2025-09-17,TK-A-001,ภาคเหนือ,136,2642
2025-09-17,TK-A-001,ภาคใต้,158,3484
2025-09-17,GL-B-014,กรุงเทพฯ,1274,23988
2025-09-17,GL-B-014,ภาคกลาง,1157,20459
2025-09-17,GL-B-014,ภาคตะวันออก,835,13853
2025-09-17,GL-B-014,ภาคเหนือ,762,13096
2025-09-17,GL-B-014,ภาคใต้,812,15006
2025-09-17,MK-C-028,กรุงเทพฯ,883,15537
2025-09-17,MK-C-028,ภาคกลาง,786,12562
2025-09-17,MK-C-028,ภาคตะวันออก,577,10570
2025-09-17,MK-C-028,ภาคเหนือ,479,8076
2025-09-17,MK-C-028,ภาคใต้,612,10189
2025-09-17,SY-D-039,กรุงเทพฯ,637,10683
2025-09-17,SY-D-039,ภาคกลาง,503,8875
2025-09-17,SY-D-039,ภาคตะวันออก,422,7621
2025-09-17,SY-D-039,ภาคเหนือ,346,5849
2025-09-17,SY-D-039,ภาคใต้,449,6650
2025-09-17,AG-E-052,กรุงเทพฯ,198,3884
2025-09-17,AG-E-052,ภาคกลาง,163,2514
2025-09-17,AG-E-052,ภาคตะวันออก,120,2341
2025-09-17,AG-E-052,ภาคเหนือ,104,2011
2025-09-17,AG-E-052,ภาคใต้,138,2210
2025-09-18,TK-A-001,กรุงเทพฯ,280,4934
2025-09-18,TK-A-001,ภาคกลาง,223,3686
2025-09-18,TK-A-001,ภาคตะวันออก,147,2471
2025-09-18,TK-A-001,ภาคเหนือ,133,2181
2025-09-18,TK-A-001,ภาคใต้,184,3095
2025-09-18,GL-B-014,กรุงเทพฯ,1432,21659
2025-09-18,GL-B-014,ภาคกลาง,978,17266
2025-09-18,GL-B-014,ภาคตะวันออก,756,13857
2025-09-18,GL-B-014,ภาคเหนือ,690,11187
2025-09-18,GL-B-014,ภาคใต้,868,15939
2025-09-18,MK-C-028,กรุงเทพฯ,1056,18841
2025-09-18,MK-C-028,ภาคกลาง,780,14599
2025-09-18,MK-C-028,ภาคตะวันออก,617,10955
2025-09-18,MK-C-028,ภาคเหนือ,519,10239
2025-09-18,MK-C-028,ภาคใต้,618,10628
2025-09-18,SY-D-039,กรุงเทพฯ,656,9931
2025-09-18,SY-D-039,ภาคกลาง,529,9733
2025-09-18,SY-D-039,ภาคตะวันออก,396,6018
2025-09-18,SY-D-039,ภาคเหนือ,360,5498
2025-09-18,SY-D-039,ภาคใต้,405,6969
2025-09-18,AG-E-052,กรุงเทพฯ,190,3550
2025-09-18,AG-E-052,ภาคกลาง,149,2824
2025-09-18,AG-E-052,ภาคตะวันออก,111,2237
2025-09-18,AG-E-052,ภาคเหนือ,96,1790
2025-09-18,AG-E-052,ภาคใต้,134,2040
2025-09-19,TK-A-001,กรุงเทพฯ,273,4589
2025-09-19,TK-A-001,ภาคกลาง,227,3675
2025-09-19,TK-A-001,ภาคตะวันออก,156,2527
2025-09-19,TK-A-001,ภาคเหนือ,130,2618
2025-09-19,TK-A-001,ภาคใต้,188,3062
2025-09-19,GL-B-014,กรุงเทพฯ,1314,26148
2025-09-19,GL-B-014,ภาคกลาง,1034,21643
2025-09-19,GL-B-014,ภาคตะวันออก,827,13443
2025-09-19,GL-B-014,ภาคเหนือ,745,12668
2025-09-19,GL-B-014,ภาคใต้,859,15977
2025-09-19,MK-C-028,กรุงเทพฯ,1061,15020
2025-09-19,MK-C-028,ภาคกลาง,728,13560
2025-09-19,MK-C-028,ภาคตะวันออก,567,9216
2025-09-19,MK-C-028,ภาคเหนือ,481,8133
2025-09-19,MK-C-028,ภาคใต้,697,10850
2025-09-19,SY-D-039,กรุงเทพฯ,620,12135
2025-09-19,SY-D-039,ภาคกลาง,562,8055
2025-09-19,SY-D-039,ภาคตะวันออก,352,7381
2025-09-19,SY-D-039,ภาคเหนือ,330,6424
2025-09-19,SY-D-039,ภาคใต้,418,7311
2025-09-19,AG-E-052,กรุงเทพฯ,200,3113
2025-09-19,AG-E-052,ภาคกลาง,150,2529
2025-09-19,AG-E-052,ภาคตะวันออก,125,1820
2025-09-19,AG-E-052,ภาคเหนือ,107,1867
2025-09-19,AG-E-052,ภาคใต้,132,2172
2025-09-20,TK-A-001,กรุงเทพฯ,269,4802
2025-09-20,TK-A-001,ภาคกลาง,212,3409
2025-09-20,TK-A-001,ภาคตะวันออก,145,2796
2025-09-20,TK-A-001,ภาคเหนือ,129,2267
2025-09-20,TK-A-001,ภาคใต้,185,3501
2025-09-20,GL-B-014,กรุงเทพฯ,1397,25431
2025-09-20,GL-B-014,ภาคกลาง,1096,18405
2025-09-20,GL-B-014,ภาคตะวันออก,851,12538
2025-09-20,GL-B-014,ภาคเหนือ,746,11469
2025-09-20,GL-B-014,ภาคใต้,894,15152
2025-09-20,MK-C-028,กรุงเทพฯ,932,19677
2025-09-20,MK-C-028,ภาคกลาง,797,14894
2025-09-20,MK-C-028,ภาคตะวันออก,558,10957
2025-09-20,MK-C-028,ภาคเหนือ,510,8391
2025-09-20,MK-C-028,ภาคใต้,637,10413
2025-09-20,SY-D-039,กรุงเทพฯ,630,9922
2025-09-20,SY-D-039,ภาคกลาง,562,10514
2025-09-20,SY-D-039,ภาคตะวันออก,355,6803
2025-09-20,SY-D-039,ภาคเหนือ,379,6496
2025-09-20,SY-D-039,ภาคใต้,396,8172
2025-09-20,AG-E-052,กรุงเทพฯ,188,3561
2025-09-20,AG-E-052,ภาคกลาง,153,3161
2025-09-20,AG-E-052,ภาคตะวันออก,111,2200
2025-09-20,AG-E-052,ภาคเหนือ,96,1706
2025-09-20,AG-E-052,ภาคใต้,118,2379
2025-09-21,TK-A-001,กรุงเทพฯ,282,5126
2025-09-21,TK-A-001,ภาคกลาง,218,3437
2025-09-21,TK-A-001,ภาคตะวันออก,143,2783
2025-09-21,TK-A-001,ภาคเหนือ,137,2132
2025-09-21,TK-A-001,ภาคใต้,183,3255
2025-09-21,GL-B-014,กรุงเทพฯ,1433,26228
2025-09-21,GL-B-014,ภาคกลาง,1147,17007
2025-09-21,GL-B-014,ภาคตะวันออก,793,12319
2025-09-21,GL-B-014,ภาคเหนือ,692,12978
2025-09-21,GL-B-014,ภาคใต้,964,18412
2025-09-21,MK-C-028,กรุงเทพฯ,1009,18870
2025-09-21,MK-C-028,ภาคกลาง,771,15536
2025-09-21,MK-C-028,ภาคตะวันออก,559,9045
2025-09-21,MK-C-028,ภาคเหนือ,566,10316
2025-09-21,MK-C-028,ภาคใต้,634,10649
2025-09-21,SY-D-039,กรุงเทพฯ,639,12709
2025-09-21,SY-D-039,ภาคกลาง,495,10527
2025-09-21,SY-D-039,ภาคตะวันออก,354,6576
2025-09-21,SY-D-039,ภาคเหนือ,348,5602
2025-09-21,SY-D-039,ภาคใต้,469,8280
2025-09-21,AG-E-052,กรุงเทพฯ,188,3657
2025-09-21,AG-E-052,ภาคกลาง,140,3128
2025-09-21,AG-E-052,ภาคตะวันออก,121,1783
2025-09-21,AG-E-052,ภาคเหนือ,95,1842
2025-09-21,AG-E-052,ภาคใต้,128,2467
2025-09-22,TK-A-001,กรุงเทพฯ,275,5318
2025-09-22,TK-A-001,ภาคกลาง,224,3388
2025-09-22,TK-A-001,ภาคตะวันออก,170,2626
2025-09-22,TK-A-001,ภาคเหนือ,128,2659
2025-09-22,TK-A-001,ภาคใต้,176,2666
2025-09-22,GL-B-014,กรุงเทพฯ,1444,25446
2025-09-22,GL-B-014,ภาคกลาง,1099,20694
2025-09-22,GL-B-014,ภาคตะวันออก,772,14791
2025-09-22,GL-B-014,ภาคเหนือ,668,12789
2025-09-22,GL-B-014,ภาคใต้,937,18357
2025-09-22,MK-C-028,กรุงเทพฯ,994,18670
2025-09-22,MK-C-028,ภาคกลาง,823,16024
2025-09-22,MK-C-028,ภาคตะวันออก,535,11157
2025-09-22,MK-C-028,ภาคเหนือ,499,8064
2025-09-22,MK-C-028,ภาคใต้,595,13351
2025-09-22,SY-D-039,กรุงเทพฯ,623,10649
2025-09-22,SY-D-039,ภาคกลาง,492,8968
2025-09-22,SY-D-039,ภาคตะวันออก,416,6217
2025-09-22,SY-D-039,ภาคเหนือ,345,6902
2025-09-22,SY-D-039,ภาคใต้,413,7607
2025-09-22,AG-E-052,กรุงเทพฯ,182,3080
2025-09-22,AG-E-052,ภาคกลาง,160,2575
2025-09-22,AG-E-052,ภาคตะวันออก,124,2027
2025-09-22,AG-E-052,ภาคเหนือ,109,2109
2025-09-22,AG-E-052,ภาคใต้,135,2320
2025-09-23,TK-A-001,กรุงเทพฯ,273,4727
2025-09-23,TK-A-001,ภาคกลาง,201,3857
2025-09-23,TK-A-001,ภาคตะวันออก,157,2532
2025-09-23,TK-A-001,ภาคเหนือ,136,2366
2025-09-23,TK-A-001,ภาคใต้,185,3182
2025-09-23,GL-B-014,กรุงเทพฯ,1227,23053
2025-09-23,GL-B-014,ภาคกลาง,971,19870
2025-09-23,GL-B-014,ภาคตะวันออก,792,13675
2025-09-23,GL-B-014,ภาคเหนือ,781,11684
2025-09-23,GL-B-014,ภาคใต้,910,14601
2025-09-23,MK-C-028,กรุงเทพฯ,983,16310
2025-09-23,MK-C-028,ภาคกลาง,834,15461
2025-09-23,MK-C-028,ภาคตะวันออก,575,10199
2025-09-23,MK-C-028,ภาคเหนือ,527,10151
2025-09-23,MK-C-028,ภาคใต้,645,11244
2025-09-23,SY-D-039,กรุงเทพฯ,706,11069
2025-09-23,SY-D-039,ภาคกลาง,557,10652
2025-09-23,SY-D-039,ภาคตะวันออก,418,7045
2025-09-23,SY-D-039,ภาคเหนือ,340,6176
2025-09-23,SY-D-039,ภาคใต้,433,8226
2025-09-23,AG-E-052,กรุงเทพฯ,185,3876
2025-09-23,AG-E-052,ภาคกลาง,142,2736
2025-09-23,AG-E-052,ภาคตะวันออก,120,2154
2025-09-23,AG-E-052,ภาคเหนือ,97,1724
2025-09-23,AG-E-052,ภาคใต้,141,2311
2025-09-24,TK-A-001,กรุงเทพฯ,268,4621
2025-09-24,TK-A-001,ภาคกลาง,201,3285
2025-09-24,TK-A-001,ภาคตะวันออก,170,3094
2025-09-24,TK-A-001,ภาคเหนือ,147,2640
2025-09-24,TK-A-001,ภาคใต้,186,2744
2025-09-24,GL-B-014,กรุงเทพฯ,1260,23992
2025-09-24,GL-B-014,ภาคกลาง,1129,18592
2025-09-24,GL-B-014,ภาคตะวันออก,829,15841
2025-09-24,GL-B-014,ภาคเหนือ,759,11653
2025-09-24,GL-B-014,ภาคใต้,944,17570
2025-09-24,MK-C-028,กรุงเทพฯ,1061,17681
2025-09-24,MK-C-028,ภาคกลาง,733,12423
2025-09-24,MK-C-028,ภาคตะวันออก,579,9334
2025-09-24,MK-C-028,ภาคเหนือ,483,8195
2025-09-24,MK-C-028,ภาคใต้,701,13174
2025-09-24,SY-D-039,กรุงเทพฯ,674,11591
2025-09-24,SY-D-039,ภาคกลาง,472,9176
2025-09-24,SY-D-039,ภาคตะวันออก,388,6881
2025-09-24,SY-D-039,ภาคเหนือ,374,6256
2025-09-24,SY-D-039,ภาคใต้,403,7952
2025-09-24,AG-E-052,กรุงเทพฯ,176,3550
2025-09-24,AG-E-052,ภาคกลาง,164,2396
2025-09-24,AG-E-052,ภาคตะวันออก,121,1982
2025-09-24,AG-E-052,ภาคเหนือ,113,1630
2025-09-24,AG-E-052,ภาคใต้,134,2618
2025-09-25,TK-A-001,กรุงเทพฯ,261,5117
2025-09-25,TK-A-001,ภาคกลาง,209,3665
2025-09-25,TK-A-001,ภาคตะวันออก,146,2847
2025-09-25,TK-A-001,ภาคเหนือ,126,2474
2025-09-25,TK-A-001,ภาคใต้,180,2880
2025-09-25,GL-B-014,กรุงเทพฯ,1420,23866
2025-09-25,GL-B-014,ภาคกลาง,1069,17586
2025-09-25,GL-B-014,ภาคตะวันออก,873,14346
2025-09-25,GL-B-014,ภาคเหนือ,701,13051
2025-09-25,GL-B-014,ภาคใต้,857,14147
2025-09-25,MK-C-028,กรุงเทพฯ,979,17171
2025-09-25,MK-C-028,ภาคกลาง,826,13661
2025-09-25,MK-C-028,ภาคตะวันออก,527,11999
2025-09-25,MK-C-028,ภาคเหนือ,565,8348
2025-09-25,MK-C-028,ภาคใต้,688,10691
2025-09-25,SY-D-039,กรุงเทพฯ,688,11895
2025-09-25,SY-D-039,ภาคกลาง,473,10315
2025-09-25,SY-D-039,ภาคตะวันออก,359,7650
2025-09-25,SY-D-039,ภาคเหนือ,338,5814
2025-09-25,SY-D-039,ภาคใต้,390,7916
2025-09-25,AG-E-052,กรุงเทพฯ,188,3385
2025-09-25,AG-E-052,ภาคกลาง,158,2612
2025-09-25,AG-E-052,ภาคตะวันออก,123,1837
2025-09-25,AG-E-052,ภาคเหนือ,102,1848
2025-09-25,AG-E-052,ภาคใต้,142,2234
2025-09-26,TK-A-001,กรุงเทพฯ,277,4900
2025-09-26,TK-A-001,ภาคกลาง,220,3900
2025-09-26,TK-A-001,ภาคตะวันออก,150,2460
2025-09-26,TK-A-001,ภาคเหนือ,146,2510
2025-09-26,TK-A-001,ภาคใต้,166,2852
2025-09-26,GL-B-014,กรุงเทพฯ,1379,21611
2025-09-26,GL-B-014,ภาคกลาง,1087,19988
2025-09-26,GL-B-014,ภาคตะวันออก,767,16417
2025-09-26,GL-B-014,ภาคเหนือ,755,14350
2025-09-26,GL-B-014,ภาคใต้,951,15574
2025-09-26,MK-C-028,กรุงเทพฯ,1058,17708
2025-09-26,MK-C-028,ภาคกลาง,725,12093
2025-09-26,MK-C-028,ภาคตะวันออก,596,9310
2025-09-26,MK-C-028,ภาคเหนือ,496,10753
2025-09-26,MK-C-028,ภาคใต้,643,13186
2025-09-26,SY-D-039,กรุงเทพฯ,668,11753
2025-09-26,SY-D-039,ภาคกลาง,507,8240
2025-09-26,SY-D-039,ภาคตะวันออก,394,7038
2025-09-26,SY-D-039,ภาคเหนือ,319,5347
2025-09-26,SY-D-039,ภาคใต้,469,6758
2025-09-26,AG-E-052,กรุงเทพฯ,185,3187
2025-09-26,AG-E-052,ภาคกลาง,142,2582
2025-09-26,AG-E-052,ภาคตะวันออก,108,1852
2025-09-26,AG-E-052,ภาคเหนือ,106,2069
2025-09-26,AG-E-052,ภาคใต้,135,2492
2025-09-27,TK-A-001,กรุงเทพฯ,246,5282
2025-09-27,TK-A-001,ภาคกลาง,219,3917
2025-09-27,TK-A-001,ภาคตะวันออก,150,3187
2025-09-27,TK-A-001,ภาคเหนือ,151,2177
2025-09-27,TK-A-001,ภาคใต้,157,2932
2025-09-27,GL-B-014,กรุงเทพฯ,1468,27333
2025-09-27,GL-B-014,ภาคกลาง,1038,18681
2025-09-27,GL-B-014,ภาคตะวันออก,878,13015
2025-09-27,GL-B-014,ภาคเหนือ,679,12160
2025-09-27,GL-B-014,ภาคใต้,817,17362
2025-09-27,MK-C-028,กรุงเทพฯ,939,15798
2025-09-27,MK-C-028,ภาคกลาง,837,12269
2025-09-27,MK-C-028,ภาคตะวันออก,639,9875
2025-09-27,MK-C-028,ภาคเหนือ,519,9746
2025-09-27,MK-C-028,ภาคใต้,710,10065
2025-09-27,SY-D-039,กรุงเทพฯ,607,10707
2025-09-27,SY-D-039,ภาคกลาง,487,10446
2025-09-27,SY-D-039,ภาคตะวันออก,420,6475
2025-09-27,SY-D-039,ภาคเหนือ,374,5402
2025-09-27,SY-D-039,ภาคใต้,412,7938
2025-09-27,AG-E-052,กรุงเทพฯ,189,3802
2025-09-27,AG-E-052,ภาคกลาง,162,2506
2025-09-27,AG-E-052,ภาคตะวันออก,117,1798
2025-09-27,AG-E-052,ภาคเหนือ,108,1801
2025-09-27,AG-E-052,ภาคใต้,143,2170
2025-09-28,TK-A-001,กรุงเทพฯ,260,5239
2025-09-28,TK-A-001,ภาคกลาง,223,3910
2025-09-28,TK-A-001,ภาคตะวันออก,169,2551
2025-09-28,TK-A-001,ภาคเหนือ,139,2570
2025-09-28,TK-A-001,ภาคใต้,181,3046
2025-09-28,GL-B-014,กรุงเทพฯ,1441,25223
2025-09-28,GL-B-014,ภาคกลาง,1116,16995
2025-09-28,GL-B-014,ภาคตะวันออก,876,13263
2025-09-28,GL-B-014,ภาคเหนือ,649,13666
2025-09-28,GL-B-014,ภาคใต้,822,16114
2025-09-28,MK-C-028,กรุงเทพฯ,1044,16551
2025-09-28,MK-C-028,ภาคกลาง,814,14810
2025-09-28,MK-C-028,ภาคตะวันออก,564,11434
2025-09-28,MK-C-028,ภาคเหนือ,477,8402
2025-09-28,MK-C-028,ภาคใต้,697,10442
2025-09-28,SY-D-039,กรุงเทพฯ,678,11814
2025-09-28,SY-D-039,ภาคกลาง,479,8326
2025-09-28,SY-D-039,ภาคตะวันออก,388,6993
2025-09-28,SY-D-039,ภาคเหนือ,366,5660
2025-09-28,SY-D-039,ภาคใต้,401,8666
2025-09-28,AG-E-052,กรุงเทพฯ,199,3213
2025-09-28,AG-E-052,ภาคกลาง,148,2837
2025-09-28,AG-E-052,ภาคตะวันออก,125,2357
2025-09-28,AG-E-052,ภาคเหนือ,105,2045
2025-09-28,AG-E-052,ภาคใต้,126,2340
2025-09-29,TK-A-001,กรุงเทพฯ,237,4865
2025-09-29,TK-A-001,ภาคกลาง,216,3625
2025-09-29,TK-A-001,ภาคตะวันออก,171,2988
2025-09-29,TK-A-001,ภาคเหนือ,135,2626
2025-09-29,TK-A-001,ภาคใต้,177,2917
2025-09-29,GL-B-014,กรุงเทพฯ,1454,25408
2025-09-29,GL-B-014,ภาคกลาง,993,17923
2025-09-29,GL-B-014,ภาคตะวันออก,881,13353
2025-09-29,GL-B-014,ภาคเหนือ,655,14415
2025-09-29,GL-B-014,ภาคใต้,888,13949
2025-09-29,MK-C-028,กรุงเทพฯ,978,16435
2025-09-29,MK-C-028,ภาคกลาง,841,13551
2025-09-29,MK-C-028,ภาคตะวันออก,599,9811
2025-09-29,MK-C-028,ภาคเหนือ,510,10768
2025-09-29,MK-C-028,ภาคใต้,692,11779
2025-09-29,SY-D-039,กรุงเทพฯ,629,10669
2025-09-29,SY-D-039,ภาคกลาง,570,10764
2025-09-29,SY-D-039,ภาคตะวันออก,378,6390
2025-09-29,SY-D-039,ภาคเหนือ,325,5339
2025-09-29,SY-D-039,ภาคใต้,415,7076
2025-09-29,AG-E-052,กรุงเทพฯ,177,3558
2025-09-29,AG-E-052,ภาคกลาง,153,3223
2025-09-29,AG-E-052,ภาคตะวันออก,120,2110
2025-09-29,AG-E-052,ภาคเหนือ,105,1617
2025-09-29,AG-E-052,ภาคใต้,132,2169
2025-09-30,TK-A-001,กรุงเทพฯ,267,4097
2025-09-30,TK-A-001,ภาคกลาง,213,3726
2025-09-30,TK-A-001,ภาคตะวันออก,148,3100
2025-09-30,TK-A-001,ภาคเหนือ,152,2213
2025-09-30,TK-A-001,ภาคใต้,164,3222
2025-09-30,GL-B-014,กรุงเทพฯ,1308,21736
2025-09-30,GL-B-014,ภาคกลาง,1171,19074
2025-09-30,GL-B-014,ภาคตะวันออก,733,13895
2025-09-30,GL-B-014,ภาคเหนือ,656,12748
2025-09-30,GL-B-014,ภาคใต้,931,14743
2025-09-30,MK-C-028,กรุงเทพฯ,958,16561
2025-09-30,MK-C-028,ภาคกลาง,846,15383
2025-09-30,MK-C-028,ภาคตะวันออก,530,12063
2025-09-30,MK-C-028,ภาคเหนือ,523,8854
2025-09-30,MK-C-028,ภาคใต้,680,11691
2025-09-30,SY-D-039,กรุงเทพฯ,712,10620
2025-09-30,SY-D-039,ภาคกลาง,530,10562
2025-09-30,SY-D-039,ภาคตะวันออก,402,7098
2025-09-30,SY-D-039,ภาคเหนือ,322,5497
2025-09-30,SY-D-039,ภาคใต้,463,6747
2025-09-30,AG-E-052,กรุงเทพฯ,189,3774
2025-09-30,AG-E-052,ภาคกลาง,157,2799
2025-09-30,AG-E-052,ภาคตะวันออก,116,2391
2025-09-30,AG-E-052,ภาคเหนือ,103,1965
2025-09-30,AG-E-052,ภาคใต้,136,2143
2025-10-01,TK-A-001,กรุงเทพฯ,240,4481
2025-10-01,TK-A-001,ภาคกลาง,227,3835
2025-10-01,TK-A-001,ภาคตะวันออก,148,2950
2025-10-01,TK-A-001,ภาคเหนือ,143,2374
2025-10-01,TK-A-001,ภาคใต้,181,3292
2025-10-01,GL-B-014,กรุงเทพฯ,1411,24812
2025-10-01,GL-B-014,ภาคกลาง,1013,19385
2025-10-01,GL-B-014,ภาคตะวันออก,775,14707
2025-10-01,GL-B-014,ภาคเหนือ,663,14796
2025-10-01,GL-B-014,ภาคใต้,815,14919
2025-10-01,MK-C-028,กรุงเทพฯ,927,18784
2025-10-01,MK-C-028,ภาคกลาง,848,13149
2025-10-01,MK-C-028,ภาคตะวันออก,577,9627
2025-10-01,MK-C-028,ภาคเหนือ,533,9341
2025-10-01,MK-C-028,ภาคใต้,649,10222
2025-10-01,SY-D-039,กรุงเทพฯ,698,12982
2025-10-01,SY-D-039,ภาคกลาง,498,10653
2025-10-01,SY-D-039,ภาคตะวันออก,430,6207
2025-10-01,SY-D-039,ภาคเหนือ,354,5989
2025-10-01,SY-D-039,ภาคใต้,412,7980
2025-10-01,AG-E-052,กรุงเทพฯ,215,3542
2025-10-01,AG-E-052,ภาคกลาง,149,2717
2025-10-01,AG-E-052,ภาคตะวันออก,112,1919
2025-10-01,AG-E-052,ภาคเหนือ,101,1720
2025-10-01,AG-E-052,ภาคใต้,137,2569
2025-10-02,TK-A-001,กรุงเทพฯ,247,5314
2025-10-02,TK-A-001,ภาคกลาง,219,3791
2025-10-02,TK-A-001,ภาคตะวันออก,150,3158
2025-10-02,TK-A-001,ภาคเหนือ,151,2877
2025-10-02,TK-A-001,ภาคใต้,173,3544
2025-10-02,GL-B-014,กรุงเทพฯ,1301,27579
2025-10-02,GL-B-014,ภาคกลาง,1095,16984
2025-10-02,GL-B-014,ภาคตะวันออก,788,16640
2025-10-02,GL-B-014,ภาคเหนือ,732,13382
2025-10-02,GL-B-014,ภาคใต้,989,18036
2025-10-02,MK-C-028,กรุงเทพฯ,1065,15204
2025-10-02,MK-C-028,ภาคกลาง,841,15137
2025-10-02,MK-C-028,ภาคตะวันออก,563,9193
2025-10-02,MK-C-028,ภาคเหนือ,489,9390
2025-10-02,MK-C-028,ภาคใต้,706,12083
2025-10-02,SY-D-039,กรุงเทพฯ,668,11673
2025-10-02,SY-D-039,ภาคกลาง,565,9169
2025-10-02,SY-D-039,ภาคตะวันออก,386,7126
2025-10-02,SY-D-039,ภาคเหนือ,373,5554
2025-10-02,SY-D-039,ภาคใต้,453,7743
2025-10-02,AG-E-052,กรุงเทพฯ,196,3263
2025-10-02,AG-E-052,ภาคกลาง,149,3134
2025-10-02,AG-E-052,ภาคตะวันออก,122,2391
2025-10-02,AG-E-052,ภาคเหนือ,110,2075
2025-10-02,AG-E-052,ภาคใต้,133,2257
2025-10-03,TK-A-001,กรุงเทพฯ,238,5285
2025-10-03,TK-A-001,ภาคกลาง,189,4259
2025-10-03,TK-A-001,ภาคตะวันออก,161,2565
2025-10-03,TK-A-001,ภาคเหนือ,133,2783
2025-10-03,TK-A-001,ภาคใต้,190,3436
2025-10-03,GL-B-014,กรุงเทพฯ,1460,25107
2025-10-03,GL-B-014,ภาคกลาง,1179,21596
2025-10-03,GL-B-014,ภาคตะวันออก,756,14625
2025-10-03,GL-B-014,ภาคเหนือ,771,13077
2025-10-03,GL-B-014,ภาคใต้,856,15169
2025-10-03,MK-C-028,กรุงเทพฯ,914,15980
2025-10-03,MK-C-028,ภาคกลาง,805,13926
2025-10-03,MK-C-028,ภาคตะวันออก,597,10887
2025-10-03,MK-C-028,ภาคเหนือ,540,10187
2025-10-03,MK-C-028,ภาคใต้,609,11532
2025-10-03,SY-D-039,กรุงเทพฯ,694,10830
2025-10-03,SY-D-039,ภาคกลาง,559,10345
2025-10-03,SY-D-039,ภาคตะวันออก,422,6552
2025-10-03,SY-D-039,ภาคเหนือ,334,6592
2025-10-03,SY-D-039,ภาคใต้,397,6880
2025-10-03,AG-E-052,กรุงเทพฯ,200,3827
2025-10-03,AG-E-052,ภาคกลาง,167,2860
2025-10-03,AG-E-052,ภาคตะวันออก,114,2011
2025-10-03,AG-E-052,ภาคเหนือ,114,1942
2025-10-03,AG-E-052,ภาคใต้,121,2699
2025-10-04,TK-A-001,กรุงเทพฯ,245,4809
2025-10-04,TK-A-001,ภาคกลาง,208,3983
2025-10-04,TK-A-001,ภาคตะวันออก,144,2954
2025-10-04,TK-A-001,ภาคเหนือ,141,2207
2025-10-04,TK-A-001,ภาคใต้,176,2948
2025-10-04,GL-B-014,กรุงเทพฯ,1340,21183
2025-10-04,GL-B-014,ภาคกลาง,1168,20337
2025-10-04,GL-B-014,ภาคตะวันออก,889,15586
2025-10-04,GL-B-014,ภาคเหนือ,659,14335
2025-10-04,GL-B-014,ภาคใต้,939,18255
2025-10-04,MK-C-028,กรุงเทพฯ,1040,15770
2025-10-04,MK-C-028,ภาคกลาง,734,12895
2025-10-04,MK-C-028,ภาคตะวันออก,626,12192
2025-10-04,MK-C-028,ภาคเหนือ,531,9915
2025-10-04,MK-C-028,ภาคใต้,616,12421
2025-10-04,SY-D-039,กรุงเทพฯ,704,10390
2025-10-04,SY-D-039,ภาคกลาง,527,10752
2025-10-04,SY-D-039,ภาคตะวันออก,400,6964
2025-10-04,SY-D-039,ภาคเหนือ,349,5376
2025-10-04,SY-D-039,ภาคใต้,434,7970
2025-10-04,AG-E-052,กรุงเทพฯ,179,3552
2025-10-04,AG-E-052,ภาคกลาง,169,2848
2025-10-04,AG-E-052,ภาคตะวันออก,116,2197
2025-10-04,AG-E-052,ภาคเหนือ,107,1818
2025-10-04,AG-E-052,ภาคใต้,125,2259
2025-10-05,TK-A-001,กรุงเทพฯ,258,4920
2025-10-05,TK-A-001,ภาคกลาง,194,3760
2025-10-05,TK-A-001,ภาคตะวันออก,165,2513
2025-10-05,TK-A-001,ภาคเหนือ,144,2830
2025-10-05,TK-A-001,ภาคใต้,183,2813
2025-10-05,GL-B-014,กรุงเทพฯ,1385,22852
2025-10-05,GL-B-014,ภาคกลาง,1023,21075
2025-10-05,GL-B-014,ภาคตะวันออก,780,13820
2025-10-05,GL-B-014,ภาคเหนือ,683,14566
2025-10-05,GL-B-014,ภาคใต้,983,17821
2025-10-05,MK-C-028,กรุงเทพฯ,1022,16815
2025-10-05,MK-C-028,ภาคกลาง,797,15372
2025-10-05,MK-C-028,ภาคตะวันออก,632,9140
2025-10-05,MK-C-028,ภาคเหนือ,561,10131
2025-10-05,MK-C-028,ภาคใต้,629,11059
2025-10-05,SY-D-039,กรุงเทพฯ,637,11086
2025-10-05,SY-D-039,ภาคกลาง,557,9458
2025-10-05,SY-D-039,ภาคตะวันออก,356,7454
2025-10-05,SY-D-039,ภาคเหนือ,344,6797
2025-10-05,SY-D-039,ภาคใต้,464,7989
2025-10-05,AG-E-052,กรุงเทพฯ,185,3500
2025-10-05,AG-E-052,ภาคกลาง,168,2889
2025-10-05,AG-E-052,ภาคตะวันออก,125,2169
2025-10-05,AG-E-052,ภาคเหนือ,108,1756
2025-10-05,AG-E-052,ภาคใต้,140,2307
2025-10-06,TK-A-001,กรุงเทพฯ,281,4580
2025-10-06,TK-A-001,ภาคกลาง,212,3250
2025-10-06,TK-A-001,ภาคตะวันออก,144,3074
2025-10-06,TK-A-001,ภาคเหนือ,130,2360
2025-10-06,TK-A-001,ภาคใต้,175,2860
2025-10-06,GL-B-014,กรุงเทพฯ,1294,25525
2025-10-06,GL-B-014,ภาคกลาง,1033,22324
2025-10-06,GL-B-014,ภาคตะวันออก,889,12976
2025-10-06,GL-B-014,ภาคเหนือ,776,12387
2025-10-06,GL-B-014,ภาคใต้,862,16585
2025-10-06,MK-C-028,กรุงเทพฯ,945,17723
2025-10-06,MK-C-028,ภาคกลาง,797,15367
2025-10-06,MK-C-028,ภาคตะวันออก,587,9734
2025-10-06,MK-C-028,ภาคเหนือ,557,10327
2025-10-06,MK-C-028,ภาคใต้,702,11124
2025-10-06,SY-D-039,กรุงเทพฯ,685,11321
2025-10-06,SY-D-039,ภาคกลาง,477,8501
2025-10-06,SY-D-039,ภาคตะวันออก,385,6939
2025-10-06,SY-D-039,ภาคเหนือ,330,6313
2025-10-06,SY-D-039,ภาคใต้,461,7687
2025-10-06,AG-E-052,กรุงเทพฯ,203,3770
2025-10-06,AG-E-052,ภาคกลาง,147,2718
2025-10-06,AG-E-052,ภาคตะวันออก,109,2157
2025-10-06,AG-E-052,ภาคเหนือ,110,1632
2025-10-06,AG-E-052,ภาคใต้,129,2134
2025-10-07,TK-A-001,กรุงเทพฯ,258,4237
2025-10-07,TK-A-001,ภาคกลาง,226,3987
2025-10-07,TK-A-001,ภาคตะวันออก,164,3023
2025-10-07,TK-A-001,ภาคเหนือ,151,2547
2025-10-07,TK-A-001,ภาคใต้,188,3138
2025-10-07,GL-B-014,กรุงเทพฯ,1317,26240
2025-10-07,GL-B-014,ภาคกลาง,1156,16614
2025-10-07,GL-B-014,ภาคตะวันออก,853,15172
2025-10-07,GL-B-014,ภาคเหนือ,734,13085
2025-10-07,GL-B-014,ภาคใต้,862,15290
2025-10-07,MK-C-028,กรุงเทพฯ,1072,15199
2025-10-07,MK-C-028,ภาคกลาง,771,14751
2025-10-07,MK-C-028,ภาคตะวันออก,555,9113
2025-10-07,MK-C-028,ภาคเหนือ,487,10844
2025-10-07,MK-C-028,ภาคใต้,701,12887
2025-10-07,SY-D-039,กรุงเทพฯ,706,13517
2025-10-07,SY-D-039,ภาคกลาง,573,9097
2025-10-07,SY-D-039,ภาคตะวันออก,422,6745
2025-10-07,SY-D-039,ภาคเหนือ,369,6004
2025-10-07,SY-D-039,ภาคใต้,431,7591
2025-10-07,AG-E-052,กรุงเทพฯ,187,3332
2025-10-07,AG-E-052,ภาคกลาง,165,3034
2025-10-07,AG-E-052,ภาคตะวันออก,129,2181
2025-10-07,AG-E-052,ภาคเหนือ,106,1793
2025-10-07,AG-E-052,ภาคใต้,131,2347
2025-10-08,TK-A-001,กรุงเทพฯ,244,5168
2025-10-08,TK-A-001,ภาคกลาง,198,3378
2025-10-08,TK-A-001,ภาคตะวันออก,166,3142
2025-10-08,TK-A-001,ภาคเหนือ,127,2852
2025-10-08,TK-A-001,ภาคใต้,184,2780
2025-10-08,GL-B-014,กรุงเทพฯ,1387,27059
2025-10-08,GL-B-014,ภาคกลาง,1142,20160
2025-10-08,GL-B-014,ภาคตะวันออก,743,13645
2025-10-08,GL-B-014,ภาคเหนือ,688,11259
2025-10-08,GL-B-014,ภาคใต้,843,14693
2025-10-08,MK-C-028,กรุงเทพฯ,944,16115
2025-10-08,MK-C-028,ภาคกลาง,802,14858
2025-10-08,MK-C-028,ภาคตะวันออก,615,9778
2025-10-08,MK-C-028,ภาคเหนือ,539,8925
2025-10-08,MK-C-028,ภาคใต้,651,13403
2025-10-08,SY-D-039,กรุงเทพฯ,663,12566
2025-10-08,SY-D-039,ภาคกลาง,518,8132
2025-10-08,SY-D-039,ภาคตะวันออก,384,6611
2025-10-08,SY-D-039,ภาคเหนือ,360,6999
2025-10-08,SY-D-039,ภาคใต้,474,6959
2025-10-08,AG-E-052,กรุงเทพฯ,197,3576
2025-10-08,AG-E-052,ภาคกลาง,149,2954
2025-10-08,AG-E-052,ภาคตะวันออก,107,2442
2025-10-08,AG-E-052,ภาคเหนือ,113,1655
2025-10-08,AG-E-052,ภาคใต้,136,2512
2025-10-09,TK-A-001,กรุงเทพฯ,266,4285
2025-10-09,TK-A-001,ภาคกลาง,215,3226
2025-10-09,TK-A-001,ภาคตะวันออก,147,2983
2025-10-09,TK-A-001,ภาคเหนือ,129,2173
2025-10-09,TK-A-001,ภาคใต้,164,2995
2025-10-09,GL-B-014,กรุงเทพฯ,1455,22256
2025-10-09,GL-B-014,ภาคกลาง,1012,21382
2025-10-09,GL-B-014,ภาคตะวันออก,784,13726
2025-10-09,GL-B-014,ภาคเหนือ,721,12518
2025-10-09,GL-B-014,ภาคใต้,967,17394
2025-10-09,MK-C-028,กรุงเทพฯ,997,16440
2025-10-09,MK-C-028,ภาคกลาง,715,15126
2025-10-09,MK-C-028,ภาคตะวันออก,612,10697
2025-10-09,MK-C-028,ภาคเหนือ,576,8500
2025-10-09,MK-C-028,ภาคใต้,671,10995
2025-10-09,SY-D-039,กรุงเทพฯ,649,12032
2025-10-09,SY-D-039,ภาคกลาง,570,10330
2025-10-09,SY-D-039,ภาคตะวันออก,382,6912
2025-10-09,SY-D-039,ภาคเหนือ,361,5637
2025-10-09,SY-D-039,ภาคใต้,477,8542
2025-10-09,AG-E-052,กรุงเทพฯ,202,3811
2025-10-09,AG-E-052,ภาคกลาง,159,3180
2025-10-09,AG-E-052,ภาคตะวันออก,124,2180
2025-10-09,AG-E-052,ภาคเหนือ,108,1729
2025-10-09,AG-E-052,ภาคใต้,141,2598
2025-10-10,TK-A-001,กรุงเทพฯ,240,4121
2025-10-10,TK-A-001,ภาคกลาง,199,4112
2025-10-10,TK-A-001,ภาคตะวันออก,148,3240
2025-10-10,TK-A-001,ภาคเหนือ,143,2771
2025-10-10,TK-A-001,ภาคใต้,171,2879
2025-10-10,GL-B-014,กรุงเทพฯ,1332,24223
2025-10-10,GL-B-014,ภาคกลาง,1069,17515
2025-10-10,GL-B-014,ภาคตะวันออก,804,16504
2025-10-10,GL-B-014,ภาคเหนือ,710,13410
2025-10-10,GL-B-014,ภาคใต้,883,16809
2025-10-10,MK-C-028,กรุงเทพฯ,958,19929
2025-10-10,MK-C-028,ภาคกลาง,848,14684
2025-10-10,MK-C-028,ภาคตะวันออก,608,12030
2025-10-10,MK-C-028,ภาคเหนือ,554,8113
2025-10-10,MK-C-028,ภาคใต้,707,12855
2025-10-10,SY-D-039,กรุงเทพฯ,603,11881
2025-10-10,SY-D-039,ภาคกลาง,564,8377
2025-10-10,SY-D-039,ภาคตะวันออก,407,7778
2025-10-10,SY-D-039,ภาคเหนือ,379,6111
2025-10-10,SY-D-039,ภาคใต้,439,8708
2025-10-10,AG-E-052,กรุงเทพฯ,190,3343
2025-10-10,AG-E-052,ภาคกลาง,157,2879
2025-10-10,AG-E-052,ภาคตะวันออก,111,2050
2025-10-10,AG-E-052,ภาคเหนือ,107,2091
2025-10-10,AG-E-052,ภาคใต้,133,2226
2025-10-11,TK-A-001,กรุงเทพฯ,241,4394
2025-10-11,TK-A-001,ภาคกลาง,216,4028
2025-10-11,TK-A-001,ภาคตะวันออก,157,3219
2025-10-11,TK-A-001,ภาคเหนือ,147,2340
2025-10-11,TK-A-001,ภาคใต้,182,3011
2025-10-11,GL-B-014,กรุงเทพฯ,1269,23082
2025-10-11,GL-B-014,ภาคกลาง,988,20947
2025-10-11,GL-B-014,ภาคตะวันออก,853,15408
2025-10-11,GL-B-014,ภาคเหนือ,675,11767
2025-10-11,GL-B-014,ภาคใต้,866,18481
2025-10-11,MK-C-028,กรุงเทพฯ,1012,19443
2025-10-11,MK-C-028,ภาคกลาง,758,15100
2025-10-11,MK-C-028,ภาคตะวันออก,541,10838
2025-10-11,MK-C-028,ภาคเหนือ,570,9324
2025-10-11,MK-C-028,ภาคใต้,604,11445
2025-10-11,SY-D-039,กรุงเทพฯ,650,13178
2025-10-11,SY-D-039,ภาคกลาง,477,8151
2025-10-11,SY-D-039,ภาคตะวันออก,367,6660
2025-10-11,SY-D-039,ภาคเหนือ,373,6681
2025-10-11,SY-D-039,ภาคใต้,466,8874
2025-10-11,AG-E-052,กรุงเทพฯ,216,4037
2025-10-11,AG-E-052,ภาคกลาง,151,2767
2025-10-11,AG-E-052,ภาคตะวันออก,126,1971
2025-10-11,AG-E-052,ภาคเหนือ,95,1659
2025-10-11,AG-E-052,ภาคใต้,132,2276
2025-10-12,TK-A-001,กรุงเทพฯ,266,4578
2025-10-12,TK-A-001,ภาคกลาง,229,4272
2025-10-12,TK-A-001,ภาคตะวันออก,150,3055
2025-10-12,TK-A-001,ภาคเหนือ,138,2727
2025-10-12,TK-A-001,ภาคใต้,174,3550
2025-10-12,GL-B-014,กรุงเทพฯ,1489,26543
2025-10-12,GL-B-014,ภาคกลาง,1121,17983
2025-10-12,GL-B-014,ภาคตะวันออก,746,14944
2025-10-12,GL-B-014,ภาคเหนือ,724,13423
2025-10-12,GL-B-014,ภาคใต้,820,17717
2025-10-12,MK-C-028,กรุงเทพฯ,922,15250
2025-10-12,MK-C-028,ภาคกลาง,731,14076
2025-10-12,MK-C-028,ภาคตะวันออก,604,9220
2025-10-12,MK-C-028,ภาคเหนือ,563,8856
2025-10-12,MK-C-028,ภาคใต้,720,11250
2025-10-12,SY-D-039,กรุงเทพฯ,595,12350
2025-10-12,SY-D-039,ภาคกลาง,486,8992
2025-10-12,SY-D-039,ภาคตะวันออก,374,6699
2025-10-12,SY-D-039,ภาคเหนือ,345,6943
2025-10-12,SY-D-039,ภาคใต้,459,8203
2025-10-12,AG-E-052,กรุงเทพฯ,189,3701
2025-10-12,AG-E-052,ภาคกลาง,158,3025
2025-10-12,AG-E-052,ภาคตะวันออก,121,2354
2025-10-12,AG-E-052,ภาคเหนือ,105,1697
2025-10-12,AG-E-052,ภาคใต้,128,2283
2025-10-13,TK-A-001,กรุงเทพฯ,290,4149
2025-10-13,TK-A-001,ภาคกลาง,213,4129
2025-10-13,TK-A-001,ภาคตะวันออก,163,3013
2025-10-13,TK-A-001,ภาคเหนือ,132,2536
2025-10-13,TK-A-001,ภาคใต้,184,3158
2025-10-13,GL-B-014,กรุงเทพฯ,1428,27693
2025-10-13,GL-B-014,ภาคกลาง,1095,22025
2025-10-13,GL-B-014,ภาคตะวันออก,813,13380
2025-10-13,GL-B-014,ภาคเหนือ,658,11379
2025-10-13,GL-B-014,ภาคใต้,907,16052
2025-10-13,MK-C-028,กรุงเทพฯ,951,19497
2025-10-13,MK-C-028,ภาคกลาง,795,15622
2025-10-13,MK-C-028,ภาคตะวันออก,558,10138
2025-10-13,MK-C-028,ภาคเหนือ,545,10340
2025-10-13,MK-C-028,ภาคใต้,611,13101
2025-10-13,SY-D-039,กรุงเทพฯ,671,10944
2025-10-13,SY-D-039,ภาคกลาง,517,9235
2025-10-13,SY-D-039,ภาคตะวันออก,361,7089
2025-10-13,SY-D-039,ภาคเหนือ,323,6632
2025-10-13,SY-D-039,ภาคใต้,459,7673
2025-10-13,AG-E-052,กรุงเทพฯ,195,3041
2025-10-13,AG-E-052,ภาคกลาง,154,3271
2025-10-13,AG-E-052,ภาคตะวันออก,115,2336
2025-10-13,AG-E-052,ภาคเหนือ,101,1760
2025-10-13,AG-E-052,ภาคใต้,135,2196
2025-10-14,TK-A-001,กรุงเทพฯ,267,4249
2025-10-14,TK-A-001,ภาคกลาง,209,3467
2025-10-14,TK-A-001,ภาคตะวันออก,172,2425
2025-10-14,TK-A-001,ภาคเหนือ,152,2336
2025-10-14,TK-A-001,ภาคใต้,160,3391
2025-10-14,GL-B-014,กรุงเทพฯ,1323,23677
2025-10-14,GL-B-014,ภาคกลาง,1016,20272
2025-10-14,GL-B-014,ภาคตะวันออก,846,14919
2025-10-14,GL-B-014,ภาคเหนือ,690,12946
2025-10-14,GL-B-014,ภาคใต้,993,16782
2025-10-14,MK-C-028,กรุงเทพฯ,998,18731
2025-10-14,MK-C-028,ภาคกลาง,726,13899
2025-10-14,MK-C-028,ภาคตะวันออก,623,9753
2025-10-14,MK-C-028,ภาคเหนือ,517,10022
2025-10-14,MK-C-028,ภาคใต้,641,12190
2025-10-14,SY-D-039,กรุงเทพฯ,604,13162
2025-10-14,SY-D-039,ภาคกลาง,480,9776
2025-10-14,SY-D-039,ภาคตะวันออก,390,7914
2025-10-14,SY-D-039,ภาคเหนือ,378,5437
2025-10-14,SY-D-039,ภาคใต้,450,7889
2025-10-14,AG-E-052,กรุงเทพฯ,212,3974
2025-10-14,AG-E-052,ภาคกลาง,143,2587
2025-10-14,AG-E-052,ภาคตะวันออก,111,2284
2025-10-14,AG-E-052,ภาคเหนือ,116,1735
2025-10-14,AG-E-052,ภาคใต้,145,2130
2025-10-15,TK-A-001,กรุงเทพฯ,282,5319
2025-10-15,TK-A-001,ภาคกลาง,216,3907
2025-10-15,TK-A-001,ภาคตะวันออก,148,3051
2025-10-15,TK-A-001,ภาคเหนือ,147,2791
2025-10-15,TK-A-001,ภาคใต้,193,3228
2025-10-15,GL-B-014,กรุงเทพฯ,1400,21680
2025-10-15,GL-B-014,ภาคกลาง,1032,21716
2025-10-15,GL-B-014,ภาคตะวันออก,872,14762
2025-10-15,GL-B-014,ภาคเหนือ,736,11445
2025-10-15,GL-B-014,ภาคใต้,896,14336
2025-10-15,MK-C-028,กรุงเทพฯ,1034,18269
2025-10-15,MK-C-028,ภาคกลาง,733,12314
2025-10-15,MK-C-028,ภาคตะวันออก,592,10436
2025-10-15,MK-C-028,ภาคเหนือ,574,10018
2025-10-15,MK-C-028,ภาคใต้,638,10434
2025-10-15,SY-D-039,กรุงเทพฯ,671,10368
2025-10-15,SY-D-039,ภาคกลาง,506,8707
2025-10-15,SY-D-039,ภาคตะวันออก,399,7680
2025-10-15,SY-D-039,ภาคเหนือ,346,6224
2025-10-15,SY-D-039,ภาคใต้,482,8443
2025-10-15,AG-E-052,กรุงเทพฯ,180,3233
2025-10-15,AG-E-052,ภาคกลาง,148,2904
2025-10-15,AG-E-052,ภาคตะวันออก,123,1900
2025-10-15,AG-E-052,ภาคเหนือ,98,2001
2025-10-15,AG-E-052,ภาคใต้,124,2247
2025-10-16,TK-A-001,กรุงเทพฯ,251,5022
2025-10-16,TK-A-001,ภาคกลาง,224,3785
2025-10-16,TK-A-001,ภาคตะวันออก,166,2940
2025-10-16,TK-A-001,ภาคเหนือ,146,2844
2025-10-16,TK-A-001,ภาคใต้,187,3046
2025-10-16,GL-B-014,กรุงเทพฯ,1343,26975
2025-10-16,GL-B-014,ภาคกลาง,1140,21480
2025-10-16,GL-B-014,ภาคตะวันออก,885,14252
2025-10-16,GL-B-014,ภาคเหนือ,736,11516
2025-10-16,GL-B-014,ภาคใต้,961,16267
2025-10-16,MK-C-028,กรุงเทพฯ,913,16655
2025-10-16,MK-C-028,ภาคกลาง,862,12176
2025-10-16,MK-C-028,ภาคตะวันออก,563,10752
2025-10-16,MK-C-028,ภาคเหนือ,554,9667
2025-10-16,MK-C-028,ภาคใต้,672,13612
2025-10-16,SY-D-039,กรุงเทพฯ,680,11067
2025-10-16,SY-D-039,ภาคกลาง,546,9997
2025-10-16,SY-D-039,ภาคตะวันออก,414,7340
2025-10-16,SY-D-039,ภาคเหนือ,352,6358
2025-10-16,SY-D-039,ภาคใต้,483,7197
2025-10-16,AG-E-052,กรุงเทพฯ,192,3601
2025-10-16,AG-E-052,ภาคกลาง,166,3276
2025-10-16,AG-E-052,ภาคตะวันออก,118,1833
2025-10-16,AG-E-052,ภาคเหนือ,101,1866
2025-10-16,AG-E-052,ภาคใต้,134,2636
2025-10-17,TK-A-001,กรุงเทพฯ,265,4373
2025-10-17,TK-A-001,ภาคกลาง,216,3824
2025-10-17,TK-A-001,ภาคตะวันออก,162,2577
2025-10-17,TK-A-001,ภาคเหนือ,131,2440
2025-10-17,TK-A-001,ภาคใต้,179,3595
2025-10-17,GL-B-014,กรุงเทพฯ,1288,23722
2025-10-17,GL-B-014,ภาคกลาง,1051,21554
2025-10-17,GL-B-014,ภาคตะวันออก,842,13451
2025-10-17,GL-B-014,ภาคเหนือ,744,14263
2025-10-17,GL-B-014,ภาคใต้,831,15451
2025-10-17,MK-C-028,กรุงเทพฯ,962,18051
2025-10-17,MK-C-028,ภาคกลาง,751,15265
2025-10-17,MK-C-028,ภาคตะวันออก,602,9544
2025-10-17,MK-C-028,ภาคเหนือ,508,9407
2025-10-17,MK-C-028,ภาคใต้,599,12266
2025-10-17,SY-D-039,กรุงเทพฯ,611,12383
2025-10-17,SY-D-039,ภาคกลาง,489,9633
2025-10-17,SY-D-039,ภาคตะวันออก,425,8214
2025-10-17,SY-D-039,ภาคเหนือ,353,6407
2025-10-17,SY-D-039,ภาคใต้,434,7586
2025-10-17,AG-E-052,กรุงเทพฯ,182,3099
2025-10-17,AG-E-052,ภาคกลาง,156,3207
2025-10-17,AG-E-052,ภาคตะวันออก,120,1856
2025-10-17,AG-E-052,ภาคเหนือ,111,2070
2025-10-17,AG-E-052,ภาคใต้,142,2298
2025-10-18,TK-A-001,กรุงเทพฯ,239,4213
2025-10-18,TK-A-001,ภาคกลาง,200,4256
2025-10-18,TK-A-001,ภาคตะวันออก,152,2735
2025-10-18,TK-A-001,ภาคเหนือ,152,2734
2025-10-18,TK-A-001,ภาคใต้,161,3602
2025-10-18,GL-B-014,กรุงเทพฯ,1450,23333
2025-10-18,GL-B-014,ภาคกลาง,1063,18686
2025-10-18,GL-B-014,ภาคตะวันออก,803,15668
2025-10-18,GL-B-014,ภาคเหนือ,673,14682
2025-10-18,GL-B-014,ภาคใต้,923,17077
2025-10-18,MK-C-028,กรุงเทพฯ,1036,17980
2025-10-18,MK-C-028,ภาคกลาง,861,14844
2025-10-18,MK-C-028,ภาคตะวันออก,540,11281
2025-10-18,MK-C-028,ภาคเหนือ,554,8874
2025-10-18,MK-C-028,ภาคใต้,633,11010
2025-10-18,SY-D-039,กรุงเทพฯ,613,10653
2025-10-18,SY-D-039,ภาคกลาง,565,9877
2025-10-18,SY-D-039,ภาคตะวันออก,401,8012
2025-10-18,SY-D-039,ภาคเหนือ,352,6597
2025-10-18,SY-D-039,ภาคใต้,444,7430
2025-10-18,AG-E-052,กรุงเทพฯ,180,3448
2025-10-18,AG-E-052,ภาคกลาง,151,2647
2025-10-18,AG-E-052,ภาคตะวันออก,110,1940
2025-10-18,AG-E-052,ภาคเหนือ,103,1886
2025-10-18,AG-E-052,ภาคใต้,133,2688
2025-10-19,TK-A-001,กรุงเทพฯ,251,5118
2025-10-19,TK-A-001,ภาคกลาง,225,4107
2025-10-19,TK-A-001,ภาคตะวันออก,159,2707
2025-10-19,TK-A-001,ภาคเหนือ,133,2825
2025-10-19,TK-A-001,ภาคใต้,170,3622
2025-10-19,GL-B-014,กรุงเทพฯ,1255,26361
2025-10-19,GL-B-014,ภาคกลาง,1062,18559
2025-10-19,GL-B-014,ภาคตะวันออก,879,13019
2025-10-19,GL-B-014,ภาคเหนือ,775,14877
2025-10-19,GL-B-014,ภาคใต้,987,16895
2025-10-19,MK-C-028,กรุงเทพฯ,901,15932
2025-10-19,MK-C-028,ภาคกลาง,843,15369
2025-10-19,MK-C-028,ภาคตะวันออก,539,9861
2025-10-19,MK-C-028,ภาคเหนือ,562,10292
2025-10-19,MK-C-028,ภาคใต้,642,10242
2025-10-19,SY-D-039,กรุงเทพฯ,620,11606
2025-10-19,SY-D-039,ภาคกลาง,534,10450
2025-10-19,SY-D-039,ภาคตะวันออก,406,7729
2025-10-19,SY-D-039,ภาคเหนือ,387,6859
2025-10-19,SY-D-039,ภาคใต้,447,8572
2025-10-19,AG-E-052,กรุงเทพฯ,206,3932
2025-10-19,AG-E-052,ภาคกลาง,165,3055
2025-10-19,AG-E-052,ภาคตะวันออก,124,2168
2025-10-19,AG-E-052,ภาคเหนือ,102,1854
2025-10-19,AG-E-052,ภาคใต้,145,2071
2025-10-20,TK-A-001,กรุงเทพฯ,282,4246
2025-10-20,TK-A-001,ภาคกลาง,222,4000
2025-10-20,TK-A-001,ภาคตะวันออก,157,2518
2025-10-20,TK-A-001,ภาคเหนือ,150,2399
2025-10-20,TK-A-001,ภาคใต้,179,3626
2025-10-20,GL-B-014,กรุงเทพฯ,1485,21331
2025-10-20,GL-B-014,ภาคกลาง,1200,18167
2025-10-20,GL-B-014,ภาคตะวันออก,897,14895
2025-10-20,GL-B-014,ภาคเหนือ,686,11569
2025-10-20,GL-B-014,ภาคใต้,886,16610
2025-10-20,MK-C-028,กรุงเทพฯ,905,18959
2025-10-20,MK-C-028,ภาคกลาง,762,15505
2025-10-20,MK-C-028,ภาคตะวันออก,567,9242
2025-10-20,MK-C-028,ภาคเหนือ,548,10879
2025-10-20,MK-C-028,ภาคใต้,645,13589
2025-10-20,SY-D-039,กรุงเทพฯ,676,10260
2025-10-20,SY-D-039,ภาคกลาง,542,10816
2025-10-20,SY-D-039,ภาคตะวันออก,412,6424
2025-10-20,SY-D-039,ภาคเหนือ,342,6496
2025-10-20,SY-D-039,ภาคใต้,427,8527
2025-10-20,AG-E-052,กรุงเทพฯ,183,3055
2025-10-20,AG-E-052,ภาคกลาง,172,2977
2025-10-20,AG-E-052,ภาคตะวันออก,125,2386
2025-10-20,AG-E-052,ภาคเหนือ,106,1750
2025-10-20,AG-E-052,ภาคใต้,140,2112
2025-10-21,TK-A-001,กรุงเทพฯ,256,4303
2025-10-21,TK-A-001,ภาคกลาง,193,3364
2025-10-21,TK-A-001,ภาคตะวันออก,162,3212
2025-10-21,TK-A-001,ภาคเหนือ,144,2777
2025-10-21,TK-A-001,ภาคใต้,193,2881
2025-10-21,GL-B-014,กรุงเทพฯ,1239,26731
2025-10-21,GL-B-014,ภาคกลาง,1132,18693
2025-10-21,GL-B-014,ภาคตะวันออก,870,15073
2025-10-21,GL-B-014,ภาคเหนือ,768,14720
2025-10-21,GL-B-014,ภาคใต้,879,15837
2025-10-21,MK-C-028,กรุงเทพฯ,948,20504
2025-10-21,MK-C-028,ภาคกลาง,845,14131
2025-10-21,MK-C-028,ภาคตะวันออก,590,10220
2025-10-21,MK-C-028,ภาคเหนือ,502,9138
2025-10-21,MK-C-028,ภาคใต้,687,13691
2025-10-21,SY-D-039,กรุงเทพฯ,689,10206
2025-10-21,SY-D-039,ภาคกลาง,517,8560
2025-10-21,SY-D-039,ภาคตะวันออก,380,7114
2025-10-21,SY-D-039,ภาคเหนือ,323,6406
2025-10-21,SY-D-039,ภาคใต้,410,7923
2025-10-21,AG-E-052,กรุงเทพฯ,200,3282
2025-10-21,AG-E-052,ภาคกลาง,149,2809
2025-10-21,AG-E-052,ภาคตะวันออก,124,1893
2025-10-21,AG-E-052,ภาคเหนือ,96,1820
2025-10-21,AG-E-052,ภาคใต้,134,2087
2025-10-22,TK-A-001,กรุงเทพฯ,269,5222
2025-10-22,TK-A-001,ภาคกลาง,206,4048
2025-10-22,TK-A-001,ภาคตะวันออก,165,2586
2025-10-22,TK-A-001,ภาคเหนือ,152,2302
2025-10-22,TK-A-001,ภาคใต้,160,3013
2025-10-22,GL-B-014,กรุงเทพฯ,1391,25388
2025-10-22,GL-B-014,ภาคกลาง,1084,21666
2025-10-22,GL-B-014,ภาคตะวันออก,866,16712
2025-10-22,GL-B-014,ภาคเหนือ,793,12786
2025-10-22,GL-B-014,ภาคใต้,857,14676
2025-10-22,MK-C-028,กรุงเทพฯ,1090,19980
2025-10-22,MK-C-028,ภาคกลาง,826,14653
2025-10-22,MK-C-028,ภาคตะวันออก,621,9454
2025-10-22,MK-C-028,ภาคเหนือ,563,8830
2025-10-22,MK-C-028,ภาคใต้,618,11871
2025-10-22,SY-D-039,กรุงเทพฯ,664,13313
2025-10-22,SY-D-039,ภาคกลาง,553,8802
2025-10-22,SY-D-039,ภาคตะวันออก,386,7690
2025-10-22,SY-D-039,ภาคเหนือ,347,6131
2025-10-22,SY-D-039,ภาคใต้,472,8251
2025-10-22,AG-E-052,กรุงเทพฯ,204,4080
2025-10-22,AG-E-052,ภาคกลาง,166,2879
2025-10-22,AG-E-052,ภาคตะวันออก,123,2077
2025-10-22,AG-E-052,ภาคเหนือ,106,2129
2025-10-22,AG-E-052,ภาคใต้,133,2418
2025-10-23,TK-A-001,กรุงเทพฯ,263,4745
2025-10-23,TK-A-001,ภาคกลาง,227,3384
2025-10-23,TK-A-001,ภาคตะวันออก,173,2594
2025-10-23,TK-A-001,ภาคเหนือ,134,2556
2025-10-23,TK-A-001,ภาคใต้,177,3028
2025-10-23,GL-B-014,กรุงเทพฯ,1260,28305
2025-10-23,GL-B-014,ภาคกลาง,1143,19260
2025-10-23,GL-B-014,ภาคตะวันออก,855,13084
2025-10-23,GL-B-014,ภาคเหนือ,805,11945
2025-10-23,GL-B-014,ภาคใต้,866,16940
2025-10-23,MK-C-028,กรุงเทพฯ,946,18383
2025-10-23,MK-C-028,ภาคกลาง,788,12455
2025-10-23,MK-C-028,ภาคตะวันออก,563,12147
2025-10-23,MK-C-028,ภาคเหนือ,484,9245
2025-10-23,MK-C-028,ภาคใต้,646,11438
2025-10-23,SY-D-039,กรุงเทพฯ,724,12397
2025-10-23,SY-D-039,ภาคกลาง,521,9398
2025-10-23,SY-D-039,ภาคตะวันออก,366,7460
2025-10-23,SY-D-039,ภาคเหนือ,320,6257
2025-10-23,SY-D-039,ภาคใต้,431,9124
2025-10-23,AG-E-052,กรุงเทพฯ,215,3738
2025-10-23,AG-E-052,ภาคกลาง,173,3045
2025-10-23,AG-E-052,ภาคตะวันออก,110,2316
2025-10-23,AG-E-052,ภาคเหนือ,115,2172
2025-10-23,AG-E-052,ภาคใต้,122,2250
2025-10-24,TK-A-001,กรุงเทพฯ,246,5070
2025-10-24,TK-A-001,ภาคกลาง,203,3761
2025-10-24,TK-A-001,ภาคตะวันออก,167,3284
2025-10-24,TK-A-001,ภาคเหนือ,145,2722
2025-10-24,TK-A-001,ภาคใต้,181,3036
2025-10-24,GL-B-014,กรุงเทพฯ,1486,25894
2025-10-24,GL-B-014,ภาคกลาง,1117,19593
2025-10-24,GL-B-014,ภาคตะวันออก,832,13342
2025-10-24,GL-B-014,ภาคเหนือ,769,12052
2025-10-24,GL-B-014,ภาคใต้,829,14980
2025-10-24,MK-C-028,กรุงเทพฯ,1015,17510
2025-10-24,MK-C-028,ภาคกลาง,810,12875
2025-10-24,MK-C-028,ภาคตะวันออก,649,10157
2025-10-24,MK-C-028,ภาคเหนือ,514,10790
2025-10-24,MK-C-028,ภาคใต้,611,11486
2025-10-24,SY-D-039,กรุงเทพฯ,651,12174
2025-10-24,SY-D-039,ภาคกลาง,549,10651
2025-10-24,SY-D-039,ภาคตะวันออก,385,6142
2025-10-24,SY-D-039,ภาคเหนือ,369,6664
2025-10-24,SY-D-039,ภาคใต้,405,7918
2025-10-24,AG-E-052,กรุงเทพฯ,193,3666
2025-10-24,AG-E-052,ภาคกลาง,158,2469
2025-10-24,AG-E-052,ภาคตะวันออก,110,2457
2025-10-24,AG-E-052,ภาคเหนือ,105,2182
2025-10-24,AG-E-052,ภาคใต้,131,2725
2025-10-25,TK-A-001,กรุงเทพฯ,254,5160
2025-10-25,TK-A-001,ภาคกลาง,203,3594
2025-10-25,TK-A-001,ภาคตะวันออก,165,2930
2025-10-25,TK-A-001,ภาคเหนือ,140,2405
2025-10-25,TK-A-001,ภาคใต้,191,3579
2025-10-25,GL-B-014,กรุงเทพฯ,1356,21318
2025-10-25,GL-B-014,ภาคกลาง,1154,20571
2025-10-25,GL-B-014,ภาคตะวันออก,751,15510
2025-10-25,GL-B-014,ภาคเหนือ,679,13580
2025-10-25,GL-B-014,ภาคใต้,898,16916
2025-10-25,MK-C-028,กรุงเทพฯ,935,17860
2025-10-25,MK-C-028,ภาคกลาง,788,13299
2025-10-25,MK-C-028,ภาคตะวันออก,544,11394
2025-10-25,MK-C-028,ภาคเหนือ,544,8417
2025-10-25,MK-C-028,ภาคใต้,687,11512
2025-10-25,SY-D-039,กรุงเทพฯ,661,11308
2025-10-25,SY-D-039,ภาคกลาง,516,10664
2025-10-25,SY-D-039,ภาคตะวันออก,413,7528
2025-10-25,SY-D-039,ภาคเหนือ,376,5924
2025-10-25,SY-D-039,ภาคใต้,482,6820
2025-10-25,AG-E-052,กรุงเทพฯ,218,3722
2025-10-25,AG-E-052,ภาคกลาง,158,3070
2025-10-25,AG-E-052,ภาคตะวันออก,130,2088
2025-10-25,AG-E-052,ภาคเหนือ,99,2126
2025-10-25,AG-E-052,ภาคใต้,137,2686
2025-10-26,TK-A-001,กรุงเทพฯ,280,5342
2025-10-26,TK-A-001,ภาคกลาง,196,4100
2025-10-26,TK-A-001,ภาคตะวันออก,152,2767
2025-10-26,TK-A-001,ภาคเหนือ,144,2776
2025-10-26,TK-A-001,ภาคใต้,181,3579
2025-10-26,GL-B-014,กรุงเทพฯ,1453,21885
2025-10-26,GL-B-014,ภาคกลาง,1157,17032
2025-10-26,GL-B-014,ภาคตะวันออก,756,16036
2025-10-26,GL-B-014,ภาคเหนือ,799,11810
2025-10-26,GL-B-014,ภาคใต้,847,15671
2025-10-26,MK-C-028,กรุงเทพฯ,922,18506
2025-10-26,MK-C-028,ภาคกลาง,806,16382
2025-10-26,MK-C-028,ภาคตะวันออก,551,10043
2025-10-26,MK-C-028,ภาคเหนือ,569,10853
2025-10-26,MK-C-028,ภาคใต้,665,12705
2025-10-26,SY-D-039,กรุงเทพฯ,612,10647
2025-10-26,SY-D-039,ภาคกลาง,549,8743
2025-10-26,SY-D-039,ภาคตะวันออก,396,8091
2025-10-26,SY-D-039,ภาคเหนือ,336,6887
2025-10-26,SY-D-039,ภาคใต้,452,7819
2025-10-26,AG-E-052,กรุงเทพฯ,218,3602
2025-10-26,AG-E-052,ภาคกลาง,156,2550
2025-10-26,AG-E-052,ภาคตะวันออก,129,1967
2025-10-26,AG-E-052,ภาคเหนือ,108,1675
2025-10-26,AG-E-052,ภาคใต้,123,2733
2025-10-27,TK-A-001,กรุงเทพฯ,255,4907
2025-10-27,TK-A-001,ภาคกลาง,225,3306
2025-10-27,TK-A-001,ภาคตะวันออก,155,3110
2025-10-27,TK-A-001,ภาคเหนือ,147,2625
2025-10-27,TK-A-001,ภาคใต้,170,3241
2025-10-27,GL-B-014,กรุงเทพฯ,1287,25981
2025-10-27,GL-B-014,ภาคกลาง,1207,22257
2025-10-27,GL-B-014,ภาคตะวันออก,877,16265
2025-10-27,GL-B-014,ภาคเหนือ,725,12980
2025-10-27,GL-B-014,ภาคใต้,1009,14305
2025-10-27,MK-C-028,กรุงเทพฯ,1004,18995
2025-10-27,MK-C-028,ภาคกลาง,868,12759
2025-10-27,MK-C-028,ภาคตะวันออก,552,10915
2025-10-27,MK-C-028,ภาคเหนือ,483,8888
2025-10-27,MK-C-028,ภาคใต้,634,13570
2025-10-27,SY-D-039,กรุงเทพฯ,615,13463
2025-10-27,SY-D-039,ภาคกลาง,530,9582
2025-10-27,SY-D-039,ภาคตะวันออก,425,6441
2025-10-27,SY-D-039,ภาคเหนือ,385,7021
2025-10-27,SY-D-039,ภาคใต้,483,8399
2025-10-27,AG-E-052,กรุงเทพฯ,186,3812
2025-10-27,AG-E-052,ภาคกลาง,176,2945
2025-10-27,AG-E-052,ภาคตะวันออก,109,2050
2025-10-27,AG-E-052,ภาคเหนือ,114,1932
2025-10-27,AG-E-052,ภาคใต้,139,2327
2025-10-28,TK-A-001,กรุงเทพฯ,256,5142
2025-10-28,TK-A-001,ภาคกลาง,213,3925
2025-10-28,TK-A-001,ภาคตะวันออก,150,2475
2025-10-28,TK-A-001,ภาคเหนือ,144,2712
2025-10-28,TK-A-001,ภาคใต้,163,3609
2025-10-28,GL-B-014,กรุงเทพฯ,1440,27849
2025-10-28,GL-B-014,ภาคกลาง,1165,18853
2025-10-28,GL-B-014,ภาคตะวันออก,808,13952
2025-10-28,GL-B-014,ภาคเหนือ,709,13529
2025-10-28,GL-B-014,ภาคใต้,917,18418
2025-10-28,MK-C-028,กรุงเทพฯ,1091,18487
2025-10-28,MK-C-028,ภาคกลาง,769,12636
2025-10-28,MK-C-028,ภาคตะวันออก,584,11165
2025-10-28,MK-C-028,ภาคเหนือ,519,10894
2025-10-28,MK-C-028,ภาคใต้,638,12880
2025-10-28,SY-D-039,กรุงเทพฯ,671,12371
2025-10-28,SY-D-039,ภาคกลาง,485,8484
2025-10-28,SY-D-039,ภาคตะวันออก,393,6252
2025-10-28,SY-D-039,ภาคเหนือ,377,6586
2025-10-28,SY-D-039,ภาคใต้,433,7142
2025-10-28,AG-E-052,กรุงเทพฯ,200,3373
2025-10-28,AG-E-052,ภาคกลาง,173,2458
2025-10-28,AG-E-052,ภาคตะวันออก,128,1959
2025-10-28,AG-E-052,ภาคเหนือ,101,2134
2025-10-28,AG-E-052,ภาคใต้,134,2603
2025-10-29,TK-A-001,กรุงเทพฯ,247,4986
2025-10-29,TK-A-001,ภาคกลาง,202,3845
2025-10-29,TK-A-001,ภาคตะวันออก,166,2987
2025-10-29,TK-A-001,ภาคเหนือ,138,2372
2025-10-29,TK-A-001,ภาคใต้,167,3445
2025-10-29,GL-B-014,กรุงเทพฯ,1388,24508
2025-10-29,GL-B-014,ภาคกลาง,1116,20178
2025-10-29,GL-B-014,ภาคตะวันออก,787,14071
2025-10-29,GL-B-014,ภาคเหนือ,800,11541
2025-10-29,GL-B-014,ภาคใต้,865,15335
2025-10-29,MK-C-028,กรุงเทพฯ,945,18674
2025-10-29,MK-C-028,ภาคกลาง,794,15516
2025-10-29,MK-C-028,ภาคตะวันออก,658,11532
2025-10-29,MK-C-028,ภาคเหนือ,569,11042
2025-10-29,MK-C-028,ภาคใต้,696,13240
2025-10-29,SY-D-039,กรุงเทพฯ,702,10446
2025-10-29,SY-D-039,ภาคกลาง,548,10231
2025-10-29,SY-D-039,ภาคตะวันออก,414,7492
2025-10-29,SY-D-039,ภาคเหนือ,331,6176
2025-10-29,SY-D-039,ภาคใต้,460,7569
2025-10-29,AG-E-052,กรุงเทพฯ,183,3272
2025-10-29,AG-E-052,ภาคกลาง,173,2646
2025-10-29,AG-E-052,ภาคตะวันออก,109,2139
2025-10-29,AG-E-052,ภาคเหนือ,98,1811
2025-10-29,AG-E-052,ภาคใต้,134,2392
2025-10-30,TK-A-001,กรุงเทพฯ,252,4850
2025-10-30,TK-A-001,ภาคกลาง,226,3363
2025-10-30,TK-A-001,ภาคตะวันออก,166,2494
2025-10-30,TK-A-001,ภาคเหนือ,139,2924
2025-10-30,TK-A-001,ภาคใต้,171,3548
2025-10-30,GL-B-014,กรุงเทพฯ,1271,24948
2025-10-30,GL-B-014,ภาคกลาง,1110,20209
2025-10-30,GL-B-014,ภาคตะวันออก,839,16033
2025-10-30,GL-B-014,ภาคเหนือ,742,12411
2025-10-30,GL-B-014,ภาคใต้,954,17421
2025-10-30,MK-C-028,กรุงเทพฯ,1031,20474
2025-10-30,MK-C-028,ภาคกลาง,862,13038
2025-10-30,MK-C-028,ภาคตะวันออก,606,9808
2025-10-30,MK-C-028,ภาคเหนือ,560,8889
2025-10-30,MK-C-028,ภาคใต้,724,13385
2025-10-30,SY-D-039,กรุงเทพฯ,650,10678
2025-10-30,SY-D-039,ภาคกลาง,488,8204
2025-10-30,SY-D-039,ภาคตะวันออก,420,7593
2025-10-30,SY-D-039,ภาคเหนือ,365,5896
2025-10-30,SY-D-039,ภาคใต้,473,7115
2025-10-30,AG-E-052,กรุงเทพฯ,205,3546
2025-10-30,AG-E-052,ภาคกลาง,149,3237
2025-10-30,AG-E-052,ภาคตะวันออก,119,1971
2025-10-30,AG-E-052,ภาคเหนือ,102,1802
2025-10-30,AG-E-052,ภาคใต้,134,2664
2025-10-31,TK-A-001,กรุงเทพฯ,252,5536
2025-10-31,TK-A-001,ภาคกลาง,204,3995
2025-10-31,TK-A-001,ภาคตะวันออก,166,2511
2025-10-31,TK-A-001,ภาคเหนือ,145,2230
2025-10-31,TK-A-001,ภาคใต้,193,3230
2025-10-31,GL-B-014,กรุงเทพฯ,1284,25935
2025-10-31,GL-B-014,ภาคกลาง,1089,21590
2025-10-31,GL-B-014,ภาคตะวันออก,810,14370
2025-10-31,GL-B-014,ภาคเหนือ,780,14288
2025-10-31,GL-B-014,ภาคใต้,886,17538
2025-10-31,MK-C-028,กรุงเทพฯ,953,15522
2025-10-31,MK-C-028,ภาคกลาง,732,12358
2025-10-31,MK-C-028,ภาคตะวันออก,553,11596
2025-10-31,MK-C-028,ภาคเหนือ,519,10471
2025-10-31,MK-C-028,ภาคใต้,715,13265
2025-10-31,SY-D-039,กรุงเทพฯ,687,13131
2025-10-31,SY-D-039,ภาคกลาง,556,8383
2025-10-31,SY-D-039,ภาคตะวันออก,374,6447
2025-10-31,SY-D-039,ภาคเหนือ,377,6728
2025-10-31,SY-D-039,ภาคใต้,485,7162
2025-10-31,AG-E-052,กรุงเทพฯ,193,3725
2025-10-31,AG-E-052,ภาคกลาง,157,2498
2025-10-31,AG-E-052,ภาคตะวันออก,119,1964
2025-10-31,AG-E-052,ภาคเหนือ,100,1856
2025-10-31,AG-E-052,ภาคใต้,138,2686
2025-11-01,TK-A-001,กรุงเทพฯ,265,4303
2025-11-01,TK-A-001,ภาคกลาง,233,4406
2025-11-01,TK-A-001,ภาคตะวันออก,170,2819
2025-11-01,TK-A-001,ภาคเหนือ,150,2511
2025-11-01,TK-A-001,ภาคใต้,164,3627
2025-11-01,GL-B-014,กรุงเทพฯ,1290,27627
2025-11-01,GL-B-014,ภาคกลาง,1078,20904
2025-11-01,GL-B-014,ภาคตะวันออก,767,16245
2025-11-01,GL-B-014,ภาคเหนือ,751,13811
2025-11-01,GL-B-014,ภาคใต้,994,15247
2025-11-01,MK-C-028,กรุงเทพฯ,1009,17001
2025-11-01,MK-C-028,ภาคกลาง,767,14555
2025-11-01,MK-C-028,ภาคตะวันออก,587,10427
2025-11-01,MK-C-028,ภาคเหนือ,582,8281
2025-11-01,MK-C-028,ภาคใต้,708,13311
2025-11-01,SY-D-039,กรุงเทพฯ,618,13215
2025-11-01,SY-D-039,ภาคกลาง,521,10019
2025-11-01,SY-D-039,ภาคตะวันออก,393,7650
2025-11-01,SY-D-039,ภาคเหนือ,384,5553
2025-11-01,SY-D-039,ภาคใต้,440,7054
2025-11-01,AG-E-052,กรุงเทพฯ,211,3133
2025-11-01,AG-E-052,ภาคกลาง,172,3135
2025-11-01,AG-E-052,ภาคตะวันออก,122,1885
2025-11-01,AG-E-052,ภาคเหนือ,107,1799
2025-11-01,AG-E-052,ภาคใต้,133,2449
2025-11-02,TK-A-001,กรุงเทพฯ,286,4806
2025-11-02,TK-A-001,ภาคกลาง,195,4433
2025-11-02,TK-A-001,ภาคตะวันออก,164,3328
2025-11-02,TK-A-001,ภาคเหนือ,157,2737
2025-11-02,TK-A-001,ภาคใต้,166,3655
2025-11-02,GL-B-014,กรุงเทพฯ,1263,26384
2025-11-02,GL-B-014,ภาคกลาง,1189,20131
2025-11-02,GL-B-014,ภาคตะวันออก,754,15073
2025-11-02,GL-B-014,ภาคเหนือ,717,12813
2025-11-02,GL-B-014,ภาคใต้,877,18629
2025-11-02,MK-C-028,กรุงเทพฯ,1093,18509
2025-11-02,MK-C-028,ภาคกลาง,811,14202
2025-11-02,MK-C-028,ภาคตะวันออก,580,12335
2025-11-02,MK-C-028,ภาคเหนือ,529,10221
2025-11-02,MK-C-028,ภาคใต้,708,13314
2025-11-02,SY-D-039,กรุงเทพฯ,645,12756
2025-11-02,SY-D-039,ภาคกลาง,568,9955
2025-11-02,SY-D-039,ภาคตะวันออก,377,6695
2025-11-02,SY-D-039,ภาคเหนือ,364,6363
2025-11-02,SY-D-039,ภาคใต้,424,9253
2025-11-02,AG-E-052,กรุงเทพฯ,186,3677
2025-11-02,AG-E-052,ภาคกลาง,150,3246
2025-11-02,AG-E-052,ภาคตะวันออก,125,1964
2025-11-02,AG-E-052,ภาคเหนือ,99,1946
2025-11-02,AG-E-052,ภาคใต้,144,2543
2025-11-03,TK-A-001,กรุงเทพฯ,282,4906
2025-11-03,TK-A-001,ภาคกลาง,219,3749
2025-11-03,TK-A-001,ภาคตะวันออก,170,2609
2025-11-03,TK-A-001,ภาคเหนือ,149,2737
2025-11-03,TK-A-001,ภาคใต้,183,3067
2025-11-03,GL-B-014,กรุงเทพฯ,1262,21312
2025-11-03,GL-B-014,ภาคกลาง,1075,17919
2025-11-03,GL-B-014,ภาคตะวันออก,778,13650
2025-11-03,GL-B-014,ภาคเหนือ,733,14009
2025-11-03,GL-B-014,ภาคใต้,852,14389
2025-11-03,MK-C-028,กรุงเทพฯ,969,20818
2025-11-03,MK-C-028,ภาคกลาง,828,13953
2025-11-03,MK-C-028,ภาคตะวันออก,620,11002
2025-11-03,MK-C-028,ภาคเหนือ,524,8623
2025-11-03,MK-C-028,ภาคใต้,708,12674
2025-11-03,SY-D-039,กรุงเทพฯ,638,12774
2025-11-03,SY-D-039,ภาคกลาง,494,8627
2025-11-03,SY-D-039,ภาคตะวันออก,386,7902
2025-11-03,SY-D-039,ภาคเหนือ,391,5801
2025-11-03,SY-D-039,ภาคใต้,489,7616
2025-11-03,AG-E-052,กรุงเทพฯ,185,4004
2025-11-03,AG-E-052,ภาคกลาง,156,2902
2025-11-03,AG-E-052,ภาคตะวันออก,118,2108
2025-11-03,AG-E-052,ภาคเหนือ,111,1853
2025-11-03,AG-E-052,ภาคใต้,128,2384
2025-11-04,TK-A-001,กรุงเทพฯ,269,4970
2025-11-04,TK-A-001,ภาคกลาง,214,3620
2025-11-04,TK-A-001,ภาคตะวันออก,154,3272
2025-11-04,TK-A-001,ภาคเหนือ,142,2772
2025-11-04,TK-A-001,ภาคใต้,188,3695
2025-11-04,GL-B-014,กรุงเทพฯ,1525,23433
2025-11-04,GL-B-014,ภาคกลาง,1011,22814
2025-11-04,GL-B-014,ภาคตะวันออก,905,14541
2025-11-04,GL-B-014,ภาคเหนือ,718,14186
2025-11-04,GL-B-014,ภาคใต้,964,15122
2025-11-04,MK-C-028,กรุงเทพฯ,1066,15494
2025-11-04,MK-C-028,ภาคกลาง,776,13016
2025-11-04,MK-C-028,ภาคตะวันออก,626,10041
2025-11-04,MK-C-028,ภาคเหนือ,578,8743
2025-11-04,MK-C-028,ภาคใต้,633,12485
2025-11-04,SY-D-039,กรุงเทพฯ,734,11576
2025-11-04,SY-D-039,ภาคกลาง,556,10052
2025-11-04,SY-D-039,ภาคตะวันออก,379,6783
2025-11-04,SY-D-039,ภาคเหนือ,349,6749
2025-11-04,SY-D-039,ภาคใต้,491,8666
2025-11-04,AG-E-052,กรุงเทพฯ,204,3622
2025-11-04,AG-E-052,ภาคกลาง,154,2551
2025-11-04,AG-E-052,ภาคตะวันออก,112,2191
2025-11-04,AG-E-052,ภาคเหนือ,113,2008
2025-11-04,AG-E-052,ภาคใต้,139,2623
2025-11-05,TK-A-001,กรุงเทพฯ,283,5302
2025-11-05,TK-A-001,ภาคกลาง,221,4424
2025-11-05,TK-A-001,ภาคตะวันออก,147,2705
2025-11-05,TK-A-001,ภาคเหนือ,134,2472
2025-11-05,TK-A-001,ภาคใต้,196,3326
2025-11-05,GL-B-014,กรุงเทพฯ,1258,28184
2025-11-05,GL-B-014,ภาคกลาง,1162,21349
2025-11-05,GL-B-014,ภาคตะวันออก,912,14587
2025-11-05,GL-B-014,ภาคเหนือ,673,12265
2025-11-05,GL-B-014,ภาคใต้,1018,19043
2025-11-05,MK-C-028,กรุงเทพฯ,1097,20025
2025-11-05,MK-C-028,ภาคกลาง,839,15154
2025-11-05,MK-C-028,ภาคตะวันออก,643,9547
2025-11-05,MK-C-028,ภาคเหนือ,541,10561
2025-11-05,MK-C-028,ภาคใต้,733,12843
2025-11-05,SY-D-039,กรุงเทพฯ,693,11547
2025-11-05,SY-D-039,ภาคกลาง,489,9538
2025-11-05,SY-D-039,ภาคตะวันออก,421,6903
2025-11-05,SY-D-039,ภาคเหนือ,357,6033
2025-11-05,SY-D-039,ภาคใต้,482,7298
2025-11-05,AG-E-052,กรุงเทพฯ,196,3187
2025-11-05,AG-E-052,ภาคกลาง,164,3115
2025-11-05,AG-E-052,ภาคตะวันออก,125,2160
2025-11-05,AG-E-052,ภาคเหนือ,104,2148
2025-11-05,AG-E-052,ภาคใต้,141,2204
2025-11-06,TK-A-001,กรุงเทพฯ,243,4470
2025-11-06,TK-A-001,ภาคกลาง,214,3768
2025-11-06,TK-A-001,ภาคตะวันออก,177,3012
2025-11-06,TK-A-001,ภาคเหนือ,141,2668
2025-11-06,TK-A-001,ภาคใต้,185,3448
2025-11-06,GL-B-014,กรุงเทพฯ,1479,21974
2025-11-06,GL-B-014,ภาคกลาง,1045,19755
2025-11-06,GL-B-014,ภาคตะวันออก,849,14236
2025-11-06,GL-B-014,ภาคเหนือ,676,12083
2025-11-06,GL-B-014,ภาคใต้,869,15967
2025-11-06,MK-C-028,กรุงเทพฯ,1095,16800
2025-11-06,MK-C-028,ภาคกลาง,807,14114
2025-11-06,MK-C-028,ภาคตะวันออก,626,12383
2025-11-06,MK-C-028,ภาคเหนือ,563,8538
2025-11-06,MK-C-028,ภาคใต้,625,12671
2025-11-06,SY-D-039,กรุงเทพฯ,624,10631
2025-11-06,SY-D-039,ภาคกลาง,491,10485
2025-11-06,SY-D-039,ภาคตะวันออก,369,8130
2025-11-06,SY-D-039,ภาคเหนือ,343,7055
2025-11-06,SY-D-039,ภาคใต้,452,7652
2025-11-06,AG-E-052,กรุงเทพฯ,187,3802
2025-11-06,AG-E-052,ภาคกลาง,163,3194
2025-11-06,AG-E-052,ภาคตะวันออก,127,2413
2025-11-06,AG-E-052,ภาคเหนือ,109,1942
2025-11-06,AG-E-052,ภาคใต้,131,2466
2025-11-07,TK-A-001,กรุงเทพฯ,250,5194
2025-11-07,TK-A-001,ภาคกลาง,212,3642
2025-11-07,TK-A-001,ภาคตะวันออก,157,3013
2025-11-07,TK-A-001,ภาคเหนือ,136,2895
2025-11-07,TK-A-001,ภาคใต้,192,3421
2025-11-07,GL-B-014,กรุงเทพฯ,1354,22228
2025-11-07,GL-B-014,ภาคกลาง,1059,20831
2025-11-07,GL-B-014,ภาคตะวันออก,840,16545
2025-11-07,GL-B-014,ภาคเหนือ,767,14739
2025-11-07,GL-B-014,ภาคใต้,923,18179
2025-11-07,MK-C-028,กรุงเทพฯ,968,16743
2025-11-07,MK-C-028,ภาคกลาง,866,14146
2025-11-07,MK-C-028,ภาคตะวันออก,569,11011
2025-11-07,MK-C-028,ภาคเหนือ,509,8251
2025-11-07,MK-C-028,ภาคใต้,650,13527
2025-11-07,SY-D-039,กรุงเทพฯ,638,11965
2025-11-07,SY-D-039,ภาคกลาง,559,10420
2025-11-07,SY-D-039,ภาคตะวันออก,404,6764
2025-11-07,SY-D-039,ภาคเหนือ,370,5785
2025-11-07,SY-D-039,ภาคใต้,459,7771
2025-11-07,AG-E-052,กรุงเทพฯ,212,4071
2025-11-07,AG-E-052,ภาคกลาง,160,2761
2025-11-07,AG-E-052,ภาคตะวันออก,115,2099
2025-11-07,AG-E-052,ภาคเหนือ,109,2026
2025-11-07,AG-E-052,ภาคใต้,136,2688
2025-11-08,TK-A-001,กรุงเทพฯ,267,4673
2025-11-08,TK-A-001,ภาคกลาง,212,4074
2025-11-08,TK-A-001,ภาคตะวันออก,177,2700
2025-11-08,TK-A-001,ภาคเหนือ,150,2503
2025-11-08,TK-A-001,ภาคใต้,166,2800
2025-11-08,GL-B-014,กรุงเทพฯ,1340,22676
2025-11-08,GL-B-014,ภาคกลาง,1204,22002
2025-11-08,GL-B-014,ภาคตะวันออก,848,16358
2025-11-08,GL-B-014,ภาคเหนือ,714,12579
2025-11-08,GL-B-014,ภาคใต้,961,17886
2025-11-08,MK-C-028,กรุงเทพฯ,973,18864
2025-11-08,MK-C-028,ภาคกลาง,744,16521
2025-11-08,MK-C-028,ภาคตะวันออก,588,9377
2025-11-08,MK-C-028,ภาคเหนือ,523,10293
2025-11-08,MK-C-028,ภาคใต้,618,11720
2025-11-08,SY-D-039,กรุงเทพฯ,668,12652
2025-11-08,SY-D-039,ภาคกลาง,497,9843
2025-11-08,SY-D-039,ภาคตะวันออก,387,6766
2025-11-08,SY-D-039,ภาคเหนือ,390,7299
2025-11-08,SY-D-039,ภาคใต้,405,7311
2025-11-08,AG-E-052,กรุงเทพฯ,197,4033
2025-11-08,AG-E-052,ภาคกลาง,150,3296
2025-11-08,AG-E-052,ภาคตะวันออก,120,2222
2025-11-08,AG-E-052,ภาคเหนือ,118,1851
2025-11-08,AG-E-052,ภาคใต้,122,2609
2025-11-09,TK-A-001,กรุงเทพฯ,263,4767
2025-11-09,TK-A-001,ภาคกลาง,201,3709
2025-11-09,TK-A-001,ภาคตะวันออก,160,3053
2025-11-09,TK-A-001,ภาคเหนือ,145,2732
2025-11-09,TK-A-001,ภาคใต้,163,3557
2025-11-09,GL-B-014,กรุงเทพฯ,1476,22653
2025-11-09,GL-B-014,ภาคกลาง,1096,22799
2025-11-09,GL-B-014,ภาคตะวันออก,818,15083
2025-11-09,GL-B-014,ภาคเหนือ,808,11445
2025-11-09,GL-B-014,ภาคใต้,910,17196
2025-11-09,MK-C-028,กรุงเทพฯ,1067,16846
2025-11-09,MK-C-028,ภาคกลาง,807,16720
2025-11-09,MK-C-028,ภาคตะวันออก,612,11054
2025-11-09,MK-C-028,ภาคเหนือ,555,9756
2025-11-09,MK-C-028,ภาคใต้,653,13838
2025-11-09,SY-D-039,กรุงเทพฯ,718,10919
2025-11-09,SY-D-039,ภาคกลาง,524,10177
2025-11-09,SY-D-039,ภาคตะวันออก,381,7736
2025-11-09,SY-D-039,ภาคเหนือ,341,6311
2025-11-09,SY-D-039,ภาคใต้,410,7980
2025-11-09,AG-E-052,กรุงเทพฯ,217,3963
2025-11-09,AG-E-052,ภาคกลาง,150,2560
2025-11-09,AG-E-052,ภาคตะวันออก,132,2276
2025-11-09,AG-E-052,ภาคเหนือ,102,2033
2025-11-09,AG-E-052,ภาคใต้,122,2232
2025-11-10,TK-A-001,กรุงเทพฯ,261,5426
2025-11-10,TK-A-001,ภาคกลาง,222,3922
2025-11-10,TK-A-001,ภาคตะวันออก,161,3102
2025-11-10,TK-A-001,ภาคเหนือ,142,2344
2025-11-10,TK-A-001,ภาคใต้,167,3240
2025-11-10,GL-B-014,กรุงเทพฯ,1438,23529
2025-11-10,GL-B-014,ภาคกลาง,1205,18854
2025-11-10,GL-B-014,ภาคตะวันออก,893,13347
2025-11-10,GL-B-014,ภาคเหนือ,791,12598
2025-11-10,GL-B-014,ภาคใต้,987,15169
2025-11-10,MK-C-028,กรุงเทพฯ,989,16630
2025-11-10,MK-C-028,ภาคกลาง,811,14423
2025-11-10,MK-C-028,ภาคตะวันออก,587,9882
2025-11-10,MK-C-028,ภาคเหนือ,577,10080
2025-11-10,MK-C-028,ภาคใต้,685,12515
2025-11-10,SY-D-039,กรุงเทพฯ,721,12311
2025-11-10,SY-D-039,ภาคกลาง,592,10867
2025-11-10,SY-D-039,ภาคตะวันออก,378,7341
2025-11-10,SY-D-039,ภาคเหนือ,386,7429
2025-11-10,SY-D-039,ภาคใต้,475,9065
2025-11-10,AG-E-052,กรุงเทพฯ,192,3395
2025-11-10,AG-E-052,ภาคกลาง,153,2506
2025-11-10,AG-E-052,ภาคตะวันออก,121,1924
2025-11-10,AG-E-052,ภาคเหนือ,112,2160
2025-11-10,AG-E-052,ภาคใต้,137,2208
2025-11-11,TK-A-001,กรุงเทพฯ,263,4892
2025-11-11,TK-A-001,ภาคกลาง,218,3912
2025-11-11,TK-A-001,ภาคตะวันออก,173,2950
2025-11-11,TK-A-001,ภาคเหนือ,140,2525
2025-11-11,TK-A-001,ภาคใต้,178,3643
2025-11-11,GL-B-014,กรุงเทพฯ,1367,22476
2025-11-11,GL-B-014,ภาคกลาง,1083,22645
2025-11-11,GL-B-014,ภาคตะวันออก,890,13482
2025-11-11,GL-B-014,ภาคเหนือ,781,12668
2025-11-11,GL-B-014,ภาคใต้,963,16716
2025-11-11,MK-C-028,กรุงเทพฯ,1077,18509
2025-11-11,MK-C-028,ภาคกลาง,746,14783
2025-11-11,MK-C-028,ภาคตะวันออก,634,12519
2025-11-11,MK-C-028,ภาคเหนือ,569,10421
2025-11-11,MK-C-028,ภาคใต้,671,11397
2025-11-11,SY-D-039,กรุงเทพฯ,660,13622
2025-11-11,SY-D-039,ภาคกลาง,487,9829
2025-11-11,SY-D-039,ภาคตะวันออก,374,7633
2025-11-11,SY-D-039,ภาคเหนือ,386,6550
2025-11-11,SY-D-039,ภาคใต้,493,8674
2025-11-11,AG-E-052,กรุงเทพฯ,196,3738
2025-11-11,AG-E-052,ภาคกลาง,168,2753
2025-11-11,AG-E-052,ภาคตะวันออก,112,2291
2025-11-11,AG-E-052,ภาคเหนือ,110,2027
2025-11-11,AG-E-052,ภาคใต้,140,2486
2025-11-12,TK-A-001,กรุงเทพฯ,269,5013
2025-11-12,TK-A-001,ภาคกลาง,230,4273
2025-11-12,TK-A-001,ภาคตะวันออก,165,3342
2025-11-12,TK-A-001,ภาคเหนือ,137,2212
2025-11-12,TK-A-001,ภาคใต้,163,3316
2025-11-12,GL-B-014,กรุงเทพฯ,1337,22053
2025-11-12,GL-B-014,ภาคกลาง,1084,19419
2025-11-12,GL-B-014,ภาคตะวันออก,881,17064
2025-11-12,GL-B-014,ภาคเหนือ,690,13792
2025-11-12,GL-B-014,ภาคใต้,964,18320
2025-11-12,MK-C-028,กรุงเทพฯ,1054,15711
2025-11-12,MK-C-028,ภาคกลาง,824,15899
2025-11-12,MK-C-028,ภาคตะวันออก,602,10305
2025-11-12,MK-C-028,ภาคเหนือ,530,9358
2025-11-12,MK-C-028,ภาคใต้,651,13307
2025-11-12,SY-D-039,กรุงเทพฯ,634,12293
2025-11-12,SY-D-039,ภาคกลาง,521,9403
2025-11-12,SY-D-039,ภาคตะวันออก,384,6729
2025-11-12,SY-D-039,ภาคเหนือ,349,5913
2025-11-12,SY-D-039,ภาคใต้,431,7041
2025-11-12,AG-E-052,กรุงเทพฯ,203,3289
2025-11-12,AG-E-052,ภาคกลาง,177,2747
2025-11-12,AG-E-052,ภาคตะวันออก,131,1904
2025-11-12,AG-E-052,ภาคเหนือ,108,1657
2025-11-12,AG-E-052,ภาคใต้,126,2081
2025-11-13,TK-A-001,กรุงเทพฯ,274,4933
2025-11-13,TK-A-001,ภาคกลาง,230,3505
2025-11-13,TK-A-001,ภาคตะวันออก,166,3176
2025-11-13,TK-A-001,ภาคเหนือ,150,2631
2025-11-13,TK-A-001,ภาคใต้,164,2775
2025-11-13,GL-B-014,กรุงเทพฯ,1341,25633
2025-11-13,GL-B-014,ภาคกลาง,1081,17214
2025-11-13,GL-B-014,ภาคตะวันออก,888,15712
2025-11-13,GL-B-014,ภาคเหนือ,768,11961
2025-11-13,GL-B-014,ภาคใต้,983,18199
2025-11-13,MK-C-028,กรุงเทพฯ,1057,16428
2025-11-13,MK-C-028,ภาคกลาง,812,13735
2025-11-13,MK-C-028,ภาคตะวันออก,658,10273
2025-11-13,MK-C-028,ภาคเหนือ,559,10662
2025-11-13,MK-C-028,ภาคใต้,610,12523
2025-11-13,SY-D-039,กรุงเทพฯ,654,11468
2025-11-13,SY-D-039,ภาคกลาง,587,10451
2025-11-13,SY-D-039,ภาคตะวันออก,393,8222
2025-11-13,SY-D-039,ภาคเหนือ,341,7226
2025-11-13,SY-D-039,ภาคใต้,448,8481
2025-11-13,AG-E-052,กรุงเทพฯ,205,4055
2025-11-13,AG-E-052,ภาคกลาง,148,2693
2025-11-13,AG-E-052,ภาคตะวันออก,112,2138
2025-11-13,AG-E-052,ภาคเหนือ,98,2140
2025-11-13,AG-E-052,ภาคใต้,144,2576
2025-11-14,TK-A-001,กรุงเทพฯ,248,4497
2025-11-14,TK-A-001,ภาคกลาง,229,3813
2025-11-14,TK-A-001,ภาคตะวันออก,155,3305
2025-11-14,TK-A-001,ภาคเหนือ,136,2795
2025-11-14,TK-A-001,ภาคใต้,185,3699
2025-11-14,GL-B-014,กรุงเทพฯ,1531,22504
2025-11-14,GL-B-014,ภาคกลาง,1057,20421
2025-11-14,GL-B-014,ภาคตะวันออก,809,13958
2025-11-14,GL-B-014,ภาคเหนือ,689,11608
2025-11-14,GL-B-014,ภาคใต้,958,16536
2025-11-14,MK-C-028,กรุงเทพฯ,1078,17991
2025-11-14,MK-C-028,ภาคกลาง,741,14764
2025-11-14,MK-C-028,ภาคตะวันออก,604,11438
2025-11-14,MK-C-028,ภาคเหนือ,526,10380
2025-11-14,MK-C-028,ภาคใต้,687,10922
2025-11-14,SY-D-039,กรุงเทพฯ,688,13661
2025-11-14,SY-D-039,ภาคกลาง,509,8465
2025-11-14,SY-D-039,ภาคตะวันออก,379,6268
2025-11-14,SY-D-039,ภาคเหนือ,337,6006
2025-11-14,SY-D-039,ภาคใต้,461,8608
2025-11-14,AG-E-052,กรุงเทพฯ,221,3417
2025-11-14,AG-E-052,ภาคกลาง,177,3074
2025-11-14,AG-E-052,ภาคตะวันออก,133,2209
2025-11-14,AG-E-052,ภาคเหนือ,107,2076
2025-11-14,AG-E-052,ภาคใต้,141,2260
2025-11-15,TK-A-001,กรุงเทพฯ,269,5584
2025-11-15,TK-A-001,ภาคกลาง,229,4446
2025-11-15,TK-A-001,ภาคตะวันออก,159,3317
2025-11-15,TK-A-001,ภาคเหนือ,146,2236
2025-11-15,TK-A-001,ภาคใต้,194,3214
2025-11-15,GL-B-014,กรุงเทพฯ,1433,25226
2025-11-15,GL-B-014,ภาคกลาง,1224,20771
2025-11-15,GL-B-014,ภาคตะวันออก,897,15900
2025-11-15,GL-B-014,ภาคเหนือ,804,12321
2025-11-15,GL-B-014,ภาคใต้,927,17400
2025-11-15,MK-C-028,กรุงเทพฯ,1005,18210
2025-11-15,MK-C-028,ภาคกลาง,746,12483
2025-11-15,MK-C-028,ภาคตะวันออก,595,11837
2025-11-15,MK-C-028,ภาคเหนือ,508,10442
2025-11-15,MK-C-028,ภาคใต้,622,12736
2025-11-15,SY-D-039,กรุงเทพฯ,676,11124
2025-11-15,SY-D-039,ภาคกลาง,559,8360
2025-11-15,SY-D-039,ภาคตะวันออก,404,7162
2025-11-15,SY-D-039,ภาคเหนือ,394,6245
2025-11-15,SY-D-039,ภาคใต้,467,7188
2025-11-15,AG-E-052,กรุงเทพฯ,195,3971
2025-11-15,AG-E-052,ภาคกลาง,172,2898
2025-11-15,AG-E-052,ภาคตะวันออก,113,2156
2025-11-15,AG-E-052,ภาคเหนือ,108,1926
2025-11-15,AG-E-052,ภาคใต้,132,2334
2025-11-16,TK-A-001,กรุงเทพฯ,273,5072
2025-11-16,TK-A-001,ภาคกลาง,226,4240
2025-11-16,TK-A-001,ภาคตะวันออก,173,3219
2025-11-16,TK-A-001,ภาคเหนือ,148,2674
2025-11-16,TK-A-001,ภาคใต้,165,3128
2025-11-16,GL-B-014,กรุงเทพฯ,1339,24167
2025-11-16,GL-B-014,ภาคกลาง,1129,20216
2025-11-16,GL-B-014,ภาคตะวันออก,863,13769
2025-11-16,GL-B-014,ภาคเหนือ,816,12551
2025-11-16,GL-B-014,ภาคใต้,992,16262
2025-11-16,MK-C-028,กรุงเทพฯ,1009,15835
2025-11-16,MK-C-028,ภาคกลาง,755,14198
2025-11-16,MK-C-028,ภาคตะวันออก,580,10470
2025-11-16,MK-C-028,ภาคเหนือ,524,10956
2025-11-16,MK-C-028,ภาคใต้,660,13135
2025-11-16,SY-D-039,กรุงเทพฯ,677,13468
2025-11-16,SY-D-039,ภาคกลาง,565,8491
2025-11-16,SY-D-039,ภาคตะวันออก,371,7552
2025-11-16,SY-D-039,ภาคเหนือ,332,7252
2025-11-16,SY-D-039,ภาคใต้,489,9123
2025-11-16,AG-E-052,กรุงเทพฯ,193,3476
2025-11-16,AG-E-052,ภาคกลาง,150,2493
2025-11-16,AG-E-052,ภาคตะวันออก,128,2341
2025-11-16,AG-E-052,ภาคเหนือ,101,1787
2025-11-16,AG-E-052,ภาคใต้,132,2179
2025-11-17,TK-A-001,กรุงเทพฯ,281,5520
2025-11-17,TK-A-001,ภาคกลาง,229,3857
2025-11-17,TK-A-001,ภาคตะวันออก,175,3009
2025-11-17,TK-A-001,ภาคเหนือ,150,2319
2025-11-17,TK-A-001,ภาคใต้,164,3076
2025-11-17,GL-B-014,กรุงเทพฯ,1402,27933
2025-11-17,GL-B-014,ภาคกลาง,1105,18266
2025-11-17,GL-B-014,ภาคตะวันออก,818,17028
2025-11-17,GL-B-014,ภาคเหนือ,789,12553
2025-11-17,GL-B-014,ภาคใต้,880,18104
2025-11-17,MK-C-028,กรุงเทพฯ,991,15741
2025-11-17,MK-C-028,ภาคกลาง,885,13417
2025-11-17,MK-C-028,ภาคตะวันออก,648,11173
2025-11-17,MK-C-028,ภาคเหนือ,566,9369
2025-11-17,MK-C-028,ภาคใต้,660,13534
2025-11-17,SY-D-039,กรุงเทพฯ,725,13552
2025-11-17,SY-D-039,ภาคกลาง,589,9009
2025-11-17,SY-D-039,ภาคตะวันออก,430,7107
2025-11-17,SY-D-039,ภาคเหนือ,382,5969
2025-11-17,SY-D-039,ภาคใต้,431,8233
2025-11-17,AG-E-052,กรุงเทพฯ,216,3998
2025-11-17,AG-E-052,ภาคกลาง,168,2494
2025-11-17,AG-E-052,ภาคตะวันออก,129,2489
2025-11-17,AG-E-052,ภาคเหนือ,117,1876
2025-11-17,AG-E-052,ภาคใต้,143,2412
2025-11-18,TK-A-001,กรุงเทพฯ,281,4876
2025-11-18,TK-A-001,ภาคกลาง,196,4352
2025-11-18,TK-A-001,ภาคตะวันออก,173,2788
2025-11-18,TK-A-001,ภาคเหนือ,154,2857
2025-11-18,TK-A-001,ภาคใต้,196,3659
2025-11-18,GL-B-014,กรุงเทพฯ,1497,28978
2025-11-18,GL-B-014,ภาคกลาง,1123,20138
2025-11-18,GL-B-014,ภาคตะวันออก,845,16925
2025-11-18,GL-B-014,ภาคเหนือ,805,13072
2025-11-18,GL-B-014,ภาคใต้,861,18060
2025-11-18,MK-C-028,กรุงเทพฯ,1064,20876
2025-11-18,MK-C-028,ภาคกลาง,794,13983
2025-11-18,MK-C-028,ภาคตะวันออก,596,10655
2025-11-18,MK-C-028,ภาคเหนือ,550,10573
2025-11-18,MK-C-028,ภาคใต้,704,13382
2025-11-18,SY-D-039,กรุงเทพฯ,691,10907
2025-11-18,SY-D-039,ภาคกลาง,519,10052
2025-11-18,SY-D-039,ภาคตะวันออก,428,8257
2025-11-18,SY-D-039,ภาคเหนือ,335,6888
2025-11-18,SY-D-039,ภาคใต้,462,7975
2025-11-18,AG-E-052,กรุงเทพฯ,202,3973
2025-11-18,AG-E-052,ภาคกลาง,163,2975
2025-11-18,AG-E-052,ภาคตะวันออก,122,2040
2025-11-18,AG-E-052,ภาคเหนือ,100,2120
2025-11-18,AG-E-052,ภาคใต้,142,2397
2025-11-19,TK-A-001,กรุงเทพฯ,295,4408
2025-11-19,TK-A-001,ภาคกลาง,208,3933
2025-11-19,TK-A-001,ภาคตะวันออก,165,3142
2025-11-19,TK-A-001,ภาคเหนือ,159,2360
2025-11-19,TK-A-001,ภาคใต้,169,3167
2025-11-19,GL-B-014,กรุงเทพฯ,1311,28016
2025-11-19,GL-B-014,ภาคกลาง,1114,21092
2025-11-19,GL-B-014,ภาคตะวันออก,774,12940
2025-11-19,GL-B-014,ภาคเหนือ,733,12372
2025-11-19,GL-B-014,ภาคใต้,952,19334
2025-11-19,MK-C-028,กรุงเทพฯ,1101,20260
2025-11-19,MK-C-028,ภาคกลาง,785,14019
2025-11-19,MK-C-028,ภาคตะวันออก,635,11174
2025-11-19,MK-C-028,ภาคเหนือ,494,10143
2025-11-19,MK-C-028,ภาคใต้,739,10937
2025-11-19,SY-D-039,กรุงเทพฯ,653,13812
2025-11-19,SY-D-039,ภาคกลาง,518,8631
2025-11-19,SY-D-039,ภาคตะวันออก,421,6265
2025-11-19,SY-D-039,ภาคเหนือ,354,6714
2025-11-19,SY-D-039,ภาคใต้,453,8069
2025-11-19,AG-E-052,กรุงเทพฯ,198,3828
2025-11-19,AG-E-052,ภาคกลาง,172,2760
2025-11-19,AG-E-052,ภาคตะวันออก,115,2273
2025-11-19,AG-E-052,ภาคเหนือ,107,1749
2025-11-19,AG-E-052,ภาคใต้,139,2397
2025-11-20,TK-A-001,กรุงเทพฯ,269,5123
2025-11-20,TK-A-001,ภาคกลาง,218,3756
2025-11-20,TK-A-001,ภาคตะวันออก,153,3338
2025-11-20,TK-A-001,ภาคเหนือ,134,2293
2025-11-20,TK-A-001,ภาคใต้,173,3002
2025-11-20,GL-B-014,กรุงเทพฯ,1533,25660
2025-11-20,GL-B-014,ภาคกลาง,1189,21853
2025-11-20,GL-B-014,ภาคตะวันออก,924,16236
2025-11-20,GL-B-014,ภาคเหนือ,696,15381
2025-11-20,GL-B-014,ภาคใต้,1027,16302
2025-11-20,MK-C-028,กรุงเทพฯ,1081,17268
2025-11-20,MK-C-028,ภาคกลาง,783,14154
2025-11-20,MK-C-028,ภาคตะวันออก,664,9826
2025-11-20,MK-C-028,ภาคเหนือ,527,8350
2025-11-20,MK-C-028,ภาคใต้,734,13559
2025-11-20,SY-D-039,กรุงเทพฯ,746,13189
2025-11-20,SY-D-039,ภาคกลาง,539,10662
2025-11-20,SY-D-039,ภาคตะวันออก,397,6450
2025-11-20,SY-D-039,ภาคเหนือ,366,7253
2025-11-20,SY-D-039,ภาคใต้,493,7804
2025-11-20,AG-E-052,กรุงเทพฯ,202,4163
2025-11-20,AG-E-052,ภาคกลาง,170,3263
2025-11-20,AG-E-052,ภาคตะวันออก,126,2055
2025-11-20,AG-E-052,ภาคเหนือ,117,2135
2025-11-20,AG-E-052,ภาคใต้,136,2518
2025-11-21,TK-A-001,กรุงเทพฯ,278,4738
2025-11-21,TK-A-001,ภาคกลาง,217,4157
2025-11-21,TK-A-001,ภาคตะวันออก,165,3003
2025-11-21,TK-A-001,ภาคเหนือ,134,2680
2025-11-21,TK-A-001,ภาคใต้,198,2922
2025-11-21,GL-B-014,กรุงเทพฯ,1360,24985
2025-11-21,GL-B-014,ภาคกลาง,1236,23277
2025-11-21,GL-B-014,ภาคตะวันออก,913,13987
2025-11-21,GL-B-014,ภาคเหนือ,764,15477
2025-11-21,GL-B-014,ภาคใต้,957,16050
2025-11-21,MK-C-028,กรุงเทพฯ,1046,18836
2025-11-21,MK-C-028,ภาคกลาง,857,16105
2025-11-21,MK-C-028,ภาคตะวันออก,595,10453
2025-11-21,MK-C-028,ภาคเหนือ,562,9052
2025-11-21,MK-C-028,ภาคใต้,688,12792
2025-11-21,SY-D-039,กรุงเทพฯ,746,13432
2025-11-21,SY-D-039,ภาคกลาง,567,10421
2025-11-21,SY-D-039,ภาคตะวันออก,441,7629
2025-11-21,SY-D-039,ภาคเหนือ,334,6069
2025-11-21,SY-D-039,ภาคใต้,481,7051
2025-11-21,AG-E-052,กรุงเทพฯ,218,3846
2025-11-21,AG-E-052,ภาคกลาง,175,3119
2025-11-21,AG-E-052,ภาคตะวันออก,135,2221
2025-11-21,AG-E-052,ภาคเหนือ,111,1959
2025-11-21,AG-E-052,ภาคใต้,134,2682
2025-11-22,TK-A-001,กรุงเทพฯ,266,4966
2025-11-22,TK-A-001,ภาคกลาง,199,3466
2025-11-22,TK-A-001,ภาคตะวันออก,161,2600
2025-11-22,TK-A-001,ภาคเหนือ,153,2588
2025-11-22,TK-A-001,ภาคใต้,192,3679
2025-11-22,GL-B-014,กรุงเทพฯ,1445,22942
2025-11-22,GL-B-014,ภาคกลาง,1108,18865
2025-11-22,GL-B-014,ภาคตะวันออก,898,14245
2025-11-22,GL-B-014,ภาคเหนือ,705,15509
2025-11-22,GL-B-014,ภาคใต้,892,17266
2025-11-22,MK-C-028,กรุงเทพฯ,1020,16365
2025-11-22,MK-C-028,ภาคกลาง,799,14652
2025-11-22,MK-C-028,ภาคตะวันออก,660,12081
2025-11-22,MK-C-028,ภาคเหนือ,516,9188
2025-11-22,MK-C-028,ภาคใต้,728,13391
2025-11-22,SY-D-039,กรุงเทพฯ,642,11083
2025-11-22,SY-D-039,ภาคกลาง,561,10189
2025-11-22,SY-D-039,ภาคตะวันออก,415,7021
2025-11-22,SY-D-039,ภาคเหนือ,379,6132
2025-11-22,SY-D-039,ภาคใต้,447,7327
2025-11-22,AG-E-052,กรุงเทพฯ,197,4211
2025-11-22,AG-E-052,ภาคกลาง,165,3300
2025-11-22,AG-E-052,ภาคตะวันออก,114,2052
2025-11-22,AG-E-052,ภาคเหนือ,112,2193
2025-11-22,AG-E-052,ภาคใต้,130,2575
2025-11-23,TK-A-001,กรุงเทพฯ,286,5205
2025-11-23,TK-A-001,ภาคกลาง,227,4122
2025-11-23,TK-A-001,ภาคตะวันออก,168,3324
2025-11-23,TK-A-001,ภาคเหนือ,132,2589
2025-11-23,TK-A-001,ภาคใต้,195,3591
2025-11-23,GL-B-014,กรุงเทพฯ,1398,22264
2025-11-23,GL-B-014,ภาคกลาง,1127,20369
2025-11-23,GL-B-014,ภาคตะวันออก,916,16095
2025-11-23,GL-B-014,ภาคเหนือ,798,14659
2025-11-23,GL-B-014,ภาคใต้,1018,14503
2025-11-23,MK-C-028,กรุงเทพฯ,1006,18941
2025-11-23,MK-C-028,ภาคกลาง,864,15110
2025-11-23,MK-C-028,ภาคตะวันออก,627,12289
2025-11-23,MK-C-028,ภาคเหนือ,595,10829
2025-11-23,MK-C-028,ภาคใต้,618,10852
2025-11-23,SY-D-039,กรุงเทพฯ,720,12177
2025-11-23,SY-D-039,ภาคกลาง,568,11059
2025-11-23,SY-D-039,ภาคตะวันออก,444,7721
2025-11-23,SY-D-039,ภาคเหนือ,348,6732
2025-11-23,SY-D-039,ภาคใต้,430,8843
2025-11-23,AG-E-052,กรุงเทพฯ,221,3390
2025-11-23,AG-E-052,ภาคกลาง,173,3378
2025-11-23,AG-E-052,ภาคตะวันออก,134,1926
2025-11-23,AG-E-052,ภาคเหนือ,109,2129
2025-11-23,AG-E-052,ภาคใต้,146,2801
2025-11-24,TK-A-001,กรุงเทพฯ,262,4447
2025-11-24,TK-A-001,ภาคกลาง,219,3715
2025-11-24,TK-A-001,ภาคตะวันออก,180,2798
2025-11-24,TK-A-001,ภาคเหนือ,133,2812
2025-11-24,TK-A-001,ภาคใต้,172,3506
2025-11-24,GL-B-014,กรุงเทพฯ,1537,24448
2025-11-24,GL-B-014,ภาคกลาง,1052,18406
2025-11-24,GL-B-014,ภาคตะวันออก,870,15634
2025-11-24,GL-B-014,ภาคเหนือ,788,12903
2025-11-24,GL-B-014,ภาคใต้,971,16559
2025-11-24,MK-C-028,กรุงเทพฯ,1058,17366
2025-11-24,MK-C-028,ภาคกลาง,782,13461
2025-11-24,MK-C-028,ภาคตะวันออก,638,12148
2025-11-24,MK-C-028,ภาคเหนือ,528,11138
2025-11-24,MK-C-028,ภาคใต้,675,13742
2025-11-24,SY-D-039,กรุงเทพฯ,631,12524
2025-11-24,SY-D-039,ภาคกลาง,508,10830
2025-11-24,SY-D-039,ภาคตะวันออก,379,6650
2025-11-24,SY-D-039,ภาคเหนือ,399,6092
2025-11-24,SY-D-039,ภาคใต้,413,8768
2025-11-24,AG-E-052,กรุงเทพฯ,218,3550
2025-11-24,AG-E-052,ภาคกลาง,165,3330
2025-11-24,AG-E-052,ภาคตะวันออก,125,2235
2025-11-24,AG-E-052,ภาคเหนือ,108,1750
2025-11-24,AG-E-052,ภาคใต้,141,2189
2025-11-25,TK-A-001,กรุงเทพฯ,286,5210
2025-11-25,TK-A-001,ภาคกลาง,231,3474
2025-11-25,TK-A-001,ภาคตะวันออก,174,2520
2025-11-25,TK-A-001,ภาคเหนือ,147,2744
2025-11-25,TK-A-001,ภาคใต้,187,2830
2025-11-25,GL-B-014,กรุงเทพฯ,1438,29158
2025-11-25,GL-B-014,ภาคกลาง,1133,19013
2025-11-25,GL-B-014,ภาคตะวันออก,897,14198
2025-11-25,GL-B-014,ภาคเหนือ,719,12945
2025-11-25,GL-B-014,ภาคใต้,871,18970
2025-11-25,MK-C-028,กรุงเทพฯ,1031,19293
2025-11-25,MK-C-028,ภาคกลาง,758,16580
2025-11-25,MK-C-028,ภาคตะวันออก,555,12247
2025-11-25,MK-C-028,ภาคเหนือ,500,8954
2025-11-25,MK-C-028,ภาคใต้,676,10710
2025-11-25,SY-D-039,กรุงเทพฯ,660,12921
2025-11-25,SY-D-039,ภาคกลาง,502,8370
2025-11-25,SY-D-039,ภาคตะวันออก,395,7726
2025-11-25,SY-D-039,ภาคเหนือ,342,6531
2025-11-25,SY-D-039,ภาคใต้,431,7467
2025-11-25,AG-E-052,กรุงเทพฯ,221,3261
2025-11-25,AG-E-052,ภาคกลาง,165,3373
2025-11-25,AG-E-052,ภาคตะวันออก,117,2497
2025-11-25,AG-E-052,ภาคเหนือ,111,2237
2025-11-25,AG-E-052,ภาคใต้,140,2356
2025-11-26,TK-A-001,กรุงเทพฯ,301,4461
2025-11-26,TK-A-001,ภาคกลาง,216,4387
2025-11-26,TK-A-001,ภาคตะวันออก,148,2672
2025-11-26,TK-A-001,ภาคเหนือ,155,2277
2025-11-26,TK-A-001,ภาคใต้,175,3593
2025-11-26,GL-B-014,กรุงเทพฯ,1358,29132
2025-11-26,GL-B-014,ภาคกลาง,1079,22018
2025-11-26,GL-B-014,ภาคตะวันออก,765,14207
2025-11-26,GL-B-014,ภาคเหนือ,711,15128
2025-11-26,GL-B-014,ภาคใต้,855,14666
2025-11-26,MK-C-028,กรุงเทพฯ,955,20807
2025-11-26,MK-C-028,ภาคกลาง,795,15766
2025-11-26,MK-C-028,ภาคตะวันออก,631,11783
2025-11-26,MK-C-028,ภาคเหนือ,597,9471
2025-11-26,MK-C-028,ภาคใต้,725,12611
2025-11-26,SY-D-039,กรุงเทพฯ,690,10614
2025-11-26,SY-D-039,ภาคกลาง,543,9974
2025-11-26,SY-D-039,ภาคตะวันออก,415,7105
2025-11-26,SY-D-039,ภาคเหนือ,395,7024
2025-11-26,SY-D-039,ภาคใต้,455,7642
2025-11-26,AG-E-052,กรุงเทพฯ,216,4212
2025-11-26,AG-E-052,ภาคกลาง,151,2992
2025-11-26,AG-E-052,ภาคตะวันออก,114,2205
2025-11-26,AG-E-052,ภาคเหนือ,106,2118
2025-11-26,AG-E-052,ภาคใต้,144,2224
2025-11-27,TK-A-001,กรุงเทพฯ,291,5227
2025-11-27,TK-A-001,ภาคกลาง,208,4489
2025-11-27,TK-A-001,ภาคตะวันออก,160,2758
2025-11-27,TK-A-001,ภาคเหนือ,131,2243
2025-11-27,TK-A-001,ภาคใต้,188,3359
2025-11-27,GL-B-014,กรุงเทพฯ,1518,21881
2025-11-27,GL-B-014,ภาคกลาง,1234,20760
2025-11-27,GL-B-014,ภาคตะวันออก,876,16795
2025-11-27,GL-B-014,ภาคเหนือ,763,14283
2025-11-27,GL-B-014,ภาคใต้,993,18584
2025-11-27,MK-C-028,กรุงเทพฯ,1068,16041
2025-11-27,MK-C-028,ภาคกลาง,860,13458
2025-11-27,MK-C-028,ภาคตะวันออก,589,11059
2025-11-27,MK-C-028,ภาคเหนือ,544,8492
2025-11-27,MK-C-028,ภาคใต้,711,10596
2025-11-27,SY-D-039,กรุงเทพฯ,674,11889
2025-11-27,SY-D-039,ภาคกลาง,593,8440
2025-11-27,SY-D-039,ภาคตะวันออก,445,6662
2025-11-27,SY-D-039,ภาคเหนือ,361,7546
2025-11-27,SY-D-039,ภาคใต้,460,8567
2025-11-27,AG-E-052,กรุงเทพฯ,217,3772
2025-11-27,AG-E-052,ภาคกลาง,152,2864
2025-11-27,AG-E-052,ภาคตะวันออก,122,2168
2025-11-27,AG-E-052,ภาคเหนือ,120,1894
2025-11-27,AG-E-052,ภาคใต้,124,2755
2025-11-28,TK-A-001,กรุงเทพฯ,301,4759
2025-11-28,TK-A-001,ภาคกลาง,210,4320
2025-11-28,TK-A-001,ภาคตะวันออก,156,2520
2025-11-28,TK-A-001,ภาคเหนือ,153,2751
2025-11-28,TK-A-001,ภาคใต้,200,3662
2025-11-28,GL-B-014,กรุงเทพฯ,1318,21847
2025-11-28,GL-B-014,ภาคกลาง,1023,22174
2025-11-28,GL-B-014,ภาคตะวันออก,864,13734
2025-11-28,GL-B-014,ภาคเหนือ,702,11975
2025-11-28,GL-B-014,ภาคใต้,892,19214
2025-11-28,MK-C-028,กรุงเทพฯ,1111,17534
2025-11-28,MK-C-028,ภาคกลาง,755,14645
2025-11-28,MK-C-028,ภาคตะวันออก,556,12650
2025-11-28,MK-C-028,ภาคเหนือ,526,9714
2025-11-28,MK-C-028,ภาคใต้,626,13921
2025-11-28,SY-D-039,กรุงเทพฯ,673,13179
2025-11-28,SY-D-039,ภาคกลาง,554,8651
2025-11-28,SY-D-039,ภาคตะวันออก,385,7971
2025-11-28,SY-D-039,ภาคเหนือ,332,7227
2025-11-28,SY-D-039,ภาคใต้,474,9272
2025-11-28,AG-E-052,กรุงเทพฯ,197,3864
2025-11-28,AG-E-052,ภาคกลาง,167,3371
2025-11-28,AG-E-052,ภาคตะวันออก,125,1989
2025-11-28,AG-E-052,ภาคเหนือ,120,2183
2025-11-28,AG-E-052,ภาคใต้,134,2110
2025-11-29,TK-A-001,กรุงเทพฯ,274,5654
2025-11-29,TK-A-001,ภาคกลาง,220,4228
2025-11-29,TK-A-001,ภาคตะวันออก,175,2923
2025-11-29,TK-A-001,ภาคเหนือ,158,2427
2025-11-29,TK-A-001,ภาคใต้,178,3576
2025-11-29,GL-B-014,กรุงเทพฯ,1523,27308
2025-11-29,GL-B-014,ภาคกลาง,1037,20114
2025-11-29,GL-B-014,ภาคตะวันออก,923,14365
2025-11-29,GL-B-014,ภาคเหนือ,760,15372
2025-11-29,GL-B-014,ภาคใต้,986,14825
2025-11-29,MK-C-028,กรุงเทพฯ,1087,17364
2025-11-29,MK-C-028,ภาคกลาง,750,13452
2025-11-29,MK-C-028,ภาคตะวันออก,604,10834
2025-11-29,MK-C-028,ภาคเหนือ,536,10367
2025-11-29,MK-C-028,ภาคใต้,643,12021
2025-11-29,SY-D-039,กรุงเทพฯ,702,13727
2025-11-29,SY-D-039,ภาคกลาง,515,10910
2025-11-29,SY-D-039,ภาคตะวันออก,417,7395
2025-11-29,SY-D-039,ภาคเหนือ,367,7189
2025-11-29,SY-D-039,ภาคใต้,430,9252
2025-11-29,AG-E-052,กรุงเทพฯ,193,4175
2025-11-29,AG-E-052,ภาคกลาง,167,2930
2025-11-29,AG-E-052,ภาคตะวันออก,117,2497
2025-11-29,AG-E-052,ภาคเหนือ,101,1715
2025-11-29,AG-E-052,ภาคใต้,139,2260
2025-11-30,TK-A-001,กรุงเทพฯ,280,4331
2025-11-30,TK-A-001,ภาคกลาง,200,4320
2025-11-30,TK-A-001,ภาคตะวันออก,181,3025
2025-11-30,TK-A-001,ภาคเหนือ,153,2463
2025-11-30,TK-A-001,ภาคใต้,166,3775
2025-11-30,GL-B-014,กรุงเทพฯ,1307,27263
2025-11-30,GL-B-014,ภาคกลาง,1101,19421
2025-11-30,GL-B-014,ภาคตะวันออก,827,13355
2025-11-30,GL-B-014,ภาคเหนือ,681,12337
2025-11-30,GL-B-014,ภาคใต้,883,18890
2025-11-30,MK-C-028,กรุงเทพฯ,1006,20715
2025-11-30,MK-C-028,ภาคกลาง,892,15571
2025-11-30,MK-C-028,ภาคตะวันออก,633,10272
2025-11-30,MK-C-028,ภาคเหนือ,504,10000
2025-11-30,MK-C-028,ภาคใต้,702,11076
2025-11-30,SY-D-039,กรุงเทพฯ,705,11667
2025-11-30,SY-D-039,ภาคกลาง,575,8944
2025-11-30,SY-D-039,ภาคตะวันออก,446,7659
2025-11-30,SY-D-039,ภาคเหนือ,385,5642
2025-11-30,SY-D-039,ภาคใต้,436,8930
2025-11-30,AG-E-052,กรุงเทพฯ,201,3396
2025-11-30,AG-E-052,ภาคกลาง,167,2753
2025-11-30,AG-E-052,ภาคตะวันออก,126,2404
2025-11-30,AG-E-052,ภาคเหนือ,104,1693
2025-11-30,AG-E-052,ภาคใต้,138,2354
2025-12-01,TK-A-001,กรุงเทพฯ,256,4289
2025-12-01,TK-A-001,ภาคกลาง,237,3696
2025-12-01,TK-A-001,ภาคตะวันออก,160,2659
2025-12-01,TK-A-001,ภาคเหนือ,154,2769
2025-12-01,TK-A-001,ภาคใต้,187,3137
2025-12-01,GL-B-014,กรุงเทพฯ,1404,22049
2025-12-01,GL-B-014,ภาคกลาง,1094,22015
2025-12-01,GL-B-014,ภาคตะวันออก,769,15865
2025-12-01,GL-B-014,ภาคเหนือ,707,15309
2025-12-01,GL-B-014,ภาคใต้,869,14542
2025-12-01,MK-C-028,กรุงเทพฯ,1014,18350
2025-12-01,MK-C-028,ภาคกลาง,829,16743
2025-12-01,MK-C-028,ภาคตะวันออก,597,9672
2025-12-01,MK-C-028,ภาคเหนือ,590,9145
2025-12-01,MK-C-028,ภาคใต้,633,13810
2025-12-01,SY-D-039,กรุงเทพฯ,711,12177
2025-12-01,SY-D-039,ภาคกลาง,518,11029
2025-12-01,SY-D-039,ภาคตะวันออก,387,7160
2025-12-01,SY-D-039,ภาคเหนือ,399,7284
2025-12-01,SY-D-039,ภาคใต้,500,8883
2025-12-01,AG-E-052,กรุงเทพฯ,214,4147
2025-12-01,AG-E-052,ภาคกลาง,153,3321
2025-12-01,AG-E-052,ภาคตะวันออก,118,2495
2025-12-01,AG-E-052,ภาคเหนือ,100,2038
2025-12-01,AG-E-052,ภาคใต้,125,2104
2025-12-02,TK-A-001,กรุงเทพฯ,286,4505
2025-12-02,TK-A-001,ภาคกลาง,207,3619
2025-12-02,TK-A-001,ภาคตะวันออก,176,2635
2025-12-02,TK-A-001,ภาคเหนือ,160,2844
2025-12-02,TK-A-001,ภาคใต้,173,3341
2025-12-02,GL-B-014,กรุงเทพฯ,1425,27142
2025-12-02,GL-B-014,ภาคกลาง,1170,23193
2025-12-02,GL-B-014,ภาคตะวันออก,851,17299
2025-12-02,GL-B-014,ภาคเหนือ,802,14523
2025-12-02,GL-B-014,ภาคใต้,1002,17286
2025-12-02,MK-C-028,กรุงเทพฯ,1026,15868
2025-12-02,MK-C-028,ภาคกลาง,776,14267
2025-12-02,MK-C-028,ภาคตะวันออก,652,11444
2025-12-02,MK-C-028,ภาคเหนือ,524,11213
2025-12-02,MK-C-028,ภาคใต้,644,11633
2025-12-02,SY-D-039,กรุงเทพฯ,630,11456
2025-12-02,SY-D-039,ภาคกลาง,535,9747
2025-12-02,SY-D-039,ภาคตะวันออก,392,6832
2025-12-02,SY-D-039,ภาคเหนือ,397,6149
2025-12-02,SY-D-039,ภาคใต้,502,8358
2025-12-02,AG-E-052,กรุงเทพฯ,195,3296
2025-12-02,AG-E-052,ภาคกลาง,151,2806
2025-12-02,AG-E-052,ภาคตะวันออก,123,2043
2025-12-02,AG-E-052,ภาคเหนือ,111,2182
2025-12-02,AG-E-052,ภาคใต้,128,2839
2025-12-03,TK-A-001,กรุงเทพฯ,280,4758
2025-12-03,TK-A-001,ภาคกลาง,235,3820
2025-12-03,TK-A-001,ภาคตะวันออก,175,2977
2025-12-03,TK-A-001,ภาคเหนือ,158,2805
2025-12-03,TK-A-001,ภาคใต้,176,3689
2025-12-03,GL-B-014,กรุงเทพฯ,1453,28169
2025-12-03,GL-B-014,ภาคกลาง,1094,18088
2025-12-03,GL-B-014,ภาคตะวันออก,906,16843
2025-12-03,GL-B-014,ภาคเหนือ,815,11859
2025-12-03,GL-B-014,ภาคใต้,987,16009
2025-12-03,MK-C-028,กรุงเทพฯ,1086,16920
2025-12-03,MK-C-028,ภาคกลาง,899,13447
2025-12-03,MK-C-028,ภาคตะวันออก,625,10831
2025-12-03,MK-C-028,ภาคเหนือ,600,10288
2025-12-03,MK-C-028,ภาคใต้,654,11891
2025-12-03,SY-D-039,กรุงเทพฯ,735,10994
2025-12-03,SY-D-039,ภาคกลาง,576,10691
2025-12-03,SY-D-039,ภาคตะวันออก,439,6867
2025-12-03,SY-D-039,ภาคเหนือ,336,6844
2025-12-03,SY-D-039,ภาคใต้,466,8302
2025-12-03,AG-E-052,กรุงเทพฯ,203,3818
2025-12-03,AG-E-052,ภาคกลาง,156,2774
2025-12-03,AG-E-052,ภาคตะวันออก,113,1964
2025-12-03,AG-E-052,ภาคเหนือ,117,2036
2025-12-03,AG-E-052,ภาคใต้,124,2524
2025-12-04,TK-A-001,กรุงเทพฯ,268,5050
2025-12-04,TK-A-001,ภาคกลาง,225,3481
2025-12-04,TK-A-001,ภาคตะวันออก,181,3057
2025-12-04,TK-A-001,ภาคเหนือ,157,2629
2025-12-04,TK-A-001,ภาคใต้,187,3264
2025-12-04,GL-B-014,กรุงเทพฯ,1560,24234
2025-12-04,GL-B-014,ภาคกลาง,1107,18902
2025-12-04,GL-B-014,ภาคตะวันออก,806,15420
2025-12-04,GL-B-014,ภาคเหนือ,755,13521
2025-12-04,GL-B-014,ภาคใต้,950,17653
2025-12-04,MK-C-028,กรุงเทพฯ,1022,15887
2025-12-04,MK-C-028,ภาคกลาง,887,15852
2025-12-04,MK-C-028,ภาคตะวันออก,646,11665
2025-12-04,MK-C-028,ภาคเหนือ,513,10909
2025-12-04,MK-C-028,ภาคใต้,647,11388
2025-12-04,SY-D-039,กรุงเทพฯ,650,13985
2025-12-04,SY-D-039,ภาคกลาง,531,11109
2025-12-04,SY-D-039,ภาคตะวันออก,429,6654
2025-12-04,SY-D-039,ภาคเหนือ,362,7485
2025-12-04,SY-D-039,ภาคใต้,416,9203
2025-12-04,AG-E-052,กรุงเทพฯ,217,4237
2025-12-04,AG-E-052,ภาคกลาง,163,3057
2025-12-04,AG-E-052,ภาคตะวันออก,118,2339
2025-12-04,AG-E-052,ภาคเหนือ,114,2112
2025-12-04,AG-E-052,ภาคใต้,127,2359
2025-12-05,TK-A-001,กรุงเทพฯ,274,5640
2025-12-05,TK-A-001,ภาคกลาง,225,4424
2025-12-05,TK-A-001,ภาคตะวันออก,150,3221
2025-12-05,TK-A-001,ภาคเหนือ,148,2993
2025-12-05,TK-A-001,ภาคใต้,191,3789
2025-12-05,GL-B-014,กรุงเทพฯ,1492,24936
2025-12-05,GL-B-014,ภาคกลาง,1194,21594
2025-12-05,GL-B-014,ภาคตะวันออก,817,15802
2025-12-05,GL-B-014,ภาคเหนือ,695,15258
2025-12-05,GL-B-014,ภาคใต้,1030,17182
2025-12-05,MK-C-028,กรุงเทพฯ,988,20083
2025-12-05,MK-C-028,ภาคกลาง,824,14236
2025-12-05,MK-C-028,ภาคตะวันออก,641,10010
2025-12-05,MK-C-028,ภาคเหนือ,509,11157
2025-12-05,MK-C-028,ภาคใต้,681,13574
2025-12-05,SY-D-039,กรุงเทพฯ,669,12860
2025-12-05,SY-D-039,ภาคกลาง,520,10533
2025-12-05,SY-D-039,ภาคตะวันออก,429,7465
2025-12-05,SY-D-039,ภาคเหนือ,361,5786
2025-12-05,SY-D-039,ภาคใต้,491,7187
2025-12-05,AG-E-052,กรุงเทพฯ,196,3516
2025-12-05,AG-E-052,ภาคกลาง,158,2540
2025-12-05,AG-E-052,ภาคตะวันออก,122,2338
2025-12-05,AG-E-052,ภาคเหนือ,104,1904
2025-12-05,AG-E-052,ภาคใต้,143,2405
2025-12-06,TK-A-001,กรุงเทพฯ,281,4689
2025-12-06,TK-A-001,ภาคกลาง,239,3532
2025-12-06,TK-A-001,ภาคตะวันออก,170,3232
2025-12-06,TK-A-001,ภาคเหนือ,139,2298
2025-12-06,TK-A-001,ภาคใต้,184,3537
2025-12-06,GL-B-014,กรุงเทพฯ,1396,26169
2025-12-06,GL-B-014,ภาคกลาง,1027,20676
2025-12-06,GL-B-014,ภาคตะวันออก,924,15348
2025-12-06,GL-B-014,ภาคเหนือ,811,15704
2025-12-06,GL-B-014,ภาคใต้,981,18658
2025-12-06,MK-C-028,กรุงเทพฯ,1073,20944
2025-12-06,MK-C-028,ภาคกลาง,866,15642
2025-12-06,MK-C-028,ภาคตะวันออก,636,9881
2025-12-06,MK-C-028,ภาคเหนือ,581,8583
2025-12-06,MK-C-028,ภาคใต้,666,12058
2025-12-06,SY-D-039,กรุงเทพฯ,679,11869
2025-12-06,SY-D-039,ภาคกลาง,508,8517
2025-12-06,SY-D-039,ภาคตะวันออก,409,8111
2025-12-06,SY-D-039,ภาคเหนือ,390,6347
2025-12-06,SY-D-039,ภาคใต้,500,8101
2025-12-06,AG-E-052,กรุงเทพฯ,186,3208
2025-12-06,AG-E-052,ภาคกลาง,153,2590
2025-12-06,AG-E-052,ภาคตะวันออก,116,2373
2025-12-06,AG-E-052,ภาคเหนือ,112,1999
2025-12-06,AG-E-052,ภาคใต้,144,2204
2025-12-07,TK-A-001,กรุงเทพฯ,280,5597
2025-12-07,TK-A-001,ภาคกลาง,233,3775
2025-12-07,TK-A-001,ภาคตะวันออก,165,3387
2025-12-07,TK-A-001,ภาคเหนือ,152,2258
2025-12-07,TK-A-001,ภาคใต้,199,3165
2025-12-07,GL-B-014,กรุงเทพฯ,1323,24529
2025-12-07,GL-B-014,ภาคกลาง,1249,17471
2025-12-07,GL-B-014,ภาคตะวันออก,877,13322
2025-12-07,GL-B-014,ภาคเหนือ,751,13337
2025-12-07,GL-B-014,ภาคใต้,930,15351
2025-12-07,MK-C-028,กรุงเทพฯ,956,18488
2025-12-07,MK-C-028,ภาคกลาง,787,17050
2025-12-07,MK-C-028,ภาคตะวันออก,664,11935
2025-12-07,MK-C-028,ภาคเหนือ,529,9296
2025-12-07,MK-C-028,ภาคใต้,639,12748
2025-12-07,SY-D-039,กรุงเทพฯ,691,12084
2025-12-07,SY-D-039,ภาคกลาง,504,9191
2025-12-07,SY-D-039,ภาคตะวันออก,423,6563
2025-12-07,SY-D-039,ภาคเหนือ,347,5970
2025-12-07,SY-D-039,ภาคใต้,436,7475
2025-12-07,AG-E-052,กรุงเทพฯ,212,3615
2025-12-07,AG-E-052,ภาคกลาง,163,2798
2025-12-07,AG-E-052,ภาคตะวันออก,136,2015
2025-12-07,AG-E-052,ภาคเหนือ,118,1980
2025-12-07,AG-E-052,ภาคใต้,143,2452
2025-12-08,TK-A-001,กรุงเทพฯ,277,4499
2025-12-08,TK-A-001,ภาคกลาง,217,3949
2025-12-08,TK-A-001,ภาคตะวันออก,178,3334
2025-12-08,TK-A-001,ภาคเหนือ,144,2490
2025-12-08,TK-A-001,ภาคใต้,201,3639
2025-12-08,GL-B-014,กรุงเทพฯ,1407,22245
2025-12-08,GL-B-014,ภาคกลาง,1233,17755
2025-12-08,GL-B-014,ภาคตะวันออก,809,15086
2025-12-08,GL-B-014,ภาคเหนือ,756,15633
2025-12-08,GL-B-014,ภาคใต้,864,16566
2025-12-08,MK-C-028,กรุงเทพฯ,986,17587
2025-12-08,MK-C-028,ภาคกลาง,805,14272
2025-12-08,MK-C-028,ภาคตะวันออก,579,12135
2025-12-08,MK-C-028,ภาคเหนือ,603,9236
2025-12-08,MK-C-028,ภาคใต้,750,11101
2025-12-08,SY-D-039,กรุงเทพฯ,626,11437
2025-12-08,SY-D-039,ภาคกลาง,508,9676
2025-12-08,SY-D-039,ภาคตะวันออก,444,8121
2025-12-08,SY-D-039,ภาคเหนือ,367,6265
2025-12-08,SY-D-039,ภาคใต้,440,9164
2025-12-08,AG-E-052,กรุงเทพฯ,190,3562
2025-12-08,AG-E-052,ภาคกลาง,155,3307
2025-12-08,AG-E-052,ภาคตะวันออก,114,2534
2025-12-08,AG-E-052,ภาคเหนือ,105,2245
2025-12-08,AG-E-052,ภาคใต้,135,2585
2025-12-09,TK-A-001,กรุงเทพฯ,274,5372
2025-12-09,TK-A-001,ภาคกลาง,226,3750
2025-12-09,TK-A-001,ภาคตะวันออก,154,3171
2025-12-09,TK-A-001,ภาคเหนือ,153,2899
2025-12-09,TK-A-001,ภาคใต้,178,3081
2025-12-09,GL-B-014,กรุงเทพฯ,1467,25902
2025-12-09,GL-B-014,ภาคกลาง,1155,22887
2025-12-09,GL-B-014,ภาคตะวันออก,908,16646
2025-12-09,GL-B-014,ภาคเหนือ,824,15259
2025-12-09,GL-B-014,ภาคใต้,1003,14576
2025-12-09,MK-C-028,กรุงเทพฯ,1062,20324
2025-12-09,MK-C-028,ภาคกลาง,888,14187
2025-12-09,MK-C-028,ภาคตะวันออก,677,11318
2025-12-09,MK-C-028,ภาคเหนือ,590,10567
2025-12-09,MK-C-028,ภาคใต้,696,10752
2025-12-09,SY-D-039,กรุงเทพฯ,650,13335
2025-12-09,SY-D-039,ภาคกลาง,534,10023
2025-12-09,SY-D-039,ภาคตะวันออก,391,6928
2025-12-09,SY-D-039,ภาคเหนือ,383,6179
2025-12-09,SY-D-039,ภาคใต้,464,9102
2025-12-09,AG-E-052,กรุงเทพฯ,201,3990
2025-12-09,AG-E-052,ภาคกลาง,155,3292
2025-12-09,AG-E-052,ภาคตะวันออก,122,2135
2025-12-09,AG-E-052,ภาคเหนือ,101,1763
2025-12-09,AG-E-052,ภาคใต้,136,2289
2025-12-10,TK-A-001,กรุงเทพฯ,271,5569
2025-12-10,TK-A-001,ภาคกลาง,208,4415
2025-12-10,TK-A-001,ภาคตะวันออก,173,3171
2025-12-10,TK-A-001,ภาคเหนือ,140,2399
2025-12-10,TK-A-001,ภาคใต้,179,3469
2025-12-10,GL-B-014,กรุงเทพฯ,1441,28892
2025-12-10,GL-B-014,ภาคกลาง,1131,23023
2025-12-10,GL-B-014,ภาคตะวันออก,937,17626
2025-12-10,GL-B-014,ภาคเหนือ,686,13614
2025-12-10,GL-B-014,ภาคใต้,927,15571
2025-12-10,MK-C-028,กรุงเทพฯ,1048,19998
2025-12-10,MK-C-028,ภาคกลาง,790,16314
2025-12-10,MK-C-028,ภาคตะวันออก,600,9559
2025-12-10,MK-C-028,ภาคเหนือ,602,9757
2025-12-10,MK-C-028,ภาคใต้,635,11728
2025-12-10,SY-D-039,กรุงเทพฯ,700,12315
2025-12-10,SY-D-039,ภาคกลาง,503,8905
2025-12-10,SY-D-039,ภาคตะวันออก,408,6579
2025-12-10,SY-D-039,ภาคเหนือ,360,7317
2025-12-10,SY-D-039,ภาคใต้,460,8205
2025-12-10,AG-E-052,กรุงเทพฯ,203,4059
2025-12-10,AG-E-052,ภาคกลาง,180,2960
2025-12-10,AG-E-052,ภาคตะวันออก,124,2345
2025-12-10,AG-E-052,ภาคเหนือ,100,1990
2025-12-10,AG-E-052,ภาคใต้,150,2452
2025-12-11,TK-A-001,กรุงเทพฯ,256,5649
2025-12-11,TK-A-001,ภาคกลาง,235,4464
2025-12-11,TK-A-001,ภาคตะวันออก,153,2729
2025-12-11,TK-A-001,ภาคเหนือ,142,2773
2025-12-11,TK-A-001,ภาคใต้,187,3576
2025-12-11,GL-B-014,กรุงเทพฯ,1532,22730
2025-12-11,GL-B-014,ภาคกลาง,1257,19011
2025-12-11,GL-B-014,ภาคตะวันออก,847,13665
2025-12-11,GL-B-014,ภาคเหนือ,738,15421
2025-12-11,GL-B-014,ภาคใต้,1011,17557
2025-12-11,MK-C-028,กรุงเทพฯ,1125,19517
2025-12-11,MK-C-028,ภาคกลาง,790,16487
2025-12-11,MK-C-028,ภาคตะวันออก,612,11241
2025-12-11,MK-C-028,ภาคเหนือ,540,10049
2025-12-11,MK-C-028,ภาคใต้,699,12692
2025-12-11,SY-D-039,กรุงเทพฯ,751,13928
2025-12-11,SY-D-039,ภาคกลาง,564,9459
2025-12-11,SY-D-039,ภาคตะวันออก,430,6631
2025-12-11,SY-D-039,ภาคเหนือ,397,6108
2025-12-11,SY-D-039,ภาคใต้,502,7224
2025-12-11,AG-E-052,กรุงเทพฯ,224,4025
2025-12-11,AG-E-052,ภาคกลาง,152,2777
2025-12-11,AG-E-052,ภาคตะวันออก,130,2123
2025-12-11,AG-E-052,ภาคเหนือ,106,1908
2025-12-11,AG-E-052,ภาคใต้,142,2864
2025-12-12,TK-A-001,กรุงเทพฯ,262,4537
2025-12-12,TK-A-001,ภาคกลาง,231,4073
2025-12-12,TK-A-001,ภาคตะวันออก,173,2751
2025-12-12,TK-A-001,ภาคเหนือ,162,2769
2025-12-12,TK-A-001,ภาคใต้,167,3801
2025-12-12,GL-B-014,กรุงเทพฯ,1292,27380
2025-12-12,GL-B-014,ภาคกลาง,1033,21950
2025-12-12,GL-B-014,ภาคตะวันออก,781,15354
2025-12-12,GL-B-014,ภาคเหนือ,804,14458
2025-12-12,GL-B-014,ภาคใต้,939,18456
2025-12-12,MK-C-028,กรุงเทพฯ,1038,17563
2025-12-12,MK-C-028,ภาคกลาง,861,15923
2025-12-12,MK-C-028,ภาคตะวันออก,596,11071
2025-12-12,MK-C-028,ภาคเหนือ,510,10076
2025-12-12,MK-C-028,ภาคใต้,667,12965
2025-12-12,SY-D-039,กรุงเทพฯ,719,12138
2025-12-12,SY-D-039,ภาคกลาง,517,9819
2025-12-12,SY-D-039,ภาคตะวันออก,450,7792
2025-12-12,SY-D-039,ภาคเหนือ,335,5811
2025-12-12,SY-D-039,ภาคใต้,477,7795
2025-12-12,AG-E-052,กรุงเทพฯ,189,3648
2025-12-12,AG-E-052,ภาคกลาง,158,3042
2025-12-12,AG-E-052,ภาคตะวันออก,116,1928
2025-12-12,AG-E-052,ภาคเหนือ,108,2200
2025-12-12,AG-E-052,ภาคใต้,151,2317
2025-12-13,TK-A-001,กรุงเทพฯ,277,4558
2025-12-13,TK-A-001,ภาคกลาง,235,3470
2025-12-13,TK-A-001,ภาคตะวันออก,176,3200
2025-12-13,TK-A-001,ภาคเหนือ,154,2526
2025-12-13,TK-A-001,ภาคใต้,202,3612
2025-12-13,GL-B-014,กรุงเทพฯ,1374,28946
2025-12-13,GL-B-014,ภาคกลาง,1131,20762
2025-12-13,GL-B-014,ภาคตะวันออก,840,15553
2025-12-13,GL-B-014,ภาคเหนือ,760,15184
2025-12-13,GL-B-014,ภาคใต้,875,15726
2025-12-13,MK-C-028,กรุงเทพฯ,1073,20077
2025-12-13,MK-C-028,ภาคกลาง,893,13712
2025-12-13,MK-C-028,ภาคตะวันออก,623,12246
2025-12-13,MK-C-028,ภาคเหนือ,541,8941
2025-12-13,MK-C-028,ภาคใต้,646,11411
2025-12-13,SY-D-039,กรุงเทพฯ,684,10856
2025-12-13,SY-D-039,ภาคกลาง,580,10433
2025-12-13,SY-D-039,ภาคตะวันออก,386,8152
2025-12-13,SY-D-039,ภาคเหนือ,350,7115
2025-12-13,SY-D-039,ภาคใต้,454,8275
2025-12-13,AG-E-052,กรุงเทพฯ,206,3253
2025-12-13,AG-E-052,ภาคกลาง,183,2860
2025-12-13,AG-E-052,ภาคตะวันออก,125,1927
2025-12-13,AG-E-052,ภาคเหนือ,120,1728
2025-12-13,AG-E-052,ภาคใต้,131,2692
2025-12-14,TK-A-001,กรุงเทพฯ,260,4502
2025-12-14,TK-A-001,ภาคกลาง,213,3492
2025-12-14,TK-A-001,ภาคตะวันออก,170,3180
2025-12-14,TK-A-001,ภาคเหนือ,144,2442
2025-12-14,TK-A-001,ภาคใต้,193,3431
2025-12-14,GL-B-014,กรุงเทพฯ,1449,27401
2025-12-14,GL-B-014,ภาคกลาง,1165,21902
2025-12-14,GL-B-014,ภาคตะวันออก,890,16293
2025-12-14,GL-B-014,ภาคเหนือ,751,14284
2025-12-14,GL-B-014,ภาคใต้,893,17093
2025-12-14,MK-C-028,กรุงเทพฯ,972,18511
2025-12-14,MK-C-028,ภาคกลาง,776,14688
2025-12-14,MK-C-028,ภาคตะวันออก,584,10666
2025-12-14,MK-C-028,ภาคเหนือ,516,11360
2025-12-14,MK-C-028,ภาคใต้,634,11183
2025-12-14,SY-D-039,กรุงเทพฯ,753,12616
2025-12-14,SY-D-039,ภาคกลาง,518,9026
2025-12-14,SY-D-039,ภาคตะวันออก,382,6881
2025-12-14,SY-D-039,ภาคเหนือ,351,5950
2025-12-14,SY-D-039,ภาคใต้,495,8755
2025-12-14,AG-E-052,กรุงเทพฯ,194,3296
2025-12-14,AG-E-052,ภาคกลาง,163,3229
2025-12-14,AG-E-052,ภาคตะวันออก,115,2078
2025-12-14,AG-E-052,ภาคเหนือ,116,1979
2025-12-14,AG-E-052,ภาคใต้,151,2414
2025-12-15,TK-A-001,กรุงเทพฯ,301,5087
2025-12-15,TK-A-001,ภาคกลาง,225,4319
2025-12-15,TK-A-001,ภาคตะวันออก,151,2585
2025-12-15,TK-A-001,ภาคเหนือ,153,2603
2025-12-15,TK-A-001,ภาคใต้,176,3500
2025-12-15,GL-B-014,กรุงเทพฯ,1406,24812
2025-12-15,GL-B-014,ภาคกลาง,1071,23055
2025-12-15,GL-B-014,ภาคตะวันออก,848,13988
2025-12-15,GL-B-014,ภาคเหนือ,784,15583
2025-12-15,GL-B-014,ภาคใต้,945,18623
2025-12-15,MK-C-028,กรุงเทพฯ,1021,16401
2025-12-15,MK-C-028,ภาคกลาง,889,15320
2025-12-15,MK-C-028,ภาคตะวันออก,581,10036
2025-12-15,MK-C-028,ภาคเหนือ,601,9194
2025-12-15,MK-C-028,ภาคใต้,658,13610
2025-12-15,SY-D-039,กรุงเทพฯ,709,12963
2025-12-15,SY-D-039,ภาคกลาง,600,9654
2025-12-15,SY-D-039,ภาคตะวันออก,449,8295
2025-12-15,SY-D-039,ภาคเหนือ,364,5870
2025-12-15,SY-D-039,ภาคใต้,439,8084
2025-12-15,AG-E-052,กรุงเทพฯ,204,4134
2025-12-15,AG-E-052,ภาคกลาง,175,3187
2025-12-15,AG-E-052,ภาคตะวันออก,124,1994
2025-12-15,AG-E-052,ภาคเหนือ,118,2181
2025-12-15,AG-E-052,ภาคใต้,144,2715
2025-12-16,TK-A-001,กรุงเทพฯ,287,5402
2025-12-16,TK-A-001,ภาคกลาง,235,3961
2025-12-16,TK-A-001,ภาคตะวันออก,176,2684
2025-12-16,TK-A-001,ภาคเหนือ,161,3032
2025-12-16,TK-A-001,ภาคใต้,177,3472
2025-12-16,GL-B-014,กรุงเทพฯ,1402,21989
2025-12-16,GL-B-014,ภาคกลาง,1218,21132
2025-12-16,GL-B-014,ภาคตะวันออก,897,14124
2025-12-16,GL-B-014,ภาคเหนือ,732,12262
2025-12-16,GL-B-014,ภาคใต้,872,19410
2025-12-16,MK-C-028,กรุงเทพฯ,1099,17350
2025-12-16,MK-C-028,ภาคกลาง,871,14980
2025-12-16,MK-C-028,ภาคตะวันออก,588,11697
2025-12-16,MK-C-028,ภาคเหนือ,522,8868
2025-12-16,MK-C-028,ภาคใต้,730,12145
2025-12-16,SY-D-039,กรุงเทพฯ,645,11317
2025-12-16,SY-D-039,ภาคกลาง,516,9288
2025-12-16,SY-D-039,ภาคตะวันออก,390,8425
2025-12-16,SY-D-039,ภาคเหนือ,339,5986
2025-12-16,SY-D-039,ภาคใต้,461,8646
2025-12-16,AG-E-052,กรุงเทพฯ,214,4199
2025-12-16,AG-E-052,ภาคกลาง,159,2557
2025-12-16,AG-E-052,ภาคตะวันออก,123,2036
2025-12-16,AG-E-052,ภาคเหนือ,101,1749
2025-12-16,AG-E-052,ภาคใต้,141,2847
2025-12-17,TK-A-001,กรุงเทพฯ,255,5568
2025-12-17,TK-A-001,ภาคกลาง,204,3584
2025-12-17,TK-A-001,ภาคตะวันออก,152,3421
2025-12-17,TK-A-001,ภาคเหนือ,137,2306
2025-12-17,TK-A-001,ภาคใต้,192,3184
2025-12-17,GL-B-014,กรุงเทพฯ,1334,22173
2025-12-17,GL-B-014,ภาคกลาง,1049,19829
2025-12-17,GL-B-014,ภาคตะวันออก,926,14800
2025-12-17,GL-B-014,ภาคเหนือ,717,14121
2025-12-17,GL-B-014,ภาคใต้,1022,15370
2025-12-17,MK-C-028,กรุงเทพฯ,977,21043
2025-12-17,MK-C-028,ภาคกลาง,878,16827
2025-12-17,MK-C-028,ภาคตะวันออก,672,10608
2025-12-17,MK-C-028,ภาคเหนือ,601,8798
2025-12-17,MK-C-028,ภาคใต้,739,14085
2025-12-17,SY-D-039,กรุงเทพฯ,680,13095
2025-12-17,SY-D-039,ภาคกลาง,501,9759
2025-12-17,SY-D-039,ภาคตะวันออก,379,7481
2025-12-17,SY-D-039,ภาคเหนือ,399,7511
2025-12-17,SY-D-039,ภาคใต้,433,7888
2025-12-17,AG-E-052,กรุงเทพฯ,192,4131
2025-12-17,AG-E-052,ภาคกลาง,164,2927
2025-12-17,AG-E-052,ภาคตะวันออก,128,2174
2025-12-17,AG-E-052,ภาคเหนือ,114,1738
2025-12-17,AG-E-052,ภาคใต้,146,2668
2025-12-18,TK-A-001,กรุงเทพฯ,260,5499
2025-12-18,TK-A-001,ภาคกลาง,204,4460
2025-12-18,TK-A-001,ภาคตะวันออก,172,3449
2025-12-18,TK-A-001,ภาคเหนือ,136,3056
2025-12-18,TK-A-001,ภาคใต้,173,3509
2025-12-18,GL-B-014,กรุงเทพฯ,1577,25438
2025-12-18,GL-B-014,ภาคกลาง,1067,20585
2025-12-18,GL-B-014,ภาคตะวันออก,906,13578
2025-12-18,GL-B-014,ภาคเหนือ,771,15269
2025-12-18,GL-B-014,ภาคใต้,912,16503
2025-12-18,MK-C-028,กรุงเทพฯ,982,17474
2025-12-18,MK-C-028,ภาคกลาง,835,13674
2025-12-18,MK-C-028,ภาคตะวันออก,626,9672
2025-12-18,MK-C-028,ภาคเหนือ,518,8945
2025-12-18,MK-C-028,ภาคใต้,747,12134
2025-12-18,SY-D-039,กรุงเทพฯ,656,13110
2025-12-18,SY-D-039,ภาคกลาง,528,9001
2025-12-18,SY-D-039,ภาคตะวันออก,447,8535
2025-12-18,SY-D-039,ภาคเหนือ,378,7603
2025-12-18,SY-D-039,ภาคใต้,477,8799
2025-12-18,AG-E-052,กรุงเทพฯ,216,4269
2025-12-18,AG-E-052,ภาคกลาง,174,2744
2025-12-18,AG-E-052,ภาคตะวันออก,137,2362
2025-12-18,AG-E-052,ภาคเหนือ,114,1993
2025-12-18,AG-E-052,ภาคใต้,137,2158
2025-12-19,TK-A-001,กรุงเทพฯ,304,5163
2025-12-19,TK-A-001,ภาคกลาง,218,3606
2025-12-19,TK-A-001,ภาคตะวันออก,179,3132
2025-12-19,TK-A-001,ภาคเหนือ,160,2287
2025-12-19,TK-A-001,ภาคใต้,171,3199
2025-12-19,GL-B-014,กรุงเทพฯ,1569,24375
2025-12-19,GL-B-014,ภาคกลาง,1118,22507
2025-12-19,GL-B-014,ภาคตะวันออก,806,14562
2025-12-19,GL-B-014,ภาคเหนือ,813,15357
2025-12-19,GL-B-014,ภาคใต้,886,14978
2025-12-19,MK-C-028,กรุงเทพฯ,988,19598
2025-12-19,MK-C-028,ภาคกลาง,814,15981
2025-12-19,MK-C-028,ภาคตะวันออก,597,11625
2025-12-19,MK-C-028,ภาคเหนือ,589,9615
2025-12-19,MK-C-028,ภาคใต้,667,11807
2025-12-19,SY-D-039,กรุงเทพฯ,716,10807
2025-12-19,SY-D-039,ภาคกลาง,540,9437
2025-12-19,SY-D-039,ภาคตะวันออก,391,8041
2025-12-19,SY-D-039,ภาคเหนือ,337,7526
2025-12-19,SY-D-039,ภาคใต้,464,7718
2025-12-19,AG-E-052,กรุงเทพฯ,192,3844
2025-12-19,AG-E-052,ภาคกลาง,181,3171
2025-12-19,AG-E-052,ภาคตะวันออก,120,2319
2025-12-19,AG-E-052,ภาคเหนือ,103,2040
2025-12-19,AG-E-052,ภาคใต้,149,2658
2025-12-20,TK-A-001,กรุงเทพฯ,253,5746
2025-12-20,TK-A-001,ภาคกลาง,218,4225
2025-12-20,TK-A-001,ภาคตะวันออก,176,2914
2025-12-20,TK-A-001,ภาคเหนือ,136,2942
2025-12-20,TK-A-001,ภาคใต้,178,3566
2025-12-20,GL-B-014,กรุงเทพฯ,1543,24566
2025-12-20,GL-B-014,ภาคกลาง,1062,17984
2025-12-20,GL-B-014,ภาคตะวันออก,857,15322
2025-12-20,GL-B-014,ภาคเหนือ,728,12362
2025-12-20,GL-B-014,ภาคใต้,1011,16744
2025-12-20,MK-C-028,กรุงเทพฯ,1124,17532
2025-12-20,MK-C-028,ภาคกลาง,896,13562
2025-12-20,MK-C-028,ภาคตะวันออก,634,10887
2025-12-20,MK-C-028,ภาคเหนือ,566,10426
2025-12-20,MK-C-028,ภาคใต้,670,12607
2025-12-20,SY-D-039,กรุงเทพฯ,718,13806
2025-12-20,SY-D-039,ภาคกลาง,551,11216
2025-12-20,SY-D-039,ภาคตะวันออก,423,6781
2025-12-20,SY-D-039,ภาคเหนือ,397,6033
2025-12-20,SY-D-039,ภาคใต้,486,9462
2025-12-20,AG-E-052,กรุงเทพฯ,228,4113
2025-12-20,AG-E-052,ภาคกลาง,177,2906
2025-12-20,AG-E-052,ภาคตะวันออก,132,2251
2025-12-20,AG-E-052,ภาคเหนือ,122,1915
2025-12-20,AG-E-052,ภาคใต้,140,2164
2025-12-21,TK-A-001,กรุงเทพฯ,289,5768
2025-12-21,TK-A-001,ภาคกลาง,201,3854
2025-12-21,TK-A-001,ภาคตะวันออก,160,2875
2025-12-21,TK-A-001,ภาคเหนือ,148,2446
2025-12-21,TK-A-001,ภาคใต้,171,3382
2025-12-21,GL-B-014,กรุงเทพฯ,1557,29211
2025-12-21,GL-B-014,ภาคกลาง,1129,23856
2025-12-21,GL-B-014,ภาคตะวันออก,890,15051
2025-12-21,GL-B-014,ภาคเหนือ,703,12152
2025-12-21,GL-B-014,ภาคใต้,888,19439
2025-12-21,MK-C-028,กรุงเทพฯ,1132,20466
2025-12-21,MK-C-028,ภาคกลาง,915,15806
2025-12-21,MK-C-028,ภาคตะวันออก,685,10982
2025-12-21,MK-C-028,ภาคเหนือ,565,11386
2025-12-21,MK-C-028,ภาคใต้,646,13050
2025-12-21,SY-D-039,กรุงเทพฯ,666,12558
2025-12-21,SY-D-039,ภาคกลาง,536,9212
2025-12-21,SY-D-039,ภาคตะวันออก,411,7507
2025-12-21,SY-D-039,ภาคเหนือ,364,5972
2025-12-21,SY-D-039,ภาคใต้,423,9450
2025-12-21,AG-E-052,กรุงเทพฯ,196,3223
2025-12-21,AG-E-052,ภาคกลาง,155,3214
2025-12-21,AG-E-052,ภาคตะวันออก,137,2083
2025-12-21,AG-E-052,ภาคเหนือ,107,2031
2025-12-21,AG-E-052,ภาคใต้,129,2882
2025-12-22,TK-A-001,กรุงเทพฯ,286,4548
2025-12-22,TK-A-001,ภาคกลาง,222,3515
2025-12-22,TK-A-001,ภาคตะวันออก,162,2807
2025-12-22,TK-A-001,ภาคเหนือ,152,2597
2025-12-22,TK-A-001,ภาคใต้,185,3079
2025-12-22,GL-B-014,กรุงเทพฯ,1570,24171
2025-12-22,GL-B-014,ภาคกลาง,1262,18025
2025-12-22,GL-B-014,ภาคตะวันออก,790,14022
2025-12-22,GL-B-014,ภาคเหนือ,711,13092
2025-12-22,GL-B-014,ภาคใต้,937,16825
2025-12-22,MK-C-028,กรุงเทพฯ,1018,17437
2025-12-22,MK-C-028,ภาคกลาง,844,16781
2025-12-22,MK-C-028,ภาคตะวันออก,589,9902
2025-12-22,MK-C-028,ภาคเหนือ,601,11381
2025-12-22,MK-C-028,ภาคใต้,655,13873
2025-12-22,SY-D-039,กรุงเทพฯ,750,14408
2025-12-22,SY-D-039,ภาคกลาง,604,9322
2025-12-22,SY-D-039,ภาคตะวันออก,411,7171
2025-12-22,SY-D-039,ภาคเหนือ,393,6832
2025-12-22,SY-D-039,ภาคใต้,456,8206
2025-12-22,AG-E-052,กรุงเทพฯ,209,3607
2025-12-22,AG-E-052,ภาคกลาง,183,3065
2025-12-22,AG-E-052,ภาคตะวันออก,122,2402
2025-12-22,AG-E-052,ภาคเหนือ,106,2002
2025-12-22,AG-E-052,ภาคใต้,145,2306
2025-12-23,TK-A-001,กรุงเทพฯ,280,5535
2025-12-23,TK-A-001,ภาคกลาง,215,4433
2025-12-23,TK-A-001,ภาคตะวันออก,159,3449
2025-12-23,TK-A-001,ภาคเหนือ,145,2580
2025-12-23,TK-A-001,ภาคใต้,178,3664
2025-12-23,GL-B-014,กรุงเทพฯ,1452,24323
2025-12-23,GL-B-014,ภาคกลาง,1104,22568
2025-12-23,GL-B-014,ภาคตะวันออก,783,13781
2025-12-23,GL-B-014,ภาคเหนือ,821,15569
2025-12-23,GL-B-014,ภาคใต้,1029,17031
2025-12-23,MK-C-028,กรุงเทพฯ,1017,19854
2025-12-23,MK-C-028,ภาคกลาง,856,15265
2025-12-23,MK-C-028,ภาคตะวันออก,620,9987
2025-12-23,MK-C-028,ภาคเหนือ,555,11228
2025-12-23,MK-C-028,ภาคใต้,638,12284
2025-12-23,SY-D-039,กรุงเทพฯ,659,11787
2025-12-23,SY-D-039,ภาคกลาง,532,11394
2025-12-23,SY-D-039,ภาคตะวันออก,422,7120
2025-12-23,SY-D-039,ภาคเหนือ,393,6234
2025-12-23,SY-D-039,ภาคใต้,503,7499
2025-12-23,AG-E-052,กรุงเทพฯ,230,4202
2025-12-23,AG-E-052,ภาคกลาง,174,2814
2025-12-23,AG-E-052,ภาคตะวันออก,119,2373
2025-12-23,AG-E-052,ภาคเหนือ,113,1968
2025-12-23,AG-E-052,ภาคใต้,126,2878
2025-12-24,TK-A-001,กรุงเทพฯ,297,5411
2025-12-24,TK-A-001,ภาคกลาง,242,3860
2025-12-24,TK-A-001,ภาคตะวันออก,179,2743
2025-12-24,TK-A-001,ภาคเหนือ,140,2991
2025-12-24,TK-A-001,ภาคใต้,189,3352
2025-12-24,GL-B-014,กรุงเทพฯ,1473,28321
2025-12-24,GL-B-014,ภาคกลาง,1097,19521
2025-12-24,GL-B-014,ภาคตะวันออก,817,13600
2025-12-24,GL-B-014,ภาคเหนือ,763,12805
2025-12-24,GL-B-014,ภาคใต้,870,18747
2025-12-24,MK-C-028,กรุงเทพฯ,957,17081
2025-12-24,MK-C-028,ภาคกลาง,828,15176
2025-12-24,MK-C-028,ภาคตะวันออก,612,11957
2025-12-24,MK-C-028,ภาคเหนือ,566,9991
2025-12-24,MK-C-028,ภาคใต้,709,12900
2025-12-24,SY-D-039,กรุงเทพฯ,683,12802
2025-12-24,SY-D-039,ภาคกลาง,582,9408
2025-12-24,SY-D-039,ภาคตะวันออก,450,8243
2025-12-24,SY-D-039,ภาคเหนือ,353,7607
2025-12-24,SY-D-039,ภาคใต้,493,7507
2025-12-24,AG-E-052,กรุงเทพฯ,199,4209
2025-12-24,AG-E-052,ภาคกลาง,179,2570
2025-12-24,AG-E-052,ภาคตะวันออก,136,2414
2025-12-24,AG-E-052,ภาคเหนือ,103,1951
2025-12-24,AG-E-052,ภาคใต้,133,2259
2025-12-25,TK-A-001,กรุงเทพฯ,264,5183
2025-12-25,TK-A-001,ภาคกลาง,208,3968
2025-12-25,TK-A-001,ภาคตะวันออก,174,2943
2025-12-25,TK-A-001,ภาคเหนือ,148,2964
2025-12-25,TK-A-001,ภาคใต้,201,3522
2025-12-25,GL-B-014,กรุงเทพฯ,1508,27334
2025-12-25,GL-B-014,ภาคกลาง,1152,20672
2025-12-25,GL-B-014,ภาคตะวันออก,841,16985
2025-12-25,GL-B-014,ภาคเหนือ,763,13471
2025-12-25,GL-B-014,ภาคใต้,1026,17940
2025-12-25,MK-C-028,กรุงเทพฯ,1016,19008
2025-12-25,MK-C-028,ภาคกลาง,804,16700
2025-12-25,MK-C-028,ภาคตะวันออก,644,9698
2025-12-25,MK-C-028,ภาคเหนือ,590,10838
2025-12-25,MK-C-028,ภาคใต้,740,14176
2025-12-25,SY-D-039,กรุงเทพฯ,750,12723
2025-12-25,SY-D-039,ภาคกลาง,510,11357
2025-12-25,SY-D-039,ภาคตะวันออก,418,6694
2025-12-25,SY-D-039,ภาคเหนือ,369,6891
2025-12-25,SY-D-039,ภาคใต้,437,8465
2025-12-25,AG-E-052,กรุงเทพฯ,222,3481
2025-12-25,AG-E-052,ภาคกลาง,154,2993
2025-12-25,AG-E-052,ภาคตะวันออก,138,2200
2025-12-25,AG-E-052,ภาคเหนือ,108,2308
2025-12-25,AG-E-052,ภาคใต้,133,2609
2025-12-26,TK-A-001,กรุงเทพฯ,290,4627
2025-12-26,TK-A-001,ภาคกลาง,230,4552
2025-12-26,TK-A-001,ภาคตะวันออก,178,3164
2025-12-26,TK-A-001,ภาคเหนือ,156,2606
2025-12-26,TK-A-001,ภาคใต้,169,3144
2025-12-26,GL-B-014,กรุงเทพฯ,1385,25769
2025-12-26,GL-B-014,ภาคกลาง,1044,22728
2025-12-26,GL-B-014,ภาคตะวันออก,876,13350
2025-12-26,GL-B-014,ภาคเหนือ,749,14209
2025-12-26,GL-B-014,ภาคใต้,887,16778
2025-12-26,MK-C-028,กรุงเทพฯ,946,21572
2025-12-26,MK-C-028,ภาคกลาง,881,16462
2025-12-26,MK-C-028,ภาคตะวันออก,609,11257
2025-12-26,MK-C-028,ภาคเหนือ,587,11069
2025-12-26,MK-C-028,ภาคใต้,767,12670
2025-12-26,SY-D-039,กรุงเทพฯ,667,10752
2025-12-26,SY-D-039,ภาคกลาง,603,8613
2025-12-26,SY-D-039,ภาคตะวันออก,388,7870
2025-12-26,SY-D-039,ภาคเหนือ,342,7731
2025-12-26,SY-D-039,ภาคใต้,496,7818
2025-12-26,AG-E-052,กรุงเทพฯ,200,4247
2025-12-26,AG-E-052,ภาคกลาง,176,3199
2025-12-26,AG-E-052,ภาคตะวันออก,118,2164
2025-12-26,AG-E-052,ภาคเหนือ,104,1838
2025-12-26,AG-E-052,ภาคใต้,130,2444
2025-12-27,TK-A-001,กรุงเทพฯ,288,5033
2025-12-27,TK-A-001,ภาคกลาง,231,4468
2025-12-27,TK-A-001,ภาคตะวันออก,154,3029
2025-12-27,TK-A-001,ภาคเหนือ,153,3002
2025-12-27,TK-A-001,ภาคใต้,195,2930
2025-12-27,GL-B-014,กรุงเทพฯ,1423,22170
2025-12-27,GL-B-014,ภาคกลาง,1244,18982
2025-12-27,GL-B-014,ภาคตะวันออก,874,15223
2025-12-27,GL-B-014,ภาคเหนือ,825,12785
2025-12-27,GL-B-014,ภาคใต้,1022,15049
2025-12-27,MK-C-028,กรุงเทพฯ,1030,18027
2025-12-27,MK-C-028,ภาคกลาง,873,17066
2025-12-27,MK-C-028,ภาคตะวันออก,627,9941
2025-12-27,MK-C-028,ภาคเหนือ,568,10107
2025-12-27,MK-C-028,ภาคใต้,724,14184
2025-12-27,SY-D-039,กรุงเทพฯ,651,12130
2025-12-27,SY-D-039,ภาคกลาง,583,11314
2025-12-27,SY-D-039,ภาคตะวันออก,388,7168
2025-12-27,SY-D-039,ภาคเหนือ,337,5939
2025-12-27,SY-D-039,ภาคใต้,474,8654
2025-12-27,AG-E-052,กรุงเทพฯ,189,3541
2025-12-27,AG-E-052,ภาคกลาง,168,3483
2025-12-27,AG-E-052,ภาคตะวันออก,135,2541
2025-12-27,AG-E-052,ภาคเหนือ,117,1747
2025-12-27,AG-E-052,ภาคใต้,141,2626
2025-12-28,TK-A-001,กรุงเทพฯ,297,4940
2025-12-28,TK-A-001,ภาคกลาง,244,4535
2025-12-28,TK-A-001,ภาคตะวันออก,184,2873
2025-12-28,TK-A-001,ภาคเหนือ,161,3064
2025-12-28,TK-A-001,ภาคใต้,177,3436
2025-12-28,GL-B-014,กรุงเทพฯ,1399,27159
2025-12-28,GL-B-014,ภาคกลาง,1224,20777
2025-12-28,GL-B-014,ภาคตะวันออก,880,17797
2025-12-28,GL-B-014,ภาคเหนือ,798,15857
2025-12-28,GL-B-014,ภาคใต้,1002,19707
2025-12-28,MK-C-028,กรุงเทพฯ,1035,17292
2025-12-28,MK-C-028,ภาคกลาง,907,14908
2025-12-28,MK-C-028,ภาคตะวันออก,682,9771
2025-12-28,MK-C-028,ภาคเหนือ,540,11255
2025-12-28,MK-C-028,ภาคใต้,717,13677
2025-12-28,SY-D-039,กรุงเทพฯ,704,11093
2025-12-28,SY-D-039,ภาคกลาง,531,9162
2025-12-28,SY-D-039,ภาคตะวันออก,440,8325
2025-12-28,SY-D-039,ภาคเหนือ,358,7383
2025-12-28,SY-D-039,ภาคใต้,473,8299
2025-12-28,AG-E-052,กรุงเทพฯ,228,4107
2025-12-28,AG-E-052,ภาคกลาง,176,3433
2025-12-28,AG-E-052,ภาคตะวันออก,124,2564
2025-12-28,AG-E-052,ภาคเหนือ,104,1905
2025-12-28,AG-E-052,ภาคใต้,149,2770
2025-12-29,TK-A-001,กรุงเทพฯ,259,5673
2025-12-29,TK-A-001,ภาคกลาง,240,3474
2025-12-29,TK-A-001,ภาคตะวันออก,177,2905
2025-12-29,TK-A-001,ภาคเหนือ,165,2751
2025-12-29,TK-A-001,ภาคใต้,201,2881
2025-12-29,GL-B-014,กรุงเทพฯ,1397,27132
2025-12-29,GL-B-014,ภาคกลาง,1233,18913
2025-12-29,GL-B-014,ภาคตะวันออก,875,17378
2025-12-29,GL-B-014,ภาคเหนือ,697,14148
2025-12-29,GL-B-014,ภาคใต้,940,19046
2025-12-29,MK-C-028,กรุงเทพฯ,990,19169
2025-12-29,MK-C-028,ภาคกลาง,790,14428
2025-12-29,MK-C-028,ภาคตะวันออก,682,11328
2025-12-29,MK-C-028,ภาคเหนือ,556,8878
2025-12-29,MK-C-028,ภาคใต้,635,14355
2025-12-29,SY-D-039,กรุงเทพฯ,685,12251
2025-12-29,SY-D-039,ภาคกลาง,530,10072
2025-12-29,SY-D-039,ภาคตะวันออก,386,6591
2025-12-29,SY-D-039,ภาคเหนือ,346,7061
2025-12-29,SY-D-039,ภาคใต้,513,7236
2025-12-29,AG-E-052,กรุงเทพฯ,208,3500
2025-12-29,AG-E-052,ภาคกลาง,152,3356
2025-12-29,AG-E-052,ภาคตะวันออก,115,2483
2025-12-29,AG-E-052,ภาคเหนือ,109,1974
2025-12-29,AG-E-052,ภาคใต้,150,2223
2025-12-30,TK-A-001,กรุงเทพฯ,276,4924
2025-12-30,TK-A-001,ภาคกลาง,233,3452
2025-12-30,TK-A-001,ภาคตะวันออก,163,2937
2025-12-30,TK-A-001,ภาคเหนือ,140,3100
2025-12-30,TK-A-001,ภาคใต้,180,3456
2025-12-30,GL-B-014,กรุงเทพฯ,1420,23814
2025-12-30,GL-B-014,ภาคกลาง,1139,21784
2025-12-30,GL-B-014,ภาคตะวันออก,921,16827
2025-12-30,GL-B-014,ภาคเหนือ,829,11945
2025-12-30,GL-B-014,ภาคใต้,1001,19017
2025-12-30,MK-C-028,กรุงเทพฯ,1111,20647
2025-12-30,MK-C-028,ภาคกลาง,821,15543
2025-12-30,MK-C-028,ภาคตะวันออก,676,12752
2025-12-30,MK-C-028,ภาคเหนือ,559,9180
2025-12-30,MK-C-028,ภาคใต้,720,11851
2025-12-30,SY-D-039,กรุงเทพฯ,671,11004
2025-12-30,SY-D-039,ภาคกลาง,525,9897
2025-12-30,SY-D-039,ภาคตะวันออก,463,7578
2025-12-30,SY-D-039,ภาคเหนือ,369,5822
2025-12-30,SY-D-039,ภาคใต้,458,7869
2025-12-30,AG-E-052,กรุงเทพฯ,207,3445
2025-12-30,AG-E-052,ภาคกลาง,155,3224
2025-12-30,AG-E-052,ภาคตะวันออก,119,2584
2025-12-30,AG-E-052,ภาคเหนือ,113,1910
2025-12-30,AG-E-052,ภาคใต้,138,2393
2025-12-31,TK-A-001,กรุงเทพฯ,266,4436
2025-12-31,TK-A-001,ภาคกลาง,206,3676
2025-12-31,TK-A-001,ภาคตะวันออก,164,2694
2025-12-31,TK-A-001,ภาคเหนือ,136,2636
2025-12-31,TK-A-001,ภาคใต้,169,3780
2025-12-31,GL-B-014,กรุงเทพฯ,1476,24994
2025-12-31,GL-B-014,ภาคกลาง,1082,21789
2025-12-31,GL-B-014,ภาคตะวันออก,944,15119
2025-12-31,GL-B-014,ภาคเหนือ,737,13734
2025-12-31,GL-B-014,ภาคใต้,928,16658
2025-12-31,MK-C-028,กรุงเทพฯ,1091,17380
2025-12-31,MK-C-028,ภาคกลาง,793,17147
2025-12-31,MK-C-028,ภาคตะวันออก,645,11171
2025-12-31,MK-C-028,ภาคเหนือ,551,9182
2025-12-31,MK-C-028,ภาคใต้,767,12340
2025-12-31,SY-D-039,กรุงเทพฯ,703,11031
2025-12-31,SY-D-039,ภาคกลาง,590,10503
2025-12-31,SY-D-039,ภาคตะวันออก,412,7605
2025-12-31,SY-D-039,ภาคเหนือ,378,5830
2025-12-31,SY-D-039,ภาคใต้,495,7853
2025-12-31,AG-E-052,กรุงเทพฯ,200,4159
2025-12-31,AG-E-052,ภาคกลาง,175,3438
2025-12-31,AG-E-052,ภาคตะวันออก,121,2323
2025-12-31,AG-E-052,ภาคเหนือ,110,2013
2025-12-31,AG-E-052,ภาคใต้,148,2266
2026-01-01,TK-A-001,กรุงเทพฯ,284,4797
2026-01-01,TK-A-001,ภาคกลาง,229,4394
2026-01-01,TK-A-001,ภาคตะวันออก,157,3495
2026-01-01,TK-A-001,ภาคเหนือ,136,2857
2026-01-01,TK-A-001,ภาคใต้,200,3546
2026-01-01,GL-B-014,กรุงเทพฯ,1485,28906
2026-01-01,GL-B-014,ภาคกลาง,1144,18422
2026-01-01,GL-B-014,ภาคตะวันออก,841,15056
2026-01-01,GL-B-014,ภาคเหนือ,837,15928
2026-01-01,GL-B-014,ภาคใต้,953,17981
2026-01-01,MK-C-028,กรุงเทพฯ,1012,19022
2026-01-01,MK-C-028,ภาคกลาง,815,13656
2026-01-01,MK-C-028,ภาคตะวันออก,654,12560
2026-01-01,MK-C-028,ภาคเหนือ,536,9178
2026-01-01,MK-C-028,ภาคใต้,763,13260
2026-01-01,SY-D-039,กรุงเทพฯ,764,13467
2026-01-01,SY-D-039,ภาคกลาง,568,11413
2026-01-01,SY-D-039,ภาคตะวันออก,389,6472
2026-01-01,SY-D-039,ภาคเหนือ,394,7382
2026-01-01,SY-D-039,ภาคใต้,441,7439
2026-01-01,AG-E-052,กรุงเทพฯ,215,3393
2026-01-01,AG-E-052,ภาคกลาง,180,3477
2026-01-01,AG-E-052,ภาคตะวันออก,138,2570
2026-01-01,AG-E-052,ภาคเหนือ,105,1768
2026-01-01,AG-E-052,ภาคใต้,145,2742
2026-01-02,TK-A-001,กรุงเทพฯ,303,4492
2026-01-02,TK-A-001,ภาคกลาง,239,3919
2026-01-02,TK-A-001,ภาคตะวันออก,156,3019
2026-01-02,TK-A-001,ภาคเหนือ,151,2535
2026-01-02,TK-A-001,ภาคใต้,196,3291
2026-01-02,GL-B-014,กรุงเทพฯ,1390,26438
2026-01-02,GL-B-014,ภาคกลาง,1118,18244
2026-01-02,GL-B-014,ภาคตะวันออก,862,13653
2026-01-02,GL-B-014,ภาคเหนือ,785,11932
2026-01-02,GL-B-014,ภาคใต้,967,19951
2026-01-02,MK-C-028,กรุงเทพฯ,1048,19754
2026-01-02,MK-C-028,ภาคกลาง,778,16754
2026-01-02,MK-C-028,ภาคตะวันออก,677,12316
2026-01-02,MK-C-028,ภาคเหนือ,555,10973
2026-01-02,MK-C-028,ภาคใต้,734,12153
2026-01-02,SY-D-039,กรุงเทพฯ,686,11012
2026-01-02,SY-D-039,ภาคกลาง,531,8652
2026-01-02,SY-D-039,ภาคตะวันออก,431,7337
2026-01-02,SY-D-039,ภาคเหนือ,344,7022
2026-01-02,SY-D-039,ภาคใต้,476,9692
2026-01-02,AG-E-052,กรุงเทพฯ,193,4069
2026-01-02,AG-E-052,ภาคกลาง,179,2979
2026-01-02,AG-E-052,ภาคตะวันออก,129,2617
2026-01-02,AG-E-052,ภาคเหนือ,104,2098
2026-01-02,AG-E-052,ภาคใต้,146,2157
2026-01-03,TK-A-001,กรุงเทพฯ,302,4786
2026-01-03,TK-A-001,ภาคกลาง,243,4127
2026-01-03,TK-A-001,ภาคตะวันออก,153,2971
2026-01-03,TK-A-001,ภาคเหนือ,160,2896
2026-01-03,TK-A-001,ภาคใต้,193,3460
2026-01-03,GL-B-014,กรุงเทพฯ,1437,27462
2026-01-03,GL-B-014,ภาคกลาง,1193,23671
2026-01-03,GL-B-014,ภาคตะวันออก,803,16962
2026-01-03,GL-B-014,ภาคเหนือ,840,12548
2026-01-03,GL-B-014,ภาคใต้,941,19178
2026-01-03,MK-C-028,กรุงเทพฯ,1015,16623
2026-01-03,MK-C-028,ภาคกลาง,871,13945
2026-01-03,MK-C-028,ภาคตะวันออก,606,11034
2026-01-03,MK-C-028,ภาคเหนือ,578,8832
2026-01-03,MK-C-028,ภาคใต้,666,12305
2026-01-03,SY-D-039,กรุงเทพฯ,714,11730
2026-01-03,SY-D-039,ภาคกลาง,552,11175
2026-01-03,SY-D-039,ภาคตะวันออก,392,7601
2026-01-03,SY-D-039,ภาคเหนือ,355,5771
2026-01-03,SY-D-039,ภาคใต้,496,9711
2026-01-03,AG-E-052,กรุงเทพฯ,231,4337
2026-01-03,AG-E-052,ภาคกลาง,152,2788
2026-01-03,AG-E-052,ภาคตะวันออก,131,2229
2026-01-03,AG-E-052,ภาคเหนือ,115,2295
2026-01-03,AG-E-052,ภาคใต้,128,2602
2026-01-04,TK-A-001,กรุงเทพฯ,291,5212
2026-01-04,TK-A-001,ภาคกลาง,227,3647
2026-01-04,TK-A-001,ภาคตะวันออก,176,3064
2026-01-04,TK-A-001,ภาคเหนือ,139,2413
2026-01-04,TK-A-001,ภาคใต้,184,3616
2026-01-04,GL-B-014,กรุงเทพฯ,1376,23828
2026-01-04,GL-B-014,ภาคกลาง,1226,18509
2026-01-04,GL-B-014,ภาคตะวันออก,899,17046
2026-01-04,GL-B-014,ภาคเหนือ,788,13534
2026-01-04,GL-B-014,ภาคใต้,1056,15845
2026-01-04,MK-C-028,กรุงเทพฯ,1091,17510
2026-01-04,MK-C-028,ภาคกลาง,804,14208
2026-01-04,MK-C-028,ภาคตะวันออก,600,10163
2026-01-04,MK-C-028,ภาคเหนือ,578,10285
2026-01-04,MK-C-028,ภาคใต้,660,11465
2026-01-04,SY-D-039,กรุงเทพฯ,671,13594
2026-01-04,SY-D-039,ภาคกลาง,554,10998
2026-01-04,SY-D-039,ภาคตะวันออก,406,7119
2026-01-04,SY-D-039,ภาคเหนือ,362,7493
2026-01-04,SY-D-039,ภาคใต้,437,7479
2026-01-04,AG-E-052,กรุงเทพฯ,191,3484
2026-01-04,AG-E-052,ภาคกลาง,162,3252
2026-01-04,AG-E-052,ภาคตะวันออก,118,1947
2026-01-04,AG-E-052,ภาคเหนือ,105,2063
2026-01-04,AG-E-052,ภาคใต้,131,2548
2026-01-05,TK-A-001,กรุงเทพฯ,287,5809
2026-01-05,TK-A-001,ภาคกลาง,215,4323
2026-01-05,TK-A-001,ภาคตะวันออก,182,3091
2026-01-05,TK-A-001,ภาคเหนือ,136,2557
2026-01-05,TK-A-001,ภาคใต้,180,3130
2026-01-05,GL-B-014,กรุงเทพฯ,1512,23954
2026-01-05,GL-B-014,ภาคกลาง,1263,23457
2026-01-05,GL-B-014,ภาคตะวันออก,903,16102
2026-01-05,GL-B-014,ภาคเหนือ,852,15913
2026-01-05,GL-B-014,ภาคใต้,979,15046
2026-01-05,MK-C-028,กรุงเทพฯ,1116,18811
2026-01-05,MK-C-028,ภาคกลาง,890,15770
2026-01-05,MK-C-028,ภาคตะวันออก,621,12026
2026-01-05,MK-C-028,ภาคเหนือ,513,10045
2026-01-05,MK-C-028,ภาคใต้,706,13832
2026-01-05,SY-D-039,กรุงเทพฯ,698,12543
2026-01-05,SY-D-039,ภาคกลาง,610,11273
2026-01-05,SY-D-039,ภาคตะวันออก,405,7107
2026-01-05,SY-D-039,ภาคเหนือ,390,6815
2026-01-05,SY-D-039,ภาคใต้,471,8469
2026-01-05,AG-E-052,กรุงเทพฯ,200,3743
2026-01-05,AG-E-052,ภาคกลาง,164,3348
2026-01-05,AG-E-052,ภาคตะวันออก,123,2303
2026-01-05,AG-E-052,ภาคเหนือ,103,2028
2026-01-05,AG-E-052,ภาคใต้,131,2261
2026-01-06,TK-A-001,กรุงเทพฯ,268,4980
2026-01-06,TK-A-001,ภาคกลาง,243,3474
2026-01-06,TK-A-001,ภาคตะวันออก,186,3353
2026-01-06,TK-A-001,ภาคเหนือ,143,2853
2026-01-06,TK-A-001,ภาคใต้,174,2940
2026-01-06,GL-B-014,กรุงเทพฯ,1396,24988
2026-01-06,GL-B-014,ภาคกลาง,1227,18835
2026-01-06,GL-B-014,ภาคตะวันออก,938,17101
2026-01-06,GL-B-014,ภาคเหนือ,751,13351
2026-01-06,GL-B-014,ภาคใต้,902,18248
2026-01-06,MK-C-028,กรุงเทพฯ,1139,17749
2026-01-06,MK-C-028,ภาคกลาง,905,17487
2026-01-06,MK-C-028,ภาคตะวันออก,676,12854
2026-01-06,MK-C-028,ภาคเหนือ,603,9632
2026-01-06,MK-C-028,ภาคใต้,772,12230
2026-01-06,SY-D-039,กรุงเทพฯ,729,11690
2026-01-06,SY-D-039,ภาคกลาง,533,8680
2026-01-06,SY-D-039,ภาคตะวันออก,455,7234
2026-01-06,SY-D-039,ภาคเหนือ,361,6977
2026-01-06,SY-D-039,ภาคใต้,458,7999
2026-01-06,AG-E-052,กรุงเทพฯ,210,3771
2026-01-06,AG-E-052,ภาคกลาง,156,2786
2026-01-06,AG-E-052,ภาคตะวันออก,139,2532
2026-01-06,AG-E-052,ภาคเหนือ,117,1802
2026-01-06,AG-E-052,ภาคใต้,152,2859
2026-01-07,TK-A-001,กรุงเทพฯ,262,4408
2026-01-07,TK-A-001,ภาคกลาง,226,3482
2026-01-07,TK-A-001,ภาคตะวันออก,161,3236
2026-01-07,TK-A-001,ภาคเหนือ,138,2647
2026-01-07,TK-A-001,ภาคใต้,200,3062
2026-01-07,GL-B-014,กรุงเทพฯ,1404,25381
2026-01-07,GL-B-014,ภาคกลาง,1207,18598
2026-01-07,GL-B-014,ภาคตะวันออก,816,14885
2026-01-07,GL-B-014,ภาคเหนือ,808,14655
2026-01-07,GL-B-014,ภาคใต้,942,17409
2026-01-07,MK-C-028,กรุงเทพฯ,1164,16979
2026-01-07,MK-C-028,ภาคกลาง,847,14908
2026-01-07,MK-C-028,ภาคตะวันออก,642,11984
2026-01-07,MK-C-028,ภาคเหนือ,572,9089
2026-01-07,MK-C-028,ภาคใต้,767,13562
2026-01-07,SY-D-039,กรุงเทพฯ,681,12973
2026-01-07,SY-D-039,ภาคกลาง,520,10531
2026-01-07,SY-D-039,ภาคตะวันออก,456,8716
2026-01-07,SY-D-039,ภาคเหนือ,363,6469
2026-01-07,SY-D-039,ภาคใต้,480,8172
2026-01-07,AG-E-052,กรุงเทพฯ,217,3435
2026-01-07,AG-E-052,ภาคกลาง,176,2616
2026-01-07,AG-E-052,ภาคตะวันออก,128,2014
2026-01-07,AG-E-052,ภาคเหนือ,116,2003
2026-01-07,AG-E-052,ภาคใต้,149,2875
2026-01-08,TK-A-001,กรุงเทพฯ,308,5649
2026-01-08,TK-A-001,ภาคกลาง,210,4229
2026-01-08,TK-A-001,ภาคตะวันออก,157,3291
2026-01-08,TK-A-001,ภาคเหนือ,144,2400
2026-01-08,TK-A-001,ภาคใต้,198,3834
2026-01-08,GL-B-014,กรุงเทพฯ,1414,29275
2026-01-08,GL-B-014,ภาคกลาง,1264,20746
2026-01-08,GL-B-014,ภาคตะวันออก,964,17577
2026-01-08,GL-B-014,ภาคเหนือ,804,12723
2026-01-08,GL-B-014,ภาคใต้,1017,18295
2026-01-08,MK-C-028,กรุงเทพฯ,983,21430
2026-01-08,MK-C-028,ภาคกลาง,878,15702
2026-01-08,MK-C-028,ภาคตะวันออก,619,10125
2026-01-08,MK-C-028,ภาคเหนือ,618,11577
2026-01-08,MK-C-028,ภาคใต้,649,11247
2026-01-08,SY-D-039,กรุงเทพฯ,646,14001
2026-01-08,SY-D-039,ภาคกลาง,516,11638
2026-01-08,SY-D-039,ภาคตะวันออก,435,7047
2026-01-08,SY-D-039,ภาคเหนือ,383,6524
2026-01-08,SY-D-039,ภาคใต้,515,7785
2026-01-08,AG-E-052,กรุงเทพฯ,205,3768
2026-01-08,AG-E-052,ภาคกลาง,186,2903
2026-01-08,AG-E-052,ภาคตะวันออก,135,2158
2026-01-08,AG-E-052,ภาคเหนือ,108,1791
2026-01-08,AG-E-052,ภาคใต้,145,2585
2026-01-09,TK-A-001,กรุงเทพฯ,305,4742
2026-01-09,TK-A-001,ภาคกลาง,244,3701
2026-01-09,TK-A-001,ภาคตะวันออก,165,3468
2026-01-09,TK-A-001,ภาคเหนือ,142,2969
2026-01-09,TK-A-001,ภาคใต้,202,3815
2026-01-09,GL-B-014,กรุงเทพฯ,1580,26945
2026-01-09,GL-B-014,ภาคกลาง,1069,22374
2026-01-09,GL-B-014,ภาคตะวันออก,933,17503
2026-01-09,GL-B-014,ภาคเหนือ,855,13528
2026-01-09,GL-B-014,ภาคใต้,974,16179
2026-01-09,MK-C-028,กรุงเทพฯ,1005,21060
2026-01-09,MK-C-028,ภาคกลาง,897,14300
2026-01-09,MK-C-028,ภาคตะวันออก,589,10767
2026-01-09,MK-C-028,ภาคเหนือ,516,10009
2026-01-09,MK-C-028,ภาคใต้,774,11733
2026-01-09,SY-D-039,กรุงเทพฯ,736,13772
2026-01-09,SY-D-039,ภาคกลาง,621,11255
2026-01-09,SY-D-039,ภาคตะวันออก,420,7652
2026-01-09,SY-D-039,ภาคเหนือ,348,7672
2026-01-09,SY-D-039,ภาคใต้,494,8718
2026-01-09,AG-E-052,กรุงเทพฯ,207,3981
2026-01-09,AG-E-052,ภาคกลาง,163,3237
2026-01-09,AG-E-052,ภาคตะวันออก,134,2375
2026-01-09,AG-E-052,ภาคเหนือ,112,1972
2026-01-09,AG-E-052,ภาคใต้,143,2462
2026-01-10,TK-A-001,กรุงเทพฯ,306,4981
2026-01-10,TK-A-001,ภาคกลาง,240,3478
2026-01-10,TK-A-001,ภาคตะวันออก,158,2888
2026-01-10,TK-A-001,ภาคเหนือ,147,2653
2026-01-10,TK-A-001,ภาคใต้,193,3647
2026-01-10,GL-B-014,กรุงเทพฯ,1468,29970
2026-01-10,GL-B-014,ภาคกลาง,1276,20351
2026-01-10,GL-B-014,ภาคตะวันออก,963,17989
2026-01-10,GL-B-014,ภาคเหนือ,824,12729
2026-01-10,GL-B-014,ภาคใต้,950,17264
2026-01-10,MK-C-028,กรุงเทพฯ,982,17769
2026-01-10,MK-C-028,ภาคกลาง,771,14253
2026-01-10,MK-C-028,ภาคตะวันออก,627,12827
2026-01-10,MK-C-028,ภาคเหนือ,583,9693
2026-01-10,MK-C-028,ภาคใต้,685,11889
2026-01-10,SY-D-039,กรุงเทพฯ,691,13050
2026-01-10,SY-D-039,ภาคกลาง,535,8835
2026-01-10,SY-D-039,ภาคตะวันออก,410,8764
2026-01-10,SY-D-039,ภาคเหนือ,357,7340
2026-01-10,SY-D-039,ภาคใต้,479,9276
2026-01-10,AG-E-052,กรุงเทพฯ,203,4032
2026-01-10,AG-E-052,ภาคกลาง,186,3177
2026-01-10,AG-E-052,ภาคตะวันออก,130,2477
2026-01-10,AG-E-052,ภาคเหนือ,115,1817
2026-01-10,AG-E-052,ภาคใต้,135,2676
2026-01-11,TK-A-001,กรุงเทพฯ,288,5242
2026-01-11,TK-A-001,ภาคกลาง,212,4662
2026-01-11,TK-A-001,ภาคตะวันออก,171,2965
2026-01-11,TK-A-001,ภาคเหนือ,145,2457
2026-01-11,TK-A-001,ภาคใต้,198,3220
2026-01-11,GL-B-014,กรุงเทพฯ,1323,22749
2026-01-11,GL-B-014,ภาคกลาง,1137,19251
2026-01-11,GL-B-014,ภาคตะวันออก,838,15106
2026-01-11,GL-B-014,ภาคเหนือ,790,12904
2026-01-11,GL-B-014,ภาคใต้,944,15943
2026-01-11,MK-C-028,กรุงเทพฯ,1131,16357
2026-01-11,MK-C-028,ภาคกลาง,899,14390
2026-01-11,MK-C-028,ภาคตะวันออก,679,10853
2026-01-11,MK-C-028,ภาคเหนือ,617,8993
2026-01-11,MK-C-028,ภาคใต้,681,14163
2026-01-11,SY-D-039,กรุงเทพฯ,727,12540
2026-01-11,SY-D-039,ภาคกลาง,536,10764
2026-01-11,SY-D-039,ภาคตะวันออก,409,6916
2026-01-11,SY-D-039,ภาคเหนือ,403,5871
2026-01-11,SY-D-039,ภาคใต้,503,7563
2026-01-11,AG-E-052,กรุงเทพฯ,217,4115
2026-01-11,AG-E-052,ภาคกลาง,158,2652
2026-01-11,AG-E-052,ภาคตะวันออก,117,2291
2026-01-11,AG-E-052,ภาคเหนือ,107,2102
2026-01-11,AG-E-052,ภาคใต้,133,2467
2026-01-12,TK-A-001,กรุงเทพฯ,284,5060
2026-01-12,TK-A-001,ภาคกลาง,226,3554
2026-01-12,TK-A-001,ภาคตะวันออก,179,2811
2026-01-12,TK-A-001,ภาคเหนือ,141,2968
2026-01-12,TK-A-001,ภาคใต้,190,3331
2026-01-12,GL-B-014,กรุงเทพฯ,1426,27078
2026-01-12,GL-B-014,ภาคกลาง,1066,18575
2026-01-12,GL-B-014,ภาคตะวันออก,930,14538
2026-01-12,GL-B-014,ภาคเหนือ,805,14818
2026-01-12,GL-B-014,ภาคใต้,923,18681
2026-01-12,MK-C-028,กรุงเทพฯ,1132,21564
2026-01-12,MK-C-028,ภาคกลาง,810,15308
2026-01-12,MK-C-028,ภาคตะวันออก,644,11481
2026-01-12,MK-C-028,ภาคเหนือ,618,10496
2026-01-12,MK-C-028,ภาคใต้,738,11511
2026-01-12,SY-D-039,กรุงเทพฯ,641,12153
2026-01-12,SY-D-039,ภาคกลาง,556,11164
2026-01-12,SY-D-039,ภาคตะวันออก,399,7482
2026-01-12,SY-D-039,ภาคเหนือ,392,7127
2026-01-12,SY-D-039,ภาคใต้,473,8637
2026-01-12,AG-E-052,กรุงเทพฯ,231,3931
2026-01-12,AG-E-052,ภาคกลาง,180,3240
2026-01-12,AG-E-052,ภาคตะวันออก,116,2157
2026-01-12,AG-E-052,ภาคเหนือ,120,2314
2026-01-12,AG-E-052,ภาคใต้,153,2620
2026-01-13,TK-A-001,กรุงเทพฯ,267,4847
2026-01-13,TK-A-001,ภาคกลาง,249,3821
2026-01-13,TK-A-001,ภาคตะวันออก,163,2734
2026-01-13,TK-A-001,ภาคเหนือ,141,2634
2026-01-13,TK-A-001,ภาคใต้,174,3540
2026-01-13,GL-B-014,กรุงเทพฯ,1517,26545
2026-01-13,GL-B-014,ภาคกลาง,1235,18857
2026-01-13,GL-B-014,ภาคตะวันออก,848,17020
2026-01-13,GL-B-014,ภาคเหนือ,840,16209
2026-01-13,GL-B-014,ภาคใต้,1065,16935
2026-01-13,MK-C-028,กรุงเทพฯ,1162,20584
2026-01-13,MK-C-028,ภาคกลาง,932,14248
2026-01-13,MK-C-028,ภาคตะวันออก,621,11581
2026-01-13,MK-C-028,ภาคเหนือ,573,11038
2026-01-13,MK-C-028,ภาคใต้,736,13715
2026-01-13,SY-D-039,กรุงเทพฯ,700,12244
2026-01-13,SY-D-039,ภาคกลาง,577,9620
2026-01-13,SY-D-039,ภาคตะวันออก,460,7755
2026-01-13,SY-D-039,ภาคเหนือ,400,7749
2026-01-13,SY-D-039,ภาคใต้,431,8701
2026-01-13,AG-E-052,กรุงเทพฯ,211,4035
2026-01-13,AG-E-052,ภาคกลาง,170,2754
2026-01-13,AG-E-052,ภาคตะวันออก,120,2001
2026-01-13,AG-E-052,ภาคเหนือ,106,1827
2026-01-13,AG-E-052,ภาคใต้,147,2310
2026-01-14,TK-A-001,กรุงเทพฯ,304,5478
2026-01-14,TK-A-001,ภาคกลาง,209,3814
2026-01-14,TK-A-001,ภาคตะวันออก,171,3499
2026-01-14,TK-A-001,ภาคเหนือ,155,2632
2026-01-14,TK-A-001,ภาคใต้,203,3232
2026-01-14,GL-B-014,กรุงเทพฯ,1341,28440
2026-01-14,GL-B-014,ภาคกลาง,1114,22893
2026-01-14,GL-B-014,ภาคตะวันออก,860,15778
2026-01-14,GL-B-014,ภาคเหนือ,711,14456
2026-01-14,GL-B-014,ภาคใต้,947,19916
2026-01-14,MK-C-028,กรุงเทพฯ,1064,20446
2026-01-14,MK-C-028,ภาคกลาง,882,16518
2026-01-14,MK-C-028,ภาคตะวันออก,699,12220
2026-01-14,MK-C-028,ภาคเหนือ,527,10493
2026-01-14,MK-C-028,ภาคใต้,721,11624
2026-01-14,SY-D-039,กรุงเทพฯ,642,13868
2026-01-14,SY-D-039,ภาคกลาง,573,10782
2026-01-14,SY-D-039,ภาคตะวันออก,388,8173
2026-01-14,SY-D-039,ภาคเหนือ,390,5856
2026-01-14,SY-D-039,ภาคใต้,511,8578
2026-01-14,AG-E-052,กรุงเทพฯ,223,4263
2026-01-14,AG-E-052,ภาคกลาง,170,2879
2026-01-14,AG-E-052,ภาคตะวันออก,141,2604
2026-01-14,AG-E-052,ภาคเหนือ,124,1843
2026-01-14,AG-E-052,ภาคใต้,150,2863
2026-01-15,TK-A-001,กรุงเทพฯ,259,5518
2026-01-15,TK-A-001,ภาคกลาง,242,3890
2026-01-15,TK-A-001,ภาคตะวันออก,161,3390
2026-01-15,TK-A-001,ภาคเหนือ,143,3005
2026-01-15,TK-A-001,ภาคใต้,185,3283
2026-01-15,GL-B-014,กรุงเทพฯ,1535,25826
2026-01-15,GL-B-014,ภาคกลาง,1207,18518
2026-01-15,GL-B-014,ภาคตะวันออก,813,16910
2026-01-15,GL-B-014,ภาคเหนือ,773,13535
2026-01-15,GL-B-014,ภาคใต้,988,18264
2026-01-15,MK-C-028,กรุงเทพฯ,1013,17131
2026-01-15,MK-C-028,ภาคกลาง,803,14755
2026-01-15,MK-C-028,ภาคตะวันออก,634,12877
2026-01-15,MK-C-028,ภาคเหนือ,622,9564
2026-01-15,MK-C-028,ภาคใต้,757,11324
2026-01-15,SY-D-039,กรุงเทพฯ,694,12913
2026-01-15,SY-D-039,ภาคกลาง,579,11227
2026-01-15,SY-D-039,ภาคตะวันออก,433,8234
2026-01-15,SY-D-039,ภาคเหนือ,365,7604
2026-01-15,SY-D-039,ภาคใต้,500,8044
2026-01-15,AG-E-052,กรุงเทพฯ,223,3620
2026-01-15,AG-E-052,ภาคกลาง,170,3226
2026-01-15,AG-E-052,ภาคตะวันออก,127,2526
2026-01-15,AG-E-052,ภาคเหนือ,114,2321
2026-01-15,AG-E-052,ภาคใต้,139,2336
2026-01-16,TK-A-001,กรุงเทพฯ,286,5474
2026-01-16,TK-A-001,ภาคกลาง,229,3980
2026-01-16,TK-A-001,ภาคตะวันออก,181,3418
2026-01-16,TK-A-001,ภาคเหนือ,155,2552
2026-01-16,TK-A-001,ภาคใต้,174,3485
2026-01-16,GL-B-014,กรุงเทพฯ,1585,26738
2026-01-16,GL-B-014,ภาคกลาง,1290,18710
2026-01-16,GL-B-014,ภาคตะวันออก,807,14522
2026-01-16,GL-B-014,ภาคเหนือ,765,12421
2026-01-16,GL-B-014,ภาคใต้,1060,18928
2026-01-16,MK-C-028,กรุงเทพฯ,1090,21905
2026-01-16,MK-C-028,ภาคกลาง,775,15255
2026-01-16,MK-C-028,ภาคตะวันออก,619,10182
2026-01-16,MK-C-028,ภาคเหนือ,599,9256
2026-01-16,MK-C-028,ภาคใต้,718,10998
2026-01-16,SY-D-039,กรุงเทพฯ,716,14517
2026-01-16,SY-D-039,ภาคกลาง,521,9252
2026-01-16,SY-D-039,ภาคตะวันออก,414,7497
2026-01-16,SY-D-039,ภาคเหนือ,373,6845
2026-01-16,SY-D-039,ภาคใต้,476,8255
2026-01-16,AG-E-052,กรุงเทพฯ,232,4290
2026-01-16,AG-E-052,ภาคกลาง,162,2689
2026-01-16,AG-E-052,ภาคตะวันออก,131,2551
2026-01-16,AG-E-052,ภาคเหนือ,106,2194
2026-01-16,AG-E-052,ภาคใต้,129,2481
2026-01-17,TK-A-001,กรุงเทพฯ,300,4771
2026-01-17,TK-A-001,ภาคกลาง,206,4378
2026-01-17,TK-A-001,ภาคตะวันออก,159,2758
2026-01-17,TK-A-001,ภาคเหนือ,150,2535
2026-01-17,TK-A-001,ภาคใต้,171,3718
2026-01-17,GL-B-014,กรุงเทพฯ,1618,24270
2026-01-17,GL-B-014,ภาคกลาง,1077,24176
2026-01-17,GL-B-014,ภาคตะวันออก,936,16443
2026-01-17,GL-B-014,ภาคเหนือ,719,13064
2026-01-17,GL-B-014,ภาคใต้,940,17550
2026-01-17,MK-C-028,กรุงเทพฯ,1132,18397
2026-01-17,MK-C-028,ภาคกลาง,891,16128
2026-01-17,MK-C-028,ภาคตะวันออก,613,12849
2026-01-17,MK-C-028,ภาคเหนือ,542,10395
2026-01-17,MK-C-028,ภาคใต้,649,14291
2026-01-17,SY-D-039,กรุงเทพฯ,711,12583
2026-01-17,SY-D-039,ภาคกลาง,555,9488
2026-01-17,SY-D-039,ภาคตะวันออก,448,7866
2026-01-17,SY-D-039,ภาคเหนือ,416,7530
2026-01-17,SY-D-039,ภาคใต้,481,9671
2026-01-17,AG-E-052,กรุงเทพฯ,233,4141
2026-01-17,AG-E-052,ภาคกลาง,170,2934
2026-01-17,AG-E-052,ภาคตะวันออก,133,2227
2026-01-17,AG-E-052,ภาคเหนือ,113,2063
2026-01-17,AG-E-052,ภาคใต้,153,2882
2026-01-18,TK-A-001,กรุงเทพฯ,262,4473
2026-01-18,TK-A-001,ภาคกลาง,209,4130
2026-01-18,TK-A-001,ภาคตะวันออก,163,3203
2026-01-18,TK-A-001,ภาคเหนือ,156,2728
2026-01-18,TK-A-001,ภาคใต้,197,3472
2026-01-18,GL-B-014,กรุงเทพฯ,1451,29377
2026-01-18,GL-B-014,ภาคกลาง,1248,23587
2026-01-18,GL-B-014,ภาคตะวันออก,800,15587
2026-01-18,GL-B-014,ภาคเหนือ,843,14544
2026-01-18,GL-B-014,ภาคใต้,952,16154
2026-01-18,MK-C-028,กรุงเทพฯ,993,18175
2026-01-18,MK-C-028,ภาคกลาง,881,15916
2026-01-18,MK-C-028,ภาคตะวันออก,641,12618
2026-01-18,MK-C-028,ภาคเหนือ,580,11783
2026-01-18,MK-C-028,ภาคใต้,775,11653
2026-01-18,SY-D-039,กรุงเทพฯ,728,12369
2026-01-18,SY-D-039,ภาคกลาง,614,10723
2026-01-18,SY-D-039,ภาคตะวันออก,470,7524
2026-01-18,SY-D-039,ภาคเหนือ,350,7625
2026-01-18,SY-D-039,ภาคใต้,447,9673
2026-01-18,AG-E-052,กรุงเทพฯ,219,4209
2026-01-18,AG-E-052,ภาคกลาง,171,3146
2026-01-18,AG-E-052,ภาคตะวันออก,120,2079
2026-01-18,AG-E-052,ภาคเหนือ,120,2059
2026-01-18,AG-E-052,ภาคใต้,154,2899
2026-01-19,TK-A-001,กรุงเทพฯ,268,4637
2026-01-19,TK-A-001,ภาคกลาง,216,4573
2026-01-19,TK-A-001,ภาคตะวันออก,167,2953
2026-01-19,TK-A-001,ภาคเหนือ,151,2817
2026-01-19,TK-A-001,ภาคใต้,189,3223
2026-01-19,GL-B-014,กรุงเทพฯ,1408,28730
2026-01-19,GL-B-014,ภาคกลาง,1294,21709
2026-01-19,GL-B-014,ภาคตะวันออก,814,16632
2026-01-19,GL-B-014,ภาคเหนือ,740,15492
2026-01-19,GL-B-014,ภาคใต้,951,19309
2026-01-19,MK-C-028,กรุงเทพฯ,1003,20375
2026-01-19,MK-C-028,ภาคกลาง,885,17044
2026-01-19,MK-C-028,ภาคตะวันออก,703,12006
2026-01-19,MK-C-028,ภาคเหนือ,627,10638
2026-01-19,MK-C-028,ภาคใต้,692,11434
2026-01-19,SY-D-039,กรุงเทพฯ,745,14065
2026-01-19,SY-D-039,ภาคกลาง,561,11274
2026-01-19,SY-D-039,ภาคตะวันออก,430,7564
2026-01-19,SY-D-039,ภาคเหนือ,395,6749
2026-01-19,SY-D-039,ภาคใต้,493,7948
2026-01-19,AG-E-052,กรุงเทพฯ,218,3886
2026-01-19,AG-E-052,ภาคกลาง,176,2825
2026-01-19,AG-E-052,ภาคตะวันออก,127,2224
2026-01-19,AG-E-052,ภาคเหนือ,116,2110
2026-01-19,AG-E-052,ภาคใต้,140,2676
2026-01-20,TK-A-001,กรุงเทพฯ,300,4580
2026-01-20,TK-A-001,ภาคกลาง,206,4343
2026-01-20,TK-A-001,ภาคตะวันออก,165,3339
2026-01-20,TK-A-001,ภาคเหนือ,141,2613
2026-01-20,TK-A-001,ภาคใต้,199,3275
2026-01-20,GL-B-014,กรุงเทพฯ,1448,29821
2026-01-20,GL-B-014,ภาคกลาง,1209,21615
2026-01-20,GL-B-014,ภาคตะวันออก,967,15735
2026-01-20,GL-B-014,ภาคเหนือ,768,12672
2026-01-20,GL-B-014,ภาคใต้,969,19238
2026-01-20,MK-C-028,กรุงเทพฯ,1036,21888
2026-01-20,MK-C-028,ภาคกลาง,886,15795
2026-01-20,MK-C-028,ภาคตะวันออก,626,10962
2026-01-20,MK-C-028,ภาคเหนือ,531,10608
2026-01-20,MK-C-028,ภาคใต้,718,11188
2026-01-20,SY-D-039,กรุงเทพฯ,678,11121
2026-01-20,SY-D-039,ภาคกลาง,600,11627
2026-01-20,SY-D-039,ภาคตะวันออก,419,7245
2026-01-20,SY-D-039,ภาคเหนือ,417,6352
2026-01-20,SY-D-039,ภาคใต้,493,9159
2026-01-20,AG-E-052,กรุงเทพฯ,194,3651
2026-01-20,AG-E-052,ภาคกลาง,163,2981
2026-01-20,AG-E-052,ภาคตะวันออก,122,2340
2026-01-20,AG-E-052,ภาคเหนือ,120,2106
2026-01-20,AG-E-052,ภาคใต้,150,2554
2026-01-21,TK-A-001,กรุงเทพฯ,295,5497
2026-01-21,TK-A-001,ภาคกลาง,229,3968
2026-01-21,TK-A-001,ภาคตะวันออก,188,2693
2026-01-21,TK-A-001,ภาคเหนือ,165,2911
2026-01-21,TK-A-001,ภาคใต้,176,2971
2026-01-21,GL-B-014,กรุงเทพฯ,1502,28655
2026-01-21,GL-B-014,ภาคกลาง,1173,20658
2026-01-21,GL-B-014,ภาคตะวันออก,869,16381
2026-01-21,GL-B-014,ภาคเหนือ,756,13592
2026-01-21,GL-B-014,ภาคใต้,1059,17993
2026-01-21,MK-C-028,กรุงเทพฯ,1163,19329
2026-01-21,MK-C-028,ภาคกลาง,883,14568
2026-01-21,MK-C-028,ภาคตะวันออก,704,10130
2026-01-21,MK-C-028,ภาคเหนือ,594,9431
2026-01-21,MK-C-028,ภาคใต้,757,14399
2026-01-21,SY-D-039,กรุงเทพฯ,689,11819
2026-01-21,SY-D-039,ภาคกลาง,601,8996
2026-01-21,SY-D-039,ภาคตะวันออก,400,8515
2026-01-21,SY-D-039,ภาคเหนือ,368,6515
2026-01-21,SY-D-039,ภาคใต้,508,9349
2026-01-21,AG-E-052,กรุงเทพฯ,195,3807
2026-01-21,AG-E-052,ภาคกลาง,180,3009
2026-01-21,AG-E-052,ภาคตะวันออก,136,2147
2026-01-21,AG-E-052,ภาคเหนือ,112,2252
2026-01-21,AG-E-052,ภาคใต้,156,2314
2026-01-22,TK-A-001,กรุงเทพฯ,270,5143
2026-01-22,TK-A-001,ภาคกลาง,235,3618
2026-01-22,TK-A-001,ภาคตะวันออก,173,3489
2026-01-22,TK-A-001,ภาคเหนือ,151,2710
2026-01-22,TK-A-001,ภาคใต้,186,3073
2026-01-22,GL-B-014,กรุงเทพฯ,1340,25175
2026-01-22,GL-B-014,ภาคกลาง,1134,21488
2026-01-22,GL-B-014,ภาคตะวันออก,858,14097
2026-01-22,GL-B-014,ภาคเหนือ,737,12982
2026-01-22,GL-B-014,ภาคใต้,1079,17079
2026-01-22,MK-C-028,กรุงเทพฯ,1160,21583
2026-01-22,MK-C-028,ภาคกลาง,850,15435
2026-01-22,MK-C-028,ภาคตะวันออก,630,12863
2026-01-22,MK-C-028,ภาคเหนือ,618,9905
2026-01-22,MK-C-028,ภาคใต้,651,13463
2026-01-22,SY-D-039,กรุงเทพฯ,772,12660
2026-01-22,SY-D-039,ภาคกลาง,520,10307
2026-01-22,SY-D-039,ภาคตะวันออก,398,8001
2026-01-22,SY-D-039,ภาคเหนือ,399,7102
2026-01-22,SY-D-039,ภาคใต้,461,9670
2026-01-22,AG-E-052,กรุงเทพฯ,200,4378
2026-01-22,AG-E-052,ภาคกลาง,171,3518
2026-01-22,AG-E-052,ภาคตะวันออก,131,2556
2026-01-22,AG-E-052,ภาคเหนือ,110,2080
2026-01-22,AG-E-052,ภาคใต้,137,2922
2026-01-23,TK-A-001,กรุงเทพฯ,300,5823
2026-01-23,TK-A-001,ภาคกลาง,252,3603
2026-01-23,TK-A-001,ภาคตะวันออก,175,3392
2026-01-23,TK-A-001,ภาคเหนือ,148,2355
2026-01-23,TK-A-001,ภาคใต้,195,3656
2026-01-23,GL-B-014,กรุงเทพฯ,1440,26437
2026-01-23,GL-B-014,ภาคกลาง,1271,20638
2026-01-23,GL-B-014,ภาคตะวันออก,853,16277
2026-01-23,GL-B-014,ภาคเหนือ,747,15943
2026-01-23,GL-B-014,ภาคใต้,974,18454
2026-01-23,MK-C-028,กรุงเทพฯ,1179,21358
2026-01-23,MK-C-028,ภาคกลาง,820,14546
2026-01-23,MK-C-028,ภาคตะวันออก,594,10334
2026-01-23,MK-C-028,ภาคเหนือ,606,11693
2026-01-23,MK-C-028,ภาคใต้,753,12957
2026-01-23,SY-D-039,กรุงเทพฯ,661,11231
2026-01-23,SY-D-039,ภาคกลาง,626,10095
2026-01-23,SY-D-039,ภาคตะวันออก,397,7252
2026-01-23,SY-D-039,ภาคเหนือ,384,5897
2026-01-23,SY-D-039,ภาคใต้,499,9542
2026-01-23,AG-E-052,กรุงเทพฯ,222,3804
2026-01-23,AG-E-052,ภาคกลาง,187,3543
2026-01-23,AG-E-052,ภาคตะวันออก,139,2434
2026-01-23,AG-E-052,ภาคเหนือ,122,1904
2026-01-23,AG-E-052,ภาคใต้,136,2572
2026-01-24,TK-A-001,กรุงเทพฯ,315,4502
2026-01-24,TK-A-001,ภาคกลาง,234,4204
2026-01-24,TK-A-001,ภาคตะวันออก,166,3558
2026-01-24,TK-A-001,ภาคเหนือ,168,2641
2026-01-24,TK-A-001,ภาคใต้,174,3915
2026-01-24,GL-B-014,กรุงเทพฯ,1383,28165
2026-01-24,GL-B-014,ภาคกลาง,1121,19361
2026-01-24,GL-B-014,ภาคตะวันออก,883,13610
2026-01-24,GL-B-014,ภาคเหนือ,780,13328
2026-01-24,GL-B-014,ภาคใต้,892,18618
2026-01-24,MK-C-028,กรุงเทพฯ,1001,19183
2026-01-24,MK-C-028,ภาคกลาง,919,17541
2026-01-24,MK-C-028,ภาคตะวันออก,586,10586
2026-01-24,MK-C-028,ภาคเหนือ,554,9853
2026-01-24,MK-C-028,ภาคใต้,695,13653
2026-01-24,SY-D-039,กรุงเทพฯ,653,13308
2026-01-24,SY-D-039,ภาคกลาง,616,11461
2026-01-24,SY-D-039,ภาคตะวันออก,395,7351
2026-01-24,SY-D-039,ภาคเหนือ,369,7679
2026-01-24,SY-D-039,ภาคใต้,443,8264
2026-01-24,AG-E-052,กรุงเทพฯ,202,3665
2026-01-24,AG-E-052,ภาคกลาง,162,2743
2026-01-24,AG-E-052,ภาคตะวันออก,117,2321
2026-01-24,AG-E-052,ภาคเหนือ,117,2055
2026-01-24,AG-E-052,ภาคใต้,136,2705
2026-01-25,TK-A-001,กรุงเทพฯ,295,4730
2026-01-25,TK-A-001,ภาคกลาง,233,4719
2026-01-25,TK-A-001,ภาคตะวันออก,188,3359
2026-01-25,TK-A-001,ภาคเหนือ,155,2752
2026-01-25,TK-A-001,ภาคใต้,198,2930
2026-01-25,GL-B-014,กรุงเทพฯ,1480,27802
2026-01-25,GL-B-014,ภาคกลาง,1304,19330
2026-01-25,GL-B-014,ภาคตะวันออก,925,17271
2026-01-25,GL-B-014,ภาคเหนือ,736,13764
2026-01-25,GL-B-014,ภาคใต้,1029,19933
2026-01-25,MK-C-028,กรุงเทพฯ,1102,16898
2026-01-25,MK-C-028,ภาคกลาง,894,16923
2026-01-25,MK-C-028,ภาคตะวันออก,685,11068
2026-01-25,MK-C-028,ภาคเหนือ,614,11113
2026-01-25,MK-C-028,ภาคใต้,688,12587
2026-01-25,SY-D-039,กรุงเทพฯ,647,14141
2026-01-25,SY-D-039,ภาคกลาง,601,9288
2026-01-25,SY-D-039,ภาคตะวันออก,414,7972
2026-01-25,SY-D-039,ภาคเหนือ,405,7363
2026-01-25,SY-D-039,ภาคใต้,435,8717
2026-01-25,AG-E-052,กรุงเทพฯ,229,4027
2026-01-25,AG-E-052,ภาคกลาง,181,2990
2026-01-25,AG-E-052,ภาคตะวันออก,141,2583
2026-01-25,AG-E-052,ภาคเหนือ,109,1964
2026-01-25,AG-E-052,ภาคใต้,136,2906
2026-01-26,TK-A-001,กรุงเทพฯ,272,4474
2026-01-26,TK-A-001,ภาคกลาง,230,4272
2026-01-26,TK-A-001,ภาคตะวันออก,178,3111
2026-01-26,TK-A-001,ภาคเหนือ,144,2621
2026-01-26,TK-A-001,ภาคใต้,206,3238
2026-01-26,GL-B-014,กรุงเทพฯ,1596,23002
2026-01-26,GL-B-014,ภาคกลาง,1134,18178
2026-01-26,GL-B-014,ภาคตะวันออก,868,17947
2026-01-26,GL-B-014,ภาคเหนือ,734,14843
2026-01-26,GL-B-014,ภาคใต้,933,19282
2026-01-26,MK-C-028,กรุงเทพฯ,1113,18529
2026-01-26,MK-C-028,ภาคกลาง,915,16407
2026-01-26,MK-C-028,ภาคตะวันออก,651,12694
2026-01-26,MK-C-028,ภาคเหนือ,558,8812
2026-01-26,MK-C-028,ภาคใต้,702,14839
2026-01-26,SY-D-039,กรุงเทพฯ,736,11167
2026-01-26,SY-D-039,ภาคกลาง,529,10111
2026-01-26,SY-D-039,ภาคตะวันออก,464,7304
2026-01-26,SY-D-039,ภาคเหนือ,410,7632
2026-01-26,SY-D-039,ภาคใต้,514,8710
2026-01-26,AG-E-052,กรุงเทพฯ,203,3361
2026-01-26,AG-E-052,ภาคกลาง,165,2910
2026-01-26,AG-E-052,ภาคตะวันออก,137,2178
2026-01-26,AG-E-052,ภาคเหนือ,113,2247
2026-01-26,AG-E-052,ภาคใต้,134,2570
2026-01-27,TK-A-001,กรุงเทพฯ,262,4554
2026-01-27,TK-A-001,ภาคกลาง,218,3853
2026-01-27,TK-A-001,ภาคตะวันออก,157,2732
2026-01-27,TK-A-001,ภาคเหนือ,142,2648
2026-01-27,TK-A-001,ภาคใต้,176,3594
2026-01-27,GL-B-014,กรุงเทพฯ,1394,30529
2026-01-27,GL-B-014,ภาคกลาง,1127,23737
2026-01-27,GL-B-014,ภาคตะวันออก,960,14557
2026-01-27,GL-B-014,ภาคเหนือ,850,15107
2026-01-27,GL-B-014,ภาคใต้,1020,18382
2026-01-27,MK-C-028,กรุงเทพฯ,1087,21341
2026-01-27,MK-C-028,ภาคกลาง,922,15630
2026-01-27,MK-C-028,ภาคตะวันออก,700,12808
2026-01-27,MK-C-028,ภาคเหนือ,563,10569
2026-01-27,MK-C-028,ภาคใต้,723,11554
2026-01-27,SY-D-039,กรุงเทพฯ,778,13229
2026-01-27,SY-D-039,ภาคกลาง,537,9075
2026-01-27,SY-D-039,ภาคตะวันออก,409,8836
2026-01-27,SY-D-039,ภาคเหนือ,355,6311
2026-01-27,SY-D-039,ภาคใต้,502,7597
2026-01-27,AG-E-052,กรุงเทพฯ,219,3903
2026-01-27,AG-E-052,ภาคกลาง,184,2953
2026-01-27,AG-E-052,ภาคตะวันออก,139,2271
2026-01-27,AG-E-052,ภาคเหนือ,116,2127
2026-01-27,AG-E-052,ภาคใต้,145,2607
2026-01-28,TK-A-001,กรุงเทพฯ,264,5698
2026-01-28,TK-A-001,ภาคกลาง,218,4226
2026-01-28,TK-A-001,ภาคตะวันออก,178,3366
2026-01-28,TK-A-001,ภาคเหนือ,160,2355
2026-01-28,TK-A-001,ภาคใต้,177,3536
2026-01-28,GL-B-014,กรุงเทพฯ,1355,24613
2026-01-28,GL-B-014,ภาคกลาง,1143,21133
2026-01-28,GL-B-014,ภาคตะวันออก,882,15248
2026-01-28,GL-B-014,ภาคเหนือ,832,13950
2026-01-28,GL-B-014,ภาคใต้,1087,19759
2026-01-28,MK-C-028,กรุงเทพฯ,1056,20192
2026-01-28,MK-C-028,ภาคกลาง,910,13659
2026-01-28,MK-C-028,ภาคตะวันออก,664,13315
2026-01-28,MK-C-028,ภาคเหนือ,524,10959
2026-01-28,MK-C-028,ภาคใต้,713,14703
2026-01-28,SY-D-039,กรุงเทพฯ,662,13827
2026-01-28,SY-D-039,ภาคกลาง,613,11776
2026-01-28,SY-D-039,ภาคตะวันออก,410,7843
2026-01-28,SY-D-039,ภาคเหนือ,374,6853
2026-01-28,SY-D-039,ภาคใต้,444,9595
2026-01-28,AG-E-052,กรุงเทพฯ,198,4318
2026-01-28,AG-E-052,ภาคกลาง,161,2899
2026-01-28,AG-E-052,ภาคตะวันออก,133,2497
2026-01-28,AG-E-052,ภาคเหนือ,121,2148
2026-01-28,AG-E-052,ภาคใต้,144,2966
2026-01-29,TK-A-001,กรุงเทพฯ,303,4875
2026-01-29,TK-A-001,ภาคกลาง,211,3709
2026-01-29,TK-A-001,ภาคตะวันออก,160,3137
2026-01-29,TK-A-001,ภาคเหนือ,140,2855
2026-01-29,TK-A-001,ภาคใต้,175,3602
2026-01-29,GL-B-014,กรุงเทพฯ,1443,28154
2026-01-29,GL-B-014,ภาคกลาง,1225,21086
2026-01-29,GL-B-014,ภาคตะวันออก,838,17085
2026-01-29,GL-B-014,ภาคเหนือ,731,16323
2026-01-29,GL-B-014,ภาคใต้,1032,19708
2026-01-29,MK-C-028,กรุงเทพฯ,1002,17585
2026-01-29,MK-C-028,ภาคกลาง,877,17079
2026-01-29,MK-C-028,ภาคตะวันออก,686,11476
2026-01-29,MK-C-028,ภาคเหนือ,586,9152
2026-01-29,MK-C-028,ภาคใต้,654,14725
2026-01-29,SY-D-039,กรุงเทพฯ,782,12160
2026-01-29,SY-D-039,ภาคกลาง,618,9643
2026-01-29,SY-D-039,ภาคตะวันออก,445,7595
2026-01-29,SY-D-039,ภาคเหนือ,394,7275
2026-01-29,SY-D-039,ภาคใต้,499,9376
2026-01-29,AG-E-052,กรุงเทพฯ,235,3492
2026-01-29,AG-E-052,ภาคกลาง,168,2857
2026-01-29,AG-E-052,ภาคตะวันออก,126,2007
2026-01-29,AG-E-052,ภาคเหนือ,107,1865
2026-01-29,AG-E-052,ภาคใต้,147,2670
2026-01-30,TK-A-001,กรุงเทพฯ,269,5506
2026-01-30,TK-A-001,ภาคกลาง,218,4025
2026-01-30,TK-A-001,ภาคตะวันออก,157,3262
2026-01-30,TK-A-001,ภาคเหนือ,157,3075
2026-01-30,TK-A-001,ภาคใต้,183,3289
2026-01-30,GL-B-014,กรุงเทพฯ,1399,27030
2026-01-30,GL-B-014,ภาคกลาง,1075,20377
2026-01-30,GL-B-014,ภาคตะวันออก,806,18170
2026-01-30,GL-B-014,ภาคเหนือ,849,15605
2026-01-30,GL-B-014,ภาคใต้,1044,15715
2026-01-30,MK-C-028,กรุงเทพฯ,1042,21655
2026-01-30,MK-C-028,ภาคกลาง,869,13719
2026-01-30,MK-C-028,ภาคตะวันออก,587,10561
2026-01-30,MK-C-028,ภาคเหนือ,567,8941
2026-01-30,MK-C-028,ภาคใต้,682,13794
2026-01-30,SY-D-039,กรุงเทพฯ,771,13201
2026-01-30,SY-D-039,ภาคกลาง,544,10184
2026-01-30,SY-D-039,ภาคตะวันออก,421,8217
2026-01-30,SY-D-039,ภาคเหนือ,347,6728
2026-01-30,SY-D-039,ภาคใต้,440,8985
2026-01-30,AG-E-052,กรุงเทพฯ,200,3621
2026-01-30,AG-E-052,ภาคกลาง,162,3342
2026-01-30,AG-E-052,ภาคตะวันออก,128,2274
2026-01-30,AG-E-052,ภาคเหนือ,107,2343
2026-01-30,AG-E-052,ภาคใต้,138,2381
2026-01-31,TK-A-001,กรุงเทพฯ,290,4509
2026-01-31,TK-A-001,ภาคกลาง,245,3645
2026-01-31,TK-A-001,ภาคตะวันออก,170,2910
2026-01-31,TK-A-001,ภาคเหนือ,147,2493
2026-01-31,TK-A-001,ภาคใต้,174,3164
2026-01-31,GL-B-014,กรุงเทพฯ,1559,23422
2026-01-31,GL-B-014,ภาคกลาง,1112,21199
2026-01-31,GL-B-014,ภาคตะวันออก,836,13754
2026-01-31,GL-B-014,ภาคเหนือ,731,16073
2026-01-31,GL-B-014,ภาคใต้,937,20246
2026-01-31,MK-C-028,กรุงเทพฯ,1063,20967
2026-01-31,MK-C-028,ภาคกลาง,785,17110
2026-01-31,MK-C-028,ภาคตะวันออก,705,10669
2026-01-31,MK-C-028,ภาคเหนือ,571,9358
2026-01-31,MK-C-028,ภาคใต้,721,12363
2026-01-31,SY-D-039,กรุงเทพฯ,726,11770
2026-01-31,SY-D-039,ภาคกลาง,571,10491
2026-01-31,SY-D-039,ภาคตะวันออก,404,7693
2026-01-31,SY-D-039,ภาคเหนือ,416,6812
2026-01-31,SY-D-039,ภาคใต้,470,9682
2026-01-31,AG-E-052,กรุงเทพฯ,211,3912
2026-01-31,AG-E-052,ภาคกลาง,173,2938
2026-01-31,AG-E-052,ภาคตะวันออก,121,2239
2026-01-31,AG-E-052,ภาคเหนือ,110,2376
2026-01-31,AG-E-052,ภาคใต้,143,2708
2026-02-01,TK-A-001,กรุงเทพฯ,289,5901
2026-02-01,TK-A-001,ภาคกลาง,236,3826
2026-02-01,TK-A-001,ภาคตะวันออก,165,2668
2026-02-01,TK-A-001,ภาคเหนือ,152,2965
2026-02-01,TK-A-001,ภาคใต้,176,3536
2026-02-01,GL-B-014,กรุงเทพฯ,1507,28488
2026-02-01,GL-B-014,ภาคกลาง,1304,23282
2026-02-01,GL-B-014,ภาคตะวันออก,906,14604
2026-02-01,GL-B-014,ภาคเหนือ,808,15778
2026-02-01,GL-B-014,ภาคใต้,931,16909
2026-02-01,MK-C-028,กรุงเทพฯ,993,17513
2026-02-01,MK-C-028,ภาคกลาง,907,13740
2026-02-01,MK-C-028,ภาคตะวันออก,593,12715
2026-02-01,MK-C-028,ภาคเหนือ,598,11252
2026-02-01,MK-C-028,ภาคใต้,733,12823
2026-02-01,SY-D-039,กรุงเทพฯ,785,11656
2026-02-01,SY-D-039,ภาคกลาง,617,11851
2026-02-01,SY-D-039,ภาคตะวันออก,424,6638
2026-02-01,SY-D-039,ภาคเหนือ,379,7803
2026-02-01,SY-D-039,ภาคใต้,497,8200
2026-02-01,AG-E-052,กรุงเทพฯ,231,4370
2026-02-01,AG-E-052,ภาคกลาง,158,2658
2026-02-01,AG-E-052,ภาคตะวันออก,140,2452
2026-02-01,AG-E-052,ภาคเหนือ,114,2015
2026-02-01,AG-E-052,ภาคใต้,140,2927
2026-02-02,TK-A-001,กรุงเทพฯ,265,5284
2026-02-02,TK-A-001,ภาคกลาง,229,4577
2026-02-02,TK-A-001,ภาคตะวันออก,167,2973
2026-02-02,TK-A-001,ภาคเหนือ,156,2549
2026-02-02,TK-A-001,ภาคใต้,208,3646
2026-02-02,GL-B-014,กรุงเทพฯ,1387,24033
2026-02-02,GL-B-014,ภาคกลาง,1232,21025
2026-02-02,GL-B-014,ภาคตะวันออก,875,15346
2026-02-02,GL-B-014,ภาคเหนือ,765,16302
2026-02-02,GL-B-014,ภาคใต้,1012,18953
2026-02-02,MK-C-028,กรุงเทพฯ,1112,17719
2026-02-02,MK-C-028,ภาคกลาง,952,16992
2026-02-02,MK-C-028,ภาคตะวันออก,592,12386
2026-02-02,MK-C-028,ภาคเหนือ,582,9079
2026-02-02,MK-C-028,ภาคใต้,666,11993
2026-02-02,SY-D-039,กรุงเทพฯ,787,11917
2026-02-02,SY-D-039,ภาคกลาง,554,11271
2026-02-02,SY-D-039,ภาคตะวันออก,475,8643
2026-02-02,SY-D-039,ภาคเหนือ,377,7552
2026-02-02,SY-D-039,ภาคใต้,512,9080
2026-02-02,AG-E-052,กรุงเทพฯ,203,3864
2026-02-02,AG-E-052,ภาคกลาง,185,2964
2026-02-02,AG-E-052,ภาคตะวันออก,121,2083
2026-02-02,AG-E-052,ภาคเหนือ,113,1923
2026-02-02,AG-E-052,ภาคใต้,148,2945
2026-02-03,TK-A-001,กรุงเทพฯ,270,5319
2026-02-03,TK-A-001,ภาคกลาง,225,4498
2026-02-03,TK-A-001,ภาคตะวันออก,170,2840
2026-02-03,TK-A-001,ภาคเหนือ,163,2912
2026-02-03,TK-A-001,ภาคใต้,210,3824
2026-02-03,GL-B-014,กรุงเทพฯ,1401,26881
2026-02-03,GL-B-014,ภาคกลาง,1297,18826
2026-02-03,GL-B-014,ภาคตะวันออก,841,16443
2026-02-03,GL-B-014,ภาคเหนือ,802,13336
2026-02-03,GL-B-014,ภาคใต้,945,16513
2026-02-03,MK-C-028,กรุงเทพฯ,1028,19187
2026-02-03,MK-C-028,ภาคกลาง,824,13458
2026-02-03,MK-C-028,ภาคตะวันออก,644,13007
2026-02-03,MK-C-028,ภาคเหนือ,586,10898
2026-02-03,MK-C-028,ภาคใต้,687,13790
2026-02-03,SY-D-039,กรุงเทพฯ,704,14002
2026-02-03,SY-D-039,ภาคกลาง,633,11581
2026-02-03,SY-D-039,ภาคตะวันออก,465,8184
2026-02-03,SY-D-039,ภาคเหนือ,391,6698
2026-02-03,SY-D-039,ภาคใต้,517,8053
2026-02-03,AG-E-052,กรุงเทพฯ,201,3730
2026-02-03,AG-E-052,ภาคกลาง,183,3268
2026-02-03,AG-E-052,ภาคตะวันออก,118,2468
2026-02-03,AG-E-052,ภาคเหนือ,127,2040
2026-02-03,AG-E-052,ภาคใต้,141,2334
2026-02-04,TK-A-001,กรุงเทพฯ,269,5417
2026-02-04,TK-A-001,ภาคกลาง,251,3887
2026-02-04,TK-A-001,ภาคตะวันออก,191,3320
2026-02-04,TK-A-001,ภาคเหนือ,159,2523
2026-02-04,TK-A-001,ภาคใต้,191,3040
2026-02-04,GL-B-014,กรุงเทพฯ,1507,27179
2026-02-04,GL-B-014,ภาคกลาง,1169,19236
2026-02-04,GL-B-014,ภาคตะวันออก,848,18532
2026-02-04,GL-B-014,ภาคเหนือ,750,15209
2026-02-04,GL-B-014,ภาคใต้,1026,20421
2026-02-04,MK-C-028,กรุงเทพฯ,989,18304
2026-02-04,MK-C-028,ภาคกลาง,948,16032
2026-02-04,MK-C-028,ภาคตะวันออก,647,13111
2026-02-04,MK-C-028,ภาคเหนือ,538,8889
2026-02-04,MK-C-028,ภาคใต้,736,14447
2026-02-04,SY-D-039,กรุงเทพฯ,674,13851
2026-02-04,SY-D-039,ภาคกลาง,569,9366
2026-02-04,SY-D-039,ภาคตะวันออก,439,7054
2026-02-04,SY-D-039,ภาคเหนือ,395,6436
2026-02-04,SY-D-039,ภาคใต้,530,8215
2026-02-04,AG-E-052,กรุงเทพฯ,237,3562
2026-02-04,AG-E-052,ภาคกลาง,189,3043
2026-02-04,AG-E-052,ภาคตะวันออก,123,2568
2026-02-04,AG-E-052,ภาคเหนือ,116,2019
2026-02-04,AG-E-052,ภาคใต้,143,2923
2026-02-05,TK-A-001,กรุงเทพฯ,285,5782
2026-02-05,TK-A-001,ภาคกลาง,230,3554
2026-02-05,TK-A-001,ภาคตะวันออก,162,2750
2026-02-05,TK-A-001,ภาคเหนือ,152,2458
2026-02-05,TK-A-001,ภาคใต้,184,3897
2026-02-05,GL-B-014,กรุงเทพฯ,1568,25246
2026-02-05,GL-B-014,ภาคกลาง,1298,19581
2026-02-05,GL-B-014,ภาคตะวันออก,874,14727
2026-02-05,GL-B-014,ภาคเหนือ,803,14329
2026-02-05,GL-B-014,ภาคใต้,1018,20175
2026-02-05,MK-C-028,กรุงเทพฯ,1183,21553
2026-02-05,MK-C-028,ภาคกลาง,906,15690
2026-02-05,MK-C-028,ภาคตะวันออก,623,12891
2026-02-05,MK-C-028,ภาคเหนือ,553,10226
2026-02-05,MK-C-028,ภาคใต้,773,13569
2026-02-05,SY-D-039,กรุงเทพฯ,748,13110
2026-02-05,SY-D-039,ภาคกลาง,558,9975
2026-02-05,SY-D-039,ภาคตะวันออก,427,6927
2026-02-05,SY-D-039,ภาคเหนือ,380,5942
2026-02-05,SY-D-039,ภาคใต้,458,9728
2026-02-05,AG-E-052,กรุงเทพฯ,219,3348
2026-02-05,AG-E-052,ภาคกลาง,188,2748
2026-02-05,AG-E-052,ภาคตะวันออก,120,2658
2026-02-05,AG-E-052,ภาคเหนือ,112,1984
2026-02-05,AG-E-052,ภาคใต้,155,2919
2026-02-06,TK-A-001,กรุงเทพฯ,300,5005
2026-02-06,TK-A-001,ภาคกลาง,248,4710
2026-02-06,TK-A-001,ภาคตะวันออก,187,2845
2026-02-06,TK-A-001,ภาคเหนือ,156,2456
2026-02-06,TK-A-001,ภาคใต้,197,3588
2026-02-06,GL-B-014,กรุงเทพฯ,1518,25675
2026-02-06,GL-B-014,ภาคกลาง,1309,24575
2026-02-06,GL-B-014,ภาคตะวันออก,881,13874
2026-02-06,GL-B-014,ภาคเหนือ,807,15623
2026-02-06,GL-B-014,ภาคใต้,949,15556
2026-02-06,MK-C-028,กรุงเทพฯ,1007,19862
2026-02-06,MK-C-028,ภาคกลาง,829,17253
2026-02-06,MK-C-028,ภาคตะวันออก,630,12143
2026-02-06,MK-C-028,ภาคเหนือ,585,10041
2026-02-06,MK-C-028,ภาคใต้,755,12454
2026-02-06,SY-D-039,กรุงเทพฯ,668,12672
2026-02-06,SY-D-039,ภาคกลาง,616,11217
2026-02-06,SY-D-039,ภาคตะวันออก,473,7425
2026-02-06,SY-D-039,ภาคเหนือ,358,6243
2026-02-06,SY-D-039,ภาคใต้,513,8420
2026-02-06,AG-E-052,กรุงเทพฯ,200,4373
2026-02-06,AG-E-052,ภาคกลาง,173,2863
2026-02-06,AG-E-052,ภาคตะวันออก,129,2618
2026-02-06,AG-E-052,ภาคเหนือ,114,2270
2026-02-06,AG-E-052,ภาคใต้,152,2712
2026-02-07,TK-A-001,กรุงเทพฯ,267,5209
2026-02-07,TK-A-001,ภาคกลาง,244,3636
2026-02-07,TK-A-001,ภาคตะวันออก,187,3303
2026-02-07,TK-A-001,ภาคเหนือ,140,2485
2026-02-07,TK-A-001,ภาคใต้,191,3983
2026-02-07,GL-B-014,กรุงเทพฯ,1593,24765
2026-02-07,GL-B-014,ภาคกลาง,1230,20544
2026-02-07,GL-B-014,ภาคตะวันออก,862,16967
2026-02-07,GL-B-014,ภาคเหนือ,774,13829
2026-02-07,GL-B-014,ภาคใต้,1029,15285
2026-02-07,MK-C-028,กรุงเทพฯ,1059,20557
2026-02-07,MK-C-028,ภาคกลาง,852,17132
2026-02-07,MK-C-028,ภาคตะวันออก,683,10136
2026-02-07,MK-C-028,ภาคเหนือ,551,9228
2026-02-07,MK-C-028,ภาคใต้,746,14633
2026-02-07,SY-D-039,กรุงเทพฯ,671,13896
2026-02-07,SY-D-039,ภาคกลาง,554,9516
2026-02-07,SY-D-039,ภาคตะวันออก,418,7017
2026-02-07,SY-D-039,ภาคเหนือ,421,7338
2026-02-07,SY-D-039,ภาคใต้,508,9791
2026-02-07,AG-E-052,กรุงเทพฯ,214,3725
2026-02-07,AG-E-052,ภาคกลาง,159,2814
2026-02-07,AG-E-052,ภาคตะวันออก,126,2254
2026-02-07,AG-E-052,ภาคเหนือ,119,1864
2026-02-07,AG-E-052,ภาคใต้,132,2968
2026-02-08,TK-A-001,กรุงเทพฯ,269,4479
2026-02-08,TK-A-001,ภาคกลาง,237,4468
2026-02-08,TK-A-001,ภาคตะวันออก,189,3453
2026-02-08,TK-A-001,ภาคเหนือ,167,2941
2026-02-08,TK-A-001,ภาคใต้,194,3686
2026-02-08,GL-B-014,กรุงเทพฯ,1391,30506
2026-02-08,GL-B-014,ภาคกลาง,1107,21990
2026-02-08,GL-B-014,ภาคตะวันออก,810,16831
2026-02-08,GL-B-014,ภาคเหนือ,799,13155
2026-02-08,GL-B-014,ภาคใต้,937,19668
2026-02-08,MK-C-028,กรุงเทพฯ,993,17488
2026-02-08,MK-C-028,ภาคกลาง,861,13769
2026-02-08,MK-C-028,ภาคตะวันออก,697,11916
2026-02-08,MK-C-028,ภาคเหนือ,609,10352
2026-02-08,MK-C-028,ภาคใต้,749,13800
2026-02-08,SY-D-039,กรุงเทพฯ,658,13347
2026-02-08,SY-D-039,ภาคกลาง,615,9630
2026-02-08,SY-D-039,ภาคตะวันออก,395,7174
2026-02-08,SY-D-039,ภาคเหนือ,411,6740
2026-02-08,SY-D-039,ภาคใต้,519,7618
2026-02-08,AG-E-052,กรุงเทพฯ,212,4359
2026-02-08,AG-E-052,ภาคกลาง,174,3403
2026-02-08,AG-E-052,ภาคตะวันออก,128,2099
2026-02-08,AG-E-052,ภาคเหนือ,113,2274
2026-02-08,AG-E-052,ภาคใต้,146,2498
2026-02-09,TK-A-001,กรุงเทพฯ,288,5802
2026-02-09,TK-A-001,ภาคกลาง,221,4763
2026-02-09,TK-A-001,ภาคตะวันออก,189,3589
2026-02-09,TK-A-001,ภาคเหนือ,157,3189
2026-02-09,TK-A-001,ภาคใต้,178,3976
2026-02-09,GL-B-014,กรุงเทพฯ,1470,25021
2026-02-09,GL-B-014,ภาคกลาง,1088,20173
2026-02-09,GL-B-014,ภาคตะวันออก,878,15500
2026-02-09,GL-B-014,ภาคเหนือ,776,14803
2026-02-09,GL-B-014,ภาคใต้,908,19897
2026-02-09,MK-C-028,กรุงเทพฯ,984,18158
2026-02-09,MK-C-028,ภาคกลาง,790,13822
2026-02-09,MK-C-028,ภาคตะวันออก,592,12433
2026-02-09,MK-C-028,ภาคเหนือ,625,11667
2026-02-09,MK-C-028,ภาคใต้,709,12266
2026-02-09,SY-D-039,กรุงเทพฯ,680,12644
2026-02-09,SY-D-039,ภาคกลาง,609,10375
2026-02-09,SY-D-039,ภาคตะวันออก,427,7804
2026-02-09,SY-D-039,ภาคเหนือ,399,7607
2026-02-09,SY-D-039,ภาคใต้,500,8087
2026-02-09,AG-E-052,กรุงเทพฯ,206,3934
2026-02-09,AG-E-052,ภาคกลาง,163,2894
2026-02-09,AG-E-052,ภาคตะวันออก,137,2502
2026-02-09,AG-E-052,ภาคเหนือ,107,2270
2026-02-09,AG-E-052,ภาคใต้,141,2333
2026-02-10,TK-A-001,กรุงเทพฯ,278,5298
2026-02-10,TK-A-001,ภาคกลาง,212,3928
2026-02-10,TK-A-001,ภาคตะวันออก,180,2699
2026-02-10,TK-A-001,ภาคเหนือ,159,2545
2026-02-10,TK-A-001,ภาคใต้,206,3670
2026-02-10,GL-B-014,กรุงเทพฯ,1629,25498
2026-02-10,GL-B-014,ภาคกลาง,1246,23819
2026-02-10,GL-B-014,ภาคตะวันออก,845,14217
2026-02-10,GL-B-014,ภาคเหนือ,775,15548
2026-02-10,GL-B-014,ภาคใต้,1054,17753
2026-02-10,MK-C-028,กรุงเทพฯ,1113,18995
2026-02-10,MK-C-028,ภาคกลาง,894,13661
2026-02-10,MK-C-028,ภาคตะวันออก,665,11798
2026-02-10,MK-C-028,ภาคเหนือ,613,9187
2026-02-10,MK-C-028,ภาคใต้,769,13657
2026-02-10,SY-D-039,กรุงเทพฯ,658,14980
2026-02-10,SY-D-039,ภาคกลาง,527,11253
2026-02-10,SY-D-039,ภาคตะวันออก,402,7565
2026-02-10,SY-D-039,ภาคเหนือ,387,7010
2026-02-10,SY-D-039,ภาคใต้,515,7992
2026-02-10,AG-E-052,กรุงเทพฯ,224,4324
2026-02-10,AG-E-052,ภาคกลาง,184,3232
2026-02-10,AG-E-052,ภาคตะวันออก,139,2647
2026-02-10,AG-E-052,ภาคเหนือ,106,2400
2026-02-10,AG-E-052,ภาคใต้,150,2855
2026-02-11,TK-A-001,กรุงเทพฯ,311,5835
2026-02-11,TK-A-001,ภาคกลาง,248,4297
2026-02-11,TK-A-001,ภาคตะวันออก,171,3556
2026-02-11,TK-A-001,ภาคเหนือ,155,2677
2026-02-11,TK-A-001,ภาคใต้,196,3193
2026-02-11,GL-B-014,กรุงเทพฯ,1555,29168
2026-02-11,GL-B-014,ภาคกลาง,1190,18834
2026-02-11,GL-B-014,ภาคตะวันออก,902,17272
2026-02-11,GL-B-014,ภาคเหนือ,830,15558
2026-02-11,GL-B-014,ภาคใต้,1045,18649
2026-02-11,MK-C-028,กรุงเทพฯ,1163,22292
2026-02-11,MK-C-028,ภาคกลาง,805,14150
2026-02-11,MK-C-028,ภาคตะวันออก,663,11755
2026-02-11,MK-C-028,ภาคเหนือ,624,10598
2026-02-11,MK-C-028,ภาคใต้,771,12268
2026-02-11,SY-D-039,กรุงเทพฯ,765,13393
2026-02-11,SY-D-039,ภาคกลาง,621,9343
2026-02-11,SY-D-039,ภาคตะวันออก,466,7258
2026-02-11,SY-D-039,ภาคเหนือ,375,7519
2026-02-11,SY-D-039,ภาคใต้,437,8909
2026-02-11,AG-E-052,กรุงเทพฯ,218,3872
2026-02-11,AG-E-052,ภาคกลาง,176,3282
2026-02-11,AG-E-052,ภาคตะวันออก,140,2118
2026-02-11,AG-E-052,ภาคเหนือ,121,2169
2026-02-11,AG-E-052,ภาคใต้,150,2830
2026-02-12,TK-A-001,กรุงเทพฯ,296,5374
2026-02-12,TK-A-001,ภาคกลาง,233,4745
2026-02-12,TK-A-001,ภาคตะวันออก,165,3523
2026-02-12,TK-A-001,ภาคเหนือ,167,3135
2026-02-12,TK-A-001,ภาคใต้,199,3327
2026-02-12,GL-B-014,กรุงเทพฯ,1637,30537
2026-02-12,GL-B-014,ภาคกลาง,1260,24863
2026-02-12,GL-B-014,ภาคตะวันออก,827,15495
2026-02-12,GL-B-014,ภาคเหนือ,738,16557
2026-02-12,GL-B-014,ภาคใต้,1066,17929
2026-02-12,MK-C-028,กรุงเทพฯ,1095,18744
2026-02-12,MK-C-028,ภาคกลาง,924,16939
2026-02-12,MK-C-028,ภาคตะวันออก,688,11925
2026-02-12,MK-C-028,ภาคเหนือ,596,11658
2026-02-12,MK-C-028,ภาคใต้,714,13521
2026-02-12,SY-D-039,กรุงเทพฯ,701,14341
2026-02-12,SY-D-039,ภาคกลาง,564,11724
2026-02-12,SY-D-039,ภาคตะวันออก,417,6819
2026-02-12,SY-D-039,ภาคเหนือ,370,7475
2026-02-12,SY-D-039,ภาคใต้,455,8287
2026-02-12,AG-E-052,กรุงเทพฯ,215,4100
2026-02-12,AG-E-052,ภาคกลาง,164,3300
2026-02-12,AG-E-052,ภาคตะวันออก,131,2657
2026-02-12,AG-E-052,ภาคเหนือ,112,2220
2026-02-12,AG-E-052,ภาคใต้,135,2721
2026-02-13,TK-A-001,กรุงเทพฯ,315,5067
2026-02-13,TK-A-001,ภาคกลาง,241,4020
2026-02-13,TK-A-001,ภาคตะวันออก,179,3299
2026-02-13,TK-A-001,ภาคเหนือ,142,2677
2026-02-13,TK-A-001,ภาคใต้,185,3635
2026-02-13,GL-B-014,กรุงเทพฯ,1395,29333
2026-02-13,GL-B-014,ภาคกลาง,1168,20927
2026-02-13,GL-B-014,ภาคตะวันออก,861,14859
2026-02-13,GL-B-014,ภาคเหนือ,771,14477
2026-02-13,GL-B-014,ภาคใต้,1055,19722
2026-02-13,MK-C-028,กรุงเทพฯ,1154,21624
2026-02-13,MK-C-028,ภาคกลาง,804,15644
2026-02-13,MK-C-028,ภาคตะวันออก,640,10386
2026-02-13,MK-C-028,ภาคเหนือ,610,9502
2026-02-13,MK-C-028,ภาคใต้,748,12987
2026-02-13,SY-D-039,กรุงเทพฯ,726,11874
2026-02-13,SY-D-039,ภาคกลาง,556,9230
2026-02-13,SY-D-039,ภาคตะวันออก,429,8424
2026-02-13,SY-D-039,ภาคเหนือ,350,6509
2026-02-13,SY-D-039,ภาคใต้,524,9367
2026-02-13,AG-E-052,กรุงเทพฯ,217,4163
2026-02-13,AG-E-052,ภาคกลาง,164,2837
2026-02-13,AG-E-052,ภาคตะวันออก,140,2036
2026-02-13,AG-E-052,ภาคเหนือ,120,2040
2026-02-13,AG-E-052,ภาคใต้,140,2867
2026-02-14,TK-A-001,กรุงเทพฯ,291,5598
2026-02-14,TK-A-001,ภาคกลาง,252,3646
2026-02-14,TK-A-001,ภาคตะวันออก,192,3230
2026-02-14,TK-A-001,ภาคเหนือ,156,2929
2026-02-14,TK-A-001,ภาคใต้,208,3562
2026-02-14,GL-B-014,กรุงเทพฯ,1533,23177
2026-02-14,GL-B-014,ภาคกลาง,1245,24169
2026-02-14,GL-B-014,ภาคตะวันออก,859,16547
2026-02-14,GL-B-014,ภาคเหนือ,866,12508
2026-02-14,GL-B-014,ภาคใต้,1080,16824
2026-02-14,MK-C-028,กรุงเทพฯ,996,16843
2026-02-14,MK-C-028,ภาคกลาง,790,14082
2026-02-14,MK-C-028,ภาคตะวันออก,672,12866
2026-02-14,MK-C-028,ภาคเหนือ,548,10277
2026-02-14,MK-C-028,ภาคใต้,763,13333
2026-02-14,SY-D-039,กรุงเทพฯ,762,14425
2026-02-14,SY-D-039,ภาคกลาง,589,10599
2026-02-14,SY-D-039,ภาคตะวันออก,454,7261
2026-02-14,SY-D-039,ภาคเหนือ,425,6776
2026-02-14,SY-D-039,ภาคใต้,502,8954
2026-02-14,AG-E-052,กรุงเทพฯ,198,4257
2026-02-14,AG-E-052,ภาคกลาง,160,3404
2026-02-14,AG-E-052,ภาคตะวันออก,125,2107
2026-02-14,AG-E-052,ภาคเหนือ,124,1803
2026-02-14,AG-E-052,ภาคใต้,148,2489
2026-02-15,TK-A-001,กรุงเทพฯ,265,5920
2026-02-15,TK-A-001,ภาคกลาง,253,3869
2026-02-15,TK-A-001,ภาคตะวันออก,187,3535
2026-02-15,TK-A-001,ภาคเหนือ,148,2893
2026-02-15,TK-A-001,ภาคใต้,187,3262
2026-02-15,GL-B-014,กรุงเทพฯ,1629,30622
2026-02-15,GL-B-014,ภาคกลาง,1224,23333
2026-02-15,GL-B-014,ภาคตะวันออก,861,17470
2026-02-15,GL-B-014,ภาคเหนือ,744,13066
2026-02-15,GL-B-014,ภาคใต้,988,15641
2026-02-15,MK-C-028,กรุงเทพฯ,1016,22362
2026-02-15,MK-C-028,ภาคกลาง,834,15770
2026-02-15,MK-C-028,ภาคตะวันออก,637,10903
2026-02-15,MK-C-028,ภาคเหนือ,618,10798
2026-02-15,MK-C-028,ภาคใต้,741,11613
2026-02-15,SY-D-039,กรุงเทพฯ,682,11376
2026-02-15,SY-D-039,ภาคกลาง,548,9174
2026-02-15,SY-D-039,ภาคตะวันออก,428,7007
2026-02-15,SY-D-039,ภาคเหนือ,352,7451
2026-02-15,SY-D-039,ภาคใต้,509,8788
2026-02-15,AG-E-052,กรุงเทพฯ,215,3780
2026-02-15,AG-E-052,ภาคกลาง,174,2690
2026-02-15,AG-E-052,ภาคตะวันออก,132,2064
2026-02-15,AG-E-052,ภาคเหนือ,110,1983
2026-02-15,AG-E-052,ภาคใต้,135,2427
2026-02-16,TK-A-001,กรุงเทพฯ,276,5083
2026-02-16,TK-A-001,ภาคกลาง,225,4431
2026-02-16,TK-A-001,ภาคตะวันออก,167,3047
2026-02-16,TK-A-001,ภาคเหนือ,145,2400
2026-02-16,TK-A-001,ภาคใต้,211,3053
2026-02-16,GL-B-014,กรุงเทพฯ,1592,29105
2026-02-16,GL-B-014,ภาคกลาง,1249,19536
2026-02-16,GL-B-014,ภาคตะวันออก,986,14583
2026-02-16,GL-B-014,ภาคเหนือ,862,12965
2026-02-16,GL-B-014,ภาคใต้,1067,16151
2026-02-16,MK-C-028,กรุงเทพฯ,1064,18941
2026-02-16,MK-C-028,ภาคกลาง,812,16188
2026-02-16,MK-C-028,ภาคตะวันออก,689,11775
2026-02-16,MK-C-028,ภาคเหนือ,632,11007
2026-02-16,MK-C-028,ภาคใต้,699,13744
2026-02-16,SY-D-039,กรุงเทพฯ,725,12800
2026-02-16,SY-D-039,ภาคกลาง,620,11984
2026-02-16,SY-D-039,ภาคตะวันออก,460,7880
2026-02-16,SY-D-039,ภาคเหนือ,391,5986
2026-02-16,SY-D-039,ภาคใต้,488,9472
2026-02-16,AG-E-052,กรุงเทพฯ,205,4069
2026-02-16,AG-E-052,ภาคกลาง,168,2831
2026-02-16,AG-E-052,ภาคตะวันออก,127,2042
2026-02-16,AG-E-052,ภาคเหนือ,123,1875
2026-02-16,AG-E-052,ภาคใต้,139,2582
2026-02-17,TK-A-001,กรุงเทพฯ,294,5394
2026-02-17,TK-A-001,ภาคกลาง,224,4831
2026-02-17,TK-A-001,ภาคตะวันออก,175,3532
2026-02-17,TK-A-001,ภาคเหนือ,144,2585
2026-02-17,TK-A-001,ภาคใต้,202,3670
2026-02-17,GL-B-014,กรุงเทพฯ,1539,28227
2026-02-17,GL-B-014,ภาคกลาง,1291,19876
2026-02-17,GL-B-014,ภาคตะวันออก,833,14001
2026-02-17,GL-B-014,ภาคเหนือ,744,16537
2026-02-17,GL-B-014,ภาคใต้,966,20405
2026-02-17,MK-C-028,กรุงเทพฯ,1188,18188
2026-02-17,MK-C-028,ภาคกลาง,831,15503
2026-02-17,MK-C-028,ภาคตะวันออก,683,13447
2026-02-17,MK-C-028,ภาคเหนือ,598,10641
2026-02-17,MK-C-028,ภาคใต้,666,13635
2026-02-17,SY-D-039,กรุงเทพฯ,660,14548
2026-02-17,SY-D-039,ภาคกลาง,609,9811
2026-02-17,SY-D-039,ภาคตะวันออก,428,7068
2026-02-17,SY-D-039,ภาคเหนือ,419,6647
2026-02-17,SY-D-039,ภาคใต้,534,8392
2026-02-17,AG-E-052,กรุงเทพฯ,217,4028
2026-02-17,AG-E-052,ภาคกลาง,177,3211
2026-02-17,AG-E-052,ภาคตะวันออก,140,2554
2026-02-17,AG-E-052,ภาคเหนือ,118,2121
2026-02-17,AG-E-052,ภาคใต้,139,2619
2026-02-18,TK-A-001,กรุงเทพฯ,299,5429
2026-02-18,TK-A-001,ภาคกลาง,221,3895
2026-02-18,TK-A-001,ภาคตะวันออก,183,2698
2026-02-18,TK-A-001,ภาคเหนือ,144,2418
2026-02-18,TK-A-001,ภาคใต้,189,3971
2026-02-18,GL-B-014,กรุงเทพฯ,1379,29282
2026-02-18,GL-B-014,ภาคกลาง,1109,24663
2026-02-18,GL-B-014,ภาคตะวันออก,994,15177
2026-02-18,GL-B-014,ภาคเหนือ,779,14791
2026-02-18,GL-B-014,ภาคใต้,933,20769
2026-02-18,MK-C-028,กรุงเทพฯ,1141,17594
2026-02-18,MK-C-028,ภาคกลาง,868,14493
2026-02-18,MK-C-028,ภาคตะวันออก,696,10820
2026-02-18,MK-C-028,ภาคเหนือ,627,11337
2026-02-18,MK-C-028,ภาคใต้,669,11653
2026-02-18,SY-D-039,กรุงเทพฯ,670,12242
2026-02-18,SY-D-039,ภาคกลาง,557,10560
2026-02-18,SY-D-039,ภาคตะวันออก,454,8370
2026-02-18,SY-D-039,ภาคเหนือ,370,8004
2026-02-18,SY-D-039,ภาคใต้,475,9161
2026-02-18,AG-E-052,กรุงเทพฯ,221,4534
2026-02-18,AG-E-052,ภาคกลาง,191,2941
2026-02-18,AG-E-052,ภาคตะวันออก,143,2703
2026-02-18,AG-E-052,ภาคเหนือ,109,2069
2026-02-18,AG-E-052,ภาคใต้,147,2954
2026-02-19,TK-A-001,กรุงเทพฯ,288,4582
2026-02-19,TK-A-001,ภาคกลาง,243,3675
2026-02-19,TK-A-001,ภาคตะวันออก,178,3421
2026-02-19,TK-A-001,ภาคเหนือ,148,3074
2026-02-19,TK-A-001,ภาคใต้,188,3475
2026-02-19,GL-B-014,กรุงเทพฯ,1421,24456
2026-02-19,GL-B-014,ภาคกลาง,1271,20856
2026-02-19,GL-B-014,ภาคตะวันออก,961,14071
2026-02-19,GL-B-014,ภาคเหนือ,874,14828
2026-02-19,GL-B-014,ภาคใต้,1012,16258
2026-02-19,MK-C-028,กรุงเทพฯ,1193,18871
2026-02-19,MK-C-028,ภาคกลาง,884,17732
2026-02-19,MK-C-028,ภาคตะวันออก,692,11777
2026-02-19,MK-C-028,ภาคเหนือ,591,11773
2026-02-19,MK-C-028,ภาคใต้,673,13223
2026-02-19,SY-D-039,กรุงเทพฯ,688,14372
2026-02-19,SY-D-039,ภาคกลาง,566,11597
2026-02-19,SY-D-039,ภาคตะวันออก,429,8761
2026-02-19,SY-D-039,ภาคเหนือ,375,7444
2026-02-19,SY-D-039,ภาคใต้,451,7576
2026-02-19,AG-E-052,กรุงเทพฯ,216,4233
2026-02-19,AG-E-052,ภาคกลาง,189,3368
2026-02-19,AG-E-052,ภาคตะวันออก,131,2469
2026-02-19,AG-E-052,ภาคเหนือ,118,2134
2026-02-19,AG-E-052,ภาคใต้,160,2966
2026-02-20,TK-A-001,กรุงเทพฯ,276,5458
2026-02-20,TK-A-001,ภาคกลาง,252,3639
2026-02-20,TK-A-001,ภาคตะวันออก,189,3001
2026-02-20,TK-A-001,ภาคเหนือ,154,2617
2026-02-20,TK-A-001,ภาคใต้,192,3379
2026-02-20,GL-B-014,กรุงเทพฯ,1643,23323
2026-02-20,GL-B-014,ภาคกลาง,1153,23984
2026-02-20,GL-B-014,ภาคตะวันออก,970,17039
2026-02-20,GL-B-014,ภาคเหนือ,761,14132
2026-02-20,GL-B-014,ภาคใต้,1080,19837
2026-02-20,MK-C-028,กรุงเทพฯ,1181,16970
2026-02-20,MK-C-028,ภาคกลาง,850,13475
2026-02-20,MK-C-028,ภาคตะวันออก,680,12061
2026-02-20,MK-C-028,ภาคเหนือ,607,11520
2026-02-20,MK-C-028,ภาคใต้,742,12501
2026-02-20,SY-D-039,กรุงเทพฯ,695,14695
2026-02-20,SY-D-039,ภาคกลาง,528,10911
2026-02-20,SY-D-039,ภาคตะวันออก,479,8965
2026-02-20,SY-D-039,ภาคเหนือ,385,6749
2026-02-20,SY-D-039,ภาคใต้,517,7758
2026-02-20,AG-E-052,กรุงเทพฯ,222,4282
2026-02-20,AG-E-052,ภาคกลาง,188,3003
2026-02-20,AG-E-052,ภาคตะวันออก,130,2397
2026-02-20,AG-E-052,ภาคเหนือ,113,2367
2026-02-20,AG-E-052,ภาคใต้,150,2887
2026-02-21,TK-A-001,กรุงเทพฯ,264,4862
2026-02-21,TK-A-001,ภาคกลาง,221,4035
2026-02-21,TK-A-001,ภาคตะวันออก,160,2952
2026-02-21,TK-A-001,ภาคเหนือ,157,2511
2026-02-21,TK-A-001,ภาคใต้,210,3414
2026-02-21,GL-B-014,กรุงเทพฯ,1588,28529
2026-02-21,GL-B-014,ภาคกลาง,1228,22936
2026-02-21,GL-B-014,ภาคตะวันออก,933,16871
2026-02-21,GL-B-014,ภาคเหนือ,809,15030
2026-02-21,GL-B-014,ภาคใต้,966,18622
2026-02-21,MK-C-028,กรุงเทพฯ,1116,17090
2026-02-21,MK-C-028,ภาคกลาง,881,14297
2026-02-21,MK-C-028,ภาคตะวันออก,616,12369
2026-02-21,MK-C-028,ภาคเหนือ,555,10195
2026-02-21,MK-C-028,ภาคใต้,733,11756
2026-02-21,SY-D-039,กรุงเทพฯ,677,12778
2026-02-21,SY-D-039,ภาคกลาง,551,10411
2026-02-21,SY-D-039,ภาคตะวันออก,408,6859
2026-02-21,SY-D-039,ภาคเหนือ,392,6250
2026-02-21,SY-D-039,ภาคใต้,443,9176
2026-02-21,AG-E-052,กรุงเทพฯ,228,4286
2026-02-21,AG-E-052,ภาคกลาง,182,3390
2026-02-21,AG-E-052,ภาคตะวันออก,122,2431
2026-02-21,AG-E-052,ภาคเหนือ,125,1949
2026-02-21,AG-E-052,ภาคใต้,149,2972
2026-02-22,TK-A-001,กรุงเทพฯ,311,6052
2026-02-22,TK-A-001,ภาคกลาง,229,4478
2026-02-22,TK-A-001,ภาคตะวันออก,169,3023
2026-02-22,TK-A-001,ภาคเหนือ,154,3215
2026-02-22,TK-A-001,ภาคใต้,211,3870
2026-02-22,GL-B-014,กรุงเทพฯ,1533,30632
2026-02-22,GL-B-014,ภาคกลาง,1127,22839
2026-02-22,GL-B-014,ภาคตะวันออก,915,15157
2026-02-22,GL-B-014,ภาคเหนือ,873,15093
2026-02-22,GL-B-014,ภาคใต้,1013,19435
2026-02-22,MK-C-028,กรุงเทพฯ,1041,22430
2026-02-22,MK-C-028,ภาคกลาง,963,14054
2026-02-22,MK-C-028,ภาคตะวันออก,695,12725
2026-02-22,MK-C-028,ภาคเหนือ,590,12067
2026-02-22,MK-C-028,ภาคใต้,703,12790
2026-02-22,SY-D-039,กรุงเทพฯ,781,11548
2026-02-22,SY-D-039,ภาคกลาง,604,9137
2026-02-22,SY-D-039,ภาคตะวันออก,458,7390
2026-02-22,SY-D-039,ภาคเหนือ,392,7592
2026-02-22,SY-D-039,ภาคใต้,459,7958
2026-02-22,AG-E-052,กรุงเทพฯ,216,3677
2026-02-22,AG-E-052,ภาคกลาง,159,3533
2026-02-22,AG-E-052,ภาคตะวันออก,125,2241
2026-02-22,AG-E-052,ภาคเหนือ,123,2272
2026-02-22,AG-E-052,ภาคใต้,132,2247
2026-02-23,TK-A-001,กรุงเทพฯ,308,5789
2026-02-23,TK-A-001,ภาคกลาง,244,4370
2026-02-23,TK-A-001,ภาคตะวันออก,182,3130
2026-02-23,TK-A-001,ภาคเหนือ,145,3051
2026-02-23,TK-A-001,ภาคใต้,205,3320
2026-02-23,GL-B-014,กรุงเทพฯ,1616,24254
2026-02-23,GL-B-014,ภาคกลาง,1220,22683
2026-02-23,GL-B-014,ภาคตะวันออก,947,17309
2026-02-23,GL-B-014,ภาคเหนือ,883,14794
2026-02-23,GL-B-014,ภาคใต้,951,18750
2026-02-23,MK-C-028,กรุงเทพฯ,1054,22457
2026-02-23,MK-C-028,ภาคกลาง,894,13579
2026-02-23,MK-C-028,ภาคตะวันออก,698,12954
2026-02-23,MK-C-028,ภาคเหนือ,632,9868
2026-02-23,MK-C-028,ภาคใต้,681,12835
2026-02-23,SY-D-039,กรุงเทพฯ,700,13563
2026-02-23,SY-D-039,ภาคกลาง,622,11252
2026-02-23,SY-D-039,ภาคตะวันออก,439,8960
2026-02-23,SY-D-039,ภาคเหนือ,419,7304
2026-02-23,SY-D-039,ภาคใต้,510,9929
2026-02-23,AG-E-052,กรุงเทพฯ,204,3490
2026-02-23,AG-E-052,ภาคกลาง,166,3367
2026-02-23,AG-E-052,ภาคตะวันออก,135,2324
2026-02-23,AG-E-052,ภาคเหนือ,109,1972
2026-02-23,AG-E-052,ภาคใต้,144,2950
2026-02-24,TK-A-001,กรุงเทพฯ,321,5679
2026-02-24,TK-A-001,ภาคกลาง,239,4576
2026-02-24,TK-A-001,ภาคตะวันออก,192,3087
2026-02-24,TK-A-001,ภาคเหนือ,148,2792
2026-02-24,TK-A-001,ภาคใต้,201,3717
2026-02-24,GL-B-014,กรุงเทพฯ,1605,31313
2026-02-24,GL-B-014,ภาคกลาง,1266,20084
2026-02-24,GL-B-014,ภาคตะวันออก,847,15497
2026-02-24,GL-B-014,ภาคเหนือ,763,16294
2026-02-24,GL-B-014,ภาคใต้,1064,17076
2026-02-24,MK-C-028,กรุงเทพฯ,1032,18103
2026-02-24,MK-C-028,ภาคกลาง,877,18060
2026-02-24,MK-C-028,ภาคตะวันออก,620,12282
2026-02-24,MK-C-028,ภาคเหนือ,612,11093
2026-02-24,MK-C-028,ภาคใต้,719,13772
2026-02-24,SY-D-039,กรุงเทพฯ,694,12109
2026-02-24,SY-D-039,ภาคกลาง,637,11477
2026-02-24,SY-D-039,ภาคตะวันออก,411,6747
2026-02-24,SY-D-039,ภาคเหนือ,418,7428
2026-02-24,SY-D-039,ภาคใต้,537,9561
2026-02-24,AG-E-052,กรุงเทพฯ,200,4373
2026-02-24,AG-E-052,ภาคกลาง,170,3273
2026-02-24,AG-E-052,ภาคตะวันออก,137,2185
2026-02-24,AG-E-052,ภาคเหนือ,110,1861
2026-02-24,AG-E-052,ภาคใต้,132,2388
2026-02-25,TK-A-001,กรุงเทพฯ,310,6030
2026-02-25,TK-A-001,ภาคกลาง,258,4370
2026-02-25,TK-A-001,ภาคตะวันออก,191,3242
2026-02-25,TK-A-001,ภาคเหนือ,161,2826
2026-02-25,TK-A-001,ภาคใต้,215,3913
2026-02-25,GL-B-014,กรุงเทพฯ,1417,23699
2026-02-25,GL-B-014,ภาคกลาง,1210,18986
2026-02-25,GL-B-014,ภาคตะวันออก,944,13962
2026-02-25,GL-B-014,ภาคเหนือ,762,15875
2026-02-25,GL-B-014,ภาคใต้,976,15671
2026-02-25,MK-C-028,กรุงเทพฯ,1037,21140
2026-02-25,MK-C-028,ภาคกลาง,911,14864
2026-02-25,MK-C-028,ภาคตะวันออก,597,12600
2026-02-25,MK-C-028,ภาคเหนือ,613,10072
2026-02-25,MK-C-028,ภาคใต้,679,11701
2026-02-25,SY-D-039,กรุงเทพฯ,733,11937
2026-02-25,SY-D-039,ภาคกลาง,573,12081
2026-02-25,SY-D-039,ภาคตะวันออก,425,6866
2026-02-25,SY-D-039,ภาคเหนือ,354,7452
2026-02-25,SY-D-039,ภาคใต้,470,8224
2026-02-25,AG-E-052,กรุงเทพฯ,212,4415
2026-02-25,AG-E-052,ภาคกลาง,173,2944
2026-02-25,AG-E-052,ภาคตะวันออก,122,2382
2026-02-25,AG-E-052,ภาคเหนือ,115,2050
2026-02-25,AG-E-052,ภาคใต้,133,2367
2026-02-26,TK-A-001,กรุงเทพฯ,279,5500
2026-02-26,TK-A-001,ภาคกลาง,229,4009
2026-02-26,TK-A-001,ภาคตะวันออก,162,3414
2026-02-26,TK-A-001,ภาคเหนือ,166,2414
2026-02-26,TK-A-001,ภาคใต้,204,3818
2026-02-26,GL-B-014,กรุงเทพฯ,1411,31415
2026-02-26,GL-B-014,ภาคกลาง,1289,25027
2026-02-26,GL-B-014,ภาคตะวันออก,866,16263
2026-02-26,GL-B-014,ภาคเหนือ,759,14248
2026-02-26,GL-B-014,ภาคใต้,1051,16337
2026-02-26,MK-C-028,กรุงเทพฯ,1009,16893
2026-02-26,MK-C-028,ภาคกลาง,825,17662
2026-02-26,MK-C-028,ภาคตะวันออก,646,11667
2026-02-26,MK-C-028,ภาคเหนือ,530,9687
2026-02-26,MK-C-028,ภาคใต้,764,13853
2026-02-26,SY-D-039,กรุงเทพฯ,677,14746
2026-02-26,SY-D-039,ภาคกลาง,553,10840
2026-02-26,SY-D-039,ภาคตะวันออก,428,8466
2026-02-26,SY-D-039,ภาคเหนือ,423,6334
2026-02-26,SY-D-039,ภาคใต้,467,9249
2026-02-26,AG-E-052,กรุงเทพฯ,231,3600
2026-02-26,AG-E-052,ภาคกลาง,169,3604
2026-02-26,AG-E-052,ภาคตะวันออก,135,2302
2026-02-26,AG-E-052,ภาคเหนือ,110,2081
2026-02-26,AG-E-052,ภาคใต้,141,2695
2026-02-27,TK-A-001,กรุงเทพฯ,281,5904
2026-02-27,TK-A-001,ภาคกลาง,249,4837
2026-02-27,TK-A-001,ภาคตะวันออก,185,3048
2026-02-27,TK-A-001,ภาคเหนือ,159,2583
2026-02-27,TK-A-001,ภาคใต้,210,3480
2026-02-27,GL-B-014,กรุงเทพฯ,1603,24754
2026-02-27,GL-B-014,ภาคกลาง,1110,22820
2026-02-27,GL-B-014,ภาคตะวันออก,927,18625
2026-02-27,GL-B-014,ภาคเหนือ,799,12939
2026-02-27,GL-B-014,ภาคใต้,1056,19074
2026-02-27,MK-C-028,กรุงเทพฯ,1126,17168
2026-02-27,MK-C-028,ภาคกลาง,830,16864
2026-02-27,MK-C-028,ภาคตะวันออก,658,12868
2026-02-27,MK-C-028,ภาคเหนือ,541,11864
2026-02-27,MK-C-028,ภาคใต้,672,14048
2026-02-27,SY-D-039,กรุงเทพฯ,692,12274
2026-02-27,SY-D-039,ภาคกลาง,585,11766
2026-02-27,SY-D-039,ภาคตะวันออก,426,8347
2026-02-27,SY-D-039,ภาคเหนือ,414,6378
2026-02-27,SY-D-039,ภาคใต้,509,9351
2026-02-27,AG-E-052,กรุงเทพฯ,212,3418
2026-02-27,AG-E-052,ภาคกลาง,170,2772
2026-02-27,AG-E-052,ภาคตะวันออก,136,2674
2026-02-27,AG-E-052,ภาคเหนือ,118,2278
2026-02-27,AG-E-052,ภาคใต้,140,2892
2026-02-28,TK-A-001,กรุงเทพฯ,274,5410
2026-02-28,TK-A-001,ภาคกลาง,243,4778
2026-02-28,TK-A-001,ภาคตะวันออก,185,3548
2026-02-28,TK-A-001,ภาคเหนือ,158,3090
2026-02-28,TK-A-001,ภาคใต้,214,3765
2026-02-28,GL-B-014,กรุงเทพฯ,1376,30613
2026-02-28,GL-B-014,ภาคกลาง,1129,20283
2026-02-28,GL-B-014,ภาคตะวันออก,895,14891
2026-02-28,GL-B-014,ภาคเหนือ,821,15857
2026-02-28,GL-B-014,ภาคใต้,1056,18121
2026-02-28,MK-C-028,กรุงเทพฯ,1177,19433
2026-02-28,MK-C-028,ภาคกลาง,948,15278
2026-02-28,MK-C-028,ภาคตะวันออก,662,10630
2026-02-28,MK-C-028,ภาคเหนือ,618,12133
2026-02-28,MK-C-028,ภาคใต้,800,15072
2026-02-28,SY-D-039,กรุงเทพฯ,792,11821
2026-02-28,SY-D-039,ภาคกลาง,632,10451
2026-02-28,SY-D-039,ภาคตะวันออก,481,7617
2026-02-28,SY-D-039,ภาคเหนือ,374,7605
2026-02-28,SY-D-039,ภาคใต้,458,7577
2026-02-28,AG-E-052,กรุงเทพฯ,216,4271
2026-02-28,AG-E-052,ภาคกลาง,168,3163
2026-02-28,AG-E-052,ภาคตะวันออก,123,2204
2026-02-28,AG-E-052,ภาคเหนือ,119,2431
2026-02-28,AG-E-052,ภาคใต้,144,2425
2026-03-01,TK-A-001,กรุงเทพฯ,300,5697
2026-03-01,TK-A-001,ภาคกลาง,224,4112
2026-03-01,TK-A-001,ภาคตะวันออก,193,3125
2026-03-01,TK-A-001,ภาคเหนือ,143,3152
2026-03-01,TK-A-001,ภาคใต้,193,3007
2026-03-01,GL-B-014,กรุงเทพฯ,1517,27363
2026-03-01,GL-B-014,ภาคกลาง,1281,22322
2026-03-01,GL-B-014,ภาคตะวันออก,917,14220
2026-03-01,GL-B-014,ภาคเหนือ,825,15773
2026-03-01,GL-B-014,ภาคใต้,1107,19826
2026-03-01,MK-C-028,กรุงเทพฯ,1212,22488
2026-03-01,MK-C-028,ภาคกลาง,815,16386
2026-03-01,MK-C-028,ภาคตะวันออก,609,12888
2026-03-01,MK-C-028,ภาคเหนือ,538,11846
2026-03-01,MK-C-028,ภาคใต้,785,13265
2026-03-01,SY-D-039,กรุงเทพฯ,773,11508
2026-03-01,SY-D-039,ภาคกลาง,546,11593
2026-03-01,SY-D-039,ภาคตะวันออก,445,6909
2026-03-01,SY-D-039,ภาคเหนือ,420,7724
2026-03-01,SY-D-039,ภาคใต้,465,8873
2026-03-01,AG-E-052,กรุงเทพฯ,234,4488
2026-03-01,AG-E-052,ภาคกลาง,181,2931
2026-03-01,AG-E-052,ภาคตะวันออก,138,2449
2026-03-01,AG-E-052,ภาคเหนือ,124,1999
2026-03-01,AG-E-052,ภาคใต้,142,2942
2026-03-02,TK-A-001,กรุงเทพฯ,280,5950
2026-03-02,TK-A-001,ภาคกลาง,235,4423
2026-03-02,TK-A-001,ภาคตะวันออก,173,3265
2026-03-02,TK-A-001,ภาคเหนือ,144,3148
2026-03-02,TK-A-001,ภาคใต้,194,3838
2026-03-02,GL-B-014,กรุงเทพฯ,1521,23581
2026-03-02,GL-B-014,ภาคกลาง,1229,22689
2026-03-02,GL-B-014,ภาคตะวันออก,946,17974
2026-03-02,GL-B-014,ภาคเหนือ,810,13854
2026-03-02,GL-B-014,ภาคใต้,1068,18891
2026-03-02,MK-C-028,กรุงเทพฯ,1165,22575
2026-03-02,MK-C-028,ภาคกลาง,834,16151
2026-03-02,MK-C-028,ภาคตะวันออก,665,10202
2026-03-02,MK-C-028,ภาคเหนือ,645,11615
2026-03-02,MK-C-028,ภาคใต้,711,12783
2026-03-02,SY-D-039,กรุงเทพฯ,755,14156
2026-03-02,SY-D-039,ภาคกลาง,631,10590
2026-03-02,SY-D-039,ภาคตะวันออก,402,8715
2026-03-02,SY-D-039,ภาคเหนือ,429,7538
2026-03-02,SY-D-039,ภาคใต้,520,9525
2026-03-02,AG-E-052,กรุงเทพฯ,225,3960
2026-03-02,AG-E-052,ภาคกลาง,167,3633
2026-03-02,AG-E-052,ภาคตะวันออก,139,2305
2026-03-02,AG-E-052,ภาคเหนือ,111,1942
2026-03-02,AG-E-052,ภาคใต้,139,2687
2026-03-03,TK-A-001,กรุงเทพฯ,310,5420
2026-03-03,TK-A-001,ภาคกลาง,256,4634
2026-03-03,TK-A-001,ภาคตะวันออก,164,3169
2026-03-03,TK-A-001,ภาคเหนือ,147,2926
2026-03-03,TK-A-001,ภาคใต้,183,3985
2026-03-03,GL-B-014,กรุงเทพฯ,1637,28406
2026-03-03,GL-B-014,ภาคกลาง,1220,23431
2026-03-03,GL-B-014,ภาคตะวันออก,957,15892
2026-03-03,GL-B-014,ภาคเหนือ,883,15604
2026-03-03,GL-B-014,ภาคใต้,934,19488
2026-03-03,MK-C-028,กรุงเทพฯ,1005,18101
2026-03-03,MK-C-028,ภาคกลาง,910,15934
2026-03-03,MK-C-028,ภาคตะวันออก,606,12928
2026-03-03,MK-C-028,ภาคเหนือ,565,9270
2026-03-03,MK-C-028,ภาคใต้,712,14607
2026-03-03,SY-D-039,กรุงเทพฯ,668,13371
2026-03-03,SY-D-039,ภาคกลาง,626,12133
2026-03-03,SY-D-039,ภาคตะวันออก,440,7720
2026-03-03,SY-D-039,ภาคเหนือ,368,6389
2026-03-03,SY-D-039,ภาคใต้,473,9538
2026-03-03,AG-E-052,กรุงเทพฯ,210,4163
2026-03-03,AG-E-052,ภาคกลาง,164,3266
2026-03-03,AG-E-052,ภาคตะวันออก,137,2451
2026-03-03,AG-E-052,ภาคเหนือ,109,2358
2026-03-03,AG-E-052,ภาคใต้,142,2408
2026-03-04,TK-A-001,กรุงเทพฯ,301,4527
2026-03-04,TK-A-001,ภาคกลาง,248,4640
2026-03-04,TK-A-001,ภาคตะวันออก,176,2994
2026-03-04,TK-A-001,ภาคเหนือ,157,3248
2026-03-04,TK-A-001,ภาคใต้,184,3649
2026-03-04,GL-B-014,กรุงเทพฯ,1473,29863
2026-03-04,GL-B-014,ภาคกลาง,1245,22190
2026-03-04,GL-B-014,ภาคตะวันออก,965,17477
2026-03-04,GL-B-014,ภาคเหนือ,847,15764
2026-03-04,GL-B-014,ภาคใต้,923,20503
2026-03-04,MK-C-028,กรุงเทพฯ,1092,17838
2026-03-04,MK-C-028,ภาคกลาง,913,17584
2026-03-04,MK-C-028,ภาคตะวันออก,713,10295
2026-03-04,MK-C-028,ภาคเหนือ,585,10147
2026-03-04,MK-C-028,ภาคใต้,748,13995
2026-03-04,SY-D-039,กรุงเทพฯ,705,13823
2026-03-04,SY-D-039,ภาคกลาง,620,11293
2026-03-04,SY-D-039,ภาคตะวันออก,483,6817
2026-03-04,SY-D-039,ภาคเหนือ,407,6636
2026-03-04,SY-D-039,ภาคใต้,473,8135
2026-03-04,AG-E-052,กรุงเทพฯ,217,3469
2026-03-04,AG-E-052,ภาคกลาง,163,3234
2026-03-04,AG-E-052,ภาคตะวันออก,141,2240
2026-03-04,AG-E-052,ภาคเหนือ,116,1938
2026-03-04,AG-E-052,ภาคใต้,146,2738
2026-03-05,TK-A-001,กรุงเทพฯ,302,5735
2026-03-05,TK-A-001,ภาคกลาง,251,4162
2026-03-05,TK-A-001,ภาคตะวันออก,166,3098
2026-03-05,TK-A-001,ภาคเหนือ,167,3213
2026-03-05,TK-A-001,ภาคใต้,210,3425
2026-03-05,GL-B-014,กรุงเทพฯ,1615,23454
2026-03-05,GL-B-014,ภาคกลาง,1276,18992
2026-03-05,GL-B-014,ภาคตะวันออก,895,17232
2026-03-05,GL-B-014,ภาคเหนือ,875,12905
2026-03-05,GL-B-014,ภาคใต้,1054,20206
2026-03-05,MK-C-028,กรุงเทพฯ,1170,18132
2026-03-05,MK-C-028,ภาคกลาง,969,17378
2026-03-05,MK-C-028,ภาคตะวันออก,626,13354
2026-03-05,MK-C-028,ภาคเหนือ,624,12098
2026-03-05,MK-C-028,ภาคใต้,717,13347
2026-03-05,SY-D-039,กรุงเทพฯ,669,12762
2026-03-05,SY-D-039,ภาคกลาง,641,11235
2026-03-05,SY-D-039,ภาคตะวันออก,439,7222
2026-03-05,SY-D-039,ภาคเหนือ,431,6706
2026-03-05,SY-D-039,ภาคใต้,514,8780
2026-03-05,AG-E-052,กรุงเทพฯ,218,3868
2026-03-05,AG-E-052,ภาคกลาง,189,3205
2026-03-05,AG-E-052,ภาคตะวันออก,133,2749
2026-03-05,AG-E-052,ภาคเหนือ,126,2041
2026-03-05,AG-E-052,ภาคใต้,157,2382
2026-03-06,TK-A-001,กรุงเทพฯ,304,4977
2026-03-06,TK-A-001,ภาคกลาง,237,4474
2026-03-06,TK-A-001,ภาคตะวันออก,191,3008
2026-03-06,TK-A-001,ภาคเหนือ,168,3199
2026-03-06,TK-A-001,ภาคใต้,215,3190
2026-03-06,GL-B-014,กรุงเทพฯ,1417,25289
2026-03-06,GL-B-014,ภาคกลาง,1168,19900
2026-03-06,GL-B-014,ภาคตะวันออก,847,16190
2026-03-06,GL-B-014,ภาคเหนือ,763,16739
2026-03-06,GL-B-014,ภาคใต้,1044,19185
2026-03-06,MK-C-028,กรุงเทพฯ,1085,22863
2026-03-06,MK-C-028,ภาคกลาง,884,15553
2026-03-06,MK-C-028,ภาคตะวันออก,603,11207
2026-03-06,MK-C-028,ภาคเหนือ,576,11047
2026-03-06,MK-C-028,ภาคใต้,805,11648
2026-03-06,SY-D-039,กรุงเทพฯ,711,11681
2026-03-06,SY-D-039,ภาคกลาง,591,11875
2026-03-06,SY-D-039,ภาคตะวันออก,447,7980
2026-03-06,SY-D-039,ภาคเหนือ,373,6708
2026-03-06,SY-D-039,ภาคใต้,520,7801
2026-03-06,AG-E-052,กรุงเทพฯ,200,4569
2026-03-06,AG-E-052,ภาคกลาง,166,3242
2026-03-06,AG-E-052,ภาคตะวันออก,135,2671
2026-03-06,AG-E-052,ภาคเหนือ,118,2192
2026-03-06,AG-E-052,ภาคใต้,149,2492
2026-03-07,TK-A-001,กรุงเทพฯ,271,5413
2026-03-07,TK-A-001,ภาคกลาง,243,3706
2026-03-07,TK-A-001,ภาคตะวันออก,192,3471
2026-03-07,TK-A-001,ภาคเหนือ,171,3163
2026-03-07,TK-A-001,ภาคใต้,214,3727
2026-03-07,GL-B-014,กรุงเทพฯ,1400,29565
2026-03-07,GL-B-014,ภาคกลาง,1330,23152
2026-03-07,GL-B-014,ภาคตะวันออก,997,18370
2026-03-07,GL-B-014,ภาคเหนือ,772,15194
2026-03-07,GL-B-014,ภาคใต้,925,19757
2026-03-07,MK-C-028,กรุงเทพฯ,1116,18076
2026-03-07,MK-C-028,ภาคกลาง,958,18099
2026-03-07,MK-C-028,ภาคตะวันออก,708,11017
2026-03-07,MK-C-028,ภาคเหนือ,620,9091
2026-03-07,MK-C-028,ภาคใต้,744,13652
2026-03-07,SY-D-039,กรุงเทพฯ,798,13675
2026-03-07,SY-D-039,ภาคกลาง,614,9817
2026-03-07,SY-D-039,ภาคตะวันออก,420,7962
2026-03-07,SY-D-039,ภาคเหนือ,374,6467
2026-03-07,SY-D-039,ภาคใต้,476,8333
2026-03-07,AG-E-052,กรุงเทพฯ,229,3895
2026-03-07,AG-E-052,ภาคกลาง,164,3669
2026-03-07,AG-E-052,ภาคตะวันออก,132,2375
2026-03-07,AG-E-052,ภาคเหนือ,116,2089
2026-03-07,AG-E-052,ภาคใต้,145,2292
2026-03-08,TK-A-001,กรุงเทพฯ,289,5732
2026-03-08,TK-A-001,ภาคกลาง,223,3978
2026-03-08,TK-A-001,ภาคตะวันออก,189,2743
2026-03-08,TK-A-001,ภาคเหนือ,150,2943
2026-03-08,TK-A-001,ภาคใต้,186,3880
2026-03-08,GL-B-014,กรุงเทพฯ,1611,28681
2026-03-08,GL-B-014,ภาคกลาง,1174,20611
2026-03-08,GL-B-014,ภาคตะวันออก,862,14080
2026-03-08,GL-B-014,ภาคเหนือ,742,13511
2026-03-08,GL-B-014,ภาคใต้,1051,19310
2026-03-08,MK-C-028,กรุงเทพฯ,1081,22976
2026-03-08,MK-C-028,ภาคกลาง,975,17246
2026-03-08,MK-C-028,ภาคตะวันออก,663,10792
2026-03-08,MK-C-028,ภาคเหนือ,629,11912
2026-03-08,MK-C-028,ภาคใต้,692,14124
2026-03-08,SY-D-039,กรุงเทพฯ,703,14696
2026-03-08,SY-D-039,ภาคกลาง,574,11091
2026-03-08,SY-D-039,ภาคตะวันออก,447,8723
2026-03-08,SY-D-039,ภาคเหนือ,378,7466
2026-03-08,SY-D-039,ภาคใต้,496,9227
2026-03-08,AG-E-052,กรุงเทพฯ,239,3652
2026-03-08,AG-E-052,ภาคกลาง,193,3516
2026-03-08,AG-E-052,ภาคตะวันออก,137,2567
2026-03-08,AG-E-052,ภาคเหนือ,124,1964
2026-03-08,AG-E-052,ภาคใต้,160,2651
2026-03-09,TK-A-001,กรุงเทพฯ,324,5396
2026-03-09,TK-A-001,ภาคกลาง,232,4775
2026-03-09,TK-A-001,ภาคตะวันออก,167,2873
2026-03-09,TK-A-001,ภาคเหนือ,144,2684
2026-03-09,TK-A-001,ภาคใต้,217,3207
2026-03-09,GL-B-014,กรุงเทพฯ,1437,29677
2026-03-09,GL-B-014,ภาคกลาง,1181,20092
2026-03-09,GL-B-014,ภาคตะวันออก,834,18720
2026-03-09,GL-B-014,ภาคเหนือ,884,14782
2026-03-09,GL-B-014,ภาคใต้,923,19797
2026-03-09,MK-C-028,กรุงเทพฯ,1151,21595
2026-03-09,MK-C-028,ภาคกลาง,831,17819
2026-03-09,MK-C-028,ภาคตะวันออก,720,10422
2026-03-09,MK-C-028,ภาคเหนือ,592,9874
2026-03-09,MK-C-028,ภาคใต้,786,12877
2026-03-09,SY-D-039,กรุงเทพฯ,769,13826
2026-03-09,SY-D-039,ภาคกลาง,610,10567
2026-03-09,SY-D-039,ภาคตะวันออก,405,7657
2026-03-09,SY-D-039,ภาคเหนือ,394,7426
2026-03-09,SY-D-039,ภาคใต้,470,8037
2026-03-09,AG-E-052,กรุงเทพฯ,209,3854
2026-03-09,AG-E-052,ภาคกลาง,168,3340
2026-03-09,AG-E-052,ภาคตะวันออก,136,2304
2026-03-09,AG-E-052,ภาคเหนือ,120,2074
2026-03-09,AG-E-052,ภาคใต้,145,2672
2026-03-10,TK-A-001,กรุงเทพฯ,269,5557
2026-03-10,TK-A-001,ภาคกลาง,241,3761
2026-03-10,TK-A-001,ภาคตะวันออก,161,2872
2026-03-10,TK-A-001,ภาคเหนือ,163,2469
2026-03-10,TK-A-001,ภาคใต้,190,3137
2026-03-10,GL-B-014,กรุงเทพฯ,1483,31592
2026-03-10,GL-B-014,ภาคกลาง,1165,20366
2026-03-10,GL-B-014,ภาคตะวันออก,972,16343
2026-03-10,GL-B-014,ภาคเหนือ,771,13366
2026-03-10,GL-B-014,ภาคใต้,1103,20270
2026-03-10,MK-C-028,กรุงเทพฯ,1013,18358
2026-03-10,MK-C-028,ภาคกลาง,939,15521
2026-03-10,MK-C-028,ภาคตะวันออก,710,11507
2026-03-10,MK-C-028,ภาคเหนือ,585,11155
2026-03-10,MK-C-028,ภาคใต้,683,15244
2026-03-10,SY-D-039,กรุงเทพฯ,756,12043
2026-03-10,SY-D-039,ภาคกลาง,606,9388
2026-03-10,SY-D-039,ภาคตะวันออก,487,7517
2026-03-10,SY-D-039,ภาคเหนือ,424,6259
2026-03-10,SY-D-039,ภาคใต้,482,8559
2026-03-10,AG-E-052,กรุงเทพฯ,209,4019
2026-03-10,AG-E-052,ภาคกลาง,183,3344
2026-03-10,AG-E-052,ภาคตะวันออก,133,2141
2026-03-10,AG-E-052,ภาคเหนือ,110,2350
2026-03-10,AG-E-052,ภาคใต้,135,2817
2026-03-11,TK-A-001,กรุงเทพฯ,292,6041
2026-03-11,TK-A-001,ภาคกลาง,257,4400
2026-03-11,TK-A-001,ภาคตะวันออก,166,3638
2026-03-11,TK-A-001,ภาคเหนือ,150,3148
2026-03-11,TK-A-001,ภาคใต้,201,3515
2026-03-11,GL-B-014,กรุงเทพฯ,1615,29984
2026-03-11,GL-B-014,ภาคกลาง,1321,20521
2026-03-11,GL-B-014,ภาคตะวันออก,882,16015
2026-03-11,GL-B-014,ภาคเหนือ,823,15067
2026-03-11,GL-B-014,ภาคใต้,1058,18201
2026-03-11,MK-C-028,กรุงเทพฯ,1071,19392
2026-03-11,MK-C-028,ภาคกลาง,824,16752
2026-03-11,MK-C-028,ภาคตะวันออก,651,10443
2026-03-11,MK-C-028,ภาคเหนือ,573,10047
2026-03-11,MK-C-028,ภาคใต้,678,12349
2026-03-11,SY-D-039,กรุงเทพฯ,816,13552
2026-03-11,SY-D-039,ภาคกลาง,639,11334
2026-03-11,SY-D-039,ภาคตะวันออก,470,7205
2026-03-11,SY-D-039,ภาคเหนือ,433,7302
2026-03-11,SY-D-039,ภาคใต้,500,7597
2026-03-11,AG-E-052,กรุงเทพฯ,207,3726
2026-03-11,AG-E-052,ภาคกลาง,186,2911
2026-03-11,AG-E-052,ภาคตะวันออก,125,2651
2026-03-11,AG-E-052,ภาคเหนือ,128,1953
2026-03-11,AG-E-052,ภาคใต้,158,2880
2026-03-12,TK-A-001,กรุงเทพฯ,323,5688
2026-03-12,TK-A-001,ภาคกลาง,257,4057
2026-03-12,TK-A-001,ภาคตะวันออก,187,3346
2026-03-12,TK-A-001,ภาคเหนือ,163,3279
2026-03-12,TK-A-001,ภาคใต้,205,4027
2026-03-12,GL-B-014,กรุงเทพฯ,1569,29138
2026-03-12,GL-B-014,ภาคกลาง,1285,25181
2026-03-12,GL-B-014,ภาคตะวันออก,836,16535
2026-03-12,GL-B-014,ภาคเหนือ,762,14651
2026-03-12,GL-B-014,ภาคใต้,1116,19377
2026-03-12,MK-C-028,กรุงเทพฯ,1130,21248
2026-03-12,MK-C-028,ภาคกลาง,929,16697
2026-03-12,MK-C-028,ภาคตะวันออก,623,12911
2026-03-12,MK-C-028,ภาคเหนือ,547,10062
2026-03-12,MK-C-028,ภาคใต้,738,14261
2026-03-12,SY-D-039,กรุงเทพฯ,703,12297
2026-03-12,SY-D-039,ภาคกลาง,613,9118
2026-03-12,SY-D-039,ภาคตะวันออก,464,7343
2026-03-12,SY-D-039,ภาคเหนือ,398,7284
2026-03-12,SY-D-039,ภาคใต้,538,8390
2026-03-12,AG-E-052,กรุงเทพฯ,222,3930
2026-03-12,AG-E-052,ภาคกลาง,176,3155
2026-03-12,AG-E-052,ภาคตะวันออก,126,2452
2026-03-12,AG-E-052,ภาคเหนือ,119,1967
2026-03-12,AG-E-052,ภาคใต้,135,2927
2026-03-13,TK-A-001,กรุงเทพฯ,326,5230
2026-03-13,TK-A-001,ภาคกลาง,256,4563
2026-03-13,TK-A-001,ภาคตะวันออก,166,2923
2026-03-13,TK-A-001,ภาคเหนือ,152,2589
2026-03-13,TK-A-001,ภาคใต้,213,3428
2026-03-13,GL-B-014,กรุงเทพฯ,1499,27852
2026-03-13,GL-B-014,ภาคกลาง,1138,25186
2026-03-13,GL-B-014,ภาคตะวันออก,893,15191
2026-03-13,GL-B-014,ภาคเหนือ,810,16654
2026-03-13,GL-B-014,ภาคใต้,1062,18262
2026-03-13,MK-C-028,กรุงเทพฯ,1024,22489
2026-03-13,MK-C-028,ภาคกลาง,925,15615
2026-03-13,MK-C-028,ภาคตะวันออก,711,10861
2026-03-13,MK-C-028,ภาคเหนือ,615,10468
2026-03-13,MK-C-028,ภาคใต้,798,13099
2026-03-13,SY-D-039,กรุงเทพฯ,817,11925
2026-03-13,SY-D-039,ภาคกลาง,547,11883
2026-03-13,SY-D-039,ภาคตะวันออก,477,8829
2026-03-13,SY-D-039,ภาคเหนือ,421,7511
2026-03-13,SY-D-039,ภาคใต้,475,8896
2026-03-13,AG-E-052,กรุงเทพฯ,216,3526
2026-03-13,AG-E-052,ภาคกลาง,168,3384
2026-03-13,AG-E-052,ภาคตะวันออก,140,2404
2026-03-13,AG-E-052,ภาคเหนือ,108,2406
2026-03-13,AG-E-052,ภาคใต้,162,2405
2026-03-14,TK-A-001,กรุงเทพฯ,280,5067
2026-03-14,TK-A-001,ภาคกลาง,232,4663
2026-03-14,TK-A-001,ภาคตะวันออก,170,3375
2026-03-14,TK-A-001,ภาคเหนือ,166,3142
2026-03-14,TK-A-001,ภาคใต้,202,3136
2026-03-14,GL-B-014,กรุงเทพฯ,1530,24935
2026-03-14,GL-B-014,ภาคกลาง,1111,19592
2026-03-14,GL-B-014,ภาคตะวันออก,916,18410
2026-03-14,GL-B-014,ภาคเหนือ,832,15868
2026-03-14,GL-B-014,ภาคใต้,997,20382
2026-03-14,MK-C-028,กรุงเทพฯ,1099,21925
2026-03-14,MK-C-028,ภาคกลาง,813,17790
2026-03-14,MK-C-028,ภาคตะวันออก,719,12773
2026-03-14,MK-C-028,ภาคเหนือ,553,12163
2026-03-14,MK-C-028,ภาคใต้,705,12845
2026-03-14,SY-D-039,กรุงเทพฯ,701,13140
2026-03-14,SY-D-039,ภาคกลาง,635,9314
2026-03-14,SY-D-039,ภาคตะวันออก,441,6978
2026-03-14,SY-D-039,ภาคเหนือ,375,6545
2026-03-14,SY-D-039,ภาคใต้,520,9512
2026-03-14,AG-E-052,กรุงเทพฯ,233,4082
2026-03-14,AG-E-052,ภาคกลาง,184,2843
2026-03-14,AG-E-052,ภาคตะวันออก,138,2141
2026-03-14,AG-E-052,ภาคเหนือ,116,1884
2026-03-14,AG-E-052,ภาคใต้,162,2388
2026-03-15,TK-A-001,กรุงเทพฯ,322,5511
2026-03-15,TK-A-001,ภาคกลาง,258,4283
2026-03-15,TK-A-001,ภาคตะวันออก,166,3085
2026-03-15,TK-A-001,ภาคเหนือ,157,2904
2026-03-15,TK-A-001,ภาคใต้,193,3077
2026-03-15,GL-B-014,กรุงเทพฯ,1403,28100
2026-03-15,GL-B-014,ภาคกลาง,1197,19545
2026-03-15,GL-B-014,ภาคตะวันออก,847,17090
2026-03-15,GL-B-014,ภาคเหนือ,788,16382
2026-03-15,GL-B-014,ภาคใต้,1036,17268
2026-03-15,MK-C-028,กรุงเทพฯ,1026,19802
2026-03-15,MK-C-028,ภาคกลาง,820,14870
2026-03-15,MK-C-028,ภาคตะวันออก,685,12081
2026-03-15,MK-C-028,ภาคเหนือ,538,9914
2026-03-15,MK-C-028,ภาคใต้,715,11755
2026-03-15,SY-D-039,กรุงเทพฯ,763,13867
2026-03-15,SY-D-039,ภาคกลาง,646,11867
2026-03-15,SY-D-039,ภาคตะวันออก,406,7145
2026-03-15,SY-D-039,ภาคเหนือ,392,7474
2026-03-15,SY-D-039,ภาคใต้,485,9358
2026-03-15,AG-E-052,กรุงเทพฯ,214,3455
2026-03-15,AG-E-052,ภาคกลาง,163,2875
2026-03-15,AG-E-052,ภาคตะวันออก,138,2305
2026-03-15,AG-E-052,ภาคเหนือ,113,2309
2026-03-15,AG-E-052,ภาคใต้,146,2630
2026-03-16,TK-A-001,กรุงเทพฯ,284,5000
2026-03-16,TK-A-001,ภาคกลาง,245,4908
2026-03-16,TK-A-001,ภาคตะวันออก,196,2809
2026-03-16,TK-A-001,ภาคเหนือ,156,2570
2026-03-16,TK-A-001,ภาคใต้,205,3320
2026-03-16,GL-B-014,กรุงเทพฯ,1636,25089
2026-03-16,GL-B-014,ภาคกลาง,1111,23864
2026-03-16,GL-B-014,ภาคตะวันออก,884,17443
2026-03-16,GL-B-014,ภาคเหนือ,750,14665
2026-03-16,GL-B-014,ภาคใต้,994,16176
2026-03-16,MK-C-028,กรุงเทพฯ,1081,22460
2026-03-16,MK-C-028,ภาคกลาง,929,17496
2026-03-16,MK-C-028,ภาคตะวันออก,646,12207
2026-03-16,MK-C-028,ภาคเหนือ,601,9701
2026-03-16,MK-C-028,ภาคใต้,725,12793
2026-03-16,SY-D-039,กรุงเทพฯ,755,11789
2026-03-16,SY-D-039,ภาคกลาง,582,11727
2026-03-16,SY-D-039,ภาคตะวันออก,482,8245
2026-03-16,SY-D-039,ภาคเหนือ,431,6905
2026-03-16,SY-D-039,ภาคใต้,453,8880
2026-03-16,AG-E-052,กรุงเทพฯ,231,4203
2026-03-16,AG-E-052,ภาคกลาง,184,3268
2026-03-16,AG-E-052,ภาคตะวันออก,128,2109
2026-03-16,AG-E-052,ภาคเหนือ,113,1900
2026-03-16,AG-E-052,ภาคใต้,142,2684
2026-03-17,TK-A-001,กรุงเทพฯ,325,5133
2026-03-17,TK-A-001,ภาคกลาง,225,4384
2026-03-17,TK-A-001,ภาคตะวันออก,170,3465
2026-03-17,TK-A-001,ภาคเหนือ,158,3130
2026-03-17,TK-A-001,ภาคใต้,200,3504
2026-03-17,GL-B-014,กรุงเทพฯ,1465,24557
2026-03-17,GL-B-014,ภาคกลาง,1352,20433
2026-03-17,GL-B-014,ภาคตะวันออก,1013,17731
2026-03-17,GL-B-014,ภาคเหนือ,904,16418
2026-03-17,GL-B-014,ภาคใต้,1083,21132
2026-03-17,MK-C-028,กรุงเทพฯ,1099,19717
2026-03-17,MK-C-028,ภาคกลาง,926,16578
2026-03-17,MK-C-028,ภาคตะวันออก,695,10962
2026-03-17,MK-C-028,ภาคเหนือ,583,9342
2026-03-17,MK-C-028,ภาคใต้,745,13031
2026-03-17,SY-D-039,กรุงเทพฯ,818,12978
2026-03-17,SY-D-039,ภาคกลาง,652,10672
2026-03-17,SY-D-039,ภาคตะวันออก,426,8003
2026-03-17,SY-D-039,ภาคเหนือ,402,8082
2026-03-17,SY-D-039,ภาคใต้,506,9625
2026-03-17,AG-E-052,กรุงเทพฯ,215,4345
2026-03-17,AG-E-052,ภาคกลาง,178,3487
2026-03-17,AG-E-052,ภาคตะวันออก,128,2290
2026-03-17,AG-E-052,ภาคเหนือ,110,1841
2026-03-17,AG-E-052,ภาคใต้,156,2897
2026-03-18,TK-A-001,กรุงเทพฯ,303,4738
2026-03-18,TK-A-001,ภาคกลาง,225,4395
2026-03-18,TK-A-001,ภาคตะวันออก,190,3706
2026-03-18,TK-A-001,ภาคเหนือ,172,3240
2026-03-18,TK-A-001,ภาคใต้,181,3206
2026-03-18,GL-B-014,กรุงเทพฯ,1399,30083
2026-03-18,GL-B-014,ภาคกลาง,1238,22310
2026-03-18,GL-B-014,ภาคตะวันออก,974,18208
2026-03-18,GL-B-014,ภาคเหนือ,889,16363
2026-03-18,GL-B-014,ภาคใต้,928,20819
2026-03-18,MK-C-028,กรุงเทพฯ,1090,22296
2026-03-18,MK-C-028,ภาคกลาง,939,16964
2026-03-18,MK-C-028,ภาคตะวันออก,658,13812
2026-03-18,MK-C-028,ภาคเหนือ,584,12087
2026-03-18,MK-C-028,ภาคใต้,798,15279
2026-03-18,SY-D-039,กรุงเทพฯ,755,13596
2026-03-18,SY-D-039,ภาคกลาง,622,10695
2026-03-18,SY-D-039,ภาคตะวันออก,416,6949
2026-03-18,SY-D-039,ภาคเหนือ,417,7048
2026-03-18,SY-D-039,ภาคใต้,497,8790
2026-03-18,AG-E-052,กรุงเทพฯ,234,4289
2026-03-18,AG-E-052,ภาคกลาง,173,3305
2026-03-18,AG-E-052,ภาคตะวันออก,126,2389
2026-03-18,AG-E-052,ภาคเหนือ,115,1842
2026-03-18,AG-E-052,ภาคใต้,161,2581
2026-03-19,TK-A-001,กรุงเทพฯ,328,5994
2026-03-19,TK-A-001,ภาคกลาง,260,4062
2026-03-19,TK-A-001,ภาคตะวันออก,189,3212
2026-03-19,TK-A-001,ภาคเหนือ,147,2722
2026-03-19,TK-A-001,ภาคใต้,209,3729
2026-03-19,GL-B-014,กรุงเทพฯ,1479,31566
2026-03-19,GL-B-014,ภาคกลาง,1237,24119
2026-03-19,GL-B-014,ภาคตะวันออก,977,15527
2026-03-19,GL-B-014,ภาคเหนือ,858,14984
2026-03-19,GL-B-014,ภาคใต้,1047,17050
2026-03-19,MK-C-028,กรุงเทพฯ,1171,18269
2026-03-19,MK-C-028,ภาคกลาง,927,14172
2026-03-19,MK-C-028,ภาคตะวันออก,627,11139
2026-03-19,MK-C-028,ภาคเหนือ,587,9173
2026-03-19,MK-C-028,ภาคใต้,719,11915
2026-03-19,SY-D-039,กรุงเทพฯ,704,12123
2026-03-19,SY-D-039,ภาคกลาง,625,11000
2026-03-19,SY-D-039,ภาคตะวันออก,490,6923
2026-03-19,SY-D-039,ภาคเหนือ,401,6832
2026-03-19,SY-D-039,ภาคใต้,499,8703
2026-03-19,AG-E-052,กรุงเทพฯ,207,3653
2026-03-19,AG-E-052,ภาคกลาง,181,3369
2026-03-19,AG-E-052,ภาคตะวันออก,129,2357
2026-03-19,AG-E-052,ภาคเหนือ,123,1882
2026-03-19,AG-E-052,ภาคใต้,145,2571
2026-03-20,TK-A-001,กรุงเทพฯ,273,5165
2026-03-20,TK-A-001,ภาคกลาง,217,4295
2026-03-20,TK-A-001,ภาคตะวันออก,193,3310
2026-03-20,TK-A-001,ภาคเหนือ,169,2635
2026-03-20,TK-A-001,ภาคใต้,199,3212
2026-03-20,GL-B-014,กรุงเทพฯ,1697,27284
2026-03-20,GL-B-014,ภาคกลาง,1145,24595
2026-03-20,GL-B-014,ภาคตะวันออก,900,15805
2026-03-20,GL-B-014,ภาคเหนือ,848,15255
2026-03-20,GL-B-014,ภาคใต้,982,17010
2026-03-20,MK-C-028,กรุงเทพฯ,1059,21467
2026-03-20,MK-C-028,ภาคกลาง,921,15442
2026-03-20,MK-C-028,ภาคตะวันออก,709,13484
2026-03-20,MK-C-028,ภาคเหนือ,576,11332
2026-03-20,MK-C-028,ภาคใต้,742,15415
2026-03-20,SY-D-039,กรุงเทพฯ,736,12867
2026-03-20,SY-D-039,ภาคกลาง,579,10898
2026-03-20,SY-D-039,ภาคตะวันออก,404,8065
2026-03-20,SY-D-039,ภาคเหนือ,371,7013
2026-03-20,SY-D-039,ภาคใต้,530,7981
2026-03-20,AG-E-052,กรุงเทพฯ,240,3523
2026-03-20,AG-E-052,ภาคกลาง,172,3358
2026-03-20,AG-E-052,ภาคตะวันออก,126,2388
2026-03-20,AG-E-052,ภาคเหนือ,128,1851
2026-03-20,AG-E-052,ภาคใต้,155,2549
2026-03-21,TK-A-001,กรุงเทพฯ,291,6093
2026-03-21,TK-A-001,ภาคกลาง,247,4603
2026-03-21,TK-A-001,ภาคตะวันออก,193,2750
2026-03-21,TK-A-001,ภาคเหนือ,146,3036
2026-03-21,TK-A-001,ภาคใต้,200,3210
2026-03-21,GL-B-014,กรุงเทพฯ,1593,27849
2026-03-21,GL-B-014,ภาคกลาง,1138,25493
2026-03-21,GL-B-014,ภาคตะวันออก,861,15032
2026-03-21,GL-B-014,ภาคเหนือ,798,13372
2026-03-21,GL-B-014,ภาคใต้,930,20298
2026-03-21,MK-C-028,กรุงเทพฯ,1060,20818
2026-03-21,MK-C-028,ภาคกลาง,962,14599
2026-03-21,MK-C-028,ภาคตะวันออก,708,12837
2026-03-21,MK-C-028,ภาคเหนือ,556,10684
2026-03-21,MK-C-028,ภาคใต้,703,12185
2026-03-21,SY-D-039,กรุงเทพฯ,713,12329
2026-03-21,SY-D-039,ภาคกลาง,582,9527
2026-03-21,SY-D-039,ภาคตะวันออก,491,8981
2026-03-21,SY-D-039,ภาคเหนือ,420,6257
2026-03-21,SY-D-039,ภาคใต้,511,8509
2026-03-21,AG-E-052,กรุงเทพฯ,226,4315
2026-03-21,AG-E-052,ภาคกลาง,193,3335
2026-03-21,AG-E-052,ภาคตะวันออก,134,2253
2026-03-21,AG-E-052,ภาคเหนือ,124,2060
2026-03-21,AG-E-052,ภาคใต้,161,2539
2026-03-22,TK-A-001,กรุงเทพฯ,315,6040
2026-03-22,TK-A-001,ภาคกลาง,235,4139
2026-03-22,TK-A-001,ภาคตะวันออก,196,2803
2026-03-22,TK-A-001,ภาคเหนือ,163,3260
2026-03-22,TK-A-001,ภาคใต้,183,3984
2026-03-22,GL-B-014,กรุงเทพฯ,1431,30668
2026-03-22,GL-B-014,ภาคกลาง,1153,25563
2026-03-22,GL-B-014,ภาคตะวันออก,1011,15287
2026-03-22,GL-B-014,ภาคเหนือ,764,14957
2026-03-22,GL-B-014,ภาคใต้,1061,18989
2026-03-22,MK-C-028,กรุงเทพฯ,1146,18621
2026-03-22,MK-C-028,ภาคกลาง,923,16901
2026-03-22,MK-C-028,ภาคตะวันออก,618,12948
2026-03-22,MK-C-028,ภาคเหนือ,611,11739
2026-03-22,MK-C-028,ภาคใต้,779,15133
2026-03-22,SY-D-039,กรุงเทพฯ,774,13634
2026-03-22,SY-D-039,ภาคกลาง,594,11724
2026-03-22,SY-D-039,ภาคตะวันออก,416,7432
2026-03-22,SY-D-039,ภาคเหนือ,405,7203
2026-03-22,SY-D-039,ภาคใต้,517,7710
2026-03-22,AG-E-052,กรุงเทพฯ,217,3466
2026-03-22,AG-E-052,ภาคกลาง,174,3365
2026-03-22,AG-E-052,ภาคตะวันออก,137,2102
2026-03-22,AG-E-052,ภาคเหนือ,130,2177
2026-03-22,AG-E-052,ภาคใต้,159,2299
2026-03-23,TK-A-001,กรุงเทพฯ,284,5580
2026-03-23,TK-A-001,ภาคกลาง,225,3765
2026-03-23,TK-A-001,ภาคตะวันออก,189,3212
2026-03-23,TK-A-001,ภาคเหนือ,159,3084
2026-03-23,TK-A-001,ภาคใต้,192,3874
2026-03-23,GL-B-014,กรุงเทพฯ,1539,26653
2026-03-23,GL-B-014,ภาคกลาง,1311,21058
2026-03-23,GL-B-014,ภาคตะวันออก,1016,16923
2026-03-23,GL-B-014,ภาคเหนือ,841,12999
2026-03-23,GL-B-014,ภาคใต้,959,18792
2026-03-23,MK-C-028,กรุงเทพฯ,1113,22720
2026-03-23,MK-C-028,ภาคกลาง,894,17725
2026-03-23,MK-C-028,ภาคตะวันออก,666,13204
2026-03-23,MK-C-028,ภาคเหนือ,581,10878
2026-03-23,MK-C-028,ภาคใต้,709,12198
2026-03-23,SY-D-039,กรุงเทพฯ,750,13954
2026-03-23,SY-D-039,ภาคกลาง,619,10344
2026-03-23,SY-D-039,ภาคตะวันออก,457,8563
2026-03-23,SY-D-039,ภาคเหนือ,395,6301
2026-03-23,SY-D-039,ภาคใต้,504,10293
2026-03-23,AG-E-052,กรุงเทพฯ,219,4538
2026-03-23,AG-E-052,ภาคกลาง,189,3628
2026-03-23,AG-E-052,ภาคตะวันออก,136,2731
2026-03-23,AG-E-052,ภาคเหนือ,129,1935
2026-03-23,AG-E-052,ภาคใต้,145,3006
2026-03-24,TK-A-001,กรุงเทพฯ,279,5162
2026-03-24,TK-A-001,ภาคกลาง,219,4836
2026-03-24,TK-A-001,ภาคตะวันออก,175,3289
2026-03-24,TK-A-001,ภาคเหนือ,172,2540
2026-03-24,TK-A-001,ภาคใต้,208,3305
2026-03-24,GL-B-014,กรุงเทพฯ,1703,24621
2026-03-24,GL-B-014,ภาคกลาง,1223,22821
2026-03-24,GL-B-014,ภาคตะวันออก,914,14580
2026-03-24,GL-B-014,ภาคเหนือ,748,13329
2026-03-24,GL-B-014,ภาคใต้,1112,19725
2026-03-24,MK-C-028,กรุงเทพฯ,1014,18677
2026-03-24,MK-C-028,ภาคกลาง,895,16551
2026-03-24,MK-C-028,ภาคตะวันออก,718,12072
2026-03-24,MK-C-028,ภาคเหนือ,581,10658
2026-03-24,MK-C-028,ภาคใต้,756,13907
2026-03-24,SY-D-039,กรุงเทพฯ,719,14202
2026-03-24,SY-D-039,ภาคกลาง,546,10361
2026-03-24,SY-D-039,ภาคตะวันออก,428,8395
2026-03-24,SY-D-039,ภาคเหนือ,369,8254
2026-03-24,SY-D-039,ภาคใต้,451,10214
2026-03-24,AG-E-052,กรุงเทพฯ,221,4267
2026-03-24,AG-E-052,ภาคกลาง,178,2840
2026-03-24,AG-E-052,ภาคตะวันออก,138,2123
2026-03-24,AG-E-052,ภาคเหนือ,118,1881
2026-03-24,AG-E-052,ภาคใต้,157,2872
2026-03-25,TK-A-001,กรุงเทพฯ,325,5996
2026-03-25,TK-A-001,ภาคกลาง,258,4654
2026-03-25,TK-A-001,ภาคตะวันออก,168,3411
2026-03-25,TK-A-001,ภาคเหนือ,160,3060
2026-03-25,TK-A-001,ภาคใต้,210,4003
2026-03-25,GL-B-014,กรุงเทพฯ,1431,30364
2026-03-25,GL-B-014,ภาคกลาง,1323,22851
2026-03-25,GL-B-014,ภาคตะวันออก,903,15164
2026-03-25,GL-B-014,ภาคเหนือ,821,12823
2026-03-25,GL-B-014,ภาคใต้,956,17757
2026-03-25,MK-C-028,กรุงเทพฯ,1035,18900
2026-03-25,MK-C-028,ภาคกลาง,961,14305
2026-03-25,MK-C-028,ภาคตะวันออก,736,12972
2026-03-25,MK-C-028,ภาคเหนือ,632,10058
2026-03-25,MK-C-028,ภาคใต้,810,14602
2026-03-25,SY-D-039,กรุงเทพฯ,822,14882
2026-03-25,SY-D-039,ภาคกลาง,542,10638
2026-03-25,SY-D-039,ภาคตะวันออก,442,7422
2026-03-25,SY-D-039,ภาคเหนือ,433,7635
2026-03-25,SY-D-039,ภาคใต้,459,10120
2026-03-25,AG-E-052,กรุงเทพฯ,223,4572
2026-03-25,AG-E-052,ภาคกลาง,179,3337
2026-03-25,AG-E-052,ภาคตะวันออก,140,2643
2026-03-25,AG-E-052,ภาคเหนือ,122,2244
2026-03-25,AG-E-052,ภาคใต้,156,2645
2026-03-26,TK-A-001,กรุงเทพฯ,273,5075
2026-03-26,TK-A-001,ภาคกลาง,230,4472
2026-03-26,TK-A-001,ภาคตะวันออก,190,3190
2026-03-26,TK-A-001,ภาคเหนือ,145,2835
2026-03-26,TK-A-001,ภาคใต้,199,3324
2026-03-26,GL-B-014,กรุงเทพฯ,1578,29257
2026-03-26,GL-B-014,ภาคกลาง,1120,20329
2026-03-26,GL-B-014,ภาคตะวันออก,894,17514
2026-03-26,GL-B-014,ภาคเหนือ,771,16136
2026-03-26,GL-B-014,ภาคใต้,935,19842
2026-03-26,MK-C-028,กรุงเทพฯ,1111,18025
2026-03-26,MK-C-028,ภาคกลาง,866,14858
2026-03-26,MK-C-028,ภาคตะวันออก,651,13408
2026-03-26,MK-C-028,ภาคเหนือ,654,11097
2026-03-26,MK-C-028,ภาคใต้,707,14386
2026-03-26,SY-D-039,กรุงเทพฯ,779,13176
2026-03-26,SY-D-039,ภาคกลาง,635,12293
2026-03-26,SY-D-039,ภาคตะวันออก,459,7061
2026-03-26,SY-D-039,ภาคเหนือ,408,6817
2026-03-26,SY-D-039,ภาคใต้,486,9030
2026-03-26,AG-E-052,กรุงเทพฯ,203,3497
2026-03-26,AG-E-052,ภาคกลาง,181,3047
2026-03-26,AG-E-052,ภาคตะวันออก,125,2551
2026-03-26,AG-E-052,ภาคเหนือ,121,2486
2026-03-26,AG-E-052,ภาคใต้,163,2321
2026-03-27,TK-A-001,กรุงเทพฯ,314,5211
2026-03-27,TK-A-001,ภาคกลาง,259,3797
2026-03-27,TK-A-001,ภาคตะวันออก,172,2925
2026-03-27,TK-A-001,ภาคเหนือ,145,2708
2026-03-27,TK-A-001,ภาคใต้,186,3417
2026-03-27,GL-B-014,กรุงเทพฯ,1654,29351
2026-03-27,GL-B-014,ภาคกลาง,1299,25282
2026-03-27,GL-B-014,ภาคตะวันออก,940,18812
2026-03-27,GL-B-014,ภาคเหนือ,903,14151
2026-03-27,GL-B-014,ภาคใต้,956,16224
2026-03-27,MK-C-028,กรุงเทพฯ,1177,17251
2026-03-27,MK-C-028,ภาคกลาง,890,17077
2026-03-27,MK-C-028,ภาคตะวันออก,635,11564
2026-03-27,MK-C-028,ภาคเหนือ,614,10182
2026-03-27,MK-C-028,ภาคใต้,690,12915
2026-03-27,SY-D-039,กรุงเทพฯ,789,11606
2026-03-27,SY-D-039,ภาคกลาง,561,12123
2026-03-27,SY-D-039,ภาคตะวันออก,433,7464
2026-03-27,SY-D-039,ภาคเหนือ,400,6196
2026-03-27,SY-D-039,ภาคใต้,536,9525
2026-03-27,AG-E-052,กรุงเทพฯ,212,3976
2026-03-27,AG-E-052,ภาคกลาง,198,3645
2026-03-27,AG-E-052,ภาคตะวันออก,143,2258
2026-03-27,AG-E-052,ภาคเหนือ,126,1951
2026-03-27,AG-E-052,ภาคใต้,141,2836
2026-03-28,TK-A-001,กรุงเทพฯ,315,5790
2026-03-28,TK-A-001,ภาคกลาง,220,4772
2026-03-28,TK-A-001,ภาคตะวันออก,184,2851
2026-03-28,TK-A-001,ภาคเหนือ,158,2875
2026-03-28,TK-A-001,ภาคใต้,212,3500
2026-03-28,GL-B-014,กรุงเทพฯ,1408,31226
2026-03-28,GL-B-014,ภาคกลาง,1366,20878
2026-03-28,GL-B-014,ภาคตะวันออก,900,14743
2026-03-28,GL-B-014,ภาคเหนือ,758,15795
2026-03-28,GL-B-014,ภาคใต้,974,20752
2026-03-28,MK-C-028,กรุงเทพฯ,1175,21533
2026-03-28,MK-C-028,ภาคกลาง,883,15865
2026-03-28,MK-C-028,ภาคตะวันออก,640,10619
2026-03-28,MK-C-028,ภาคเหนือ,602,12399
2026-03-28,MK-C-028,ภาคใต้,699,12474
2026-03-28,SY-D-039,กรุงเทพฯ,823,15182
2026-03-28,SY-D-039,ภาคกลาง,584,9366
2026-03-28,SY-D-039,ภาคตะวันออก,448,8765
2026-03-28,SY-D-039,ภาคเหนือ,366,6579
2026-03-28,SY-D-039,ภาคใต้,498,9170
2026-03-28,AG-E-052,กรุงเทพฯ,247,3975
2026-03-28,AG-E-052,ภาคกลาง,163,2884
2026-03-28,AG-E-052,ภาคตะวันออก,128,2609
2026-03-28,AG-E-052,ภาคเหนือ,111,2060
2026-03-28,AG-E-052,ภาคใต้,138,2564
2026-03-29,TK-A-001,กรุงเทพฯ,320,5608
2026-03-29,TK-A-001,ภาคกลาง,233,4947
2026-03-29,TK-A-001,ภาคตะวันออก,177,3624
2026-03-29,TK-A-001,ภาคเหนือ,150,3311
2026-03-29,TK-A-001,ภาคใต้,184,3111
2026-03-29,GL-B-014,กรุงเทพฯ,1615,24125
2026-03-29,GL-B-014,ภาคกลาง,1351,22274
2026-03-29,GL-B-014,ภาคตะวันออก,904,16634
2026-03-29,GL-B-014,ภาคเหนือ,772,14252
2026-03-29,GL-B-014,ภาคใต้,975,20741
2026-03-29,MK-C-028,กรุงเทพฯ,1226,19808
2026-03-29,MK-C-028,ภาคกลาง,910,14202
2026-03-29,MK-C-028,ภาคตะวันออก,664,13664
2026-03-29,MK-C-028,ภาคเหนือ,586,11872
2026-03-29,MK-C-028,ภาคใต้,726,13914
2026-03-29,SY-D-039,กรุงเทพฯ,792,14208
2026-03-29,SY-D-039,ภาคกลาง,648,12421
2026-03-29,SY-D-039,ภาคตะวันออก,429,7111
2026-03-29,SY-D-039,ภาคเหนือ,386,7181
2026-03-29,SY-D-039,ภาคใต้,493,9533
2026-03-29,AG-E-052,กรุงเทพฯ,224,4277
2026-03-29,AG-E-052,ภาคกลาง,186,3702
2026-03-29,AG-E-052,ภาคตะวันออก,136,2358
2026-03-29,AG-E-052,ภาคเหนือ,124,1930
2026-03-29,AG-E-052,ภาคใต้,150,3107
2026-03-30,TK-A-001,กรุงเทพฯ,280,6084
2026-03-30,TK-A-001,ภาคกลาง,258,3724
2026-03-30,TK-A-001,ภาคตะวันออก,193,2992
2026-03-30,TK-A-001,ภาคเหนือ,148,2796
2026-03-30,TK-A-001,ภาคใต้,200,3493
2026-03-30,GL-B-014,กรุงเทพฯ,1599,27100
2026-03-30,GL-B-014,ภาคกลาง,1127,25525
2026-03-30,GL-B-014,ภาคตะวันออก,854,17063
2026-03-30,GL-B-014,ภาคเหนือ,860,15293
2026-03-30,GL-B-014,ภาคใต้,1053,21246
2026-03-30,MK-C-028,กรุงเทพฯ,1145,19778
2026-03-30,MK-C-028,ภาคกลาง,836,16158
2026-03-30,MK-C-028,ภาคตะวันออก,677,13483
2026-03-30,MK-C-028,ภาคเหนือ,562,9887
2026-03-30,MK-C-028,ภาคใต้,783,15183
2026-03-30,SY-D-039,กรุงเทพฯ,823,15246
2026-03-30,SY-D-039,ภาคกลาง,637,9476
2026-03-30,SY-D-039,ภาคตะวันออก,465,7947
2026-03-30,SY-D-039,ภาคเหนือ,380,8270
2026-03-30,SY-D-039,ภาคใต้,527,7900
2026-03-30,AG-E-052,กรุงเทพฯ,248,4386
2026-03-30,AG-E-052,ภาคกลาง,185,3600
2026-03-30,AG-E-052,ภาคตะวันออก,131,2204
2026-03-30,AG-E-052,ภาคเหนือ,114,2297
2026-03-30,AG-E-052,ภาคใต้,155,3078
2026-03-31,TK-A-001,กรุงเทพฯ,275,4844
2026-03-31,TK-A-001,ภาคกลาง,230,4468
2026-03-31,TK-A-001,ภาคตะวันออก,173,3116
2026-03-31,TK-A-001,ภาคเหนือ,146,3326
2026-03-31,TK-A-001,ภาคใต้,184,3167
2026-03-31,GL-B-014,กรุงเทพฯ,1539,26522
2026-03-31,GL-B-014,ภาคกลาง,1179,20289
2026-03-31,GL-B-014,ภาคตะวันออก,986,14842
2026-03-31,GL-B-014,ภาคเหนือ,766,15912
2026-03-31,GL-B-014,ภาคใต้,960,19328
2026-03-31,MK-C-028,กรุงเทพฯ,1147,22189
2026-03-31,MK-C-028,ภาคกลาง,915,17314
2026-03-31,MK-C-028,ภาคตะวันออก,710,12855
2026-03-31,MK-C-028,ภาคเหนือ,615,12352
2026-03-31,MK-C-028,ภาคใต้,720,14164
2026-03-31,SY-D-039,กรุงเทพฯ,825,14166
2026-03-31,SY-D-039,ภาคกลาง,544,12255
2026-03-31,SY-D-039,ภาคตะวันออก,423,9102
2026-03-31,SY-D-039,ภาคเหนือ,419,7348
2026-03-31,SY-D-039,ภาคใต้,485,8097
2026-03-31,AG-E-052,กรุงเทพฯ,224,4387
2026-03-31,AG-E-052,ภาคกลาง,175,3403
2026-03-31,AG-E-052,ภาคตะวันออก,124,2567
2026-03-31,AG-E-052,ภาคเหนือ,121,2279
2026-03-31,AG-E-052,ภาคใต้,149,2379
2026-04-01,TK-A-001,กรุงเทพฯ,327,5642
2026-04-01,TK-A-001,ภาคกลาง,239,4612
2026-04-01,TK-A-001,ภาคตะวันออก,167,3222
2026-04-01,TK-A-001,ภาคเหนือ,156,2572
2026-04-01,TK-A-001,ภาคใต้,195,3808
2026-04-01,GL-B-014,กรุงเทพฯ,1514,27615
2026-04-01,GL-B-014,ภาคกลาง,1169,19539
2026-04-01,GL-B-014,ภาคตะวันออก,855,15848
2026-04-01,GL-B-014,ภาคเหนือ,906,13385
2026-04-01,GL-B-014,ภาคใต้,1119,19432
2026-04-01,MK-C-028,กรุงเทพฯ,1166,20435
2026-04-01,MK-C-028,ภาคกลาง,871,16499
2026-04-01,MK-C-028,ภาคตะวันออก,664,13513
2026-04-01,MK-C-028,ภาคเหนือ,594,9543
2026-04-01,MK-C-028,ภาคใต้,716,13091
2026-04-01,SY-D-039,กรุงเทพฯ,709,14876
2026-04-01,SY-D-039,ภาคกลาง,549,11601
2026-04-01,SY-D-039,ภาคตะวันออก,490,7594
2026-04-01,SY-D-039,ภาคเหนือ,428,7655
2026-04-01,SY-D-039,ภาคใต้,519,7850
2026-04-01,AG-E-052,กรุงเทพฯ,228,3921
2026-04-01,AG-E-052,ภาคกลาง,188,3721
2026-04-01,AG-E-052,ภาคตะวันออก,139,2492
2026-04-01,AG-E-052,ภาคเหนือ,115,2055
2026-04-01,AG-E-052,ภาคใต้,144,2641
2026-04-02,TK-A-001,กรุงเทพฯ,326,5410
2026-04-02,TK-A-001,ภาคกลาง,246,4652
2026-04-02,TK-A-001,ภาคตะวันออก,185,3086
2026-04-02,TK-A-001,ภาคเหนือ,148,2978
2026-04-02,TK-A-001,ภาคใต้,195,4160
2026-04-02,GL-B-014,กรุงเทพฯ,1675,30874
2026-04-02,GL-B-014,ภาคกลาง,1220,20769
2026-04-02,GL-B-014,ภาคตะวันออก,1020,18403
2026-04-02,GL-B-014,ภาคเหนือ,770,14147
2026-04-02,GL-B-014,ภาคใต้,970,18872
2026-04-02,MK-C-028,กรุงเทพฯ,1214,22799
2026-04-02,MK-C-028,ภาคกลาง,941,17939
2026-04-02,MK-C-028,ภาคตะวันออก,707,13807
2026-04-02,MK-C-028,ภาคเหนือ,584,10697
2026-04-02,MK-C-028,ภาคใต้,680,12010
2026-04-02,SY-D-039,กรุงเทพฯ,805,15335
2026-04-02,SY-D-039,ภาคกลาง,600,10351
2026-04-02,SY-D-039,ภาคตะวันออก,497,9189
2026-04-02,SY-D-039,ภาคเหนือ,376,7387
2026-04-02,SY-D-039,ภาคใต้,497,8330
2026-04-02,AG-E-052,กรุงเทพฯ,205,4363
2026-04-02,AG-E-052,ภาคกลาง,168,3312
2026-04-02,AG-E-052,ภาคตะวันออก,132,2667
2026-04-02,AG-E-052,ภาคเหนือ,111,2485
2026-04-02,AG-E-052,ภาคใต้,162,3098
2026-04-03,TK-A-001,กรุงเทพฯ,324,5529
2026-04-03,TK-A-001,ภาคกลาง,263,4545
2026-04-03,TK-A-001,ภาคตะวันออก,193,3281
2026-04-03,TK-A-001,ภาคเหนือ,173,3204
2026-04-03,TK-A-001,ภาคใต้,190,4138
2026-04-03,GL-B-014,กรุงเทพฯ,1438,31443
2026-04-03,GL-B-014,ภาคกลาง,1212,20235
2026-04-03,GL-B-014,ภาคตะวันออก,1028,18120
2026-04-03,GL-B-014,ภาคเหนือ,907,15631
2026-04-03,GL-B-014,ภาคใต้,1087,17707
2026-04-03,MK-C-028,กรุงเทพฯ,1239,22502
2026-04-03,MK-C-028,ภาคกลาง,964,16388
2026-04-03,MK-C-028,ภาคตะวันออก,679,10503
2026-04-03,MK-C-028,ภาคเหนือ,648,12451
2026-04-03,MK-C-028,ภาคใต้,815,13768
2026-04-03,SY-D-039,กรุงเทพฯ,775,14396
2026-04-03,SY-D-039,ภาคกลาง,652,11897
2026-04-03,SY-D-039,ภาคตะวันออก,483,9138
2026-04-03,SY-D-039,ภาคเหนือ,402,7462
2026-04-03,SY-D-039,ภาคใต้,544,7948
2026-04-03,AG-E-052,กรุงเทพฯ,243,3897
2026-04-03,AG-E-052,ภาคกลาง,191,3716
2026-04-03,AG-E-052,ภาคตะวันออก,138,2654
2026-04-03,AG-E-052,ภาคเหนือ,120,2234
2026-04-03,AG-E-052,ภาคใต้,161,3049
2026-04-04,TK-A-001,กรุงเทพฯ,324,4958
2026-04-04,TK-A-001,ภาคกลาง,253,3966
2026-04-04,TK-A-001,ภาคตะวันออก,172,3125
2026-04-04,TK-A-001,ภาคเหนือ,153,3074
2026-04-04,TK-A-001,ภาคใต้,183,3488
2026-04-04,GL-B-014,กรุงเทพฯ,1687,24032
2026-04-04,GL-B-014,ภาคกลาง,1240,21105
2026-04-04,GL-B-014,ภาคตะวันออก,942,18329
2026-04-04,GL-B-014,ภาคเหนือ,803,16413
2026-04-04,GL-B-014,ภาคใต้,1088,21257
2026-04-04,MK-C-028,กรุงเทพฯ,1150,22487
2026-04-04,MK-C-028,ภาคกลาง,935,17563
2026-04-04,MK-C-028,ภาคตะวันออก,692,12912
2026-04-04,MK-C-028,ภาคเหนือ,569,11328
2026-04-04,MK-C-028,ภาคใต้,762,11848
2026-04-04,SY-D-039,กรุงเทพฯ,727,12275
2026-04-04,SY-D-039,ภาคกลาง,557,10637
2026-04-04,SY-D-039,ภาคตะวันออก,434,8855
2026-04-04,SY-D-039,ภาคเหนือ,433,6414
2026-04-04,SY-D-039,ภาคใต้,488,10302
2026-04-04,AG-E-052,กรุงเทพฯ,225,4235
2026-04-04,AG-E-052,ภาคกลาง,185,2884
2026-04-04,AG-E-052,ภาคตะวันออก,125,2730
2026-04-04,AG-E-052,ภาคเหนือ,115,2128
2026-04-04,AG-E-052,ภาคใต้,140,2420
2026-04-05,TK-A-001,กรุงเทพฯ,278,4866
2026-04-05,TK-A-001,ภาคกลาง,259,3855
2026-04-05,TK-A-001,ภาคตะวันออก,191,3065
2026-04-05,TK-A-001,ภาคเหนือ,163,2905
2026-04-05,TK-A-001,ภาคใต้,183,3953
2026-04-05,GL-B-014,กรุงเทพฯ,1574,30030
2026-04-05,GL-B-014,ภาคกลาง,1187,21640
2026-04-05,GL-B-014,ภาคตะวันออก,1000,18199
2026-04-05,GL-B-014,ภาคเหนือ,869,16190
2026-04-05,GL-B-014,ภาคใต้,1047,18557
2026-04-05,MK-C-028,กรุงเทพฯ,1162,18220
2026-04-05,MK-C-028,ภาคกลาง,820,16256
2026-04-05,MK-C-028,ภาคตะวันออก,677,13158
2026-04-05,MK-C-028,ภาคเหนือ,653,12243
2026-04-05,MK-C-028,ภาคใต้,818,12062
2026-04-05,SY-D-039,กรุงเทพฯ,803,12266
2026-04-05,SY-D-039,ภาคกลาง,628,10801
2026-04-05,SY-D-039,ภาคตะวันออก,482,8813
2026-04-05,SY-D-039,ภาคเหนือ,368,6272
2026-04-05,SY-D-039,ภาคใต้,554,10287
2026-04-05,AG-E-052,กรุงเทพฯ,242,4122
2026-04-05,AG-E-052,ภาคกลาง,177,3187
2026-04-05,AG-E-052,ภาคตะวันออก,145,2722
2026-04-05,AG-E-052,ภาคเหนือ,117,2223
2026-04-05,AG-E-052,ภาคใต้,154,2336
2026-04-06,TK-A-001,กรุงเทพฯ,277,6134
2026-04-06,TK-A-001,ภาคกลาง,247,4436
2026-04-06,TK-A-001,ภาคตะวันออก,165,3524
2026-04-06,TK-A-001,ภาคเหนือ,148,2508
2026-04-06,TK-A-001,ภาคใต้,217,3266
2026-04-06,GL-B-014,กรุงเทพฯ,1564,30022
2026-04-06,GL-B-014,ภาคกลาง,1344,24733
2026-04-06,GL-B-014,ภาคตะวันออก,865,18984
2026-04-06,GL-B-014,ภาคเหนือ,867,14804
2026-04-06,GL-B-014,ภาคใต้,995,16154
2026-04-06,MK-C-028,กรุงเทพฯ,1185,21170
2026-04-06,MK-C-028,ภาคกลาง,888,15430
2026-04-06,MK-C-028,ภาคตะวันออก,699,11686
2026-04-06,MK-C-028,ภาคเหนือ,602,10876
2026-04-06,MK-C-028,ภาคใต้,797,14795
2026-04-06,SY-D-039,กรุงเทพฯ,689,12232
2026-04-06,SY-D-039,ภาคกลาง,618,11922
2026-04-06,SY-D-039,ภาคตะวันออก,464,8070
2026-04-06,SY-D-039,ภาคเหนือ,381,6933
2026-04-06,SY-D-039,ภาคใต้,455,8600
2026-04-06,AG-E-052,กรุงเทพฯ,235,4379
2026-04-06,AG-E-052,ภาคกลาง,176,3300
2026-04-06,AG-E-052,ภาคตะวันออก,141,2509
2026-04-06,AG-E-052,ภาคเหนือ,120,1953
2026-04-06,AG-E-052,ภาคใต้,163,2877
2026-04-07,TK-A-001,กรุงเทพฯ,322,5027
2026-04-07,TK-A-001,ภาคกลาง,260,3979
2026-04-07,TK-A-001,ภาคตะวันออก,182,3583
2026-04-07,TK-A-001,ภาคเหนือ,162,2490
2026-04-07,TK-A-001,ภาคใต้,218,3660
2026-04-07,GL-B-014,กรุงเทพฯ,1473,31791
2026-04-07,GL-B-014,ภาคกลาง,1300,22199
2026-04-07,GL-B-014,ภาคตะวันออก,898,15950
2026-04-07,GL-B-014,ภาคเหนือ,871,12968
2026-04-07,GL-B-014,ภาคใต้,1082,17195
2026-04-07,MK-C-028,กรุงเทพฯ,1196,18088
2026-04-07,MK-C-028,ภาคกลาง,928,14260
2026-04-07,MK-C-028,ภาคตะวันออก,622,11558
2026-04-07,MK-C-028,ภาคเหนือ,602,10828
2026-04-07,MK-C-028,ภาคใต้,742,13979
2026-04-07,SY-D-039,กรุงเทพฯ,811,14828
2026-04-07,SY-D-039,ภาคกลาง,656,11201
2026-04-07,SY-D-039,ภาคตะวันออก,498,8099
2026-04-07,SY-D-039,ภาคเหนือ,365,8193
2026-04-07,SY-D-039,ภาคใต้,547,8533
2026-04-07,AG-E-052,กรุงเทพฯ,207,4322
2026-04-07,AG-E-052,ภาคกลาง,186,2864
2026-04-07,AG-E-052,ภาคตะวันออก,141,2740
2026-04-07,AG-E-052,ภาคเหนือ,120,2121
2026-04-07,AG-E-052,ภาคใต้,160,2705
2026-04-08,TK-A-001,กรุงเทพฯ,328,5328
2026-04-08,TK-A-001,ภาคกลาง,264,3905
2026-04-08,TK-A-001,ภาคตะวันออก,184,3694
2026-04-08,TK-A-001,ภาคเหนือ,160,2696
2026-04-08,TK-A-001,ภาคใต้,199,3259
2026-04-08,GL-B-014,กรุงเทพฯ,1423,26501
2026-04-08,GL-B-014,ภาคกลาง,1198,25446
2026-04-08,GL-B-014,ภาคตะวันออก,946,19307
2026-04-08,GL-B-014,ภาคเหนือ,752,13858
2026-04-08,GL-B-014,ภาคใต้,1096,19988
2026-04-08,MK-C-028,กรุงเทพฯ,1093,19531
2026-04-08,MK-C-028,ภาคกลาง,854,14792
2026-04-08,MK-C-028,ภาคตะวันออก,726,13854
2026-04-08,MK-C-028,ภาคเหนือ,621,9843
2026-04-08,MK-C-028,ภาคใต้,766,15368
2026-04-08,SY-D-039,กรุงเทพฯ,738,15110
2026-04-08,SY-D-039,ภาคกลาง,639,9551
2026-04-08,SY-D-039,ภาคตะวันออก,424,7834
2026-04-08,SY-D-039,ภาคเหนือ,375,7049
2026-04-08,SY-D-039,ภาคใต้,522,7835
2026-04-08,AG-E-052,กรุงเทพฯ,229,4483
2026-04-08,AG-E-052,ภาคกลาง,166,2877
2026-04-08,AG-E-052,ภาคตะวันออก,149,2144
2026-04-08,AG-E-052,ภาคเหนือ,120,2000
2026-04-08,AG-E-052,ภาคใต้,144,2678
2026-04-09,TK-A-001,กรุงเทพฯ,307,5407
2026-04-09,TK-A-001,ภาคกลาง,259,4605
2026-04-09,TK-A-001,ภาคตะวันออก,193,3403
2026-04-09,TK-A-001,ภาคเหนือ,164,3092
2026-04-09,TK-A-001,ภาคใต้,211,3858
2026-04-09,GL-B-014,กรุงเทพฯ,1486,28239
2026-04-09,GL-B-014,ภาคกลาง,1355,20968
2026-04-09,GL-B-014,ภาคตะวันออก,948,16482
2026-04-09,GL-B-014,ภาคเหนือ,753,16746
2026-04-09,GL-B-014,ภาคใต้,1052,21035
2026-04-09,MK-C-028,กรุงเทพฯ,1039,22145
2026-04-09,MK-C-028,ภาคกลาง,963,15200
2026-04-09,MK-C-028,ภาคตะวันออก,703,12180
2026-04-09,MK-C-028,ภาคเหนือ,644,9456
2026-04-09,MK-C-028,ภาคใต้,698,12130
2026-04-09,SY-D-039,กรุงเทพฯ,748,11850
2026-04-09,SY-D-039,ภาคกลาง,584,11507
2026-04-09,SY-D-039,ภาคตะวันออก,435,7272
2026-04-09,SY-D-039,ภาคเหนือ,414,6474
2026-04-09,SY-D-039,ภาคใต้,505,8407
2026-04-09,AG-E-052,กรุงเทพฯ,235,4180
2026-04-09,AG-E-052,ภาคกลาง,173,3403
2026-04-09,AG-E-052,ภาคตะวันออก,137,2608
2026-04-09,AG-E-052,ภาคเหนือ,131,2309
2026-04-09,AG-E-052,ภาคใต้,140,2359
2026-04-10,TK-A-001,กรุงเทพฯ,310,4925
2026-04-10,TK-A-001,ภาคกลาง,233,3746
2026-04-10,TK-A-001,ภาคตะวันออก,199,3616
2026-04-10,TK-A-001,ภาคเหนือ,161,3028
2026-04-10,TK-A-001,ภาคใต้,219,3641
2026-04-10,GL-B-014,กรุงเทพฯ,1670,27716
2026-04-10,GL-B-014,ภาคกลาง,1296,20403
2026-04-10,GL-B-014,ภาคตะวันออก,1017,14587
2026-04-10,GL-B-014,ภาคเหนือ,763,16617
2026-04-10,GL-B-014,ภาคใต้,1089,17296
2026-04-10,MK-C-028,กรุงเทพฯ,1046,23271
2026-04-10,MK-C-028,ภาคกลาง,941,16818
2026-04-10,MK-C-028,ภาคตะวันออก,679,12679
2026-04-10,MK-C-028,ภาคเหนือ,556,9789
2026-04-10,MK-C-028,ภาคใต้,813,12755
2026-04-10,SY-D-039,กรุงเทพฯ,703,13291
2026-04-10,SY-D-039,ภาคกลาง,647,10270
2026-04-10,SY-D-039,ภาคตะวันออก,435,8966
2026-04-10,SY-D-039,ภาคเหนือ,430,7312
2026-04-10,SY-D-039,ภาคใต้,534,9045
2026-04-10,AG-E-052,กรุงเทพฯ,227,4566
2026-04-10,AG-E-052,ภาคกลาง,187,3622
2026-04-10,AG-E-052,ภาคตะวันออก,135,2785
2026-04-10,AG-E-052,ภาคเหนือ,115,2144
2026-04-10,AG-E-052,ภาคใต้,144,2591
2026-04-11,TK-A-001,กรุงเทพฯ,294,6163
2026-04-11,TK-A-001,ภาคกลาง,257,4779
2026-04-11,TK-A-001,ภาคตะวันออก,179,3044
2026-04-11,TK-A-001,ภาคเหนือ,176,2971
2026-04-11,TK-A-001,ภาคใต้,194,3679
2026-04-11,GL-B-014,กรุงเทพฯ,1692,29265
2026-04-11,GL-B-014,ภาคกลาง,1308,24039
2026-04-11,GL-B-014,ภาคตะวันออก,915,17882
2026-04-11,GL-B-014,ภาคเหนือ,781,15593
2026-04-11,GL-B-014,ภาคใต้,1131,20468
2026-04-11,MK-C-028,กรุงเทพฯ,1083,21257
2026-04-11,MK-C-028,ภาคกลาง,978,16399
2026-04-11,MK-C-028,ภาคตะวันออก,662,10489
2026-04-11,MK-C-028,ภาคเหนือ,627,11205
2026-04-11,MK-C-028,ภาคใต้,714,15608
2026-04-11,SY-D-039,กรุงเทพฯ,763,13216
2026-04-11,SY-D-039,ภาคกลาง,555,11468
2026-04-11,SY-D-039,ภาคตะวันออก,489,7895
2026-04-11,SY-D-039,ภาคเหนือ,376,7943
2026-04-11,SY-D-039,ภาคใต้,540,9020
2026-04-11,AG-E-052,กรุงเทพฯ,233,4367
2026-04-11,AG-E-052,ภาคกลาง,194,3015
2026-04-11,AG-E-052,ภาคตะวันออก,137,2757
2026-04-11,AG-E-052,ภาคเหนือ,133,1894
2026-04-11,AG-E-052,ภาคใต้,150,2619
2026-04-12,TK-A-001,กรุงเทพฯ,319,5922
2026-04-12,TK-A-001,ภาคกลาง,226,4216
2026-04-12,TK-A-001,ภาคตะวันออก,185,3262
2026-04-12,TK-A-001,ภาคเหนือ,163,2936
2026-04-12,TK-A-001,ภาคใต้,206,3544
2026-04-12,GL-B-014,กรุงเทพฯ,1652,32068
2026-04-12,GL-B-014,ภาคกลาง,1195,20419
2026-04-12,GL-B-014,ภาคตะวันออก,987,16201
2026-04-12,GL-B-014,ภาคเหนือ,842,16400
2026-04-12,GL-B-014,ภาคใต้,1073,16681
2026-04-12,MK-C-028,กรุงเทพฯ,1133,18077
2026-04-12,MK-C-028,ภาคกลาง,857,16601
2026-04-12,MK-C-028,ภาคตะวันออก,736,13070
2026-04-12,MK-C-028,ภาคเหนือ,581,9735
2026-04-12,MK-C-028,ภาคใต้,688,13550
2026-04-12,SY-D-039,กรุงเทพฯ,797,13373
2026-04-12,SY-D-039,ภาคกลาง,634,9782
2026-04-12,SY-D-039,ภาคตะวันออก,432,8841
2026-04-12,SY-D-039,ภาคเหนือ,382,7892
2026-04-12,SY-D-039,ภาคใต้,506,10328
2026-04-12,AG-E-052,กรุงเทพฯ,246,4468
2026-04-12,AG-E-052,ภาคกลาง,195,3642
2026-04-12,AG-E-052,ภาคตะวันออก,134,2212
2026-04-12,AG-E-052,ภาคเหนือ,120,2087
2026-04-12,AG-E-052,ภาคใต้,162,2963
2026-04-13,TK-A-001,กรุงเทพฯ,280,6021
2026-04-13,TK-A-001,ภาคกลาง,234,3846
2026-04-13,TK-A-001,ภาคตะวันออก,166,3560
2026-04-13,TK-A-001,ภาคเหนือ,168,3115
2026-04-13,TK-A-001,ภาคใต้,209,3931
2026-04-13,GL-B-014,กรุงเทพฯ,1616,26737
2026-04-13,GL-B-014,ภาคกลาง,1159,23618
2026-04-13,GL-B-014,ภาคตะวันออก,865,15248
2026-04-13,GL-B-014,ภาคเหนือ,884,15002
2026-04-13,GL-B-014,ภาคใต้,1068,16952
2026-04-13,MK-C-028,กรุงเทพฯ,1112,22264
2026-04-13,MK-C-028,ภาคกลาง,940,15043
2026-04-13,MK-C-028,ภาคตะวันออก,673,12062
2026-04-13,MK-C-028,ภาคเหนือ,623,9786
2026-04-13,MK-C-028,ภาคใต้,759,13505
2026-04-13,SY-D-039,กรุงเทพฯ,804,14200
2026-04-13,SY-D-039,ภาคกลาง,591,10173
2026-04-13,SY-D-039,ภาคตะวันออก,495,9151
2026-04-13,SY-D-039,ภาคเหนือ,437,6590
2026-04-13,SY-D-039,ภาคใต้,478,7841
2026-04-13,AG-E-052,กรุงเทพฯ,223,3902
2026-04-13,AG-E-052,ภาคกลาง,182,3102
2026-04-13,AG-E-052,ภาคตะวันออก,144,2321
2026-04-13,AG-E-052,ภาคเหนือ,110,2291
2026-04-13,AG-E-052,ภาคใต้,154,3123
2026-04-14,TK-A-001,กรุงเทพฯ,312,5085
2026-04-14,TK-A-001,ภาคกลาง,220,4385
2026-04-14,TK-A-001,ภาคตะวันออก,175,3007
2026-04-14,TK-A-001,ภาคเหนือ,161,2970
2026-04-14,TK-A-001,ภาคใต้,189,3389
2026-04-14,GL-B-014,กรุงเทพฯ,1590,32097
2026-04-14,GL-B-014,ภาคกลาง,1186,20668
2026-04-14,GL-B-014,ภาคตะวันออก,980,16650
2026-04-14,GL-B-014,ภาคเหนือ,768,16188
2026-04-14,GL-B-014,ภาคใต้,991,18403
2026-04-14,MK-C-028,กรุงเทพฯ,1231,20322
2026-04-14,MK-C-028,ภาคกลาง,860,17062
2026-04-14,MK-C-028,ภาคตะวันออก,738,12336
2026-04-14,MK-C-028,ภาคเหนือ,569,9805
2026-04-14,MK-C-028,ภาคใต้,776,11792
2026-04-14,SY-D-039,กรุงเทพฯ,817,13073
2026-04-14,SY-D-039,ภาคกลาง,590,10964
2026-04-14,SY-D-039,ภาคตะวันออก,418,8262
2026-04-14,SY-D-039,ภาคเหนือ,420,7099
2026-04-14,SY-D-039,ภาคใต้,555,8720
2026-04-14,AG-E-052,กรุงเทพฯ,246,4676
2026-04-14,AG-E-052,ภาคกลาง,183,3320
2026-04-14,AG-E-052,ภาคตะวันออก,147,2822
2026-04-14,AG-E-052,ภาคเหนือ,132,1909
2026-04-14,AG-E-052,ภาคใต้,156,2965
2026-04-15,TK-A-001,กรุงเทพฯ,294,4899
2026-04-15,TK-A-001,ภาคกลาง,243,4950
2026-04-15,TK-A-001,ภาคตะวันออก,197,3386
2026-04-15,TK-A-001,ภาคเหนือ,173,2709
2026-04-15,TK-A-001,ภาคใต้,189,3508
2026-04-15,GL-B-014,กรุงเทพฯ,1651,26631
2026-04-15,GL-B-014,ภาคกลาง,1270,22279
2026-04-15,GL-B-014,ภาคตะวันออก,1032,15234
2026-04-15,GL-B-014,ภาคเหนือ,912,13747
2026-04-15,GL-B-014,ภาคใต้,946,18809
2026-04-15,MK-C-028,กรุงเทพฯ,1245,18293
2026-04-15,MK-C-028,ภาคกลาง,898,14139
2026-04-15,MK-C-028,ภาคตะวันออก,684,11911
2026-04-15,MK-C-028,ภาคเหนือ,601,12521
2026-04-15,MK-C-028,ภาคใต้,739,14127
2026-04-15,SY-D-039,กรุงเทพฯ,781,15407
2026-04-15,SY-D-039,ภาคกลาง,573,12463
2026-04-15,SY-D-039,ภาคตะวันออก,429,8009
2026-04-15,SY-D-039,ภาคเหนือ,378,7125
2026-04-15,SY-D-039,ภาคใต้,552,8507
2026-04-15,AG-E-052,กรุงเทพฯ,238,4240
2026-04-15,AG-E-052,ภาคกลาง,175,2810
2026-04-15,AG-E-052,ภาคตะวันออก,148,2680
2026-04-15,AG-E-052,ภาคเหนือ,130,2070
2026-04-15,AG-E-052,ภาคใต้,160,3045
2026-04-16,TK-A-001,กรุงเทพฯ,331,5049
2026-04-16,TK-A-001,ภาคกลาง,241,4286
2026-04-16,TK-A-001,ภาคตะวันออก,197,3382
2026-04-16,TK-A-001,ภาคเหนือ,177,2598
2026-04-16,TK-A-001,ภาคใต้,199,3976
2026-04-16,GL-B-014,กรุงเทพฯ,1683,25463
2026-04-16,GL-B-014,ภาคกลาง,1186,25501
2026-04-16,GL-B-014,ภาคตะวันออก,976,16475
2026-04-16,GL-B-014,ภาคเหนือ,851,17304
2026-04-16,GL-B-014,ภาคใต้,1117,18618
2026-04-16,MK-C-028,กรุงเทพฯ,1133,21050
2026-04-16,MK-C-028,ภาคกลาง,854,18735
2026-04-16,MK-C-028,ภาคตะวันออก,753,11699
2026-04-16,MK-C-028,ภาคเหนือ,650,11348
2026-04-16,MK-C-028,ภาคใต้,749,15355
2026-04-16,SY-D-039,กรุงเทพฯ,758,14951
2026-04-16,SY-D-039,ภาคกลาง,605,10985
2026-04-16,SY-D-039,ภาคตะวันออก,453,9316
2026-04-16,SY-D-039,ภาคเหนือ,377,6391
2026-04-16,SY-D-039,ภาคใต้,509,10053
2026-04-16,AG-E-052,กรุงเทพฯ,214,4264
2026-04-16,AG-E-052,ภาคกลาง,192,3374
2026-04-16,AG-E-052,ภาคตะวันออก,142,2370
2026-04-16,AG-E-052,ภาคเหนือ,117,2503
2026-04-16,AG-E-052,ภาคใต้,154,2972
2026-04-17,TK-A-001,กรุงเทพฯ,316,5123
2026-04-17,TK-A-001,ภาคกลาง,233,4434
2026-04-17,TK-A-001,ภาคตะวันออก,168,3778
2026-04-17,TK-A-001,ภาคเหนือ,161,3332
2026-04-17,TK-A-001,ภาคใต้,210,4055
2026-04-17,GL-B-014,กรุงเทพฯ,1524,29747
2026-04-17,GL-B-014,ภาคกลาง,1333,20796
2026-04-17,GL-B-014,ภาคตะวันออก,1038,15621
2026-04-17,GL-B-014,ภาคเหนือ,770,15637
2026-04-17,GL-B-014,ภาคใต้,1081,17577
2026-04-17,MK-C-028,กรุงเทพฯ,1070,17681
2026-04-17,MK-C-028,ภาคกลาง,848,15124
2026-04-17,MK-C-028,ภาคตะวันออก,747,12006
2026-04-17,MK-C-028,ภาคเหนือ,605,11579
2026-04-17,MK-C-028,ภาคใต้,743,12192
2026-04-17,SY-D-039,กรุงเทพฯ,768,11762
2026-04-17,SY-D-039,ภาคกลาง,616,11544
2026-04-17,SY-D-039,ภาคตะวันออก,500,9020
2026-04-17,SY-D-039,ภาคเหนือ,389,7752
2026-04-17,SY-D-039,ภาคใต้,473,8379
2026-04-17,AG-E-052,กรุงเทพฯ,219,3704
2026-04-17,AG-E-052,ภาคกลาง,178,2981
2026-04-17,AG-E-052,ภาคตะวันออก,128,2333
2026-04-17,AG-E-052,ภาคเหนือ,117,2138
2026-04-17,AG-E-052,ภาคใต้,149,2800
2026-04-18,TK-A-001,กรุงเทพฯ,306,5078
2026-04-18,TK-A-001,ภาคกลาง,227,4663
2026-04-18,TK-A-001,ภาคตะวันออก,181,3745
2026-04-18,TK-A-001,ภาคเหนือ,173,3258
2026-04-18,TK-A-001,ภาคใต้,190,3227
2026-04-18,GL-B-014,กรุงเทพฯ,1429,26527
2026-04-18,GL-B-014,ภาคกลาง,1193,19416
2026-04-18,GL-B-014,ภาคตะวันออก,900,17611
2026-04-18,GL-B-014,ภาคเหนือ,870,14901
2026-04-18,GL-B-014,ภาคใต้,1128,19147
2026-04-18,MK-C-028,กรุงเทพฯ,1151,23608
2026-04-18,MK-C-028,ภาคกลาง,841,18331
2026-04-18,MK-C-028,ภาคตะวันออก,670,13728
2026-04-18,MK-C-028,ภาคเหนือ,646,10044
2026-04-18,MK-C-028,ภาคใต้,781,12298
2026-04-18,SY-D-039,กรุงเทพฯ,751,12236
2026-04-18,SY-D-039,ภาคกลาง,608,10836
2026-04-18,SY-D-039,ภาคตะวันออก,495,7714
2026-04-18,SY-D-039,ภาคเหนือ,381,7808
2026-04-18,SY-D-039,ภาคใต้,483,10335
2026-04-18,AG-E-052,กรุงเทพฯ,228,4373
2026-04-18,AG-E-052,ภาคกลาง,169,3585
2026-04-18,AG-E-052,ภาคตะวันออก,145,2202
2026-04-18,AG-E-052,ภาคเหนือ,126,2057
2026-04-18,AG-E-052,ภาคใต้,144,2963
2026-04-19,TK-A-001,กรุงเทพฯ,287,5382
2026-04-19,TK-A-001,ภาคกลาง,262,4688
2026-04-19,TK-A-001,ภาคตะวันออก,201,2835
2026-04-19,TK-A-001,ภาคเหนือ,161,3330
2026-04-19,TK-A-001,ภาคใต้,212,3122
2026-04-19,GL-B-014,กรุงเทพฯ,1571,29336
2026-04-19,GL-B-014,ภาคกลาง,1220,25146
2026-04-19,GL-B-014,ภาคตะวันออก,1033,17747
2026-04-19,GL-B-014,ภาคเหนือ,789,15920
2026-04-19,GL-B-014,ภาคใต้,1022,16233
2026-04-19,MK-C-028,กรุงเทพฯ,1190,18889
2026-04-19,MK-C-028,ภาคกลาง,881,15907
2026-04-19,MK-C-028,ภาคตะวันออก,655,14118
2026-04-19,MK-C-028,ภาคเหนือ,631,12109
2026-04-19,MK-C-028,ภาคใต้,776,12007
2026-04-19,SY-D-039,กรุงเทพฯ,700,13453
2026-04-19,SY-D-039,ภาคกลาง,660,11766
2026-04-19,SY-D-039,ภาคตะวันออก,442,8143
2026-04-19,SY-D-039,ภาคเหนือ,402,7087
2026-04-19,SY-D-039,ภาคใต้,533,9159
2026-04-19,AG-E-052,กรุงเทพฯ,236,4412
2026-04-19,AG-E-052,ภาคกลาง,197,2834
2026-04-19,AG-E-052,ภาคตะวันออก,130,2445
2026-04-19,AG-E-052,ภาคเหนือ,133,2451
2026-04-19,AG-E-052,ภาคใต้,138,2495
2026-04-20,TK-A-001,กรุงเทพฯ,327,6235
2026-04-20,TK-A-001,ภาคกลาง,224,3874
2026-04-20,TK-A-001,ภาคตะวันออก,188,3661
2026-04-20,TK-A-001,ภาคเหนือ,175,2571
2026-04-20,TK-A-001,ภาคใต้,218,3837
2026-04-20,GL-B-014,กรุงเทพฯ,1716,29088
2026-04-20,GL-B-014,ภาคกลาง,1227,22376
2026-04-20,GL-B-014,ภาคตะวันออก,1021,15867
2026-04-20,GL-B-014,ภาคเหนือ,926,16601
2026-04-20,GL-B-014,ภาคใต้,1019,18374
2026-04-20,MK-C-028,กรุงเทพฯ,1165,20000
2026-04-20,MK-C-028,ภาคกลาง,852,15949
2026-04-20,MK-C-028,ภาคตะวันออก,636,13265
2026-04-20,MK-C-028,ภาคเหนือ,579,12306
2026-04-20,MK-C-028,ภาคใต้,711,14154
2026-04-20,SY-D-039,กรุงเทพฯ,788,14371
2026-04-20,SY-D-039,ภาคกลาง,600,9794
2026-04-20,SY-D-039,ภาคตะวันออก,490,8555
2026-04-20,SY-D-039,ภาคเหนือ,414,7784
2026-04-20,SY-D-039,ภาคใต้,464,8786
2026-04-20,AG-E-052,กรุงเทพฯ,234,3751
2026-04-20,AG-E-052,ภาคกลาง,187,3377
2026-04-20,AG-E-052,ภาคตะวันออก,145,2207
2026-04-20,AG-E-052,ภาคเหนือ,117,2071
2026-04-20,AG-E-052,ภาคใต้,163,3155
2026-04-21,TK-A-001,กรุงเทพฯ,286,5036
2026-04-21,TK-A-001,ภาคกลาง,242,4233
2026-04-21,TK-A-001,ภาคตะวันออก,183,3717
2026-04-21,TK-A-001,ภาคเหนือ,147,2614
2026-04-21,TK-A-001,ภาคใต้,204,3451
2026-04-21,GL-B-014,กรุงเทพฯ,1694,28634
2026-04-21,GL-B-014,ภาคกลาง,1307,21316
2026-04-21,GL-B-014,ภาคตะวันออก,987,18742
2026-04-21,GL-B-014,ภาคเหนือ,921,15368
2026-04-21,GL-B-014,ภาคใต้,1043,17755
2026-04-21,MK-C-028,กรุงเทพฯ,1209,23527
2026-04-21,MK-C-028,ภาคกลาง,940,14823
2026-04-21,MK-C-028,ภาคตะวันออก,687,10791
2026-04-21,MK-C-028,ภาคเหนือ,640,9879
2026-04-21,MK-C-028,ภาคใต้,776,14037
2026-04-21,SY-D-039,กรุงเทพฯ,795,14794
2026-04-21,SY-D-039,ภาคกลาง,663,11672
2026-04-21,SY-D-039,ภาคตะวันออก,497,9404
2026-04-21,SY-D-039,ภาคเหนือ,426,6727
2026-04-21,SY-D-039,ภาคใต้,527,9717
2026-04-21,AG-E-052,กรุงเทพฯ,216,3542
2026-04-21,AG-E-052,ภาคกลาง,166,3526
2026-04-21,AG-E-052,ภาคตะวันออก,147,2710
2026-04-21,AG-E-052,ภาคเหนือ,117,2423
2026-04-21,AG-E-052,ภาคใต้,166,2608
2026-04-22,TK-A-001,กรุงเทพฯ,317,6048
2026-04-22,TK-A-001,ภาคกลาง,255,3781
2026-04-22,TK-A-001,ภาคตะวันออก,166,3112
2026-04-22,TK-A-001,ภาคเหนือ,164,2726
2026-04-22,TK-A-001,ภาคใต้,193,3657
2026-04-22,GL-B-014,กรุงเทพฯ,1549,26176
2026-04-22,GL-B-014,ภาคกลาง,1221,22400
2026-04-22,GL-B-014,ภาคตะวันออก,864,16634
2026-04-22,GL-B-014,ภาคเหนือ,885,15410
2026-04-22,GL-B-014,ภาคใต้,1092,17007
2026-04-22,MK-C-028,กรุงเทพฯ,1175,23655
2026-04-22,MK-C-028,ภาคกลาง,925,17136
2026-04-22,MK-C-028,ภาคตะวันออก,656,12764
2026-04-22,MK-C-028,ภาคเหนือ,584,10596
2026-04-22,MK-C-028,ภาคใต้,779,13961
2026-04-22,SY-D-039,กรุงเทพฯ,797,12243
2026-04-22,SY-D-039,ภาคกลาง,651,10550
2026-04-22,SY-D-039,ภาคตะวันออก,440,8575
2026-04-22,SY-D-039,ภาคเหนือ,385,7310
2026-04-22,SY-D-039,ภาคใต้,526,9305
2026-04-22,AG-E-052,กรุงเทพฯ,251,4046
2026-04-22,AG-E-052,ภาคกลาง,192,3734
2026-04-22,AG-E-052,ภาคตะวันออก,134,2112
2026-04-22,AG-E-052,ภาคเหนือ,125,2283
2026-04-22,AG-E-052,ภาคใต้,163,2620
2026-04-23,TK-A-001,กรุงเทพฯ,333,5548
2026-04-23,TK-A-001,ภาคกลาง,259,4581
2026-04-23,TK-A-001,ภาคตะวันออก,190,3647
2026-04-23,TK-A-001,ภาคเหนือ,172,3266
2026-04-23,TK-A-001,ภาคใต้,195,3760
2026-04-23,GL-B-014,กรุงเทพฯ,1721,32139
2026-04-23,GL-B-014,ภาคกลาง,1353,25013
2026-04-23,GL-B-014,ภาคตะวันออก,964,18386
2026-04-23,GL-B-014,ภาคเหนือ,890,16531
2026-04-23,GL-B-014,ภาคใต้,975,19666
2026-04-23,MK-C-028,กรุงเทพฯ,1222,20868
2026-04-23,MK-C-028,ภาคกลาง,866,17193
2026-04-23,MK-C-028,ภาคตะวันออก,729,13333
2026-04-23,MK-C-028,ภาคเหนือ,588,12482
2026-04-23,MK-C-028,ภาคใต้,697,12916
2026-04-23,SY-D-039,กรุงเทพฯ,719,13188
2026-04-23,SY-D-039,ภาคกลาง,655,9641
2026-04-23,SY-D-039,ภาคตะวันออก,456,7890
2026-04-23,SY-D-039,ภาคเหนือ,435,7663
2026-04-23,SY-D-039,ภาคใต้,506,9424
2026-04-23,AG-E-052,กรุงเทพฯ,229,4116
2026-04-23,AG-E-052,ภาคกลาง,186,3334
2026-04-23,AG-E-052,ภาคตะวันออก,134,2839
2026-04-23,AG-E-052,ภาคเหนือ,130,2341
2026-04-23,AG-E-052,ภาคใต้,142,2771
2026-04-24,TK-A-001,กรุงเทพฯ,335,5869
2026-04-24,TK-A-001,ภาคกลาง,269,3788
2026-04-24,TK-A-001,ภาคตะวันออก,200,2866
2026-04-24,TK-A-001,ภาคเหนือ,149,2696
2026-04-24,TK-A-001,ภาคใต้,208,3489
2026-04-24,GL-B-014,กรุงเทพฯ,1576,25038
2026-04-24,GL-B-014,ภาคกลาง,1141,22573
2026-04-24,GL-B-014,ภาคตะวันออก,957,17349
2026-04-24,GL-B-014,ภาคเหนือ,821,17165
2026-04-24,GL-B-014,ภาคใต้,1001,17186
2026-04-24,MK-C-028,กรุงเทพฯ,1223,18381
2026-04-24,MK-C-028,ภาคกลาง,965,17103
2026-04-24,MK-C-028,ภาคตะวันออก,697,12282
2026-04-24,MK-C-028,ภาคเหนือ,649,12263
2026-04-24,MK-C-028,ภาคใต้,764,14779
2026-04-24,SY-D-039,กรุงเทพฯ,703,14774
2026-04-24,SY-D-039,ภาคกลาง,603,12179
2026-04-24,SY-D-039,ภาคตะวันออก,429,7146
2026-04-24,SY-D-039,ภาคเหนือ,424,8434
2026-04-24,SY-D-039,ภาคใต้,492,8745
2026-04-24,AG-E-052,กรุงเทพฯ,230,4556
2026-04-24,AG-E-052,ภาคกลาง,181,3219
2026-04-24,AG-E-052,ภาคตะวันออก,140,2375
2026-04-24,AG-E-052,ภาคเหนือ,132,2264
2026-04-24,AG-E-052,ภาคใต้,156,2549
2026-04-25,TK-A-001,กรุงเทพฯ,285,6058
2026-04-25,TK-A-001,ภาคกลาง,221,4026
2026-04-25,TK-A-001,ภาคตะวันออก,173,3731
2026-04-25,TK-A-001,ภาคเหนือ,178,2896
2026-04-25,TK-A-001,ภาคใต้,193,3648
2026-04-25,GL-B-014,กรุงเทพฯ,1663,26009
2026-04-25,GL-B-014,ภาคกลาง,1188,21747
2026-04-25,GL-B-014,ภาคตะวันออก,949,15459
2026-04-25,GL-B-014,ภาคเหนือ,819,16575
2026-04-25,GL-B-014,ภาคใต้,1106,16503
2026-04-25,MK-C-028,กรุงเทพฯ,1165,20953
2026-04-25,MK-C-028,ภาคกลาง,880,17577
2026-04-25,MK-C-028,ภาคตะวันออก,749,11704
2026-04-25,MK-C-028,ภาคเหนือ,591,11178
2026-04-25,MK-C-028,ภาคใต้,771,15110
2026-04-25,SY-D-039,กรุงเทพฯ,780,12753
2026-04-25,SY-D-039,ภาคกลาง,652,9834
2026-04-25,SY-D-039,ภาคตะวันออก,491,9157
2026-04-25,SY-D-039,ภาคเหนือ,391,8102
2026-04-25,SY-D-039,ภาคใต้,520,9887
2026-04-25,AG-E-052,กรุงเทพฯ,216,4090
2026-04-25,AG-E-052,ภาคกลาง,197,3102
2026-04-25,AG-E-052,ภาคตะวันออก,144,2247
2026-04-25,AG-E-052,ภาคเหนือ,126,2503
2026-04-25,AG-E-052,ภาคใต้,155,2930
2026-04-26,TK-A-001,กรุงเทพฯ,333,5055
2026-04-26,TK-A-001,ภาคกลาง,225,4721
2026-04-26,TK-A-001,ภาคตะวันออก,202,3564
2026-04-26,TK-A-001,ภาคเหนือ,167,3012
2026-04-26,TK-A-001,ภาคใต้,219,3535
2026-04-26,GL-B-014,กรุงเทพฯ,1709,31177
2026-04-26,GL-B-014,ภาคกลาง,1208,25949
2026-04-26,GL-B-014,ภาคตะวันออก,954,19109
2026-04-26,GL-B-014,ภาคเหนือ,884,14916
2026-04-26,GL-B-014,ภาคใต้,1081,17461
2026-04-26,MK-C-028,กรุงเทพฯ,1103,19044
2026-04-26,MK-C-028,ภาคกลาง,980,15178
2026-04-26,MK-C-028,ภาคตะวันออก,654,14272
2026-04-26,MK-C-028,ภาคเหนือ,636,9563
2026-04-26,MK-C-028,ภาคใต้,787,13655
2026-04-26,SY-D-039,กรุงเทพฯ,811,13334
2026-04-26,SY-D-039,ภาคกลาง,645,11837
2026-04-26,SY-D-039,ภาคตะวันออก,454,7655
2026-04-26,SY-D-039,ภาคเหนือ,416,7084
2026-04-26,SY-D-039,ภาคใต้,518,9741
2026-04-26,AG-E-052,กรุงเทพฯ,249,3527
2026-04-26,AG-E-052,ภาคกลาง,171,2903
2026-04-26,AG-E-052,ภาคตะวันออก,148,2467
2026-04-26,AG-E-052,ภาคเหนือ,124,1909
2026-04-26,AG-E-052,ภาคใต้,162,2877
2026-04-27,TK-A-001,กรุงเทพฯ,286,5392
2026-04-27,TK-A-001,ภาคกลาง,257,4197
2026-04-27,TK-A-001,ภาคตะวันออก,192,3653
2026-04-27,TK-A-001,ภาคเหนือ,161,2646
2026-04-27,TK-A-001,ภาคใต้,223,3911
2026-04-27,GL-B-014,กรุงเทพฯ,1655,25335
2026-04-27,GL-B-014,ภาคกลาง,1176,23968
2026-04-27,GL-B-014,ภาคตะวันออก,930,15737
2026-04-27,GL-B-014,ภาคเหนือ,834,17063
2026-04-27,GL-B-014,ภาคใต้,1156,19300
2026-04-27,MK-C-028,กรุงเทพฯ,1126,22910
2026-04-27,MK-C-028,ภาคกลาง,897,16361
2026-04-27,MK-C-028,ภาคตะวันออก,658,11063
2026-04-27,MK-C-028,ภาคเหนือ,559,12677
2026-04-27,MK-C-028,ภาคใต้,720,15033
2026-04-27,SY-D-039,กรุงเทพฯ,792,13782
2026-04-27,SY-D-039,ภาคกลาง,564,10032
2026-04-27,SY-D-039,ภาคตะวันออก,456,7194
2026-04-27,SY-D-039,ภาคเหนือ,449,6486
2026-04-27,SY-D-039,ภาคใต้,471,9065
2026-04-27,AG-E-052,กรุงเทพฯ,209,4574
2026-04-27,AG-E-052,ภาคกลาง,184,3217
2026-04-27,AG-E-052,ภาคตะวันออก,142,2537
2026-04-27,AG-E-052,ภาคเหนือ,125,2292
2026-04-27,AG-E-052,ภาคใต้,143,3133
2026-04-28,TK-A-001,กรุงเทพฯ,330,6068
2026-04-28,TK-A-001,ภาคกลาง,233,5005
2026-04-28,TK-A-001,ภาคตะวันออก,174,3367
2026-04-28,TK-A-001,ภาคเหนือ,178,2839
2026-04-28,TK-A-001,ภาคใต้,220,3973
2026-04-28,GL-B-014,กรุงเทพฯ,1683,28605
2026-04-28,GL-B-014,ภาคกลาง,1340,21745
2026-04-28,GL-B-014,ภาคตะวันออก,1029,18580
2026-04-28,GL-B-014,ภาคเหนือ,919,13005
2026-04-28,GL-B-014,ภาคใต้,1011,19060
2026-04-28,MK-C-028,กรุงเทพฯ,1065,19821
2026-04-28,MK-C-028,ภาคกลาง,893,14742
2026-04-28,MK-C-028,ภาคตะวันออก,750,13718
2026-04-28,MK-C-028,ภาคเหนือ,602,10477
2026-04-28,MK-C-028,ภาคใต้,820,12512
2026-04-28,SY-D-039,กรุงเทพฯ,837,12120
2026-04-28,SY-D-039,ภาคกลาง,671,10517
2026-04-28,SY-D-039,ภาคตะวันออก,482,8408
2026-04-28,SY-D-039,ภาคเหนือ,419,8349
2026-04-28,SY-D-039,ภาคใต้,524,8381
2026-04-28,AG-E-052,กรุงเทพฯ,242,3675
2026-04-28,AG-E-052,ภาคกลาง,192,3578
2026-04-28,AG-E-052,ภาคตะวันออก,128,2753
2026-04-28,AG-E-052,ภาคเหนือ,118,2454
2026-04-28,AG-E-052,ภาคใต้,153,2646
2026-04-29,TK-A-001,กรุงเทพฯ,322,5094
2026-04-29,TK-A-001,ภาคกลาง,243,4022
2026-04-29,TK-A-001,ภาคตะวันออก,201,2991
2026-04-29,TK-A-001,ภาคเหนือ,161,2573
2026-04-29,TK-A-001,ภาคใต้,205,3545
2026-04-29,GL-B-014,กรุงเทพฯ,1479,28601
2026-04-29,GL-B-014,ภาคกลาง,1254,22829
2026-04-29,GL-B-014,ภาคตะวันออก,1005,18675
2026-04-29,GL-B-014,ภาคเหนือ,771,17412
2026-04-29,GL-B-014,ภาคใต้,1134,16861
2026-04-29,MK-C-028,กรุงเทพฯ,1172,23497
2026-04-29,MK-C-028,ภาคกลาง,924,16567
2026-04-29,MK-C-028,ภาคตะวันออก,656,11882
2026-04-29,MK-C-028,ภาคเหนือ,591,9558
2026-04-29,MK-C-028,ภาคใต้,739,14189
2026-04-29,SY-D-039,กรุงเทพฯ,750,15266
2026-04-29,SY-D-039,ภาคกลาง,560,10069
2026-04-29,SY-D-039,ภาคตะวันออก,431,7366
2026-04-29,SY-D-039,ภาคเหนือ,430,7445
2026-04-29,SY-D-039,ภาคใต้,535,10063
2026-04-29,AG-E-052,กรุงเทพฯ,210,3951
2026-04-29,AG-E-052,ภาคกลาง,176,3314
2026-04-29,AG-E-052,ภาคตะวันออก,138,2695
2026-04-29,AG-E-052,ภาคเหนือ,129,2204
2026-04-29,AG-E-052,ภาคใต้,165,2532
2026-04-30,TK-A-001,กรุงเทพฯ,300,5351
2026-04-30,TK-A-001,ภาคกลาง,262,4952
2026-04-30,TK-A-001,ภาคตะวันออก,180,3193
2026-04-30,TK-A-001,ภาคเหนือ,174,2735
2026-04-30,TK-A-001,ภาคใต้,211,3409
2026-04-30,GL-B-014,กรุงเทพฯ,1483,28909
2026-04-30,GL-B-014,ภาคกลาง,1328,24954
2026-04-30,GL-B-014,ภาคตะวันออก,934,19721
2026-04-30,GL-B-014,ภาคเหนือ,862,13512
2026-04-30,GL-B-014,ภาคใต้,1031,20380
2026-04-30,MK-C-028,กรุงเทพฯ,1041,22729
2026-04-30,MK-C-028,ภาคกลาง,864,14487
2026-04-30,MK-C-028,ภาคตะวันออก,696,12115
2026-04-30,MK-C-028,ภาคเหนือ,585,12730
2026-04-30,MK-C-028,ภาคใต้,720,12916
2026-04-30,SY-D-039,กรุงเทพฯ,751,15856
2026-04-30,SY-D-039,ภาคกลาง,644,12398
2026-04-30,SY-D-039,ภาคตะวันออก,428,7801
2026-04-30,SY-D-039,ภาคเหนือ,447,6995
2026-04-30,SY-D-039,ภาคใต้,539,9701
2026-04-30,AG-E-052,กรุงเทพฯ,209,3669
2026-04-30,AG-E-052,ภาคกลาง,181,3579
2026-04-30,AG-E-052,ภาคตะวันออก,139,2215
2026-04-30,AG-E-052,ภาคเหนือ,122,2499
2026-04-30,AG-E-052,ภาคใต้,140,3169
2026-05-01,TK-A-001,กรุงเทพฯ,290,5098
2026-05-01,TK-A-001,ภาคกลาง,263,5058
2026-05-01,TK-A-001,ภาคตะวันออก,167,3439
2026-05-01,TK-A-001,ภาคเหนือ,178,3239
2026-05-01,TK-A-001,ภาคใต้,190,3900
2026-05-01,GL-B-014,กรุงเทพฯ,1528,29579
2026-05-01,GL-B-014,ภาคกลาง,1220,24125
2026-05-01,GL-B-014,ภาคตะวันออก,985,17773
2026-05-01,GL-B-014,ภาคเหนือ,769,14595
2026-05-01,GL-B-014,ภาคใต้,1003,16268
2026-05-01,MK-C-028,กรุงเทพฯ,1158,23840
2026-05-01,MK-C-028,ภาคกลาง,842,17308
2026-05-01,MK-C-028,ภาคตะวันออก,738,13400
2026-05-01,MK-C-028,ภาคเหนือ,642,10471
2026-05-01,MK-C-028,ภาคใต้,769,15948
2026-05-01,SY-D-039,กรุงเทพฯ,711,13216
2026-05-01,SY-D-039,ภาคกลาง,610,10983
2026-05-01,SY-D-039,ภาคตะวันออก,428,7581
2026-05-01,SY-D-039,ภาคเหนือ,432,6738
2026-05-01,SY-D-039,ภาคใต้,470,9597
2026-05-01,AG-E-052,กรุงเทพฯ,246,4547
2026-05-01,AG-E-052,ภาคกลาง,174,3333
2026-05-01,AG-E-052,ภาคตะวันออก,148,2424
2026-05-01,AG-E-052,ภาคเหนือ,135,2108
2026-05-01,AG-E-052,ภาคใต้,164,2528
2026-05-02,TK-A-001,กรุงเทพฯ,315,4961
2026-05-02,TK-A-001,ภาคกลาง,246,4851
2026-05-02,TK-A-001,ภาคตะวันออก,200,2963
2026-05-02,TK-A-001,ภาคเหนือ,164,2924
2026-05-02,TK-A-001,ภาคใต้,188,3609
2026-05-02,GL-B-014,กรุงเทพฯ,1497,32379
2026-05-02,GL-B-014,ภาคกลาง,1262,24134
2026-05-02,GL-B-014,ภาคตะวันออก,867,18813
2026-05-02,GL-B-014,ภาคเหนือ,807,15496
2026-05-02,GL-B-014,ภาคใต้,1073,17957
2026-05-02,MK-C-028,กรุงเทพฯ,1105,18123
2026-05-02,MK-C-028,ภาคกลาง,877,18170
2026-05-02,MK-C-028,ภาคตะวันออก,751,12747
2026-05-02,MK-C-028,ภาคเหนือ,645,12704
2026-05-02,MK-C-028,ภาคใต้,810,14656
2026-05-02,SY-D-039,กรุงเทพฯ,785,15810
2026-05-02,SY-D-039,ภาคกลาง,660,11275
2026-05-02,SY-D-039,ภาคตะวันออก,426,9403
2026-05-02,SY-D-039,ภาคเหนือ,403,6848
2026-05-02,SY-D-039,ภาคใต้,533,8688
2026-05-02,AG-E-052,กรุงเทพฯ,222,3636
2026-05-02,AG-E-052,ภาคกลาง,197,2958
2026-05-02,AG-E-052,ภาคตะวันออก,149,2315
2026-05-02,AG-E-052,ภาคเหนือ,127,2282
2026-05-02,AG-E-052,ภาคใต้,166,2427
2026-05-03,TK-A-001,กรุงเทพฯ,314,5628
2026-05-03,TK-A-001,ภาคกลาง,244,4712
2026-05-03,TK-A-001,ภาคตะวันออก,189,3377
2026-05-03,TK-A-001,ภาคเหนือ,157,3386
2026-05-03,TK-A-001,ภาคใต้,196,4172
2026-05-03,GL-B-014,กรุงเทพฯ,1452,25464
2026-05-03,GL-B-014,ภาคกลาง,1189,24220
2026-05-03,GL-B-014,ภาคตะวันออก,887,15196
2026-05-03,GL-B-014,ภาคเหนือ,904,14659
2026-05-03,GL-B-014,ภาคใต้,970,21785
2026-05-03,MK-C-028,กรุงเทพฯ,1054,18439
2026-05-03,MK-C-028,ภาคกลาง,1010,16735
2026-05-03,MK-C-028,ภาคตะวันออก,647,13286
2026-05-03,MK-C-028,ภาคเหนือ,598,10147
2026-05-03,MK-C-028,ภาคใต้,817,12197
2026-05-03,SY-D-039,กรุงเทพฯ,723,15933
2026-05-03,SY-D-039,ภาคกลาง,563,12106
2026-05-03,SY-D-039,ภาคตะวันออก,426,8108
2026-05-03,SY-D-039,ภาคเหนือ,403,7108
2026-05-03,SY-D-039,ภาคใต้,471,9210
2026-05-03,AG-E-052,กรุงเทพฯ,216,4097
2026-05-03,AG-E-052,ภาคกลาง,173,3760
2026-05-03,AG-E-052,ภาคตะวันออก,129,2403
2026-05-03,AG-E-052,ภาคเหนือ,112,2408
2026-05-03,AG-E-052,ภาคใต้,142,2610
2026-05-04,TK-A-001,กรุงเทพฯ,340,5671
2026-05-04,TK-A-001,ภาคกลาง,243,4087
2026-05-04,TK-A-001,ภาคตะวันออก,187,3355
2026-05-04,TK-A-001,ภาคเหนือ,163,2962
2026-05-04,TK-A-001,ภาคใต้,225,3688
2026-05-04,GL-B-014,กรุงเทพฯ,1653,29172
2026-05-04,GL-B-014,ภาคกลาง,1310,23153
2026-05-04,GL-B-014,ภาคตะวันออก,903,15268
2026-05-04,GL-B-014,ภาคเหนือ,845,14914
2026-05-04,GL-B-014,ภาคใต้,1031,16585
2026-05-04,MK-C-028,กรุงเทพฯ,1270,20374
2026-05-04,MK-C-028,ภาคกลาง,978,16530
2026-05-04,MK-C-028,ภาคตะวันออก,702,11407
2026-05-04,MK-C-028,ภาคเหนือ,666,12752
2026-05-04,MK-C-028,ภาคใต้,768,14332
2026-05-04,SY-D-039,กรุงเทพฯ,756,12482
2026-05-04,SY-D-039,ภาคกลาง,676,11771
2026-05-04,SY-D-039,ภาคตะวันออก,502,8083
2026-05-04,SY-D-039,ภาคเหนือ,402,7344
2026-05-04,SY-D-039,ภาคใต้,518,7908
2026-05-04,AG-E-052,กรุงเทพฯ,252,4605
2026-05-04,AG-E-052,ภาคกลาง,178,2991
2026-05-04,AG-E-052,ภาคตะวันออก,129,2138
2026-05-04,AG-E-052,ภาคเหนือ,118,2403
2026-05-04,AG-E-052,ภาคใต้,150,2572
2026-05-05,TK-A-001,กรุงเทพฯ,306,6146
2026-05-05,TK-A-001,ภาคกลาง,250,4736
2026-05-05,TK-A-001,ภาคตะวันออก,199,3463
2026-05-05,TK-A-001,ภาคเหนือ,172,3323
2026-05-05,TK-A-001,ภาคใต้,208,3660
2026-05-05,GL-B-014,กรุงเทพฯ,1695,30510
2026-05-05,GL-B-014,ภาคกลาง,1210,23386
2026-05-05,GL-B-014,ภาคตะวันออก,938,16240
2026-05-05,GL-B-014,ภาคเหนือ,925,16884
2026-05-05,GL-B-014,ภาคใต้,1118,18095
2026-05-05,MK-C-028,กรุงเทพฯ,1201,20741
2026-05-05,MK-C-028,ภาคกลาง,961,18723
2026-05-05,MK-C-028,ภาคตะวันออก,688,10814
2026-05-05,MK-C-028,ภาคเหนือ,674,12363
2026-05-05,MK-C-028,ภาคใต้,771,12699
2026-05-05,SY-D-039,กรุงเทพฯ,740,15148
2026-05-05,SY-D-039,ภาคกลาง,680,10943
2026-05-05,SY-D-039,ภาคตะวันออก,439,9198
2026-05-05,SY-D-039,ภาคเหนือ,433,6826
2026-05-05,SY-D-039,ภาคใต้,503,10034
2026-05-05,AG-E-052,กรุงเทพฯ,210,4346
2026-05-05,AG-E-052,ภาคกลาง,195,3117
2026-05-05,AG-E-052,ภาคตะวันออก,128,2356
2026-05-05,AG-E-052,ภาคเหนือ,119,2347
2026-05-05,AG-E-052,ภาคใต้,142,2547
2026-05-06,TK-A-001,กรุงเทพฯ,327,5709
2026-05-06,TK-A-001,ภาคกลาง,259,4898
2026-05-06,TK-A-001,ภาคตะวันออก,193,2928
2026-05-06,TK-A-001,ภาคเหนือ,169,2809
2026-05-06,TK-A-001,ภาคใต้,218,3797
2026-05-06,GL-B-014,กรุงเทพฯ,1481,25409
2026-05-06,GL-B-014,ภาคกลาง,1236,21297
2026-05-06,GL-B-014,ภาคตะวันออก,960,19780
2026-05-06,GL-B-014,ภาคเหนือ,827,17068
2026-05-06,GL-B-014,ภาคใต้,1017,18200
2026-05-06,MK-C-028,กรุงเทพฯ,1135,20392
2026-05-06,MK-C-028,ภาคกลาง,1013,15998
2026-05-06,MK-C-028,ภาคตะวันออก,692,12910
2026-05-06,MK-C-028,ภาคเหนือ,627,10868
2026-05-06,MK-C-028,ภาคใต้,757,13670
2026-05-06,SY-D-039,กรุงเทพฯ,752,14608
2026-05-06,SY-D-039,ภาคกลาง,622,10763
2026-05-06,SY-D-039,ภาคตะวันออก,421,8853
2026-05-06,SY-D-039,ภาคเหนือ,425,7763
2026-05-06,SY-D-039,ภาคใต้,479,7956
2026-05-06,AG-E-052,กรุงเทพฯ,242,4425
2026-05-06,AG-E-052,ภาคกลาง,185,3183
2026-05-06,AG-E-052,ภาคตะวันออก,133,2236
2026-05-06,AG-E-052,ภาคเหนือ,131,1942
2026-05-06,AG-E-052,ภาคใต้,144,2753
2026-05-07,TK-A-001,กรุงเทพฯ,327,5817
2026-05-07,TK-A-001,ภาคกลาง,258,4147
2026-05-07,TK-A-001,ภาคตะวันออก,197,3236
2026-05-07,TK-A-001,ภาคเหนือ,163,2551
2026-05-07,TK-A-001,ภาคใต้,191,3301
2026-05-07,GL-B-014,กรุงเทพฯ,1757,28969
2026-05-07,GL-B-014,ภาคกลาง,1380,24761
2026-05-07,GL-B-014,ภาคตะวันออก,1032,16817
2026-05-07,GL-B-014,ภาคเหนือ,842,14981
2026-05-07,GL-B-014,ภาคใต้,1032,20264
2026-05-07,MK-C-028,กรุงเทพฯ,1061,18779
2026-05-07,MK-C-028,ภาคกลาง,867,18626
2026-05-07,MK-C-028,ภาคตะวันออก,745,14336
2026-05-07,MK-C-028,ภาคเหนือ,617,10557
2026-05-07,MK-C-028,ภาคใต้,835,15013
2026-05-07,SY-D-039,กรุงเทพฯ,810,15316
2026-05-07,SY-D-039,ภาคกลาง,575,11550
2026-05-07,SY-D-039,ภาคตะวันออก,461,8513
2026-05-07,SY-D-039,ภาคเหนือ,432,7357
2026-05-07,SY-D-039,ภาคใต้,523,10652
2026-05-07,AG-E-052,กรุงเทพฯ,225,4624
2026-05-07,AG-E-052,ภาคกลาง,169,3037
2026-05-07,AG-E-052,ภาคตะวันออก,129,2511
2026-05-07,AG-E-052,ภาคเหนือ,128,2509
2026-05-07,AG-E-052,ภาคใต้,149,2391
2026-05-08,TK-A-001,กรุงเทพฯ,322,4913
2026-05-08,TK-A-001,ภาคกลาง,234,4712
2026-05-08,TK-A-001,ภาคตะวันออก,168,3691
2026-05-08,TK-A-001,ภาคเหนือ,166,2792
2026-05-08,TK-A-001,ภาคใต้,187,4256
2026-05-08,GL-B-014,กรุงเทพฯ,1495,29221
2026-05-08,GL-B-014,ภาคกลาง,1183,25002
2026-05-08,GL-B-014,ภาคตะวันออก,1006,16736
2026-05-08,GL-B-014,ภาคเหนือ,926,14824
2026-05-08,GL-B-014,ภาคใต้,1115,17848
2026-05-08,MK-C-028,กรุงเทพฯ,1081,24033
2026-05-08,MK-C-028,ภาคกลาง,983,15358
2026-05-08,MK-C-028,ภาคตะวันออก,657,10890
2026-05-08,MK-C-028,ภาคเหนือ,658,10854
2026-05-08,MK-C-028,ภาคใต้,789,14998
2026-05-08,SY-D-039,กรุงเทพฯ,785,12973
2026-05-08,SY-D-039,ภาคกลาง,659,11646
2026-05-08,SY-D-039,ภาคตะวันออก,437,8386
2026-05-08,SY-D-039,ภาคเหนือ,411,7183
2026-05-08,SY-D-039,ภาคใต้,555,10059
2026-05-08,AG-E-052,กรุงเทพฯ,235,4345
2026-05-08,AG-E-052,ภาคกลาง,175,3243
2026-05-08,AG-E-052,ภาคตะวันออก,131,2658
2026-05-08,AG-E-052,ภาคเหนือ,123,2436
2026-05-08,AG-E-052,ภาคใต้,154,2902
2026-05-09,TK-A-001,กรุงเทพฯ,310,5443
2026-05-09,TK-A-001,ภาคกลาง,267,4651
2026-05-09,TK-A-001,ภาคตะวันออก,170,2923
2026-05-09,TK-A-001,ภาคเหนือ,172,2568
2026-05-09,TK-A-001,ภาคใต้,223,3612
2026-05-09,GL-B-014,กรุงเทพฯ,1523,27392
2026-05-09,GL-B-014,ภาคกลาง,1304,23660
2026-05-09,GL-B-014,ภาคตะวันออก,1040,19317
2026-05-09,GL-B-014,ภาคเหนือ,831,15312
2026-05-09,GL-B-014,ภาคใต้,1005,18577
2026-05-09,MK-C-028,กรุงเทพฯ,1096,18402
2026-05-09,MK-C-028,ภาคกลาง,916,14763
2026-05-09,MK-C-028,ภาคตะวันออก,751,13392
2026-05-09,MK-C-028,ภาคเหนือ,655,11285
2026-05-09,MK-C-028,ภาคใต้,810,13572
2026-05-09,SY-D-039,กรุงเทพฯ,801,12105
2026-05-09,SY-D-039,ภาคกลาง,626,11214
2026-05-09,SY-D-039,ภาคตะวันออก,495,8579
2026-05-09,SY-D-039,ภาคเหนือ,436,7305
2026-05-09,SY-D-039,ภาคใต้,505,9016
2026-05-09,AG-E-052,กรุงเทพฯ,240,4648
2026-05-09,AG-E-052,ภาคกลาง,172,3508
2026-05-09,AG-E-052,ภาคตะวันออก,134,2231
2026-05-09,AG-E-052,ภาคเหนือ,120,2049
2026-05-09,AG-E-052,ภาคใต้,165,2735
2026-05-10,TK-A-001,กรุงเทพฯ,292,6092
2026-05-10,TK-A-001,ภาคกลาง,269,4002
2026-05-10,TK-A-001,ภาคตะวันออก,189,3431
2026-05-10,TK-A-001,ภาคเหนือ,159,2875
2026-05-10,TK-A-001,ภาคใต้,208,4100
2026-05-10,GL-B-014,กรุงเทพฯ,1589,28409
2026-05-10,GL-B-014,ภาคกลาง,1202,21094
2026-05-10,GL-B-014,ภาคตะวันออก,891,15230
2026-05-10,GL-B-014,ภาคเหนือ,847,15720
2026-05-10,GL-B-014,ภาคใต้,1075,19536
2026-05-10,MK-C-028,กรุงเทพฯ,1243,22249
2026-05-10,MK-C-028,ภาคกลาง,944,17513
2026-05-10,MK-C-028,ภาคตะวันออก,713,11841
2026-05-10,MK-C-028,ภาคเหนือ,575,11995
2026-05-10,MK-C-028,ภาคใต้,795,15588
2026-05-10,SY-D-039,กรุงเทพฯ,776,12366
2026-05-10,SY-D-039,ภาคกลาง,669,11724
2026-05-10,SY-D-039,ภาคตะวันออก,451,7190
2026-05-10,SY-D-039,ภาคเหนือ,421,7552
2026-05-10,SY-D-039,ภาคใต้,557,9877
2026-05-10,AG-E-052,กรุงเทพฯ,210,4460
2026-05-10,AG-E-052,ภาคกลาง,171,3731
2026-05-10,AG-E-052,ภาคตะวันออก,149,2505
2026-05-10,AG-E-052,ภาคเหนือ,118,2342
2026-05-10,AG-E-052,ภาคใต้,159,2733
2026-05-11,TK-A-001,กรุงเทพฯ,340,6186
2026-05-11,TK-A-001,ภาคกลาง,234,4986
2026-05-11,TK-A-001,ภาคตะวันออก,184,2894
2026-05-11,TK-A-001,ภาคเหนือ,180,2921
2026-05-11,TK-A-001,ภาคใต้,188,4279
2026-05-11,GL-B-014,กรุงเทพฯ,1568,32592
2026-05-11,GL-B-014,ภาคกลาง,1163,21455
2026-05-11,GL-B-014,ภาคตะวันออก,879,15180
2026-05-11,GL-B-014,ภาคเหนือ,927,13163
2026-05-11,GL-B-014,ภาคใต้,1120,21182
2026-05-11,MK-C-028,กรุงเทพฯ,1111,20648
2026-05-11,MK-C-028,ภาคกลาง,970,18605
2026-05-11,MK-C-028,ภาคตะวันออก,716,12024
2026-05-11,MK-C-028,ภาคเหนือ,637,9866
2026-05-11,MK-C-028,ภาคใต้,816,14592
2026-05-11,SY-D-039,กรุงเทพฯ,787,12112
2026-05-11,SY-D-039,ภาคกลาง,650,12841
2026-05-11,SY-D-039,ภาคตะวันออก,449,7538
2026-05-11,SY-D-039,ภาคเหนือ,397,8110
2026-05-11,SY-D-039,ภาคใต้,496,10066
2026-05-11,AG-E-052,กรุงเทพฯ,233,3728
2026-05-11,AG-E-052,ภาคกลาง,183,3084
2026-05-11,AG-E-052,ภาคตะวันออก,149,2543
2026-05-11,AG-E-052,ภาคเหนือ,135,2073
2026-05-11,AG-E-052,ภาคใต้,140,2889
2026-05-12,TK-A-001,กรุงเทพฯ,335,5750
2026-05-12,TK-A-001,ภาคกลาง,243,4943
2026-05-12,TK-A-001,ภาคตะวันออก,203,3415
2026-05-12,TK-A-001,ภาคเหนือ,165,2746
2026-05-12,TK-A-001,ภาคใต้,212,3301
2026-05-12,GL-B-014,กรุงเทพฯ,1491,28559
2026-05-12,GL-B-014,ภาคกลาง,1399,22647
2026-05-12,GL-B-014,ภาคตะวันออก,964,18997
2026-05-12,GL-B-014,ภาคเหนือ,876,13635
2026-05-12,GL-B-014,ภาคใต้,1061,16979
2026-05-12,MK-C-028,กรุงเทพฯ,1216,21765
2026-05-12,MK-C-028,ภาคกลาง,931,14846
2026-05-12,MK-C-028,ภาคตะวันออก,721,12619
2026-05-12,MK-C-028,ภาคเหนือ,572,11423
2026-05-12,MK-C-028,ภาคใต้,706,13760
2026-05-12,SY-D-039,กรุงเทพฯ,714,14057
2026-05-12,SY-D-039,ภาคกลาง,630,10534
2026-05-12,SY-D-039,ภาคตะวันออก,462,8585
2026-05-12,SY-D-039,ภาคเหนือ,373,7783
2026-05-12,SY-D-039,ภาคใต้,537,9554
2026-05-12,AG-E-052,กรุงเทพฯ,213,4058
2026-05-12,AG-E-052,ภาคกลาง,196,3308
2026-05-12,AG-E-052,ภาคตะวันออก,148,2603
2026-05-12,AG-E-052,ภาคเหนือ,136,2153
2026-05-12,AG-E-052,ภาคใต้,146,2909
2026-05-13,TK-A-001,กรุงเทพฯ,310,5811
2026-05-13,TK-A-001,ภาคกลาง,231,5006
2026-05-13,TK-A-001,ภาคตะวันออก,187,3472
2026-05-13,TK-A-001,ภาคเหนือ,154,2806
2026-05-13,TK-A-001,ภาคใต้,219,4225
2026-05-13,GL-B-014,กรุงเทพฯ,1577,24577
2026-05-13,GL-B-014,ภาคกลาง,1302,24052
2026-05-13,GL-B-014,ภาคตะวันออก,1047,18809
2026-05-13,GL-B-014,ภาคเหนือ,924,16651
2026-05-13,GL-B-014,ภาคใต้,1174,19596
2026-05-13,MK-C-028,กรุงเทพฯ,1220,18872
2026-05-13,MK-C-028,ภาคกลาง,910,17468
2026-05-13,MK-C-028,ภาคตะวันออก,723,14217
2026-05-13,MK-C-028,ภาคเหนือ,619,11991
2026-05-13,MK-C-028,ภาคใต้,821,15747
2026-05-13,SY-D-039,กรุงเทพฯ,820,15851
2026-05-13,SY-D-039,ภาคกลาง,590,11093
2026-05-13,SY-D-039,ภาคตะวันออก,457,7235
2026-05-13,SY-D-039,ภาคเหนือ,419,8556
2026-05-13,SY-D-039,ภาคใต้,477,10649
2026-05-13,AG-E-052,กรุงเทพฯ,239,3799
2026-05-13,AG-E-052,ภาคกลาง,182,3198
2026-05-13,AG-E-052,ภาคตะวันออก,151,2188
2026-05-13,AG-E-052,ภาคเหนือ,132,2007
2026-05-13,AG-E-052,ภาคใต้,154,3215
2026-05-14,TK-A-001,กรุงเทพฯ,337,5252
2026-05-14,TK-A-001,ภาคกลาง,256,4407
2026-05-14,TK-A-001,ภาคตะวันออก,170,3238
2026-05-14,TK-A-001,ภาคเหนือ,174,2675
2026-05-14,TK-A-001,ภาคใต้,222,3191
2026-05-14,GL-B-014,กรุงเทพฯ,1672,32451
2026-05-14,GL-B-014,ภาคกลาง,1349,23794
2026-05-14,GL-B-014,ภาคตะวันออก,1024,15763
2026-05-14,GL-B-014,ภาคเหนือ,809,13623
2026-05-14,GL-B-014,ภาคใต้,1003,18209
2026-05-14,MK-C-028,กรุงเทพฯ,1255,22399
2026-05-14,MK-C-028,ภาคกลาง,853,18220
2026-05-14,MK-C-028,ภาคตะวันออก,727,14389
2026-05-14,MK-C-028,ภาคเหนือ,629,9905
2026-05-14,MK-C-028,ภาคใต้,793,15655
2026-05-14,SY-D-039,กรุงเทพฯ,714,13197
2026-05-14,SY-D-039,ภาคกลาง,651,11012
2026-05-14,SY-D-039,ภาคตะวันออก,509,8652
2026-05-14,SY-D-039,ภาคเหนือ,437,8550
2026-05-14,SY-D-039,ภาคใต้,529,8858
2026-05-14,AG-E-052,กรุงเทพฯ,216,4503
2026-05-14,AG-E-052,ภาคกลาง,184,3859
2026-05-14,AG-E-052,ภาคตะวันออก,129,2493
2026-05-14,AG-E-052,ภาคเหนือ,126,2448
2026-05-14,AG-E-052,ภาคใต้,146,2990
2026-05-15,TK-A-001,กรุงเทพฯ,306,5368
2026-05-15,TK-A-001,ภาคกลาง,272,4581
2026-05-15,TK-A-001,ภาคตะวันออก,183,3035
2026-05-15,TK-A-001,ภาคเหนือ,167,2968
2026-05-15,TK-A-001,ภาคใต้,188,3514
2026-05-15,GL-B-014,กรุงเทพฯ,1584,31491
2026-05-15,GL-B-014,ภาคกลาง,1182,21011
2026-05-15,GL-B-014,ภาคตะวันออก,912,15656
2026-05-15,GL-B-014,ภาคเหนือ,895,15449
2026-05-15,GL-B-014,ภาคใต้,1036,20099
2026-05-15,MK-C-028,กรุงเทพฯ,1194,21842
2026-05-15,MK-C-028,ภาคกลาง,1002,15711
2026-05-15,MK-C-028,ภาคตะวันออก,734,10911
2026-05-15,MK-C-028,ภาคเหนือ,629,12093
2026-05-15,MK-C-028,ภาคใต้,725,15211
2026-05-15,SY-D-039,กรุงเทพฯ,832,12294
2026-05-15,SY-D-039,ภาคกลาง,662,11558
2026-05-15,SY-D-039,ภาคตะวันออก,510,8097
2026-05-15,SY-D-039,ภาคเหนือ,424,8049
2026-05-15,SY-D-039,ภาคใต้,507,9370
2026-05-15,AG-E-052,กรุงเทพฯ,248,3998
2026-05-15,AG-E-052,ภาคกลาง,205,3837
2026-05-15,AG-E-052,ภาคตะวันออก,153,2586
2026-05-15,AG-E-052,ภาคเหนือ,114,2049
2026-05-15,AG-E-052,ภาคใต้,156,2993
2026-05-16,TK-A-001,กรุงเทพฯ,323,5367
2026-05-16,TK-A-001,ภาคกลาง,271,4047
2026-05-16,TK-A-001,ภาคตะวันออก,170,2948
2026-05-16,TK-A-001,ภาคเหนือ,162,2668
2026-05-16,TK-A-001,ภาคใต้,201,3208
2026-05-16,GL-B-014,กรุงเทพฯ,1602,24987
2026-05-16,GL-B-014,ภาคกลาง,1300,26561
2026-05-16,GL-B-014,ภาคตะวันออก,962,15955
2026-05-16,GL-B-014,ภาคเหนือ,887,16917
2026-05-16,GL-B-014,ภาคใต้,1069,21474
2026-05-16,MK-C-028,กรุงเทพฯ,1102,23000
2026-05-16,MK-C-028,ภาคกลาง,924,15003
2026-05-16,MK-C-028,ภาคตะวันออก,728,14052
2026-05-16,MK-C-028,ภาคเหนือ,622,12522
2026-05-16,MK-C-028,ภาคใต้,844,15673
2026-05-16,SY-D-039,กรุงเทพฯ,764,14270
2026-05-16,SY-D-039,ภาคกลาง,677,12848
2026-05-16,SY-D-039,ภาคตะวันออก,465,7225
2026-05-16,SY-D-039,ภาคเหนือ,380,7886
2026-05-16,SY-D-039,ภาคใต้,477,9429
2026-05-16,AG-E-052,กรุงเทพฯ,229,3725
2026-05-16,AG-E-052,ภาคกลาง,194,3818
2026-05-16,AG-E-052,ภาคตะวันออก,143,2726
2026-05-16,AG-E-052,ภาคเหนือ,137,1979
2026-05-16,AG-E-052,ภาคใต้,171,2717
2026-05-17,TK-A-001,กรุงเทพฯ,317,6149
2026-05-17,TK-A-001,ภาคกลาง,241,4080
2026-05-17,TK-A-001,ภาคตะวันออก,185,3699
2026-05-17,TK-A-001,ภาคเหนือ,166,2810
2026-05-17,TK-A-001,ภาคใต้,217,4247
2026-05-17,GL-B-014,กรุงเทพฯ,1511,25558
2026-05-17,GL-B-014,ภาคกลาง,1161,26543
2026-05-17,GL-B-014,ภาคตะวันออก,927,15809
2026-05-17,GL-B-014,ภาคเหนือ,931,14182
2026-05-17,GL-B-014,ภาคใต้,1114,20325
2026-05-17,MK-C-028,กรุงเทพฯ,1218,22263
2026-05-17,MK-C-028,ภาคกลาง,905,15475
2026-05-17,MK-C-028,ภาคตะวันออก,665,12000
2026-05-17,MK-C-028,ภาคเหนือ,580,10795
2026-05-17,MK-C-028,ภาคใต้,769,15438
2026-05-17,SY-D-039,กรุงเทพฯ,850,13844
2026-05-17,SY-D-039,ภาคกลาง,586,12398
2026-05-17,SY-D-039,ภาคตะวันออก,462,8558
2026-05-17,SY-D-039,ภาคเหนือ,403,7997
2026-05-17,SY-D-039,ภาคใต้,477,8867
2026-05-17,AG-E-052,กรุงเทพฯ,256,3670
2026-05-17,AG-E-052,ภาคกลาง,178,3190
2026-05-17,AG-E-052,ภาคตะวันออก,138,2661
2026-05-17,AG-E-052,ภาคเหนือ,116,2237
2026-05-17,AG-E-052,ภาคใต้,163,3003
2026-05-18,TK-A-001,กรุงเทพฯ,283,6016
2026-05-18,TK-A-001,ภาคกลาง,226,4231
2026-05-18,TK-A-001,ภาคตะวันออก,182,3757
2026-05-18,TK-A-001,ภาคเหนือ,177,2974
2026-05-18,TK-A-001,ภาคใต้,199,3536
2026-05-18,GL-B-014,กรุงเทพฯ,1598,30718
2026-05-18,GL-B-014,ภาคกลาง,1359,20836
2026-05-18,GL-B-014,ภาคตะวันออก,954,15669
2026-05-18,GL-B-014,ภาคเหนือ,884,17155
2026-05-18,GL-B-014,ภาคใต้,1126,18574
2026-05-18,MK-C-028,กรุงเทพฯ,1224,20466
2026-05-18,MK-C-028,ภาคกลาง,1001,14380
2026-05-18,MK-C-028,ภาคตะวันออก,690,13038
2026-05-18,MK-C-028,ภาคเหนือ,600,9698
2026-05-18,MK-C-028,ภาคใต้,856,12749
2026-05-18,SY-D-039,กรุงเทพฯ,712,14009
2026-05-18,SY-D-039,ภาคกลาง,646,11705
2026-05-18,SY-D-039,ภาคตะวันออก,501,7782
2026-05-18,SY-D-039,ภาคเหนือ,401,8440
2026-05-18,SY-D-039,ภาคใต้,510,8260
2026-05-18,AG-E-052,กรุงเทพฯ,255,4448
2026-05-18,AG-E-052,ภาคกลาง,176,3554
2026-05-18,AG-E-052,ภาคตะวันออก,148,2526
2026-05-18,AG-E-052,ภาคเหนือ,115,2536
2026-05-18,AG-E-052,ภาคใต้,153,2526
2026-05-19,TK-A-001,กรุงเทพฯ,293,5576
2026-05-19,TK-A-001,ภาคกลาง,243,4221
2026-05-19,TK-A-001,ภาคตะวันออก,175,3853
2026-05-19,TK-A-001,ภาคเหนือ,176,3069
2026-05-19,TK-A-001,ภาคใต้,220,3377
2026-05-19,GL-B-014,กรุงเทพฯ,1605,28744
2026-05-19,GL-B-014,ภาคกลาง,1407,22415
2026-05-19,GL-B-014,ภาคตะวันออก,975,15952
2026-05-19,GL-B-014,ภาคเหนือ,782,15931
2026-05-19,GL-B-014,ภาคใต้,1125,19529
2026-05-19,MK-C-028,กรุงเทพฯ,1101,20528
2026-05-19,MK-C-028,ภาคกลาง,1027,15134
2026-05-19,MK-C-028,ภาคตะวันออก,674,12609
2026-05-19,MK-C-028,ภาคเหนือ,614,10547
2026-05-19,MK-C-028,ภาคใต้,837,13000
2026-05-19,SY-D-039,กรุงเทพฯ,805,14435
2026-05-19,SY-D-039,ภาคกลาง,600,12864
2026-05-19,SY-D-039,ภาคตะวันออก,473,7387
2026-05-19,SY-D-039,ภาคเหนือ,379,7776
2026-05-19,SY-D-039,ภาคใต้,509,9244
2026-05-19,AG-E-052,กรุงเทพฯ,235,4663
2026-05-19,AG-E-052,ภาคกลาง,184,3162
2026-05-19,AG-E-052,ภาคตะวันออก,130,2334
2026-05-19,AG-E-052,ภาคเหนือ,136,2173
2026-05-19,AG-E-052,ภาคใต้,155,2928
2026-05-20,TK-A-001,กรุงเทพฯ,326,5126
2026-05-20,TK-A-001,ภาคกลาง,262,3866
2026-05-20,TK-A-001,ภาคตะวันออก,174,3860
2026-05-20,TK-A-001,ภาคเหนือ,181,3015
2026-05-20,TK-A-001,ภาคใต้,201,3409
2026-05-20,GL-B-014,กรุงเทพฯ,1466,26376
2026-05-20,GL-B-014,ภาคกลาง,1325,22184
2026-05-20,GL-B-014,ภาคตะวันออก,1004,14961
2026-05-20,GL-B-014,ภาคเหนือ,861,14097
2026-05-20,GL-B-014,ภาคใต้,1157,16915
2026-05-20,MK-C-028,กรุงเทพฯ,1102,18071
2026-05-20,MK-C-028,ภาคกลาง,976,17346
2026-05-20,MK-C-028,ภาคตะวันออก,732,12597
2026-05-20,MK-C-028,ภาคเหนือ,571,12477
2026-05-20,MK-C-028,ภาคใต้,799,12567
2026-05-20,SY-D-039,กรุงเทพฯ,849,15601
2026-05-20,SY-D-039,ภาคกลาง,571,12201
2026-05-20,SY-D-039,ภาคตะวันออก,492,7304
2026-05-20,SY-D-039,ภาคเหนือ,377,8572
2026-05-20,SY-D-039,ภาคใต้,552,10398
2026-05-20,AG-E-052,กรุงเทพฯ,223,4450
2026-05-20,AG-E-052,ภาคกลาง,199,3650
2026-05-20,AG-E-052,ภาคตะวันออก,154,2696
2026-05-20,AG-E-052,ภาคเหนือ,136,2553
2026-05-20,AG-E-052,ภาคใต้,143,2708
2026-05-21,TK-A-001,กรุงเทพฯ,300,6301
2026-05-21,TK-A-001,ภาคกลาง,226,4699
2026-05-21,TK-A-001,ภาคตะวันออก,170,3471
2026-05-21,TK-A-001,ภาคเหนือ,165,3168
2026-05-21,TK-A-001,ภาคใต้,191,4302
2026-05-21,GL-B-014,กรุงเทพฯ,1664,29625
2026-05-21,GL-B-014,ภาคกลาง,1261,26503
2026-05-21,GL-B-014,ภาคตะวันออก,911,17043
2026-05-21,GL-B-014,ภาคเหนือ,822,13287
2026-05-21,GL-B-014,ภาคใต้,1005,19704
2026-05-21,MK-C-028,กรุงเทพฯ,1075,20066
2026-05-21,MK-C-028,ภาคกลาง,863,14648
2026-05-21,MK-C-028,ภาคตะวันออก,638,14410
2026-05-21,MK-C-028,ภาคเหนือ,663,9779
2026-05-21,MK-C-028,ภาคใต้,824,13194
2026-05-21,SY-D-039,กรุงเทพฯ,821,14896
2026-05-21,SY-D-039,ภาคกลาง,591,9940
2026-05-21,SY-D-039,ภาคตะวันออก,474,7854
2026-05-21,SY-D-039,ภาคเหนือ,432,8083
2026-05-21,SY-D-039,ภาคใต้,559,8992
2026-05-21,AG-E-052,กรุงเทพฯ,220,3986
2026-05-21,AG-E-052,ภาคกลาง,190,3671
2026-05-21,AG-E-052,ภาคตะวันออก,146,2784
2026-05-21,AG-E-052,ภาคเหนือ,117,2329
2026-05-21,AG-E-052,ภาคใต้,160,3184
2026-05-22,TK-A-001,กรุงเทพฯ,342,5964
2026-05-22,TK-A-001,ภาคกลาง,251,4424
2026-05-22,TK-A-001,ภาคตะวันออก,202,3334
2026-05-22,TK-A-001,ภาคเหนือ,165,3166
2026-05-22,TK-A-001,ภาคใต้,208,4119
2026-05-22,GL-B-014,กรุงเทพฯ,1708,31721
2026-05-22,GL-B-014,ภาคกลาง,1338,23691
2026-05-22,GL-B-014,ภาคตะวันออก,1032,15819
2026-05-22,GL-B-014,ภาคเหนือ,848,15111
2026-05-22,GL-B-014,ภาคใต้,1056,20540
2026-05-22,MK-C-028,กรุงเทพฯ,1125,23107
2026-05-22,MK-C-028,ภาคกลาง,881,16852
2026-05-22,MK-C-028,ภาคตะวันออก,664,10989
2026-05-22,MK-C-028,ภาคเหนือ,662,11471
2026-05-22,MK-C-028,ภาคใต้,814,12712
2026-05-22,SY-D-039,กรุงเทพฯ,751,13029
2026-05-22,SY-D-039,ภาคกลาง,655,12827
2026-05-22,SY-D-039,ภาคตะวันออก,451,8157
2026-05-22,SY-D-039,ภาคเหนือ,442,8268
2026-05-22,SY-D-039,ภาคใต้,513,10254
2026-05-22,AG-E-052,กรุงเทพฯ,254,4246
2026-05-22,AG-E-052,ภาคกลาง,194,3301
2026-05-22,AG-E-052,ภาคตะวันออก,144,2685
2026-05-22,AG-E-052,ภาคเหนือ,126,1952
2026-05-22,AG-E-052,ภาคใต้,144,2545
2026-05-23,TK-A-001,กรุงเทพฯ,309,6010
2026-05-23,TK-A-001,ภาคกลาง,237,4056
2026-05-23,TK-A-001,ภาคตะวันออก,194,2998
2026-05-23,TK-A-001,ภาคเหนือ,181,3160
2026-05-23,TK-A-001,ภาคใต้,213,3709
2026-05-23,GL-B-014,กรุงเทพฯ,1495,26945
2026-05-23,GL-B-014,ภาคกลาง,1213,25844
2026-05-23,GL-B-014,ภาคตะวันออก,998,17435
2026-05-23,GL-B-014,ภาคเหนือ,816,13607
2026-05-23,GL-B-014,ภาคใต้,999,22272
2026-05-23,MK-C-028,กรุงเทพฯ,1104,19070
2026-05-23,MK-C-028,ภาคกลาง,896,18133
2026-05-23,MK-C-028,ภาคตะวันออก,649,11964
2026-05-23,MK-C-028,ภาคเหนือ,685,10160
2026-05-23,MK-C-028,ภาคใต้,718,12386
2026-05-23,SY-D-039,กรุงเทพฯ,858,13018
2026-05-23,SY-D-039,ภาคกลาง,629,12449
2026-05-23,SY-D-039,ภาคตะวันออก,451,8125
2026-05-23,SY-D-039,ภาคเหนือ,457,8109
2026-05-23,SY-D-039,ภาคใต้,502,8035
2026-05-23,AG-E-052,กรุงเทพฯ,215,3620
2026-05-23,AG-E-052,ภาคกลาง,185,3192
2026-05-23,AG-E-052,ภาคตะวันออก,137,2259
2026-05-23,AG-E-052,ภาคเหนือ,132,1920
2026-05-23,AG-E-052,ภาคใต้,158,2532
2026-05-24,TK-A-001,กรุงเทพฯ,305,5702
2026-05-24,TK-A-001,ภาคกลาง,263,4596
2026-05-24,TK-A-001,ภาคตะวันออก,176,3049
2026-05-24,TK-A-001,ภาคเหนือ,178,3298
2026-05-24,TK-A-001,ภาคใต้,222,3609
2026-05-24,GL-B-014,กรุงเทพฯ,1595,26033
2026-05-24,GL-B-014,ภาคกลาง,1253,25906
2026-05-24,GL-B-014,ภาคตะวันออก,1059,19031
2026-05-24,GL-B-014,ภาคเหนือ,830,14196
2026-05-24,GL-B-014,ภาคใต้,1008,21904
2026-05-24,MK-C-028,กรุงเทพฯ,1166,21532
2026-05-24,MK-C-028,ภาคกลาง,878,19258
2026-05-24,MK-C-028,ภาคตะวันออก,663,11412
2026-05-24,MK-C-028,ภาคเหนือ,583,12551
2026-05-24,MK-C-028,ภาคใต้,723,15345
2026-05-24,SY-D-039,กรุงเทพฯ,706,15920
2026-05-24,SY-D-039,ภาคกลาง,575,12698
2026-05-24,SY-D-039,ภาคตะวันออก,498,8984
2026-05-24,SY-D-039,ภาคเหนือ,431,7645
2026-05-24,SY-D-039,ภาคใต้,524,9432
2026-05-24,AG-E-052,กรุงเทพฯ,250,4863
2026-05-24,AG-E-052,ภาคกลาง,199,3369
2026-05-24,AG-E-052,ภาคตะวันออก,136,2833
2026-05-24,AG-E-052,ภาคเหนือ,125,2583
2026-05-24,AG-E-052,ภาคใต้,146,2649
2026-05-25,TK-A-001,กรุงเทพฯ,292,4914
2026-05-25,TK-A-001,ภาคกลาง,267,4976
2026-05-25,TK-A-001,ภาคตะวันออก,202,3066
2026-05-25,TK-A-001,ภาคเหนือ,176,3401
2026-05-25,TK-A-001,ภาคใต้,197,3589
2026-05-25,GL-B-014,กรุงเทพฯ,1623,31210
2026-05-25,GL-B-014,ภาคกลาง,1408,22728
2026-05-25,GL-B-014,ภาคตะวันออก,881,17039
2026-05-25,GL-B-014,ภาคเหนือ,923,14605
2026-05-25,GL-B-014,ภาคใต้,994,20774
2026-05-25,MK-C-028,กรุงเทพฯ,1277,18894
2026-05-25,MK-C-028,ภาคกลาง,914,14965
2026-05-25,MK-C-028,ภาคตะวันออก,737,14066
2026-05-25,MK-C-028,ภาคเหนือ,568,11991
2026-05-25,MK-C-028,ภาคใต้,781,14272
2026-05-25,SY-D-039,กรุงเทพฯ,845,12282
2026-05-25,SY-D-039,ภาคกลาง,633,11662
2026-05-25,SY-D-039,ภาคตะวันออก,447,8409
2026-05-25,SY-D-039,ภาคเหนือ,390,8219
2026-05-25,SY-D-039,ภาคใต้,571,8216
2026-05-25,AG-E-052,กรุงเทพฯ,230,3934
2026-05-25,AG-E-052,ภาคกลาง,196,3160
2026-05-25,AG-E-052,ภาคตะวันออก,131,2418
2026-05-25,AG-E-052,ภาคเหนือ,115,2000
2026-05-25,AG-E-052,ภาคใต้,146,3225
2026-05-26,TK-A-001,กรุงเทพฯ,300,5814
2026-05-26,TK-A-001,ภาคกลาง,267,4761
2026-05-26,TK-A-001,ภาคตะวันออก,183,2961
2026-05-26,TK-A-001,ภาคเหนือ,183,2975
2026-05-26,TK-A-001,ภาคใต้,203,3566
2026-05-26,GL-B-014,กรุงเทพฯ,1687,27317
2026-05-26,GL-B-014,ภาคกลาง,1355,25366
2026-05-26,GL-B-014,ภาคตะวันออก,1022,19710
2026-05-26,GL-B-014,ภาคเหนือ,944,14022
2026-05-26,GL-B-014,ภาคใต้,987,17373
2026-05-26,MK-C-028,กรุงเทพฯ,1153,20446
2026-05-26,MK-C-028,ภาคกลาง,1015,18471
2026-05-26,MK-C-028,ภาคตะวันออก,686,12524
2026-05-26,MK-C-028,ภาคเหนือ,681,10070
2026-05-26,MK-C-028,ภาคใต้,746,16114
2026-05-26,SY-D-039,กรุงเทพฯ,825,13435
2026-05-26,SY-D-039,ภาคกลาง,613,10114
2026-05-26,SY-D-039,ภาคตะวันออก,514,7933
2026-05-26,SY-D-039,ภาคเหนือ,417,7751
2026-05-26,SY-D-039,ภาคใต้,526,10627
2026-05-26,AG-E-052,กรุงเทพฯ,220,3986
2026-05-26,AG-E-052,ภาคกลาง,188,3654
2026-05-26,AG-E-052,ภาคตะวันออก,155,2582
2026-05-26,AG-E-052,ภาคเหนือ,136,2135
2026-05-26,AG-E-052,ภาคใต้,159,2988
2026-05-27,TK-A-001,กรุงเทพฯ,320,6012
2026-05-27,TK-A-001,ภาคกลาง,238,5154
2026-05-27,TK-A-001,ภาคตะวันออก,173,3469
2026-05-27,TK-A-001,ภาคเหนือ,184,3346
2026-05-27,TK-A-001,ภาคใต้,195,4265
2026-05-27,GL-B-014,กรุงเทพฯ,1689,31161
2026-05-27,GL-B-014,ภาคกลาง,1288,26395
2026-05-27,GL-B-014,ภาคตะวันออก,1067,17272
2026-05-27,GL-B-014,ภาคเหนือ,801,14833
2026-05-27,GL-B-014,ภาคใต้,1181,20617
2026-05-27,MK-C-028,กรุงเทพฯ,1237,20385
2026-05-27,MK-C-028,ภาคกลาง,887,18454
2026-05-27,MK-C-028,ภาคตะวันออก,739,11546
2026-05-27,MK-C-028,ภาคเหนือ,587,10573
2026-05-27,MK-C-028,ภาคใต้,709,12338
2026-05-27,SY-D-039,กรุงเทพฯ,723,15835
2026-05-27,SY-D-039,ภาคกลาง,667,10413
2026-05-27,SY-D-039,ภาคตะวันออก,451,7882
2026-05-27,SY-D-039,ภาคเหนือ,435,7915
2026-05-27,SY-D-039,ภาคใต้,474,10011
2026-05-27,AG-E-052,กรุงเทพฯ,221,4342
2026-05-27,AG-E-052,ภาคกลาง,197,3864
2026-05-27,AG-E-052,ภาคตะวันออก,150,2361
2026-05-27,AG-E-052,ภาคเหนือ,114,2360
2026-05-27,AG-E-052,ภาคใต้,145,2752
2026-05-28,TK-A-001,กรุงเทพฯ,326,6050
2026-05-28,TK-A-001,ภาคกลาง,236,4306
2026-05-28,TK-A-001,ภาคตะวันออก,172,3416
2026-05-28,TK-A-001,ภาคเหนือ,176,3036
2026-05-28,TK-A-001,ภาคใต้,226,4035
2026-05-28,GL-B-014,กรุงเทพฯ,1688,28610
2026-05-28,GL-B-014,ภาคกลาง,1418,24981
2026-05-28,GL-B-014,ภาคตะวันออก,1023,18283
2026-05-28,GL-B-014,ภาคเหนือ,788,13493
2026-05-28,GL-B-014,ภาคใต้,1114,20090
2026-05-28,MK-C-028,กรุงเทพฯ,1247,22751
2026-05-28,MK-C-028,ภาคกลาง,1016,17481
2026-05-28,MK-C-028,ภาคตะวันออก,749,11236
2026-05-28,MK-C-028,ภาคเหนือ,586,12254
2026-05-28,MK-C-028,ภาคใต้,842,16055
2026-05-28,SY-D-039,กรุงเทพฯ,824,13198
2026-05-28,SY-D-039,ภาคกลาง,593,10935
2026-05-28,SY-D-039,ภาคตะวันออก,488,9335
2026-05-28,SY-D-039,ภาคเหนือ,397,8197
2026-05-28,SY-D-039,ภาคใต้,518,9105
2026-05-28,AG-E-052,กรุงเทพฯ,255,4214
2026-05-28,AG-E-052,ภาคกลาง,186,3451
2026-05-28,AG-E-052,ภาคตะวันออก,154,2303
2026-05-28,AG-E-052,ภาคเหนือ,126,1962
2026-05-28,AG-E-052,ภาคใต้,160,2765
2026-05-29,TK-A-001,กรุงเทพฯ,293,5434
2026-05-29,TK-A-001,ภาคกลาง,250,4268
2026-05-29,TK-A-001,ภาคตะวันออก,194,3131
2026-05-29,TK-A-001,ภาคเหนือ,166,2929
2026-05-29,TK-A-001,ภาคใต้,213,4215
2026-05-29,GL-B-014,กรุงเทพฯ,1537,30734
2026-05-29,GL-B-014,ภาคกลาง,1388,26331
2026-05-29,GL-B-014,ภาคตะวันออก,1017,18484
2026-05-29,GL-B-014,ภาคเหนือ,831,14743
2026-05-29,GL-B-014,ภาคใต้,1010,19371
2026-05-29,MK-C-028,กรุงเทพฯ,1110,18874
2026-05-29,MK-C-028,ภาคกลาง,870,19152
2026-05-29,MK-C-028,ภาคตะวันออก,704,13078
2026-05-29,MK-C-028,ภาคเหนือ,592,10822
2026-05-29,MK-C-028,ภาคใต้,727,15478
2026-05-29,SY-D-039,กรุงเทพฯ,821,15467
2026-05-29,SY-D-039,ภาคกลาง,655,10953
2026-05-29,SY-D-039,ภาคตะวันออก,441,8054
2026-05-29,SY-D-039,ภาคเหนือ,408,7422
2026-05-29,SY-D-039,ภาคใต้,518,10589
2026-05-29,AG-E-052,กรุงเทพฯ,256,4831
2026-05-29,AG-E-052,ภาคกลาง,180,3068
2026-05-29,AG-E-052,ภาคตะวันออก,135,2560
2026-05-29,AG-E-052,ภาคเหนือ,114,2564
2026-05-29,AG-E-052,ภาคใต้,155,3000
2026-05-30,TK-A-001,กรุงเทพฯ,290,4897
2026-05-30,TK-A-001,ภาคกลาง,275,4941
2026-05-30,TK-A-001,ภาคตะวันออก,191,3207
2026-05-30,TK-A-001,ภาคเหนือ,177,3128
2026-05-30,TK-A-001,ภาคใต้,204,3671
2026-05-30,GL-B-014,กรุงเทพฯ,1709,28774
2026-05-30,GL-B-014,ภาคกลาง,1373,26656
2026-05-30,GL-B-014,ภาคตะวันออก,886,17913
2026-05-30,GL-B-014,ภาคเหนือ,933,14678
2026-05-30,GL-B-014,ภาคใต้,1076,21632
2026-05-30,MK-C-028,กรุงเทพฯ,1208,21444
2026-05-30,MK-C-028,ภาคกลาง,1012,15981
2026-05-30,MK-C-028,ภาคตะวันออก,707,14396
2026-05-30,MK-C-028,ภาคเหนือ,673,11190
2026-05-30,MK-C-028,ภาคใต้,796,15631
2026-05-30,SY-D-039,กรุงเทพฯ,817,13511
2026-05-30,SY-D-039,ภาคกลาง,599,11454
2026-05-30,SY-D-039,ภาคตะวันออก,435,7598
2026-05-30,SY-D-039,ภาคเหนือ,414,8004
2026-05-30,SY-D-039,ภาคใต้,486,9958
2026-05-30,AG-E-052,กรุงเทพฯ,229,4361
2026-05-30,AG-E-052,ภาคกลาง,189,3591
2026-05-30,AG-E-052,ภาคตะวันออก,150,2903
2026-05-30,AG-E-052,ภาคเหนือ,118,2085
2026-05-30,AG-E-052,ภาคใต้,156,2665
2026-05-31,TK-A-001,กรุงเทพฯ,339,6254
2026-05-31,TK-A-001,ภาคกลาง,276,5213
2026-05-31,TK-A-001,ภาคตะวันออก,198,3076
2026-05-31,TK-A-001,ภาคเหนือ,178,2992
2026-05-31,TK-A-001,ภาคใต้,210,3593
2026-05-31,GL-B-014,กรุงเทพฯ,1614,28318
2026-05-31,GL-B-014,ภาคกลาง,1430,20451
2026-05-31,GL-B-014,ภาคตะวันออก,1013,17887
2026-05-31,GL-B-014,ภาคเหนือ,889,16193
2026-05-31,GL-B-014,ภาคใต้,985,22329
2026-05-31,MK-C-028,กรุงเทพฯ,1072,23019
2026-05-31,MK-C-028,ภาคกลาง,953,15579
2026-05-31,MK-C-028,ภาคตะวันออก,707,12712
2026-05-31,MK-C-028,ภาคเหนือ,628,10399
2026-05-31,MK-C-028,ภาคใต้,771,12842
2026-05-31,SY-D-039,กรุงเทพฯ,817,16251
2026-05-31,SY-D-039,ภาคกลาง,576,11150
2026-05-31,SY-D-039,ภาคตะวันออก,490,9432
2026-05-31,SY-D-039,ภาคเหนือ,438,8283
2026-05-31,SY-D-039,ภาคใต้,528,9136
2026-05-31,AG-E-052,กรุงเทพฯ,216,4811
2026-05-31,AG-E-052,ภาคกลาง,187,3806
2026-05-31,AG-E-052,ภาคตะวันออก,141,2290
2026-05-31,AG-E-052,ภาคเหนือ,122,2139
2026-05-31,AG-E-052,ภาคใต้,172,2734
2026-06-01,TK-A-001,กรุงเทพฯ,338,6302
2026-06-01,TK-A-001,ภาคกลาง,267,5010
2026-06-01,TK-A-001,ภาคตะวันออก,196,3612
2026-06-01,TK-A-001,ภาคเหนือ,181,3468
2026-06-01,TK-A-001,ภาคใต้,194,3764
2026-06-01,GL-B-014,กรุงเทพฯ,1541,30841
2026-06-01,GL-B-014,ภาคกลาง,1231,24099
2026-06-01,GL-B-014,ภาคตะวันออก,1074,17171
2026-06-01,GL-B-014,ภาคเหนือ,781,15687
2026-06-01,GL-B-014,ภาคใต้,1136,18897
2026-06-01,MK-C-028,กรุงเทพฯ,1145,20610
2026-06-01,MK-C-028,ภาคกลาง,951,15811
2026-06-01,MK-C-028,ภาคตะวันออก,770,10929
2026-06-01,MK-C-028,ภาคเหนือ,641,10731
2026-06-01,MK-C-028,ภาคใต้,726,14450
2026-06-01,SY-D-039,กรุงเทพฯ,719,13265
2026-06-01,SY-D-039,ภาคกลาง,631,12776
2026-06-01,SY-D-039,ภาคตะวันออก,469,9258
2026-06-01,SY-D-039,ภาคเหนือ,454,7606
2026-06-01,SY-D-039,ภาคใต้,560,9547
2026-06-01,AG-E-052,กรุงเทพฯ,244,4651
2026-06-01,AG-E-052,ภาคกลาง,189,3298
2026-06-01,AG-E-052,ภาคตะวันออก,145,2878
2026-06-01,AG-E-052,ภาคเหนือ,117,2089
2026-06-01,AG-E-052,ภาคใต้,153,2541
2026-06-02,TK-A-001,กรุงเทพฯ,313,4860
2026-06-02,TK-A-001,ภาคกลาง,244,4204
2026-06-02,TK-A-001,ภาคตะวันออก,199,3416
2026-06-02,TK-A-001,ภาคเหนือ,182,3248
2026-06-02,TK-A-001,ภาคใต้,231,4051
2026-06-02,GL-B-014,กรุงเทพฯ,1696,30788
2026-06-02,GL-B-014,ภาคกลาง,1291,26228
2026-06-02,GL-B-014,ภาคตะวันออก,1016,17627
2026-06-02,GL-B-014,ภาคเหนือ,930,15500
2026-06-02,GL-B-014,ภาคใต้,1139,17917
2026-06-02,MK-C-028,กรุงเทพฯ,1191,22399
2026-06-02,MK-C-028,ภาคกลาง,983,17535
2026-06-02,MK-C-028,ภาคตะวันออก,676,12798
2026-06-02,MK-C-028,ภาคเหนือ,604,10925
2026-06-02,MK-C-028,ภาคใต้,788,12269
2026-06-02,SY-D-039,กรุงเทพฯ,762,15583
2026-06-02,SY-D-039,ภาคกลาง,615,12336
2026-06-02,SY-D-039,ภาคตะวันออก,517,9292
2026-06-02,SY-D-039,ภาคเหนือ,438,6613
2026-06-02,SY-D-039,ภาคใต้,477,9095
2026-06-02,AG-E-052,กรุงเทพฯ,245,3665
2026-06-02,AG-E-052,ภาคกลาง,199,3455
2026-06-02,AG-E-052,ภาคตะวันออก,131,2533
2026-06-02,AG-E-052,ภาคเหนือ,122,2495
2026-06-02,AG-E-052,ภาคใต้,159,2993
2026-06-03,TK-A-001,กรุงเทพฯ,291,5590
2026-06-03,TK-A-001,ภาคกลาง,236,4089
2026-06-03,TK-A-001,ภาคตะวันออก,188,3481
2026-06-03,TK-A-001,ภาคเหนือ,181,3132
2026-06-03,TK-A-001,ภาคใต้,214,4251
2026-06-03,GL-B-014,กรุงเทพฯ,1660,31366
2026-06-03,GL-B-014,ภาคกลาง,1335,22790
2026-06-03,GL-B-014,ภาคตะวันออก,1012,18815
2026-06-03,GL-B-014,ภาคเหนือ,803,17890
2026-06-03,GL-B-014,ภาคใต้,1049,20013
2026-06-03,MK-C-028,กรุงเทพฯ,1217,21581
2026-06-03,MK-C-028,ภาคกลาง,1011,16052
2026-06-03,MK-C-028,ภาคตะวันออก,755,13607
2026-06-03,MK-C-028,ภาคเหนือ,645,13033
2026-06-03,MK-C-028,ภาคใต้,781,16006
2026-06-03,SY-D-039,กรุงเทพฯ,854,12878
2026-06-03,SY-D-039,ภาคกลาง,609,12759
2026-06-03,SY-D-039,ภาคตะวันออก,519,9707
2026-06-03,SY-D-039,ภาคเหนือ,451,8209
2026-06-03,SY-D-039,ภาคใต้,572,10249
2026-06-03,AG-E-052,กรุงเทพฯ,247,3716
2026-06-03,AG-E-052,ภาคกลาง,187,3763
2026-06-03,AG-E-052,ภาคตะวันออก,130,2613
2026-06-03,AG-E-052,ภาคเหนือ,122,2494
2026-06-03,AG-E-052,ภาคใต้,143,3072
2026-06-04,TK-A-001,กรุงเทพฯ,321,6212
2026-06-04,TK-A-001,ภาคกลาง,261,4174
2026-06-04,TK-A-001,ภาคตะวันออก,208,2984
2026-06-04,TK-A-001,ภาคเหนือ,161,2807
2026-06-04,TK-A-001,ภาคใต้,229,3357
2026-06-04,GL-B-014,กรุงเทพฯ,1533,30676
2026-06-04,GL-B-014,ภาคกลาง,1190,24939
2026-06-04,GL-B-014,ภาคตะวันออก,896,17101
2026-06-04,GL-B-014,ภาคเหนือ,814,14392
2026-06-04,GL-B-014,ภาคใต้,1059,20184
2026-06-04,MK-C-028,กรุงเทพฯ,1140,21360
2026-06-04,MK-C-028,ภาคกลาง,1006,19578
2026-06-04,MK-C-028,ภาคตะวันออก,724,13461
2026-06-04,MK-C-028,ภาคเหนือ,652,12621
2026-06-04,MK-C-028,ภาคใต้,735,12160
2026-06-04,SY-D-039,กรุงเทพฯ,768,13233
2026-06-04,SY-D-039,ภาคกลาง,630,12361
2026-06-04,SY-D-039,ภาคตะวันออก,490,9068
2026-06-04,SY-D-039,ภาคเหนือ,451,7249
2026-06-04,SY-D-039,ภาคใต้,522,10394
2026-06-04,AG-E-052,กรุงเทพฯ,244,3924
2026-06-04,AG-E-052,ภาคกลาง,204,3606
2026-06-04,AG-E-052,ภาคตะวันออก,152,2860
2026-06-04,AG-E-052,ภาคเหนือ,125,2472
2026-06-04,AG-E-052,ภาคใต้,174,2692
2026-06-05,TK-A-001,กรุงเทพฯ,294,6114
2026-06-05,TK-A-001,ภาคกลาง,235,4925
2026-06-05,TK-A-001,ภาคตะวันออก,203,3279
2026-06-05,TK-A-001,ภาคเหนือ,156,2751
2026-06-05,TK-A-001,ภาคใต้,212,3944
2026-06-05,GL-B-014,กรุงเทพฯ,1664,26755
2026-06-05,GL-B-014,ภาคกลาง,1214,24442
2026-06-05,GL-B-014,ภาคตะวันออก,884,18872
2026-06-05,GL-B-014,ภาคเหนือ,941,16248
2026-06-05,GL-B-014,ภาคใต้,1083,19978
2026-06-05,MK-C-028,กรุงเทพฯ,1197,22406
2026-06-05,MK-C-028,ภาคกลาง,1012,16615
2026-06-05,MK-C-028,ภาคตะวันออก,780,13064
2026-06-05,MK-C-028,ภาคเหนือ,693,10948
2026-06-05,MK-C-028,ภาคใต้,864,12204
2026-06-05,SY-D-039,กรุงเทพฯ,823,15561
2026-06-05,SY-D-039,ภาคกลาง,571,10540
2026-06-05,SY-D-039,ภาคตะวันออก,507,9802
2026-06-05,SY-D-039,ภาคเหนือ,440,7541
2026-06-05,SY-D-039,ภาคใต้,535,8255
2026-06-05,AG-E-052,กรุงเทพฯ,259,3694
2026-06-05,AG-E-052,ภาคกลาง,207,3124
2026-06-05,AG-E-052,ภาคตะวันออก,151,2247
2026-06-05,AG-E-052,ภาคเหนือ,119,1973
2026-06-05,AG-E-052,ภาคใต้,149,3192
2026-06-06,TK-A-001,กรุงเทพฯ,293,5882
2026-06-06,TK-A-001,ภาคกลาง,260,4697
2026-06-06,TK-A-001,ภาคตะวันออก,174,3347
2026-06-06,TK-A-001,ภาคเหนือ,154,3151
2026-06-06,TK-A-001,ภาคใต้,225,4044
2026-06-06,GL-B-014,กรุงเทพฯ,1618,26193
2026-06-06,GL-B-014,ภาคกลาง,1329,23309
2026-06-06,GL-B-014,ภาคตะวันออก,960,17557
2026-06-06,GL-B-014,ภาคเหนือ,797,13551
2026-06-06,GL-B-014,ภาคใต้,1030,17762
2026-06-06,MK-C-028,กรุงเทพฯ,1086,22610
2026-06-06,MK-C-028,ภาคกลาง,917,15202
2026-06-06,MK-C-028,ภาคตะวันออก,684,14214
2026-06-06,MK-C-028,ภาคเหนือ,589,12982
2026-06-06,MK-C-028,ภาคใต้,721,13721
2026-06-06,SY-D-039,กรุงเทพฯ,734,15704
2026-06-06,SY-D-039,ภาคกลาง,617,12549
2026-06-06,SY-D-039,ภาคตะวันออก,493,7339
2026-06-06,SY-D-039,ภาคเหนือ,418,8235
2026-06-06,SY-D-039,ภาคใต้,563,8163
2026-06-06,AG-E-052,กรุงเทพฯ,241,4209
2026-06-06,AG-E-052,ภาคกลาง,178,3128
2026-06-06,AG-E-052,ภาคตะวันออก,154,2378
2026-06-06,AG-E-052,ภาคเหนือ,123,2021
2026-06-06,AG-E-052,ภาคใต้,166,2633
2026-06-07,TK-A-001,กรุงเทพฯ,287,6418
2026-06-07,TK-A-001,ภาคกลาง,239,4091
2026-06-07,TK-A-001,ภาคตะวันออก,179,3637
2026-06-07,TK-A-001,ภาคเหนือ,166,3401
2026-06-07,TK-A-001,ภาคใต้,207,3969
2026-06-07,GL-B-014,กรุงเทพฯ,1686,29682
2026-06-07,GL-B-014,ภาคกลาง,1387,20308
2026-06-07,GL-B-014,ภาคตะวันออก,887,15313
2026-06-07,GL-B-014,ภาคเหนือ,890,17692
2026-06-07,GL-B-014,ภาคใต้,1112,20493
2026-06-07,MK-C-028,กรุงเทพฯ,1118,23253
2026-06-07,MK-C-028,ภาคกลาง,890,14806
2026-06-07,MK-C-028,ภาคตะวันออก,759,12673
2026-06-07,MK-C-028,ภาคเหนือ,572,10932
2026-06-07,MK-C-028,ภาคใต้,812,12975
2026-06-07,SY-D-039,กรุงเทพฯ,729,13756
2026-06-07,SY-D-039,ภาคกลาง,658,12084
2026-06-07,SY-D-039,ภาคตะวันออก,439,7887
2026-06-07,SY-D-039,ภาคเหนือ,404,7495
2026-06-07,SY-D-039,ภาคใต้,570,8128
2026-06-07,AG-E-052,กรุงเทพฯ,222,4416
2026-06-07,AG-E-052,ภาคกลาง,173,3446
2026-06-07,AG-E-052,ภาคตะวันออก,156,2510
2026-06-07,AG-E-052,ภาคเหนือ,118,2289
2026-06-07,AG-E-052,ภาคใต้,146,3133
2026-06-08,TK-A-001,กรุงเทพฯ,326,6416
2026-06-08,TK-A-001,ภาคกลาง,237,4884
2026-06-08,TK-A-001,ภาคตะวันออก,184,3887
2026-06-08,TK-A-001,ภาคเหนือ,166,2698
2026-06-08,TK-A-001,ภาคใต้,198,3413
2026-06-08,GL-B-014,กรุงเทพฯ,1658,25604
2026-06-08,GL-B-014,ภาคกลาง,1329,24887
2026-06-08,GL-B-014,ภาคตะวันออก,1017,15652
2026-06-08,GL-B-014,ภาคเหนือ,860,15433
2026-06-08,GL-B-014,ภาคใต้,1068,21724
2026-06-08,MK-C-028,กรุงเทพฯ,1091,23867
2026-06-08,MK-C-028,ภาคกลาง,934,16602
2026-06-08,MK-C-028,ภาคตะวันออก,688,13242
2026-06-08,MK-C-028,ภาคเหนือ,588,10635
2026-06-08,MK-C-028,ภาคใต้,731,16065
2026-06-08,SY-D-039,กรุงเทพฯ,850,15935
2026-06-08,SY-D-039,ภาคกลาง,598,10332
2026-06-08,SY-D-039,ภาคตะวันออก,511,8592
2026-06-08,SY-D-039,ภาคเหนือ,427,7686
2026-06-08,SY-D-039,ภาคใต้,516,9625
2026-06-08,AG-E-052,กรุงเทพฯ,252,3927
2026-06-08,AG-E-052,ภาคกลาง,177,3302
2026-06-08,AG-E-052,ภาคตะวันออก,154,2826
2026-06-08,AG-E-052,ภาคเหนือ,122,2173
2026-06-08,AG-E-052,ภาคใต้,152,3234
2026-06-09,TK-A-001,กรุงเทพฯ,317,5242
2026-06-09,TK-A-001,ภาคกลาง,233,4035
2026-06-09,TK-A-001,ภาคตะวันออก,191,3575
2026-06-09,TK-A-001,ภาคเหนือ,172,2771
2026-06-09,TK-A-001,ภาคใต้,204,3423
2026-06-09,GL-B-014,กรุงเทพฯ,1646,28992
2026-06-09,GL-B-014,ภาคกลาง,1289,25796
2026-06-09,GL-B-014,ภาคตะวันออก,984,19019
2026-06-09,GL-B-014,ภาคเหนือ,896,16277
2026-06-09,GL-B-014,ภาคใต้,992,17531
2026-06-09,MK-C-028,กรุงเทพฯ,1203,19062
2026-06-09,MK-C-028,ภาคกลาง,892,16361
2026-06-09,MK-C-028,ภาคตะวันออก,653,11561
2026-06-09,MK-C-028,ภาคเหนือ,581,13043
2026-06-09,MK-C-028,ภาคใต้,849,12652
2026-06-09,SY-D-039,กรุงเทพฯ,774,14963
2026-06-09,SY-D-039,ภาคกลาง,661,12200
2026-06-09,SY-D-039,ภาคตะวันออก,503,7944
2026-06-09,SY-D-039,ภาคเหนือ,405,6594
2026-06-09,SY-D-039,ภาคใต้,571,10789
2026-06-09,AG-E-052,กรุงเทพฯ,226,3665
2026-06-09,AG-E-052,ภาคกลาง,181,3622
2026-06-09,AG-E-052,ภาคตะวันออก,134,2860
2026-06-09,AG-E-052,ภาคเหนือ,118,2358
2026-06-09,AG-E-052,ภาคใต้,169,2729
2026-06-10,TK-A-001,กรุงเทพฯ,338,4947
2026-06-10,TK-A-001,ภาคกลาง,237,4428
2026-06-10,TK-A-001,ภาคตะวันออก,199,3450
2026-06-10,TK-A-001,ภาคเหนือ,171,3273
2026-06-10,TK-A-001,ภาคใต้,206,4030
2026-06-10,GL-B-014,กรุงเทพฯ,1612,32033
2026-06-10,GL-B-014,ภาคกลาง,1414,21381
2026-06-10,GL-B-014,ภาคตะวันออก,943,16821
2026-06-10,GL-B-014,ภาคเหนือ,928,17371
2026-06-10,GL-B-014,ภาคใต้,1169,19131
2026-06-10,MK-C-028,กรุงเทพฯ,1179,22601
2026-06-10,MK-C-028,ภาคกลาง,905,15008
2026-06-10,MK-C-028,ภาคตะวันออก,708,13761
2026-06-10,MK-C-028,ภาคเหนือ,636,12992
2026-06-10,MK-C-028,ภาคใต้,779,14134
2026-06-10,SY-D-039,กรุงเทพฯ,730,15862
2026-06-10,SY-D-039,ภาคกลาง,655,11501
2026-06-10,SY-D-039,ภาคตะวันออก,503,9597
2026-06-10,SY-D-039,ภาคเหนือ,447,8595
2026-06-10,SY-D-039,ภาคใต้,535,10338
2026-06-10,AG-E-052,กรุงเทพฯ,229,3689
2026-06-10,AG-E-052,ภาคกลาง,172,3156
2026-06-10,AG-E-052,ภาคตะวันออก,143,2818
2026-06-10,AG-E-052,ภาคเหนือ,130,2521
2026-06-10,AG-E-052,ภาคใต้,161,2720
2026-06-11,TK-A-001,กรุงเทพฯ,334,5834
2026-06-11,TK-A-001,ภาคกลาง,247,4509
2026-06-11,TK-A-001,ภาคตะวันออก,185,3880
2026-06-11,TK-A-001,ภาคเหนือ,171,2679
2026-06-11,TK-A-001,ภาคใต้,215,3804
2026-06-11,GL-B-014,กรุงเทพฯ,1784,31537
2026-06-11,GL-B-014,ภาคกลาง,1213,21014
2026-06-11,GL-B-014,ภาคตะวันออก,906,19014
2026-06-11,GL-B-014,ภาคเหนือ,865,14793
2026-06-11,GL-B-014,ภาคใต้,1156,22442
2026-06-11,MK-C-028,กรุงเทพฯ,1221,19967
2026-06-11,MK-C-028,ภาคกลาง,987,17157
2026-06-11,MK-C-028,ภาคตะวันออก,724,14625
2026-06-11,MK-C-028,ภาคเหนือ,631,11696
2026-06-11,MK-C-028,ภาคใต้,756,16001
2026-06-11,SY-D-039,กรุงเทพฯ,752,12873
2026-06-11,SY-D-039,ภาคกลาง,695,11353
2026-06-11,SY-D-039,ภาคตะวันออก,502,8579
2026-06-11,SY-D-039,ภาคเหนือ,394,7572
2026-06-11,SY-D-039,ภาคใต้,496,10231
2026-06-11,AG-E-052,กรุงเทพฯ,239,4300
2026-06-11,AG-E-052,ภาคกลาง,208,3429
2026-06-11,AG-E-052,ภาคตะวันออก,150,2909
2026-06-11,AG-E-052,ภาคเหนือ,126,2538
2026-06-11,AG-E-052,ภาคใต้,159,2700
2026-06-12,TK-A-001,กรุงเทพฯ,294,5260
2026-06-12,TK-A-001,ภาคกลาง,278,4603
2026-06-12,TK-A-001,ภาคตะวันออก,192,2958
2026-06-12,TK-A-001,ภาคเหนือ,181,2604
2026-06-12,TK-A-001,ภาคใต้,211,3429
2026-06-12,GL-B-014,กรุงเทพฯ,1760,33601
2026-06-12,GL-B-014,ภาคกลาง,1379,25107
2026-06-12,GL-B-014,ภาคตะวันออก,1047,15875
2026-06-12,GL-B-014,ภาคเหนือ,941,14713
2026-06-12,GL-B-014,ภาคใต้,1192,22297
2026-06-12,MK-C-028,กรุงเทพฯ,1149,18976
2026-06-12,MK-C-028,ภาคกลาง,917,17702
2026-06-12,MK-C-028,ภาคตะวันออก,680,13246
2026-06-12,MK-C-028,ภาคเหนือ,698,12853
2026-06-12,MK-C-028,ภาคใต้,838,16420
2026-06-12,SY-D-039,กรุงเทพฯ,838,15426
2026-06-12,SY-D-039,ภาคกลาง,604,11527
2026-06-12,SY-D-039,ภาคตะวันออก,468,7748
2026-06-12,SY-D-039,ภาคเหนือ,401,6604
2026-06-12,SY-D-039,ภาคใต้,538,8207
2026-06-12,AG-E-052,กรุงเทพฯ,253,4927
2026-06-12,AG-E-052,ภาคกลาง,181,3233
2026-06-12,AG-E-052,ภาคตะวันออก,152,2407
2026-06-12,AG-E-052,ภาคเหนือ,115,2416
2026-06-12,AG-E-052,ภาคใต้,170,2803
2026-06-13,TK-A-001,กรุงเทพฯ,327,6375
2026-06-13,TK-A-001,ภาคกลาง,237,4006
2026-06-13,TK-A-001,ภาคตะวันออก,204,3906
2026-06-13,TK-A-001,ภาคเหนือ,154,3085
2026-06-13,TK-A-001,ภาคใต้,232,3828
2026-06-13,GL-B-014,กรุงเทพฯ,1779,26770
2026-06-13,GL-B-014,ภาคกลาง,1288,23832
2026-06-13,GL-B-014,ภาคตะวันออก,1007,19610
2026-06-13,GL-B-014,ภาคเหนือ,868,14425
2026-06-13,GL-B-014,ภาคใต้,1055,19126
2026-06-13,MK-C-028,กรุงเทพฯ,1148,19853
2026-06-13,MK-C-028,ภาคกลาง,900,15566
2026-06-13,MK-C-028,ภาคตะวันออก,695,11211
2026-06-13,MK-C-028,ภาคเหนือ,687,10354
2026-06-13,MK-C-028,ภาคใต้,823,13275
2026-06-13,SY-D-039,กรุงเทพฯ,861,15701
2026-06-13,SY-D-039,ภาคกลาง,672,10368
2026-06-13,SY-D-039,ภาคตะวันออก,447,9825
2026-06-13,SY-D-039,ภาคเหนือ,455,7231
2026-06-13,SY-D-039,ภาคใต้,488,9630
2026-06-13,AG-E-052,กรุงเทพฯ,261,3668
2026-06-13,AG-E-052,ภาคกลาง,190,3376
2026-06-13,AG-E-052,ภาคตะวันออก,156,2625
2026-06-13,AG-E-052,ภาคเหนือ,131,2231
2026-06-13,AG-E-052,ภาคใต้,150,3237
2026-06-14,TK-A-001,กรุงเทพฯ,329,5542
2026-06-14,TK-A-001,ภาคกลาง,256,4510
2026-06-14,TK-A-001,ภาคตะวันออก,209,3501
2026-06-14,TK-A-001,ภาคเหนือ,163,2767
2026-06-14,TK-A-001,ภาคใต้,201,3976
2026-06-14,GL-B-014,กรุงเทพฯ,1582,26223
2026-06-14,GL-B-014,ภาคกลาง,1257,23730
2026-06-14,GL-B-014,ภาคตะวันออก,1001,15487
2026-06-14,GL-B-014,ภาคเหนือ,810,16254
2026-06-14,GL-B-014,ภาคใต้,1004,17010
2026-06-14,MK-C-028,กรุงเทพฯ,1249,21528
2026-06-14,MK-C-028,ภาคกลาง,937,17354
2026-06-14,MK-C-028,ภาคตะวันออก,760,13802
2026-06-14,MK-C-028,ภาคเหนือ,620,12910
2026-06-14,MK-C-028,ภาคใต้,854,14864
2026-06-14,SY-D-039,กรุงเทพฯ,790,16342
2026-06-14,SY-D-039,ภาคกลาง,624,12451
2026-06-14,SY-D-039,ภาคตะวันออก,486,7310
2026-06-14,SY-D-039,ภาคเหนือ,458,7958
2026-06-14,SY-D-039,ภาคใต้,514,9358
2026-06-14,AG-E-052,กรุงเทพฯ,254,4734
2026-06-14,AG-E-052,ภาคกลาง,203,3541
2026-06-14,AG-E-052,ภาคตะวันออก,134,2767
2026-06-14,AG-E-052,ภาคเหนือ,136,2008
2026-06-14,AG-E-052,ภาคใต้,174,2586
2026-06-15,TK-A-001,กรุงเทพฯ,288,4902
2026-06-15,TK-A-001,ภาคกลาง,266,4019
2026-06-15,TK-A-001,ภาคตะวันออก,204,2929
2026-06-15,TK-A-001,ภาคเหนือ,155,3496
2026-06-15,TK-A-001,ภาคใต้,191,4075
2026-06-15,GL-B-014,กรุงเทพฯ,1725,26062
2026-06-15,GL-B-014,ภาคกลาง,1344,22099
2026-06-15,GL-B-014,ภาคตะวันออก,1069,19430
2026-06-15,GL-B-014,ภาคเหนือ,921,17534
2026-06-15,GL-B-014,ภาคใต้,1046,20624
2026-06-15,MK-C-028,กรุงเทพฯ,1272,20949
2026-06-15,MK-C-028,ภาคกลาง,943,19421
2026-06-15,MK-C-028,ภาคตะวันออก,713,11390
2026-06-15,MK-C-028,ภาคเหนือ,685,9752
2026-06-15,MK-C-028,ภาคใต้,730,12603
2026-06-15,SY-D-039,กรุงเทพฯ,720,13919
2026-06-15,SY-D-039,ภาคกลาง,592,12310
2026-06-15,SY-D-039,ภาคตะวันออก,469,8858
2026-06-15,SY-D-039,ภาคเหนือ,464,6948
2026-06-15,SY-D-039,ภาคใต้,491,8230
2026-06-15,AG-E-052,กรุงเทพฯ,242,3858
2026-06-15,AG-E-052,ภาคกลาง,202,3594
2026-06-15,AG-E-052,ภาคตะวันออก,149,2298
2026-06-15,AG-E-052,ภาคเหนือ,136,2036
2026-06-15,AG-E-052,ภาคใต้,148,2928
2026-06-16,TK-A-001,กรุงเทพฯ,346,5765
2026-06-16,TK-A-001,ภาคกลาง,244,4671
2026-06-16,TK-A-001,ภาคตะวันออก,195,2934
2026-06-16,TK-A-001,ภาคเหนือ,186,2724
2026-06-16,TK-A-001,ภาคใต้,218,4334
2026-06-16,GL-B-014,กรุงเทพฯ,1612,27911
2026-06-16,GL-B-014,ภาคกลาง,1393,23214
2026-06-16,GL-B-014,ภาคตะวันออก,1043,16698
2026-06-16,GL-B-014,ภาคเหนือ,897,13800
2026-06-16,GL-B-014,ภาคใต้,1126,20955
2026-06-16,MK-C-028,กรุงเทพฯ,1235,23037
2026-06-16,MK-C-028,ภาคกลาง,903,17241
2026-06-16,MK-C-028,ภาคตะวันออก,723,12120
2026-06-16,MK-C-028,ภาคเหนือ,622,10327
2026-06-16,MK-C-028,ภาคใต้,737,15877
2026-06-16,SY-D-039,กรุงเทพฯ,844,13151
2026-06-16,SY-D-039,ภาคกลาง,602,12772
2026-06-16,SY-D-039,ภาคตะวันออก,464,7638
2026-06-16,SY-D-039,ภาคเหนือ,433,6770
2026-06-16,SY-D-039,ภาคใต้,516,8815
2026-06-16,AG-E-052,กรุงเทพฯ,250,4230
2026-06-16,AG-E-052,ภาคกลาง,193,3172
2026-06-16,AG-E-052,ภาคตะวันออก,131,2855
2026-06-16,AG-E-052,ภาคเหนือ,119,2167
2026-06-16,AG-E-052,ภาคใต้,165,2653
2026-06-17,TK-A-001,กรุงเทพฯ,338,6504
2026-06-17,TK-A-001,ภาคกลาง,236,5074
2026-06-17,TK-A-001,ภาคตะวันออก,189,3054
2026-06-17,TK-A-001,ภาคเหนือ,171,2843
2026-06-17,TK-A-001,ภาคใต้,193,3608
2026-06-17,GL-B-014,กรุงเทพฯ,1787,30366
2026-06-17,GL-B-014,ภาคกลาง,1356,23790
2026-06-17,GL-B-014,ภาคตะวันออก,891,15481
2026-06-17,GL-B-014,ภาคเหนือ,943,14393
2026-06-17,GL-B-014,ภาคใต้,1102,18352
2026-06-17,MK-C-028,กรุงเทพฯ,1103,18745
2026-06-17,MK-C-028,ภาคกลาง,951,17610
2026-06-17,MK-C-028,ภาคตะวันออก,776,13893
2026-06-17,MK-C-028,ภาคเหนือ,698,12258
2026-06-17,MK-C-028,ภาคใต้,781,12318
2026-06-17,SY-D-039,กรุงเทพฯ,794,14597
2026-06-17,SY-D-039,ภาคกลาง,651,10354
2026-06-17,SY-D-039,ภาคตะวันออก,495,7594
2026-06-17,SY-D-039,ภาคเหนือ,395,7512
2026-06-17,SY-D-039,ภาคใต้,512,10920
2026-06-17,AG-E-052,กรุงเทพฯ,244,4737
2026-06-17,AG-E-052,ภาคกลาง,199,3261
2026-06-17,AG-E-052,ภาคตะวันออก,143,2732
2026-06-17,AG-E-052,ภาคเหนือ,131,2035
2026-06-17,AG-E-052,ภาคใต้,167,3039
2026-06-18,TK-A-001,กรุงเทพฯ,298,5560
2026-06-18,TK-A-001,ภาคกลาง,233,4379
2026-06-18,TK-A-001,ภาคตะวันออก,179,3565
2026-06-18,TK-A-001,ภาคเหนือ,172,2633
2026-06-18,TK-A-001,ภาคใต้,225,3891
2026-06-18,GL-B-014,กรุงเทพฯ,1652,27336
2026-06-18,GL-B-014,ภาคกลาง,1292,21174
2026-06-18,GL-B-014,ภาคตะวันออก,949,17632
2026-06-18,GL-B-014,ภาคเหนือ,844,14340
2026-06-18,GL-B-014,ภาคใต้,1129,22537
2026-06-18,MK-C-028,กรุงเทพฯ,1191,18659
2026-06-18,MK-C-028,ภาคกลาง,995,16404
2026-06-18,MK-C-028,ภาคตะวันออก,670,13187
2026-06-18,MK-C-028,ภาคเหนือ,582,11889
2026-06-18,MK-C-028,ภาคใต้,723,15587
2026-06-18,SY-D-039,กรุงเทพฯ,730,13753
2026-06-18,SY-D-039,ภาคกลาง,595,11223
2026-06-18,SY-D-039,ภาคตะวันออก,476,9549
2026-06-18,SY-D-039,ภาคเหนือ,396,6605
2026-06-18,SY-D-039,ภาคใต้,492,9827
2026-06-18,AG-E-052,กรุงเทพฯ,221,4042
2026-06-18,AG-E-052,ภาคกลาง,187,3265
2026-06-18,AG-E-052,ภาคตะวันออก,139,2848
2026-06-18,AG-E-052,ภาคเหนือ,122,2459
2026-06-18,AG-E-052,ภาคใต้,166,3066
2026-06-19,TK-A-001,กรุงเทพฯ,324,5383
2026-06-19,TK-A-001,ภาคกลาง,260,4378
2026-06-19,TK-A-001,ภาคตะวันออก,194,3709
2026-06-19,TK-A-001,ภาคเหนือ,163,2837
2026-06-19,TK-A-001,ภาคใต้,231,4063
2026-06-19,GL-B-014,กรุงเทพฯ,1675,29713
2026-06-19,GL-B-014,ภาคกลาง,1208,25597
2026-06-19,GL-B-014,ภาคตะวันออก,1056,16273
2026-06-19,GL-B-014,ภาคเหนือ,958,15847
2026-06-19,GL-B-014,ภาคใต้,1157,20033
2026-06-19,MK-C-028,กรุงเทพฯ,1312,20023
2026-06-19,MK-C-028,ภาคกลาง,1022,16523
2026-06-19,MK-C-028,ภาคตะวันออก,766,11963
2026-06-19,MK-C-028,ภาคเหนือ,662,10474
2026-06-19,MK-C-028,ภาคใต้,736,15270
2026-06-19,SY-D-039,กรุงเทพฯ,783,13547
2026-06-19,SY-D-039,ภาคกลาง,583,10039
2026-06-19,SY-D-039,ภาคตะวันออก,456,9567
2026-06-19,SY-D-039,ภาคเหนือ,392,7262
2026-06-19,SY-D-039,ภาคใต้,516,10327
2026-06-19,AG-E-052,กรุงเทพฯ,243,4887
2026-06-19,AG-E-052,ภาคกลาง,180,3366
2026-06-19,AG-E-052,ภาคตะวันออก,133,2426
2026-06-19,AG-E-052,ภาคเหนือ,123,2348
2026-06-19,AG-E-052,ภาคใต้,160,2632
2026-06-20,TK-A-001,กรุงเทพฯ,311,6606
2026-06-20,TK-A-001,ภาคกลาง,233,4221
2026-06-20,TK-A-001,ภาคตะวันออก,175,3572
2026-06-20,TK-A-001,ภาคเหนือ,171,3115
2026-06-20,TK-A-001,ภาคใต้,208,3814
2026-06-20,GL-B-014,กรุงเทพฯ,1637,33765
2026-06-20,GL-B-014,ภาคกลาง,1358,23631
2026-06-20,GL-B-014,ภาคตะวันออก,1000,15566
2026-06-20,GL-B-014,ภาคเหนือ,813,17598
2026-06-20,GL-B-014,ภาคใต้,1176,20658
2026-06-20,MK-C-028,กรุงเทพฯ,1278,24395
2026-06-20,MK-C-028,ภาคกลาง,939,19462
2026-06-20,MK-C-028,ภาคตะวันออก,693,12517
2026-06-20,MK-C-028,ภาคเหนือ,664,10435
2026-06-20,MK-C-028,ภาคใต้,804,13386
2026-06-20,SY-D-039,กรุงเทพฯ,815,12436
2026-06-20,SY-D-039,ภาคกลาง,620,11498
2026-06-20,SY-D-039,ภาคตะวันออก,523,9841
2026-06-20,SY-D-039,ภาคเหนือ,401,7396
2026-06-20,SY-D-039,ภาคใต้,480,9137
2026-06-20,AG-E-052,กรุงเทพฯ,258,4478
2026-06-20,AG-E-052,ภาคกลาง,178,3825
2026-06-20,AG-E-052,ภาคตะวันออก,142,2768
2026-06-20,AG-E-052,ภาคเหนือ,138,2030
2026-06-20,AG-E-052,ภาคใต้,169,3125
2026-06-21,TK-A-001,กรุงเทพฯ,348,5953
2026-06-21,TK-A-001,ภาคกลาง,257,4019
2026-06-21,TK-A-001,ภาคตะวันออก,198,3762
2026-06-21,TK-A-001,ภาคเหนือ,184,3501
2026-06-21,TK-A-001,ภาคใต้,211,3844
2026-06-21,GL-B-014,กรุงเทพฯ,1520,25531
2026-06-21,GL-B-014,ภาคกลาง,1451,20953
2026-06-21,GL-B-014,ภาคตะวันออก,910,16992
2026-06-21,GL-B-014,ภาคเหนือ,957,15013
2026-06-21,GL-B-014,ภาคใต้,1194,19379
2026-06-21,MK-C-028,กรุงเทพฯ,1264,20432
2026-06-21,MK-C-028,ภาคกลาง,891,16207
2026-06-21,MK-C-028,ภาคตะวันออก,667,13532
2026-06-21,MK-C-028,ภาคเหนือ,652,11543
2026-06-21,MK-C-028,ภาคใต้,775,12549
2026-06-21,SY-D-039,กรุงเทพฯ,867,13401
2026-06-21,SY-D-039,ภาคกลาง,604,11442
2026-06-21,SY-D-039,ภาคตะวันออก,476,9731
2026-06-21,SY-D-039,ภาคเหนือ,425,7202
2026-06-21,SY-D-039,ภาคใต้,524,9334
2026-06-21,AG-E-052,กรุงเทพฯ,224,3828
2026-06-21,AG-E-052,ภาคกลาง,190,3474
2026-06-21,AG-E-052,ภาคตะวันออก,155,2643
2026-06-21,AG-E-052,ภาคเหนือ,115,1970
2026-06-21,AG-E-052,ภาคใต้,171,2822
2026-06-22,TK-A-001,กรุงเทพฯ,296,6575
2026-06-22,TK-A-001,ภาคกลาง,239,4964
2026-06-22,TK-A-001,ภาคตะวันออก,197,3813
2026-06-22,TK-A-001,ภาคเหนือ,172,2949
2026-06-22,TK-A-001,ภาคใต้,220,3511
2026-06-22,GL-B-014,กรุงเทพฯ,1667,33788
2026-06-22,GL-B-014,ภาคกลาง,1240,21401
2026-06-22,GL-B-014,ภาคตะวันออก,919,19494
2026-06-22,GL-B-014,ภาคเหนือ,961,16742
2026-06-22,GL-B-014,ภาคใต้,1205,21185
2026-06-22,MK-C-028,กรุงเทพฯ,1283,22744
2026-06-22,MK-C-028,ภาคกลาง,1016,18587
2026-06-22,MK-C-028,ภาคตะวันออก,760,12458
2026-06-22,MK-C-028,ภาคเหนือ,686,12267
2026-06-22,MK-C-028,ภาคใต้,802,13239
2026-06-22,SY-D-039,กรุงเทพฯ,759,15659
2026-06-22,SY-D-039,ภาคกลาง,579,12210
2026-06-22,SY-D-039,ภาคตะวันออก,473,8643
2026-06-22,SY-D-039,ภาคเหนือ,413,7308
2026-06-22,SY-D-039,ภาคใต้,545,10717
2026-06-22,AG-E-052,กรุงเทพฯ,262,3932
2026-06-22,AG-E-052,ภาคกลาง,192,3766
2026-06-22,AG-E-052,ภาคตะวันออก,137,2603
2026-06-22,AG-E-052,ภาคเหนือ,135,2296
2026-06-22,AG-E-052,ภาคใต้,163,2454
2026-06-23,TK-A-001,กรุงเทพฯ,289,6598
2026-06-23,TK-A-001,ภาคกลาง,265,4517
2026-06-23,TK-A-001,ภาคตะวันออก,187,3909
2026-06-23,TK-A-001,ภาคเหนือ,155,2762
2026-06-23,TK-A-001,ภาคใต้,230,4295
2026-06-23,GL-B-014,กรุงเทพฯ,1508,33171
2026-06-23,GL-B-014,ภาคกลาง,1264,21675
2026-06-23,GL-B-014,ภาคตะวันออก,906,19149
2026-06-23,GL-B-014,ภาคเหนือ,917,18172
2026-06-23,GL-B-014,ภาคใต้,1162,20098
2026-06-23,MK-C-028,กรุงเทพฯ,1251,24321
2026-06-23,MK-C-028,ภาคกลาง,973,18706
2026-06-23,MK-C-028,ภาคตะวันออก,746,13954
2026-06-23,MK-C-028,ภาคเหนือ,686,11805
2026-06-23,MK-C-028,ภาคใต้,858,15486
2026-06-23,SY-D-039,กรุงเทพฯ,749,12255
2026-06-23,SY-D-039,ภาคกลาง,637,11635
2026-06-23,SY-D-039,ภาคตะวันออก,522,7461
2026-06-23,SY-D-039,ภาคเหนือ,393,6621
2026-06-23,SY-D-039,ภาคใต้,579,9389
2026-06-23,AG-E-052,กรุงเทพฯ,233,4350
2026-06-23,AG-E-052,ภาคกลาง,176,3012
2026-06-23,AG-E-052,ภาคตะวันออก,151,2823
2026-06-23,AG-E-052,ภาคเหนือ,140,2425
2026-06-23,AG-E-052,ภาคใต้,176,2625
2026-06-24,TK-A-001,กรุงเทพฯ,349,6496
2026-06-24,TK-A-001,ภาคกลาง,250,5288
2026-06-24,TK-A-001,ภาคตะวันออก,186,3140
2026-06-24,TK-A-001,ภาคเหนือ,182,2639
2026-06-24,TK-A-001,ภาคใต้,221,4209
2026-06-24,GL-B-014,กรุงเทพฯ,1750,26588
2026-06-24,GL-B-014,ภาคกลาง,1418,21895
2026-06-24,GL-B-014,ภาคตะวันออก,905,17436
2026-06-24,GL-B-014,ภาคเหนือ,819,16270
2026-06-24,GL-B-014,ภาคใต้,1070,18423
2026-06-24,MK-C-028,กรุงเทพฯ,1311,22573
2026-06-24,MK-C-028,ภาคกลาง,1056,15252
2026-06-24,MK-C-028,ภาคตะวันออก,662,11458
2026-06-24,MK-C-028,ภาคเหนือ,589,9964
2026-06-24,MK-C-028,ภาคใต้,837,14590
2026-06-24,SY-D-039,กรุงเทพฯ,758,15512
2026-06-24,SY-D-039,ภาคกลาง,629,12056
2026-06-24,SY-D-039,ภาคตะวันออก,461,8539
2026-06-24,SY-D-039,ภาคเหนือ,462,8079
2026-06-24,SY-D-039,ภาคใต้,503,10793
2026-06-24,AG-E-052,กรุงเทพฯ,238,4820
2026-06-24,AG-E-052,ภาคกลาง,194,3504
2026-06-24,AG-E-052,ภาคตะวันออก,158,2751
2026-06-24,AG-E-052,ภาคเหนือ,125,2144
2026-06-24,AG-E-052,ภาคใต้,155,3155
2026-06-25,TK-A-001,กรุงเทพฯ,326,5975
2026-06-25,TK-A-001,ภาคกลาง,250,4290
2026-06-25,TK-A-001,ภาคตะวันออก,210,3176
2026-06-25,TK-A-001,ภาคเหนือ,172,3087
2026-06-25,TK-A-001,ภาคใต้,210,4129
2026-06-25,GL-B-014,กรุงเทพฯ,1689,32744
2026-06-25,GL-B-014,ภาคกลาง,1251,25947
2026-06-25,GL-B-014,ภาคตะวันออก,937,18447
2026-06-25,GL-B-014,ภาคเหนือ,838,15971
2026-06-25,GL-B-014,ภาคใต้,1134,19104
2026-06-25,MK-C-028,กรุงเทพฯ,1170,23415
2026-06-25,MK-C-028,ภาคกลาง,1040,18036
2026-06-25,MK-C-028,ภาคตะวันออก,769,11666
2026-06-25,MK-C-028,ภาคเหนือ,602,12867
2026-06-25,MK-C-028,ภาคใต้,870,13456
2026-06-25,SY-D-039,กรุงเทพฯ,737,13231
2026-06-25,SY-D-039,ภาคกลาง,636,13171
2026-06-25,SY-D-039,ภาคตะวันออก,449,9103
2026-06-25,SY-D-039,ภาคเหนือ,451,7782
2026-06-25,SY-D-039,ภาคใต้,580,11021
2026-06-25,AG-E-052,กรุงเทพฯ,237,3694
2026-06-25,AG-E-052,ภาคกลาง,177,3441
2026-06-25,AG-E-052,ภาคตะวันออก,149,2257
2026-06-25,AG-E-052,ภาคเหนือ,139,2210
2026-06-25,AG-E-052,ภาคใต้,150,2605
2026-06-26,TK-A-001,กรุงเทพฯ,332,5627
2026-06-26,TK-A-001,ภาคกลาง,246,4017
2026-06-26,TK-A-001,ภาคตะวันออก,205,3108
2026-06-26,TK-A-001,ภาคเหนือ,185,3111
2026-06-26,TK-A-001,ภาคใต้,209,4077
2026-06-26,GL-B-014,กรุงเทพฯ,1528,27412
2026-06-26,GL-B-014,ภาคกลาง,1324,27352
2026-06-26,GL-B-014,ภาคตะวันออก,1038,20566
2026-06-26,GL-B-014,ภาคเหนือ,823,14551
2026-06-26,GL-B-014,ภาคใต้,1080,21578
2026-06-26,MK-C-028,กรุงเทพฯ,1272,21365
2026-06-26,MK-C-028,ภาคกลาง,965,16277
2026-06-26,MK-C-028,ภาคตะวันออก,651,14522
2026-06-26,MK-C-028,ภาคเหนือ,593,12876
2026-06-26,MK-C-028,ภาคใต้,821,13115
2026-06-26,SY-D-039,กรุงเทพฯ,756,13513
2026-06-26,SY-D-039,ภาคกลาง,700,12844
2026-06-26,SY-D-039,ภาคตะวันออก,470,8171
2026-06-26,SY-D-039,ภาคเหนือ,469,8164
2026-06-26,SY-D-039,ภาคใต้,557,9691
2026-06-26,AG-E-052,กรุงเทพฯ,253,4350
2026-06-26,AG-E-052,ภาคกลาง,181,3448
2026-06-26,AG-E-052,ภาคตะวันออก,133,2978
2026-06-26,AG-E-052,ภาคเหนือ,123,2104
2026-06-26,AG-E-052,ภาคใต้,172,2619
2026-06-27,TK-A-001,กรุงเทพฯ,295,6254
2026-06-27,TK-A-001,ภาคกลาง,265,3982
2026-06-27,TK-A-001,ภาคตะวันออก,199,3345
2026-06-27,TK-A-001,ภาคเหนือ,167,3466
2026-06-27,TK-A-001,ภาคใต้,197,3448
2026-06-27,GL-B-014,กรุงเทพฯ,1792,26253
2026-06-27,GL-B-014,ภาคกลาง,1340,24014
2026-06-27,GL-B-014,ภาคตะวันออก,923,19379
2026-06-27,GL-B-014,ภาคเหนือ,862,14087
2026-06-27,GL-B-014,ภาคใต้,1030,21376
2026-06-27,MK-C-028,กรุงเทพฯ,1282,20513
2026-06-27,MK-C-028,ภาคกลาง,1001,15577
2026-06-27,MK-C-028,ภาคตะวันออก,705,14855
2026-06-27,MK-C-028,ภาคเหนือ,586,12624
2026-06-27,MK-C-028,ภาคใต้,755,16301
2026-06-27,SY-D-039,กรุงเทพฯ,819,15967
2026-06-27,SY-D-039,ภาคกลาง,658,11231
2026-06-27,SY-D-039,ภาคตะวันออก,439,7520
2026-06-27,SY-D-039,ภาคเหนือ,430,7404
2026-06-27,SY-D-039,ภาคใต้,540,10642
2026-06-27,AG-E-052,กรุงเทพฯ,263,4125
2026-06-27,AG-E-052,ภาคกลาง,208,3731
2026-06-27,AG-E-052,ภาคตะวันออก,146,2500
2026-06-27,AG-E-052,ภาคเหนือ,133,2027
2026-06-27,AG-E-052,ภาคใต้,158,2595
2026-06-28,TK-A-001,กรุงเทพฯ,300,6593
2026-06-28,TK-A-001,ภาคกลาง,256,4557
2026-06-28,TK-A-001,ภาคตะวันออก,209,3904
2026-06-28,TK-A-001,ภาคเหนือ,178,2824
2026-06-28,TK-A-001,ภาคใต้,234,4133
2026-06-28,GL-B-014,กรุงเทพฯ,1714,28403
2026-06-28,GL-B-014,ภาคกลาง,1317,23193
2026-06-28,GL-B-014,ภาคตะวันออก,909,18722
2026-06-28,GL-B-014,ภาคเหนือ,901,13752
2026-06-28,GL-B-014,ภาคใต้,1081,21081
2026-06-28,MK-C-028,กรุงเทพฯ,1101,21378
2026-06-28,MK-C-028,ภาคกลาง,1051,17365
2026-06-28,MK-C-028,ภาคตะวันออก,682,13220
2026-06-28,MK-C-028,ภาคเหนือ,678,10437
2026-06-28,MK-C-028,ภาคใต้,848,15568
2026-06-28,SY-D-039,กรุงเทพฯ,737,13182
2026-06-28,SY-D-039,ภาคกลาง,684,10672
2026-06-28,SY-D-039,ภาคตะวันออก,483,9340
2026-06-28,SY-D-039,ภาคเหนือ,422,7740
2026-06-28,SY-D-039,ภาคใต้,495,9076
2026-06-28,AG-E-052,กรุงเทพฯ,264,4694
2026-06-28,AG-E-052,ภาคกลาง,174,3385
2026-06-28,AG-E-052,ภาคตะวันออก,138,2211
2026-06-28,AG-E-052,ภาคเหนือ,139,2348
2026-06-28,AG-E-052,ภาคใต้,171,3084
2026-06-29,TK-A-001,กรุงเทพฯ,301,5126
2026-06-29,TK-A-001,ภาคกลาง,273,5229
2026-06-29,TK-A-001,ภาคตะวันออก,183,3237
2026-06-29,TK-A-001,ภาคเหนือ,155,3170
2026-06-29,TK-A-001,ภาคใต้,228,3378
2026-06-29,GL-B-014,กรุงเทพฯ,1638,31300
2026-06-29,GL-B-014,ภาคกลาง,1273,20986
2026-06-29,GL-B-014,ภาคตะวันออก,1091,18765
2026-06-29,GL-B-014,ภาคเหนือ,874,15543
2026-06-29,GL-B-014,ภาคใต้,1085,17748
2026-06-29,MK-C-028,กรุงเทพฯ,1204,24349
2026-06-29,MK-C-028,ภาคกลาง,1008,17917
2026-06-29,MK-C-028,ภาคตะวันออก,750,14962
2026-06-29,MK-C-028,ภาคเหนือ,664,12457
2026-06-29,MK-C-028,ภาคใต้,726,13345
2026-06-29,SY-D-039,กรุงเทพฯ,775,12429
2026-06-29,SY-D-039,ภาคกลาง,641,12386
2026-06-29,SY-D-039,ภาคตะวันออก,517,9849
2026-06-29,SY-D-039,ภาคเหนือ,458,8553
2026-06-29,SY-D-039,ภาคใต้,588,10111
2026-06-29,AG-E-052,กรุงเทพฯ,242,3805
2026-06-29,AG-E-052,ภาคกลาง,188,3605
2026-06-29,AG-E-052,ภาคตะวันออก,141,2786
2026-06-29,AG-E-052,ภาคเหนือ,128,2304
2026-06-29,AG-E-052,ภาคใต้,157,3270
2026-06-30,TK-A-001,กรุงเทพฯ,312,5652
2026-06-30,TK-A-001,ภาคกลาง,260,4315
2026-06-30,TK-A-001,ภาคตะวันออก,189,3615
2026-06-30,TK-A-001,ภาคเหนือ,166,3294
2026-06-30,TK-A-001,ภาคใต้,236,4130
2026-06-30,GL-B-014,กรุงเทพฯ,1724,33738
2026-06-30,GL-B-014,ภาคกลาง,1391,21078
2026-06-30,GL-B-014,ภาคตะวันออก,997,20417
2026-06-30,GL-B-014,ภาคเหนือ,909,16528
2026-06-30,GL-B-014,ภาคใต้,1155,17278
2026-06-30,MK-C-028,กรุงเทพฯ,1149,20185
2026-06-30,MK-C-028,ภาคกลาง,1017,19963
2026-06-30,MK-C-028,ภาคตะวันออก,665,12877
2026-06-30,MK-C-028,ภาคเหนือ,581,10278
2026-06-30,MK-C-028,ภาคใต้,752,13286
2026-06-30,SY-D-039,กรุงเทพฯ,746,12931
2026-06-30,SY-D-039,ภาคกลาง,586,11446
2026-06-30,SY-D-039,ภาคตะวันออก,521,7972
2026-06-30,SY-D-039,ภาคเหนือ,444,8784
2026-06-30,SY-D-039,ภาคใต้,556,8403
2026-06-30,AG-E-052,กรุงเทพฯ,237,4930
2026-06-30,AG-E-052,ภาคกลาง,196,3878
2026-06-30,AG-E-052,ภาคตะวันออก,150,2432
2026-06-30,AG-E-052,ภาคเหนือ,118,2342
2026-06-30,AG-E-052,ภาคใต้,168,2905
2026-07-01,TK-A-001,กรุงเทพฯ,332,5301
2026-07-01,TK-A-001,ภาคกลาง,260,4781
2026-07-01,TK-A-001,ภาคตะวันออก,200,3427
2026-07-01,TK-A-001,ภาคเหนือ,185,3461
2026-07-01,TK-A-001,ภาคใต้,209,3678
2026-07-01,GL-B-014,กรุงเทพฯ,1823,30528
2026-07-01,GL-B-014,ภาคกลาง,1230,21836
2026-07-01,GL-B-014,ภาคตะวันออก,1003,19589
2026-07-01,GL-B-014,ภาคเหนือ,813,14412
2026-07-01,GL-B-014,ภาคใต้,1166,19268
2026-07-01,MK-C-028,กรุงเทพฯ,1241,20709
2026-07-01,MK-C-028,ภาคกลาง,1025,16753
2026-07-01,MK-C-028,ภาคตะวันออก,756,12995
2026-07-01,MK-C-028,ภาคเหนือ,681,10196
2026-07-01,MK-C-028,ภาคใต้,838,14692
2026-07-01,SY-D-039,กรุงเทพฯ,742,15113
2026-07-01,SY-D-039,ภาคกลาง,631,10865
2026-07-01,SY-D-039,ภาคตะวันออก,442,8917
2026-07-01,SY-D-039,ภาคเหนือ,422,8708
2026-07-01,SY-D-039,ภาคใต้,568,10068
2026-07-01,AG-E-052,กรุงเทพฯ,260,4386
2026-07-01,AG-E-052,ภาคกลาง,204,3372
2026-07-01,AG-E-052,ภาคตะวันออก,142,2692
2026-07-01,AG-E-052,ภาคเหนือ,117,2276
2026-07-01,AG-E-052,ภาคใต้,161,2552
2026-07-02,TK-A-001,กรุงเทพฯ,313,5657
2026-07-02,TK-A-001,ภาคกลาง,244,4888
2026-07-02,TK-A-001,ภาคตะวันออก,208,3939
2026-07-02,TK-A-001,ภาคเหนือ,174,2786
2026-07-02,TK-A-001,ภาคใต้,225,3649
2026-07-02,GL-B-014,กรุงเทพฯ,1671,28976
2026-07-02,GL-B-014,ภาคกลาง,1442,23925
2026-07-02,GL-B-014,ภาคตะวันออก,1005,19613
2026-07-02,GL-B-014,ภาคเหนือ,896,17507
2026-07-02,GL-B-014,ภาคใต้,1083,21223
2026-07-02,MK-C-028,กรุงเทพฯ,1233,20675
2026-07-02,MK-C-028,ภาคกลาง,965,19615
2026-07-02,MK-C-028,ภาคตะวันออก,725,14316
2026-07-02,MK-C-028,ภาคเหนือ,666,10444
2026-07-02,MK-C-028,ภาคใต้,760,15918
2026-07-02,SY-D-039,กรุงเทพฯ,796,14792
2026-07-02,SY-D-039,ภาคกลาง,673,10802
2026-07-02,SY-D-039,ภาคตะวันออก,498,7493
2026-07-02,SY-D-039,ภาคเหนือ,390,7759
2026-07-02,SY-D-039,ภาคใต้,587,9514
2026-07-02,AG-E-052,กรุงเทพฯ,226,4829
2026-07-02,AG-E-052,ภาคกลาง,185,3790
2026-07-02,AG-E-052,ภาคตะวันออก,148,2991
2026-07-02,AG-E-052,ภาคเหนือ,130,2564
2026-07-02,AG-E-052,ภาคใต้,152,2999
2026-07-03,TK-A-001,กรุงเทพฯ,293,6555
2026-07-03,TK-A-001,ภาคกลาง,278,4762
2026-07-03,TK-A-001,ภาคตะวันออก,192,3827
2026-07-03,TK-A-001,ภาคเหนือ,157,2761
2026-07-03,TK-A-001,ภาคใต้,205,3325
2026-07-03,GL-B-014,กรุงเทพฯ,1772,33271
2026-07-03,GL-B-014,ภาคกลาง,1227,25509
2026-07-03,GL-B-014,ภาคตะวันออก,1017,19913
2026-07-03,GL-B-014,ภาคเหนือ,836,14596
2026-07-03,GL-B-014,ภาคใต้,1114,22522
2026-07-03,MK-C-028,กรุงเทพฯ,1118,24505
2026-07-03,MK-C-028,ภาคกลาง,1029,19577
2026-07-03,MK-C-028,ภาคตะวันออก,717,14346
2026-07-03,MK-C-028,ภาคเหนือ,691,11624
2026-07-03,MK-C-028,ภาคใต้,861,12832
2026-07-03,SY-D-039,กรุงเทพฯ,856,16630
2026-07-03,SY-D-039,ภาคกลาง,587,11777
2026-07-03,SY-D-039,ภาคตะวันออก,436,9873
2026-07-03,SY-D-039,ภาคเหนือ,424,8045
2026-07-03,SY-D-039,ภาคใต้,530,10693
2026-07-03,AG-E-052,กรุงเทพฯ,227,4576
2026-07-03,AG-E-052,ภาคกลาง,211,3914
2026-07-03,AG-E-052,ภาคตะวันออก,147,2417
2026-07-03,AG-E-052,ภาคเหนือ,122,2524
2026-07-03,AG-E-052,ภาคใต้,156,3172
2026-07-04,TK-A-001,กรุงเทพฯ,307,6602
2026-07-04,TK-A-001,ภาคกลาง,266,4313
2026-07-04,TK-A-001,ภาคตะวันออก,188,3809
2026-07-04,TK-A-001,ภาคเหนือ,155,3442
2026-07-04,TK-A-001,ภาคใต้,223,4313
2026-07-04,GL-B-014,กรุงเทพฯ,1727,33142
2026-07-04,GL-B-014,ภาคกลาง,1370,25142
2026-07-04,GL-B-014,ภาคตะวันออก,936,17141
2026-07-04,GL-B-014,ภาคเหนือ,806,18069
2026-07-04,GL-B-014,ภาคใต้,1110,21768
2026-07-04,MK-C-028,กรุงเทพฯ,1221,22856
2026-07-04,MK-C-028,ภาคกลาง,883,19452
2026-07-04,MK-C-028,ภาคตะวันออก,797,14172
2026-07-04,MK-C-028,ภาคเหนือ,683,11553
2026-07-04,MK-C-028,ภาคใต้,791,14068
2026-07-04,SY-D-039,กรุงเทพฯ,831,13596
2026-07-04,SY-D-039,ภาคกลาง,582,11088
2026-07-04,SY-D-039,ภาคตะวันออก,492,7988
2026-07-04,SY-D-039,ภาคเหนือ,432,6844
2026-07-04,SY-D-039,ภาคใต้,560,10085
2026-07-04,AG-E-052,กรุงเทพฯ,232,4226
2026-07-04,AG-E-052,ภาคกลาง,183,3890
2026-07-04,AG-E-052,ภาคตะวันออก,144,2258
2026-07-04,AG-E-052,ภาคเหนือ,125,2613
2026-07-04,AG-E-052,ภาคใต้,173,2467
2026-07-05,TK-A-001,กรุงเทพฯ,296,6435
2026-07-05,TK-A-001,ภาคกลาง,253,4635
2026-07-05,TK-A-001,ภาคตะวันออก,180,3814
2026-07-05,TK-A-001,ภาคเหนือ,173,3316
2026-07-05,TK-A-001,ภาคใต้,222,3616
2026-07-05,GL-B-014,กรุงเทพฯ,1643,31769
2026-07-05,GL-B-014,ภาคกลาง,1439,27015
2026-07-05,GL-B-014,ภาคตะวันออก,955,19575
2026-07-05,GL-B-014,ภาคเหนือ,850,16671
2026-07-05,GL-B-014,ภาคใต้,1008,20511
2026-07-05,MK-C-028,กรุงเทพฯ,1298,19693
2026-07-05,MK-C-028,ภาคกลาง,913,19031
2026-07-05,MK-C-028,ภาคตะวันออก,733,13651
2026-07-05,MK-C-028,ภาคเหนือ,659,10849
2026-07-05,MK-C-028,ภาคใต้,822,15467
2026-07-05,SY-D-039,กรุงเทพฯ,740,14812
2026-07-05,SY-D-039,ภาคกลาง,588,11422
2026-07-05,SY-D-039,ภาคตะวันออก,531,8558
2026-07-05,SY-D-039,ภาคเหนือ,415,8684
2026-07-05,SY-D-039,ภาคใต้,536,9638
2026-07-05,AG-E-052,กรุงเทพฯ,260,3823
2026-07-05,AG-E-052,ภาคกลาง,178,3393
2026-07-05,AG-E-052,ภาคตะวันออก,158,2847
2026-07-05,AG-E-052,ภาคเหนือ,124,2616
2026-07-05,AG-E-052,ภาคใต้,163,2828
2026-07-06,TK-A-001,กรุงเทพฯ,333,5264
2026-07-06,TK-A-001,ภาคกลาง,255,5153
2026-07-06,TK-A-001,ภาคตะวันออก,182,3267
2026-07-06,TK-A-001,ภาคเหนือ,175,2743
2026-07-06,TK-A-001,ภาคใต้,231,3505
2026-07-06,GL-B-014,กรุงเทพฯ,1548,25572
2026-07-06,GL-B-014,ภาคกลาง,1239,20436
2026-07-06,GL-B-014,ภาคตะวันออก,1027,16657
2026-07-06,GL-B-014,ภาคเหนือ,856,17604
2026-07-06,GL-B-014,ภาคใต้,1039,22690
2026-07-06,MK-C-028,กรุงเทพฯ,1328,19864
2026-07-06,MK-C-028,ภาคกลาง,898,19795
2026-07-06,MK-C-028,ภาคตะวันออก,764,14944
2026-07-06,MK-C-028,ภาคเหนือ,682,12883
2026-07-06,MK-C-028,ภาคใต้,749,13813
2026-07-06,SY-D-039,กรุงเทพฯ,816,14681
2026-07-06,SY-D-039,ภาคกลาง,601,10184
2026-07-06,SY-D-039,ภาคตะวันออก,443,8412
2026-07-06,SY-D-039,ภาคเหนือ,412,7738
2026-07-06,SY-D-039,ภาคใต้,502,10739
2026-07-06,AG-E-052,กรุงเทพฯ,247,4078
2026-07-06,AG-E-052,ภาคกลาง,186,3881
2026-07-06,AG-E-052,ภาคตะวันออก,136,2716
2026-07-06,AG-E-052,ภาคเหนือ,127,2009
2026-07-06,AG-E-052,ภาคใต้,158,2627
2026-07-07,TK-A-001,กรุงเทพฯ,347,5029
2026-07-07,TK-A-001,ภาคกลาง,256,4674
2026-07-07,TK-A-001,ภาคตะวันออก,211,3452
2026-07-07,TK-A-001,ภาคเหนือ,163,3121
2026-07-07,TK-A-001,ภาคใต้,220,4302
2026-07-07,GL-B-014,กรุงเทพฯ,1694,30808
2026-07-07,GL-B-014,ภาคกลาง,1434,20929
2026-07-07,GL-B-014,ภาคตะวันออก,964,18889
2026-07-07,GL-B-014,ภาคเหนือ,802,17346
2026-07-07,GL-B-014,ภาคใต้,1175,20175
2026-07-07,MK-C-028,กรุงเทพฯ,1095,18757
2026-07-07,MK-C-028,ภาคกลาง,994,19144
2026-07-07,MK-C-028,ภาคตะวันออก,741,12120
2026-07-07,MK-C-028,ภาคเหนือ,598,12395
2026-07-07,MK-C-028,ภาคใต้,803,15396
2026-07-07,SY-D-039,กรุงเทพฯ,774,13280
2026-07-07,SY-D-039,ภาคกลาง,611,12191
2026-07-07,SY-D-039,ภาคตะวันออก,492,8707
2026-07-07,SY-D-039,ภาคเหนือ,450,8496
2026-07-07,SY-D-039,ภาคใต้,580,10803
2026-07-07,AG-E-052,กรุงเทพฯ,253,4227
2026-07-07,AG-E-052,ภาคกลาง,181,3142
2026-07-07,AG-E-052,ภาคตะวันออก,144,2349
2026-07-07,AG-E-052,ภาคเหนือ,140,2309
2026-07-07,AG-E-052,ภาคใต้,150,2813
2026-07-08,TK-A-001,กรุงเทพฯ,307,6566
2026-07-08,TK-A-001,ภาคกลาง,273,4454
2026-07-08,TK-A-001,ภาคตะวันออก,188,3739
2026-07-08,TK-A-001,ภาคเหนือ,176,3465
2026-07-08,TK-A-001,ภาคใต้,223,3884
2026-07-08,GL-B-014,กรุงเทพฯ,1555,26699
2026-07-08,GL-B-014,ภาคกลาง,1216,26580
2026-07-08,GL-B-014,ภาคตะวันออก,1050,18302
2026-07-08,GL-B-014,ภาคเหนือ,856,16845
2026-07-08,GL-B-014,ภาคใต้,1180,21716
2026-07-08,MK-C-028,กรุงเทพฯ,1236,22460
2026-07-08,MK-C-028,ภาคกลาง,980,19403
2026-07-08,MK-C-028,ภาคตะวันออก,694,13259
2026-07-08,MK-C-028,ภาคเหนือ,666,9982
2026-07-08,MK-C-028,ภาคใต้,859,13729
2026-07-08,SY-D-039,กรุงเทพฯ,729,16376
2026-07-08,SY-D-039,ภาคกลาง,648,12379
2026-07-08,SY-D-039,ภาคตะวันออก,527,7763
2026-07-08,SY-D-039,ภาคเหนือ,440,8131
2026-07-08,SY-D-039,ภาคใต้,497,9282
2026-07-08,AG-E-052,กรุงเทพฯ,233,3923
2026-07-08,AG-E-052,ภาคกลาง,185,3333
2026-07-08,AG-E-052,ภาคตะวันออก,153,2402
2026-07-08,AG-E-052,ภาคเหนือ,129,2545
2026-07-08,AG-E-052,ภาคใต้,173,2491
2026-07-09,TK-A-001,กรุงเทพฯ,315,6146
2026-07-09,TK-A-001,ภาคกลาง,271,5231
2026-07-09,TK-A-001,ภาคตะวันออก,201,3526
2026-07-09,TK-A-001,ภาคเหนือ,188,2746
2026-07-09,TK-A-001,ภาคใต้,203,4428
2026-07-09,GL-B-014,กรุงเทพฯ,1774,26934
2026-07-09,GL-B-014,ภาคกลาง,1419,23113
2026-07-09,GL-B-014,ภาคตะวันออก,1038,17162
2026-07-09,GL-B-014,ภาคเหนือ,963,14806
2026-07-09,GL-B-014,ภาคใต้,1188,22707
2026-07-09,MK-C-028,กรุงเทพฯ,1093,19007
2026-07-09,MK-C-028,ภาคกลาง,916,19203
2026-07-09,MK-C-028,ภาคตะวันออก,658,12911
2026-07-09,MK-C-028,ภาคเหนือ,642,12229
2026-07-09,MK-C-028,ภาคใต้,768,16197
2026-07-09,SY-D-039,กรุงเทพฯ,841,16686
2026-07-09,SY-D-039,ภาคกลาง,650,11503
2026-07-09,SY-D-039,ภาคตะวันออก,460,9426
2026-07-09,SY-D-039,ภาคเหนือ,459,7638
2026-07-09,SY-D-039,ภาคใต้,493,8961
2026-07-09,AG-E-052,กรุงเทพฯ,230,4192
2026-07-09,AG-E-052,ภาคกลาง,204,3152
2026-07-09,AG-E-052,ภาคตะวันออก,141,2290
2026-07-09,AG-E-052,ภาคเหนือ,119,2476
2026-07-09,AG-E-052,ภาคใต้,177,2605
2026-07-10,TK-A-001,กรุงเทพฯ,351,6043
2026-07-10,TK-A-001,ภาคกลาง,250,4321
2026-07-10,TK-A-001,ภาคตะวันออก,191,3597
2026-07-10,TK-A-001,ภาคเหนือ,188,3202
2026-07-10,TK-A-001,ภาคใต้,208,4131
2026-07-10,GL-B-014,กรุงเทพฯ,1636,30062
2026-07-10,GL-B-014,ภาคกลาง,1363,23763
2026-07-10,GL-B-014,ภาคตะวันออก,953,18606
2026-07-10,GL-B-014,ภาคเหนือ,891,17537
2026-07-10,GL-B-014,ภาคใต้,1192,20170
2026-07-10,MK-C-028,กรุงเทพฯ,1157,20196
2026-07-10,MK-C-028,ภาคกลาง,931,18391
2026-07-10,MK-C-028,ภาคตะวันออก,728,14164
2026-07-10,MK-C-028,ภาคเหนือ,592,12430
2026-07-10,MK-C-028,ภาคใต้,798,13261
2026-07-10,SY-D-039,กรุงเทพฯ,776,16261
2026-07-10,SY-D-039,ภาคกลาง,621,11510
2026-07-10,SY-D-039,ภาคตะวันออก,464,10011
2026-07-10,SY-D-039,ภาคเหนือ,447,7764
2026-07-10,SY-D-039,ภาคใต้,492,8379
2026-07-10,AG-E-052,กรุงเทพฯ,238,3840
2026-07-10,AG-E-052,ภาคกลาง,212,3762
2026-07-10,AG-E-052,ภาคตะวันออก,147,2832
2026-07-10,AG-E-052,ภาคเหนือ,128,2110
2026-07-10,AG-E-052,ภาคใต้,160,2819
2026-07-11,TK-A-001,กรุงเทพฯ,341,5777
2026-07-11,TK-A-001,ภาคกลาง,281,4512
2026-07-11,TK-A-001,ภาคตะวันออก,185,3419
2026-07-11,TK-A-001,ภาคเหนือ,188,3130
2026-07-11,TK-A-001,ภาคใต้,199,3645
2026-07-11,GL-B-014,กรุงเทพฯ,1689,31261
2026-07-11,GL-B-014,ภาคกลาง,1467,21027
2026-07-11,GL-B-014,ภาคตะวันออก,1088,20243
2026-07-11,GL-B-014,ภาคเหนือ,833,14352
2026-07-11,GL-B-014,ภาคใต้,1115,20271
2026-07-11,MK-C-028,กรุงเทพฯ,1259,19236
2026-07-11,MK-C-028,ภาคกลาง,1044,18866
2026-07-11,MK-C-028,ภาคตะวันออก,744,11392
2026-07-11,MK-C-028,ภาคเหนือ,690,12418
2026-07-11,MK-C-028,ภาคใต้,863,16183
2026-07-11,SY-D-039,กรุงเทพฯ,820,14888
2026-07-11,SY-D-039,ภาคกลาง,674,12920
2026-07-11,SY-D-039,ภาคตะวันออก,456,9782
2026-07-11,SY-D-039,ภาคเหนือ,427,7145
2026-07-11,SY-D-039,ภาคใต้,588,8929
2026-07-11,AG-E-052,กรุงเทพฯ,227,3869
2026-07-11,AG-E-052,ภาคกลาง,198,3241
2026-07-11,AG-E-052,ภาคตะวันออก,159,2943
2026-07-11,AG-E-052,ภาคเหนือ,123,2053
2026-07-11,AG-E-052,ภาคใต้,161,2876
2026-07-12,TK-A-001,กรุงเทพฯ,303,6084
2026-07-12,TK-A-001,ภาคกลาง,263,4207
2026-07-12,TK-A-001,ภาคตะวันออก,209,3872
2026-07-12,TK-A-001,ภาคเหนือ,178,2791
2026-07-12,TK-A-001,ภาคใต้,237,3949
2026-07-12,GL-B-014,กรุงเทพฯ,1539,33593
2026-07-12,GL-B-014,ภาคกลาง,1417,21246
2026-07-12,GL-B-014,ภาคตะวันออก,1098,15759
2026-07-12,GL-B-014,ภาคเหนือ,806,18162
2026-07-12,GL-B-014,ภาคใต้,1126,21795
2026-07-12,MK-C-028,กรุงเทพฯ,1204,24411
2026-07-12,MK-C-028,ภาคกลาง,1004,19313
2026-07-12,MK-C-028,ภาคตะวันออก,662,14365
2026-07-12,MK-C-028,ภาคเหนือ,600,10442
2026-07-12,MK-C-028,ภาคใต้,764,16437
2026-07-12,SY-D-039,กรุงเทพฯ,852,14427
2026-07-12,SY-D-039,ภาคกลาง,683,12480
2026-07-12,SY-D-039,ภาคตะวันออก,522,9377
2026-07-12,SY-D-039,ภาคเหนือ,439,8286
2026-07-12,SY-D-039,ภาคใต้,493,8580
2026-07-12,AG-E-052,กรุงเทพฯ,260,4995
2026-07-12,AG-E-052,ภาคกลาง,206,3015
2026-07-12,AG-E-052,ภาคตะวันออก,149,2585
2026-07-12,AG-E-052,ภาคเหนือ,142,2204
2026-07-12,AG-E-052,ภาคใต้,148,3031
2026-07-13,TK-A-001,กรุงเทพฯ,333,6446
2026-07-13,TK-A-001,ภาคกลาง,253,4936
2026-07-13,TK-A-001,ภาคตะวันออก,199,3461
2026-07-13,TK-A-001,ภาคเหนือ,174,3095
2026-07-13,TK-A-001,ภาคใต้,203,3494
2026-07-13,GL-B-014,กรุงเทพฯ,1628,34027
2026-07-13,GL-B-014,ภาคกลาง,1424,24468
2026-07-13,GL-B-014,ภาคตะวันออก,923,18924
2026-07-13,GL-B-014,ภาคเหนือ,821,15398
2026-07-13,GL-B-014,ภาคใต้,1042,22551
2026-07-13,MK-C-028,กรุงเทพฯ,1197,20640
2026-07-13,MK-C-028,ภาคกลาง,963,15586
2026-07-13,MK-C-028,ภาคตะวันออก,707,14026
2026-07-13,MK-C-028,ภาคเหนือ,590,12626
2026-07-13,MK-C-028,ภาคใต้,772,15170
2026-07-13,SY-D-039,กรุงเทพฯ,855,12704
2026-07-13,SY-D-039,ภาคกลาง,609,10878
2026-07-13,SY-D-039,ภาคตะวันออก,500,7555
2026-07-13,SY-D-039,ภาคเหนือ,445,7251
2026-07-13,SY-D-039,ภาคใต้,494,10846
2026-07-13,AG-E-052,กรุงเทพฯ,257,4854
2026-07-13,AG-E-052,ภาคกลาง,201,3375
2026-07-13,AG-E-052,ภาคตะวันออก,146,2948
2026-07-13,AG-E-052,ภาคเหนือ,136,2132
2026-07-13,AG-E-052,ภาคใต้,152,3062
2026-07-14,TK-A-001,กรุงเทพฯ,346,5261
2026-07-14,TK-A-001,ภาคกลาง,283,4651
2026-07-14,TK-A-001,ภาคตะวันออก,182,3654
2026-07-14,TK-A-001,ภาคเหนือ,159,3502
2026-07-14,TK-A-001,ภาคใต้,220,4406
2026-07-14,GL-B-014,กรุงเทพฯ,1701,33692
2026-07-14,GL-B-014,ภาคกลาง,1313,22548
2026-07-14,GL-B-014,ภาคตะวันออก,924,20730
2026-07-14,GL-B-014,ภาคเหนือ,843,16340
2026-07-14,GL-B-014,ภาคใต้,1031,22636
2026-07-14,MK-C-028,กรุงเทพฯ,1299,19313
2026-07-14,MK-C-028,ภาคกลาง,963,18914
2026-07-14,MK-C-028,ภาคตะวันออก,755,12138
2026-07-14,MK-C-028,ภาคเหนือ,696,11952
2026-07-14,MK-C-028,ภาคใต้,738,13134
2026-07-14,SY-D-039,กรุงเทพฯ,798,14040
2026-07-14,SY-D-039,ภาคกลาง,685,11565
2026-07-14,SY-D-039,ภาคตะวันออก,491,9246
2026-07-14,SY-D-039,ภาคเหนือ,440,7924
2026-07-14,SY-D-039,ภาคใต้,513,8700
2026-07-14,AG-E-052,กรุงเทพฯ,233,4403
2026-07-14,AG-E-052,ภาคกลาง,204,3799
2026-07-14,AG-E-052,ภาคตะวันออก,158,2431
2026-07-14,AG-E-052,ภาคเหนือ,132,2673
2026-07-14,AG-E-052,ภาคใต้,148,2501
2026-07-15,TK-A-001,กรุงเทพฯ,352,5600
2026-07-15,TK-A-001,ภาคกลาง,252,4938
2026-07-15,TK-A-001,ภาคตะวันออก,198,3982
2026-07-15,TK-A-001,ภาคเหนือ,170,2836
2026-07-15,TK-A-001,ภาคใต้,197,3799
2026-07-15,GL-B-014,กรุงเทพฯ,1560,27741
2026-07-15,GL-B-014,ภาคกลาง,1348,22503
2026-07-15,GL-B-014,ภาคตะวันออก,956,20605
2026-07-15,GL-B-014,ภาคเหนือ,931,15083
2026-07-15,GL-B-014,ภาคใต้,1136,19497
2026-07-15,MK-C-028,กรุงเทพฯ,1318,22222
2026-07-15,MK-C-028,ภาคกลาง,1005,19027
2026-07-15,MK-C-028,ภาคตะวันออก,768,14462
2026-07-15,MK-C-028,ภาคเหนือ,590,13156
2026-07-15,MK-C-028,ภาคใต้,778,13927
2026-07-15,SY-D-039,กรุงเทพฯ,760,14464
2026-07-15,SY-D-039,ภาคกลาง,673,13079
2026-07-15,SY-D-039,ภาคตะวันออก,471,9069
2026-07-15,SY-D-039,ภาคเหนือ,434,6821
2026-07-15,SY-D-039,ภาคใต้,531,10080
2026-07-15,AG-E-052,กรุงเทพฯ,238,3874
2026-07-15,AG-E-052,ภาคกลาง,211,3052
2026-07-15,AG-E-052,ภาคตะวันออก,148,2420
2026-07-15,AG-E-052,ภาคเหนือ,129,1990
2026-07-15,AG-E-052,ภาคใต้,165,2488
2026-07-16,TK-A-001,กรุงเทพฯ,311,5180
2026-07-16,TK-A-001,ภาคกลาง,240,5124
2026-07-16,TK-A-001,ภาคตะวันออก,206,3733
2026-07-16,TK-A-001,ภาคเหนือ,182,3022
2026-07-16,TK-A-001,ภาคใต้,209,3520
2026-07-16,GL-B-014,กรุงเทพฯ,1605,27813
2026-07-16,GL-B-014,ภาคกลาง,1361,21271
2026-07-16,GL-B-014,ภาคตะวันออก,1029,16202
2026-07-16,GL-B-014,ภาคเหนือ,955,15310
2026-07-16,GL-B-014,ภาคใต้,1101,19574
2026-07-16,MK-C-028,กรุงเทพฯ,1281,22405
2026-07-16,MK-C-028,ภาคกลาง,939,15879
2026-07-16,MK-C-028,ภาคตะวันออก,661,12371
2026-07-16,MK-C-028,ภาคเหนือ,594,10667
2026-07-16,MK-C-028,ภาคใต้,851,13184
2026-07-16,SY-D-039,กรุงเทพฯ,892,16241
2026-07-16,SY-D-039,ภาคกลาง,600,10467
2026-07-16,SY-D-039,ภาคตะวันออก,508,8081
2026-07-16,SY-D-039,ภาคเหนือ,410,8932
2026-07-16,SY-D-039,ภาคใต้,592,10195
2026-07-16,AG-E-052,กรุงเทพฯ,222,4874
2026-07-16,AG-E-052,ภาคกลาง,213,3919
2026-07-16,AG-E-052,ภาคตะวันออก,138,2505
2026-07-16,AG-E-052,ภาคเหนือ,132,2030
2026-07-16,AG-E-052,ภาคใต้,150,3133
2026-07-17,TK-A-001,กรุงเทพฯ,318,6263
2026-07-17,TK-A-001,ภาคกลาง,236,5171
2026-07-17,TK-A-001,ภาคตะวันออก,192,4009
2026-07-17,TK-A-001,ภาคเหนือ,185,3120
2026-07-17,TK-A-001,ภาคใต้,233,3568
2026-07-17,GL-B-014,กรุงเทพฯ,1610,27810
2026-07-17,GL-B-014,ภาคกลาง,1304,22338
2026-07-17,GL-B-014,ภาคตะวันออก,1055,17379
2026-07-17,GL-B-014,ภาคเหนือ,899,16929
2026-07-17,GL-B-014,ภาคใต้,1029,23065
2026-07-17,MK-C-028,กรุงเทพฯ,1304,22676
2026-07-17,MK-C-028,ภาคกลาง,926,19128
2026-07-17,MK-C-028,ภาคตะวันออก,683,13651
2026-07-17,MK-C-028,ภาคเหนือ,613,12783
2026-07-17,MK-C-028,ภาคใต้,743,16450
2026-07-17,SY-D-039,กรุงเทพฯ,856,13220
2026-07-17,SY-D-039,ภาคกลาง,639,11583
2026-07-17,SY-D-039,ภาคตะวันออก,474,9910
2026-07-17,SY-D-039,ภาคเหนือ,428,8159
2026-07-17,SY-D-039,ภาคใต้,551,8840
2026-07-17,AG-E-052,กรุงเทพฯ,231,4211
2026-07-17,AG-E-052,ภาคกลาง,193,3149
2026-07-17,AG-E-052,ภาคตะวันออก,154,2890
2026-07-17,AG-E-052,ภาคเหนือ,119,2042
2026-07-17,AG-E-052,ภาคใต้,153,2960
2026-07-18,TK-A-001,กรุงเทพฯ,357,6361
2026-07-18,TK-A-001,ภาคกลาง,283,4131
2026-07-18,TK-A-001,ภาคตะวันออก,205,3737
2026-07-18,TK-A-001,ภาคเหนือ,159,3430
2026-07-18,TK-A-001,ภาคใต้,220,3699
2026-07-18,GL-B-014,กรุงเทพฯ,1599,28598
2026-07-18,GL-B-014,ภาคกลาง,1361,23897
2026-07-18,GL-B-014,ภาคตะวันออก,978,18571
2026-07-18,GL-B-014,ภาคเหนือ,864,18569
2026-07-18,GL-B-014,ภาคใต้,1058,18490
2026-07-18,MK-C-028,กรุงเทพฯ,1144,24241
2026-07-18,MK-C-028,ภาคกลาง,1042,19343
2026-07-18,MK-C-028,ภาคตะวันออก,729,11668
2026-07-18,MK-C-028,ภาคเหนือ,702,12164
2026-07-18,MK-C-028,ภาคใต้,784,12772
2026-07-18,SY-D-039,กรุงเทพฯ,780,16266
2026-07-18,SY-D-039,ภาคกลาง,588,10630
2026-07-18,SY-D-039,ภาคตะวันออก,527,9583
2026-07-18,SY-D-039,ภาคเหนือ,399,7375
2026-07-18,SY-D-039,ภาคใต้,524,11151
2026-07-18,AG-E-052,กรุงเทพฯ,237,4946
2026-07-18,AG-E-052,ภาคกลาง,212,3200
2026-07-18,AG-E-052,ภาคตะวันออก,149,2896
2026-07-18,AG-E-052,ภาคเหนือ,142,2427
2026-07-18,AG-E-052,ภาคใต้,148,3329
2026-07-19,TK-A-001,กรุงเทพฯ,345,5883
2026-07-19,TK-A-001,ภาคกลาง,253,5256
2026-07-19,TK-A-001,ภาคตะวันออก,203,3929
2026-07-19,TK-A-001,ภาคเหนือ,182,3124
2026-07-19,TK-A-001,ภาคใต้,202,3325
2026-07-19,GL-B-014,กรุงเทพฯ,1834,31101
2026-07-19,GL-B-014,ภาคกลาง,1288,22418
2026-07-19,GL-B-014,ภาคตะวันออก,1078,19193
2026-07-19,GL-B-014,ภาคเหนือ,913,14669
2026-07-19,GL-B-014,ภาคใต้,1159,18775
2026-07-19,MK-C-028,กรุงเทพฯ,1315,22734
2026-07-19,MK-C-028,ภาคกลาง,1004,19289
2026-07-19,MK-C-028,ภาคตะวันออก,731,14499
2026-07-19,MK-C-028,ภาคเหนือ,616,9975
2026-07-19,MK-C-028,ภาคใต้,876,15650
2026-07-19,SY-D-039,กรุงเทพฯ,769,14152
2026-07-19,SY-D-039,ภาคกลาง,628,10596
2026-07-19,SY-D-039,ภาคตะวันออก,496,9440
2026-07-19,SY-D-039,ภาคเหนือ,413,8675
2026-07-19,SY-D-039,ภาคใต้,549,10875
2026-07-19,AG-E-052,กรุงเทพฯ,245,4565
2026-07-19,AG-E-052,ภาคกลาง,203,3313
2026-07-19,AG-E-052,ภาคตะวันออก,147,2919
2026-07-19,AG-E-052,ภาคเหนือ,133,2323
2026-07-19,AG-E-052,ภาคใต้,178,3020
2026-07-20,TK-A-001,กรุงเทพฯ,330,5298
2026-07-20,TK-A-001,ภาคกลาง,241,4515
2026-07-20,TK-A-001,ภาคตะวันออก,197,3485
2026-07-20,TK-A-001,ภาคเหนือ,158,3405
2026-07-20,TK-A-001,ภาคใต้,198,3490
2026-07-20,GL-B-014,กรุงเทพฯ,1742,31280
2026-07-20,GL-B-014,ภาคกลาง,1474,24882
2026-07-20,GL-B-014,ภาคตะวันออก,923,19323
2026-07-20,GL-B-014,ภาคเหนือ,823,17181
2026-07-20,GL-B-014,ภาคใต้,1088,18269
2026-07-20,MK-C-028,กรุงเทพฯ,1168,18961
2026-07-20,MK-C-028,ภาคกลาง,1004,17624
2026-07-20,MK-C-028,ภาคตะวันออก,742,12658
2026-07-20,MK-C-028,ภาคเหนือ,612,11479
2026-07-20,MK-C-028,ภาคใต้,893,14377
2026-07-20,SY-D-039,กรุงเทพฯ,761,13232
2026-07-20,SY-D-039,ภาคกลาง,672,12125
2026-07-20,SY-D-039,ภาคตะวันออก,522,10013
2026-07-20,SY-D-039,ภาคเหนือ,405,7798
2026-07-20,SY-D-039,ภาคใต้,518,8347
2026-07-20,AG-E-052,กรุงเทพฯ,268,4873
2026-07-20,AG-E-052,ภาคกลาง,206,3571
2026-07-20,AG-E-052,ภาคตะวันออก,161,2688
2026-07-20,AG-E-052,ภาคเหนือ,130,2285
2026-07-20,AG-E-052,ภาคใต้,176,2569
2026-07-21,TK-A-001,กรุงเทพฯ,305,5567
2026-07-21,TK-A-001,ภาคกลาง,250,5366
2026-07-21,TK-A-001,ภาคตะวันออก,207,4017
2026-07-21,TK-A-001,ภาคเหนือ,184,2991
2026-07-21,TK-A-001,ภาคใต้,216,3677
2026-07-21,GL-B-014,กรุงเทพฯ,1566,27462
2026-07-21,GL-B-014,ภาคกลาง,1328,27096
2026-07-21,GL-B-014,ภาคตะวันออก,1028,15938
2026-07-21,GL-B-014,ภาคเหนือ,839,14502
2026-07-21,GL-B-014,ภาคใต้,1150,21610
2026-07-21,MK-C-028,กรุงเทพฯ,1231,23534
2026-07-21,MK-C-028,ภาคกลาง,905,16142
2026-07-21,MK-C-028,ภาคตะวันออก,728,12882
2026-07-21,MK-C-028,ภาคเหนือ,647,10008
2026-07-21,MK-C-028,ภาคใต้,758,14380
2026-07-21,SY-D-039,กรุงเทพฯ,858,13003
2026-07-21,SY-D-039,ภาคกลาง,634,13081
2026-07-21,SY-D-039,ภาคตะวันออก,534,9791
2026-07-21,SY-D-039,ภาคเหนือ,468,8245
2026-07-21,SY-D-039,ภาคใต้,589,9241
2026-07-21,AG-E-052,กรุงเทพฯ,238,4232
2026-07-21,AG-E-052,ภาคกลาง,208,3020
2026-07-21,AG-E-052,ภาคตะวันออก,136,2682
2026-07-21,AG-E-052,ภาคเหนือ,137,2046
2026-07-21,AG-E-052,ภาคใต้,169,3219
2026-07-22,TK-A-001,กรุงเทพฯ,298,5395
2026-07-22,TK-A-001,ภาคกลาง,278,4732
2026-07-22,TK-A-001,ภาคตะวันออก,212,3793
2026-07-22,TK-A-001,ภาคเหนือ,191,3281
2026-07-22,TK-A-001,ภาคใต้,200,3723
2026-07-22,GL-B-014,กรุงเทพฯ,1773,32526
2026-07-22,GL-B-014,ภาคกลาง,1281,20690
2026-07-22,GL-B-014,ภาคตะวันออก,1091,18157
2026-07-22,GL-B-014,ภาคเหนือ,935,14380
2026-07-22,GL-B-014,ภาคใต้,1123,20980
2026-07-22,MK-C-028,กรุงเทพฯ,1283,23697
2026-07-22,MK-C-028,ภาคกลาง,1033,15656
2026-07-22,MK-C-028,ภาคตะวันออก,690,15047
2026-07-22,MK-C-028,ภาคเหนือ,696,12785
2026-07-22,MK-C-028,ภาคใต้,791,16851
2026-07-22,SY-D-039,กรุงเทพฯ,782,16451
2026-07-22,SY-D-039,ภาคกลาง,674,10805
2026-07-22,SY-D-039,ภาคตะวันออก,516,8265
2026-07-22,SY-D-039,ภาคเหนือ,392,7663
2026-07-22,SY-D-039,ภาคใต้,537,9177
2026-07-22,AG-E-052,กรุงเทพฯ,226,4608
2026-07-22,AG-E-052,ภาคกลาง,183,3131
2026-07-22,AG-E-052,ภาคตะวันออก,151,2959
2026-07-22,AG-E-052,ภาคเหนือ,122,2622
2026-07-22,AG-E-052,ภาคใต้,177,2794
2026-07-23,TK-A-001,กรุงเทพฯ,348,5209
2026-07-23,TK-A-001,ภาคกลาง,252,4863
2026-07-23,TK-A-001,ภาคตะวันออก,196,3666
2026-07-23,TK-A-001,ภาคเหนือ,158,3328
2026-07-23,TK-A-001,ภาคใต้,204,3424
2026-07-23,GL-B-014,กรุงเทพฯ,1618,27837
2026-07-23,GL-B-014,ภาคกลาง,1313,23631
2026-07-23,GL-B-014,ภาคตะวันออก,1029,16532
2026-07-23,GL-B-014,ภาคเหนือ,928,15095
2026-07-23,GL-B-014,ภาคใต้,1093,21288
2026-07-23,MK-C-028,กรุงเทพฯ,1303,24807
2026-07-23,MK-C-028,ภาคกลาง,938,19069
2026-07-23,MK-C-028,ภาคตะวันออก,719,12136
2026-07-23,MK-C-028,ภาคเหนือ,592,13149
2026-07-23,MK-C-028,ภาคใต้,888,16346
2026-07-23,SY-D-039,กรุงเทพฯ,742,13822
2026-07-23,SY-D-039,ภาคกลาง,681,12870
2026-07-23,SY-D-039,ภาคตะวันออก,535,8296
2026-07-23,SY-D-039,ภาคเหนือ,411,7884
2026-07-23,SY-D-039,ภาคใต้,550,10298
2026-07-23,AG-E-052,กรุงเทพฯ,222,4668
2026-07-23,AG-E-052,ภาคกลาง,188,3096
2026-07-23,AG-E-052,ภาคตะวันออก,150,2600
2026-07-23,AG-E-052,ภาคเหนือ,118,2532
2026-07-23,AG-E-052,ภาคใต้,160,2516
2026-07-24,TK-A-001,กรุงเทพฯ,305,5643
2026-07-24,TK-A-001,ภาคกลาง,236,5011
2026-07-24,TK-A-001,ภาคตะวันออก,209,3218
2026-07-24,TK-A-001,ภาคเหนือ,176,3123
2026-07-24,TK-A-001,ภาคใต้,207,3397
2026-07-24,GL-B-014,กรุงเทพฯ,1653,28945
2026-07-24,GL-B-014,ภาคกลาง,1361,20844
2026-07-24,GL-B-014,ภาคตะวันออก,1041,19229
2026-07-24,GL-B-014,ภาคเหนือ,861,17073
2026-07-24,GL-B-014,ภาคใต้,1132,17286
2026-07-24,MK-C-028,กรุงเทพฯ,1236,25190
2026-07-24,MK-C-028,ภาคกลาง,940,19040
2026-07-24,MK-C-028,ภาคตะวันออก,783,14774
2026-07-24,MK-C-028,ภาคเหนือ,607,10626
2026-07-24,MK-C-028,ภาคใต้,760,15948
2026-07-24,SY-D-039,กรุงเทพฯ,819,14370
2026-07-24,SY-D-039,ภาคกลาง,709,12971
2026-07-24,SY-D-039,ภาคตะวันออก,517,8671
2026-07-24,SY-D-039,ภาคเหนือ,440,7079
2026-07-24,SY-D-039,ภาคใต้,592,8890
2026-07-24,AG-E-052,กรุงเทพฯ,263,4261
2026-07-24,AG-E-052,ภาคกลาง,180,3265
2026-07-24,AG-E-052,ภาคตะวันออก,157,2816
2026-07-24,AG-E-052,ภาคเหนือ,137,2014
2026-07-24,AG-E-052,ภาคใต้,151,2542
2026-07-25,TK-A-001,กรุงเทพฯ,353,6593
2026-07-25,TK-A-001,ภาคกลาง,249,4615
2026-07-25,TK-A-001,ภาคตะวันออก,180,3241
2026-07-25,TK-A-001,ภาคเหนือ,161,3461
2026-07-25,TK-A-001,ภาคใต้,217,4354
2026-07-25,GL-B-014,กรุงเทพฯ,1597,28834
2026-07-25,GL-B-014,ภาคกลาง,1279,25777
2026-07-25,GL-B-014,ภาคตะวันออก,982,20379
2026-07-25,GL-B-014,ภาคเหนือ,952,15888
2026-07-25,GL-B-014,ภาคใต้,1172,20891
2026-07-25,MK-C-028,กรุงเทพฯ,1334,21728
2026-07-25,MK-C-028,ภาคกลาง,940,19529
2026-07-25,MK-C-028,ภาคตะวันออก,809,13813
2026-07-25,MK-C-028,ภาคเหนือ,650,12743
2026-07-25,MK-C-028,ภาคใต้,859,14537
2026-07-25,SY-D-039,กรุงเทพฯ,833,13286
2026-07-25,SY-D-039,ภาคกลาง,675,11988
2026-07-25,SY-D-039,ภาคตะวันออก,493,9028
2026-07-25,SY-D-039,ภาคเหนือ,451,8692
2026-07-25,SY-D-039,ภาคใต้,509,8761
2026-07-25,AG-E-052,กรุงเทพฯ,245,4861
2026-07-25,AG-E-052,ภาคกลาง,195,3694
2026-07-25,AG-E-052,ภาคตะวันออก,144,2559
2026-07-25,AG-E-052,ภาคเหนือ,129,2529
2026-07-25,AG-E-052,ภาคใต้,167,3028
2026-07-26,TK-A-001,กรุงเทพฯ,302,5198
2026-07-26,TK-A-001,ภาคกลาง,243,4286
2026-07-26,TK-A-001,ภาคตะวันออก,202,3396
2026-07-26,TK-A-001,ภาคเหนือ,172,3273
2026-07-26,TK-A-001,ภาคใต้,235,4310
2026-07-26,GL-B-014,กรุงเทพฯ,1560,34624
2026-07-26,GL-B-014,ภาคกลาง,1245,22739
2026-07-26,GL-B-014,ภาคตะวันออก,933,20702
2026-07-26,GL-B-014,ภาคเหนือ,924,16833
2026-07-26,GL-B-014,ภาคใต้,1101,18843
2026-07-26,MK-C-028,กรุงเทพฯ,1288,24980
2026-07-26,MK-C-028,ภาคกลาง,978,17673
2026-07-26,MK-C-028,ภาคตะวันออก,685,12160
2026-07-26,MK-C-028,ภาคเหนือ,645,11293
2026-07-26,MK-C-028,ภาคใต้,817,12993
2026-07-26,SY-D-039,กรุงเทพฯ,845,14405
2026-07-26,SY-D-039,ภาคกลาง,600,10099
2026-07-26,SY-D-039,ภาคตะวันออก,463,8061
2026-07-26,SY-D-039,ภาคเหนือ,463,8575
2026-07-26,SY-D-039,ภาคใต้,504,9630
2026-07-26,AG-E-052,กรุงเทพฯ,251,4655
2026-07-26,AG-E-052,ภาคกลาง,210,3856
2026-07-26,AG-E-052,ภาคตะวันออก,141,2276
2026-07-26,AG-E-052,ภาคเหนือ,127,2416
2026-07-26,AG-E-052,ภาคใต้,160,2953
2026-07-27,TK-A-001,กรุงเทพฯ,345,6547
2026-07-27,TK-A-001,ภาคกลาง,256,4454
2026-07-27,TK-A-001,ภาคตะวันออก,182,3371
2026-07-27,TK-A-001,ภาคเหนือ,175,3342
2026-07-27,TK-A-001,ภาคใต้,218,4310
2026-07-27,GL-B-014,กรุงเทพฯ,1530,26964
2026-07-27,GL-B-014,ภาคกลาง,1303,27973
2026-07-27,GL-B-014,ภาคตะวันออก,1006,17615
2026-07-27,GL-B-014,ภาคเหนือ,818,14147
2026-07-27,GL-B-014,ภาคใต้,1117,23247
2026-07-27,MK-C-028,กรุงเทพฯ,1154,20851
2026-07-27,MK-C-028,ภาคกลาง,915,16916
2026-07-27,MK-C-028,ภาคตะวันออก,761,13687
2026-07-27,MK-C-028,ภาคเหนือ,600,11945
2026-07-27,MK-C-028,ภาคใต้,806,15107
2026-07-27,SY-D-039,กรุงเทพฯ,766,16337
2026-07-27,SY-D-039,ภาคกลาง,652,13332
2026-07-27,SY-D-039,ภาคตะวันออก,479,8386
2026-07-27,SY-D-039,ภาคเหนือ,436,8878
2026-07-27,SY-D-039,ภาคใต้,585,11233
2026-07-27,AG-E-052,กรุงเทพฯ,238,4153
2026-07-27,AG-E-052,ภาคกลาง,210,3406
2026-07-27,AG-E-052,ภาคตะวันออก,155,3005
2026-07-27,AG-E-052,ภาคเหนือ,133,2647
2026-07-27,AG-E-052,ภาคใต้,166,2689
2026-07-28,TK-A-001,กรุงเทพฯ,296,6211
2026-07-28,TK-A-001,ภาคกลาง,245,4884
2026-07-28,TK-A-001,ภาคตะวันออก,180,3090
2026-07-28,TK-A-001,ภาคเหนือ,188,2968
2026-07-28,TK-A-001,ภาคใต้,225,3818
2026-07-28,GL-B-014,กรุงเทพฯ,1614,31677
2026-07-28,GL-B-014,ภาคกลาง,1445,20870
2026-07-28,GL-B-014,ภาคตะวันออก,977,18564
2026-07-28,GL-B-014,ภาคเหนือ,955,18582
2026-07-28,GL-B-014,ภาคใต้,1023,22801
2026-07-28,MK-C-028,กรุงเทพฯ,1223,19490
2026-07-28,MK-C-028,ภาคกลาง,958,18456
2026-07-28,MK-C-028,ภาคตะวันออก,811,15011
2026-07-28,MK-C-028,ภาคเหนือ,612,11792
2026-07-28,MK-C-028,ภาคใต้,791,12753
2026-07-28,SY-D-039,กรุงเทพฯ,885,16389
2026-07-28,SY-D-039,ภาคกลาง,681,12201
2026-07-28,SY-D-039,ภาคตะวันออก,537,9609
2026-07-28,SY-D-039,ภาคเหนือ,475,7322
2026-07-28,SY-D-039,ภาคใต้,539,8907
2026-07-28,AG-E-052,กรุงเทพฯ,244,4601
2026-07-28,AG-E-052,ภาคกลาง,204,4061
2026-07-28,AG-E-052,ภาคตะวันออก,154,2273
2026-07-28,AG-E-052,ภาคเหนือ,123,2449
2026-07-28,AG-E-052,ภาคใต้,162,2699
2026-07-29,TK-A-001,กรุงเทพฯ,334,6774
2026-07-29,TK-A-001,ภาคกลาง,272,4530
2026-07-29,TK-A-001,ภาคตะวันออก,201,3056
2026-07-29,TK-A-001,ภาคเหนือ,187,2962
2026-07-29,TK-A-001,ภาคใต้,219,3895
2026-07-29,GL-B-014,กรุงเทพฯ,1548,34531
2026-07-29,GL-B-014,ภาคกลาง,1311,21759
2026-07-29,GL-B-014,ภาคตะวันออก,1006,18172
2026-07-29,GL-B-014,ภาคเหนือ,966,15435
2026-07-29,GL-B-014,ภาคใต้,1083,20709
2026-07-29,MK-C-028,กรุงเทพฯ,1348,24340
2026-07-29,MK-C-028,ภาคกลาง,927,18870
2026-07-29,MK-C-028,ภาคตะวันออก,720,13301
2026-07-29,MK-C-028,ภาคเหนือ,690,12186
2026-07-29,MK-C-028,ภาคใต้,778,16563
2026-07-29,SY-D-039,กรุงเทพฯ,891,16775
2026-07-29,SY-D-039,ภาคกลาง,647,13525
2026-07-29,SY-D-039,ภาคตะวันออก,522,8161
2026-07-29,SY-D-039,ภาคเหนือ,458,6710
2026-07-29,SY-D-039,ภาคใต้,598,9644
2026-07-29,AG-E-052,กรุงเทพฯ,255,4062
2026-07-29,AG-E-052,ภาคกลาง,205,3464
2026-07-29,AG-E-052,ภาคตะวันออก,141,2991
2026-07-29,AG-E-052,ภาคเหนือ,144,2644
2026-07-29,AG-E-052,ภาคใต้,164,3249
2026-07-30,TK-A-001,กรุงเทพฯ,344,6411
2026-07-30,TK-A-001,ภาคกลาง,275,4262
2026-07-30,TK-A-001,ภาคตะวันออก,212,3643
2026-07-30,TK-A-001,ภาคเหนือ,191,3239
2026-07-30,TK-A-001,ภาคใต้,211,3611
2026-07-30,GL-B-014,กรุงเทพฯ,1750,34771
2026-07-30,GL-B-014,ภาคกลาง,1392,21145
2026-07-30,GL-B-014,ภาคตะวันออก,949,19765
2026-07-30,GL-B-014,ภาคเหนือ,849,15846
2026-07-30,GL-B-014,ภาคใต้,1035,19625
2026-07-30,MK-C-028,กรุงเทพฯ,1166,23761
2026-07-30,MK-C-028,ภาคกลาง,981,18982
2026-07-30,MK-C-028,ภาคตะวันออก,761,11509
2026-07-30,MK-C-028,ภาคเหนือ,620,13395
2026-07-30,MK-C-028,ภาคใต้,876,14636
2026-07-30,SY-D-039,กรุงเทพฯ,743,16855
2026-07-30,SY-D-039,ภาคกลาง,707,13489
2026-07-30,SY-D-039,ภาคตะวันออก,504,8765
2026-07-30,SY-D-039,ภาคเหนือ,460,8218
2026-07-30,SY-D-039,ภาคใต้,588,9125
2026-07-30,AG-E-052,กรุงเทพฯ,239,3788
2026-07-30,AG-E-052,ภาคกลาง,209,3220
2026-07-30,AG-E-052,ภาคตะวันออก,152,2519
2026-07-30,AG-E-052,ภาคเหนือ,139,2211
2026-07-30,AG-E-052,ภาคใต้,155,3192
2026-07-31,TK-A-001,กรุงเทพฯ,334,5611
2026-07-31,TK-A-001,ภาคกลาง,277,4150
2026-07-31,TK-A-001,ภาคตะวันออก,201,3588
2026-07-31,TK-A-001,ภาคเหนือ,187,2747
2026-07-31,TK-A-001,ภาคใต้,236,4275
2026-07-31,GL-B-014,กรุงเทพฯ,1604,32636
2026-07-31,GL-B-014,ภาคกลาง,1459,24286
2026-07-31,GL-B-014,ภาคตะวันออก,985,17579
2026-07-31,GL-B-014,ภาคเหนือ,838,15254
2026-07-31,GL-B-014,ภาคใต้,1085,21679
2026-07-31,MK-C-028,กรุงเทพฯ,1242,19302
2026-07-31,MK-C-028,ภาคกลาง,939,19542
2026-07-31,MK-C-028,ภาคตะวันออก,691,14611
2026-07-31,MK-C-028,ภาคเหนือ,708,11956
2026-07-31,MK-C-028,ภาคใต้,868,15141
2026-07-31,SY-D-039,กรุงเทพฯ,777,14331
2026-07-31,SY-D-039,ภาคกลาง,705,11297
2026-07-31,SY-D-039,ภาคตะวันออก,540,9669
2026-07-31,SY-D-039,ภาคเหนือ,446,8462
2026-07-31,SY-D-039,ภาคใต้,568,9650
2026-07-31,AG-E-052,กรุงเทพฯ,227,4859
2026-07-31,AG-E-052,ภาคกลาง,185,3194
2026-07-31,AG-E-052,ภาคตะวันออก,160,2409
2026-07-31,AG-E-052,ภาคเหนือ,138,2294
2026-07-31,AG-E-052,ภาคใต้,163,3006
2026-08-01,TK-A-001,กรุงเทพฯ,316,5206
2026-08-01,TK-A-001,ภาคกลาง,248,4289
2026-08-01,TK-A-001,ภาคตะวันออก,178,3279
2026-08-01,TK-A-001,ภาคเหนือ,173,3551
2026-08-01,TK-A-001,ภาคใต้,241,3838
2026-08-01,GL-B-014,กรุงเทพฯ,1831,33001
2026-08-01,GL-B-014,ภาคกลาง,1398,25155
2026-08-01,GL-B-014,ภาคตะวันออก,951,17074
2026-08-01,GL-B-014,ภาคเหนือ,909,16993
2026-08-01,GL-B-014,ภาคใต้,1232,17636
2026-08-01,MK-C-028,กรุงเทพฯ,1154,24123
2026-08-01,MK-C-028,ภาคกลาง,1048,16559
2026-08-01,MK-C-028,ภาคตะวันออก,741,12263
2026-08-01,MK-C-028,ภาคเหนือ,638,13567
2026-08-01,MK-C-028,ภาคใต้,861,15790
2026-08-01,SY-D-039,กรุงเทพฯ,807,14821
2026-08-01,SY-D-039,ภาคกลาง,699,11994
2026-08-01,SY-D-039,ภาคตะวันออก,447,8458
2026-08-01,SY-D-039,ภาคเหนือ,403,7872
2026-08-01,SY-D-039,ภาคใต้,531,9413
2026-08-01,AG-E-052,กรุงเทพฯ,241,4595
2026-08-01,AG-E-052,ภาคกลาง,190,3046
2026-08-01,AG-E-052,ภาคตะวันออก,159,2945
2026-08-01,AG-E-052,ภาคเหนือ,128,2181
2026-08-01,AG-E-052,ภาคใต้,158,3257
2026-08-02,TK-A-001,กรุงเทพฯ,360,6328
2026-08-02,TK-A-001,ภาคกลาง,278,4750
2026-08-02,TK-A-001,ภาคตะวันออก,183,3235
2026-08-02,TK-A-001,ภาคเหนือ,184,3001
2026-08-02,TK-A-001,ภาคใต้,235,4384
2026-08-02,GL-B-014,กรุงเทพฯ,1531,27711
2026-08-02,GL-B-014,ภาคกลาง,1343,25992
2026-08-02,GL-B-014,ภาคตะวันออก,947,16996
2026-08-02,GL-B-014,ภาคเหนือ,828,18025
2026-08-02,GL-B-014,ภาคใต้,1122,20649
2026-08-02,MK-C-028,กรุงเทพฯ,1319,24408
2026-08-02,MK-C-028,ภาคกลาง,942,19297
2026-08-02,MK-C-028,ภาคตะวันออก,762,13857
2026-08-02,MK-C-028,ภาคเหนือ,633,13170
2026-08-02,MK-C-028,ภาคใต้,899,15859
2026-08-02,SY-D-039,กรุงเทพฯ,829,12866
2026-08-02,SY-D-039,ภาคกลาง,718,12302
2026-08-02,SY-D-039,ภาคตะวันออก,493,9276
2026-08-02,SY-D-039,ภาคเหนือ,421,7825
2026-08-02,SY-D-039,ภาคใต้,519,10800
2026-08-02,AG-E-052,กรุงเทพฯ,245,4951
2026-08-02,AG-E-052,ภาคกลาง,186,3908
2026-08-02,AG-E-052,ภาคตะวันออก,152,2307
2026-08-02,AG-E-052,ภาคเหนือ,141,2636
2026-08-02,AG-E-052,ภาคใต้,156,3044
2026-08-03,TK-A-001,กรุงเทพฯ,336,5135
2026-08-03,TK-A-001,ภาคกลาง,290,5317
2026-08-03,TK-A-001,ภาคตะวันออก,201,3553
2026-08-03,TK-A-001,ภาคเหนือ,188,3571
2026-08-03,TK-A-001,ภาคใต้,216,4017
2026-08-03,GL-B-014,กรุงเทพฯ,1583,31332
2026-08-03,GL-B-014,ภาคกลาง,1408,24156
2026-08-03,GL-B-014,ภาคตะวันออก,921,16603
2026-08-03,GL-B-014,ภาคเหนือ,964,18641
2026-08-03,GL-B-014,ภาคใต้,1181,22161
2026-08-03,MK-C-028,กรุงเทพฯ,1119,25435
2026-08-03,MK-C-028,ภาคกลาง,1007,16002
2026-08-03,MK-C-028,ภาคตะวันออก,677,15016
2026-08-03,MK-C-028,ภาคเหนือ,690,12794
2026-08-03,MK-C-028,ภาคใต้,874,14920
2026-08-03,SY-D-039,กรุงเทพฯ,806,12792
2026-08-03,SY-D-039,ภาคกลาง,667,11500
2026-08-03,SY-D-039,ภาคตะวันออก,445,10059
2026-08-03,SY-D-039,ภาคเหนือ,400,7385
2026-08-03,SY-D-039,ภาคใต้,528,9428
2026-08-03,AG-E-052,กรุงเทพฯ,255,3787
2026-08-03,AG-E-052,ภาคกลาง,207,3978
2026-08-03,AG-E-052,ภาคตะวันออก,146,2740
2026-08-03,AG-E-052,ภาคเหนือ,123,2289
2026-08-03,AG-E-052,ภาคใต้,173,3363
2026-08-04,TK-A-001,กรุงเทพฯ,354,6251
2026-08-04,TK-A-001,ภาคกลาง,238,4171
2026-08-04,TK-A-001,ภาคตะวันออก,180,4021
2026-08-04,TK-A-001,ภาคเหนือ,168,3547
2026-08-04,TK-A-001,ภาคใต้,203,3832
2026-08-04,GL-B-014,กรุงเทพฯ,1565,32971
2026-08-04,GL-B-014,ภาคกลาง,1293,22655
2026-08-04,GL-B-014,ภาคตะวันออก,1094,19203
2026-08-04,GL-B-014,ภาคเหนือ,858,14520
2026-08-04,GL-B-014,ภาคใต้,1059,21196
2026-08-04,MK-C-028,กรุงเทพฯ,1302,21461
2026-08-04,MK-C-028,ภาคกลาง,989,17966
2026-08-04,MK-C-028,ภาคตะวันออก,687,11971
2026-08-04,MK-C-028,ภาคเหนือ,699,11901
2026-08-04,MK-C-028,ภาคใต้,796,16312
2026-08-04,SY-D-039,กรุงเทพฯ,886,15958
2026-08-04,SY-D-039,ภาคกลาง,656,11912
2026-08-04,SY-D-039,ภาคตะวันออก,522,8557
2026-08-04,SY-D-039,ภาคเหนือ,396,7849
2026-08-04,SY-D-039,ภาคใต้,557,9722
2026-08-04,AG-E-052,กรุงเทพฯ,261,4888
2026-08-04,AG-E-052,ภาคกลาง,181,3644
2026-08-04,AG-E-052,ภาคตะวันออก,145,2929
2026-08-04,AG-E-052,ภาคเหนือ,132,2423
2026-08-04,AG-E-052,ภาคใต้,153,2963
2026-08-05,TK-A-001,กรุงเทพฯ,307,6768
2026-08-05,TK-A-001,ภาคกลาง,257,4916
2026-08-05,TK-A-001,ภาคตะวันออก,195,3718
2026-08-05,TK-A-001,ภาคเหนือ,174,2838
2026-08-05,TK-A-001,ภาคใต้,200,4199
2026-08-05,GL-B-014,กรุงเทพฯ,1641,32376
2026-08-05,GL-B-014,ภาคกลาง,1285,22756
2026-08-05,GL-B-014,ภาคตะวันออก,986,18261
2026-08-05,GL-B-014,ภาคเหนือ,949,18679
2026-08-05,GL-B-014,ภาคใต้,1043,18366
2026-08-05,MK-C-028,กรุงเทพฯ,1286,21622
2026-08-05,MK-C-028,ภาคกลาง,970,16566
2026-08-05,MK-C-028,ภาคตะวันออก,731,13233
2026-08-05,MK-C-028,ภาคเหนือ,641,13580
2026-08-05,MK-C-028,ภาคใต้,764,15484
2026-08-05,SY-D-039,กรุงเทพฯ,802,16607
2026-08-05,SY-D-039,ภาคกลาง,601,12588
2026-08-05,SY-D-039,ภาคตะวันออก,509,9466
2026-08-05,SY-D-039,ภาคเหนือ,476,6876
2026-08-05,SY-D-039,ภาคใต้,539,8443
2026-08-05,AG-E-052,กรุงเทพฯ,256,3937
2026-08-05,AG-E-052,ภาคกลาง,210,3757
2026-08-05,AG-E-052,ภาคตะวันออก,144,2303
2026-08-05,AG-E-052,ภาคเหนือ,128,2431
2026-08-05,AG-E-052,ภาคใต้,181,2541
2026-08-06,TK-A-001,กรุงเทพฯ,315,5831
2026-08-06,TK-A-001,ภาคกลาง,260,5250
2026-08-06,TK-A-001,ภาคตะวันออก,189,3295
2026-08-06,TK-A-001,ภาคเหนือ,159,3018
2026-08-06,TK-A-001,ภาคใต้,221,3951
2026-08-06,GL-B-014,กรุงเทพฯ,1795,26543
2026-08-06,GL-B-014,ภาคกลาง,1414,20945
2026-08-06,GL-B-014,ภาคตะวันออก,1052,16598
2026-08-06,GL-B-014,ภาคเหนือ,915,15873
2026-08-06,GL-B-014,ภาคใต้,1139,21674
2026-08-06,MK-C-028,กรุงเทพฯ,1206,20111
2026-08-06,MK-C-028,ภาคกลาง,984,15874
2026-08-06,MK-C-028,ภาคตะวันออก,731,11937
2026-08-06,MK-C-028,ภาคเหนือ,638,11458
2026-08-06,MK-C-028,ภาคใต้,850,15611
2026-08-06,SY-D-039,กรุงเทพฯ,824,15215
2026-08-06,SY-D-039,ภาคกลาง,714,13075
2026-08-06,SY-D-039,ภาคตะวันออก,495,7708
2026-08-06,SY-D-039,ภาคเหนือ,423,8242
2026-08-06,SY-D-039,ภาคใต้,495,10106
2026-08-06,AG-E-052,กรุงเทพฯ,231,4749
2026-08-06,AG-E-052,ภาคกลาง,178,3742
2026-08-06,AG-E-052,ภาคตะวันออก,134,2547
2026-08-06,AG-E-052,ภาคเหนือ,131,2501
2026-08-06,AG-E-052,ภาคใต้,160,2969
2026-08-07,TK-A-001,กรุงเทพฯ,346,6254
2026-08-07,TK-A-001,ภาคกลาง,256,4651
2026-08-07,TK-A-001,ภาคตะวันออก,198,3694
2026-08-07,TK-A-001,ภาคเหนือ,180,3613
2026-08-07,TK-A-001,ภาคใต้,234,3684
2026-08-07,GL-B-014,กรุงเทพฯ,1694,30003
2026-08-07,GL-B-014,ภาคกลาง,1479,25938
2026-08-07,GL-B-014,ภาคตะวันออก,1081,20938
2026-08-07,GL-B-014,ภาคเหนือ,953,16265
2026-08-07,GL-B-014,ภาคใต้,1047,21218
2026-08-07,MK-C-028,กรุงเทพฯ,1324,25484
2026-08-07,MK-C-028,ภาคกลาง,982,18359
2026-08-07,MK-C-028,ภาคตะวันออก,810,11702
2026-08-07,MK-C-028,ภาคเหนือ,643,10938
2026-08-07,MK-C-028,ภาคใต้,878,14714
2026-08-07,SY-D-039,กรุงเทพฯ,872,16648
2026-08-07,SY-D-039,ภาคกลาง,615,11226
2026-08-07,SY-D-039,ภาคตะวันออก,544,9907
2026-08-07,SY-D-039,ภาคเหนือ,401,8796
2026-08-07,SY-D-039,ภาคใต้,578,10273
2026-08-07,AG-E-052,กรุงเทพฯ,266,4297
2026-08-07,AG-E-052,ภาคกลาง,184,3391
2026-08-07,AG-E-052,ภาคตะวันออก,155,2522
2026-08-07,AG-E-052,ภาคเหนือ,120,2362
2026-08-07,AG-E-052,ภาคใต้,180,3244
2026-08-08,TK-A-001,กรุงเทพฯ,355,6350
2026-08-08,TK-A-001,ภาคกลาง,250,5253
2026-08-08,TK-A-001,ภาคตะวันออก,197,3722
2026-08-08,TK-A-001,ภาคเหนือ,167,3254
2026-08-08,TK-A-001,ภาคใต้,241,4376
2026-08-08,GL-B-014,กรุงเทพฯ,1811,33031
2026-08-08,GL-B-014,ภาคกลาง,1491,25171
2026-08-08,GL-B-014,ภาคตะวันออก,987,16480
2026-08-08,GL-B-014,ภาคเหนือ,925,18558
2026-08-08,GL-B-014,ภาคใต้,1191,21305
2026-08-08,MK-C-028,กรุงเทพฯ,1138,20104
2026-08-08,MK-C-028,ภาคกลาง,920,15780
2026-08-08,MK-C-028,ภาคตะวันออก,703,14340
2026-08-08,MK-C-028,ภาคเหนือ,604,11482
2026-08-08,MK-C-028,ภาคใต้,780,13385
2026-08-08,SY-D-039,กรุงเทพฯ,896,16723
2026-08-08,SY-D-039,ภาคกลาง,658,12952
2026-08-08,SY-D-039,ภาคตะวันออก,460,10011
2026-08-08,SY-D-039,ภาคเหนือ,410,8989
2026-08-08,SY-D-039,ภาคใต้,497,8929
2026-08-08,AG-E-052,กรุงเทพฯ,230,4021
2026-08-08,AG-E-052,ภาคกลาง,189,3762
2026-08-08,AG-E-052,ภาคตะวันออก,144,2742
2026-08-08,AG-E-052,ภาคเหนือ,140,2663
2026-08-08,AG-E-052,ภาคใต้,150,2885
2026-08-09,TK-A-001,กรุงเทพฯ,323,5288
2026-08-09,TK-A-001,ภาคกลาง,280,4389
2026-08-09,TK-A-001,ภาคตะวันออก,210,3638
2026-08-09,TK-A-001,ภาคเหนือ,171,3448
2026-08-09,TK-A-001,ภาคใต้,242,4317
2026-08-09,GL-B-014,กรุงเทพฯ,1630,34063
2026-08-09,GL-B-014,ภาคกลาง,1375,27464
2026-08-09,GL-B-014,ภาคตะวันออก,1008,15740
2026-08-09,GL-B-014,ภาคเหนือ,963,15638
2026-08-09,GL-B-014,ภาคใต้,1105,18508
2026-08-09,MK-C-028,กรุงเทพฯ,1342,22488
2026-08-09,MK-C-028,ภาคกลาง,965,15356
2026-08-09,MK-C-028,ภาคตะวันออก,786,12879
2026-08-09,MK-C-028,ภาคเหนือ,708,10251
2026-08-09,MK-C-028,ภาคใต้,780,14904
2026-08-09,SY-D-039,กรุงเทพฯ,903,14161
2026-08-09,SY-D-039,ภาคกลาง,611,10162
2026-08-09,SY-D-039,ภาคตะวันออก,535,7692
2026-08-09,SY-D-039,ภาคเหนือ,437,7984
2026-08-09,SY-D-039,ภาคใต้,527,9824
2026-08-09,AG-E-052,กรุงเทพฯ,232,4298
2026-08-09,AG-E-052,ภาคกลาง,199,3541
2026-08-09,AG-E-052,ภาคตะวันออก,152,2283
2026-08-09,AG-E-052,ภาคเหนือ,141,2646
2026-08-09,AG-E-052,ภาคใต้,171,3242
2026-08-10,TK-A-001,กรุงเทพฯ,351,6105
2026-08-10,TK-A-001,ภาคกลาง,244,4127
2026-08-10,TK-A-001,ภาคตะวันออก,188,3122
2026-08-10,TK-A-001,ภาคเหนือ,186,3546
2026-08-10,TK-A-001,ภาคใต้,230,3553
2026-08-10,GL-B-014,กรุงเทพฯ,1595,27112
2026-08-10,GL-B-014,ภาคกลาง,1377,22221
2026-08-10,GL-B-014,ภาคตะวันออก,988,17915
2026-08-10,GL-B-014,ภาคเหนือ,879,15700
2026-08-10,GL-B-014,ภาคใต้,1100,20441
2026-08-10,MK-C-028,กรุงเทพฯ,1362,22955
2026-08-10,MK-C-028,ภาคกลาง,931,20130
2026-08-10,MK-C-028,ภาคตะวันออก,765,11387
2026-08-10,MK-C-028,ภาคเหนือ,602,12850
2026-08-10,MK-C-028,ภาคใต้,826,13610
2026-08-10,SY-D-039,กรุงเทพฯ,837,14258
2026-08-10,SY-D-039,ภาคกลาง,613,13681
2026-08-10,SY-D-039,ภาคตะวันออก,477,9886
2026-08-10,SY-D-039,ภาคเหนือ,442,8623
2026-08-10,SY-D-039,ภาคใต้,533,9165
2026-08-10,AG-E-052,กรุงเทพฯ,254,4069
2026-08-10,AG-E-052,ภาคกลาง,189,3072
2026-08-10,AG-E-052,ภาคตะวันออก,152,2806
2026-08-10,AG-E-052,ภาคเหนือ,135,2641
2026-08-10,AG-E-052,ภาคใต้,179,3028
2026-08-11,TK-A-001,กรุงเทพฯ,305,6261
2026-08-11,TK-A-001,ภาคกลาง,267,5201
2026-08-11,TK-A-001,ภาคตะวันออก,190,3228
2026-08-11,TK-A-001,ภาคเหนือ,187,3192
2026-08-11,TK-A-001,ภาคใต้,230,4383
2026-08-11,GL-B-014,กรุงเทพฯ,1824,27988
2026-08-11,GL-B-014,ภาคกลาง,1362,25152
2026-08-11,GL-B-014,ภาคตะวันออก,1099,20225
2026-08-11,GL-B-014,ภาคเหนือ,946,17578
2026-08-11,GL-B-014,ภาคใต้,1048,20289
2026-08-11,MK-C-028,กรุงเทพฯ,1217,21761
2026-08-11,MK-C-028,ภาคกลาง,1015,18205
2026-08-11,MK-C-028,ภาคตะวันออก,698,14747
2026-08-11,MK-C-028,ภาคเหนือ,688,13196
2026-08-11,MK-C-028,ภาคใต้,900,14531
2026-08-11,SY-D-039,กรุงเทพฯ,801,15284
2026-08-11,SY-D-039,ภาคกลาง,726,13590
2026-08-11,SY-D-039,ภาคตะวันออก,460,9124
2026-08-11,SY-D-039,ภาคเหนือ,439,8740
2026-08-11,SY-D-039,ภาคใต้,546,8943
2026-08-11,AG-E-052,กรุงเทพฯ,249,3994
2026-08-11,AG-E-052,ภาคกลาง,215,3371
2026-08-11,AG-E-052,ภาคตะวันออก,155,2626
2026-08-11,AG-E-052,ภาคเหนือ,129,2047
2026-08-11,AG-E-052,ภาคใต้,181,2711
2026-08-12,TK-A-001,กรุงเทพฯ,299,5491
2026-08-12,TK-A-001,ภาคกลาง,273,4507
2026-08-12,TK-A-001,ภาคตะวันออก,184,3752
2026-08-12,TK-A-001,ภาคเหนือ,179,2945
2026-08-12,TK-A-001,ภาคใต้,239,3594
2026-08-12,GL-B-014,กรุงเทพฯ,1695,31188
2026-08-12,GL-B-014,ภาคกลาง,1299,28090
2026-08-12,GL-B-014,ภาคตะวันออก,1068,21224
2026-08-12,GL-B-014,ภาคเหนือ,845,14890
2026-08-12,GL-B-014,ภาคใต้,1160,20817
2026-08-12,MK-C-028,กรุงเทพฯ,1241,20279
2026-08-12,MK-C-028,ภาคกลาง,964,19308
2026-08-12,MK-C-028,ภาคตะวันออก,733,12890
2026-08-12,MK-C-028,ภาคเหนือ,706,11541
2026-08-12,MK-C-028,ภาคใต้,746,13540
2026-08-12,SY-D-039,กรุงเทพฯ,810,14726
2026-08-12,SY-D-039,ภาคกลาง,654,10399
2026-08-12,SY-D-039,ภาคตะวันออก,496,9830
2026-08-12,SY-D-039,ภาคเหนือ,486,6818
2026-08-12,SY-D-039,ภาคใต้,505,9164
2026-08-12,AG-E-052,กรุงเทพฯ,225,4280
2026-08-12,AG-E-052,ภาคกลาง,203,3212
2026-08-12,AG-E-052,ภาคตะวันออก,137,2921
2026-08-12,AG-E-052,ภาคเหนือ,132,2070
2026-08-12,AG-E-052,ภาคใต้,150,3235
2026-08-13,TK-A-001,กรุงเทพฯ,311,6708
2026-08-13,TK-A-001,ภาคกลาง,250,5326
2026-08-13,TK-A-001,ภาคตะวันออก,186,3045
2026-08-13,TK-A-001,ภาคเหนือ,184,3202
2026-08-13,TK-A-001,ภาคใต้,228,3807
2026-08-13,GL-B-014,กรุงเทพฯ,1855,30384
2026-08-13,GL-B-014,ภาคกลาง,1426,24136
2026-08-13,GL-B-014,ภาคตะวันออก,1066,19945
2026-08-13,GL-B-014,ภาคเหนือ,850,17854
2026-08-13,GL-B-014,ภาคใต้,1132,18987
2026-08-13,MK-C-028,กรุงเทพฯ,1221,25374
2026-08-13,MK-C-028,ภาคกลาง,986,17612
2026-08-13,MK-C-028,ภาคตะวันออก,684,14044
2026-08-13,MK-C-028,ภาคเหนือ,638,12844
2026-08-13,MK-C-028,ภาคใต้,763,13489
2026-08-13,SY-D-039,กรุงเทพฯ,823,14075
2026-08-13,SY-D-039,ภาคกลาง,678,11921
2026-08-13,SY-D-039,ภาคตะวันออก,476,9336
2026-08-13,SY-D-039,ภาคเหนือ,479,7623
2026-08-13,SY-D-039,ภาคใต้,582,9164
2026-08-13,AG-E-052,กรุงเทพฯ,237,4720
2026-08-13,AG-E-052,ภาคกลาง,187,3601
2026-08-13,AG-E-052,ภาคตะวันออก,139,2866
2026-08-13,AG-E-052,ภาคเหนือ,125,2686
2026-08-13,AG-E-052,ภาคใต้,169,3401
2026-08-14,TK-A-001,กรุงเทพฯ,306,5074
2026-08-14,TK-A-001,ภาคกลาง,254,5104
2026-08-14,TK-A-001,ภาคตะวันออก,189,3943
2026-08-14,TK-A-001,ภาคเหนือ,191,3525
2026-08-14,TK-A-001,ภาคใต้,205,3501
2026-08-14,GL-B-014,กรุงเทพฯ,1825,26913
2026-08-14,GL-B-014,ภาคกลาง,1292,25076
2026-08-14,GL-B-014,ภาคตะวันออก,1124,20186
2026-08-14,GL-B-014,ภาคเหนือ,960,18550
2026-08-14,GL-B-014,ภาคใต้,1156,20860
2026-08-14,MK-C-028,กรุงเทพฯ,1172,21197
2026-08-14,MK-C-028,ภาคกลาง,902,16192
2026-08-14,MK-C-028,ภาคตะวันออก,794,14207
2026-08-14,MK-C-028,ภาคเหนือ,671,12535
2026-08-14,MK-C-028,ภาคใต้,852,17126
2026-08-14,SY-D-039,กรุงเทพฯ,837,13166
2026-08-14,SY-D-039,ภาคกลาง,726,10286
2026-08-14,SY-D-039,ภาคตะวันออก,488,7996
2026-08-14,SY-D-039,ภาคเหนือ,410,7341
2026-08-14,SY-D-039,ภาคใต้,524,8629
2026-08-14,AG-E-052,กรุงเทพฯ,260,4695
2026-08-14,AG-E-052,ภาคกลาง,196,3221
2026-08-14,AG-E-052,ภาคตะวันออก,140,2380
2026-08-14,AG-E-052,ภาคเหนือ,123,2240
2026-08-14,AG-E-052,ภาคใต้,152,2781
2026-08-15,TK-A-001,กรุงเทพฯ,303,5926
2026-08-15,TK-A-001,ภาคกลาง,255,5357
2026-08-15,TK-A-001,ภาคตะวันออก,202,3167
2026-08-15,TK-A-001,ภาคเหนือ,182,3515
2026-08-15,TK-A-001,ภาคใต้,207,3716
2026-08-15,GL-B-014,กรุงเทพฯ,1771,28585
2026-08-15,GL-B-014,ภาคกลาง,1376,27629
2026-08-15,GL-B-014,ภาคตะวันออก,1015,16811
2026-08-15,GL-B-014,ภาคเหนือ,917,18688
2026-08-15,GL-B-014,ภาคใต้,1121,21839
2026-08-15,MK-C-028,กรุงเทพฯ,1282,25715
2026-08-15,MK-C-028,ภาคกลาง,930,19848
2026-08-15,MK-C-028,ภาคตะวันออก,706,13730
2026-08-15,MK-C-028,ภาคเหนือ,658,11759
2026-08-15,MK-C-028,ภาคใต้,862,14423
2026-08-15,SY-D-039,กรุงเทพฯ,761,14060
2026-08-15,SY-D-039,ภาคกลาง,656,11050
2026-08-15,SY-D-039,ภาคตะวันออก,544,8791
2026-08-15,SY-D-039,ภาคเหนือ,466,7233
2026-08-15,SY-D-039,ภาคใต้,542,9736
2026-08-15,AG-E-052,กรุงเทพฯ,265,4188
2026-08-15,AG-E-052,ภาคกลาง,187,3914
2026-08-15,AG-E-052,ภาคตะวันออก,157,3073
2026-08-15,AG-E-052,ภาคเหนือ,127,2297
2026-08-15,AG-E-052,ภาคใต้,161,2645
2026-08-16,TK-A-001,กรุงเทพฯ,302,6156
2026-08-16,TK-A-001,ภาคกลาง,286,5295
2026-08-16,TK-A-001,ภาคตะวันออก,195,3778
2026-08-16,TK-A-001,ภาคเหนือ,161,2831
2026-08-16,TK-A-001,ภาคใต้,209,4347
2026-08-16,GL-B-014,กรุงเทพฯ,1577,30402
2026-08-16,GL-B-014,ภาคกลาง,1243,26342
2026-08-16,GL-B-014,ภาคตะวันออก,1067,16824
2026-08-16,GL-B-014,ภาคเหนือ,957,17514
2026-08-16,GL-B-014,ภาคใต้,1205,21185
2026-08-16,MK-C-028,กรุงเทพฯ,1310,22208
2026-08-16,MK-C-028,ภาคกลาง,1064,15854
2026-08-16,MK-C-028,ภาคตะวันออก,706,13782
2026-08-16,MK-C-028,ภาคเหนือ,642,13551
2026-08-16,MK-C-028,ภาคใต้,861,15220
2026-08-16,SY-D-039,กรุงเทพฯ,867,16338
2026-08-16,SY-D-039,ภาคกลาง,689,12402
2026-08-16,SY-D-039,ภาคตะวันออก,546,8423
2026-08-16,SY-D-039,ภาคเหนือ,419,8424
2026-08-16,SY-D-039,ภาคใต้,519,9543
2026-08-16,AG-E-052,กรุงเทพฯ,264,4189
2026-08-16,AG-E-052,ภาคกลาง,199,3911
2026-08-16,AG-E-052,ภาคตะวันออก,150,2525
2026-08-16,AG-E-052,ภาคเหนือ,141,2622
2026-08-16,AG-E-052,ภาคใต้,175,3292
2026-08-17,TK-A-001,กรุงเทพฯ,299,6775
2026-08-17,TK-A-001,ภาคกลาง,252,4901
2026-08-17,TK-A-001,ภาคตะวันออก,182,4021
2026-08-17,TK-A-001,ภาคเหนือ,193,3035
2026-08-17,TK-A-001,ภาคใต้,200,3806
2026-08-17,GL-B-014,กรุงเทพฯ,1623,33949
2026-08-17,GL-B-014,ภาคกลาง,1339,23991
2026-08-17,GL-B-014,ภาคตะวันออก,1046,20257
2026-08-17,GL-B-014,ภาคเหนือ,869,16048
2026-08-17,GL-B-014,ภาคใต้,1128,17768
2026-08-17,MK-C-028,กรุงเทพฯ,1254,22463
2026-08-17,MK-C-028,ภาคกลาง,1032,19583
2026-08-17,MK-C-028,ภาคตะวันออก,792,14357
2026-08-17,MK-C-028,ภาคเหนือ,673,13340
2026-08-17,MK-C-028,ภาคใต้,898,16569
2026-08-17,SY-D-039,กรุงเทพฯ,906,13883
2026-08-17,SY-D-039,ภาคกลาง,618,11270
2026-08-17,SY-D-039,ภาคตะวันออก,475,10174
2026-08-17,SY-D-039,ภาคเหนือ,473,7931
2026-08-17,SY-D-039,ภาคใต้,567,10448
2026-08-17,AG-E-052,กรุงเทพฯ,242,4738
2026-08-17,AG-E-052,ภาคกลาง,213,3390
2026-08-17,AG-E-052,ภาคตะวันออก,138,2661
2026-08-17,AG-E-052,ภาคเหนือ,136,2397
2026-08-17,AG-E-052,ภาคใต้,157,3218
2026-08-18,TK-A-001,กรุงเทพฯ,338,5908
2026-08-18,TK-A-001,ภาคกลาง,263,4787
2026-08-18,TK-A-001,ภาคตะวันออก,199,3185
2026-08-18,TK-A-001,ภาคเหนือ,185,3133
2026-08-18,TK-A-001,ภาคใต้,225,3892
2026-08-18,GL-B-014,กรุงเทพฯ,1883,28439
2026-08-18,GL-B-014,ภาคกลาง,1432,26594
2026-08-18,GL-B-014,ภาคตะวันออก,960,16992
2026-08-18,GL-B-014,ภาคเหนือ,853,15661
2026-08-18,GL-B-014,ภาคใต้,1043,19957
2026-08-18,MK-C-028,กรุงเทพฯ,1299,25566
2026-08-18,MK-C-028,ภาคกลาง,1036,17518
2026-08-18,MK-C-028,ภาคตะวันออก,810,12428
2026-08-18,MK-C-028,ภาคเหนือ,700,12943
2026-08-18,MK-C-028,ภาคใต้,805,14533
2026-08-18,SY-D-039,กรุงเทพฯ,879,14184
2026-08-18,SY-D-039,ภาคกลาง,628,11040
2026-08-18,SY-D-039,ภาคตะวันออก,526,10277
2026-08-18,SY-D-039,ภาคเหนือ,486,8737
2026-08-18,SY-D-039,ภาคใต้,580,8870
2026-08-18,AG-E-052,กรุงเทพฯ,241,5038
2026-08-18,AG-E-052,ภาคกลาง,185,3124
2026-08-18,AG-E-052,ภาคตะวันออก,139,2615
2026-08-18,AG-E-052,ภาคเหนือ,126,2510
2026-08-18,AG-E-052,ภาคใต้,153,2614
2026-08-19,TK-A-001,กรุงเทพฯ,306,6669
2026-08-19,TK-A-001,ภาคกลาง,282,4779
2026-08-19,TK-A-001,ภาคตะวันออก,185,4078
2026-08-19,TK-A-001,ภาคเหนือ,165,3588
2026-08-19,TK-A-001,ภาคใต้,206,3762
2026-08-19,GL-B-014,กรุงเทพฯ,1866,31060
2026-08-19,GL-B-014,ภาคกลาง,1511,25428
2026-08-19,GL-B-014,ภาคตะวันออก,1079,17310
2026-08-19,GL-B-014,ภาคเหนือ,1000,15508
2026-08-19,GL-B-014,ภาคใต้,1045,19331
2026-08-19,MK-C-028,กรุงเทพฯ,1132,25379
2026-08-19,MK-C-028,ภาคกลาง,909,17658
2026-08-19,MK-C-028,ภาคตะวันออก,738,14263
2026-08-19,MK-C-028,ภาคเหนือ,606,12502
2026-08-19,MK-C-028,ภาคใต้,896,13038
2026-08-19,SY-D-039,กรุงเทพฯ,784,13208
2026-08-19,SY-D-039,ภาคกลาง,713,13349
2026-08-19,SY-D-039,ภาคตะวันออก,509,8483
2026-08-19,SY-D-039,ภาคเหนือ,445,8321
2026-08-19,SY-D-039,ภาคใต้,576,10573
2026-08-19,AG-E-052,กรุงเทพฯ,230,4162
2026-08-19,AG-E-052,ภาคกลาง,188,3241
2026-08-19,AG-E-052,ภาคตะวันออก,141,2661
2026-08-19,AG-E-052,ภาคเหนือ,131,2048
2026-08-19,AG-E-052,ภาคใต้,179,2990
2026-08-20,TK-A-001,กรุงเทพฯ,351,6497
2026-08-20,TK-A-001,ภาคกลาง,274,5419
2026-08-20,TK-A-001,ภาคตะวันออก,191,3260
2026-08-20,TK-A-001,ภาคเหนือ,195,3342
2026-08-20,TK-A-001,ภาคใต้,235,3676
2026-08-20,GL-B-014,กรุงเทพฯ,1834,29386
2026-08-20,GL-B-014,ภาคกลาง,1367,27865
2026-08-20,GL-B-014,ภาคตะวันออก,1088,16075
2026-08-20,GL-B-014,ภาคเหนือ,1006,15679
2026-08-20,GL-B-014,ภาคใต้,1144,22532
2026-08-20,MK-C-028,กรุงเทพฯ,1141,19491
2026-08-20,MK-C-028,ภาคกลาง,1003,15283
2026-08-20,MK-C-028,ภาคตะวันออก,766,11676
2026-08-20,MK-C-028,ภาคเหนือ,614,11236
2026-08-20,MK-C-028,ภาคใต้,820,15009
2026-08-20,SY-D-039,กรุงเทพฯ,913,14170
2026-08-20,SY-D-039,ภาคกลาง,638,11446
2026-08-20,SY-D-039,ภาคตะวันออก,478,8111
2026-08-20,SY-D-039,ภาคเหนือ,488,7727
2026-08-20,SY-D-039,ภาคใต้,603,10516
2026-08-20,AG-E-052,กรุงเทพฯ,244,4157
2026-08-20,AG-E-052,ภาคกลาง,184,3904
2026-08-20,AG-E-052,ภาคตะวันออก,157,2764
2026-08-20,AG-E-052,ภาคเหนือ,140,2568
2026-08-20,AG-E-052,ภาคใต้,181,2790
2026-08-21,TK-A-001,กรุงเทพฯ,328,6378
2026-08-21,TK-A-001,ภาคกลาง,249,4834
2026-08-21,TK-A-001,ภาคตะวันออก,190,3201
2026-08-21,TK-A-001,ภาคเหนือ,170,2863
2026-08-21,TK-A-001,ภาคใต้,224,4491
2026-08-21,GL-B-014,กรุงเทพฯ,1847,29661
2026-08-21,GL-B-014,ภาคกลาง,1297,22746
2026-08-21,GL-B-014,ภาคตะวันออก,1126,20763
2026-08-21,GL-B-014,ภาคเหนือ,922,17253
2026-08-21,GL-B-014,ภาคใต้,1157,19853
2026-08-21,MK-C-028,กรุงเทพฯ,1221,23892
2026-08-21,MK-C-028,ภาคกลาง,1001,15848
2026-08-21,MK-C-028,ภาคตะวันออก,817,12404
2026-08-21,MK-C-028,ภาคเหนือ,707,12937
2026-08-21,MK-C-028,ภาคใต้,800,17223
2026-08-21,SY-D-039,กรุงเทพฯ,855,15823
2026-08-21,SY-D-039,ภาคกลาง,665,12284
2026-08-21,SY-D-039,ภาคตะวันออก,483,9568
2026-08-21,SY-D-039,ภาคเหนือ,417,7861
2026-08-21,SY-D-039,ภาคใต้,602,10861
2026-08-21,AG-E-052,กรุงเทพฯ,258,4615
2026-08-21,AG-E-052,ภาคกลาง,207,3885
2026-08-21,AG-E-052,ภาคตะวันออก,135,2593
2026-08-21,AG-E-052,ภาคเหนือ,125,2125
2026-08-21,AG-E-052,ภาคใต้,171,2818
2026-08-22,TK-A-001,กรุงเทพฯ,346,6056
2026-08-22,TK-A-001,ภาคกลาง,267,5365
2026-08-22,TK-A-001,ภาคตะวันออก,199,3637
2026-08-22,TK-A-001,ภาคเหนือ,193,3597
2026-08-22,TK-A-001,ภาคใต้,214,4224
2026-08-22,GL-B-014,กรุงเทพฯ,1665,31782
2026-08-22,GL-B-014,ภาคกลาง,1331,28225
2026-08-22,GL-B-014,ภาคตะวันออก,1055,19075
2026-08-22,GL-B-014,ภาคเหนือ,865,15589
2026-08-22,GL-B-014,ภาคใต้,1091,23339
2026-08-22,MK-C-028,กรุงเทพฯ,1358,23330
2026-08-22,MK-C-028,ภาคกลาง,1087,15542
2026-08-22,MK-C-028,ภาคตะวันออก,785,13514
2026-08-22,MK-C-028,ภาคเหนือ,649,12396
2026-08-22,MK-C-028,ภาคใต้,862,15391
2026-08-22,SY-D-039,กรุงเทพฯ,856,12889
2026-08-22,SY-D-039,ภาคกลาง,673,11460
2026-08-22,SY-D-039,ภาคตะวันออก,496,9204
2026-08-22,SY-D-039,ภาคเหนือ,423,8263
2026-08-22,SY-D-039,ภาคใต้,597,10101
2026-08-22,AG-E-052,กรุงเทพฯ,265,4052
2026-08-22,AG-E-052,ภาคกลาง,194,4098
2026-08-22,AG-E-052,ภาคตะวันออก,149,2544
2026-08-22,AG-E-052,ภาคเหนือ,132,2653
2026-08-22,AG-E-052,ภาคใต้,180,2626
2026-08-23,TK-A-001,กรุงเทพฯ,324,6530
2026-08-23,TK-A-001,ภาคกลาง,258,4994
2026-08-23,TK-A-001,ภาคตะวันออก,181,3559
2026-08-23,TK-A-001,ภาคเหนือ,187,3605
2026-08-23,TK-A-001,ภาคใต้,234,4014
2026-08-23,GL-B-014,กรุงเทพฯ,1579,32574
2026-08-23,GL-B-014,ภาคกลาง,1350,26269
2026-08-23,GL-B-014,ภาคตะวันออก,1068,17972
2026-08-23,GL-B-014,ภาคเหนือ,905,15595
2026-08-23,GL-B-014,ภาคใต้,1133,22071
2026-08-23,MK-C-028,กรุงเทพฯ,1332,20794
2026-08-23,MK-C-028,ภาคกลาง,1049,18524
2026-08-23,MK-C-028,ภาคตะวันออก,728,12667
2026-08-23,MK-C-028,ภาคเหนือ,680,12963
2026-08-23,MK-C-028,ภาคใต้,832,14825
2026-08-23,SY-D-039,กรุงเทพฯ,900,16733
2026-08-23,SY-D-039,ภาคกลาง,660,11753
2026-08-23,SY-D-039,ภาคตะวันออก,530,7997
2026-08-23,SY-D-039,ภาคเหนือ,480,7918
2026-08-23,SY-D-039,ภาคใต้,544,11335
2026-08-23,AG-E-052,กรุงเทพฯ,236,4276
2026-08-23,AG-E-052,ภาคกลาง,193,3671
2026-08-23,AG-E-052,ภาคตะวันออก,149,2376
2026-08-23,AG-E-052,ภาคเหนือ,146,2237
2026-08-23,AG-E-052,ภาคใต้,170,3313
2026-08-24,TK-A-001,กรุงเทพฯ,315,6191
2026-08-24,TK-A-001,ภาคกลาง,248,5031
2026-08-24,TK-A-001,ภาคตะวันออก,197,4075
2026-08-24,TK-A-001,ภาคเหนือ,190,3150
2026-08-24,TK-A-001,ภาคใต้,219,3647
2026-08-24,GL-B-014,กรุงเทพฯ,1872,30494
2026-08-24,GL-B-014,ภาคกลาง,1252,25800
2026-08-24,GL-B-014,ภาคตะวันออก,1030,18331
2026-08-24,GL-B-014,ภาคเหนือ,940,17763
2026-08-24,GL-B-014,ภาคใต้,1212,18459
2026-08-24,MK-C-028,กรุงเทพฯ,1167,19686
2026-08-24,MK-C-028,ภาคกลาง,948,15577
2026-08-24,MK-C-028,ภาคตะวันออก,741,12743
2026-08-24,MK-C-028,ภาคเหนือ,633,13818
2026-08-24,MK-C-028,ภาคใต้,873,16029
2026-08-24,SY-D-039,กรุงเทพฯ,783,13403
2026-08-24,SY-D-039,ภาคกลาง,670,11268
2026-08-24,SY-D-039,ภาคตะวันออก,492,9892
2026-08-24,SY-D-039,ภาคเหนือ,409,8571
2026-08-24,SY-D-039,ภาคใต้,598,11469
2026-08-24,AG-E-052,กรุงเทพฯ,266,4255
2026-08-24,AG-E-052,ภาคกลาง,211,3912
2026-08-24,AG-E-052,ภาคตะวันออก,153,2564
2026-08-24,AG-E-052,ภาคเหนือ,131,2515
2026-08-24,AG-E-052,ภาคใต้,174,2957
2026-08-25,TK-A-001,กรุงเทพฯ,310,5156
2026-08-25,TK-A-001,ภาคกลาง,266,4686
2026-08-25,TK-A-001,ภาคตะวันออก,215,3420
2026-08-25,TK-A-001,ภาคเหนือ,181,3459
2026-08-25,TK-A-001,ภาคใต้,236,3542
2026-08-25,GL-B-014,กรุงเทพฯ,1789,31364
2026-08-25,GL-B-014,ภาคกลาง,1365,23783
2026-08-25,GL-B-014,ภาคตะวันออก,1102,16833
2026-08-25,GL-B-014,ภาคเหนือ,926,15411
2026-08-25,GL-B-014,ภาคใต้,1233,18312
2026-08-25,MK-C-028,กรุงเทพฯ,1369,20442
2026-08-25,MK-C-028,ภาคกลาง,1052,18714
2026-08-25,MK-C-028,ภาคตะวันออก,787,13228
2026-08-25,MK-C-028,ภาคเหนือ,626,10429
2026-08-25,MK-C-028,ภาคใต้,794,13063
2026-08-25,SY-D-039,กรุงเทพฯ,874,15180
2026-08-25,SY-D-039,ภาคกลาง,702,10615
2026-08-25,SY-D-039,ภาคตะวันออก,516,9317
2026-08-25,SY-D-039,ภาคเหนือ,459,8122
2026-08-25,SY-D-039,ภาคใต้,506,10359
2026-08-25,AG-E-052,กรุงเทพฯ,228,3970
2026-08-25,AG-E-052,ภาคกลาง,217,3680
2026-08-25,AG-E-052,ภาคตะวันออก,153,2994
2026-08-25,AG-E-052,ภาคเหนือ,128,2739
2026-08-25,AG-E-052,ภาคใต้,171,3410
2026-08-26,TK-A-001,กรุงเทพฯ,348,6521
2026-08-26,TK-A-001,ภาคกลาง,251,4139
2026-08-26,TK-A-001,ภาคตะวันออก,195,3596
2026-08-26,TK-A-001,ภาคเหนือ,174,2978
2026-08-26,TK-A-001,ภาคใต้,240,4586
2026-08-26,GL-B-014,กรุงเทพฯ,1897,34696
2026-08-26,GL-B-014,ภาคกลาง,1478,25777
2026-08-26,GL-B-014,ภาคตะวันออก,1063,20526
2026-08-26,GL-B-014,ภาคเหนือ,991,18610
2026-08-26,GL-B-014,ภาคใต้,1192,22451
2026-08-26,MK-C-028,กรุงเทพฯ,1205,21721
2026-08-26,MK-C-028,ภาคกลาง,1025,18513
2026-08-26,MK-C-028,ภาคตะวันออก,812,14659
2026-08-26,MK-C-028,ภาคเหนือ,721,10959
2026-08-26,MK-C-028,ภาคใต้,876,15879
2026-08-26,SY-D-039,กรุงเทพฯ,764,14080
2026-08-26,SY-D-039,ภาคกลาง,675,10259
2026-08-26,SY-D-039,ภาคตะวันออก,463,8201
2026-08-26,SY-D-039,ภาคเหนือ,480,7014
2026-08-26,SY-D-039,ภาคใต้,607,8920
2026-08-26,AG-E-052,กรุงเทพฯ,230,4277
2026-08-26,AG-E-052,ภาคกลาง,206,3657
2026-08-26,AG-E-052,ภาคตะวันออก,164,2840
2026-08-26,AG-E-052,ภาคเหนือ,122,2117
2026-08-26,AG-E-052,ภาคใต้,158,2672
2026-08-27,TK-A-001,กรุงเทพฯ,335,6579
2026-08-27,TK-A-001,ภาคกลาง,291,4666
2026-08-27,TK-A-001,ภาคตะวันออก,218,3219
2026-08-27,TK-A-001,ภาคเหนือ,179,2908
2026-08-27,TK-A-001,ภาคใต้,228,3613
2026-08-27,GL-B-014,กรุงเทพฯ,1758,33059
2026-08-27,GL-B-014,ภาคกลาง,1404,22325
2026-08-27,GL-B-014,ภาคตะวันออก,964,19560
2026-08-27,GL-B-014,ภาคเหนือ,987,14399
2026-08-27,GL-B-014,ภาคใต้,1213,20208
2026-08-27,MK-C-028,กรุงเทพฯ,1255,24870
2026-08-27,MK-C-028,ภาคกลาง,1032,17611
2026-08-27,MK-C-028,ภาคตะวันออก,715,14172
2026-08-27,MK-C-028,ภาคเหนือ,673,13615
2026-08-27,MK-C-028,ภาคใต้,851,13924
2026-08-27,SY-D-039,กรุงเทพฯ,873,15792
2026-08-27,SY-D-039,ภาคกลาง,637,10673
2026-08-27,SY-D-039,ภาคตะวันออก,519,9969
2026-08-27,SY-D-039,ภาคเหนือ,415,7500
2026-08-27,SY-D-039,ภาคใต้,503,11237
2026-08-27,AG-E-052,กรุงเทพฯ,230,4817
2026-08-27,AG-E-052,ภาคกลาง,217,3857
2026-08-27,AG-E-052,ภาคตะวันออก,137,3021
2026-08-27,AG-E-052,ภาคเหนือ,126,2170
2026-08-27,AG-E-052,ภาคใต้,184,3200
2026-08-28,TK-A-001,กรุงเทพฯ,338,5709
2026-08-28,TK-A-001,ภาคกลาง,287,4289
2026-08-28,TK-A-001,ภาคตะวันออก,210,3770
2026-08-28,TK-A-001,ภาคเหนือ,191,2771
2026-08-28,TK-A-001,ภาคใต้,234,3468
2026-08-28,GL-B-014,กรุงเทพฯ,1569,27311
2026-08-28,GL-B-014,ภาคกลาง,1295,24857
2026-08-28,GL-B-014,ภาคตะวันออก,1046,20926
2026-08-28,GL-B-014,ภาคเหนือ,901,17730
2026-08-28,GL-B-014,ภาคใต้,1095,20723
2026-08-28,MK-C-028,กรุงเทพฯ,1144,19881
2026-08-28,MK-C-028,ภาคกลาง,1016,15597
2026-08-28,MK-C-028,ภาคตะวันออก,743,14593
2026-08-28,MK-C-028,ภาคเหนือ,698,11133
2026-08-28,MK-C-028,ภาคใต้,792,15297
2026-08-28,SY-D-039,กรุงเทพฯ,864,17036
2026-08-28,SY-D-039,ภาคกลาง,724,11965
2026-08-28,SY-D-039,ภาคตะวันออก,512,9630
2026-08-28,SY-D-039,ภาคเหนือ,487,7977
2026-08-28,SY-D-039,ภาคใต้,560,10745
2026-08-28,AG-E-052,กรุงเทพฯ,245,5095
2026-08-28,AG-E-052,ภาคกลาง,200,4024
2026-08-28,AG-E-052,ภาคตะวันออก,147,2443
2026-08-28,AG-E-052,ภาคเหนือ,133,2078
2026-08-28,AG-E-052,ภาคใต้,153,3343
2026-08-29,TK-A-001,กรุงเทพฯ,363,5507
2026-08-29,TK-A-001,ภาคกลาง,278,4168
2026-08-29,TK-A-001,ภาคตะวันออก,197,3626
2026-08-29,TK-A-001,ภาคเหนือ,179,2874
2026-08-29,TK-A-001,ภาคใต้,201,3991
2026-08-29,GL-B-014,กรุงเทพฯ,1812,30208
2026-08-29,GL-B-014,ภาคกลาง,1385,22905
2026-08-29,GL-B-014,ภาคตะวันออก,1077,17916
2026-08-29,GL-B-014,ภาคเหนือ,840,15388
2026-08-29,GL-B-014,ภาคใต้,1113,20558
2026-08-29,MK-C-028,กรุงเทพฯ,1212,25730
2026-08-29,MK-C-028,ภาคกลาง,1079,19927
2026-08-29,MK-C-028,ภาคตะวันออก,721,12820
2026-08-29,MK-C-028,ภาคเหนือ,735,13233
2026-08-29,MK-C-028,ภาคใต้,875,13406
2026-08-29,SY-D-039,กรุงเทพฯ,906,16977
2026-08-29,SY-D-039,ภาคกลาง,691,13191
2026-08-29,SY-D-039,ภาคตะวันออก,487,7906
2026-08-29,SY-D-039,ภาคเหนือ,484,8517
2026-08-29,SY-D-039,ภาคใต้,519,10272
2026-08-29,AG-E-052,กรุงเทพฯ,260,4196
2026-08-29,AG-E-052,ภาคกลาง,182,4032
2026-08-29,AG-E-052,ภาคตะวันออก,156,2946
2026-08-29,AG-E-052,ภาคเหนือ,144,2269
2026-08-29,AG-E-052,ภาคใต้,162,2879
2026-08-30,TK-A-001,กรุงเทพฯ,315,5564
2026-08-30,TK-A-001,ภาคกลาง,261,4326
2026-08-30,TK-A-001,ภาคตะวันออก,192,3486
2026-08-30,TK-A-001,ภาคเหนือ,162,3287
2026-08-30,TK-A-001,ภาคใต้,224,3620
2026-08-30,GL-B-014,กรุงเทพฯ,1710,30896
2026-08-30,GL-B-014,ภาคกลาง,1293,24021
2026-08-30,GL-B-014,ภาคตะวันออก,1077,19481
2026-08-30,GL-B-014,ภาคเหนือ,988,17202
2026-08-30,GL-B-014,ภาคใต้,1153,20153
2026-08-30,MK-C-028,กรุงเทพฯ,1377,19534
2026-08-30,MK-C-028,ภาคกลาง,1049,19374
2026-08-30,MK-C-028,ภาคตะวันออก,735,14588
2026-08-30,MK-C-028,ภาคเหนือ,713,12076
2026-08-30,MK-C-028,ภาคใต้,844,14841
2026-08-30,SY-D-039,กรุงเทพฯ,809,15408
2026-08-30,SY-D-039,ภาคกลาง,651,12083
2026-08-30,SY-D-039,ภาคตะวันออก,530,10279
2026-08-30,SY-D-039,ภาคเหนือ,431,7941
2026-08-30,SY-D-039,ภาคใต้,574,9325
2026-08-30,AG-E-052,กรุงเทพฯ,247,4503
2026-08-30,AG-E-052,ภาคกลาง,193,3140
2026-08-30,AG-E-052,ภาคตะวันออก,144,2754
2026-08-30,AG-E-052,ภาคเหนือ,121,2760
2026-08-30,AG-E-052,ภาคใต้,165,2698
2026-08-31,TK-A-001,กรุงเทพฯ,334,6216
2026-08-31,TK-A-001,ภาคกลาง,257,5395
2026-08-31,TK-A-001,ภาคตะวันออก,197,3614
2026-08-31,TK-A-001,ภาคเหนือ,192,3052
2026-08-31,TK-A-001,ภาคใต้,208,4605
2026-08-31,GL-B-014,กรุงเทพฯ,1893,33736
2026-08-31,GL-B-014,ภาคกลาง,1432,24467
2026-08-31,GL-B-014,ภาคตะวันออก,1134,16144
2026-08-31,GL-B-014,ภาคเหนือ,952,15114
2026-08-31,GL-B-014,ภาคใต้,1118,19713
2026-08-31,MK-C-028,กรุงเทพฯ,1189,22244
2026-08-31,MK-C-028,ภาคกลาง,1105,18885
2026-08-31,MK-C-028,ภาคตะวันออก,755,13976
2026-08-31,MK-C-028,ภาคเหนือ,717,12340
2026-08-31,MK-C-028,ภาคใต้,826,13176
2026-08-31,SY-D-039,กรุงเทพฯ,864,13961
2026-08-31,SY-D-039,ภาคกลาง,638,12030
2026-08-31,SY-D-039,ภาคตะวันออก,552,9792
2026-08-31,SY-D-039,ภาคเหนือ,421,8235
2026-08-31,SY-D-039,ภาคใต้,565,10124
2026-08-31,AG-E-052,กรุงเทพฯ,245,4561
2026-08-31,AG-E-052,ภาคกลาง,203,3170
2026-08-31,AG-E-052,ภาคตะวันออก,159,2644
2026-08-31,AG-E-052,ภาคเหนือ,135,2571
2026-08-31,AG-E-052,ภาคใต้,156,3402
2026-09-01,TK-A-001,กรุงเทพฯ,324,6150
2026-09-01,TK-A-001,ภาคกลาง,253,5043
2026-09-01,TK-A-001,ภาคตะวันออก,200,3175
2026-09-01,TK-A-001,ภาคเหนือ,188,3213
2026-09-01,TK-A-001,ภาคใต้,226,3935
2026-09-01,GL-B-014,กรุงเทพฯ,1719,27742
2026-09-01,GL-B-014,ภาคกลาง,1403,25516
2026-09-01,GL-B-014,ภาคตะวันออก,984,18506
2026-09-01,GL-B-014,ภาคเหนือ,951,17527
2026-09-01,GL-B-014,ภาคใต้,1268,20723
2026-09-01,MK-C-028,กรุงเทพฯ,1214,24781
2026-09-01,MK-C-028,ภาคกลาง,1043,16175
2026-09-01,MK-C-028,ภาคตะวันออก,800,11617
2026-09-01,MK-C-028,ภาคเหนือ,707,13611
2026-09-01,MK-C-028,ภาคใต้,768,14939
2026-09-01,SY-D-039,กรุงเทพฯ,827,14576
2026-09-01,SY-D-039,ภาคกลาง,728,10489
2026-09-01,SY-D-039,ภาคตะวันออก,479,9992
2026-09-01,SY-D-039,ภาคเหนือ,488,8868
2026-09-01,SY-D-039,ภาคใต้,535,11131
2026-09-01,AG-E-052,กรุงเทพฯ,239,5069
2026-09-01,AG-E-052,ภาคกลาง,198,3393
2026-09-01,AG-E-052,ภาคตะวันออก,152,3000
2026-09-01,AG-E-052,ภาคเหนือ,143,2137
2026-09-01,AG-E-052,ภาคใต้,167,3404
2026-09-02,TK-A-001,กรุงเทพฯ,354,5450
2026-09-02,TK-A-001,ภาคกลาง,294,4496
2026-09-02,TK-A-001,ภาคตะวันออก,215,3673
2026-09-02,TK-A-001,ภาคเหนือ,176,2768
2026-09-02,TK-A-001,ภาคใต้,230,3843
2026-09-02,GL-B-014,กรุงเทพฯ,1866,29417
2026-09-02,GL-B-014,ภาคกลาง,1433,21423
2026-09-02,GL-B-014,ภาคตะวันออก,1020,16260
2026-09-02,GL-B-014,ภาคเหนือ,893,16461
2026-09-02,GL-B-014,ภาคใต้,1138,20790
2026-09-02,MK-C-028,กรุงเทพฯ,1340,22603
2026-09-02,MK-C-028,ภาคกลาง,1099,18765
2026-09-02,MK-C-028,ภาคตะวันออก,734,14225
2026-09-02,MK-C-028,ภาคเหนือ,646,13452
2026-09-02,MK-C-028,ภาคใต้,833,13976
2026-09-02,SY-D-039,กรุงเทพฯ,804,13557
2026-09-02,SY-D-039,ภาคกลาง,724,10410
2026-09-02,SY-D-039,ภาคตะวันออก,474,9116
2026-09-02,SY-D-039,ภาคเหนือ,407,7192
2026-09-02,SY-D-039,ภาคใต้,527,9811
2026-09-02,AG-E-052,กรุงเทพฯ,231,3869
2026-09-02,AG-E-052,ภาคกลาง,209,3452
2026-09-02,AG-E-052,ภาคตะวันออก,137,2719
2026-09-02,AG-E-052,ภาคเหนือ,139,2138
2026-09-02,AG-E-052,ภาคใต้,172,2914
2026-09-03,TK-A-001,กรุงเทพฯ,354,5575
2026-09-03,TK-A-001,ภาคกลาง,276,5452
2026-09-03,TK-A-001,ภาคตะวันออก,213,3126
2026-09-03,TK-A-001,ภาคเหนือ,166,3016
2026-09-03,TK-A-001,ภาคใต้,206,4091
2026-09-03,GL-B-014,กรุงเทพฯ,1768,34715
2026-09-03,GL-B-014,ภาคกลาง,1416,23880
2026-09-03,GL-B-014,ภาคตะวันออก,1131,21219
2026-09-03,GL-B-014,ภาคเหนือ,942,18101
2026-09-03,GL-B-014,ภาคใต้,1067,18049
2026-09-03,MK-C-028,กรุงเทพฯ,1168,21224
2026-09-03,MK-C-028,ภาคกลาง,1021,16526
2026-09-03,MK-C-028,ภาคตะวันออก,768,14573
2026-09-03,MK-C-028,ภาคเหนือ,707,12678
2026-09-03,MK-C-028,ภาคใต้,802,13375
2026-09-03,SY-D-039,กรุงเทพฯ,855,17098
2026-09-03,SY-D-039,ภาคกลาง,708,13277
2026-09-03,SY-D-039,ภาคตะวันออก,503,8706
2026-09-03,SY-D-039,ภาคเหนือ,407,7925
2026-09-03,SY-D-039,ภาคใต้,542,9136
2026-09-03,AG-E-052,กรุงเทพฯ,250,4981
2026-09-03,AG-E-052,ภาคกลาง,209,3282
2026-09-03,AG-E-052,ภาคตะวันออก,152,2971
2026-09-03,AG-E-052,ภาคเหนือ,141,2193
2026-09-03,AG-E-052,ภาคใต้,171,3358
2026-09-04,TK-A-001,กรุงเทพฯ,322,5329
2026-09-04,TK-A-001,ภาคกลาง,257,4978
2026-09-04,TK-A-001,ภาคตะวันออก,194,3255
2026-09-04,TK-A-001,ภาคเหนือ,165,3470
2026-09-04,TK-A-001,ภาคใต้,204,4117
2026-09-04,GL-B-014,กรุงเทพฯ,1708,29164
2026-09-04,GL-B-014,ภาคกลาง,1251,28115
2026-09-04,GL-B-014,ภาคตะวันออก,955,19259
2026-09-04,GL-B-014,ภาคเหนือ,958,17886
2026-09-04,GL-B-014,ภาคใต้,1070,23600
2026-09-04,MK-C-028,กรุงเทพฯ,1220,21525
2026-09-04,MK-C-028,ภาคกลาง,976,19536
2026-09-04,MK-C-028,ภาคตะวันออก,711,14002
2026-09-04,MK-C-028,ภาคเหนือ,715,10837
2026-09-04,MK-C-028,ภาคใต้,835,15342
2026-09-04,SY-D-039,กรุงเทพฯ,853,13473
2026-09-04,SY-D-039,ภาคกลาง,658,13218
2026-09-04,SY-D-039,ภาคตะวันออก,544,8016
2026-09-04,SY-D-039,ภาคเหนือ,432,6995
2026-09-04,SY-D-039,ภาคใต้,519,10730
2026-09-04,AG-E-052,กรุงเทพฯ,234,4516
2026-09-04,AG-E-052,ภาคกลาง,219,3239
2026-09-04,AG-E-052,ภาคตะวันออก,162,2766
2026-09-04,AG-E-052,ภาคเหนือ,128,2378
2026-09-04,AG-E-052,ภาคใต้,184,3185
2026-09-05,TK-A-001,กรุงเทพฯ,342,6001
2026-09-05,TK-A-001,ภาคกลาง,257,5020
2026-09-05,TK-A-001,ภาคตะวันออก,184,3576
2026-09-05,TK-A-001,ภาคเหนือ,185,3444
2026-09-05,TK-A-001,ภาคใต้,242,3849
2026-09-05,GL-B-014,กรุงเทพฯ,1730,28777
2026-09-05,GL-B-014,ภาคกลาง,1473,25328
2026-09-05,GL-B-014,ภาคตะวันออก,1090,18182
2026-09-05,GL-B-014,ภาคเหนือ,899,16376
2026-09-05,GL-B-014,ภาคใต้,1129,18043
2026-09-05,MK-C-028,กรุงเทพฯ,1376,19515
2026-09-05,MK-C-028,ภาคกลาง,969,20185
2026-09-05,MK-C-028,ภาคตะวันออก,727,13948
2026-09-05,MK-C-028,ภาคเหนือ,659,12277
2026-09-05,MK-C-028,ภาคใต้,887,16838
2026-09-05,SY-D-039,กรุงเทพฯ,883,15115
2026-09-05,SY-D-039,ภาคกลาง,623,13190
2026-09-05,SY-D-039,ภาคตะวันออก,458,10265
2026-09-05,SY-D-039,ภาคเหนือ,437,7120
2026-09-05,SY-D-039,ภาคใต้,565,9726
2026-09-05,AG-E-052,กรุงเทพฯ,268,4778
2026-09-05,AG-E-052,ภาคกลาง,199,4085
2026-09-05,AG-E-052,ภาคตะวันออก,148,2816
2026-09-05,AG-E-052,ภาคเหนือ,124,2638
2026-09-05,AG-E-052,ภาคใต้,157,2580
2026-09-06,TK-A-001,กรุงเทพฯ,369,5571
2026-09-06,TK-A-001,ภาคกลาง,256,4402
2026-09-06,TK-A-001,ภาคตะวันออก,213,3523
2026-09-06,TK-A-001,ภาคเหนือ,185,3516
2026-09-06,TK-A-001,ภาคใต้,210,3482
2026-09-06,GL-B-014,กรุงเทพฯ,1892,35594
2026-09-06,GL-B-014,ภาคกลาง,1475,23018
2026-09-06,GL-B-014,ภาคตะวันออก,1063,18875
2026-09-06,GL-B-014,ภาคเหนือ,890,14639
2026-09-06,GL-B-014,ภาคใต้,1134,17782
2026-09-06,MK-C-028,กรุงเทพฯ,1237,23309
2026-09-06,MK-C-028,ภาคกลาง,954,19539
2026-09-06,MK-C-028,ภาคตะวันออก,716,14514
2026-09-06,MK-C-028,ภาคเหนือ,659,11973
2026-09-06,MK-C-028,ภาคใต้,906,15800
2026-09-06,SY-D-039,กรุงเทพฯ,926,13219
2026-09-06,SY-D-039,ภาคกลาง,668,12660
2026-09-06,SY-D-039,ภาคตะวันออก,463,9810
2026-09-06,SY-D-039,ภาคเหนือ,481,9130
2026-09-06,SY-D-039,ภาคใต้,583,9525
2026-09-06,AG-E-052,กรุงเทพฯ,228,4728
2026-09-06,AG-E-052,ภาคกลาง,222,3456
2026-09-06,AG-E-052,ภาคตะวันออก,151,2821
2026-09-06,AG-E-052,ภาคเหนือ,147,2096
2026-09-06,AG-E-052,ภาคใต้,168,3359
2026-09-07,TK-A-001,กรุงเทพฯ,346,6068
2026-09-07,TK-A-001,ภาคกลาง,283,4945
2026-09-07,TK-A-001,ภาคตะวันออก,201,3655
2026-09-07,TK-A-001,ภาคเหนือ,164,2953
2026-09-07,TK-A-001,ภาคใต้,235,4369
2026-09-07,GL-B-014,กรุงเทพฯ,1884,29175
2026-09-07,GL-B-014,ภาคกลาง,1435,26793
2026-09-07,GL-B-014,ภาคตะวันออก,1121,17690
2026-09-07,GL-B-014,ภาคเหนือ,1006,16140
2026-09-07,GL-B-014,ภาคใต้,1243,21226
2026-09-07,MK-C-028,กรุงเทพฯ,1357,26062
2026-09-07,MK-C-028,ภาคกลาง,1104,17546
2026-09-07,MK-C-028,ภาคตะวันออก,687,12560
2026-09-07,MK-C-028,ภาคเหนือ,697,10631
2026-09-07,MK-C-028,ภาคใต้,818,15832
2026-09-07,SY-D-039,กรุงเทพฯ,889,17348
2026-09-07,SY-D-039,ภาคกลาง,740,10401
2026-09-07,SY-D-039,ภาคตะวันออก,473,9752
2026-09-07,SY-D-039,ภาคเหนือ,454,7460
2026-09-07,SY-D-039,ภาคใต้,551,9892
2026-09-07,AG-E-052,กรุงเทพฯ,238,4964
2026-09-07,AG-E-052,ภาคกลาง,205,3876
2026-09-07,AG-E-052,ภาคตะวันออก,139,3044
2026-09-07,AG-E-052,ภาคเหนือ,122,2171
2026-09-07,AG-E-052,ภาคใต้,172,3288
2026-09-08,TK-A-001,กรุงเทพฯ,308,6133
2026-09-08,TK-A-001,ภาคกลาง,254,4136
2026-09-08,TK-A-001,ภาคตะวันออก,196,3954
2026-09-08,TK-A-001,ภาคเหนือ,165,3198
2026-09-08,TK-A-001,ภาคใต้,236,4396
2026-09-08,GL-B-014,กรุงเทพฯ,1580,30317
2026-09-08,GL-B-014,ภาคกลาง,1298,22276
2026-09-08,GL-B-014,ภาคตะวันออก,1102,16479
2026-09-08,GL-B-014,ภาคเหนือ,881,17934
2026-09-08,GL-B-014,ภาคใต้,1055,21072
2026-09-08,MK-C-028,กรุงเทพฯ,1378,25171
2026-09-08,MK-C-028,ภาคกลาง,1020,17707
2026-09-08,MK-C-028,ภาคตะวันออก,795,14582
2026-09-08,MK-C-028,ภาคเหนือ,651,11353
2026-09-08,MK-C-028,ภาคใต้,847,13340
2026-09-08,SY-D-039,กรุงเทพฯ,821,16308
2026-09-08,SY-D-039,ภาคกลาง,720,11622
2026-09-08,SY-D-039,ภาคตะวันออก,493,10146
2026-09-08,SY-D-039,ภาคเหนือ,473,8840
2026-09-08,SY-D-039,ภาคใต้,512,9787
2026-09-08,AG-E-052,กรุงเทพฯ,257,4634
2026-09-08,AG-E-052,ภาคกลาง,198,3295
2026-09-08,AG-E-052,ภาคตะวันออก,147,3087
2026-09-08,AG-E-052,ภาคเหนือ,139,2263
2026-09-08,AG-E-052,ภาคใต้,169,2944
2026-09-09,TK-A-001,กรุงเทพฯ,317,5703
2026-09-09,TK-A-001,ภาคกลาง,279,4740
2026-09-09,TK-A-001,ภาคตะวันออก,195,3099
2026-09-09,TK-A-001,ภาคเหนือ,192,3473
2026-09-09,TK-A-001,ภาคใต้,231,4047
2026-09-09,GL-B-014,กรุงเทพฯ,1826,26726
2026-09-09,GL-B-014,ภาคกลาง,1492,22601
2026-09-09,GL-B-014,ภาคตะวันออก,1046,19989
2026-09-09,GL-B-014,ภาคเหนือ,968,16502
2026-09-09,GL-B-014,ภาคใต้,1063,23166
2026-09-09,MK-C-028,กรุงเทพฯ,1323,26120
2026-09-09,MK-C-028,ภาคกลาง,1036,20677
2026-09-09,MK-C-028,ภาคตะวันออก,833,14735
2026-09-09,MK-C-028,ภาคเหนือ,719,13934
2026-09-09,MK-C-028,ภาคใต้,879,14069
2026-09-09,SY-D-039,กรุงเทพฯ,865,16328
2026-09-09,SY-D-039,ภาคกลาง,729,13262
2026-09-09,SY-D-039,ภาคตะวันออก,540,9147
2026-09-09,SY-D-039,ภาคเหนือ,407,8298
2026-09-09,SY-D-039,ภาคใต้,591,11370
2026-09-09,AG-E-052,กรุงเทพฯ,248,5137
2026-09-09,AG-E-052,ภาคกลาง,214,3851
2026-09-09,AG-E-052,ภาคตะวันออก,139,3136
2026-09-09,AG-E-052,ภาคเหนือ,133,2403
2026-09-09,AG-E-052,ภาคใต้,157,3392
2026-09-10,TK-A-001,กรุงเทพฯ,332,6627
2026-09-10,TK-A-001,ภาคกลาง,285,5287
2026-09-10,TK-A-001,ภาคตะวันออก,213,3325
2026-09-10,TK-A-001,ภาคเหนือ,179,3425
2026-09-10,TK-A-001,ภาคใต้,242,4461
2026-09-10,GL-B-014,กรุงเทพฯ,1715,33984
2026-09-10,GL-B-014,ภาคกลาง,1307,21598
2026-09-10,GL-B-014,ภาคตะวันออก,1089,19617
2026-09-10,GL-B-014,ภาคเหนือ,1012,19152
2026-09-10,GL-B-014,ภาคใต้,1054,22363
2026-09-10,MK-C-028,กรุงเทพฯ,1383,19962
2026-09-10,MK-C-028,ภาคกลาง,925,19844
2026-09-10,MK-C-028,ภาคตะวันออก,767,15377
2026-09-10,MK-C-028,ภาคเหนือ,667,11263
2026-09-10,MK-C-028,ภาคใต้,926,16206
2026-09-10,SY-D-039,กรุงเทพฯ,812,16050
2026-09-10,SY-D-039,ภาคกลาง,634,13817
2026-09-10,SY-D-039,ภาคตะวันออก,535,10245
2026-09-10,SY-D-039,ภาคเหนือ,449,7575
2026-09-10,SY-D-039,ภาคใต้,587,9691
2026-09-10,AG-E-052,กรุงเทพฯ,253,5196
2026-09-10,AG-E-052,ภาคกลาง,207,3815
2026-09-10,AG-E-052,ภาคตะวันออก,162,2887
2026-09-10,AG-E-052,ภาคเหนือ,142,2578
2026-09-10,AG-E-052,ภาคใต้,178,2683
2026-09-11,TK-A-001,กรุงเทพฯ,345,6250
2026-09-11,TK-A-001,ภาคกลาง,264,5334
2026-09-11,TK-A-001,ภาคตะวันออก,195,3276
2026-09-11,TK-A-001,ภาคเหนือ,187,3150
2026-09-11,TK-A-001,ภาคใต้,237,3532
2026-09-11,GL-B-014,กรุงเทพฯ,1772,33997
2026-09-11,GL-B-014,ภาคกลาง,1377,26435
2026-09-11,GL-B-014,ภาคตะวันออก,954,16551
2026-09-11,GL-B-014,ภาคเหนือ,875,14485
2026-09-11,GL-B-014,ภาคใต้,1214,23052
2026-09-11,MK-C-028,กรุงเทพฯ,1303,26108
2026-09-11,MK-C-028,ภาคกลาง,1011,20029
2026-09-11,MK-C-028,ภาคตะวันออก,771,14898
2026-09-11,MK-C-028,ภาคเหนือ,633,11625
2026-09-11,MK-C-028,ภาคใต้,909,14009
2026-09-11,SY-D-039,กรุงเทพฯ,821,15900
2026-09-11,SY-D-039,ภาคกลาง,733,13657
2026-09-11,SY-D-039,ภาคตะวันออก,508,8778
2026-09-11,SY-D-039,ภาคเหนือ,488,9091
2026-09-11,SY-D-039,ภาคใต้,579,11135
2026-09-11,AG-E-052,กรุงเทพฯ,239,4735
2026-09-11,AG-E-052,ภาคกลาง,207,3226
2026-09-11,AG-E-052,ภาคตะวันออก,149,3144
2026-09-11,AG-E-052,ภาคเหนือ,147,2386
2026-09-11,AG-E-052,ภาคใต้,165,3012
2026-09-12,TK-A-001,กรุงเทพฯ,368,5579
2026-09-12,TK-A-001,ภาคกลาง,264,5038
2026-09-12,TK-A-001,ภาคตะวันออก,199,3998
2026-09-12,TK-A-001,ภาคเหนือ,195,2933
2026-09-12,TK-A-001,ภาคใต้,245,4523
2026-09-12,GL-B-014,กรุงเทพฯ,1757,34391
2026-09-12,GL-B-014,ภาคกลาง,1264,27489
2026-09-12,GL-B-014,ภาคตะวันออก,946,21638
2026-09-12,GL-B-014,ภาคเหนือ,897,17801
2026-09-12,GL-B-014,ภาคใต้,1236,22468
2026-09-12,MK-C-028,กรุงเทพฯ,1288,24986
2026-09-12,MK-C-028,ภาคกลาง,996,16581
2026-09-12,MK-C-028,ภาคตะวันออก,759,13447
2026-09-12,MK-C-028,ภาคเหนือ,705,10855
2026-09-12,MK-C-028,ภาคใต้,929,15963
2026-09-12,SY-D-039,กรุงเทพฯ,859,13047
2026-09-12,SY-D-039,ภาคกลาง,630,12194
2026-09-12,SY-D-039,ภาคตะวันออก,472,8122
2026-09-12,SY-D-039,ภาคเหนือ,457,7603
2026-09-12,SY-D-039,ภาคใต้,581,11236
2026-09-12,AG-E-052,กรุงเทพฯ,268,4326
2026-09-12,AG-E-052,ภาคกลาง,215,3456
2026-09-12,AG-E-052,ภาคตะวันออก,147,2520
2026-09-12,AG-E-052,ภาคเหนือ,144,2597
2026-09-12,AG-E-052,ภาคใต้,162,3022
2026-09-13,TK-A-001,กรุงเทพฯ,307,5553
2026-09-13,TK-A-001,ภาคกลาง,268,5524
2026-09-13,TK-A-001,ภาคตะวันออก,195,3234
2026-09-13,TK-A-001,ภาคเหนือ,187,3401
2026-09-13,TK-A-001,ภาคใต้,229,4562
2026-09-13,GL-B-014,กรุงเทพฯ,1828,35296
2026-09-13,GL-B-014,ภาคกลาง,1517,22499
2026-09-13,GL-B-014,ภาคตะวันออก,1125,18611
2026-09-13,GL-B-014,ภาคเหนือ,907,15446
2026-09-13,GL-B-014,ภาคใต้,1064,21312
2026-09-13,MK-C-028,กรุงเทพฯ,1203,26082
2026-09-13,MK-C-028,ภาคกลาง,996,20658
2026-09-13,MK-C-028,ภาคตะวันออก,746,15704
2026-09-13,MK-C-028,ภาคเหนือ,627,10474
2026-09-13,MK-C-028,ภาคใต้,790,15577
2026-09-13,SY-D-039,กรุงเทพฯ,837,13210
2026-09-13,SY-D-039,ภาคกลาง,721,12804
2026-09-13,SY-D-039,ภาคตะวันออก,457,9824
2026-09-13,SY-D-039,ภาคเหนือ,428,8899
2026-09-13,SY-D-039,ภาคใต้,578,11269
2026-09-13,AG-E-052,กรุงเทพฯ,266,4503
2026-09-13,AG-E-052,ภาคกลาง,217,3924
2026-09-13,AG-E-052,ภาคตะวันออก,150,3018
2026-09-13,AG-E-052,ภาคเหนือ,124,2458
2026-09-13,AG-E-052,ภาคใต้,170,3004
2026-09-14,TK-A-001,กรุงเทพฯ,355,6763
2026-09-14,TK-A-001,ภาคกลาง,269,5219
2026-09-14,TK-A-001,ภาคตะวันออก,204,3293
2026-09-14,TK-A-001,ภาคเหนือ,189,3115
2026-09-14,TK-A-001,ภาคใต้,227,4388
2026-09-14,GL-B-014,กรุงเทพฯ,1849,32398
2026-09-14,GL-B-014,ภาคกลาง,1350,25327
2026-09-14,GL-B-014,ภาคตะวันออก,1053,17931
2026-09-14,GL-B-014,ภาคเหนือ,968,17892
2026-09-14,GL-B-014,ภาคใต้,1053,22918
2026-09-14,MK-C-028,กรุงเทพฯ,1345,22040
2026-09-14,MK-C-028,ภาคกลาง,1057,16774
2026-09-14,MK-C-028,ภาคตะวันออก,735,12565
2026-09-14,MK-C-028,ภาคเหนือ,613,12863
2026-09-14,MK-C-028,ภาคใต้,821,17103
2026-09-14,SY-D-039,กรุงเทพฯ,817,13653
2026-09-14,SY-D-039,ภาคกลาง,639,11970
2026-09-14,SY-D-039,ภาคตะวันออก,511,8964
2026-09-14,SY-D-039,ภาคเหนือ,482,8576
2026-09-14,SY-D-039,ภาคใต้,598,9621
2026-09-14,AG-E-052,กรุงเทพฯ,274,4501
2026-09-14,AG-E-052,ภาคกลาง,194,3553
2026-09-14,AG-E-052,ภาคตะวันออก,167,2849
2026-09-14,AG-E-052,ภาคเหนือ,138,2225
2026-09-14,AG-E-052,ภาคใต้,178,2851
2026-09-15,TK-A-001,กรุงเทพฯ,356,6384
2026-09-15,TK-A-001,ภาคกลาง,281,5185
2026-09-15,TK-A-001,ภาคตะวันออก,204,3136
2026-09-15,TK-A-001,ภาคเหนือ,178,3565
2026-09-15,TK-A-001,ภาคใต้,226,4492
2026-09-15,GL-B-014,กรุงเทพฯ,1827,31174
2026-09-15,GL-B-014,ภาคกลาง,1417,25343
2026-09-15,GL-B-014,ภาคตะวันออก,1130,18575
2026-09-15,GL-B-014,ภาคเหนือ,847,16522
2026-09-15,GL-B-014,ภาคใต้,1080,20041
2026-09-15,MK-C-028,กรุงเทพฯ,1210,20003
2026-09-15,MK-C-028,ภาคกลาง,1087,18546
2026-09-15,MK-C-028,ภาคตะวันออก,708,12510
2026-09-15,MK-C-028,ภาคเหนือ,736,13544
2026-09-15,MK-C-028,ภาคใต้,878,13679
2026-09-15,SY-D-039,กรุงเทพฯ,807,16823
2026-09-15,SY-D-039,ภาคกลาง,743,10474
2026-09-15,SY-D-039,ภาคตะวันออก,537,9327
2026-09-15,SY-D-039,ภาคเหนือ,489,9274
2026-09-15,SY-D-039,ภาคใต้,586,10127
2026-09-15,AG-E-052,กรุงเทพฯ,258,3989
2026-09-15,AG-E-052,ภาคกลาง,214,3961
2026-09-15,AG-E-052,ภาคตะวันออก,142,2798
2026-09-15,AG-E-052,ภาคเหนือ,146,2797
2026-09-15,AG-E-052,ภาคใต้,185,2783
2026-09-16,TK-A-001,กรุงเทพฯ,315,5591
2026-09-16,TK-A-001,ภาคกลาง,266,4401
2026-09-16,TK-A-001,ภาคตะวันออก,196,4185
2026-09-16,TK-A-001,ภาคเหนือ,191,3525
2026-09-16,TK-A-001,ภาคใต้,217,3964
2026-09-16,GL-B-014,กรุงเทพฯ,1772,34907
2026-09-16,GL-B-014,ภาคกลาง,1527,27058
2026-09-16,GL-B-014,ภาคตะวันออก,1082,19833
2026-09-16,GL-B-014,ภาคเหนือ,956,18672
2026-09-16,GL-B-014,ภาคใต้,1114,21095
2026-09-16,MK-C-028,กรุงเทพฯ,1367,23700
2026-09-16,MK-C-028,ภาคกลาง,1084,19269
2026-09-16,MK-C-028,ภาคตะวันออก,772,12170
2026-09-16,MK-C-028,ภาคเหนือ,645,10883
2026-09-16,MK-C-028,ภาคใต้,781,13679
2026-09-16,SY-D-039,กรุงเทพฯ,875,14141
2026-09-16,SY-D-039,ภาคกลาง,698,12482
2026-09-16,SY-D-039,ภาคตะวันออก,477,9035
2026-09-16,SY-D-039,ภาคเหนือ,447,7195
2026-09-16,SY-D-039,ภาคใต้,562,10101
2026-09-16,AG-E-052,กรุงเทพฯ,262,4096
2026-09-16,AG-E-052,ภาคกลาง,188,4009
2026-09-16,AG-E-052,ภาคตะวันออก,149,2562
2026-09-16,AG-E-052,ภาคเหนือ,124,2345
2026-09-16,AG-E-052,ภาคใต้,177,3269
2026-09-17,TK-A-001,กรุงเทพฯ,345,5979
2026-09-17,TK-A-001,ภาคกลาง,246,4245
2026-09-17,TK-A-001,ภาคตะวันออก,213,3721
2026-09-17,TK-A-001,ภาคเหนือ,189,3243
2026-09-17,TK-A-001,ภาคใต้,206,4574
2026-09-17,GL-B-014,กรุงเทพฯ,1672,35941
2026-09-17,GL-B-014,ภาคกลาง,1519,22894
2026-09-17,GL-B-014,ภาคตะวันออก,1040,21112
2026-09-17,GL-B-014,ภาคเหนือ,872,14955
2026-09-17,GL-B-014,ภาคใต้,1212,22825
2026-09-17,MK-C-028,กรุงเทพฯ,1243,21134
2026-09-17,MK-C-028,ภาคกลาง,935,19201
2026-09-17,MK-C-028,ภาคตะวันออก,755,13213
2026-09-17,MK-C-028,ภาคเหนือ,727,12940
2026-09-17,MK-C-028,ภาคใต้,919,13175
2026-09-17,SY-D-039,กรุงเทพฯ,871,15255
2026-09-17,SY-D-039,ภาคกลาง,678,13424
2026-09-17,SY-D-039,ภาคตะวันออก,509,8123
2026-09-17,SY-D-039,ภาคเหนือ,465,7358
2026-09-17,SY-D-039,ภาคใต้,547,10355
2026-09-17,AG-E-052,กรุงเทพฯ,275,4422
2026-09-17,AG-E-052,ภาคกลาง,216,3548
2026-09-17,AG-E-052,ภาคตะวันออก,164,2906
2026-09-17,AG-E-052,ภาคเหนือ,131,2678
2026-09-17,AG-E-052,ภาคใต้,172,3245
2026-09-18,TK-A-001,กรุงเทพฯ,355,5681
2026-09-18,TK-A-001,ภาคกลาง,276,5018
2026-09-18,TK-A-001,ภาคตะวันออก,194,3375
2026-09-18,TK-A-001,ภาคเหนือ,188,3443
2026-09-18,TK-A-001,ภาคใต้,225,3723
2026-09-18,GL-B-014,กรุงเทพฯ,1694,33058
2026-09-18,GL-B-014,ภาคกลาง,1524,26586
2026-09-18,GL-B-014,ภาคตะวันออก,1013,16933
2026-09-18,GL-B-014,ภาคเหนือ,1000,17106
2026-09-18,GL-B-014,ภาคใต้,1246,21739
2026-09-18,MK-C-028,กรุงเทพฯ,1162,24473
2026-09-18,MK-C-028,ภาคกลาง,986,20455
2026-09-18,MK-C-028,ภาคตะวันออก,828,13240
2026-09-18,MK-C-028,ภาคเหนือ,622,12309
2026-09-18,MK-C-028,ภาคใต้,789,14205
2026-09-18,SY-D-039,กรุงเทพฯ,804,13191
2026-09-18,SY-D-039,ภาคกลาง,686,11455
2026-09-18,SY-D-039,ภาคตะวันออก,461,9456
2026-09-18,SY-D-039,ภาคเหนือ,435,9039
2026-09-18,SY-D-039,ภาคใต้,532,10972
2026-09-18,AG-E-052,กรุงเทพฯ,232,5240
2026-09-18,AG-E-052,ภาคกลาง,215,3402
2026-09-18,AG-E-052,ภาคตะวันออก,143,2338
2026-09-18,AG-E-052,ภาคเหนือ,148,2180
2026-09-18,AG-E-052,ภาคใต้,184,3113
2026-09-19,TK-A-001,กรุงเทพฯ,336,6069
2026-09-19,TK-A-001,ภาคกลาง,247,4284
2026-09-19,TK-A-001,ภาคตะวันออก,184,3749
2026-09-19,TK-A-001,ภาคเหนือ,185,3550
2026-09-19,TK-A-001,ภาคใต้,225,4105
2026-09-19,GL-B-014,กรุงเทพฯ,1832,29697
2026-09-19,GL-B-014,ภาคกลาง,1459,23854
2026-09-19,GL-B-014,ภาคตะวันออก,1025,16369
2026-09-19,GL-B-014,ภาคเหนือ,946,19201
2026-09-19,GL-B-014,ภาคใต้,1252,19454
2026-09-19,MK-C-028,กรุงเทพฯ,1262,22257
2026-09-19,MK-C-028,ภาคกลาง,962,16170
2026-09-19,MK-C-028,ภาคตะวันออก,712,15731
2026-09-19,MK-C-028,ภาคเหนือ,747,11891
2026-09-19,MK-C-028,ภาคใต้,930,17129
2026-09-19,SY-D-039,กรุงเทพฯ,904,16728
2026-09-19,SY-D-039,ภาคกลาง,685,14009
2026-09-19,SY-D-039,ภาคตะวันออก,552,8983
2026-09-19,SY-D-039,ภาคเหนือ,472,7983
2026-09-19,SY-D-039,ภาคใต้,574,10159
2026-09-19,AG-E-052,กรุงเทพฯ,248,4732
2026-09-19,AG-E-052,ภาคกลาง,220,3347
2026-09-19,AG-E-052,ภาคตะวันออก,140,2353
2026-09-19,AG-E-052,ภาคเหนือ,141,2201
2026-09-19,AG-E-052,ภาคใต้,184,3439
2026-09-20,TK-A-001,กรุงเทพฯ,312,6623
2026-09-20,TK-A-001,ภาคกลาง,248,4557
2026-09-20,TK-A-001,ภาคตะวันออก,198,3844
2026-09-20,TK-A-001,ภาคเหนือ,189,2792
2026-09-20,TK-A-001,ภาคใต้,248,3506
2026-09-20,GL-B-014,กรุงเทพฯ,1793,34940
2026-09-20,GL-B-014,ภาคกลาง,1531,24698
2026-09-20,GL-B-014,ภาคตะวันออก,954,21400
2026-09-20,GL-B-014,ภาคเหนือ,1011,15663
2026-09-20,GL-B-014,ภาคใต้,1141,19630
2026-09-20,MK-C-028,กรุงเทพฯ,1238,21213
2026-09-20,MK-C-028,ภาคกลาง,1018,19834
2026-09-20,MK-C-028,ภาคตะวันออก,773,13671
2026-09-20,MK-C-028,ภาคเหนือ,631,14040
2026-09-20,MK-C-028,ภาคใต้,808,16423
2026-09-20,SY-D-039,กรุงเทพฯ,885,14313
2026-09-20,SY-D-039,ภาคกลาง,705,12435
2026-09-20,SY-D-039,ภาคตะวันออก,536,10108
2026-09-20,SY-D-039,ภาคเหนือ,460,8530
2026-09-20,SY-D-039,ภาคใต้,527,10701
2026-09-20,AG-E-052,กรุงเทพฯ,268,4194
2026-09-20,AG-E-052,ภาคกลาง,212,3928
2026-09-20,AG-E-052,ภาคตะวันออก,167,3128
2026-09-20,AG-E-052,ภาคเหนือ,142,2571
2026-09-20,AG-E-052,ภาคใต้,175,3320
2026-09-21,TK-A-001,กรุงเทพฯ,310,6558
2026-09-21,TK-A-001,ภาคกลาง,257,5362
2026-09-21,TK-A-001,ภาคตะวันออก,222,3214
2026-09-21,TK-A-001,ภาคเหนือ,184,3558
2026-09-21,TK-A-001,ภาคใต้,219,3953
2026-09-21,GL-B-014,กรุงเทพฯ,1622,30003
2026-09-21,GL-B-014,ภาคกลาง,1397,25136
2026-09-21,GL-B-014,ภาคตะวันออก,1131,18337
2026-09-21,GL-B-014,ภาคเหนือ,930,16426
2026-09-21,GL-B-014,ภาคใต้,1244,18306
2026-09-21,MK-C-028,กรุงเทพฯ,1269,21434
2026-09-21,MK-C-028,ภาคกลาง,1115,18331
2026-09-21,MK-C-028,ภาคตะวันออก,799,14292
2026-09-21,MK-C-028,ภาคเหนือ,709,11989
2026-09-21,MK-C-028,ภาคใต้,829,13705
2026-09-21,SY-D-039,กรุงเทพฯ,833,17144
2026-09-21,SY-D-039,ภาคกลาง,612,11499
2026-09-21,SY-D-039,ภาคตะวันออก,481,10255
2026-09-21,SY-D-039,ภาคเหนือ,428,8652
2026-09-21,SY-D-039,ภาคใต้,608,8882
2026-09-21,AG-E-052,กรุงเทพฯ,265,4892
2026-09-21,AG-E-052,ภาคกลาง,206,4127
2026-09-21,AG-E-052,ภาคตะวันออก,156,2735
2026-09-21,AG-E-052,ภาคเหนือ,131,2656
2026-09-21,AG-E-052,ภาคใต้,160,2718
2026-09-22,TK-A-001,กรุงเทพฯ,356,6686
2026-09-22,TK-A-001,ภาคกลาง,253,4607
2026-09-22,TK-A-001,ภาคตะวันออก,195,3807
2026-09-22,TK-A-001,ภาคเหนือ,193,3687
2026-09-22,TK-A-001,ภาคใต้,224,3872
2026-09-22,GL-B-014,กรุงเทพฯ,1776,35433
2026-09-22,GL-B-014,ภาคกลาง,1507,23200
2026-09-22,GL-B-014,ภาคตะวันออก,1063,17558
2026-09-22,GL-B-014,ภาคเหนือ,868,14948
2026-09-22,GL-B-014,ภาคใต้,1106,23308
2026-09-22,MK-C-028,กรุงเทพฯ,1231,22155
2026-09-22,MK-C-028,ภาคกลาง,1114,19908
2026-09-22,MK-C-028,ภาคตะวันออก,709,15630
2026-09-22,MK-C-028,ภาคเหนือ,669,13504
2026-09-22,MK-C-028,ภาคใต้,820,17378
2026-09-22,SY-D-039,กรุงเทพฯ,787,17338
2026-09-22,SY-D-039,ภาคกลาง,715,13218
2026-09-22,SY-D-039,ภาคตะวันออก,460,8492
2026-09-22,SY-D-039,ภาคเหนือ,440,8263
2026-09-22,SY-D-039,ภาคใต้,599,9823
2026-09-22,AG-E-052,กรุงเทพฯ,257,4691
2026-09-22,AG-E-052,ภาคกลาง,215,3135
2026-09-22,AG-E-052,ภาคตะวันออก,146,2390
2026-09-22,AG-E-052,ภาคเหนือ,127,2610
2026-09-22,AG-E-052,ภาคใต้,172,2701
2026-09-23,TK-A-001,กรุงเทพฯ,321,6749
2026-09-23,TK-A-001,ภาคกลาง,294,4226
2026-09-23,TK-A-001,ภาคตะวันออก,202,3918
2026-09-23,TK-A-001,ภาคเหนือ,188,3110
2026-09-23,TK-A-001,ภาคใต้,208,4346
2026-09-23,GL-B-014,กรุงเทพฯ,1786,34541
2026-09-23,GL-B-014,ภาคกลาง,1431,26442
2026-09-23,GL-B-014,ภาคตะวันออก,972,20505
2026-09-23,GL-B-014,ภาคเหนือ,893,17987
2026-09-23,GL-B-014,ภาคใต้,1262,20510
2026-09-23,MK-C-028,กรุงเทพฯ,1150,19683
2026-09-23,MK-C-028,ภาคกลาง,1072,18614
2026-09-23,MK-C-028,ภาคตะวันออก,746,12403
2026-09-23,MK-C-028,ภาคเหนือ,668,11982
2026-09-23,MK-C-028,ภาคใต้,857,16045
2026-09-23,SY-D-039,กรุงเทพฯ,900,14908
2026-09-23,SY-D-039,ภาคกลาง,730,10604
2026-09-23,SY-D-039,ภาคตะวันออก,515,9320
2026-09-23,SY-D-039,ภาคเหนือ,420,6978
2026-09-23,SY-D-039,ภาคใต้,540,10032
2026-09-23,AG-E-052,กรุงเทพฯ,265,5021
2026-09-23,AG-E-052,ภาคกลาง,199,4183
2026-09-23,AG-E-052,ภาคตะวันออก,138,3055
2026-09-23,AG-E-052,ภาคเหนือ,143,2518
2026-09-23,AG-E-052,ภาคใต้,172,2957
2026-09-24,TK-A-001,กรุงเทพฯ,346,6265
2026-09-24,TK-A-001,ภาคกลาง,275,4549
2026-09-24,TK-A-001,ภาคตะวันออก,185,3208
2026-09-24,TK-A-001,ภาคเหนือ,188,3387
2026-09-24,TK-A-001,ภาคใต้,228,3527
2026-09-24,GL-B-014,กรุงเทพฯ,1728,35011
2026-09-24,GL-B-014,ภาคกลาง,1540,25633
2026-09-24,GL-B-014,ภาคตะวันออก,1000,21584
2026-09-24,GL-B-014,ภาคเหนือ,883,17441
2026-09-24,GL-B-014,ภาคใต้,1208,20893
2026-09-24,MK-C-028,กรุงเทพฯ,1217,20005
2026-09-24,MK-C-028,ภาคกลาง,959,17967
2026-09-24,MK-C-028,ภาคตะวันออก,762,14777
2026-09-24,MK-C-028,ภาคเหนือ,617,10526
2026-09-24,MK-C-028,ภาคใต้,835,17533
2026-09-24,SY-D-039,กรุงเทพฯ,910,17620
2026-09-24,SY-D-039,ภาคกลาง,636,12627
2026-09-24,SY-D-039,ภาคตะวันออก,469,10022
2026-09-24,SY-D-039,ภาคเหนือ,465,8059
2026-09-24,SY-D-039,ภาคใต้,605,9318
2026-09-24,AG-E-052,กรุงเทพฯ,251,4366
2026-09-24,AG-E-052,ภาคกลาง,213,4127
2026-09-24,AG-E-052,ภาคตะวันออก,167,3134
2026-09-24,AG-E-052,ภาคเหนือ,144,2145
2026-09-24,AG-E-052,ภาคใต้,183,2728
2026-09-25,TK-A-001,กรุงเทพฯ,325,5583
2026-09-25,TK-A-001,ภาคกลาง,261,4877
2026-09-25,TK-A-001,ภาคตะวันออก,203,3604
2026-09-25,TK-A-001,ภาคเหนือ,170,2939
2026-09-25,TK-A-001,ภาคใต้,220,3997
2026-09-25,GL-B-014,กรุงเทพฯ,1790,32824
2026-09-25,GL-B-014,ภาคกลาง,1427,24546
2026-09-25,GL-B-014,ภาคตะวันออก,1030,17570
2026-09-25,GL-B-014,ภาคเหนือ,1029,17860
2026-09-25,GL-B-014,ภาคใต้,1063,20623
2026-09-25,MK-C-028,กรุงเทพฯ,1378,21904
2026-09-25,MK-C-028,ภาคกลาง,994,17943
2026-09-25,MK-C-028,ภาคตะวันออก,765,12819
2026-09-25,MK-C-028,ภาคเหนือ,664,10688
2026-09-25,MK-C-028,ภาคใต้,825,13324
2026-09-25,SY-D-039,กรุงเทพฯ,856,14125
2026-09-25,SY-D-039,ภาคกลาง,736,12929
2026-09-25,SY-D-039,ภาคตะวันออก,484,8906
2026-09-25,SY-D-039,ภาคเหนือ,434,7645
2026-09-25,SY-D-039,ภาคใต้,546,11627
2026-09-25,AG-E-052,กรุงเทพฯ,274,4119
2026-09-25,AG-E-052,ภาคกลาง,207,3295
2026-09-25,AG-E-052,ภาคตะวันออก,153,2741
2026-09-25,AG-E-052,ภาคเหนือ,149,2438
2026-09-25,AG-E-052,ภาคใต้,160,2881
2026-09-26,TK-A-001,กรุงเทพฯ,308,5526
2026-09-26,TK-A-001,ภาคกลาง,290,4192
2026-09-26,TK-A-001,ภาคตะวันออก,193,3268
2026-09-26,TK-A-001,ภาคเหนือ,198,2965
2026-09-26,TK-A-001,ภาคใต้,233,3797
2026-09-26,GL-B-014,กรุงเทพฯ,1639,32572
2026-09-26,GL-B-014,ภาคกลาง,1321,23343
2026-09-26,GL-B-014,ภาคตะวันออก,967,20096
2026-09-26,GL-B-014,ภาคเหนือ,892,19346
2026-09-26,GL-B-014,ภาคใต้,1112,18029
2026-09-26,MK-C-028,กรุงเทพฯ,1198,23395
2026-09-26,MK-C-028,ภาคกลาง,1039,16418
2026-09-26,MK-C-028,ภาคตะวันออก,743,12446
2026-09-26,MK-C-028,ภาคเหนือ,723,11304
2026-09-26,MK-C-028,ภาคใต้,882,15178
2026-09-26,SY-D-039,กรุงเทพฯ,826,14543
2026-09-26,SY-D-039,ภาคกลาง,699,11693
2026-09-26,SY-D-039,ภาคตะวันออก,503,10008
2026-09-26,SY-D-039,ภาคเหนือ,436,9382
2026-09-26,SY-D-039,ภาคใต้,561,11062
2026-09-26,AG-E-052,กรุงเทพฯ,275,5076
2026-09-26,AG-E-052,ภาคกลาง,218,3617
2026-09-26,AG-E-052,ภาคตะวันออก,165,2881
2026-09-26,AG-E-052,ภาคเหนือ,150,2335
2026-09-26,AG-E-052,ภาคใต้,179,3400
2026-09-27,TK-A-001,กรุงเทพฯ,368,5623
2026-09-27,TK-A-001,ภาคกลาง,281,4302
2026-09-27,TK-A-001,ภาคตะวันออก,212,3293
2026-09-27,TK-A-001,ภาคเหนือ,191,3008
2026-09-27,TK-A-001,ภาคใต้,208,4384
2026-09-27,GL-B-014,กรุงเทพฯ,1700,32420
2026-09-27,GL-B-014,ภาคกลาง,1465,27687
2026-09-27,GL-B-014,ภาคตะวันออก,985,16421
2026-09-27,GL-B-014,ภาคเหนือ,929,18556
2026-09-27,GL-B-014,ภาคใต้,1162,19499
2026-09-27,MK-C-028,กรุงเทพฯ,1259,26072
2026-09-27,MK-C-028,ภาคกลาง,930,16173
2026-09-27,MK-C-028,ภาคตะวันออก,749,13691
2026-09-27,MK-C-028,ภาคเหนือ,702,11133
2026-09-27,MK-C-028,ภาคใต้,847,13382
2026-09-27,SY-D-039,กรุงเทพฯ,839,13563
2026-09-27,SY-D-039,ภาคกลาง,704,10798
2026-09-27,SY-D-039,ภาคตะวันออก,466,8896
2026-09-27,SY-D-039,ภาคเหนือ,448,8823
2026-09-27,SY-D-039,ภาคใต้,550,11229
2026-09-27,AG-E-052,กรุงเทพฯ,242,4080
2026-09-27,AG-E-052,ภาคกลาง,213,3550
2026-09-27,AG-E-052,ภาคตะวันออก,142,2417
2026-09-27,AG-E-052,ภาคเหนือ,128,2693
2026-09-27,AG-E-052,ภาคใต้,171,3376
2026-09-28,TK-A-001,กรุงเทพฯ,310,6729
2026-09-28,TK-A-001,ภาคกลาง,274,4833
2026-09-28,TK-A-001,ภาคตะวันออก,219,3400
2026-09-28,TK-A-001,ภาคเหนือ,172,3383
2026-09-28,TK-A-001,ภาคใต้,229,4457
2026-09-28,GL-B-014,กรุงเทพฯ,1930,33293
2026-09-28,GL-B-014,ภาคกลาง,1328,23586
2026-09-28,GL-B-014,ภาคตะวันออก,1135,18527
2026-09-28,GL-B-014,ภาคเหนือ,898,19442
2026-09-28,GL-B-014,ภาคใต้,1125,20476
2026-09-28,MK-C-028,กรุงเทพฯ,1263,22434
2026-09-28,MK-C-028,ภาคกลาง,1056,19033
2026-09-28,MK-C-028,ภาคตะวันออก,783,14484
2026-09-28,MK-C-028,ภาคเหนือ,643,13581
2026-09-28,MK-C-028,ภาคใต้,855,16205
2026-09-28,SY-D-039,กรุงเทพฯ,787,13627
2026-09-28,SY-D-039,ภาคกลาง,745,11772
2026-09-28,SY-D-039,ภาคตะวันออก,513,10215
2026-09-28,SY-D-039,ภาคเหนือ,476,8109
2026-09-28,SY-D-039,ภาคใต้,527,11364
2026-09-28,AG-E-052,กรุงเทพฯ,263,4729
2026-09-28,AG-E-052,ภาคกลาง,210,3360
2026-09-28,AG-E-052,ภาคตะวันออก,148,2594
2026-09-28,AG-E-052,ภาคเหนือ,142,2455
2026-09-28,AG-E-052,ภาคใต้,178,2751
2026-09-29,TK-A-001,กรุงเทพฯ,364,5757
2026-09-29,TK-A-001,ภาคกลาง,253,4773
2026-09-29,TK-A-001,ภาคตะวันออก,188,3691
2026-09-29,TK-A-001,ภาคเหนือ,196,3174
2026-09-29,TK-A-001,ภาคใต้,209,3629
2026-09-29,GL-B-014,กรุงเทพฯ,1679,27833
2026-09-29,GL-B-014,ภาคกลาง,1459,26019
2026-09-29,GL-B-014,ภาคตะวันออก,1078,17413
2026-09-29,GL-B-014,ภาคเหนือ,899,17440
2026-09-29,GL-B-014,ภาคใต้,1276,23741
2026-09-29,MK-C-028,กรุงเทพฯ,1233,21893
2026-09-29,MK-C-028,ภาคกลาง,927,20672
2026-09-29,MK-C-028,ภาคตะวันออก,716,12285
2026-09-29,MK-C-028,ภาคเหนือ,651,12825
2026-09-29,MK-C-028,ภาคใต้,813,14349
2026-09-29,SY-D-039,กรุงเทพฯ,809,16773
2026-09-29,SY-D-039,ภาคกลาง,724,12364
2026-09-29,SY-D-039,ภาคตะวันออก,491,8261
2026-09-29,SY-D-039,ภาคเหนือ,467,7402
2026-09-29,SY-D-039,ภาคใต้,554,11064
2026-09-29,AG-E-052,กรุงเทพฯ,261,4233
2026-09-29,AG-E-052,ภาคกลาง,217,4183
2026-09-29,AG-E-052,ภาคตะวันออก,152,2898
2026-09-29,AG-E-052,ภาคเหนือ,146,2400
2026-09-29,AG-E-052,ภาคใต้,183,3434
2026-09-30,TK-A-001,กรุงเทพฯ,336,6411
2026-09-30,TK-A-001,ภาคกลาง,264,4440
2026-09-30,TK-A-001,ภาคตะวันออก,218,3439
2026-09-30,TK-A-001,ภาคเหนือ,200,2969
2026-09-30,TK-A-001,ภาคใต้,240,3728
2026-09-30,GL-B-014,กรุงเทพฯ,1780,29459
2026-09-30,GL-B-014,ภาคกลาง,1359,26185
2026-09-30,GL-B-014,ภาคตะวันออก,961,21831
2026-09-30,GL-B-014,ภาคเหนือ,948,19394
2026-09-30,GL-B-014,ภาคใต้,1253,18583
2026-09-30,MK-C-028,กรุงเทพฯ,1392,20730
2026-09-30,MK-C-028,ภาคกลาง,963,20366
2026-09-30,MK-C-028,ภาคตะวันออก,804,14357
2026-09-30,MK-C-028,ภาคเหนือ,706,11926
2026-09-30,MK-C-028,ภาคใต้,800,16461
2026-09-30,SY-D-039,กรุงเทพฯ,849,16769
2026-09-30,SY-D-039,ภาคกลาง,749,13109
2026-09-30,SY-D-039,ภาคตะวันออก,477,9603
2026-09-30,SY-D-039,ภาคเหนือ,419,8045
2026-09-30,SY-D-039,ภาคใต้,524,10117
2026-09-30,AG-E-052,กรุงเทพฯ,274,4333
2026-09-30,AG-E-052,ภาคกลาง,201,3697
2026-09-30,AG-E-052,ภาคตะวันออก,164,3091
2026-09-30,AG-E-052,ภาคเหนือ,138,2391
2026-09-30,AG-E-052,ภาคใต้,162,2753
