sale_date,product_code,region,sales_quantity,inventory
2024-10-01,TK-A-001,กรุงเทพฯ,190,3103
2024-10-01,TK-A-001,ภาคกลาง,169,2867
2024-10-01,TK-A-001,ภาคตะวันออก,111,2225
2024-10-01,TK-A-001,ภาคเหนือ,96,1524
2024-10-01,TK-A-001,ภาคใต้,130,2335
2024-10-01,GL-B-014,กรุงเทพฯ,995,16117
2024-10-01,GL-B-014,ภาคกลาง,810,13468
2024-10-01,GL-B-014,ภาคตะวันออก,599,10364
2024-10-01,GL-B-014,ภาคเหนือ,556,7992
2024-10-01,GL-B-014,ภาคใต้,661,9861
2024-10-01,MK-C-028,กรุงเทพฯ,689,10767
2024-10-01,MK-C-028,ภาคกลาง,628,10708
2024-10-01,MK-C-028,ภาคตะวันออก,436,6604
2024-10-01,MK-C-028,ภาคเหนือ,357,5895
2024-10-01,MK-C-028,ภาคใต้,446,6986
2024-10-01,SY-D-039,กรุงเทพฯ,487,8419
2024-10-01,SY-D-039,ภาคกลาง,356,6640
2024-10-01,SY-D-039,ภาคตะวันออก,306,4524
2024-10-01,SY-D-039,ภาคเหนือ,282,4741
2024-10-01,SY-D-039,ภาคใต้,332,5175
2024-10-01,AG-E-052,กรุงเทพฯ,157,2604
2024-10-01,AG-E-052,ภาคกลาง,119,1844
2024-10-01,AG-E-052,ภาคตะวันออก,96,1461
2024-10-01,AG-E-052,ภาคเหนือ,73,1341
2024-10-01,AG-E-052,ภาคใต้,90,1856
2024-10-02,TK-A-001,กรุงเทพฯ,203,3431
2024-10-02,TK-A-001,ภาคกลาง,145,2499
2024-10-02,TK-A-001,ภาคตะวันออก,128,2185
2024-10-02,TK-A-001,ภาคเหนือ,97,1669
2024-10-02,TK-A-001,ภาคใต้,135,1839
2024-10-02,GL-B-014,กรุงเทพฯ,926,15913
2024-10-02,GL-B-014,ภาคกลาง,842,13337
2024-10-02,GL-B-014,ภาคตะวันออก,657,8819
2024-10-02,GL-B-014,ภาคเหนือ,488,8299
2024-10-02,GL-B-014,ภาคใต้,722,11959
2024-10-02,MK-C-028,กรุงเทพฯ,778,10791
2024-10-02,MK-C-028,ภาคกลาง,592,9061
2024-10-02,MK-C-028,ภาคตะวันออก,417,8375
2024-10-02,MK-C-028,ภาคเหนือ,411,7254
2024-10-02,MK-C-028,ภาคใต้,454,7117
2024-10-02,SY-D-039,กรุงเทพฯ,475,8339
2024-10-02,SY-D-039,ภาคกลาง,372,6306
2024-10-02,SY-D-039,ภาคตะวันออก,304,4243
2024-10-02,SY-D-039,ภาคเหนือ,256,3788
2024-10-02,SY-D-039,ภาคใต้,327,5053
2024-10-02,AG-E-052,กรุงเทพฯ,161,2554
2024-10-02,AG-E-052,ภาคกลาง,117,1695
2024-10-02,AG-E-052,ภาคตะวันออก,89,1361
2024-10-02,AG-E-052,ภาคเหนือ,76,1381
2024-10-02,AG-E-052,ภาคใต้,94,1472
2024-10-03,TK-A-001,กรุงเทพฯ,211,3107
2024-10-03,TK-A-001,ภาคกลาง,165,2516
2024-10-03,TK-A-001,ภาคตะวันออก,123,2010
2024-10-03,TK-A-001,ภาคเหนือ,99,1493
2024-10-03,TK-A-001,ภาคใต้,137,2360
2024-10-03,GL-B-014,กรุงเทพฯ,1014,18857
2024-10-03,GL-B-014,ภาคกลาง,742,14428
2024-10-03,GL-B-014,ภาคตะวันออก,634,9643
2024-10-03,GL-B-014,ภาคเหนือ,523,10050
2024-10-03,GL-B-014,ภาคใต้,617,10313
2024-10-03,MK-C-028,กรุงเทพฯ,675,11471
2024-10-03,MK-C-028,ภาคกลาง,551,10805
2024-10-03,MK-C-028,ภาคตะวันออก,408,7699
2024-10-03,MK-C-028,ภาคเหนือ,377,5542
2024-10-03,MK-C-028,ภาคใต้,502,8518
2024-10-03,SY-D-039,กรุงเทพฯ,444,7924
2024-10-03,SY-D-039,ภาคกลาง,356,7411
2024-10-03,SY-D-039,ภาคตะวันออก,313,4783
2024-10-03,SY-D-039,ภาคเหนือ,241,4812
2024-10-03,SY-D-039,ภาคใต้,292,5673
2024-10-03,AG-E-052,กรุงเทพฯ,151,2422
2024-10-03,AG-E-052,ภาคกลาง,113,2081
2024-10-03,AG-E-052,ภาคตะวันออก,94,1513
2024-10-03,AG-E-052,ภาคเหนือ,85,1370
2024-10-03,AG-E-052,ภาคใต้,90,1502
2024-10-04,TK-A-001,กรุงเทพฯ,185,3270
2024-10-04,TK-A-001,ภาคกลาง,141,2820
2024-10-04,TK-A-001,ภาคตะวันออก,110,2122
2024-10-04,TK-A-001,ภาคเหนือ,111,1858
2024-10-04,TK-A-001,ภาคใต้,121,2144
2024-10-04,GL-B-014,กรุงเทพฯ,908,17049
2024-10-04,GL-B-014,ภาคกลาง,852,12784
2024-10-04,GL-B-014,ภาคตะวันออก,598,10065
2024-10-04,GL-B-014,ภาคเหนือ,551,9706
2024-10-04,GL-B-014,ภาคใต้,686,9794
2024-10-04,MK-C-028,กรุงเทพฯ,695,12372
2024-10-04,MK-C-028,ภาคกลาง,603,9236
2024-10-04,MK-C-028,ภาคตะวันออก,418,8253
2024-10-04,MK-C-028,ภาคเหนือ,350,6976
2024-10-04,MK-C-028,ภาคใต้,512,8168
2024-10-04,SY-D-039,กรุงเทพฯ,523,7089
2024-10-04,SY-D-039,ภาคกลาง,391,6189
2024-10-04,SY-D-039,ภาคตะวันออก,311,5493
2024-10-04,SY-D-039,ภาคเหนือ,258,3905
2024-10-04,SY-D-039,ภาคใต้,294,6177
2024-10-04,AG-E-052,กรุงเทพฯ,132,2205
2024-10-04,AG-E-052,ภาคกลาง,121,1877
2024-10-04,AG-E-052,ภาคตะวันออก,83,1396
2024-10-04,AG-E-052,ภาคเหนือ,78,1299
2024-10-04,AG-E-052,ภาคใต้,91,1486
2024-10-05,TK-A-001,กรุงเทพฯ,204,2907
2024-10-05,TK-A-001,ภาคกลาง,158,2935
2024-10-05,TK-A-001,ภาคตะวันออก,124,2164
2024-10-05,TK-A-001,ภาคเหนือ,94,1838
2024-10-05,TK-A-001,ภาคใต้,117,1893
2024-10-05,GL-B-014,กรุงเทพฯ,922,14399
2024-10-05,GL-B-014,ภาคกลาง,716,11505
2024-10-05,GL-B-014,ภาคตะวันออก,630,9690
2024-10-05,GL-B-014,ภาคเหนือ,528,9842
2024-10-05,GL-B-014,ภาคใต้,600,10219
2024-10-05,MK-C-028,กรุงเทพฯ,760,11154
2024-10-05,MK-C-028,ภาคกลาง,605,9635
2024-10-05,MK-C-028,ภาคตะวันออก,459,7351
2024-10-05,MK-C-028,ภาคเหนือ,355,7205
2024-10-05,MK-C-028,ภาคใต้,519,7339
2024-10-05,SY-D-039,กรุงเทพฯ,507,8850
2024-10-05,SY-D-039,ภาคกลาง,391,7205
2024-10-05,SY-D-039,ภาคตะวันออก,264,4922
2024-10-05,SY-D-039,ภาคเหนือ,278,4703
2024-10-05,SY-D-039,ภาคใต้,301,6187
2024-10-05,AG-E-052,กรุงเทพฯ,139,2762
2024-10-05,AG-E-052,ภาคกลาง,105,1876
2024-10-05,AG-E-052,ภาคตะวันออก,93,1401
2024-10-05,AG-E-052,ภาคเหนือ,73,1323
2024-10-05,AG-E-052,ภาคใต้,93,1623
2024-10-06,TK-A-001,กรุงเทพฯ,188,3398
2024-10-06,TK-A-001,ภาคกลาง,163,2582
2024-10-06,TK-A-001,ภาคตะวันออก,123,1876
2024-10-06,TK-A-001,ภาคเหนือ,101,1868
2024-10-06,TK-A-001,ภาคใต้,119,2046
2024-10-06,GL-B-014,กรุงเทพฯ,947,16156
2024-10-06,GL-B-014,ภาคกลาง,719,14865
2024-10-06,GL-B-014,ภาคตะวันออก,576,11335
2024-10-06,GL-B-014,ภาคเหนือ,503,9230
2024-10-06,GL-B-014,ภาคใต้,623,12506
2024-10-06,MK-C-028,กรุงเทพฯ,766,12025
2024-10-06,MK-C-028,ภาคกลาง,536,8508
2024-10-06,MK-C-028,ภาคตะวันออก,436,7873
2024-10-06,MK-C-028,ภาคเหนือ,355,5535
2024-10-06,MK-C-028,ภาคใต้,469,7164
2024-10-06,SY-D-039,กรุงเทพฯ,463,8866
2024-10-06,SY-D-039,ภาคกลาง,408,7002
2024-10-06,SY-D-039,ภาคตะวันออก,303,5440
2024-10-06,SY-D-039,ภาคเหนือ,277,4666
2024-10-06,SY-D-039,ภาคใต้,329,5047
2024-10-06,AG-E-052,กรุงเทพฯ,138,2181
2024-10-06,AG-E-052,ภาคกลาง,121,1992
2024-10-06,AG-E-052,ภาคตะวันออก,77,1672
2024-10-06,AG-E-052,ภาคเหนือ,69,1452
2024-10-06,AG-E-052,ภาคใต้,95,1822
2024-10-07,TK-A-001,กรุงเทพฯ,207,2904
2024-10-07,TK-A-001,ภาคกลาง,143,2686
2024-10-07,TK-A-001,ภาคตะวันออก,122,1995
2024-10-07,TK-A-001,ภาคเหนือ,110,1670
2024-10-07,TK-A-001,ภาคใต้,131,2171
2024-10-07,GL-B-014,กรุงเทพฯ,932,16714
2024-10-07,GL-B-014,ภาคกลาง,832,13556
2024-10-07,GL-B-014,ภาคตะวันออก,536,9462
2024-10-07,GL-B-014,ภาคเหนือ,555,9555
2024-10-07,GL-B-014,ภาคใต้,610,10226
2024-10-07,MK-C-028,กรุงเทพฯ,710,12593
2024-10-07,MK-C-028,ภาคกลาง,573,10715
2024-10-07,MK-C-028,ภาคตะวันออก,426,8185
2024-10-07,MK-C-028,ภาคเหนือ,408,5567
2024-10-07,MK-C-028,ภาคใต้,505,7527
2024-10-07,SY-D-039,กรุงเทพฯ,465,8658
2024-10-07,SY-D-039,ภาคกลาง,407,6768
2024-10-07,SY-D-039,ภาคตะวันออก,267,5129
2024-10-07,SY-D-039,ภาคเหนือ,261,4928
2024-10-07,SY-D-039,ภาคใต้,307,5350
2024-10-07,AG-E-052,กรุงเทพฯ,144,2121
2024-10-07,AG-E-052,ภาคกลาง,124,1913
2024-10-07,AG-E-052,ภาคตะวันออก,86,1392
2024-10-07,AG-E-052,ภาคเหนือ,74,1321
2024-10-07,AG-E-052,ภาคใต้,102,1578
2024-10-08,TK-A-001,กรุงเทพฯ,196,2865
2024-10-08,TK-A-001,ภาคกลาง,162,2778
2024-10-08,TK-A-001,ภาคตะวันออก,121,2147
2024-10-08,TK-A-001,ภาคเหนือ,108,1534
2024-10-08,TK-A-001,ภาคใต้,122,1909
2024-10-08,GL-B-014,กรุงเทพฯ,988,16114
2024-10-08,GL-B-014,ภาคกลาง,775,14804
2024-10-08,GL-B-014,ภาคตะวันออก,587,10411
2024-10-08,GL-B-014,ภาคเหนือ,528,9352
2024-10-08,GL-B-014,ภาคใต้,680,9909
2024-10-08,MK-C-028,กรุงเทพฯ,660,11223
2024-10-08,MK-C-028,ภาคกลาง,509,9786
2024-10-08,MK-C-028,ภาคตะวันออก,388,8329
2024-10-08,MK-C-028,ภาคเหนือ,393,7053
2024-10-08,MK-C-028,ภาคใต้,499,7727
2024-10-08,SY-D-039,กรุงเทพฯ,474,8088
2024-10-08,SY-D-039,ภาคกลาง,374,6633
2024-10-08,SY-D-039,ภาคตะวันออก,297,5554
2024-10-08,SY-D-039,ภาคเหนือ,245,4548
2024-10-08,SY-D-039,ภาคใต้,320,5628
2024-10-08,AG-E-052,กรุงเทพฯ,139,2520
2024-10-08,AG-E-052,ภาคกลาง,113,1936
2024-10-08,AG-E-052,ภาคตะวันออก,87,1498
2024-10-08,AG-E-052,ภาคเหนือ,70,1278
2024-10-08,AG-E-052,ภาคใต้,85,1526
2024-10-09,TK-A-001,กรุงเทพฯ,177,3089
2024-10-09,TK-A-001,ภาคกลาง,159,2958
2024-10-09,TK-A-001,ภาคตะวันออก,112,1848
2024-10-09,TK-A-001,ภาคเหนือ,99,1650
2024-10-09,TK-A-001,ภาคใต้,115,2047
2024-10-09,GL-B-014,กรุงเทพฯ,1009,19096
2024-10-09,GL-B-014,ภาคกลาง,723,14097
2024-10-09,GL-B-014,ภาคตะวันออก,549,10085
2024-10-09,GL-B-014,ภาคเหนือ,462,7760
2024-10-09,GL-B-014,ภาคใต้,623,12276
2024-10-09,MK-C-028,กรุงเทพฯ,689,12143
2024-10-09,MK-C-028,ภาคกลาง,539,8883
2024-10-09,MK-C-028,ภาคตะวันออก,398,7813
2024-10-09,MK-C-028,ภาคเหนือ,370,7013
2024-10-09,MK-C-028,ภาคใต้,483,8491
2024-10-09,SY-D-039,กรุงเทพฯ,502,7281
2024-10-09,SY-D-039,ภาคกลาง,354,6094
2024-10-09,SY-D-039,ภาคตะวันออก,294,5458
2024-10-09,SY-D-039,ภาคเหนือ,261,4485
2024-10-09,SY-D-039,ภาคใต้,301,4758
2024-10-09,AG-E-052,กรุงเทพฯ,149,2267
2024-10-09,AG-E-052,ภาคกลาง,107,1808
2024-10-09,AG-E-052,ภาคตะวันออก,89,1587
2024-10-09,AG-E-052,ภาคเหนือ,76,1328
2024-10-09,AG-E-052,ภาคใต้,91,1438
2024-10-10,TK-A-001,กรุงเทพฯ,167,3576
2024-10-10,TK-A-001,ภาคกลาง,144,2502
2024-10-10,TK-A-001,ภาคตะวันออก,114,2120
2024-10-10,TK-A-001,ภาคเหนือ,107,1555
2024-10-10,TK-A-001,ภาคใต้,135,2318
2024-10-10,GL-B-014,กรุงเทพฯ,997,18771
2024-10-10,GL-B-014,ภาคกลาง,757,13481
2024-10-10,GL-B-014,ภาคตะวันออก,610,8730
2024-10-10,GL-B-014,ภาคเหนือ,515,8523
2024-10-10,GL-B-014,ภาคใต้,644,10016
2024-10-10,MK-C-028,กรุงเทพฯ,656,10475
2024-10-10,MK-C-028,ภาคกลาง,552,10822
2024-10-10,MK-C-028,ภาคตะวันออก,379,7489
2024-10-10,MK-C-028,ภาคเหนือ,347,7123
2024-10-10,MK-C-028,ภาคใต้,416,7411
2024-10-10,SY-D-039,กรุงเทพฯ,484,8518
2024-10-10,SY-D-039,ภาคกลาง,385,6003
2024-10-10,SY-D-039,ภาคตะวันออก,286,5047
2024-10-10,SY-D-039,ภาคเหนือ,241,4413
2024-10-10,SY-D-039,ภาคใต้,286,5707
2024-10-10,AG-E-052,กรุงเทพฯ,150,2325
2024-10-10,AG-E-052,ภาคกลาง,114,2226
2024-10-10,AG-E-052,ภาคตะวันออก,88,1435
2024-10-10,AG-E-052,ภาคเหนือ,81,1137
2024-10-10,AG-E-052,ภาคใต้,99,1662
2024-10-11,TK-A-001,กรุงเทพฯ,166,3070
2024-10-11,TK-A-001,ภาคกลาง,161,2379
2024-10-11,TK-A-001,ภาคตะวันออก,101,1796
2024-10-11,TK-A-001,ภาคเหนือ,94,1886
2024-10-11,TK-A-001,ภาคใต้,128,2423
2024-10-11,GL-B-014,กรุงเทพฯ,976,17290
2024-10-11,GL-B-014,ภาคกลาง,797,13826
2024-10-11,GL-B-014,ภาคตะวันออก,612,10395
2024-10-11,GL-B-014,ภาคเหนือ,529,8114
2024-10-11,GL-B-014,ภาคใต้,666,12745
2024-10-11,MK-C-028,กรุงเทพฯ,743,10779
2024-10-11,MK-C-028,ภาคกลาง,554,11137
2024-10-11,MK-C-028,ภาคตะวันออก,405,8030
2024-10-11,MK-C-028,ภาคเหนือ,393,7000
2024-10-11,MK-C-028,ภาคใต้,469,7440
2024-10-11,SY-D-039,กรุงเทพฯ,448,9157
2024-10-11,SY-D-039,ภาคกลาง,362,5829
2024-10-11,SY-D-039,ภาคตะวันออก,289,5576
2024-10-11,SY-D-039,ภาคเหนือ,230,4179
2024-10-11,SY-D-039,ภาคใต้,326,5062
2024-10-11,AG-E-052,กรุงเทพฯ,139,2269
2024-10-11,AG-E-052,ภาคกลาง,113,2074
2024-10-11,AG-E-052,ภาคตะวันออก,76,1339
2024-10-11,AG-E-052,ภาคเหนือ,67,1298
2024-10-11,AG-E-052,ภาคใต้,86,1716
2024-10-12,TK-A-001,กรุงเทพฯ,179,3455
2024-10-12,TK-A-001,ภาคกลาง,151,2338
2024-10-12,TK-A-001,ภาคตะวันออก,113,1956
2024-10-12,TK-A-001,ภาคเหนือ,104,1754
2024-10-12,TK-A-001,ภาคใต้,118,1885
2024-10-12,GL-B-014,กรุงเทพฯ,979,17840
2024-10-12,GL-B-014,ภาคกลาง,818,14302
2024-10-12,GL-B-014,ภาคตะวันออก,538,9617
2024-10-12,GL-B-014,ภาคเหนือ,462,10093
2024-10-12,GL-B-014,ภาคใต้,660,10196
2024-10-12,MK-C-028,กรุงเทพฯ,618,13772
2024-10-12,MK-C-028,ภาคกลาง,551,9296
2024-10-12,MK-C-028,ภาคตะวันออก,442,6819
2024-10-12,MK-C-028,ภาคเหนือ,363,5927
2024-10-12,MK-C-028,ภาคใต้,482,8113
2024-10-12,SY-D-039,กรุงเทพฯ,492,7810
2024-10-12,SY-D-039,ภาคกลาง,347,7055
2024-10-12,SY-D-039,ภาคตะวันออก,270,4761
2024-10-12,SY-D-039,ภาคเหนือ,255,4146
2024-10-12,SY-D-039,ภาคใต้,295,5144
2024-10-12,AG-E-052,กรุงเทพฯ,147,2599
2024-10-12,AG-E-052,ภาคกลาง,100,1764
2024-10-12,AG-E-052,ภาคตะวันออก,80,1373
2024-10-12,AG-E-052,ภาคเหนือ,68,1189
2024-10-12,AG-E-052,ภาคใต้,97,1824
2024-10-13,TK-A-001,กรุงเทพฯ,169,3239
2024-10-13,TK-A-001,ภาคกลาง,154,2343
2024-10-13,TK-A-001,ภาคตะวันออก,102,2044
2024-10-13,TK-A-001,ภาคเหนือ,89,1876
2024-10-13,TK-A-001,ภาคใต้,118,2255
2024-10-13,GL-B-014,กรุงเทพฯ,988,15351
2024-10-13,GL-B-014,ภาคกลาง,803,11931
2024-10-13,GL-B-014,ภาคตะวันออก,565,9874
2024-10-13,GL-B-014,ภาคเหนือ,505,8623
2024-10-13,GL-B-014,ภาคใต้,656,10961
2024-10-13,MK-C-028,กรุงเทพฯ,625,12423
2024-10-13,MK-C-028,ภาคกลาง,578,10773
2024-10-13,MK-C-028,ภาคตะวันออก,411,7654
2024-10-13,MK-C-028,ภาคเหนือ,376,5579
2024-10-13,MK-C-028,ภาคใต้,417,8637
2024-10-13,SY-D-039,กรุงเทพฯ,421,7073
2024-10-13,SY-D-039,ภาคกลาง,347,7322
2024-10-13,SY-D-039,ภาคตะวันออก,288,5476
2024-10-13,SY-D-039,ภาคเหนือ,258,4858
2024-10-13,SY-D-039,ภาคใต้,327,5375
2024-10-13,AG-E-052,กรุงเทพฯ,135,2785
2024-10-13,AG-E-052,ภาคกลาง,114,1815
2024-10-13,AG-E-052,ภาคตะวันออก,79,1456
2024-10-13,AG-E-052,ภาคเหนือ,77,1170
2024-10-13,AG-E-052,ภาคใต้,97,1577
2024-10-14,TK-A-001,กรุงเทพฯ,172,2930
2024-10-14,TK-A-001,ภาคกลาง,156,2788
2024-10-14,TK-A-001,ภาคตะวันออก,106,1859
2024-10-14,TK-A-001,ภาคเหนือ,103,1757
2024-10-14,TK-A-001,ภาคใต้,129,2026
2024-10-14,GL-B-014,กรุงเทพฯ,856,16495
2024-10-14,GL-B-014,ภาคกลาง,746,14594
2024-10-14,GL-B-014,ภาคตะวันออก,553,8794
2024-10-14,GL-B-014,ภาคเหนือ,449,9241
2024-10-14,GL-B-014,ภาคใต้,602,12521
2024-10-14,MK-C-028,กรุงเทพฯ,693,11801
2024-10-14,MK-C-028,ภาคกลาง,499,8534
2024-10-14,MK-C-028,ภาคตะวันออก,410,6862
2024-10-14,MK-C-028,ภาคเหนือ,380,6725
2024-10-14,MK-C-028,ภาคใต้,412,8759
2024-10-14,SY-D-039,กรุงเทพฯ,466,8767
2024-10-14,SY-D-039,ภาคกลาง,360,6554
2024-10-14,SY-D-039,ภาคตะวันออก,265,4886
2024-10-14,SY-D-039,ภาคเหนือ,248,4796
2024-10-14,SY-D-039,ภาคใต้,319,5659
2024-10-14,AG-E-052,กรุงเทพฯ,124,2408
2024-10-14,AG-E-052,ภาคกลาง,107,2035
2024-10-14,AG-E-052,ภาคตะวันออก,85,1566
2024-10-14,AG-E-052,ภาคเหนือ,71,1264
2024-10-14,AG-E-052,ภาคใต้,85,1485
2024-10-15,TK-A-001,กรุงเทพฯ,176,3348
2024-10-15,TK-A-001,ภาคกลาง,144,2463
2024-10-15,TK-A-001,ภาคตะวันออก,114,1777
2024-10-15,TK-A-001,ภาคเหนือ,87,1962
2024-10-15,TK-A-001,ภาคใต้,126,2058
2024-10-15,GL-B-014,กรุงเทพฯ,922,15593
2024-10-15,GL-B-014,ภาคกลาง,772,13927
2024-10-15,GL-B-014,ภาคตะวันออก,511,11488
2024-10-15,GL-B-014,ภาคเหนือ,518,9346
2024-10-15,GL-B-014,ภาคใต้,620,12238
2024-10-15,MK-C-028,กรุงเทพฯ,606,10957
2024-10-15,MK-C-028,ภาคกลาง,537,11104
2024-10-15,MK-C-028,ภาคตะวันออก,418,6670
2024-10-15,MK-C-028,ภาคเหนือ,328,7152
2024-10-15,MK-C-028,ภาคใต้,442,7573
2024-10-15,SY-D-039,กรุงเทพฯ,462,7404
2024-10-15,SY-D-039,ภาคกลาง,352,5766
2024-10-15,SY-D-039,ภาคตะวันออก,275,5341
2024-10-15,SY-D-039,ภาคเหนือ,215,4946
2024-10-15,SY-D-039,ภาคใต้,285,6029
2024-10-15,AG-E-052,กรุงเทพฯ,128,2136
2024-10-15,AG-E-052,ภาคกลาง,110,2227
2024-10-15,AG-E-052,ภาคตะวันออก,76,1255
2024-10-15,AG-E-052,ภาคเหนือ,71,1291
2024-10-15,AG-E-052,ภาคใต้,80,1422
2024-10-16,TK-A-001,กรุงเทพฯ,184,3149
2024-10-16,TK-A-001,ภาคกลาง,131,2729
2024-10-16,TK-A-001,ภาคตะวันออก,104,1787
2024-10-16,TK-A-001,ภาคเหนือ,95,1809
2024-10-16,TK-A-001,ภาคใต้,128,2023
2024-10-16,GL-B-014,กรุงเทพฯ,858,18873
2024-10-16,GL-B-014,ภาคกลาง,691,13715
2024-10-16,GL-B-014,ภาคตะวันออก,538,10699
2024-10-16,GL-B-014,ภาคเหนือ,520,8154
2024-10-16,GL-B-014,ภาคใต้,552,10936
2024-10-16,MK-C-028,กรุงเทพฯ,630,13221
2024-10-16,MK-C-028,ภาคกลาง,502,11124
2024-10-16,MK-C-028,ภาคตะวันออก,395,7266
2024-10-16,MK-C-028,ภาคเหนือ,376,7294
2024-10-16,MK-C-028,ภาคใต้,433,8242
2024-10-16,SY-D-039,กรุงเทพฯ,464,9049
2024-10-16,SY-D-039,ภาคกลาง,368,6625
2024-10-16,SY-D-039,ภาคตะวันออก,275,4344
2024-10-16,SY-D-039,ภาคเหนือ,215,4552
2024-10-16,SY-D-039,ภาคใต้,312,4813
2024-10-16,AG-E-052,กรุงเทพฯ,122,2452
2024-10-16,AG-E-052,ภาคกลาง,112,1930
2024-10-16,AG-E-052,ภาคตะวันออก,76,1602
2024-10-16,AG-E-052,ภาคเหนือ,65,1393
2024-10-16,AG-E-052,ภาคใต้,94,1651
2024-10-17,TK-A-001,กรุงเทพฯ,163,3708
2024-10-17,TK-A-001,ภาคกลาง,129,2488
2024-10-17,TK-A-001,ภาคตะวันออก,114,2078
2024-10-17,TK-A-001,ภาคเหนือ,87,1791
2024-10-17,TK-A-001,ภาคใต้,120,1910
2024-10-17,GL-B-014,กรุงเทพฯ,889,15278
2024-10-17,GL-B-014,ภาคกลาง,707,12421
2024-10-17,GL-B-014,ภาคตะวันออก,587,8670
2024-10-17,GL-B-014,ภาคเหนือ,460,10118
2024-10-17,GL-B-014,ภาคใต้,662,12077
2024-10-17,MK-C-028,กรุงเทพฯ,675,12023
2024-10-17,MK-C-028,ภาคกลาง,550,9126
2024-10-17,MK-C-028,ภาคตะวันออก,415,8303
2024-10-17,MK-C-028,ภาคเหนือ,376,7417
2024-10-17,MK-C-028,ภาคใต้,397,8728
2024-10-17,SY-D-039,กรุงเทพฯ,406,8684
2024-10-17,SY-D-039,ภาคกลาง,360,6359
2024-10-17,SY-D-039,ภาคตะวันออก,239,4597
2024-10-17,SY-D-039,ภาคเหนือ,250,4600
2024-10-17,SY-D-039,ภาคใต้,274,5378
2024-10-17,AG-E-052,กรุงเทพฯ,123,2313
2024-10-17,AG-E-052,ภาคกลาง,106,2216
2024-10-17,AG-E-052,ภาคตะวันออก,86,1476
2024-10-17,AG-E-052,ภาคเหนือ,70,1218
2024-10-17,AG-E-052,ภาคใต้,84,1779
2024-10-18,TK-A-001,กรุงเทพฯ,178,3712
2024-10-18,TK-A-001,ภาคกลาง,135,2268
2024-10-18,TK-A-001,ภาคตะวันออก,100,1987
2024-10-18,TK-A-001,ภาคเหนือ,88,1624
2024-10-18,TK-A-001,ภาคใต้,117,2209
2024-10-18,GL-B-014,กรุงเทพฯ,867,16282
2024-10-18,GL-B-014,ภาคกลาง,663,12818
2024-10-18,GL-B-014,ภาคตะวันออก,562,8546
2024-10-18,GL-B-014,ภาคเหนือ,468,8610
2024-10-18,GL-B-014,ภาคใต้,612,12684
2024-10-18,MK-C-028,กรุงเทพฯ,659,11994
2024-10-18,MK-C-028,ภาคกลาง,522,8865
2024-10-18,MK-C-028,ภาคตะวันออก,385,8116
2024-10-18,MK-C-028,ภาคเหนือ,333,5954
2024-10-18,MK-C-028,ภาคใต้,435,8325
2024-10-18,SY-D-039,กรุงเทพฯ,418,9171
2024-10-18,SY-D-039,ภาคกลาง,354,7068
2024-10-18,SY-D-039,ภาคตะวันออก,260,4242
2024-10-18,SY-D-039,ภาคเหนือ,236,4470
2024-10-18,SY-D-039,ภาคใต้,298,5063
2024-10-18,AG-E-052,กรุงเทพฯ,130,2548
2024-10-18,AG-E-052,ภาคกลาง,112,1949
2024-10-18,AG-E-052,ภาคตะวันออก,85,1588
2024-10-18,AG-E-052,ภาคเหนือ,70,1205
2024-10-18,AG-E-052,ภาคใต้,87,1521
2024-10-19,TK-A-001,กรุงเทพฯ,159,2854
2024-10-19,TK-A-001,ภาคกลาง,136,2335
2024-10-19,TK-A-001,ภาคตะวันออก,95,1779
2024-10-19,TK-A-001,ภาคเหนือ,87,1729
2024-10-19,TK-A-001,ภาคใต้,122,2450
2024-10-19,GL-B-014,กรุงเทพฯ,944,18934
2024-10-19,GL-B-014,ภาคกลาง,729,14678
2024-10-19,GL-B-014,ภาคตะวันออก,539,10721
2024-10-19,GL-B-014,ภาคเหนือ,494,8045
2024-10-19,GL-B-014,ภาคใต้,623,12645
2024-10-19,MK-C-028,กรุงเทพฯ,704,12645
2024-10-19,MK-C-028,ภาคกลาง,514,10628
2024-10-19,MK-C-028,ภาคตะวันออก,370,6212
2024-10-19,MK-C-028,ภาคเหนือ,359,5917
2024-10-19,MK-C-028,ภาคใต้,410,7401
2024-10-19,SY-D-039,กรุงเทพฯ,457,8888
2024-10-19,SY-D-039,ภาคกลาง,337,6390
2024-10-19,SY-D-039,ภาคตะวันออก,249,4900
2024-10-19,SY-D-039,ภาคเหนือ,244,4658
2024-10-19,SY-D-039,ภาคใต้,303,6073
2024-10-19,AG-E-052,กรุงเทพฯ,135,2406
2024-10-19,AG-E-052,ภาคกลาง,94,1720
2024-10-19,AG-E-052,ภาคตะวันออก,79,1411
2024-10-19,AG-E-052,ภาคเหนือ,65,1207
2024-10-19,AG-E-052,ภาคใต้,94,1733
2024-10-20,TK-A-001,กรุงเทพฯ,161,3086
2024-10-20,TK-A-001,ภาคกลาง,138,2918
2024-10-20,TK-A-001,ภาคตะวันออก,108,1715
2024-10-20,TK-A-001,ภาคเหนือ,96,1983
2024-10-20,TK-A-001,ภาคใต้,107,2166
2024-10-20,GL-B-014,กรุงเทพฯ,956,15286
2024-10-20,GL-B-014,ภาคกลาง,755,14358
2024-10-20,GL-B-014,ภาคตะวันออก,553,11388
2024-10-20,GL-B-014,ภาคเหนือ,434,9458
2024-10-20,GL-B-014,ภาคใต้,541,9892
2024-10-20,MK-C-028,กรุงเทพฯ,628,12919
2024-10-20,MK-C-028,ภาคกลาง,553,10290
2024-10-20,MK-C-028,ภาคตะวันออก,404,7670
2024-10-20,MK-C-028,ภาคเหนือ,344,7406
2024-10-20,MK-C-028,ภาคใต้,417,9251
2024-10-20,SY-D-039,กรุงเทพฯ,414,8750
2024-10-20,SY-D-039,ภาคกลาง,357,7182
2024-10-20,SY-D-039,ภาคตะวันออก,246,5034
2024-10-20,SY-D-039,ภาคเหนือ,219,3864
2024-10-20,SY-D-039,ภาคใต้,277,5716
2024-10-20,AG-E-052,กรุงเทพฯ,117,2339
2024-10-20,AG-E-052,ภาคกลาง,103,1667
2024-10-20,AG-E-052,ภาคตะวันออก,73,1605
2024-10-20,AG-E-052,ภาคเหนือ,70,1162
2024-10-20,AG-E-052,ภาคใต้,94,1433
2024-10-21,TK-A-001,กรุงเทพฯ,177,3212
2024-10-21,TK-A-001,ภาคกลาง,123,2978
2024-10-21,TK-A-001,ภาคตะวันออก,110,2051
2024-10-21,TK-A-001,ภาคเหนือ,86,1949
2024-10-21,TK-A-001,ภาคใต้,117,2017
2024-10-21,GL-B-014,กรุงเทพฯ,960,16151
2024-10-21,GL-B-014,ภาคกลาง,659,15102
2024-10-21,GL-B-014,ภาคตะวันออก,519,11004
2024-10-21,GL-B-014,ภาคเหนือ,465,7869
2024-10-21,GL-B-014,ภาคใต้,587,9657
2024-10-21,MK-C-028,กรุงเทพฯ,666,12094
2024-10-21,MK-C-028,ภาคกลาง,541,8995
2024-10-21,MK-C-028,ภาคตะวันออก,352,7965
2024-10-21,MK-C-028,ภาคเหนือ,348,7293
2024-10-21,MK-C-028,ภาคใต้,438,7621
2024-10-21,SY-D-039,กรุงเทพฯ,422,8043
2024-10-21,SY-D-039,ภาคกลาง,305,7209
2024-10-21,SY-D-039,ภาคตะวันออก,240,4704
2024-10-21,SY-D-039,ภาคเหนือ,208,4476
2024-10-21,SY-D-039,ภาคใต้,295,6127
2024-10-21,AG-E-052,กรุงเทพฯ,121,2356
2024-10-21,AG-E-052,ภาคกลาง,111,1689
2024-10-21,AG-E-052,ภาคตะวันออก,70,1455
2024-10-21,AG-E-052,ภาคเหนือ,71,1411
2024-10-21,AG-E-052,ภาคใต้,91,1685
2024-10-22,TK-A-001,กรุงเทพฯ,169,3187
2024-10-22,TK-A-001,ภาคกลาง,129,2881
2024-10-22,TK-A-001,ภาคตะวันออก,107,1857
2024-10-22,TK-A-001,ภาคเหนือ,91,1524
2024-10-22,TK-A-001,ภาคใต้,119,2360
2024-10-22,GL-B-014,กรุงเทพฯ,926,15452
2024-10-22,GL-B-014,ภาคกลาง,686,14395
2024-10-22,GL-B-014,ภาคตะวันออก,536,9399
2024-10-22,GL-B-014,ภาคเหนือ,419,7699
2024-10-22,GL-B-014,ภาคใต้,568,12297
2024-10-22,MK-C-028,กรุงเทพฯ,586,12469
2024-10-22,MK-C-028,ภาคกลาง,495,10669
2024-10-22,MK-C-028,ภาคตะวันออก,371,7493
2024-10-22,MK-C-028,ภาคเหนือ,346,6287
2024-10-22,MK-C-028,ภาคใต้,419,8443
2024-10-22,SY-D-039,กรุงเทพฯ,433,7751
2024-10-22,SY-D-039,ภาคกลาง,362,6441
2024-10-22,SY-D-039,ภาคตะวันออก,233,4873
2024-10-22,SY-D-039,ภาคเหนือ,212,4514
2024-10-22,SY-D-039,ภาคใต้,297,5969
2024-10-22,AG-E-052,กรุงเทพฯ,130,2319
2024-10-22,AG-E-052,ภาคกลาง,94,1931
2024-10-22,AG-E-052,ภาคตะวันออก,68,1311
2024-10-22,AG-E-052,ภาคเหนือ,72,1315
2024-10-22,AG-E-052,ภาคใต้,78,1666
2024-10-23,TK-A-001,กรุงเทพฯ,168,3542
2024-10-23,TK-A-001,ภาคกลาง,129,2554
2024-10-23,TK-A-001,ภาคตะวันออก,95,1909
2024-10-23,TK-A-001,ภาคเหนือ,87,1764
2024-10-23,TK-A-001,ภาคใต้,120,1976
2024-10-23,GL-B-014,กรุงเทพฯ,890,16575
2024-10-23,GL-B-014,ภาคกลาง,692,12639
2024-10-23,GL-B-014,ภาคตะวันออก,554,10993
2024-10-23,GL-B-014,ภาคเหนือ,414,8090
2024-10-23,GL-B-014,ภาคใต้,630,12467
2024-10-23,MK-C-028,กรุงเทพฯ,640,11677
2024-10-23,MK-C-028,ภาคกลาง,548,9385
2024-10-23,MK-C-028,ภาคตะวันออก,408,6516
2024-10-23,MK-C-028,ภาคเหนือ,350,5927
2024-10-23,MK-C-028,ภาคใต้,395,7857
2024-10-23,SY-D-039,กรุงเทพฯ,438,7431
2024-10-23,SY-D-039,ภาคกลาง,360,5796
2024-10-23,SY-D-039,ภาคตะวันออก,274,5464
2024-10-23,SY-D-039,ภาคเหนือ,238,4334
2024-10-23,SY-D-039,ภาคใต้,261,5570
2024-10-23,AG-E-052,กรุงเทพฯ,136,2175
2024-10-23,AG-E-052,ภาคกลาง,105,2034
2024-10-23,AG-E-052,ภาคตะวันออก,76,1429
2024-10-23,AG-E-052,ภาคเหนือ,63,1346
2024-10-23,AG-E-052,ภาคใต้,83,1785
2024-10-24,TK-A-001,กรุงเทพฯ,180,3318
2024-10-24,TK-A-001,ภาคกลาง,141,2498
2024-10-24,TK-A-001,ภาคตะวันออก,106,2115
2024-10-24,TK-A-001,ภาคเหนือ,91,1483
2024-10-24,TK-A-001,ภาคใต้,109,2268
2024-10-24,GL-B-014,กรุงเทพฯ,925,16563
2024-10-24,GL-B-014,ภาคกลาง,720,13856
2024-10-24,GL-B-014,ภาคตะวันออก,521,10356
2024-10-24,GL-B-014,ภาคเหนือ,457,7906
2024-10-24,GL-B-014,ภาคใต้,537,11835
2024-10-24,MK-C-028,กรุงเทพฯ,563,11514
2024-10-24,MK-C-028,ภาคกลาง,455,8418
2024-10-24,MK-C-028,ภาคตะวันออก,368,8045
2024-10-24,MK-C-028,ภาคเหนือ,322,6557
2024-10-24,MK-C-028,ภาคใต้,399,8381
2024-10-24,SY-D-039,กรุงเทพฯ,428,8197
2024-10-24,SY-D-039,ภาคกลาง,345,7440
2024-10-24,SY-D-039,ภาคตะวันออก,232,5564
2024-10-24,SY-D-039,ภาคเหนือ,214,4262
2024-10-24,SY-D-039,ภาคใต้,249,5471
2024-10-24,AG-E-052,กรุงเทพฯ,119,2463
2024-10-24,AG-E-052,ภาคกลาง,98,1804
2024-10-24,AG-E-052,ภาคตะวันออก,75,1663
2024-10-24,AG-E-052,ภาคเหนือ,65,1129
2024-10-24,AG-E-052,ภาคใต้,79,1848
2024-10-25,TK-A-001,กรุงเทพฯ,158,2815
2024-10-25,TK-A-001,ภาคกลาง,126,2494
2024-10-25,TK-A-001,ภาคตะวันออก,107,1896
2024-10-25,TK-A-001,ภาคเหนือ,94,1962
2024-10-25,TK-A-001,ภาคใต้,119,2059
2024-10-25,GL-B-014,กรุงเทพฯ,785,19169
2024-10-25,GL-B-014,ภาคกลาง,686,13400
2024-10-25,GL-B-014,ภาคตะวันออก,539,9048
2024-10-25,GL-B-014,ภาคเหนือ,440,9411
2024-10-25,GL-B-014,ภาคใต้,574,10399
2024-10-25,MK-C-028,กรุงเทพฯ,663,13087
2024-10-25,MK-C-028,ภาคกลาง,516,8678
2024-10-25,MK-C-028,ภาคตะวันออก,389,6619
2024-10-25,MK-C-028,ภาคเหนือ,302,5511
2024-10-25,MK-C-028,ภาคใต้,440,8306
2024-10-25,SY-D-039,กรุงเทพฯ,397,7225
2024-10-25,SY-D-039,ภาคกลาง,301,5580
2024-10-25,SY-D-039,ภาคตะวันออก,242,4726
2024-10-25,SY-D-039,ภาคเหนือ,206,4157
2024-10-25,SY-D-039,ภาคใต้,268,4832
2024-10-25,AG-E-052,กรุงเทพฯ,129,2393
2024-10-25,AG-E-052,ภาคกลาง,92,1920
2024-10-25,AG-E-052,ภาคตะวันออก,77,1274
2024-10-25,AG-E-052,ภาคเหนือ,65,1456
2024-10-25,AG-E-052,ภาคใต้,75,1551
2024-10-26,TK-A-001,กรุงเทพฯ,173,2911
2024-10-26,TK-A-001,ภาคกลาง,127,2490
2024-10-26,TK-A-001,ภาคตะวันออก,100,1664
2024-10-26,TK-A-001,ภาคเหนือ,85,1760
2024-10-26,TK-A-001,ภาคใต้,119,2449
2024-10-26,GL-B-014,กรุงเทพฯ,785,15836
2024-10-26,GL-B-014,ภาคกลาง,703,11651
2024-10-26,GL-B-014,ภาคตะวันออก,495,9918
2024-10-26,GL-B-014,ภาคเหนือ,485,7863
2024-10-26,GL-B-014,ภาคใต้,600,11814
2024-10-26,MK-C-028,กรุงเทพฯ,645,13533
2024-10-26,MK-C-028,ภาคกลาง,512,9278
2024-10-26,MK-C-028,ภาคตะวันออก,366,6807
2024-10-26,MK-C-028,ภาคเหนือ,326,7005
2024-10-26,MK-C-028,ภาคใต้,436,8811
2024-10-26,SY-D-039,กรุงเทพฯ,431,7607
2024-10-26,SY-D-039,ภาคกลาง,314,5611
2024-10-26,SY-D-039,ภาคตะวันออก,259,5184
2024-10-26,SY-D-039,ภาคเหนือ,200,4966
2024-10-26,SY-D-039,ภาคใต้,255,5490
2024-10-26,AG-E-052,กรุงเทพฯ,117,2468
2024-10-26,AG-E-052,ภาคกลาง,93,1998
2024-10-26,AG-E-052,ภาคตะวันออก,69,1656
2024-10-26,AG-E-052,ภาคเหนือ,60,1315
2024-10-26,AG-E-052,ภาคใต้,80,1448
2024-10-27,TK-A-001,กรุงเทพฯ,146,3527
2024-10-27,TK-A-001,ภาคกลาง,118,2864
2024-10-27,TK-A-001,ภาคตะวันออก,93,1900
2024-10-27,TK-A-001,ภาคเหนือ,92,1574
2024-10-27,TK-A-001,ภาคใต้,116,1970
2024-10-27,GL-B-014,กรุงเทพฯ,906,14966
2024-10-27,GL-B-014,ภาคกลาง,627,12040
2024-10-27,GL-B-014,ภาคตะวันออก,502,11233
2024-10-27,GL-B-014,ภาคเหนือ,459,9734
2024-10-27,GL-B-014,ภาคใต้,572,10058
2024-10-27,MK-C-028,กรุงเทพฯ,610,11249
2024-10-27,MK-C-028,ภาคกลาง,513,8498
2024-10-27,MK-C-028,ภาคตะวันออก,377,8070
2024-10-27,MK-C-028,ภาคเหนือ,316,7003
2024-10-27,MK-C-028,ภาคใต้,438,9133
2024-10-27,SY-D-039,กรุงเทพฯ,404,7482
2024-10-27,SY-D-039,ภาคกลาง,295,6922
2024-10-27,SY-D-039,ภาคตะวันออก,249,4177
2024-10-27,SY-D-039,ภาคเหนือ,204,4908
2024-10-27,SY-D-039,ภาคใต้,264,5402
2024-10-27,AG-E-052,กรุงเทพฯ,123,2188
2024-10-27,AG-E-052,ภาคกลาง,96,1697
2024-10-27,AG-E-052,ภาคตะวันออก,76,1247
2024-10-27,AG-E-052,ภาคเหนือ,69,1354
2024-10-27,AG-E-052,ภาคใต้,83,1488
2024-10-28,TK-A-001,กรุงเทพฯ,145,3621
2024-10-28,TK-A-001,ภาคกลาง,121,2688
2024-10-28,TK-A-001,ภาคตะวันออก,101,1835
2024-10-28,TK-A-001,ภาคเหนือ,91,1838
2024-10-28,TK-A-001,ภาคใต้,112,1996
2024-10-28,GL-B-014,กรุงเทพฯ,852,17192
2024-10-28,GL-B-014,ภาคกลาง,600,11868
2024-10-28,GL-B-014,ภาคตะวันออก,502,9098
2024-10-28,GL-B-014,ภาคเหนือ,418,9370
2024-10-28,GL-B-014,ภาคใต้,589,9822
2024-10-28,MK-C-028,กรุงเทพฯ,551,13830
2024-10-28,MK-C-028,ภาคกลาง,436,9923
2024-10-28,MK-C-028,ภาคตะวันออก,327,7177
2024-10-28,MK-C-028,ภาคเหนือ,347,6114
2024-10-28,MK-C-028,ภาคใต้,430,7607
2024-10-28,SY-D-039,กรุงเทพฯ,413,7543
2024-10-28,SY-D-039,ภาคกลาง,315,7028
2024-10-28,SY-D-039,ภาคตะวันออก,242,4901
2024-10-28,SY-D-039,ภาคเหนือ,196,4378
2024-10-28,SY-D-039,ภาคใต้,279,6038
2024-10-28,AG-E-052,กรุงเทพฯ,121,2714
2024-10-28,AG-E-052,ภาคกลาง,105,2201
2024-10-28,AG-E-052,ภาคตะวันออก,76,1461
2024-10-28,AG-E-052,ภาคเหนือ,61,1298
2024-10-28,AG-E-052,ภาคใต้,86,1500
2024-10-29,TK-A-001,กรุงเทพฯ,170,3648
2024-10-29,TK-A-001,ภาคกลาง,121,2891
2024-10-29,TK-A-001,ภาคตะวันออก,93,1927
2024-10-29,TK-A-001,ภาคเหนือ,79,1933
2024-10-29,TK-A-001,ภาคใต้,98,2409
2024-10-29,GL-B-014,กรุงเทพฯ,770,18401
2024-10-29,GL-B-014,ภาคกลาง,701,14726
2024-10-29,GL-B-014,ภาคตะวันออก,468,10735
2024-10-29,GL-B-014,ภาคเหนือ,410,9513
2024-10-29,GL-B-014,ภาคใต้,515,11443
2024-10-29,MK-C-028,กรุงเทพฯ,543,11352
2024-10-29,MK-C-028,ภาคกลาง,509,11065
2024-10-29,MK-C-028,ภาคตะวันออก,356,7863
2024-10-29,MK-C-028,ภาคเหนือ,330,5817
2024-10-29,MK-C-028,ภาคใต้,364,8499
2024-10-29,SY-D-039,กรุงเทพฯ,432,8260
2024-10-29,SY-D-039,ภาคกลาง,318,6207
2024-10-29,SY-D-039,ภาคตะวันออก,258,4264
2024-10-29,SY-D-039,ภาคเหนือ,207,3760
2024-10-29,SY-D-039,ภาคใต้,238,5914
2024-10-29,AG-E-052,กรุงเทพฯ,124,2771
2024-10-29,AG-E-052,ภาคกลาง,95,1804
2024-10-29,AG-E-052,ภาคตะวันออก,71,1440
2024-10-29,AG-E-052,ภาคเหนือ,61,1446
2024-10-29,AG-E-052,ภาคใต้,77,1783
2024-10-30,TK-A-001,กรุงเทพฯ,147,3493
2024-10-30,TK-A-001,ภาคกลาง,120,2897
2024-10-30,TK-A-001,ภาคตะวันออก,97,1940
2024-10-30,TK-A-001,ภาคเหนือ,90,1589
2024-10-30,TK-A-001,ภาคใต้,110,2382
2024-10-30,GL-B-014,กรุงเทพฯ,775,15613
2024-10-30,GL-B-014,ภาคกลาง,602,13949
2024-10-30,GL-B-014,ภาคตะวันออก,478,9307
2024-10-30,GL-B-014,ภาคเหนือ,447,10040
2024-10-30,GL-B-014,ภาคใต้,560,11834
2024-10-30,MK-C-028,กรุงเทพฯ,618,11704
2024-10-30,MK-C-028,ภาคกลาง,429,8801
2024-10-30,MK-C-028,ภาคตะวันออก,362,7534
2024-10-30,MK-C-028,ภาคเหนือ,292,6165
2024-10-30,MK-C-028,ภาคใต้,411,8510
2024-10-30,SY-D-039,กรุงเทพฯ,401,7884
2024-10-30,SY-D-039,ภาคกลาง,317,7283
2024-10-30,SY-D-039,ภาคตะวันออก,236,5424
2024-10-30,SY-D-039,ภาคเหนือ,215,4038
2024-10-30,SY-D-039,ภาคใต้,265,6077
2024-10-30,AG-E-052,กรุงเทพฯ,129,2314
2024-10-30,AG-E-052,ภาคกลาง,88,2001
2024-10-30,AG-E-052,ภาคตะวันออก,70,1577
2024-10-30,AG-E-052,ภาคเหนือ,65,1232
2024-10-30,AG-E-052,ภาคใต้,80,1477
2024-10-31,TK-A-001,กรุงเทพฯ,153,3581
2024-10-31,TK-A-001,ภาคกลาง,119,2596
2024-10-31,TK-A-001,ภาคตะวันออก,91,1972
2024-10-31,TK-A-001,ภาคเหนือ,81,1949
2024-10-31,TK-A-001,ภาคใต้,104,2028
2024-10-31,GL-B-014,กรุงเทพฯ,874,18059
2024-10-31,GL-B-014,ภาคกลาง,588,14875
2024-10-31,GL-B-014,ภาคตะวันออก,488,9746
2024-10-31,GL-B-014,ภาคเหนือ,435,9101
2024-10-31,GL-B-014,ภาคใต้,531,12473
2024-10-31,MK-C-028,กรุงเทพฯ,541,13163
2024-10-31,MK-C-028,ภาคกลาง,469,9584
2024-10-31,MK-C-028,ภาคตะวันออก,337,7352
2024-10-31,MK-C-028,ภาคเหนือ,300,6544
2024-10-31,MK-C-028,ภาคใต้,414,7416
2024-10-31,SY-D-039,กรุงเทพฯ,386,7682
2024-10-31,SY-D-039,ภาคกลาง,314,5772
2024-10-31,SY-D-039,ภาคตะวันออก,225,5440
2024-10-31,SY-D-039,ภาคเหนือ,225,4269
2024-10-31,SY-D-039,ภาคใต้,267,5011
2024-10-31,AG-E-052,กรุงเทพฯ,117,2650
2024-10-31,AG-E-052,ภาคกลาง,97,1721
2024-10-31,AG-E-052,ภาคตะวันออก,67,1468
2024-10-31,AG-E-052,ภาคเหนือ,68,1139
2024-10-31,AG-E-052,ภาคใต้,70,1555
2024-11-01,TK-A-001,กรุงเทพฯ,154,3386
2024-11-01,TK-A-001,ภาคกลาง,112,2328
2024-11-01,TK-A-001,ภาคตะวันออก,95,2233
2024-11-01,TK-A-001,ภาคเหนือ,83,1783
2024-11-01,TK-A-001,ภาคใต้,100,2324
2024-11-01,GL-B-014,กรุงเทพฯ,858,16304
2024-11-01,GL-B-014,ภาคกลาง,645,12040
2024-11-01,GL-B-014,ภาคตะวันออก,499,9495
2024-11-01,GL-B-014,ภาคเหนือ,424,7626
2024-11-01,GL-B-014,ภาคใต้,570,11886
2024-11-01,MK-C-028,กรุงเทพฯ,580,12825
2024-11-01,MK-C-028,ภาคกลาง,441,11073
2024-11-01,MK-C-028,ภาคตะวันออก,319,8266
2024-11-01,MK-C-028,ภาคเหนือ,287,6629
2024-11-01,MK-C-028,ภาคใต้,352,7833
2024-11-01,SY-D-039,กรุงเทพฯ,356,9006
2024-11-01,SY-D-039,ภาคกลาง,339,6772
2024-11-01,SY-D-039,ภาคตะวันออก,239,5305
2024-11-01,SY-D-039,ภาคเหนือ,211,4703
2024-11-01,SY-D-039,ภาคใต้,271,4603
2024-11-01,AG-E-052,กรุงเทพฯ,118,2452
2024-11-01,AG-E-052,ภาคกลาง,89,1838
2024-11-01,AG-E-052,ภาคตะวันออก,73,1287
2024-11-01,AG-E-052,ภาคเหนือ,59,1217
2024-11-01,AG-E-052,ภาคใต้,72,1417
2024-11-02,TK-A-001,กรุงเทพฯ,148,3241
2024-11-02,TK-A-001,ภาคกลาง,111,2429
2024-11-02,TK-A-001,ภาคตะวันออก,85,1962
2024-11-02,TK-A-001,ภาคเหนือ,83,1848
2024-11-02,TK-A-001,ภาคใต้,96,1917
2024-11-02,GL-B-014,กรุงเทพฯ,844,15153
2024-11-02,GL-B-014,ภาคกลาง,666,14622
2024-11-02,GL-B-014,ภาคตะวันออก,430,10804
2024-11-02,GL-B-014,ภาคเหนือ,411,9844
2024-11-02,GL-B-014,ภาคใต้,562,11832
2024-11-02,MK-C-028,กรุงเทพฯ,542,12350
2024-11-02,MK-C-028,ภาคกลาง,446,8929
2024-11-02,MK-C-028,ภาคตะวันออก,312,6690
2024-11-02,MK-C-028,ภาคเหนือ,310,5655
2024-11-02,MK-C-028,ภาคใต้,366,7173
2024-11-02,SY-D-039,กรุงเทพฯ,393,7111
2024-11-02,SY-D-039,ภาคกลาง,304,6264
2024-11-02,SY-D-039,ภาคตะวันออก,225,4394
2024-11-02,SY-D-039,ภาคเหนือ,209,4828
2024-11-02,SY-D-039,ภาคใต้,276,4944
2024-11-02,AG-E-052,กรุงเทพฯ,110,2178
2024-11-02,AG-E-052,ภาคกลาง,96,2177
2024-11-02,AG-E-052,ภาคตะวันออก,71,1252
2024-11-02,AG-E-052,ภาคเหนือ,61,1328
2024-11-02,AG-E-052,ภาคใต้,76,1762
2024-11-03,TK-A-001,กรุงเทพฯ,159,3310
2024-11-03,TK-A-001,ภาคกลาง,116,2753
2024-11-03,TK-A-001,ภาคตะวันออก,88,1930
2024-11-03,TK-A-001,ภาคเหนือ,79,1632
2024-11-03,TK-A-001,ภาคใต้,111,2155
2024-11-03,GL-B-014,กรุงเทพฯ,779,19062
2024-11-03,GL-B-014,ภาคกลาง,678,14620
2024-11-03,GL-B-014,ภาคตะวันออก,447,9581
2024-11-03,GL-B-014,ภาคเหนือ,445,8853
2024-11-03,GL-B-014,ภาคใต้,520,9749
2024-11-03,MK-C-028,กรุงเทพฯ,531,11857
2024-11-03,MK-C-028,ภาคกลาง,476,9836
2024-11-03,MK-C-028,ภาคตะวันออก,368,7229
2024-11-03,MK-C-028,ภาคเหนือ,278,6564
2024-11-03,MK-C-028,ภาคใต้,352,8167
2024-11-03,SY-D-039,กรุงเทพฯ,363,8257
2024-11-03,SY-D-039,ภาคกลาง,325,6067
2024-11-03,SY-D-039,ภาคตะวันออก,229,4954
2024-11-03,SY-D-039,ภาคเหนือ,205,3891
2024-11-03,SY-D-039,ภาคใต้,239,5654
2024-11-03,AG-E-052,กรุงเทพฯ,116,2286
2024-11-03,AG-E-052,ภาคกลาง,87,1741
2024-11-03,AG-E-052,ภาคตะวันออก,74,1565
2024-11-03,AG-E-052,ภาคเหนือ,63,1385
2024-11-03,AG-E-052,ภาคใต้,78,1524
2024-11-04,TK-A-001,กรุงเทพฯ,155,3494
2024-11-04,TK-A-001,ภาคกลาง,126,2679
2024-11-04,TK-A-001,ภาคตะวันออก,88,1681
2024-11-04,TK-A-001,ภาคเหนือ,87,1652
2024-11-04,TK-A-001,ภาคใต้,93,2156
2024-11-04,GL-B-014,กรุงเทพฯ,777,17986
2024-11-04,GL-B-014,ภาคกลาง,680,13247
2024-11-04,GL-B-014,ภาคตะวันออก,497,10762
2024-11-04,GL-B-014,ภาคเหนือ,437,9916
2024-11-04,GL-B-014,ภาคใต้,496,11044
2024-11-04,MK-C-028,กรุงเทพฯ,598,11110
2024-11-04,MK-C-028,ภาคกลาง,466,11073
2024-11-04,MK-C-028,ภาคตะวันออก,366,6531
2024-11-04,MK-C-028,ภาคเหนือ,289,5889
2024-11-04,MK-C-028,ภาคใต้,395,7582
2024-11-04,SY-D-039,กรุงเทพฯ,358,8878
2024-11-04,SY-D-039,ภาคกลาง,288,5997
2024-11-04,SY-D-039,ภาคตะวันออก,221,4624
2024-11-04,SY-D-039,ภาคเหนือ,196,4109
2024-11-04,SY-D-039,ภาคใต้,228,5414
2024-11-04,AG-E-052,กรุงเทพฯ,115,2185
2024-11-04,AG-E-052,ภาคกลาง,99,1748
2024-11-04,AG-E-052,ภาคตะวันออก,71,1319
2024-11-04,AG-E-052,ภาคเหนือ,58,1426
2024-11-04,AG-E-052,ภาคใต้,82,1378
2024-11-05,TK-A-001,กรุงเทพฯ,141,3524
2024-11-05,TK-A-001,ภาคกลาง,127,2857
2024-11-05,TK-A-001,ภาคตะวันออก,97,1917
2024-11-05,TK-A-001,ภาคเหนือ,74,1764
2024-11-05,TK-A-001,ภาคใต้,104,1977
2024-11-05,GL-B-014,กรุงเทพฯ,743,15006
2024-11-05,GL-B-014,ภาคกลาง,575,12157
2024-11-05,GL-B-014,ภาคตะวันออก,483,10051
2024-11-05,GL-B-014,ภาคเหนือ,384,8681
2024-11-05,GL-B-014,ภาคใต้,518,12683
2024-11-05,MK-C-028,กรุงเทพฯ,515,11867
2024-11-05,MK-C-028,ภาคกลาง,485,11120
2024-11-05,MK-C-028,ภาคตะวันออก,351,7213
2024-11-05,MK-C-028,ภาคเหนือ,308,7064
2024-11-05,MK-C-028,ภาคใต้,343,8094
2024-11-05,SY-D-039,กรุงเทพฯ,363,9283
2024-11-05,SY-D-039,ภาคกลาง,286,7145
2024-11-05,SY-D-039,ภาคตะวันออก,223,4536
2024-11-05,SY-D-039,ภาคเหนือ,207,4009
2024-11-05,SY-D-039,ภาคใต้,255,4825
2024-11-05,AG-E-052,กรุงเทพฯ,111,2524
2024-11-05,AG-E-052,ภาคกลาง,85,2155
2024-11-05,AG-E-052,ภาคตะวันออก,72,1502
2024-11-05,AG-E-052,ภาคเหนือ,60,1143
2024-11-05,AG-E-052,ภาคใต้,74,1812
2024-11-06,TK-A-001,กรุงเทพฯ,162,3084
2024-11-06,TK-A-001,ภาคกลาง,118,2275
2024-11-06,TK-A-001,ภาคตะวันออก,84,1948
2024-11-06,TK-A-001,ภาคเหนือ,85,1522
2024-11-06,TK-A-001,ภาคใต้,106,2351
2024-11-06,GL-B-014,กรุงเทพฯ,692,17590
2024-11-06,GL-B-014,ภาคกลาง,593,13337
2024-11-06,GL-B-014,ภาคตะวันออก,492,10256
2024-11-06,GL-B-014,ภาคเหนือ,402,8019
2024-11-06,GL-B-014,ภาคใต้,559,10790
2024-11-06,MK-C-028,กรุงเทพฯ,565,13123
2024-11-06,MK-C-028,ภาคกลาง,467,8305
2024-11-06,MK-C-028,ภาคตะวันออก,322,6914
2024-11-06,MK-C-028,ภาคเหนือ,272,5981
2024-11-06,MK-C-028,ภาคใต้,364,7604
2024-11-06,SY-D-039,กรุงเทพฯ,338,7223
2024-11-06,SY-D-039,ภาคกลาง,283,7102
2024-11-06,SY-D-039,ภาคตะวันออก,205,4176
2024-11-06,SY-D-039,ภาคเหนือ,194,4255
2024-11-06,SY-D-039,ภาคใต้,232,5067
2024-11-06,AG-E-052,กรุงเทพฯ,108,2086
2024-11-06,AG-E-052,ภาคกลาง,80,1830
2024-11-06,AG-E-052,ภาคตะวันออก,67,1591
2024-11-06,AG-E-052,ภาคเหนือ,60,1180
2024-11-06,AG-E-052,ภาคใต้,77,1384
2024-11-07,TK-A-001,กรุงเทพฯ,139,3108
2024-11-07,TK-A-001,ภาคกลาง,129,2562
2024-11-07,TK-A-001,ภาคตะวันออก,91,2077
2024-11-07,TK-A-001,ภาคเหนือ,76,1916
2024-11-07,TK-A-001,ภาคใต้,97,2051
2024-11-07,GL-B-014,กรุงเทพฯ,740,18982
2024-11-07,GL-B-014,ภาคกลาง,660,14382
2024-11-07,GL-B-014,ภาคตะวันออก,456,10397
2024-11-07,GL-B-014,ภาคเหนือ,412,8311
2024-11-07,GL-B-014,ภาคใต้,459,11685
2024-11-07,MK-C-028,กรุงเทพฯ,547,10428
2024-11-07,MK-C-028,ภาคกลาง,413,10470
2024-11-07,MK-C-028,ภาคตะวันออก,302,7011
2024-11-07,MK-C-028,ภาคเหนือ,303,7229
2024-11-07,MK-C-028,ภาคใต้,353,7423
2024-11-07,SY-D-039,กรุงเทพฯ,395,7495
2024-11-07,SY-D-039,ภาคกลาง,297,5939
2024-11-07,SY-D-039,ภาคตะวันออก,221,4709
2024-11-07,SY-D-039,ภาคเหนือ,177,4822
2024-11-07,SY-D-039,ภาคใต้,222,4858
2024-11-07,AG-E-052,กรุงเทพฯ,117,2136
2024-11-07,AG-E-052,ภาคกลาง,89,1986
2024-11-07,AG-E-052,ภาคตะวันออก,66,1496
2024-11-07,AG-E-052,ภาคเหนือ,55,1428
2024-11-07,AG-E-052,ภาคใต้,66,1548
2024-11-08,TK-A-001,กรุงเทพฯ,142,2866
2024-11-08,TK-A-001,ภาคกลาง,109,2243
2024-11-08,TK-A-001,ภาคตะวันออก,82,2018
2024-11-08,TK-A-001,ภาคเหนือ,74,1916
2024-11-08,TK-A-001,ภาคใต้,103,2039
2024-11-08,GL-B-014,กรุงเทพฯ,743,16171
2024-11-08,GL-B-014,ภาคกลาง,654,12104
2024-11-08,GL-B-014,ภาคตะวันออก,461,10085
2024-11-08,GL-B-014,ภาคเหนือ,403,9943
2024-11-08,GL-B-014,ภาคใต้,502,10735
2024-11-08,MK-C-028,กรุงเทพฯ,491,11523
2024-11-08,MK-C-028,ภาคกลาง,395,10535
2024-11-08,MK-C-028,ภาคตะวันออก,317,6917
2024-11-08,MK-C-028,ภาคเหนือ,289,7064
2024-11-08,MK-C-028,ภาคใต้,351,8080
2024-11-08,SY-D-039,กรุงเทพฯ,334,7711
2024-11-08,SY-D-039,ภาคกลาง,287,7359
2024-11-08,SY-D-039,ภาคตะวันออก,226,5415
2024-11-08,SY-D-039,ภาคเหนือ,189,4542
2024-11-08,SY-D-039,ภาคใต้,257,5843
2024-11-08,AG-E-052,กรุงเทพฯ,103,2296
2024-11-08,AG-E-052,ภาคกลาง,89,2070
2024-11-08,AG-E-052,ภาคตะวันออก,63,1675
2024-11-08,AG-E-052,ภาคเหนือ,60,1222
2024-11-08,AG-E-052,ภาคใต้,67,1550
2024-11-09,TK-A-001,กรุงเทพฯ,149,3566
2024-11-09,TK-A-001,ภาคกลาง,125,2850
2024-11-09,TK-A-001,ภาคตะวันออก,78,2027
2024-11-09,TK-A-001,ภาคเหนือ,74,1476
2024-11-09,TK-A-001,ภาคใต้,103,2346
2024-11-09,GL-B-014,กรุงเทพฯ,712,16551
2024-11-09,GL-B-014,ภาคกลาง,549,14631
2024-11-09,GL-B-014,ภาคตะวันออก,478,9854
2024-11-09,GL-B-014,ภาคเหนือ,369,9724
2024-11-09,GL-B-014,ภาคใต้,497,10558
2024-11-09,MK-C-028,กรุงเทพฯ,581,10783
2024-11-09,MK-C-028,ภาคกลาง,408,10476
2024-11-09,MK-C-028,ภาคตะวันออก,334,7278
2024-11-09,MK-C-028,ภาคเหนือ,312,7034
2024-11-09,MK-C-028,ภาคใต้,356,7353
2024-11-09,SY-D-039,กรุงเทพฯ,328,7905
2024-11-09,SY-D-039,ภาคกลาง,306,6844
2024-11-09,SY-D-039,ภาคตะวันออก,207,4931
2024-11-09,SY-D-039,ภาคเหนือ,205,4916
2024-11-09,SY-D-039,ภาคใต้,223,4688
2024-11-09,AG-E-052,กรุงเทพฯ,98,2221
2024-11-09,AG-E-052,ภาคกลาง,94,1964
2024-11-09,AG-E-052,ภาคตะวันออก,70,1611
2024-11-09,AG-E-052,ภาคเหนือ,52,1482
2024-11-09,AG-E-052,ภาคใต้,74,1789
2024-11-10,TK-A-001,กรุงเทพฯ,140,3133
2024-11-10,TK-A-001,ภาคกลาง,121,2942
2024-11-10,TK-A-001,ภาคตะวันออก,86,1739
2024-11-10,TK-A-001,ภาคเหนือ,83,1610
2024-11-10,TK-A-001,ภาคใต้,87,2177
2024-11-10,GL-B-014,กรุงเทพฯ,729,15551
2024-11-10,GL-B-014,ภาคกลาง,629,14587
2024-11-10,GL-B-014,ภาคตะวันออก,410,8868
2024-11-10,GL-B-014,ภาคเหนือ,411,9575
2024-11-10,GL-B-014,ภาคใต้,497,9565
2024-11-10,MK-C-028,กรุงเทพฯ,577,12326
2024-11-10,MK-C-028,ภาคกลาง,445,8311
2024-11-10,MK-C-028,ภาคตะวันออก,331,7032
2024-11-10,MK-C-028,ภาคเหนือ,310,5649
2024-11-10,MK-C-028,ภาคใต้,324,7197
2024-11-10,SY-D-039,กรุงเทพฯ,384,8944
2024-11-10,SY-D-039,ภาคกลาง,303,5680
2024-11-10,SY-D-039,ภาคตะวันออก,235,4565
2024-11-10,SY-D-039,ภาคเหนือ,204,4493
2024-11-10,SY-D-039,ภาคใต้,218,5997
2024-11-10,AG-E-052,กรุงเทพฯ,109,2130
2024-11-10,AG-E-052,ภาคกลาง,87,1732
2024-11-10,AG-E-052,ภาคตะวันออก,66,1397
2024-11-10,AG-E-052,ภาคเหนือ,58,1120
2024-11-10,AG-E-052,ภาคใต้,73,1408
2024-11-11,TK-A-001,กรุงเทพฯ,138,2890
2024-11-11,TK-A-001,ภาคกลาง,118,2355
2024-11-11,TK-A-001,ภาคตะวันออก,91,1882
2024-11-11,TK-A-001,ภาคเหนือ,70,1763
2024-11-11,TK-A-001,ภาคใต้,89,2224
2024-11-11,GL-B-014,กรุงเทพฯ,759,17117
2024-11-11,GL-B-014,ภาคกลาง,602,12874
2024-11-11,GL-B-014,ภาคตะวันออก,433,8581
2024-11-11,GL-B-014,ภาคเหนือ,419,8211
2024-11-11,GL-B-014,ภาคใต้,470,9488
2024-11-11,MK-C-028,กรุงเทพฯ,581,11651
2024-11-11,MK-C-028,ภาคกลาง,446,8933
2024-11-11,MK-C-028,ภาคตะวันออก,316,8261
2024-11-11,MK-C-028,ภาคเหนือ,274,5736
2024-11-11,MK-C-028,ภาคใต้,326,7401
2024-11-11,SY-D-039,กรุงเทพฯ,352,8246
2024-11-11,SY-D-039,ภาคกลาง,288,6736
2024-11-11,SY-D-039,ภาคตะวันออก,232,4654
2024-11-11,SY-D-039,ภาคเหนือ,203,4724
2024-11-11,SY-D-039,ภาคใต้,247,5474
2024-11-11,AG-E-052,กรุงเทพฯ,102,2114
2024-11-11,AG-E-052,ภาคกลาง,84,1740
2024-11-11,AG-E-052,ภาคตะวันออก,62,1574
2024-11-11,AG-E-052,ภาคเหนือ,62,1163
2024-11-11,AG-E-052,ภาคใต้,64,1782
2024-11-12,TK-A-001,กรุงเทพฯ,130,3414
2024-11-12,TK-A-001,ภาคกลาง,121,2284
2024-11-12,TK-A-001,ภาคตะวันออก,80,2002
2024-11-12,TK-A-001,ภาคเหนือ,70,1641
2024-11-12,TK-A-001,ภาคใต้,94,1980
2024-11-12,GL-B-014,กรุงเทพฯ,691,14630
2024-11-12,GL-B-014,ภาคกลาง,597,14054
2024-11-12,GL-B-014,ภาคตะวันออก,434,11058
2024-11-12,GL-B-014,ภาคเหนือ,369,7692
2024-11-12,GL-B-014,ภาคใต้,477,12829
2024-11-12,MK-C-028,กรุงเทพฯ,476,12737
2024-11-12,MK-C-028,ภาคกลาง,412,10107
2024-11-12,MK-C-028,ภาคตะวันออก,318,8004
2024-11-12,MK-C-028,ภาคเหนือ,275,5772
2024-11-12,MK-C-028,ภาคใต้,381,9069
2024-11-12,SY-D-039,กรุงเทพฯ,324,7368
2024-11-12,SY-D-039,ภาคกลาง,292,6945
2024-11-12,SY-D-039,ภาคตะวันออก,207,5160
2024-11-12,SY-D-039,ภาคเหนือ,177,4629
2024-11-12,SY-D-039,ภาคใต้,231,5337
2024-11-12,AG-E-052,กรุงเทพฯ,107,2770
2024-11-12,AG-E-052,ภาคกลาง,85,2173
2024-11-12,AG-E-052,ภาคตะวันออก,63,1328
2024-11-12,AG-E-052,ภาคเหนือ,56,1144
2024-11-12,AG-E-052,ภาคใต้,69,1802
2024-11-13,TK-A-001,กรุงเทพฯ,140,3680
2024-11-13,TK-A-001,ภาคกลาง,104,2319
2024-11-13,TK-A-001,ภาคตะวันออก,79,2215
2024-11-13,TK-A-001,ภาคเหนือ,79,1840
2024-11-13,TK-A-001,ภาคใต้,100,2070
2024-11-13,GL-B-014,กรุงเทพฯ,789,14266
2024-11-13,GL-B-014,ภาคกลาง,610,13144
2024-11-13,GL-B-014,ภาคตะวันออก,448,11221
2024-11-13,GL-B-014,ภาคเหนือ,383,7712
2024-11-13,GL-B-014,ภาคใต้,461,9744
2024-11-13,MK-C-028,กรุงเทพฯ,526,10371
2024-11-13,MK-C-028,ภาคกลาง,408,10543
2024-11-13,MK-C-028,ภาคตะวันออก,301,7640
2024-11-13,MK-C-028,ภาคเหนือ,263,6268
2024-11-13,MK-C-028,ภาคใต้,323,8867
2024-11-13,SY-D-039,กรุงเทพฯ,334,7243
2024-11-13,SY-D-039,ภาคกลาง,277,7324
2024-11-13,SY-D-039,ภาคตะวันออก,222,4330
2024-11-13,SY-D-039,ภาคเหนือ,173,3997
2024-11-13,SY-D-039,ภาคใต้,253,4704
2024-11-13,AG-E-052,กรุงเทพฯ,110,2125
2024-11-13,AG-E-052,ภาคกลาง,85,2028
2024-11-13,AG-E-052,ภาคตะวันออก,67,1536
2024-11-13,AG-E-052,ภาคเหนือ,60,1290
2024-11-13,AG-E-052,ภาคใต้,67,1508
2024-11-14,TK-A-001,กรุงเทพฯ,140,3664
2024-11-14,TK-A-001,ภาคกลาง,107,2340
2024-11-14,TK-A-001,ภาคตะวันออก,86,1794
2024-11-14,TK-A-001,ภาคเหนือ,76,1549
2024-11-14,TK-A-001,ภาคใต้,86,2377
2024-11-14,GL-B-014,กรุงเทพฯ,778,15957
2024-11-14,GL-B-014,ภาคกลาง,537,14507
2024-11-14,GL-B-014,ภาคตะวันออก,467,9959
2024-11-14,GL-B-014,ภาคเหนือ,415,9302
2024-11-14,GL-B-014,ภาคใต้,435,10122
2024-11-14,MK-C-028,กรุงเทพฯ,484,11368
2024-11-14,MK-C-028,ภาคกลาง,448,10311
2024-11-14,MK-C-028,ภาคตะวันออก,296,6991
2024-11-14,MK-C-028,ภาคเหนือ,260,5633
2024-11-14,MK-C-028,ภาคใต้,342,8124
2024-11-14,SY-D-039,กรุงเทพฯ,348,8800
2024-11-14,SY-D-039,ภาคกลาง,279,6536
2024-11-14,SY-D-039,ภาคตะวันออก,200,5098
2024-11-14,SY-D-039,ภาคเหนือ,201,3755
2024-11-14,SY-D-039,ภาคใต้,233,6071
2024-11-14,AG-E-052,กรุงเทพฯ,103,2453
2024-11-14,AG-E-052,ภาคกลาง,85,1707
2024-11-14,AG-E-052,ภาคตะวันออก,62,1382
2024-11-14,AG-E-052,ภาคเหนือ,60,1241
2024-11-14,AG-E-052,ภาคใต้,63,1652
2024-11-15,TK-A-001,กรุงเทพฯ,135,2754
2024-11-15,TK-A-001,ภาคกลาง,110,2899
2024-11-15,TK-A-001,ภาคตะวันออก,89,1884
2024-11-15,TK-A-001,ภาคเหนือ,72,1523
2024-11-15,TK-A-001,ภาคใต้,95,2323
2024-11-15,GL-B-014,กรุงเทพฯ,709,17249
2024-11-15,GL-B-014,ภาคกลาง,510,12493
2024-11-15,GL-B-014,ภาคตะวันออก,398,11421
2024-11-15,GL-B-014,ภาคเหนือ,375,9460
2024-11-15,GL-B-014,ภาคใต้,444,9817
2024-11-15,MK-C-028,กรุงเทพฯ,548,11222
2024-11-15,MK-C-028,ภาคกลาง,399,10801
2024-11-15,MK-C-028,ภาคตะวันออก,329,7250
2024-11-15,MK-C-028,ภาคเหนือ,289,7447
2024-11-15,MK-C-028,ภาคใต้,362,8470
2024-11-15,SY-D-039,กรุงเทพฯ,321,8618
2024-11-15,SY-D-039,ภาคกลาง,266,6313
2024-11-15,SY-D-039,ภาคตะวันออก,215,4965
2024-11-15,SY-D-039,ภาคเหนือ,172,3804
2024-11-15,SY-D-039,ภาคใต้,222,4920
2024-11-15,AG-E-052,กรุงเทพฯ,102,2733
2024-11-15,AG-E-052,ภาคกลาง,83,1670
2024-11-15,AG-E-052,ภาคตะวันออก,67,1535
2024-11-15,AG-E-052,ภาคเหนือ,60,1185
2024-11-15,AG-E-052,ภาคใต้,67,1388
2024-11-16,TK-A-001,กรุงเทพฯ,130,3087
2024-11-16,TK-A-001,ภาคกลาง,100,2373
2024-11-16,TK-A-001,ภาคตะวันออก,87,2019
2024-11-16,TK-A-001,ภาคเหนือ,72,1955
2024-11-16,TK-A-001,ภาคใต้,97,2246
2024-11-16,GL-B-014,กรุงเทพฯ,644,17634
2024-11-16,GL-B-014,ภาคกลาง,577,14476
2024-11-16,GL-B-014,ภาคตะวันออก,414,10584
2024-11-16,GL-B-014,ภาคเหนือ,351,7949
2024-11-16,GL-B-014,ภาคใต้,434,11227
2024-11-16,MK-C-028,กรุงเทพฯ,511,11721
2024-11-16,MK-C-028,ภาคกลาง,406,10439
2024-11-16,MK-C-028,ภาคตะวันออก,290,7751
2024-11-16,MK-C-028,ภาคเหนือ,297,5885
2024-11-16,MK-C-028,ภาคใต้,350,7332
2024-11-16,SY-D-039,กรุงเทพฯ,323,9045
2024-11-16,SY-D-039,ภาคกลาง,284,7318
2024-11-16,SY-D-039,ภาคตะวันออก,216,5105
2024-11-16,SY-D-039,ภาคเหนือ,165,4936
2024-11-16,SY-D-039,ภาคใต้,217,6068
2024-11-16,AG-E-052,กรุงเทพฯ,106,2587
2024-11-16,AG-E-052,ภาคกลาง,87,1667
2024-11-16,AG-E-052,ภาคตะวันออก,59,1377
2024-11-16,AG-E-052,ภาคเหนือ,58,1319
2024-11-16,AG-E-052,ภาคใต้,61,1638
2024-11-17,TK-A-001,กรุงเทพฯ,143,2872
2024-11-17,TK-A-001,ภาคกลาง,99,2791
2024-11-17,TK-A-001,ภาคตะวันออก,73,1914
2024-11-17,TK-A-001,ภาคเหนือ,71,1570
2024-11-17,TK-A-001,ภาคใต้,97,2033
2024-11-17,GL-B-014,กรุงเทพฯ,723,17450
2024-11-17,GL-B-014,ภาคกลาง,593,11671
2024-11-17,GL-B-014,ภาคตะวันออก,437,8963
2024-11-17,GL-B-014,ภาคเหนือ,353,8119
2024-11-17,GL-B-014,ภาคใต้,507,11062
2024-11-17,MK-C-028,กรุงเทพฯ,493,13484
2024-11-17,MK-C-028,ภาคกลาง,409,9340
2024-11-17,MK-C-028,ภาคตะวันออก,295,7401
2024-11-17,MK-C-028,ภาคเหนือ,270,7102
2024-11-17,MK-C-028,ภาคใต้,337,7700
2024-11-17,SY-D-039,กรุงเทพฯ,305,9018
2024-11-17,SY-D-039,ภาคกลาง,250,5780
2024-11-17,SY-D-039,ภาคตะวันออก,198,5340
2024-11-17,SY-D-039,ภาคเหนือ,171,3986
2024-11-17,SY-D-039,ภาคใต้,209,5692
2024-11-17,AG-E-052,กรุงเทพฯ,111,2607
2024-11-17,AG-E-052,ภาคกลาง,86,1799
2024-11-17,AG-E-052,ภาคตะวันออก,60,1614
2024-11-17,AG-E-052,ภาคเหนือ,51,1253
2024-11-17,AG-E-052,ภาคใต้,68,1462
2024-11-18,TK-A-001,กรุงเทพฯ,134,2817
2024-11-18,TK-A-001,ภาคกลาง,112,2419
2024-11-18,TK-A-001,ภาคตะวันออก,85,1863
2024-11-18,TK-A-001,ภาคเหนือ,68,1663
2024-11-18,TK-A-001,ภาคใต้,80,2253
2024-11-18,GL-B-014,กรุงเทพฯ,716,18252
2024-11-18,GL-B-014,ภาคกลาง,579,12962
2024-11-18,GL-B-014,ภาคตะวันออก,449,10271
2024-11-18,GL-B-014,ภาคเหนือ,373,8921
2024-11-18,GL-B-014,ภาคใต้,466,10706
2024-11-18,MK-C-028,กรุงเทพฯ,520,13968
2024-11-18,MK-C-028,ภาคกลาง,423,9768
2024-11-18,MK-C-028,ภาคตะวันออก,290,7443
2024-11-18,MK-C-028,ภาคเหนือ,242,5603
2024-11-18,MK-C-028,ภาคใต้,356,7456
2024-11-18,SY-D-039,กรุงเทพฯ,338,8658
2024-11-18,SY-D-039,ภาคกลาง,277,5698
2024-11-18,SY-D-039,ภาคตะวันออก,199,5068
2024-11-18,SY-D-039,ภาคเหนือ,164,3795
2024-11-18,SY-D-039,ภาคใต้,223,6021
2024-11-18,AG-E-052,กรุงเทพฯ,110,2093
2024-11-18,AG-E-052,ภาคกลาง,78,1808
2024-11-18,AG-E-052,ภาคตะวันออก,59,1441
2024-11-18,AG-E-052,ภาคเหนือ,56,1177
2024-11-18,AG-E-052,ภาคใต้,70,1400
2024-11-19,TK-A-001,กรุงเทพฯ,129,2820
2024-11-19,TK-A-001,ภาคกลาง,106,2691
2024-11-19,TK-A-001,ภาคตะวันออก,74,2173
2024-11-19,TK-A-001,ภาคเหนือ,75,1491
2024-11-19,TK-A-001,ภาคใต้,81,2461
2024-11-19,GL-B-014,กรุงเทพฯ,736,16112
2024-11-19,GL-B-014,ภาคกลาง,509,14449
2024-11-19,GL-B-014,ภาคตะวันออก,393,9449
2024-11-19,GL-B-014,ภาคเหนือ,385,8847
2024-11-19,GL-B-014,ภาคใต้,431,11550
2024-11-19,MK-C-028,กรุงเทพฯ,484,12991
2024-11-19,MK-C-028,ภาคกลาง,370,8679
2024-11-19,MK-C-028,ภาคตะวันออก,275,7421
2024-11-19,MK-C-028,ภาคเหนือ,288,6677
2024-11-19,MK-C-028,ภาคใต้,303,8167
2024-11-19,SY-D-039,กรุงเทพฯ,303,7264
2024-11-19,SY-D-039,ภาคกลาง,244,6711
2024-11-19,SY-D-039,ภาคตะวันออก,190,5126
2024-11-19,SY-D-039,ภาคเหนือ,168,4202
2024-11-19,SY-D-039,ภาคใต้,222,4604
2024-11-19,AG-E-052,กรุงเทพฯ,101,2386
2024-11-19,AG-E-052,ภาคกลาง,78,2031
2024-11-19,AG-E-052,ภาคตะวันออก,64,1650
2024-11-19,AG-E-052,ภาคเหนือ,49,1413
2024-11-19,AG-E-052,ภาคใต้,72,1516
2024-11-20,TK-A-001,กรุงเทพฯ,123,3350
2024-11-20,TK-A-001,ภาคกลาง,105,2852
2024-11-20,TK-A-001,ภาคตะวันออก,81,2232
2024-11-20,TK-A-001,ภาคเหนือ,77,1480
2024-11-20,TK-A-001,ภาคใต้,96,2142
2024-11-20,GL-B-014,กรุงเทพฯ,631,18608
2024-11-20,GL-B-014,ภาคกลาง,548,14961
2024-11-20,GL-B-014,ภาคตะวันออก,398,9447
2024-11-20,GL-B-014,ภาคเหนือ,387,10056
2024-11-20,GL-B-014,ภาคใต้,468,12380
2024-11-20,MK-C-028,กรุงเทพฯ,444,12854
2024-11-20,MK-C-028,ภาคกลาง,379,10657
2024-11-20,MK-C-028,ภาคตะวันออก,273,6274
2024-11-20,MK-C-028,ภาคเหนือ,244,6843
2024-11-20,MK-C-028,ภาคใต้,300,7140
2024-11-20,SY-D-039,กรุงเทพฯ,317,8415
2024-11-20,SY-D-039,ภาคกลาง,249,6308
2024-11-20,SY-D-039,ภาคตะวันออก,207,4680
2024-11-20,SY-D-039,ภาคเหนือ,192,4334
2024-11-20,SY-D-039,ภาคใต้,227,5415
2024-11-20,AG-E-052,กรุงเทพฯ,105,2702
2024-11-20,AG-E-052,ภาคกลาง,72,1822
2024-11-20,AG-E-052,ภาคตะวันออก,55,1550
2024-11-20,AG-E-052,ภาคเหนือ,56,1263
2024-11-20,AG-E-052,ภาคใต้,63,1737
2024-11-21,TK-A-001,กรุงเทพฯ,124,3071
2024-11-21,TK-A-001,ภาคกลาง,100,2371
2024-11-21,TK-A-001,ภาคตะวันออก,77,2222
2024-11-21,TK-A-001,ภาคเหนือ,69,1809
2024-11-21,TK-A-001,ภาคใต้,82,1967
2024-11-21,GL-B-014,กรุงเทพฯ,709,14826
2024-11-21,GL-B-014,ภาคกลาง,524,11624
2024-11-21,GL-B-014,ภาคตะวันออก,427,11491
2024-11-21,GL-B-014,ภาคเหนือ,359,9754
2024-11-21,GL-B-014,ภาคใต้,423,11189
2024-11-21,MK-C-028,กรุงเทพฯ,485,11774
2024-11-21,MK-C-028,ภาคกลาง,396,10440
2024-11-21,MK-C-028,ภาคตะวันออก,303,7534
2024-11-21,MK-C-028,ภาคเหนือ,284,6404
2024-11-21,MK-C-028,ภาคใต้,304,7552
2024-11-21,SY-D-039,กรุงเทพฯ,355,7321
2024-11-21,SY-D-039,ภาคกลาง,242,5752
2024-11-21,SY-D-039,ภาคตะวันออก,214,4983
2024-11-21,SY-D-039,ภาคเหนือ,181,4044
2024-11-21,SY-D-039,ภาคใต้,222,5839
2024-11-21,AG-E-052,กรุงเทพฯ,92,2391
2024-11-21,AG-E-052,ภาคกลาง,85,1732
2024-11-21,AG-E-052,ภาคตะวันออก,59,1304
2024-11-21,AG-E-052,ภาคเหนือ,52,1462
2024-11-21,AG-E-052,ภาคใต้,63,1787
2024-11-22,TK-A-001,กรุงเทพฯ,138,3427
2024-11-22,TK-A-001,ภาคกลาง,97,2648
2024-11-22,TK-A-001,ภาคตะวันออก,84,1753
2024-11-22,TK-A-001,ภาคเหนือ,73,1691
2024-11-22,TK-A-001,ภาคใต้,90,2085
2024-11-22,GL-B-014,กรุงเทพฯ,626,15278
2024-11-22,GL-B-014,ภาคกลาง,504,15063
2024-11-22,GL-B-014,ภาคตะวันออก,433,11134
2024-11-22,GL-B-014,ภาคเหนือ,385,9463
2024-11-22,GL-B-014,ภาคใต้,451,11656
2024-11-22,MK-C-028,กรุงเทพฯ,474,13176
2024-11-22,MK-C-028,ภาคกลาง,423,8685
2024-11-22,MK-C-028,ภาคตะวันออก,271,8039
2024-11-22,MK-C-028,ภาคเหนือ,257,6448
2024-11-22,MK-C-028,ภาคใต้,298,8105
2024-11-22,SY-D-039,กรุงเทพฯ,295,8015
2024-11-22,SY-D-039,ภาคกลาง,274,6783
2024-11-22,SY-D-039,ภาคตะวันออก,185,4774
2024-11-22,SY-D-039,ภาคเหนือ,167,4155
2024-11-22,SY-D-039,ภาคใต้,236,4755
2024-11-22,AG-E-052,กรุงเทพฯ,95,2146
2024-11-22,AG-E-052,ภาคกลาง,82,1982
2024-11-22,AG-E-052,ภาคตะวันออก,62,1357
2024-11-22,AG-E-052,ภาคเหนือ,50,1256
2024-11-22,AG-E-052,ภาคใต้,65,1548
2024-11-23,TK-A-001,กรุงเทพฯ,140,3213
2024-11-23,TK-A-001,ภาคกลาง,99,2382
2024-11-23,TK-A-001,ภาคตะวันออก,73,2114
2024-11-23,TK-A-001,ภาคเหนือ,63,1631
2024-11-23,TK-A-001,ภาคใต้,91,2269
2024-11-23,GL-B-014,กรุงเทพฯ,694,17212
2024-11-23,GL-B-014,ภาคกลาง,484,15066
2024-11-23,GL-B-014,ภาคตะวันออก,394,11204
2024-11-23,GL-B-014,ภาคเหนือ,368,10058
2024-11-23,GL-B-014,ภาคใต้,482,11862
2024-11-23,MK-C-028,กรุงเทพฯ,491,13080
2024-11-23,MK-C-028,ภาคกลาง,409,10184
2024-11-23,MK-C-028,ภาคตะวันออก,311,7734
2024-11-23,MK-C-028,ภาคเหนือ,264,5900
2024-11-23,MK-C-028,ภาคใต้,330,8978
2024-11-23,SY-D-039,กรุงเทพฯ,339,7421
2024-11-23,SY-D-039,ภาคกลาง,253,6845
2024-11-23,SY-D-039,ภาคตะวันออก,200,5297
2024-11-23,SY-D-039,ภาคเหนือ,175,4506
2024-11-23,SY-D-039,ภาคใต้,202,4609
2024-11-23,AG-E-052,กรุงเทพฯ,93,2301
2024-11-23,AG-E-052,ภาคกลาง,79,2080
2024-11-23,AG-E-052,ภาคตะวันออก,62,1550
2024-11-23,AG-E-052,ภาคเหนือ,53,1395
2024-11-23,AG-E-052,ภาคใต้,59,1596
2024-11-24,TK-A-001,กรุงเทพฯ,131,3421
2024-11-24,TK-A-001,ภาคกลาง,110,2421
2024-11-24,TK-A-001,ภาคตะวันออก,79,1910
2024-11-24,TK-A-001,ภาคเหนือ,69,1469
2024-11-24,TK-A-001,ภาคใต้,89,2038
2024-11-24,GL-B-014,กรุงเทพฯ,630,17487
2024-11-24,GL-B-014,ภาคกลาง,568,14911
2024-11-24,GL-B-014,ภาคตะวันออก,361,10761
2024-11-24,GL-B-014,ภาคเหนือ,346,8429
2024-11-24,GL-B-014,ภาคใต้,437,11912
2024-11-24,MK-C-028,กรุงเทพฯ,437,13234
2024-11-24,MK-C-028,ภาคกลาง,403,8501
2024-11-24,MK-C-028,ภาคตะวันออก,267,6399
2024-11-24,MK-C-028,ภาคเหนือ,250,6723
2024-11-24,MK-C-028,ภาคใต้,332,8183
2024-11-24,SY-D-039,กรุงเทพฯ,320,9268
2024-11-24,SY-D-039,ภาคกลาง,277,7348
2024-11-24,SY-D-039,ภาคตะวันออก,171,4617
2024-11-24,SY-D-039,ภาคเหนือ,177,4010
2024-11-24,SY-D-039,ภาคใต้,229,5969
2024-11-24,AG-E-052,กรุงเทพฯ,95,2678
2024-11-24,AG-E-052,ภาคกลาง,71,1897
2024-11-24,AG-E-052,ภาคตะวันออก,59,1583
2024-11-24,AG-E-052,ภาคเหนือ,52,1328
2024-11-24,AG-E-052,ภาคใต้,60,1734
2024-11-25,TK-A-001,กรุงเทพฯ,115,3555
2024-11-25,TK-A-001,ภาคกลาง,93,2916
2024-11-25,TK-A-001,ภาคตะวันออก,70,1999
2024-11-25,TK-A-001,ภาคเหนือ,61,1719
2024-11-25,TK-A-001,ภาคใต้,91,2291
2024-11-25,GL-B-014,กรุงเทพฯ,635,16131
2024-11-25,GL-B-014,ภาคกลาง,554,15306
2024-11-25,GL-B-014,ภาคตะวันออก,362,9366
2024-11-25,GL-B-014,ภาคเหนือ,359,8490
2024-11-25,GL-B-014,ภาคใต้,447,10519
2024-11-25,MK-C-028,กรุงเทพฯ,437,12743
2024-11-25,MK-C-028,ภาคกลาง,364,10220
2024-11-25,MK-C-028,ภาคตะวันออก,272,6415
2024-11-25,MK-C-028,ภาคเหนือ,244,6087
2024-11-25,MK-C-028,ภาคใต้,303,8571
2024-11-25,SY-D-039,กรุงเทพฯ,307,7298
2024-11-25,SY-D-039,ภาคกลาง,246,6473
2024-11-25,SY-D-039,ภาคตะวันออก,195,4141
2024-11-25,SY-D-039,ภาคเหนือ,163,4358
2024-11-25,SY-D-039,ภาคใต้,192,5163
2024-11-25,AG-E-052,กรุงเทพฯ,103,2250
2024-11-25,AG-E-052,ภาคกลาง,80,1849
2024-11-25,AG-E-052,ภาคตะวันออก,54,1424
2024-11-25,AG-E-052,ภาคเหนือ,47,1333
2024-11-25,AG-E-052,ภาคใต้,65,1609
2024-11-26,TK-A-001,กรุงเทพฯ,114,2917
2024-11-26,TK-A-001,ภาคกลาง,99,2871
2024-11-26,TK-A-001,ภาคตะวันออก,81,1843
2024-11-26,TK-A-001,ภาคเหนือ,64,1926
2024-11-26,TK-A-001,ภาคใต้,85,2261
2024-11-26,GL-B-014,กรุงเทพฯ,581,14555
2024-11-26,GL-B-014,ภาคกลาง,566,14848
2024-11-26,GL-B-014,ภาคตะวันออก,373,8724
2024-11-26,GL-B-014,ภาคเหนือ,321,7848
2024-11-26,GL-B-014,ภาคใต้,428,11380
2024-11-26,MK-C-028,กรุงเทพฯ,452,13248
2024-11-26,MK-C-028,ภาคกลาง,369,10736
2024-11-26,MK-C-028,ภาคตะวันออก,293,6955
2024-11-26,MK-C-028,ภาคเหนือ,257,7090
2024-11-26,MK-C-028,ภาคใต้,321,9255
2024-11-26,SY-D-039,กรุงเทพฯ,317,8606
2024-11-26,SY-D-039,ภาคกลาง,252,7087
2024-11-26,SY-D-039,ภาคตะวันออก,178,5412
2024-11-26,SY-D-039,ภาคเหนือ,158,4927
2024-11-26,SY-D-039,ภาคใต้,223,4947
2024-11-26,AG-E-052,กรุงเทพฯ,94,2790
2024-11-26,AG-E-052,ภาคกลาง,69,1769
2024-11-26,AG-E-052,ภาคตะวันออก,60,1326
2024-11-26,AG-E-052,ภาคเหนือ,51,1338
2024-11-26,AG-E-052,ภาคใต้,67,1671
2024-11-27,TK-A-001,กรุงเทพฯ,128,3145
2024-11-27,TK-A-001,ภาคกลาง,90,2637
2024-11-27,TK-A-001,ภาคตะวันออก,75,1845
2024-11-27,TK-A-001,ภาคเหนือ,62,1593
2024-11-27,TK-A-001,ภาคใต้,84,1944
2024-11-27,GL-B-014,กรุงเทพฯ,577,17338
2024-11-27,GL-B-014,ภาคกลาง,532,14393
2024-11-27,GL-B-014,ภาคตะวันออก,395,10364
2024-11-27,GL-B-014,ภาคเหนือ,372,8068
2024-11-27,GL-B-014,ภาคใต้,413,10832
2024-11-27,MK-C-028,กรุงเทพฯ,439,13391
2024-11-27,MK-C-028,ภาคกลาง,387,9248
2024-11-27,MK-C-028,ภาคตะวันออก,289,6465
2024-11-27,MK-C-028,ภาคเหนือ,239,6879
2024-11-27,MK-C-028,ภาคใต้,323,9275
2024-11-27,SY-D-039,กรุงเทพฯ,282,7718
2024-11-27,SY-D-039,ภาคกลาง,228,6970
2024-11-27,SY-D-039,ภาคตะวันออก,193,5586
2024-11-27,SY-D-039,ภาคเหนือ,177,4715
2024-11-27,SY-D-039,ภาคใต้,215,5775
2024-11-27,AG-E-052,กรุงเทพฯ,84,2074
2024-11-27,AG-E-052,ภาคกลาง,71,2162
2024-11-27,AG-E-052,ภาคตะวันออก,53,1276
2024-11-27,AG-E-052,ภาคเหนือ,53,1220
2024-11-27,AG-E-052,ภาคใต้,56,1488
2024-11-28,TK-A-001,กรุงเทพฯ,124,2823
2024-11-28,TK-A-001,ภาคกลาง,104,2771
2024-11-28,TK-A-001,ภาคตะวันออก,70,2003
2024-11-28,TK-A-001,ภาคเหนือ,62,1660
2024-11-28,TK-A-001,ภาคใต้,85,1868
2024-11-28,GL-B-014,กรุงเทพฯ,579,18290
2024-11-28,GL-B-014,ภาคกลาง,552,13427
2024-11-28,GL-B-014,ภาคตะวันออก,350,9571
2024-11-28,GL-B-014,ภาคเหนือ,369,7953
2024-11-28,GL-B-014,ภาคใต้,401,11634
2024-11-28,MK-C-028,กรุงเทพฯ,452,11918
2024-11-28,MK-C-028,ภาคกลาง,377,9401
2024-11-28,MK-C-028,ภาคตะวันออก,266,6695
2024-11-28,MK-C-028,ภาคเหนือ,235,7381
2024-11-28,MK-C-028,ภาคใต้,309,7018
2024-11-28,SY-D-039,กรุงเทพฯ,285,8139
2024-11-28,SY-D-039,ภาคกลาง,240,5626
2024-11-28,SY-D-039,ภาคตะวันออก,181,4339
2024-11-28,SY-D-039,ภาคเหนือ,165,4439
2024-11-28,SY-D-039,ภาคใต้,186,6195
2024-11-28,AG-E-052,กรุงเทพฯ,98,2094
2024-11-28,AG-E-052,ภาคกลาง,78,1924
2024-11-28,AG-E-052,ภาคตะวันออก,57,1543
2024-11-28,AG-E-052,ภาคเหนือ,44,1459
2024-11-28,AG-E-052,ภาคใต้,63,1682
2024-11-29,TK-A-001,กรุงเทพฯ,132,3219
2024-11-29,TK-A-001,ภาคกลาง,101,2867
2024-11-29,TK-A-001,ภาคตะวันออก,74,2158
2024-11-29,TK-A-001,ภาคเหนือ,65,1629
2024-11-29,TK-A-001,ภาคใต้,83,2097
2024-11-29,GL-B-014,กรุงเทพฯ,587,16192
2024-11-29,GL-B-014,ภาคกลาง,540,13559
2024-11-29,GL-B-014,ภาคตะวันออก,381,8829
2024-11-29,GL-B-014,ภาคเหนือ,311,9192
2024-11-29,GL-B-014,ภาคใต้,428,9499
2024-11-29,MK-C-028,กรุงเทพฯ,478,12362
2024-11-29,MK-C-028,ภาคกลาง,345,10075
2024-11-29,MK-C-028,ภาคตะวันออก,247,6418
2024-11-29,MK-C-028,ภาคเหนือ,238,7221
2024-11-29,MK-C-028,ภาคใต้,293,7475
2024-11-29,SY-D-039,กรุงเทพฯ,326,8753
2024-11-29,SY-D-039,ภาคกลาง,240,5932
2024-11-29,SY-D-039,ภาคตะวันออก,182,4680
2024-11-29,SY-D-039,ภาคเหนือ,168,4339
2024-11-29,SY-D-039,ภาคใต้,185,6023
2024-11-29,AG-E-052,กรุงเทพฯ,100,2199
2024-11-29,AG-E-052,ภาคกลาง,67,1793
2024-11-29,AG-E-052,ภาคตะวันออก,60,1600
2024-11-29,AG-E-052,ภาคเหนือ,53,1314
2024-11-29,AG-E-052,ภาคใต้,61,1806
2024-11-30,TK-A-001,กรุงเทพฯ,128,3167
2024-11-30,TK-A-001,ภาคกลาง,100,2323
2024-11-30,TK-A-001,ภาคตะวันออก,68,2170
2024-11-30,TK-A-001,ภาคเหนือ,64,1796
2024-11-30,TK-A-001,ภาคใต้,75,2122
2024-11-30,GL-B-014,กรุงเทพฯ,626,14665
2024-11-30,GL-B-014,ภาคกลาง,533,13375
2024-11-30,GL-B-014,ภาคตะวันออก,383,8622
2024-11-30,GL-B-014,ภาคเหนือ,311,8353
2024-11-30,GL-B-014,ภาคใต้,398,12591
2024-11-30,MK-C-028,กรุงเทพฯ,484,13482
2024-11-30,MK-C-028,ภาคกลาง,383,10748
2024-11-30,MK-C-028,ภาคตะวันออก,274,8211
2024-11-30,MK-C-028,ภาคเหนือ,229,7250
2024-11-30,MK-C-028,ภาคใต้,317,7892
2024-11-30,SY-D-039,กรุงเทพฯ,282,6996
2024-11-30,SY-D-039,ภาคกลาง,218,6157
2024-11-30,SY-D-039,ภาคตะวันออก,191,4684
2024-11-30,SY-D-039,ภาคเหนือ,171,3756
2024-11-30,SY-D-039,ภาคใต้,215,5783
2024-11-30,AG-E-052,กรุงเทพฯ,99,2167
2024-11-30,AG-E-052,ภาคกลาง,68,1794
2024-11-30,AG-E-052,ภาคตะวันออก,50,1408
2024-11-30,AG-E-052,ภาคเหนือ,50,1235
2024-11-30,AG-E-052,ภาคใต้,61,1744
2024-12-01,TK-A-001,กรุงเทพฯ,115,2960
2024-12-01,TK-A-001,ภาคกลาง,95,2437
2024-12-01,TK-A-001,ภาคตะวันออก,71,2074
2024-12-01,TK-A-001,ภาคเหนือ,68,1542
2024-12-01,TK-A-001,ภาคใต้,82,2035
2024-12-01,GL-B-014,กรุงเทพฯ,586,15987
2024-12-01,GL-B-014,ภาคกลาง,479,13007
2024-12-01,GL-B-014,ภาคตะวันออก,373,8833
2024-12-01,GL-B-014,ภาคเหนือ,327,8522
2024-12-01,GL-B-014,ภาคใต้,424,11243
2024-12-01,MK-C-028,กรุงเทพฯ,466,13464
2024-12-01,MK-C-028,ภาคกลาง,385,8627
2024-12-01,MK-C-028,ภาคตะวันออก,248,7331
2024-12-01,MK-C-028,ภาคเหนือ,229,6788
2024-12-01,MK-C-028,ภาคใต้,279,8974
2024-12-01,SY-D-039,กรุงเทพฯ,326,8943
2024-12-01,SY-D-039,ภาคกลาง,230,7437
2024-12-01,SY-D-039,ภาคตะวันออก,169,4688
2024-12-01,SY-D-039,ภาคเหนือ,148,4802
2024-12-01,SY-D-039,ภาคใต้,185,6208
2024-12-01,AG-E-052,กรุงเทพฯ,82,2519
2024-12-01,AG-E-052,ภาคกลาง,78,2026
2024-12-01,AG-E-052,ภาคตะวันออก,53,1476
2024-12-01,AG-E-052,ภาคเหนือ,44,1481
2024-12-01,AG-E-052,ภาคใต้,64,1714
2024-12-02,TK-A-001,กรุงเทพฯ,110,3510
2024-12-02,TK-A-001,ภาคกลาง,91,2370
2024-12-02,TK-A-001,ภาคตะวันออก,74,2204
2024-12-02,TK-A-001,ภาคเหนือ,69,1850
2024-12-02,TK-A-001,ภาคใต้,76,1946
2024-12-02,GL-B-014,กรุงเทพฯ,660,16971
2024-12-02,GL-B-014,ภาคกลาง,448,13461
2024-12-02,GL-B-014,ภาคตะวันออก,354,9762
2024-12-02,GL-B-014,ภาคเหนือ,299,8765
2024-12-02,GL-B-014,ภาคใต้,434,9970
2024-12-02,MK-C-028,กรุงเทพฯ,456,13914
2024-12-02,MK-C-028,ภาคกลาง,363,9487
2024-12-02,MK-C-028,ภาคตะวันออก,272,6671
2024-12-02,MK-C-028,ภาคเหนือ,221,6097
2024-12-02,MK-C-028,ภาคใต้,319,7173
2024-12-02,SY-D-039,กรุงเทพฯ,297,8243
2024-12-02,SY-D-039,ภาคกลาง,231,6433
2024-12-02,SY-D-039,ภาคตะวันออก,190,5263
2024-12-02,SY-D-039,ภาคเหนือ,157,4364
2024-12-02,SY-D-039,ภาคใต้,200,5777
2024-12-02,AG-E-052,กรุงเทพฯ,83,2372
2024-12-02,AG-E-052,ภาคกลาง,64,2021
2024-12-02,AG-E-052,ภาคตะวันออก,49,1506
2024-12-02,AG-E-052,ภาคเหนือ,43,1144
2024-12-02,AG-E-052,ภาคใต้,62,1836
2024-12-03,TK-A-001,กรุงเทพฯ,113,2900
2024-12-03,TK-A-001,ภาคกลาง,92,2962
2024-12-03,TK-A-001,ภาคตะวันออก,69,1826
2024-12-03,TK-A-001,ภาคเหนือ,58,1804
2024-12-03,TK-A-001,ภาคใต้,81,2357
2024-12-03,GL-B-014,กรุงเทพฯ,622,17064
2024-12-03,GL-B-014,ภาคกลาง,506,13829
2024-12-03,GL-B-014,ภาคตะวันออก,339,9774
2024-12-03,GL-B-014,ภาคเหนือ,310,8360
2024-12-03,GL-B-014,ภาคใต้,438,10211
2024-12-03,MK-C-028,กรุงเทพฯ,475,11650
2024-12-03,MK-C-028,ภาคกลาง,335,9865
2024-12-03,MK-C-028,ภาคตะวันออก,244,7534
2024-12-03,MK-C-028,ภาคเหนือ,242,7181
2024-12-03,MK-C-028,ภาคใต้,308,7540
2024-12-03,SY-D-039,กรุงเทพฯ,300,8126
2024-12-03,SY-D-039,ภาคกลาง,223,6018
2024-12-03,SY-D-039,ภาคตะวันออก,178,4491
2024-12-03,SY-D-039,ภาคเหนือ,159,4794
2024-12-03,SY-D-039,ภาคใต้,204,4816
2024-12-03,AG-E-052,กรุงเทพฯ,86,2374
2024-12-03,AG-E-052,ภาคกลาง,69,1795
2024-12-03,AG-E-052,ภาคตะวันออก,50,1248
2024-12-03,AG-E-052,ภาคเหนือ,51,1302
2024-12-03,AG-E-052,ภาคใต้,58,1502
2024-12-04,TK-A-001,กรุงเทพฯ,124,3443
2024-12-04,TK-A-001,ภาคกลาง,101,2588
2024-12-04,TK-A-001,ภาคตะวันออก,77,1850
2024-12-04,TK-A-001,ภาคเหนือ,68,1598
2024-12-04,TK-A-001,ภาคใต้,83,2416
2024-12-04,GL-B-014,กรุงเทพฯ,567,17113
2024-12-04,GL-B-014,ภาคกลาง,508,14960
2024-12-04,GL-B-014,ภาคตะวันออก,336,10417
2024-12-04,GL-B-014,ภาคเหนือ,292,8811
2024-12-04,GL-B-014,ภาคใต้,403,12005
2024-12-04,MK-C-028,กรุงเทพฯ,449,12322
2024-12-04,MK-C-028,ภาคกลาง,384,10610
2024-12-04,MK-C-028,ภาคตะวันออก,276,8345
2024-12-04,MK-C-028,ภาคเหนือ,226,6456
2024-12-04,MK-C-028,ภาคใต้,264,8980
2024-12-04,SY-D-039,กรุงเทพฯ,320,9208
2024-12-04,SY-D-039,ภาคกลาง,257,5736
2024-12-04,SY-D-039,ภาคตะวันออก,181,4153
2024-12-04,SY-D-039,ภาคเหนือ,142,3940
2024-12-04,SY-D-039,ภาคใต้,202,5516
2024-12-04,AG-E-052,กรุงเทพฯ,83,2234
2024-12-04,AG-E-052,ภาคกลาง,75,1783
2024-12-04,AG-E-052,ภาคตะวันออก,48,1667
2024-12-04,AG-E-052,ภาคเหนือ,45,1156
2024-12-04,AG-E-052,ภาคใต้,63,1696
2024-12-05,TK-A-001,กรุงเทพฯ,117,3337
2024-12-05,TK-A-001,ภาคกลาง,92,2484
2024-12-05,TK-A-001,ภาคตะวันออก,71,2154
2024-12-05,TK-A-001,ภาคเหนือ,65,1722
2024-12-05,TK-A-001,ภาคใต้,71,1978
2024-12-05,GL-B-014,กรุงเทพฯ,566,17576
2024-12-05,GL-B-014,ภาคกลาง,465,13093
2024-12-05,GL-B-014,ภาคตะวันออก,330,11368
2024-12-05,GL-B-014,ภาคเหนือ,312,9793
2024-12-05,GL-B-014,ภาคใต้,393,10214
2024-12-05,MK-C-028,กรุงเทพฯ,465,13505
2024-12-05,MK-C-028,ภาคกลาง,368,9066
2024-12-05,MK-C-028,ภาคตะวันออก,271,8246
2024-12-05,MK-C-028,ภาคเหนือ,252,7075
2024-12-05,MK-C-028,ภาคใต้,308,8059
2024-12-05,SY-D-039,กรุงเทพฯ,319,7593
2024-12-05,SY-D-039,ภาคกลาง,212,5636
2024-12-05,SY-D-039,ภาคตะวันออก,189,5170
2024-12-05,SY-D-039,ภาคเหนือ,158,4662
2024-12-05,SY-D-039,ภาคใต้,206,5179
2024-12-05,AG-E-052,กรุงเทพฯ,95,2751
2024-12-05,AG-E-052,ภาคกลาง,65,1817
2024-12-05,AG-E-052,ภาคตะวันออก,56,1445
2024-12-05,AG-E-052,ภาคเหนือ,49,1126
2024-12-05,AG-E-052,ภาคใต้,55,1783
2024-12-06,TK-A-001,กรุงเทพฯ,106,2824
2024-12-06,TK-A-001,ภาคกลาง,87,2754
2024-12-06,TK-A-001,ภาคตะวันออก,76,1842
2024-12-06,TK-A-001,ภาคเหนือ,58,1959
2024-12-06,TK-A-001,ภาคใต้,79,2193
2024-12-06,GL-B-014,กรุงเทพฯ,615,14685
2024-12-06,GL-B-014,ภาคกลาง,453,12156
2024-12-06,GL-B-014,ภาคตะวันออก,368,11022
2024-12-06,GL-B-014,ภาคเหนือ,286,8592
2024-12-06,GL-B-014,ภาคใต้,417,12692
2024-12-06,MK-C-028,กรุงเทพฯ,471,10707
2024-12-06,MK-C-028,ภาคกลาง,317,10857
2024-12-06,MK-C-028,ภาคตะวันออก,245,6645
2024-12-06,MK-C-028,ภาคเหนือ,236,6791
2024-12-06,MK-C-028,ภาคใต้,297,8747
2024-12-06,SY-D-039,กรุงเทพฯ,290,9271
2024-12-06,SY-D-039,ภาคกลาง,228,5728
2024-12-06,SY-D-039,ภาคตะวันออก,156,5451
2024-12-06,SY-D-039,ภาคเหนือ,160,4412
2024-12-06,SY-D-039,ภาคใต้,199,6202
2024-12-06,AG-E-052,กรุงเทพฯ,79,2451
2024-12-06,AG-E-052,ภาคกลาง,71,1749
2024-12-06,AG-E-052,ภาคตะวันออก,52,1495
2024-12-06,AG-E-052,ภาคเหนือ,49,1322
2024-12-06,AG-E-052,ภาคใต้,61,1746
2024-12-07,TK-A-001,กรุงเทพฯ,105,2899
2024-12-07,TK-A-001,ภาคกลาง,91,2275
2024-12-07,TK-A-001,ภาคตะวันออก,63,2134
2024-12-07,TK-A-001,ภาคเหนือ,59,1505
2024-12-07,TK-A-001,ภาคใต้,78,2051
2024-12-07,GL-B-014,กรุงเทพฯ,565,17836
2024-12-07,GL-B-014,ภาคกลาง,490,12237
2024-12-07,GL-B-014,ภาคตะวันออก,386,9518
2024-12-07,GL-B-014,ภาคเหนือ,323,9071
2024-12-07,GL-B-014,ภาคใต้,381,9787
2024-12-07,MK-C-028,กรุงเทพฯ,448,11613
2024-12-07,MK-C-028,ภาคกลาง,371,8831
2024-12-07,MK-C-028,ภาคตะวันออก,253,7679
2024-12-07,MK-C-028,ภาคเหนือ,227,5664
2024-12-07,MK-C-028,ภาคใต้,281,9304
2024-12-07,SY-D-039,กรุงเทพฯ,301,9128
2024-12-07,SY-D-039,ภาคกลาง,207,6113
2024-12-07,SY-D-039,ภาคตะวันออก,163,5011
2024-12-07,SY-D-039,ภาคเหนือ,147,3696
2024-12-07,SY-D-039,ภาคใต้,182,5651
2024-12-07,AG-E-052,กรุงเทพฯ,87,2493
2024-12-07,AG-E-052,ภาคกลาง,64,2223
2024-12-07,AG-E-052,ภาคตะวันออก,48,1453
2024-12-07,AG-E-052,ภาคเหนือ,44,1231
2024-12-07,AG-E-052,ภาคใต้,62,1381
2024-12-08,TK-A-001,กรุงเทพฯ,117,3583
2024-12-08,TK-A-001,ภาคกลาง,93,2822
2024-12-08,TK-A-001,ภาคตะวันออก,67,1738
2024-12-08,TK-A-001,ภาคเหนือ,59,1656
2024-12-08,TK-A-001,ภาคใต้,82,2281
2024-12-08,GL-B-014,กรุงเทพฯ,529,18413
2024-12-08,GL-B-014,ภาคกลาง,457,13625
2024-12-08,GL-B-014,ภาคตะวันออก,334,10592
2024-12-08,GL-B-014,ภาคเหนือ,315,9737
2024-12-08,GL-B-014,ภาคใต้,393,10340
2024-12-08,MK-C-028,กรุงเทพฯ,421,13519
2024-12-08,MK-C-028,ภาคกลาง,317,9112
2024-12-08,MK-C-028,ภาคตะวันออก,268,8379
2024-12-08,MK-C-028,ภาคเหนือ,225,7046
2024-12-08,MK-C-028,ภาคใต้,280,7852
2024-12-08,SY-D-039,กรุงเทพฯ,308,9047
2024-12-08,SY-D-039,ภาคกลาง,248,6908
2024-12-08,SY-D-039,ภาคตะวันออก,164,5036
2024-12-08,SY-D-039,ภาคเหนือ,154,3827
2024-12-08,SY-D-039,ภาคใต้,200,5748
2024-12-08,AG-E-052,กรุงเทพฯ,87,2647
2024-12-08,AG-E-052,ภาคกลาง,68,2128
2024-12-08,AG-E-052,ภาคตะวันออก,50,1677
2024-12-08,AG-E-052,ภาคเหนือ,48,1399
2024-12-08,AG-E-052,ภาคใต้,52,1739
2024-12-09,TK-A-001,กรุงเทพฯ,104,3570
2024-12-09,TK-A-001,ภาคกลาง,98,2818
2024-12-09,TK-A-001,ภาคตะวันออก,71,1699
2024-12-09,TK-A-001,ภาคเหนือ,60,1789
2024-12-09,TK-A-001,ภาคใต้,71,1908
2024-12-09,GL-B-014,กรุงเทพฯ,575,16381
2024-12-09,GL-B-014,ภาคกลาง,438,11728
2024-12-09,GL-B-014,ภาคตะวันออก,380,9872
2024-12-09,GL-B-014,ภาคเหนือ,292,9297
2024-12-09,GL-B-014,ภาคใต้,366,12814
2024-12-09,MK-C-028,กรุงเทพฯ,445,10350
2024-12-09,MK-C-028,ภาคกลาง,310,8849
2024-12-09,MK-C-028,ภาคตะวันออก,270,7718
2024-12-09,MK-C-028,ภาคเหนือ,239,5945
2024-12-09,MK-C-028,ภาคใต้,259,7690
2024-12-09,SY-D-039,กรุงเทพฯ,260,7800
2024-12-09,SY-D-039,ภาคกลาง,210,6653
2024-12-09,SY-D-039,ภาคตะวันออก,174,5002
2024-12-09,SY-D-039,ภาคเหนือ,157,4126
2024-12-09,SY-D-039,ภาคใต้,195,4700
2024-12-09,AG-E-052,กรุงเทพฯ,79,2402
2024-12-09,AG-E-052,ภาคกลาง,70,2218
2024-12-09,AG-E-052,ภาคตะวันออก,51,1567
2024-12-09,AG-E-052,ภาคเหนือ,47,1359
2024-12-09,AG-E-052,ภาคใต้,54,1461
2024-12-10,TK-A-001,กรุงเทพฯ,116,3519
2024-12-10,TK-A-001,ภาคกลาง,85,2410
2024-12-10,TK-A-001,ภาคตะวันออก,74,1695
2024-12-10,TK-A-001,ภาคเหนือ,65,1593
2024-12-10,TK-A-001,ภาคใต้,79,2386
2024-12-10,GL-B-014,กรุงเทพฯ,610,16312
2024-12-10,GL-B-014,ภาคกลาง,439,13536
2024-12-10,GL-B-014,ภาคตะวันออก,322,11065
2024-12-10,GL-B-014,ภาคเหนือ,279,9292
2024-12-10,GL-B-014,ภาคใต้,351,10379
2024-12-10,MK-C-028,กรุงเทพฯ,441,13870
2024-12-10,MK-C-028,ภาคกลาง,304,10786
2024-12-10,MK-C-028,ภาคตะวันออก,255,6654
2024-12-10,MK-C-028,ภาคเหนือ,243,6085
2024-12-10,MK-C-028,ภาคใต้,255,9101
2024-12-10,SY-D-039,กรุงเทพฯ,270,7051
2024-12-10,SY-D-039,ภาคกลาง,209,6790
2024-12-10,SY-D-039,ภาคตะวันออก,152,4555
2024-12-10,SY-D-039,ภาคเหนือ,160,4944
2024-12-10,SY-D-039,ภาคใต้,200,4968
2024-12-10,AG-E-052,กรุงเทพฯ,87,2159
2024-12-10,AG-E-052,ภาคกลาง,73,1837
2024-12-10,AG-E-052,ภาคตะวันออก,51,1655
2024-12-10,AG-E-052,ภาคเหนือ,43,1272
2024-12-10,AG-E-052,ภาคใต้,54,1564
2024-12-11,TK-A-001,กรุงเทพฯ,116,3492
2024-12-11,TK-A-001,ภาคกลาง,96,2469
2024-12-11,TK-A-001,ภาคตะวันออก,69,1865
2024-12-11,TK-A-001,ภาคเหนือ,64,1973
2024-12-11,TK-A-001,ภาคใต้,81,2104
2024-12-11,GL-B-014,กรุงเทพฯ,621,17311
2024-12-11,GL-B-014,ภาคกลาง,444,14120
2024-12-11,GL-B-014,ภาคตะวันออก,341,11280
2024-12-11,GL-B-014,ภาคเหนือ,314,9312
2024-12-11,GL-B-014,ภาคใต้,358,12444
2024-12-11,MK-C-028,กรุงเทพฯ,445,12051
2024-12-11,MK-C-028,ภาคกลาง,305,11066
2024-12-11,MK-C-028,ภาคตะวันออก,267,7517
2024-12-11,MK-C-028,ภาคเหนือ,230,5968
2024-12-11,MK-C-028,ภาคใต้,262,8711
2024-12-11,SY-D-039,กรุงเทพฯ,282,8017
2024-12-11,SY-D-039,ภาคกลาง,220,6525
2024-12-11,SY-D-039,ภาคตะวันออก,163,4981
2024-12-11,SY-D-039,ภาคเหนือ,136,3694
2024-12-11,SY-D-039,ภาคใต้,191,5771
2024-12-11,AG-E-052,กรุงเทพฯ,80,2100
2024-12-11,AG-E-052,ภาคกลาง,71,1700
2024-12-11,AG-E-052,ภาคตะวันออก,47,1626
2024-12-11,AG-E-052,ภาคเหนือ,41,1483
2024-12-11,AG-E-052,ภาคใต้,55,1694
2024-12-12,TK-A-001,กรุงเทพฯ,109,2879
2024-12-12,TK-A-001,ภาคกลาง,97,2805
2024-12-12,TK-A-001,ภาคตะวันออก,70,2170
2024-12-12,TK-A-001,ภาคเหนือ,56,1525
2024-12-12,TK-A-001,ภาคใต้,74,2423
2024-12-12,GL-B-014,กรุงเทพฯ,550,17550
2024-12-12,GL-B-014,ภาคกลาง,440,13949
2024-12-12,GL-B-014,ภาคตะวันออก,366,8596
2024-12-12,GL-B-014,ภาคเหนือ,296,8893
2024-12-12,GL-B-014,ภาคใต้,359,12480
2024-12-12,MK-C-028,กรุงเทพฯ,445,12466
2024-12-12,MK-C-028,ภาคกลาง,304,9474
2024-12-12,MK-C-028,ภาคตะวันออก,265,7333
2024-12-12,MK-C-028,ภาคเหนือ,204,5641
2024-12-12,MK-C-028,ภาคใต้,268,7978
2024-12-12,SY-D-039,กรุงเทพฯ,296,7885
2024-12-12,SY-D-039,ภาคกลาง,200,6396
2024-12-12,SY-D-039,ภาคตะวันออก,173,5541
2024-12-12,SY-D-039,ภาคเหนือ,153,3779
2024-12-12,SY-D-039,ภาคใต้,170,6093
2024-12-12,AG-E-052,กรุงเทพฯ,84,2325
2024-12-12,AG-E-052,ภาคกลาง,66,1981
2024-12-12,AG-E-052,ภาคตะวันออก,54,1591
2024-12-12,AG-E-052,ภาคเหนือ,42,1286
2024-12-12,AG-E-052,ภาคใต้,61,1493
2024-12-13,TK-A-001,กรุงเทพฯ,103,2836
2024-12-13,TK-A-001,ภาคกลาง,95,2432
2024-12-13,TK-A-001,ภาคตะวันออก,69,2234
2024-12-13,TK-A-001,ภาคเหนือ,56,1481
2024-12-13,TK-A-001,ภาคใต้,68,1924
2024-12-13,GL-B-014,กรุงเทพฯ,528,14439
2024-12-13,GL-B-014,ภาคกลาง,481,14517
2024-12-13,GL-B-014,ภาคตะวันออก,326,11542
2024-12-13,GL-B-014,ภาคเหนือ,291,9994
2024-12-13,GL-B-014,ภาคใต้,346,10720
2024-12-13,MK-C-028,กรุงเทพฯ,441,11880
2024-12-13,MK-C-028,ภาคกลาง,350,10820
2024-12-13,MK-C-028,ภาคตะวันออก,226,7006
2024-12-13,MK-C-028,ภาคเหนือ,216,5522
2024-12-13,MK-C-028,ภาคใต้,250,9028
2024-12-13,SY-D-039,กรุงเทพฯ,265,7896
2024-12-13,SY-D-039,ภาคกลาง,203,6849
2024-12-13,SY-D-039,ภาคตะวันออก,159,4484
2024-12-13,SY-D-039,ภาคเหนือ,133,4369
2024-12-13,SY-D-039,ภาคใต้,171,5525
2024-12-13,AG-E-052,กรุงเทพฯ,86,2436
2024-12-13,AG-E-052,ภาคกลาง,61,2013
2024-12-13,AG-E-052,ภาคตะวันออก,47,1407
2024-12-13,AG-E-052,ภาคเหนือ,45,1207
2024-12-13,AG-E-052,ภาคใต้,52,1585
2024-12-14,TK-A-001,กรุงเทพฯ,104,2953
2024-12-14,TK-A-001,ภาคกลาง,80,2383
2024-12-14,TK-A-001,ภาคตะวันออก,66,2032
2024-12-14,TK-A-001,ภาคเหนือ,55,1733
2024-12-14,TK-A-001,ภาคใต้,74,2113
2024-12-14,GL-B-014,กรุงเทพฯ,526,19242
2024-12-14,GL-B-014,ภาคกลาง,447,15330
2024-12-14,GL-B-014,ภาคตะวันออก,326,11043
2024-12-14,GL-B-014,ภาคเหนือ,321,8823
2024-12-14,GL-B-014,ภาคใต้,343,9653
2024-12-14,MK-C-028,กรุงเทพฯ,432,10538
2024-12-14,MK-C-028,ภาคกลาง,356,8610
2024-12-14,MK-C-028,ภาคตะวันออก,256,6595
2024-12-14,MK-C-028,ภาคเหนือ,233,6698
2024-12-14,MK-C-028,ภาคใต้,253,7341
2024-12-14,SY-D-039,กรุงเทพฯ,252,7940
2024-12-14,SY-D-039,ภาคกลาง,236,6853
2024-12-14,SY-D-039,ภาคตะวันออก,174,4480
2024-12-14,SY-D-039,ภาคเหนือ,147,4643
2024-12-14,SY-D-039,ภาคใต้,183,6089
2024-12-14,AG-E-052,กรุงเทพฯ,88,2350
2024-12-14,AG-E-052,ภาคกลาง,66,1855
2024-12-14,AG-E-052,ภาคตะวันออก,48,1368
2024-12-14,AG-E-052,ภาคเหนือ,40,1352
2024-12-14,AG-E-052,ภาคใต้,53,1679
2024-12-15,TK-A-001,กรุงเทพฯ,102,3543
2024-12-15,TK-A-001,ภาคกลาง,94,2384
2024-12-15,TK-A-001,ภาคตะวันออก,64,1899
2024-12-15,TK-A-001,ภาคเหนือ,62,1924
2024-12-15,TK-A-001,ภาคใต้,68,2240
2024-12-15,GL-B-014,กรุงเทพฯ,524,14487
2024-12-15,GL-B-014,ภาคกลาง,444,14633
2024-12-15,GL-B-014,ภาคตะวันออก,353,10258
2024-12-15,GL-B-014,ภาคเหนือ,291,9220
2024-12-15,GL-B-014,ภาคใต้,348,9929
2024-12-15,MK-C-028,กรุงเทพฯ,380,10603
2024-12-15,MK-C-028,ภาคกลาง,321,9305
2024-12-15,MK-C-028,ภาคตะวันออก,262,6675
2024-12-15,MK-C-028,ภาคเหนือ,236,5706
2024-12-15,MK-C-028,ภาคใต้,286,7559
2024-12-15,SY-D-039,กรุงเทพฯ,250,6966
2024-12-15,SY-D-039,ภาคกลาง,202,6218
2024-12-15,SY-D-039,ภาคตะวันออก,172,5234
2024-12-15,SY-D-039,ภาคเหนือ,145,4168
2024-12-15,SY-D-039,ภาคใต้,176,6191
2024-12-15,AG-E-052,กรุงเทพฯ,85,2311
2024-12-15,AG-E-052,ภาคกลาง,70,1975
2024-12-15,AG-E-052,ภาคตะวันออก,54,1441
2024-12-15,AG-E-052,ภาคเหนือ,46,1189
2024-12-15,AG-E-052,ภาคใต้,53,1750
2024-12-16,TK-A-001,กรุงเทพฯ,99,3390
2024-12-16,TK-A-001,ภาคกลาง,93,2931
2024-12-16,TK-A-001,ภาคตะวันออก,60,2198
2024-12-16,TK-A-001,ภาคเหนือ,60,1814
2024-12-16,TK-A-001,ภาคใต้,67,2186
2024-12-16,GL-B-014,กรุงเทพฯ,604,18739
2024-12-16,GL-B-014,ภาคกลาง,433,14001
2024-12-16,GL-B-014,ภาคตะวันออก,306,10104
2024-12-16,GL-B-014,ภาคเหนือ,275,8072
2024-12-16,GL-B-014,ภาคใต้,400,11106
2024-12-16,MK-C-028,กรุงเทพฯ,421,13751
2024-12-16,MK-C-028,ภาคกลาง,331,9554
2024-12-16,MK-C-028,ภาคตะวันออก,238,7897
2024-12-16,MK-C-028,ภาคเหนือ,215,6119
2024-12-16,MK-C-028,ภาคใต้,256,8524
2024-12-16,SY-D-039,กรุงเทพฯ,290,7871
2024-12-16,SY-D-039,ภาคกลาง,216,5621
2024-12-16,SY-D-039,ภาคตะวันออก,150,5584
2024-12-16,SY-D-039,ภาคเหนือ,144,4800
2024-12-16,SY-D-039,ภาคใต้,179,5420
2024-12-16,AG-E-052,กรุงเทพฯ,86,2165
2024-12-16,AG-E-052,ภาคกลาง,59,2053
2024-12-16,AG-E-052,ภาคตะวันออก,50,1269
2024-12-16,AG-E-052,ภาคเหนือ,41,1238
2024-12-16,AG-E-052,ภาคใต้,50,1835
2024-12-17,TK-A-001,กรุงเทพฯ,118,3458
2024-12-17,TK-A-001,ภาคกลาง,78,2434
2024-12-17,TK-A-001,ภาคตะวันออก,69,1882
2024-12-17,TK-A-001,ภาคเหนือ,60,1571
2024-12-17,TK-A-001,ภาคใต้,76,2036
2024-12-17,GL-B-014,กรุงเทพฯ,555,17165
2024-12-17,GL-B-014,ภาคกลาง,410,13315
2024-12-17,GL-B-014,ภาคตะวันออก,301,11483
2024-12-17,GL-B-014,ภาคเหนือ,308,8293
2024-12-17,GL-B-014,ภาคใต้,393,9638
2024-12-17,MK-C-028,กรุงเทพฯ,388,11572
2024-12-17,MK-C-028,ภาคกลาง,338,10634
2024-12-17,MK-C-028,ภาคตะวันออก,258,8041
2024-12-17,MK-C-028,ภาคเหนือ,230,6512
2024-12-17,MK-C-028,ภาคใต้,272,7358
2024-12-17,SY-D-039,กรุงเทพฯ,258,7782
2024-12-17,SY-D-039,ภาคกลาง,227,6706
2024-12-17,SY-D-039,ภาคตะวันออก,151,5247
2024-12-17,SY-D-039,ภาคเหนือ,141,4200
2024-12-17,SY-D-039,ภาคใต้,163,5687
2024-12-17,AG-E-052,กรุงเทพฯ,86,2356
2024-12-17,AG-E-052,ภาคกลาง,60,1803
2024-12-17,AG-E-052,ภาคตะวันออก,51,1334
2024-12-17,AG-E-052,ภาคเหนือ,45,1466
2024-12-17,AG-E-052,ภาคใต้,50,1502
2024-12-18,TK-A-001,กรุงเทพฯ,97,3229
2024-12-18,TK-A-001,ภาคกลาง,82,2596
2024-12-18,TK-A-001,ภาคตะวันออก,67,2165
2024-12-18,TK-A-001,ภาคเหนือ,62,1769
2024-12-18,TK-A-001,ภาคใต้,76,2400
2024-12-18,GL-B-014,กรุงเทพฯ,600,17546
2024-12-18,GL-B-014,ภาคกลาง,468,14128
2024-12-18,GL-B-014,ภาคตะวันออก,353,9113
2024-12-18,GL-B-014,ภาคเหนือ,311,8108
2024-12-18,GL-B-014,ภาคใต้,397,11059
2024-12-18,MK-C-028,กรุงเทพฯ,380,12046
2024-12-18,MK-C-028,ภาคกลาง,325,9880
2024-12-18,MK-C-028,ภาคตะวันออก,219,7598
2024-12-18,MK-C-028,ภาคเหนือ,226,5700
2024-12-18,MK-C-028,ภาคใต้,253,7741
2024-12-18,SY-D-039,กรุงเทพฯ,276,6926
2024-12-18,SY-D-039,ภาคกลาง,231,6223
2024-12-18,SY-D-039,ภาคตะวันออก,152,4309
2024-12-18,SY-D-039,ภาคเหนือ,141,3714
2024-12-18,SY-D-039,ภาคใต้,168,4788
2024-12-18,AG-E-052,กรุงเทพฯ,84,2536
2024-12-18,AG-E-052,ภาคกลาง,68,2013
2024-12-18,AG-E-052,ภาคตะวันออก,44,1674
2024-12-18,AG-E-052,ภาคเหนือ,40,1487
2024-12-18,AG-E-052,ภาคใต้,49,1653
2024-12-19,TK-A-001,กรุงเทพฯ,114,3075
2024-12-19,TK-A-001,ภาคกลาง,81,2379
2024-12-19,TK-A-001,ภาคตะวันออก,59,2098
2024-12-19,TK-A-001,ภาคเหนือ,53,1633
2024-12-19,TK-A-001,ภาคใต้,70,2409
2024-12-19,GL-B-014,กรุงเทพฯ,543,16881
2024-12-19,GL-B-014,ภาคกลาง,464,11762
2024-12-19,GL-B-014,ภาคตะวันออก,344,11518
2024-12-19,GL-B-014,ภาคเหนือ,316,7786
2024-12-19,GL-B-014,ภาคใต้,370,10714
2024-12-19,MK-C-028,กรุงเทพฯ,398,12944
2024-12-19,MK-C-028,ภาคกลาง,349,11170
2024-12-19,MK-C-028,ภาคตะวันออก,254,6644
2024-12-19,MK-C-028,ภาคเหนือ,199,6097
2024-12-19,MK-C-028,ภาคใต้,276,7083
2024-12-19,SY-D-039,กรุงเทพฯ,240,6928
2024-12-19,SY-D-039,ภาคกลาง,219,6489
2024-12-19,SY-D-039,ภาคตะวันออก,175,5558
2024-12-19,SY-D-039,ภาคเหนือ,147,3711
2024-12-19,SY-D-039,ภาคใต้,186,5418
2024-12-19,AG-E-052,กรุงเทพฯ,79,2497
2024-12-19,AG-E-052,ภาคกลาง,68,2038
2024-12-19,AG-E-052,ภาคตะวันออก,50,1483
2024-12-19,AG-E-052,ภาคเหนือ,43,1413
2024-12-19,AG-E-052,ภาคใต้,56,1382
2024-12-20,TK-A-001,กรุงเทพฯ,110,3106
2024-12-20,TK-A-001,ภาคกลาง,88,2690
2024-12-20,TK-A-001,ภาคตะวันออก,58,2073
2024-12-20,TK-A-001,ภาคเหนือ,51,1895
2024-12-20,TK-A-001,ภาคใต้,70,2161
2024-12-20,GL-B-014,กรุงเทพฯ,548,14402
2024-12-20,GL-B-014,ภาคกลาง,422,14637
2024-12-20,GL-B-014,ภาคตะวันออก,325,9363
2024-12-20,GL-B-014,ภาคเหนือ,278,8002
2024-12-20,GL-B-014,ภาคใต้,360,10718
2024-12-20,MK-C-028,กรุงเทพฯ,372,10659
2024-12-20,MK-C-028,ภาคกลาง,326,9737
2024-12-20,MK-C-028,ภาคตะวันออก,227,8033
2024-12-20,MK-C-028,ภาคเหนือ,210,7436
2024-12-20,MK-C-028,ภาคใต้,252,7844
2024-12-20,SY-D-039,กรุงเทพฯ,244,7719
2024-12-20,SY-D-039,ภาคกลาง,209,7240
2024-12-20,SY-D-039,ภาคตะวันออก,172,4307
2024-12-20,SY-D-039,ภาคเหนือ,150,3999
2024-12-20,SY-D-039,ภาคใต้,190,4817
2024-12-20,AG-E-052,กรุงเทพฯ,83,2337
2024-12-20,AG-E-052,ภาคกลาง,64,2203
2024-12-20,AG-E-052,ภาคตะวันออก,46,1394
2024-12-20,AG-E-052,ภาคเหนือ,41,1368
2024-12-20,AG-E-052,ภาคใต้,58,1654
2024-12-21,TK-A-001,กรุงเทพฯ,110,3544
2024-12-21,TK-A-001,ภาคกลาง,77,2641
2024-12-21,TK-A-001,ภาคตะวันออก,61,1756
2024-12-21,TK-A-001,ภาคเหนือ,52,1490
2024-12-21,TK-A-001,ภาคใต้,67,2158
2024-12-21,GL-B-014,กรุงเทพฯ,519,16725
2024-12-21,GL-B-014,ภาคกลาง,409,12408
2024-12-21,GL-B-014,ภาคตะวันออก,314,9190
2024-12-21,GL-B-014,ภาคเหนือ,274,8915
2024-12-21,GL-B-014,ภาคใต้,342,11732
2024-12-21,MK-C-028,กรุงเทพฯ,432,10657
2024-12-21,MK-C-028,ภาคกลาง,314,9978
2024-12-21,MK-C-028,ภาคตะวันออก,222,7106
2024-12-21,MK-C-028,ภาคเหนือ,199,5899
2024-12-21,MK-C-028,ภาคใต้,289,8228
2024-12-21,SY-D-039,กรุงเทพฯ,275,7947
2024-12-21,SY-D-039,ภาคกลาง,228,6309
2024-12-21,SY-D-039,ภาคตะวันออก,152,4241
2024-12-21,SY-D-039,ภาคเหนือ,132,4223
2024-12-21,SY-D-039,ภาคใต้,166,4803
2024-12-21,AG-E-052,กรุงเทพฯ,73,2566
2024-12-21,AG-E-052,ภาคกลาง,67,2224
2024-12-21,AG-E-052,ภาคตะวันออก,43,1541
2024-12-21,AG-E-052,ภาคเหนือ,45,1487
2024-12-21,AG-E-052,ภาคใต้,56,1404
2024-12-22,TK-A-001,กรุงเทพฯ,102,3428
2024-12-22,TK-A-001,ภาคกลาง,82,2882
2024-12-22,TK-A-001,ภาคตะวันออก,61,2068
2024-12-22,TK-A-001,ภาคเหนือ,56,1767
2024-12-22,TK-A-001,ภาคใต้,72,1863
2024-12-22,GL-B-014,กรุงเทพฯ,508,16501
2024-12-22,GL-B-014,ภาคกลาง,419,12795
2024-12-22,GL-B-014,ภาคตะวันออก,325,9234
2024-12-22,GL-B-014,ภาคเหนือ,311,8703
2024-12-22,GL-B-014,ภาคใต้,330,10587
2024-12-22,MK-C-028,กรุงเทพฯ,417,13505
2024-12-22,MK-C-028,ภาคกลาง,323,10282
2024-12-22,MK-C-028,ภาคตะวันออก,244,8063
2024-12-22,MK-C-028,ภาคเหนือ,203,6207
2024-12-22,MK-C-028,ภาคใต้,251,7519
2024-12-22,SY-D-039,กรุงเทพฯ,281,7184
2024-12-22,SY-D-039,ภาคกลาง,219,6825
2024-12-22,SY-D-039,ภาคตะวันออก,154,5521
2024-12-22,SY-D-039,ภาคเหนือ,143,3932
2024-12-22,SY-D-039,ภาคใต้,160,4686
2024-12-22,AG-E-052,กรุงเทพฯ,75,2580
2024-12-22,AG-E-052,ภาคกลาง,62,2078
2024-12-22,AG-E-052,ภาคตะวันออก,46,1372
2024-12-22,AG-E-052,ภาคเหนือ,38,1238
2024-12-22,AG-E-052,ภาคใต้,47,1383
2024-12-23,TK-A-001,กรุงเทพฯ,100,2984
2024-12-23,TK-A-001,ภาคกลาง,84,2912
2024-12-23,TK-A-001,ภาคตะวันออก,67,1747
2024-12-23,TK-A-001,ภาคเหนือ,56,1608
2024-12-23,TK-A-001,ภาคใต้,75,2316
2024-12-23,GL-B-014,กรุงเทพฯ,508,16533
2024-12-23,GL-B-014,ภาคกลาง,459,11531
2024-12-23,GL-B-014,ภาคตะวันออก,346,10417
2024-12-23,GL-B-014,ภาคเหนือ,302,7754
2024-12-23,GL-B-014,ภาคใต้,394,10811
2024-12-23,MK-C-028,กรุงเทพฯ,356,10412
2024-12-23,MK-C-028,ภาคกลาง,288,8743
2024-12-23,MK-C-028,ภาคตะวันออก,257,7274
2024-12-23,MK-C-028,ภาคเหนือ,213,6815
2024-12-23,MK-C-028,ภาคใต้,241,8989
2024-12-23,SY-D-039,กรุงเทพฯ,242,9162
2024-12-23,SY-D-039,ภาคกลาง,204,6991
2024-12-23,SY-D-039,ภาคตะวันออก,161,5282
2024-12-23,SY-D-039,ภาคเหนือ,142,4005
2024-12-23,SY-D-039,ภาคใต้,181,5432
2024-12-23,AG-E-052,กรุงเทพฯ,72,2119
2024-12-23,AG-E-052,ภาคกลาง,67,1892
2024-12-23,AG-E-052,ภาคตะวันออก,43,1305
2024-12-23,AG-E-052,ภาคเหนือ,42,1168
2024-12-23,AG-E-052,ภาคใต้,52,1471
2024-12-24,TK-A-001,กรุงเทพฯ,105,3273
2024-12-24,TK-A-001,ภาคกลาง,78,2310
2024-12-24,TK-A-001,ภาคตะวันออก,58,1963
2024-12-24,TK-A-001,ภาคเหนือ,50,1789
2024-12-24,TK-A-001,ภาคใต้,69,1985
2024-12-24,GL-B-014,กรุงเทพฯ,534,18692
2024-12-24,GL-B-014,ภาคกลาง,464,14988
2024-12-24,GL-B-014,ภาคตะวันออก,310,10906
2024-12-24,GL-B-014,ภาคเหนือ,298,10101
2024-12-24,GL-B-014,ภาคใต้,329,11680
2024-12-24,MK-C-028,กรุงเทพฯ,361,10464
2024-12-24,MK-C-028,ภาคกลาง,300,9338
2024-12-24,MK-C-028,ภาคตะวันออก,239,6924
2024-12-24,MK-C-028,ภาคเหนือ,191,7126
2024-12-24,MK-C-028,ภาคใต้,269,8345
2024-12-24,SY-D-039,กรุงเทพฯ,274,8373
2024-12-24,SY-D-039,ภาคกลาง,227,6950
2024-12-24,SY-D-039,ภาคตะวันออก,166,4986
2024-12-24,SY-D-039,ภาคเหนือ,124,3753
2024-12-24,SY-D-039,ภาคใต้,175,5797
2024-12-24,AG-E-052,กรุงเทพฯ,77,2165
2024-12-24,AG-E-052,ภาคกลาง,67,1971
2024-12-24,AG-E-052,ภาคตะวันออก,43,1346
2024-12-24,AG-E-052,ภาคเหนือ,40,1277
2024-12-24,AG-E-052,ภาคใต้,55,1706
2024-12-25,TK-A-001,กรุงเทพฯ,97,3289
2024-12-25,TK-A-001,ภาคกลาง,84,2511
2024-12-25,TK-A-001,ภาคตะวันออก,64,1885
2024-12-25,TK-A-001,ภาคเหนือ,57,1899
2024-12-25,TK-A-001,ภาคใต้,68,2140
2024-12-25,GL-B-014,กรุงเทพฯ,542,18412
2024-12-25,GL-B-014,ภาคกลาง,421,14776
2024-12-25,GL-B-014,ภาคตะวันออก,303,8644
2024-12-25,GL-B-014,ภาคเหนือ,305,7784
2024-12-25,GL-B-014,ภาคใต้,387,9978
2024-12-25,MK-C-028,กรุงเทพฯ,374,11354
2024-12-25,MK-C-028,ภาคกลาง,286,11015
2024-12-25,MK-C-028,ภาคตะวันออก,220,8339
2024-12-25,MK-C-028,ภาคเหนือ,223,7395
2024-12-25,MK-C-028,ภาคใต้,282,7291
2024-12-25,SY-D-039,กรุงเทพฯ,256,7422
2024-12-25,SY-D-039,ภาคกลาง,202,6773
2024-12-25,SY-D-039,ภาคตะวันออก,151,4581
2024-12-25,SY-D-039,ภาคเหนือ,128,4584
2024-12-25,SY-D-039,ภาคใต้,159,6052
2024-12-25,AG-E-052,กรุงเทพฯ,83,2400
2024-12-25,AG-E-052,ภาคกลาง,63,1903
2024-12-25,AG-E-052,ภาคตะวันออก,45,1538
2024-12-25,AG-E-052,ภาคเหนือ,44,1227
2024-12-25,AG-E-052,ภาคใต้,54,1772
2024-12-26,TK-A-001,กรุงเทพฯ,113,3066
2024-12-26,TK-A-001,ภาคกลาง,74,2513
2024-12-26,TK-A-001,ภาคตะวันออก,66,2000
2024-12-26,TK-A-001,ภาคเหนือ,54,1650
2024-12-26,TK-A-001,ภาคใต้,68,2294
2024-12-26,GL-B-014,กรุงเทพฯ,495,17299
2024-12-26,GL-B-014,ภาคกลาง,435,14075
2024-12-26,GL-B-014,ภาคตะวันออก,328,9086
2024-12-26,GL-B-014,ภาคเหนือ,293,9279
2024-12-26,GL-B-014,ภาคใต้,354,11449
2024-12-26,MK-C-028,กรุงเทพฯ,368,13739
2024-12-26,MK-C-028,ภาคกลาง,335,8902
2024-12-26,MK-C-028,ภาคตะวันออก,223,7493
2024-12-26,MK-C-028,ภาคเหนือ,225,5872
2024-12-26,MK-C-028,ภาคใต้,270,7858
2024-12-26,SY-D-039,กรุงเทพฯ,263,8195
2024-12-26,SY-D-039,ภาคกลาง,220,6011
2024-12-26,SY-D-039,ภาคตะวันออก,140,4181
2024-12-26,SY-D-039,ภาคเหนือ,124,4222
2024-12-26,SY-D-039,ภาคใต้,171,5931
2024-12-26,AG-E-052,กรุงเทพฯ,72,2595
2024-12-26,AG-E-052,ภาคกลาง,57,2075
2024-12-26,AG-E-052,ภาคตะวันออก,48,1247
2024-12-26,AG-E-052,ภาคเหนือ,42,1445
2024-12-26,AG-E-052,ภาคใต้,49,1551
2024-12-27,TK-A-001,กรุงเทพฯ,100,2869
2024-12-27,TK-A-001,ภาคกลาง,76,2755
2024-12-27,TK-A-001,ภาคตะวันออก,62,1759
2024-12-27,TK-A-001,ภาคเหนือ,55,1555
2024-12-27,TK-A-001,ภาคใต้,73,2277
2024-12-27,GL-B-014,กรุงเทพฯ,517,19045
2024-12-27,GL-B-014,ภาคกลาง,386,13391
2024-12-27,GL-B-014,ภาคตะวันออก,345,10878
2024-12-27,GL-B-014,ภาคเหนือ,296,9975
2024-12-27,GL-B-014,ภาคใต้,385,9999
2024-12-27,MK-C-028,กรุงเทพฯ,385,12534
2024-12-27,MK-C-028,ภาคกลาง,323,11012
2024-12-27,MK-C-028,ภาคตะวันออก,228,7760
2024-12-27,MK-C-028,ภาคเหนือ,213,5800
2024-12-27,MK-C-028,ภาคใต้,252,6917
2024-12-27,SY-D-039,กรุงเทพฯ,267,8403
2024-12-27,SY-D-039,ภาคกลาง,195,5773
2024-12-27,SY-D-039,ภาคตะวันออก,163,4702
2024-12-27,SY-D-039,ภาคเหนือ,141,4702
2024-12-27,SY-D-039,ภาคใต้,165,5614
2024-12-27,AG-E-052,กรุงเทพฯ,83,2615
2024-12-27,AG-E-052,ภาคกลาง,63,1989
2024-12-27,AG-E-052,ภาคตะวันออก,44,1440
2024-12-27,AG-E-052,ภาคเหนือ,40,1425
2024-12-27,AG-E-052,ภาคใต้,48,1590
2024-12-28,TK-A-001,กรุงเทพฯ,111,3626
2024-12-28,TK-A-001,ภาคกลาง,85,2893
2024-12-28,TK-A-001,ภาคตะวันออก,56,2183
2024-12-28,TK-A-001,ภาคเหนือ,60,1497
2024-12-28,TK-A-001,ภาคใต้,72,2380
2024-12-28,GL-B-014,กรุงเทพฯ,564,15939
2024-12-28,GL-B-014,ภาคกลาง,396,14229
2024-12-28,GL-B-014,ภาคตะวันออก,310,9264
2024-12-28,GL-B-014,ภาคเหนือ,269,9042
2024-12-28,GL-B-014,ภาคใต้,323,11227
2024-12-28,MK-C-028,กรุงเทพฯ,406,10748
2024-12-28,MK-C-028,ภาคกลาง,309,9028
2024-12-28,MK-C-028,ภาคตะวันออก,237,7777
2024-12-28,MK-C-028,ภาคเหนือ,188,6860
2024-12-28,MK-C-028,ภาคใต้,278,8142
2024-12-28,SY-D-039,กรุงเทพฯ,250,9099
2024-12-28,SY-D-039,ภาคกลาง,193,5822
2024-12-28,SY-D-039,ภาคตะวันออก,146,5434
2024-12-28,SY-D-039,ภาคเหนือ,127,4734
2024-12-28,SY-D-039,ภาคใต้,186,5369
2024-12-28,AG-E-052,กรุงเทพฯ,82,2614
2024-12-28,AG-E-052,ภาคกลาง,58,1742
2024-12-28,AG-E-052,ภาคตะวันออก,47,1251
2024-12-28,AG-E-052,ภาคเหนือ,44,1413
2024-12-28,AG-E-052,ภาคใต้,51,1432
2024-12-29,TK-A-001,กรุงเทพฯ,111,3567
2024-12-29,TK-A-001,ภาคกลาง,80,2499
2024-12-29,TK-A-001,ภาคตะวันออก,59,1843
2024-12-29,TK-A-001,ภาคเหนือ,53,1862
2024-12-29,TK-A-001,ภาคใต้,73,1839
2024-12-29,GL-B-014,กรุงเทพฯ,499,14602
2024-12-29,GL-B-014,ภาคกลาง,384,12624
2024-12-29,GL-B-014,ภาคตะวันออก,284,11072
2024-12-29,GL-B-014,ภาคเหนือ,285,9898
2024-12-29,GL-B-014,ภาคใต้,336,11193
2024-12-29,MK-C-028,กรุงเทพฯ,414,13971
2024-12-29,MK-C-028,ภาคกลาง,283,9554
2024-12-29,MK-C-028,ภาคตะวันออก,230,6755
2024-12-29,MK-C-028,ภาคเหนือ,210,5771
2024-12-29,MK-C-028,ภาคใต้,266,9186
2024-12-29,SY-D-039,กรุงเทพฯ,252,7960
2024-12-29,SY-D-039,ภาคกลาง,200,5971
2024-12-29,SY-D-039,ภาคตะวันออก,161,5346
2024-12-29,SY-D-039,ภาคเหนือ,130,4107
2024-12-29,SY-D-039,ภาคใต้,185,6105
2024-12-29,AG-E-052,กรุงเทพฯ,78,2574
2024-12-29,AG-E-052,ภาคกลาง,60,2165
2024-12-29,AG-E-052,ภาคตะวันออก,49,1413
2024-12-29,AG-E-052,ภาคเหนือ,40,1188
2024-12-29,AG-E-052,ภาคใต้,46,1398
2024-12-30,TK-A-001,กรุงเทพฯ,110,3197
2024-12-30,TK-A-001,ภาคกลาง,85,2887
2024-12-30,TK-A-001,ภาคตะวันออก,58,1862
2024-12-30,TK-A-001,ภาคเหนือ,50,1969
2024-12-30,TK-A-001,ภาคใต้,69,2312
2024-12-30,GL-B-014,กรุงเทพฯ,538,17137
2024-12-30,GL-B-014,ภาคกลาง,455,12443
2024-12-30,GL-B-014,ภาคตะวันออก,320,9246
2024-12-30,GL-B-014,ภาคเหนือ,290,8982
2024-12-30,GL-B-014,ภาคใต้,359,12632
2024-12-30,MK-C-028,กรุงเทพฯ,347,11765
2024-12-30,MK-C-028,ภาคกลาง,321,10010
2024-12-30,MK-C-028,ภาคตะวันออก,228,7184
2024-12-30,MK-C-028,ภาคเหนือ,187,6885
2024-12-30,MK-C-028,ภาคใต้,254,9275
2024-12-30,SY-D-039,กรุงเทพฯ,233,8602
2024-12-30,SY-D-039,ภาคกลาง,212,7011
2024-12-30,SY-D-039,ภาคตะวันออก,156,5087
2024-12-30,SY-D-039,ภาคเหนือ,134,4758
2024-12-30,SY-D-039,ภาคใต้,159,4775
2024-12-30,AG-E-052,กรุงเทพฯ,76,2549
2024-12-30,AG-E-052,ภาคกลาง,57,1863
2024-12-30,AG-E-052,ภาคตะวันออก,48,1545
2024-12-30,AG-E-052,ภาคเหนือ,43,1239
2024-12-30,AG-E-052,ภาคใต้,48,1438
2024-12-31,TK-A-001,กรุงเทพฯ,91,2810
2024-12-31,TK-A-001,ภาคกลาง,86,2334
2024-12-31,TK-A-001,ภาคตะวันออก,61,1683
2024-12-31,TK-A-001,ภาคเหนือ,49,1702
2024-12-31,TK-A-001,ภาคใต้,63,2185
2024-12-31,GL-B-014,กรุงเทพฯ,510,15184
2024-12-31,GL-B-014,ภาคกลาง,406,11921
2024-12-31,GL-B-014,ภาคตะวันออก,318,9198
2024-12-31,GL-B-014,ภาคเหนือ,255,7936
2024-12-31,GL-B-014,ภาคใต้,333,9840
2024-12-31,MK-C-028,กรุงเทพฯ,368,10529
2024-12-31,MK-C-028,ภาคกลาง,278,10887
2024-12-31,MK-C-028,ภาคตะวันออก,245,7779
2024-12-31,MK-C-028,ภาคเหนือ,213,6015
2024-12-31,MK-C-028,ภาคใต้,246,7209
2024-12-31,SY-D-039,กรุงเทพฯ,252,9267
2024-12-31,SY-D-039,ภาคกลาง,197,7205
2024-12-31,SY-D-039,ภาคตะวันออก,161,4392
2024-12-31,SY-D-039,ภาคเหนือ,134,4860
2024-12-31,SY-D-039,ภาคใต้,163,5682
2024-12-31,AG-E-052,กรุงเทพฯ,70,2758
2024-12-31,AG-E-052,ภาคกลาง,55,1828
2024-12-31,AG-E-052,ภาคตะวันออก,45,1513
2024-12-31,AG-E-052,ภาคเหนือ,41,1176
2024-12-31,AG-E-052,ภาคใต้,55,1556
2025-01-01,TK-A-001,กรุงเทพฯ,107,3028
2025-01-01,TK-A-001,ภาคกลาง,85,2710
2025-01-01,TK-A-001,ภาคตะวันออก,64,1983
2025-01-01,TK-A-001,ภาคเหนือ,58,1915
2025-01-01,TK-A-001,ภาคใต้,69,2388
2025-01-01,GL-B-014,กรุงเทพฯ,547,14892
2025-01-01,GL-B-014,ภาคกลาง,378,11582
2025-01-01,GL-B-014,ภาคตะวันออก,342,11054
2025-01-01,GL-B-014,ภาคเหนือ,252,8235
2025-01-01,GL-B-014,ภาคใต้,377,11366
2025-01-01,MK-C-028,กรุงเทพฯ,381,10567
2025-01-01,MK-C-028,ภาคกลาง,323,10514
2025-01-01,MK-C-028,ภาคตะวันออก,223,6559
2025-01-01,MK-C-028,ภาคเหนือ,186,6467
2025-01-01,MK-C-028,ภาคใต้,272,8655
2025-01-01,SY-D-039,กรุงเทพฯ,253,8590
2025-01-01,SY-D-039,ภาคกลาง,201,6238
2025-01-01,SY-D-039,ภาคตะวันออก,147,4549
2025-01-01,SY-D-039,ภาคเหนือ,141,4867
2025-01-01,SY-D-039,ภาคใต้,163,5780
2025-01-01,AG-E-052,กรุงเทพฯ,70,2625
2025-01-01,AG-E-052,ภาคกลาง,60,2190
2025-01-01,AG-E-052,ภาคตะวันออก,45,1652
2025-01-01,AG-E-052,ภาคเหนือ,39,1358
2025-01-01,AG-E-052,ภาคใต้,45,1406
2025-01-02,TK-A-001,กรุงเทพฯ,106,3607
2025-01-02,TK-A-001,ภาคกลาง,78,2751
2025-01-02,TK-A-001,ภาคตะวันออก,55,2001
2025-01-02,TK-A-001,ภาคเหนือ,53,1480
2025-01-02,TK-A-001,ภาคใต้,62,1882
2025-01-02,GL-B-014,กรุงเทพฯ,480,16782
2025-01-02,GL-B-014,ภาคกลาง,389,14315
2025-01-02,GL-B-014,ภาคตะวันออก,300,9397
2025-01-02,GL-B-014,ภาคเหนือ,271,9879
2025-01-02,GL-B-014,ภาคใต้,367,10720
2025-01-02,MK-C-028,กรุงเทพฯ,349,10589
2025-01-02,MK-C-028,ภาคกลาง,315,10280
2025-01-02,MK-C-028,ภาคตะวันออก,207,6396
2025-01-02,MK-C-028,ภาคเหนือ,201,7274
2025-01-02,MK-C-028,ภาคใต้,256,7677
2025-01-02,SY-D-039,กรุงเทพฯ,259,7437
2025-01-02,SY-D-039,ภาคกลาง,195,6032
2025-01-02,SY-D-039,ภาคตะวันออก,140,5317
2025-01-02,SY-D-039,ภาคเหนือ,132,4693
2025-01-02,SY-D-039,ภาคใต้,181,5403
2025-01-02,AG-E-052,กรุงเทพฯ,73,2577
2025-01-02,AG-E-052,ภาคกลาง,65,2149
2025-01-02,AG-E-052,ภาคตะวันออก,48,1377
2025-01-02,AG-E-052,ภาคเหนือ,42,1413
2025-01-02,AG-E-052,ภาคใต้,54,1751
2025-01-03,TK-A-001,กรุงเทพฯ,100,3190
2025-01-03,TK-A-001,ภาคกลาง,88,2486
2025-01-03,TK-A-001,ภาคตะวันออก,56,2061
2025-01-03,TK-A-001,ภาคเหนือ,51,1595
2025-01-03,TK-A-001,ภาคใต้,64,2378
2025-01-03,GL-B-014,กรุงเทพฯ,551,14637
2025-01-03,GL-B-014,ภาคกลาง,403,12312
2025-01-03,GL-B-014,ภาคตะวันออก,323,10518
2025-01-03,GL-B-014,ภาคเหนือ,256,9610
2025-01-03,GL-B-014,ภาคใต้,328,11045
2025-01-03,MK-C-028,กรุงเทพฯ,392,12604
2025-01-03,MK-C-028,ภาคกลาง,317,10443
2025-01-03,MK-C-028,ภาคตะวันออก,209,7765
2025-01-03,MK-C-028,ภาคเหนือ,205,6649
2025-01-03,MK-C-028,ภาคใต้,252,8358
2025-01-03,SY-D-039,กรุงเทพฯ,242,9212
2025-01-03,SY-D-039,ภาคกลาง,185,7151
2025-01-03,SY-D-039,ภาคตะวันออก,149,5398
2025-01-03,SY-D-039,ภาคเหนือ,143,4008
2025-01-03,SY-D-039,ภาคใต้,176,6206
2025-01-03,AG-E-052,กรุงเทพฯ,69,2254
2025-01-03,AG-E-052,ภาคกลาง,62,1907
2025-01-03,AG-E-052,ภาคตะวันออก,49,1435
2025-01-03,AG-E-052,ภาคเหนือ,39,1287
2025-01-03,AG-E-052,ภาคใต้,47,1392
2025-01-04,TK-A-001,กรุงเทพฯ,106,3262
2025-01-04,TK-A-001,ภาคกลาง,81,2826
2025-01-04,TK-A-001,ภาคตะวันออก,59,1995
2025-01-04,TK-A-001,ภาคเหนือ,57,1835
2025-01-04,TK-A-001,ภาคใต้,61,2445
2025-01-04,GL-B-014,กรุงเทพฯ,474,15580
2025-01-04,GL-B-014,ภาคกลาง,447,14850
2025-01-04,GL-B-014,ภาคตะวันออก,314,9685
2025-01-04,GL-B-014,ภาคเหนือ,300,9227
2025-01-04,GL-B-014,ภาคใต้,338,10235
2025-01-04,MK-C-028,กรุงเทพฯ,368,13930
2025-01-04,MK-C-028,ภาคกลาง,284,9266
2025-01-04,MK-C-028,ภาคตะวันออก,246,6570
2025-01-04,MK-C-028,ภาคเหนือ,211,5783
2025-01-04,MK-C-028,ภาคใต้,255,8530
2025-01-04,SY-D-039,กรุงเทพฯ,266,7579
2025-01-04,SY-D-039,ภาคกลาง,185,6706
2025-01-04,SY-D-039,ภาคตะวันออก,143,5348
2025-01-04,SY-D-039,ภาคเหนือ,130,4464
2025-01-04,SY-D-039,ภาคใต้,165,4688
2025-01-04,AG-E-052,กรุงเทพฯ,82,2090
2025-01-04,AG-E-052,ภาคกลาง,56,1800
2025-01-04,AG-E-052,ภาคตะวันออก,43,1434
2025-01-04,AG-E-052,ภาคเหนือ,40,1109
2025-01-04,AG-E-052,ภาคใต้,52,1562
2025-01-05,TK-A-001,กรุงเทพฯ,94,3573
2025-01-05,TK-A-001,ภาคกลาง,73,2877
2025-01-05,TK-A-001,ภาคตะวันออก,59,2181
2025-01-05,TK-A-001,ภาคเหนือ,49,1638
2025-01-05,TK-A-001,ภาคใต้,67,2142
2025-01-05,GL-B-014,กรุงเทพฯ,468,17882
2025-01-05,GL-B-014,ภาคกลาง,395,12605
2025-01-05,GL-B-014,ภาคตะวันออก,286,9041
2025-01-05,GL-B-014,ภาคเหนือ,269,10045
2025-01-05,GL-B-014,ภาคใต้,370,10254
2025-01-05,MK-C-028,กรุงเทพฯ,364,12738
2025-01-05,MK-C-028,ภาคกลาง,296,10581
2025-01-05,MK-C-028,ภาคตะวันออก,246,8188
2025-01-05,MK-C-028,ภาคเหนือ,208,5855
2025-01-05,MK-C-028,ภาคใต้,243,8992
2025-01-05,SY-D-039,กรุงเทพฯ,259,8656
2025-01-05,SY-D-039,ภาคกลาง,207,6971
2025-01-05,SY-D-039,ภาคตะวันออก,159,4567
2025-01-05,SY-D-039,ภาคเหนือ,134,4185
2025-01-05,SY-D-039,ภาคใต้,165,4930
2025-01-05,AG-E-052,กรุงเทพฯ,73,2420
2025-01-05,AG-E-052,ภาคกลาง,54,2008
2025-01-05,AG-E-052,ภาคตะวันออก,46,1244
2025-01-05,AG-E-052,ภาคเหนือ,40,1243
2025-01-05,AG-E-052,ภาคใต้,51,1684
2025-01-06,TK-A-001,กรุงเทพฯ,93,3595
2025-01-06,TK-A-001,ภาคกลาง,76,2228
2025-01-06,TK-A-001,ภาคตะวันออก,55,1895
2025-01-06,TK-A-001,ภาคเหนือ,50,1720
2025-01-06,TK-A-001,ภาคใต้,60,1871
2025-01-06,GL-B-014,กรุงเทพฯ,475,15071
2025-01-06,GL-B-014,ภาคกลาง,443,15318
2025-01-06,GL-B-014,ภาคตะวันออก,288,11499
2025-01-06,GL-B-014,ภาคเหนือ,280,10178
2025-01-06,GL-B-014,ภาคใต้,350,12520
2025-01-06,MK-C-028,กรุงเทพฯ,343,11781
2025-01-06,MK-C-028,ภาคกลาง,275,8621
2025-01-06,MK-C-028,ภาคตะวันออก,221,7996
2025-01-06,MK-C-028,ภาคเหนือ,193,6422
2025-01-06,MK-C-028,ภาคใต้,263,7269
2025-01-06,SY-D-039,กรุงเทพฯ,250,9196
2025-01-06,SY-D-039,ภาคกลาง,203,7369
2025-01-06,SY-D-039,ภาคตะวันออก,138,4619
2025-01-06,SY-D-039,ภาคเหนือ,135,4128
2025-01-06,SY-D-039,ภาคใต้,182,4768
2025-01-06,AG-E-052,กรุงเทพฯ,78,2485
2025-01-06,AG-E-052,ภาคกลาง,61,1832
2025-01-06,AG-E-052,ภาคตะวันออก,49,1334
2025-01-06,AG-E-052,ภาคเหนือ,44,1472
2025-01-06,AG-E-052,ภาคใต้,51,1653
2025-01-07,TK-A-001,กรุงเทพฯ,106,2921
2025-01-07,TK-A-001,ภาคกลาง,74,2772
2025-01-07,TK-A-001,ภาคตะวันออก,62,1776
2025-01-07,TK-A-001,ภาคเหนือ,56,1665
2025-01-07,TK-A-001,ภาคใต้,72,2413
2025-01-07,GL-B-014,กรุงเทพฯ,496,15587
2025-01-07,GL-B-014,ภาคกลาง,422,12351
2025-01-07,GL-B-014,ภาคตะวันออก,313,11438
2025-01-07,GL-B-014,ภาคเหนือ,300,8591
2025-01-07,GL-B-014,ภาคใต้,320,10578
2025-01-07,MK-C-028,กรุงเทพฯ,401,13282
2025-01-07,MK-C-028,ภาคกลาง,315,10501
2025-01-07,MK-C-028,ภาคตะวันออก,210,7974
2025-01-07,MK-C-028,ภาคเหนือ,194,6079
2025-01-07,MK-C-028,ภาคใต้,241,8028
2025-01-07,SY-D-039,กรุงเทพฯ,226,8861
2025-01-07,SY-D-039,ภาคกลาง,209,6606
2025-01-07,SY-D-039,ภาคตะวันออก,141,4589
2025-01-07,SY-D-039,ภาคเหนือ,139,4283
2025-01-07,SY-D-039,ภาคใต้,150,5901
2025-01-07,AG-E-052,กรุงเทพฯ,74,2515
2025-01-07,AG-E-052,ภาคกลาง,58,1760
2025-01-07,AG-E-052,ภาคตะวันออก,44,1351
2025-01-07,AG-E-052,ภาคเหนือ,41,1238
2025-01-07,AG-E-052,ภาคใต้,46,1666
2025-01-08,TK-A-001,กรุงเทพฯ,95,3073
2025-01-08,TK-A-001,ภาคกลาง,87,2593
2025-01-08,TK-A-001,ภาคตะวันออก,63,1749
2025-01-08,TK-A-001,ภาคเหนือ,49,1651
2025-01-08,TK-A-001,ภาคใต้,68,2372
2025-01-08,GL-B-014,กรุงเทพฯ,516,17932
2025-01-08,GL-B-014,ภาคกลาง,386,13125
2025-01-08,GL-B-014,ภาคตะวันออก,336,8845
2025-01-08,GL-B-014,ภาคเหนือ,253,8975
2025-01-08,GL-B-014,ภาคใต้,328,11207
2025-01-08,MK-C-028,กรุงเทพฯ,398,10902
2025-01-08,MK-C-028,ภาคกลาง,307,8661
2025-01-08,MK-C-028,ภาคตะวันออก,241,6527
2025-01-08,MK-C-028,ภาคเหนือ,193,5783
2025-01-08,MK-C-028,ภาคใต้,239,8363
2025-01-08,SY-D-039,กรุงเทพฯ,234,7081
2025-01-08,SY-D-039,ภาคกลาง,205,6696
2025-01-08,SY-D-039,ภาคตะวันออก,154,5573
2025-01-08,SY-D-039,ภาคเหนือ,142,4739
2025-01-08,SY-D-039,ภาคใต้,158,5771
2025-01-08,AG-E-052,กรุงเทพฯ,78,2211
2025-01-08,AG-E-052,ภาคกลาง,61,1853
2025-01-08,AG-E-052,ภาคตะวันออก,44,1315
2025-01-08,AG-E-052,ภาคเหนือ,39,1272
2025-01-08,AG-E-052,ภาคใต้,46,1853
2025-01-09,TK-A-001,กรุงเทพฯ,105,3570
2025-01-09,TK-A-001,ภาคกลาง,79,2969
2025-01-09,TK-A-001,ภาคตะวันออก,65,1699
2025-01-09,TK-A-001,ภาคเหนือ,56,1565
2025-01-09,TK-A-001,ภาคใต้,70,2117
2025-01-09,GL-B-014,กรุงเทพฯ,494,15423
2025-01-09,GL-B-014,ภาคกลาง,436,13628
2025-01-09,GL-B-014,ภาคตะวันออก,307,10631
2025-01-09,GL-B-014,ภาคเหนือ,301,10185
2025-01-09,GL-B-014,ภาคใต้,360,10519
2025-01-09,MK-C-028,กรุงเทพฯ,351,13596
2025-01-09,MK-C-028,ภาคกลาง,320,9892
2025-01-09,MK-C-028,ภาคตะวันออก,240,6794
2025-01-09,MK-C-028,ภาคเหนือ,188,7045
2025-01-09,MK-C-028,ภาคใต้,272,8996
2025-01-09,SY-D-039,กรุงเทพฯ,260,8343
2025-01-09,SY-D-039,ภาคกลาง,184,7140
2025-01-09,SY-D-039,ภาคตะวันออก,152,4667
2025-01-09,SY-D-039,ภาคเหนือ,137,3947
2025-01-09,SY-D-039,ภาคใต้,172,4701
2025-01-09,AG-E-052,กรุงเทพฯ,69,2110
2025-01-09,AG-E-052,ภาคกลาง,58,2094
2025-01-09,AG-E-052,ภาคตะวันออก,48,1412
2025-01-09,AG-E-052,ภาคเหนือ,37,1243
2025-01-09,AG-E-052,ภาคใต้,48,1391
2025-01-10,TK-A-001,กรุงเทพฯ,106,3440
2025-01-10,TK-A-001,ภาคกลาง,75,2936
2025-01-10,TK-A-001,ภาคตะวันออก,63,2131
2025-01-10,TK-A-001,ภาคเหนือ,50,1933
2025-01-10,TK-A-001,ภาคใต้,61,1876
2025-01-10,GL-B-014,กรุงเทพฯ,475,15890
2025-01-10,GL-B-014,ภาคกลาง,437,13591
2025-01-10,GL-B-014,ภาคตะวันออก,321,10939
2025-01-10,GL-B-014,ภาคเหนือ,283,9994
2025-01-10,GL-B-014,ภาคใต้,348,10979
2025-01-10,MK-C-028,กรุงเทพฯ,346,11596
2025-01-10,MK-C-028,ภาคกลาง,306,9250
2025-01-10,MK-C-028,ภาคตะวันออก,212,7723
2025-01-10,MK-C-028,ภาคเหนือ,201,6667
2025-01-10,MK-C-028,ภาคใต้,251,8516
2025-01-10,SY-D-039,กรุงเทพฯ,247,8455
2025-01-10,SY-D-039,ภาคกลาง,218,6702
2025-01-10,SY-D-039,ภาคตะวันออก,142,4269
2025-01-10,SY-D-039,ภาคเหนือ,125,4534
2025-01-10,SY-D-039,ภาคใต้,174,6169
2025-01-10,AG-E-052,กรุงเทพฯ,76,2634
2025-01-10,AG-E-052,ภาคกลาง,57,1887
2025-01-10,AG-E-052,ภาคตะวันออก,45,1354
2025-01-10,AG-E-052,ภาคเหนือ,39,1446
2025-01-10,AG-E-052,ภาคใต้,51,1709
2025-01-11,TK-A-001,กรุงเทพฯ,95,3560
2025-01-11,TK-A-001,ภาคกลาง,79,2465
2025-01-11,TK-A-001,ภาคตะวันออก,60,2222
2025-01-11,TK-A-001,ภาคเหนือ,57,1786
2025-01-11,TK-A-001,ภาคใต้,62,2361
2025-01-11,GL-B-014,กรุงเทพฯ,531,18906
2025-01-11,GL-B-014,ภาคกลาง,433,12143
2025-01-11,GL-B-014,ภาคตะวันออก,317,8989
2025-01-11,GL-B-014,ภาคเหนือ,250,9530
2025-01-11,GL-B-014,ภาคใต้,349,11281
2025-01-11,MK-C-028,กรุงเทพฯ,368,12748
2025-01-11,MK-C-028,ภาคกลาง,295,10444
2025-01-11,MK-C-028,ภาคตะวันออก,203,6850
2025-01-11,MK-C-028,ภาคเหนือ,199,6352
2025-01-11,MK-C-028,ภาคใต้,242,7289
2025-01-11,SY-D-039,กรุงเทพฯ,266,7725
2025-01-11,SY-D-039,ภาคกลาง,183,6583
2025-01-11,SY-D-039,ภาคตะวันออก,159,4294
2025-01-11,SY-D-039,ภาคเหนือ,122,3765
2025-01-11,SY-D-039,ภาคใต้,158,4688
2025-01-11,AG-E-052,กรุงเทพฯ,70,2302
2025-01-11,AG-E-052,ภาคกลาง,54,2076
2025-01-11,AG-E-052,ภาคตะวันออก,40,1640
2025-01-11,AG-E-052,ภาคเหนือ,43,1468
2025-01-11,AG-E-052,ภาคใต้,45,1544
2025-01-12,TK-A-001,กรุงเทพฯ,96,3381
2025-01-12,TK-A-001,ภาคกลาง,75,2598
2025-01-12,TK-A-001,ภาคตะวันออก,59,2114
2025-01-12,TK-A-001,ภาคเหนือ,52,1926
2025-01-12,TK-A-001,ภาคใต้,66,1858
2025-01-12,GL-B-014,กรุงเทพฯ,507,17221
2025-01-12,GL-B-014,ภาคกลาง,418,11484
2025-01-12,GL-B-014,ภาคตะวันออก,278,11396
2025-01-12,GL-B-014,ภาคเหนือ,261,8976
2025-01-12,GL-B-014,ภาคใต้,336,9872
2025-01-12,MK-C-028,กรุงเทพฯ,364,12610
2025-01-12,MK-C-028,ภาคกลาง,294,8461
2025-01-12,MK-C-028,ภาคตะวันออก,213,8179
2025-01-12,MK-C-028,ภาคเหนือ,191,7410
2025-01-12,MK-C-028,ภาคใต้,241,7229
2025-01-12,SY-D-039,กรุงเทพฯ,230,8350
2025-01-12,SY-D-039,ภาคกลาง,198,7394
2025-01-12,SY-D-039,ภาคตะวันออก,162,4772
2025-01-12,SY-D-039,ภาคเหนือ,128,4641
2025-01-12,SY-D-039,ภาคใต้,160,5640
2025-01-12,AG-E-052,กรุงเทพฯ,77,2277
2025-01-12,AG-E-052,ภาคกลาง,63,1663
2025-01-12,AG-E-052,ภาคตะวันออก,44,1404
2025-01-12,AG-E-052,ภาคเหนือ,41,1291
2025-01-12,AG-E-052,ภาคใต้,50,1457
2025-01-13,TK-A-001,กรุงเทพฯ,102,3712
2025-01-13,TK-A-001,ภาคกลาง,78,2906
2025-01-13,TK-A-001,ภาคตะวันออก,63,2009
2025-01-13,TK-A-001,ภาคเหนือ,54,1771
2025-01-13,TK-A-001,ภาคใต้,65,2104
2025-01-13,GL-B-014,กรุงเทพฯ,488,16270
2025-01-13,GL-B-014,ภาคกลาง,393,12565
2025-01-13,GL-B-014,ภาคตะวันออก,283,9296
2025-01-13,GL-B-014,ภาคเหนือ,274,9693
2025-01-13,GL-B-014,ภาคใต้,317,11058
2025-01-13,MK-C-028,กรุงเทพฯ,349,13021
2025-01-13,MK-C-028,ภาคกลาง,304,10301
2025-01-13,MK-C-028,ภาคตะวันออก,201,6566
2025-01-13,MK-C-028,ภาคเหนือ,205,6613
2025-01-13,MK-C-028,ภาคใต้,251,8788
2025-01-13,SY-D-039,กรุงเทพฯ,238,7923
2025-01-13,SY-D-039,ภาคกลาง,210,7365
2025-01-13,SY-D-039,ภาคตะวันออก,151,4869
2025-01-13,SY-D-039,ภาคเหนือ,129,3884
2025-01-13,SY-D-039,ภาคใต้,162,4807
2025-01-13,AG-E-052,กรุงเทพฯ,73,2179
2025-01-13,AG-E-052,ภาคกลาง,58,2187
2025-01-13,AG-E-052,ภาคตะวันออก,49,1392
2025-01-13,AG-E-052,ภาคเหนือ,44,1490
2025-01-13,AG-E-052,ภาคใต้,51,1504
2025-01-14,TK-A-001,กรุงเทพฯ,105,3557
2025-01-14,TK-A-001,ภาคกลาง,78,2930
2025-01-14,TK-A-001,ภาคตะวันออก,54,1666
2025-01-14,TK-A-001,ภาคเหนือ,50,1818
2025-01-14,TK-A-001,ภาคใต้,61,2022
2025-01-14,GL-B-014,กรุงเทพฯ,533,17178
2025-01-14,GL-B-014,ภาคกลาง,374,13174
2025-01-14,GL-B-014,ภาคตะวันออก,334,10598
2025-01-14,GL-B-014,ภาคเหนือ,251,7745
2025-01-14,GL-B-014,ภาคใต้,345,11415
2025-01-14,MK-C-028,กรุงเทพฯ,366,11080
2025-01-14,MK-C-028,ภาคกลาง,317,8328
2025-01-14,MK-C-028,ภาคตะวันออก,204,6992
2025-01-14,MK-C-028,ภาคเหนือ,194,7150
2025-01-14,MK-C-028,ภาคใต้,262,8062
2025-01-14,SY-D-039,กรุงเทพฯ,230,9253
2025-01-14,SY-D-039,ภาคกลาง,193,6876
2025-01-14,SY-D-039,ภาคตะวันออก,157,5086
2025-01-14,SY-D-039,ภาคเหนือ,126,4048
2025-01-14,SY-D-039,ภาคใต้,181,4672
2025-01-14,AG-E-052,กรุงเทพฯ,69,2601
2025-01-14,AG-E-052,ภาคกลาง,65,2115
2025-01-14,AG-E-052,ภาคตะวันออก,41,1295
2025-01-14,AG-E-052,ภาคเหนือ,36,1189
2025-01-14,AG-E-052,ภาคใต้,48,1476
2025-01-15,TK-A-001,กรุงเทพฯ,106,3084
2025-01-15,TK-A-001,ภาคกลาง,83,2755
2025-01-15,TK-A-001,ภาคตะวันออก,62,2077
2025-01-15,TK-A-001,ภาคเหนือ,50,1966
2025-01-15,TK-A-001,ภาคใต้,65,2478
2025-01-15,GL-B-014,กรุงเทพฯ,559,17985
2025-01-15,GL-B-014,ภาคกลาง,422,13076
2025-01-15,GL-B-014,ภาคตะวันออก,279,8543
2025-01-15,GL-B-014,ภาคเหนือ,251,10168
2025-01-15,GL-B-014,ภาคใต้,351,12139
2025-01-15,MK-C-028,กรุงเทพฯ,355,12900
2025-01-15,MK-C-028,ภาคกลาง,313,10090
2025-01-15,MK-C-028,ภาคตะวันออก,235,7154
2025-01-15,MK-C-028,ภาคเหนือ,201,5786
2025-01-15,MK-C-028,ภาคใต้,272,6929
2025-01-15,SY-D-039,กรุงเทพฯ,264,8348
2025-01-15,SY-D-039,ภาคกลาง,180,6647
2025-01-15,SY-D-039,ภาคตะวันออก,155,5326
2025-01-15,SY-D-039,ภาคเหนือ,135,4807
2025-01-15,SY-D-039,ภาคใต้,166,5279
2025-01-15,AG-E-052,กรุงเทพฯ,77,2171
2025-01-15,AG-E-052,ภาคกลาง,63,1999
2025-01-15,AG-E-052,ภาคตะวันออก,48,1453
2025-01-15,AG-E-052,ภาคเหนือ,36,1349
2025-01-15,AG-E-052,ภาคใต้,49,1649
2025-01-16,TK-A-001,กรุงเทพฯ,90,2840
2025-01-16,TK-A-001,ภาคกลาง,80,2932
2025-01-16,TK-A-001,ภาคตะวันออก,60,1767
2025-01-16,TK-A-001,ภาคเหนือ,52,1828
2025-01-16,TK-A-001,ภาคใต้,65,2439
2025-01-16,GL-B-014,กรุงเทพฯ,532,18744
2025-01-16,GL-B-014,ภาคกลาง,450,15102
2025-01-16,GL-B-014,ภาคตะวันออก,280,8804
2025-01-16,GL-B-014,ภาคเหนือ,254,10207
2025-01-16,GL-B-014,ภาคใต้,332,12691
2025-01-16,MK-C-028,กรุงเทพฯ,404,10343
2025-01-16,MK-C-028,ภาคกลาง,296,10596
2025-01-16,MK-C-028,ภาคตะวันออก,220,7496
2025-01-16,MK-C-028,ภาคเหนือ,192,6398
2025-01-16,MK-C-028,ภาคใต้,254,8197
2025-01-16,SY-D-039,กรุงเทพฯ,235,8804
2025-01-16,SY-D-039,ภาคกลาง,202,5516
2025-01-16,SY-D-039,ภาคตะวันออก,155,5492
2025-01-16,SY-D-039,ภาคเหนือ,134,3922
2025-01-16,SY-D-039,ภาคใต้,173,6010
2025-01-16,AG-E-052,กรุงเทพฯ,73,2572
2025-01-16,AG-E-052,ภาคกลาง,65,1705
2025-01-16,AG-E-052,ภาคตะวันออก,44,1617
2025-01-16,AG-E-052,ภาคเหนือ,36,1203
2025-01-16,AG-E-052,ภาคใต้,45,1810
2025-01-17,TK-A-001,กรุงเทพฯ,96,3101
2025-01-17,TK-A-001,ภาคกลาง,74,2554
2025-01-17,TK-A-001,ภาคตะวันออก,64,1999
2025-01-17,TK-A-001,ภาคเหนือ,56,1512
2025-01-17,TK-A-001,ภาคใต้,69,2481
2025-01-17,GL-B-014,กรุงเทพฯ,484,17541
2025-01-17,GL-B-014,ภาคกลาง,442,13934
2025-01-17,GL-B-014,ภาคตะวันออก,325,10428
2025-01-17,GL-B-014,ภาคเหนือ,252,9664
2025-01-17,GL-B-014,ภาคใต้,351,12426
2025-01-17,MK-C-028,กรุงเทพฯ,365,11945
2025-01-17,MK-C-028,ภาคกลาง,282,9438
2025-01-17,MK-C-028,ภาคตะวันออก,228,6651
2025-01-17,MK-C-028,ภาคเหนือ,215,5749
2025-01-17,MK-C-028,ภาคใต้,241,7259
2025-01-17,SY-D-039,กรุงเทพฯ,264,8179
2025-01-17,SY-D-039,ภาคกลาง,197,6189
2025-01-17,SY-D-039,ภาคตะวันออก,148,4188
2025-01-17,SY-D-039,ภาคเหนือ,132,4063
2025-01-17,SY-D-039,ภาคใต้,174,4854
2025-01-17,AG-E-052,กรุงเทพฯ,73,2184
2025-01-17,AG-E-052,ภาคกลาง,57,2211
2025-01-17,AG-E-052,ภาคตะวันออก,41,1554
2025-01-17,AG-E-052,ภาคเหนือ,39,1224
2025-01-17,AG-E-052,ภาคใต้,50,1586
2025-01-18,TK-A-001,กรุงเทพฯ,109,2786
2025-01-18,TK-A-001,ภาคกลาง,83,2974
2025-01-18,TK-A-001,ภาคตะวันออก,57,2113
2025-01-18,TK-A-001,ภาคเหนือ,51,1601
2025-01-18,TK-A-001,ภาคใต้,61,2111
2025-01-18,GL-B-014,กรุงเทพฯ,521,16565
2025-01-18,GL-B-014,ภาคกลาง,385,11947
2025-01-18,GL-B-014,ภาคตะวันออก,334,8843
2025-01-18,GL-B-014,ภาคเหนือ,284,9071
2025-01-18,GL-B-014,ภาคใต้,367,12304
2025-01-18,MK-C-028,กรุงเทพฯ,396,12882
2025-01-18,MK-C-028,ภาคกลาง,322,9450
2025-01-18,MK-C-028,ภาคตะวันออก,218,7101
2025-01-18,MK-C-028,ภาคเหนือ,212,6111
2025-01-18,MK-C-028,ภาคใต้,253,8558
2025-01-18,SY-D-039,กรุงเทพฯ,240,8730
2025-01-18,SY-D-039,ภาคกลาง,200,7358
2025-01-18,SY-D-039,ภาคตะวันออก,156,4504
2025-01-18,SY-D-039,ภาคเหนือ,141,4134
2025-01-18,SY-D-039,ภาคใต้,176,5607
2025-01-18,AG-E-052,กรุงเทพฯ,80,2432
2025-01-18,AG-E-052,ภาคกลาง,59,1961
2025-01-18,AG-E-052,ภาคตะวันออก,42,1335
2025-01-18,AG-E-052,ภาคเหนือ,40,1361
2025-01-18,AG-E-052,ภาคใต้,47,1522
2025-01-19,TK-A-001,กรุงเทพฯ,90,3017
2025-01-19,TK-A-001,ภาคกลาง,79,2460
2025-01-19,TK-A-001,ภาคตะวันออก,62,1987
2025-01-19,TK-A-001,ภาคเหนือ,49,1480
2025-01-19,TK-A-001,ภาคใต้,62,2037
2025-01-19,GL-B-014,กรุงเทพฯ,546,17411
2025-01-19,GL-B-014,ภาคกลาง,381,13452
2025-01-19,GL-B-014,ภาคตะวันออก,320,9878
2025-01-19,GL-B-014,ภาคเหนือ,255,7903
2025-01-19,GL-B-014,ภาคใต้,376,10717
2025-01-19,MK-C-028,กรุงเทพฯ,392,10739
2025-01-19,MK-C-028,ภาคกลาง,271,8587
2025-01-19,MK-C-028,ภาคตะวันออก,242,6897
2025-01-19,MK-C-028,ภาคเหนือ,185,6553
2025-01-19,MK-C-028,ภาคใต้,245,9294
2025-01-19,SY-D-039,กรุงเทพฯ,229,7105
2025-01-19,SY-D-039,ภาคกลาง,214,7038
2025-01-19,SY-D-039,ภาคตะวันออก,163,4786
2025-01-19,SY-D-039,ภาคเหนือ,120,4826
2025-01-19,SY-D-039,ภาคใต้,154,5872
2025-01-19,AG-E-052,กรุงเทพฯ,74,2260
2025-01-19,AG-E-052,ภาคกลาง,64,1829
2025-01-19,AG-E-052,ภาคตะวันออก,42,1387
2025-01-19,AG-E-052,ภาคเหนือ,40,1428
2025-01-19,AG-E-052,ภาคใต้,49,1665
2025-01-20,TK-A-001,กรุงเทพฯ,103,3585
2025-01-20,TK-A-001,ภาคกลาง,83,2893
2025-01-20,TK-A-001,ภาคตะวันออก,62,1663
2025-01-20,TK-A-001,ภาคเหนือ,50,1705
2025-01-20,TK-A-001,ภาคใต้,71,1922
2025-01-20,GL-B-014,กรุงเทพฯ,493,18819
2025-01-20,GL-B-014,ภาคกลาง,442,12452
2025-01-20,GL-B-014,ภาคตะวันออก,334,10739
2025-01-20,GL-B-014,ภาคเหนือ,270,8185
2025-01-20,GL-B-014,ภาคใต้,329,12772
2025-01-20,MK-C-028,กรุงเทพฯ,358,13055
2025-01-20,MK-C-028,ภาคกลาง,277,9327
2025-01-20,MK-C-028,ภาคตะวันออก,238,6451
2025-01-20,MK-C-028,ภาคเหนือ,218,6987
2025-01-20,MK-C-028,ภาคใต้,253,9259
2025-01-20,SY-D-039,กรุงเทพฯ,254,8932
2025-01-20,SY-D-039,ภาคกลาง,207,6703
2025-01-20,SY-D-039,ภาคตะวันออก,141,4885
2025-01-20,SY-D-039,ภาคเหนือ,144,3678
2025-01-20,SY-D-039,ภาคใต้,169,4904
2025-01-20,AG-E-052,กรุงเทพฯ,71,2286
2025-01-20,AG-E-052,ภาคกลาง,56,1747
2025-01-20,AG-E-052,ภาคตะวันออก,46,1534
2025-01-20,AG-E-052,ภาคเหนือ,39,1327
2025-01-20,AG-E-052,ภาคใต้,52,1659
2025-01-21,TK-A-001,กรุงเทพฯ,105,3589
2025-01-21,TK-A-001,ภาคกลาง,78,2929
2025-01-21,TK-A-001,ภาคตะวันออก,54,1906
2025-01-21,TK-A-001,ภาคเหนือ,49,1860
2025-01-21,TK-A-001,ภาคใต้,69,1970
2025-01-21,GL-B-014,กรุงเทพฯ,475,15309
2025-01-21,GL-B-014,ภาคกลาง,421,12050
2025-01-21,GL-B-014,ภาคตะวันออก,315,9173
2025-01-21,GL-B-014,ภาคเหนือ,292,10165
2025-01-21,GL-B-014,ภาคใต้,361,12403
2025-01-21,MK-C-028,กรุงเทพฯ,392,11895
2025-01-21,MK-C-028,ภาคกลาง,316,10060
2025-01-21,MK-C-028,ภาคตะวันออก,235,6967
2025-01-21,MK-C-028,ภาคเหนือ,188,6828
2025-01-21,MK-C-028,ภาคใต้,232,9209
2025-01-21,SY-D-039,กรุงเทพฯ,257,7408
2025-01-21,SY-D-039,ภาคกลาง,206,7311
2025-01-21,SY-D-039,ภาคตะวันออก,147,4720
2025-01-21,SY-D-039,ภาคเหนือ,145,4892
2025-01-21,SY-D-039,ภาคใต้,169,4866
2025-01-21,AG-E-052,กรุงเทพฯ,80,2786
2025-01-21,AG-E-052,ภาคกลาง,64,1901
2025-01-21,AG-E-052,ภาคตะวันออก,49,1241
2025-01-21,AG-E-052,ภาคเหนือ,42,1479
2025-01-21,AG-E-052,ภาคใต้,54,1654
2025-01-22,TK-A-001,กรุงเทพฯ,100,3174
2025-01-22,TK-A-001,ภาคกลาง,78,2750
2025-01-22,TK-A-001,ภาคตะวันออก,55,2180
2025-01-22,TK-A-001,ภาคเหนือ,57,1985
2025-01-22,TK-A-001,ภาคใต้,71,1942
2025-01-22,GL-B-014,กรุงเทพฯ,562,17342
2025-01-22,GL-B-014,ภาคกลาง,435,13760
2025-01-22,GL-B-014,ภาคตะวันออก,291,11489
2025-01-22,GL-B-014,ภาคเหนือ,264,8211
2025-01-22,GL-B-014,ภาคใต้,320,12815
2025-01-22,MK-C-028,กรุงเทพฯ,357,12427
2025-01-22,MK-C-028,ภาคกลาง,297,9167
2025-01-22,MK-C-028,ภาคตะวันออก,209,6198
2025-01-22,MK-C-028,ภาคเหนือ,215,7330
2025-01-22,MK-C-028,ภาคใต้,251,9288
2025-01-22,SY-D-039,กรุงเทพฯ,273,7082
2025-01-22,SY-D-039,ภาคกลาง,197,6515
2025-01-22,SY-D-039,ภาคตะวันออก,151,4412
2025-01-22,SY-D-039,ภาคเหนือ,123,4018
2025-01-22,SY-D-039,ภาคใต้,153,5383
2025-01-22,AG-E-052,กรุงเทพฯ,73,2446
2025-01-22,AG-E-052,ภาคกลาง,55,1928
2025-01-22,AG-E-052,ภาคตะวันออก,45,1648
2025-01-22,AG-E-052,ภาคเหนือ,40,1180
2025-01-22,AG-E-052,ภาคใต้,47,1623
2025-01-23,TK-A-001,กรุงเทพฯ,108,3088
2025-01-23,TK-A-001,ภาคกลาง,82,2556
2025-01-23,TK-A-001,ภาคตะวันออก,65,1809
2025-01-23,TK-A-001,ภาคเหนือ,58,1905
2025-01-23,TK-A-001,ภาคใต้,64,2282
2025-01-23,GL-B-014,กรุงเทพฯ,556,14853
2025-01-23,GL-B-014,ภาคกลาง,398,13893
2025-01-23,GL-B-014,ภาคตะวันออก,336,11473
2025-01-23,GL-B-014,ภาคเหนือ,267,9511
2025-01-23,GL-B-014,ภาคใต้,330,9702
2025-01-23,MK-C-028,กรุงเทพฯ,360,10787
2025-01-23,MK-C-028,ภาคกลาง,291,10213
2025-01-23,MK-C-028,ภาคตะวันออก,230,7412
2025-01-23,MK-C-028,ภาคเหนือ,182,5969
2025-01-23,MK-C-028,ภาคใต้,252,7288
2025-01-23,SY-D-039,กรุงเทพฯ,237,7684
2025-01-23,SY-D-039,ภาคกลาง,208,6242
2025-01-23,SY-D-039,ภาคตะวันออก,147,4930
2025-01-23,SY-D-039,ภาคเหนือ,121,4770
2025-01-23,SY-D-039,ภาคใต้,173,5189
2025-01-23,AG-E-052,กรุงเทพฯ,82,2152
2025-01-23,AG-E-052,ภาคกลาง,63,1654
2025-01-23,AG-E-052,ภาคตะวันออก,43,1555
2025-01-23,AG-E-052,ภาคเหนือ,39,1359
2025-01-23,AG-E-052,ภาคใต้,47,1736
2025-01-24,TK-A-001,กรุงเทพฯ,95,3656
2025-01-24,TK-A-001,ภาคกลาง,86,2270
2025-01-24,TK-A-001,ภาคตะวันออก,63,1671
2025-01-24,TK-A-001,ภาคเหนือ,51,1496
2025-01-24,TK-A-001,ภาคใต้,67,2002
2025-01-24,GL-B-014,กรุงเทพฯ,518,18453
2025-01-24,GL-B-014,ภาคกลาง,431,14678
2025-01-24,GL-B-014,ภาคตะวันออก,302,8923
2025-01-24,GL-B-014,ภาคเหนือ,285,9924
2025-01-24,GL-B-014,ภาคใต้,331,12577
2025-01-24,MK-C-028,กรุงเทพฯ,376,12226
2025-01-24,MK-C-028,ภาคกลาง,278,8938
2025-01-24,MK-C-028,ภาคตะวันออก,242,6225
2025-01-24,MK-C-028,ภาคเหนือ,184,6059
2025-01-24,MK-C-028,ภาคใต้,250,8002
2025-01-24,SY-D-039,กรุงเทพฯ,261,7746
2025-01-24,SY-D-039,ภาคกลาง,181,6968
2025-01-24,SY-D-039,ภาคตะวันออก,153,4770
2025-01-24,SY-D-039,ภาคเหนือ,126,4387
2025-01-24,SY-D-039,ภาคใต้,168,5055
2025-01-24,AG-E-052,กรุงเทพฯ,79,2443
2025-01-24,AG-E-052,ภาคกลาง,58,1992
2025-01-24,AG-E-052,ภาคตะวันออก,48,1290
2025-01-24,AG-E-052,ภาคเหนือ,42,1205
2025-01-24,AG-E-052,ภาคใต้,53,1719
2025-01-25,TK-A-001,กรุงเทพฯ,99,3010
2025-01-25,TK-A-001,ภาคกลาง,73,2783
2025-01-25,TK-A-001,ภาคตะวันออก,65,1752
2025-01-25,TK-A-001,ภาคเหนือ,56,1631
2025-01-25,TK-A-001,ภาคใต้,74,2232
2025-01-25,GL-B-014,กรุงเทพฯ,542,15527
2025-01-25,GL-B-014,ภาคกลาง,429,12622
2025-01-25,GL-B-014,ภาคตะวันออก,335,10629
2025-01-25,GL-B-014,ภาคเหนือ,290,7985
2025-01-25,GL-B-014,ภาคใต้,377,11799
2025-01-25,MK-C-028,กรุงเทพฯ,379,12961
2025-01-25,MK-C-028,ภาคกลาง,302,9159
2025-01-25,MK-C-028,ภาคตะวันออก,247,6501
2025-01-25,MK-C-028,ภาคเหนือ,188,6215
2025-01-25,MK-C-028,ภาคใต้,230,7128
2025-01-25,SY-D-039,กรุงเทพฯ,258,8303
2025-01-25,SY-D-039,ภาคกลาง,207,6526
2025-01-25,SY-D-039,ภาคตะวันออก,150,4147
2025-01-25,SY-D-039,ภาคเหนือ,145,3960
2025-01-25,SY-D-039,ภาคใต้,179,5928
2025-01-25,AG-E-052,กรุงเทพฯ,70,2356
2025-01-25,AG-E-052,ภาคกลาง,64,2217
2025-01-25,AG-E-052,ภาคตะวันออก,41,1669
2025-01-25,AG-E-052,ภาคเหนือ,40,1173
2025-01-25,AG-E-052,ภาคใต้,46,1409
2025-01-26,TK-A-001,กรุงเทพฯ,104,3164
2025-01-26,TK-A-001,ภาคกลาง,75,2952
2025-01-26,TK-A-001,ภาคตะวันออก,58,2051
2025-01-26,TK-A-001,ภาคเหนือ,52,1804
2025-01-26,TK-A-001,ภาคใต้,61,2311
2025-01-26,GL-B-014,กรุงเทพฯ,537,17172
2025-01-26,GL-B-014,ภาคกลาง,390,12682
2025-01-26,GL-B-014,ภาคตะวันออก,325,9302
2025-01-26,GL-B-014,ภาคเหนือ,287,9730
2025-01-26,GL-B-014,ภาคใต้,367,12194
2025-01-26,MK-C-028,กรุงเทพฯ,365,11194
2025-01-26,MK-C-028,ภาคกลาง,318,10384
2025-01-26,MK-C-028,ภาคตะวันออก,227,7312
2025-01-26,MK-C-028,ภาคเหนือ,183,6281
2025-01-26,MK-C-028,ภาคใต้,272,9098
2025-01-26,SY-D-039,กรุงเทพฯ,264,9159
2025-01-26,SY-D-039,ภาคกลาง,213,5968
2025-01-26,SY-D-039,ภาคตะวันออก,163,5232
2025-01-26,SY-D-039,ภาคเหนือ,136,4272
2025-01-26,SY-D-039,ภาคใต้,159,5618
2025-01-26,AG-E-052,กรุงเทพฯ,70,2359
2025-01-26,AG-E-052,ภาคกลาง,55,1837
2025-01-26,AG-E-052,ภาคตะวันออก,48,1675
2025-01-26,AG-E-052,ภาคเหนือ,42,1448
2025-01-26,AG-E-052,ภาคใต้,46,1430
2025-01-27,TK-A-001,กรุงเทพฯ,103,3237
2025-01-27,TK-A-001,ภาคกลาง,77,2205
2025-01-27,TK-A-001,ภาคตะวันออก,64,1695
2025-01-27,TK-A-001,ภาคเหนือ,56,1897
2025-01-27,TK-A-001,ภาคใต้,62,1977
2025-01-27,GL-B-014,กรุงเทพฯ,504,18411
2025-01-27,GL-B-014,ภาคกลาง,407,12958
2025-01-27,GL-B-014,ภาคตะวันออก,295,8960
2025-01-27,GL-B-014,ภาคเหนือ,256,10225
2025-01-27,GL-B-014,ภาคใต้,345,10270
2025-01-27,MK-C-028,กรุงเทพฯ,381,10406
2025-01-27,MK-C-028,ภาคกลาง,333,9931
2025-01-27,MK-C-028,ภาคตะวันออก,250,7339
2025-01-27,MK-C-028,ภาคเหนือ,194,7338
2025-01-27,MK-C-028,ภาคใต้,244,8746
2025-01-27,SY-D-039,กรุงเทพฯ,251,7992
2025-01-27,SY-D-039,ภาคกลาง,193,7436
2025-01-27,SY-D-039,ภาคตะวันออก,150,4623
2025-01-27,SY-D-039,ภาคเหนือ,131,4058
2025-01-27,SY-D-039,ภาคใต้,160,6002
2025-01-27,AG-E-052,กรุงเทพฯ,80,2611
2025-01-27,AG-E-052,ภาคกลาง,60,1753
2025-01-27,AG-E-052,ภาคตะวันออก,41,1659
2025-01-27,AG-E-052,ภาคเหนือ,40,1356
2025-01-27,AG-E-052,ภาคใต้,52,1706
2025-01-28,TK-A-001,กรุงเทพฯ,91,3093
2025-01-28,TK-A-001,ภาคกลาง,88,2295
2025-01-28,TK-A-001,ภาคตะวันออก,59,1917
2025-01-28,TK-A-001,ภาคเหนือ,54,1511
2025-01-28,TK-A-001,ภาคใต้,70,2332
2025-01-28,GL-B-014,กรุงเทพฯ,533,14716
2025-01-28,GL-B-014,ภาคกลาง,426,14863
2025-01-28,GL-B-014,ภาคตะวันออก,303,8963
2025-01-28,GL-B-014,ภาคเหนือ,289,8201
2025-01-28,GL-B-014,ภาคใต้,343,11690
2025-01-28,MK-C-028,กรุงเทพฯ,359,12573
2025-01-28,MK-C-028,ภาคกลาง,328,10979
2025-01-28,MK-C-028,ภาคตะวันออก,216,7110
2025-01-28,MK-C-028,ภาคเหนือ,197,5607
2025-01-28,MK-C-028,ภาคใต้,256,8868
2025-01-28,SY-D-039,กรุงเทพฯ,247,9312
2025-01-28,SY-D-039,ภาคกลาง,186,7303
2025-01-28,SY-D-039,ภาคตะวันออก,143,5039
2025-01-28,SY-D-039,ภาคเหนือ,123,4031
2025-01-28,SY-D-039,ภาคใต้,172,5407
2025-01-28,AG-E-052,กรุงเทพฯ,73,2313
2025-01-28,AG-E-052,ภาคกลาง,67,2233
2025-01-28,AG-E-052,ภาคตะวันออก,45,1627
2025-01-28,AG-E-052,ภาคเหนือ,37,1464
2025-01-28,AG-E-052,ภาคใต้,50,1584
2025-01-29,TK-A-001,กรุงเทพฯ,110,3531
2025-01-29,TK-A-001,ภาคกลาง,84,2239
2025-01-29,TK-A-001,ภาคตะวันออก,61,1859
2025-01-29,TK-A-001,ภาคเหนือ,59,1636
2025-01-29,TK-A-001,ภาคใต้,64,2467
2025-01-29,GL-B-014,กรุงเทพฯ,498,15126
2025-01-29,GL-B-014,ภาคกลาง,419,12425
2025-01-29,GL-B-014,ภาคตะวันออก,308,11071
2025-01-29,GL-B-014,ภาคเหนือ,307,9271
2025-01-29,GL-B-014,ภาคใต้,377,10440
2025-01-29,MK-C-028,กรุงเทพฯ,403,13790
2025-01-29,MK-C-028,ภาคกลาง,328,10596
2025-01-29,MK-C-028,ภาคตะวันออก,230,7207
2025-01-29,MK-C-028,ภาคเหนือ,217,6630
2025-01-29,MK-C-028,ภาคใต้,250,8084
2025-01-29,SY-D-039,กรุงเทพฯ,279,7966
2025-01-29,SY-D-039,ภาคกลาง,212,6982
2025-01-29,SY-D-039,ภาคตะวันออก,160,4372
2025-01-29,SY-D-039,ภาคเหนือ,142,3984
2025-01-29,SY-D-039,ภาคใต้,162,6062
2025-01-29,AG-E-052,กรุงเทพฯ,70,2741
2025-01-29,AG-E-052,ภาคกลาง,64,2125
2025-01-29,AG-E-052,ภาคตะวันออก,42,1636
2025-01-29,AG-E-052,ภาคเหนือ,40,1393
2025-01-29,AG-E-052,ภาคใต้,55,1676
2025-01-30,TK-A-001,กรุงเทพฯ,109,3471
2025-01-30,TK-A-001,ภาคกลาง,83,2369
2025-01-30,TK-A-001,ภาคตะวันออก,61,1973
2025-01-30,TK-A-001,ภาคเหนือ,55,1670
2025-01-30,TK-A-001,ภาคใต้,74,2169
2025-01-30,GL-B-014,กรุงเทพฯ,488,14695
2025-01-30,GL-B-014,ภาคกลาง,433,13661
2025-01-30,GL-B-014,ภาคตะวันออก,328,11433
2025-01-30,GL-B-014,ภาคเหนือ,292,10240
2025-01-30,GL-B-014,ภาคใต้,323,11018
2025-01-30,MK-C-028,กรุงเทพฯ,353,11999
2025-01-30,MK-C-028,ภาคกลาง,332,11156
2025-01-30,MK-C-028,ภาคตะวันออก,243,6842
2025-01-30,MK-C-028,ภาคเหนือ,187,6537
2025-01-30,MK-C-028,ภาคใต้,257,7044
2025-01-30,SY-D-039,กรุงเทพฯ,254,7994
2025-01-30,SY-D-039,ภาคกลาง,223,7279
2025-01-30,SY-D-039,ภาคตะวันออก,160,5195
2025-01-30,SY-D-039,ภาคเหนือ,135,4005
2025-01-30,SY-D-039,ภาคใต้,156,5494
2025-01-30,AG-E-052,กรุงเทพฯ,80,2642
2025-01-30,AG-E-052,ภาคกลาง,62,1734
2025-01-30,AG-E-052,ภาคตะวันออก,44,1606
2025-01-30,AG-E-052,ภาคเหนือ,42,1189
2025-01-30,AG-E-052,ภาคใต้,54,1646
2025-01-31,TK-A-001,กรุงเทพฯ,96,3252
2025-01-31,TK-A-001,ภาคกลาง,86,2611
2025-01-31,TK-A-001,ภาคตะวันออก,68,1741
2025-01-31,TK-A-001,ภาคเหนือ,59,1849
2025-01-31,TK-A-001,ภาคใต้,73,2391
2025-01-31,GL-B-014,กรุงเทพฯ,571,19083
2025-01-31,GL-B-014,ภาคกลาง,408,13047
2025-01-31,GL-B-014,ภาคตะวันออก,306,8826
2025-01-31,GL-B-014,ภาคเหนือ,268,9138
2025-01-31,GL-B-014,ภาคใต้,353,12349
2025-01-31,MK-C-028,กรุงเทพฯ,369,12671
2025-01-31,MK-C-028,ภาคกลาง,308,8300
2025-01-31,MK-C-028,ภาคตะวันออก,241,6600
2025-01-31,MK-C-028,ภาคเหนือ,223,5652
2025-01-31,MK-C-028,ภาคใต้,246,8728
2025-01-31,SY-D-039,กรุงเทพฯ,259,9084
2025-01-31,SY-D-039,ภาคกลาง,216,6583
2025-01-31,SY-D-039,ภาคตะวันออก,163,5477
2025-01-31,SY-D-039,ภาคเหนือ,127,4024
2025-01-31,SY-D-039,ภาคใต้,188,5788
2025-01-31,AG-E-052,กรุงเทพฯ,77,2620
2025-01-31,AG-E-052,ภาคกลาง,62,1885
2025-01-31,AG-E-052,ภาคตะวันออก,49,1301
2025-01-31,AG-E-052,ภาคเหนือ,38,1334
2025-01-31,AG-E-052,ภาคใต้,49,1608
2025-02-01,TK-A-001,กรุงเทพฯ,105,3282
2025-02-01,TK-A-001,ภาคกลาง,75,2364
2025-02-01,TK-A-001,ภาคตะวันออก,60,1830
2025-02-01,TK-A-001,ภาคเหนือ,55,1944
2025-02-01,TK-A-001,ภาคใต้,63,2387
2025-02-01,GL-B-014,กรุงเทพฯ,520,15036
2025-02-01,GL-B-014,ภาคกลาง,410,11822
2025-02-01,GL-B-014,ภาคตะวันออก,346,9641
2025-02-01,GL-B-014,ภาคเหนือ,265,9560
2025-02-01,GL-B-014,ภาคใต้,364,9857
2025-02-01,MK-C-028,กรุงเทพฯ,395,11951
2025-02-01,MK-C-028,ภาคกลาง,284,8989
2025-02-01,MK-C-028,ภาคตะวันออก,217,6357
2025-02-01,MK-C-028,ภาคเหนือ,206,6838
2025-02-01,MK-C-028,ภาคใต้,262,8691
2025-02-01,SY-D-039,กรุงเทพฯ,242,8784
2025-02-01,SY-D-039,ภาคกลาง,192,7037
2025-02-01,SY-D-039,ภาคตะวันออก,155,5156
2025-02-01,SY-D-039,ภาคเหนือ,148,4067
2025-02-01,SY-D-039,ภาคใต้,167,4865
2025-02-01,AG-E-052,กรุงเทพฯ,75,2438
2025-02-01,AG-E-052,ภาคกลาง,63,1898
2025-02-01,AG-E-052,ภาคตะวันออก,48,1347
2025-02-01,AG-E-052,ภาคเหนือ,44,1250
2025-02-01,AG-E-052,ภาคใต้,48,1528
2025-02-02,TK-A-001,กรุงเทพฯ,96,3065
2025-02-02,TK-A-001,ภาคกลาง,90,2590
2025-02-02,TK-A-001,ภาคตะวันออก,57,1930
2025-02-02,TK-A-001,ภาคเหนือ,56,1711
2025-02-02,TK-A-001,ภาคใต้,71,2144
2025-02-02,GL-B-014,กรุงเทพฯ,491,18577
2025-02-02,GL-B-014,ภาคกลาง,438,13368
2025-02-02,GL-B-014,ภาคตะวันออก,342,9489
2025-02-02,GL-B-014,ภาคเหนือ,283,8869
2025-02-02,GL-B-014,ภาคใต้,339,10047
2025-02-02,MK-C-028,กรุงเทพฯ,389,13657
2025-02-02,MK-C-028,ภาคกลาง,337,8746
2025-02-02,MK-C-028,ภาคตะวันออก,230,8204
2025-02-02,MK-C-028,ภาคเหนือ,198,6309
2025-02-02,MK-C-028,ภาคใต้,235,8513
2025-02-02,SY-D-039,กรุงเทพฯ,250,7522
2025-02-02,SY-D-039,ภาคกลาง,222,6360
2025-02-02,SY-D-039,ภาคตะวันออก,159,4214
2025-02-02,SY-D-039,ภาคเหนือ,150,4623
2025-02-02,SY-D-039,ภาคใต้,164,5920
2025-02-02,AG-E-052,กรุงเทพฯ,81,2314
2025-02-02,AG-E-052,ภาคกลาง,57,1840
2025-02-02,AG-E-052,ภาคตะวันออก,45,1350
2025-02-02,AG-E-052,ภาคเหนือ,42,1151
2025-02-02,AG-E-052,ภาคใต้,56,1749
2025-02-03,TK-A-001,กรุงเทพฯ,97,3301
2025-02-03,TK-A-001,ภาคกลาง,88,2406
2025-02-03,TK-A-001,ภาคตะวันออก,57,2055
2025-02-03,TK-A-001,ภาคเหนือ,56,1689
2025-02-03,TK-A-001,ภาคใต้,74,2301
2025-02-03,GL-B-014,กรุงเทพฯ,492,18946
2025-02-03,GL-B-014,ภาคกลาง,440,13262
2025-02-03,GL-B-014,ภาคตะวันออก,315,11239
2025-02-03,GL-B-014,ภาคเหนือ,313,9739
2025-02-03,GL-B-014,ภาคใต้,356,11002
2025-02-03,MK-C-028,กรุงเทพฯ,385,10854
2025-02-03,MK-C-028,ภาคกลาง,337,9711
2025-02-03,MK-C-028,ภาคตะวันออก,255,7242
2025-02-03,MK-C-028,ภาคเหนือ,198,6167
2025-02-03,MK-C-028,ภาคใต้,276,8057
2025-02-03,SY-D-039,กรุงเทพฯ,266,8572
2025-02-03,SY-D-039,ภาคกลาง,188,6823
2025-02-03,SY-D-039,ภาคตะวันออก,168,4808
2025-02-03,SY-D-039,ภาคเหนือ,143,4612
2025-02-03,SY-D-039,ภาคใต้,172,4752
2025-02-03,AG-E-052,กรุงเทพฯ,71,2278
2025-02-03,AG-E-052,ภาคกลาง,66,1968
2025-02-03,AG-E-052,ภาคตะวันออก,45,1271
2025-02-03,AG-E-052,ภาคเหนือ,44,1108
2025-02-03,AG-E-052,ภาคใต้,56,1828
2025-02-04,TK-A-001,กรุงเทพฯ,104,2956
2025-02-04,TK-A-001,ภาคกลาง,80,2367
2025-02-04,TK-A-001,ภาคตะวันออก,62,1973
2025-02-04,TK-A-001,ภาคเหนือ,54,1843
2025-02-04,TK-A-001,ภาคใต้,72,2272
2025-02-04,GL-B-014,กรุงเทพฯ,501,18792
2025-02-04,GL-B-014,ภาคกลาง,432,12501
2025-02-04,GL-B-014,ภาคตะวันออก,336,9169
2025-02-04,GL-B-014,ภาคเหนือ,260,10049
2025-02-04,GL-B-014,ภาคใต้,367,11751
2025-02-04,MK-C-028,กรุงเทพฯ,400,12140
2025-02-04,MK-C-028,ภาคกลาง,340,9060
2025-02-04,MK-C-028,ภาคตะวันออก,226,7218
2025-02-04,MK-C-028,ภาคเหนือ,224,6456
2025-02-04,MK-C-028,ภาคใต้,267,6911
2025-02-04,SY-D-039,กรุงเทพฯ,274,7230
2025-02-04,SY-D-039,ภาคกลาง,203,6895
2025-02-04,SY-D-039,ภาคตะวันออก,166,4946
2025-02-04,SY-D-039,ภาคเหนือ,143,4314
2025-02-04,SY-D-039,ภาคใต้,190,5323
2025-02-04,AG-E-052,กรุงเทพฯ,84,2661
2025-02-04,AG-E-052,ภาคกลาง,63,1769
2025-02-04,AG-E-052,ภาคตะวันออก,43,1426
2025-02-04,AG-E-052,ภาคเหนือ,43,1249
2025-02-04,AG-E-052,ภาคใต้,50,1454
2025-02-05,TK-A-001,กรุงเทพฯ,104,3451
2025-02-05,TK-A-001,ภาคกลาง,83,2638
2025-02-05,TK-A-001,ภาคตะวันออก,60,2134
2025-02-05,TK-A-001,ภาคเหนือ,59,1650
2025-02-05,TK-A-001,ภาคใต้,67,2087
2025-02-05,GL-B-014,กรุงเทพฯ,575,19155
2025-02-05,GL-B-014,ภาคกลาง,444,14073
2025-02-05,GL-B-014,ภาคตะวันออก,306,11018
2025-02-05,GL-B-014,ภาคเหนือ,304,8911
2025-02-05,GL-B-014,ภาคใต้,365,11910
2025-02-05,MK-C-028,กรุงเทพฯ,389,10641
2025-02-05,MK-C-028,ภาคกลาง,318,11101
2025-02-05,MK-C-028,ภาคตะวันออก,231,7101
2025-02-05,MK-C-028,ภาคเหนือ,203,7327
2025-02-05,MK-C-028,ภาคใต้,285,9116
2025-02-05,SY-D-039,กรุงเทพฯ,250,8965
2025-02-05,SY-D-039,ภาคกลาง,220,7030
2025-02-05,SY-D-039,ภาคตะวันออก,150,5031
2025-02-05,SY-D-039,ภาคเหนือ,131,3825
2025-02-05,SY-D-039,ภาคใต้,182,5333
2025-02-05,AG-E-052,กรุงเทพฯ,83,2587
2025-02-05,AG-E-052,ภาคกลาง,67,2189
2025-02-05,AG-E-052,ภาคตะวันออก,43,1349
2025-02-05,AG-E-052,ภาคเหนือ,45,1309
2025-02-05,AG-E-052,ภาคใต้,55,1419
2025-02-06,TK-A-001,กรุงเทพฯ,101,2766
2025-02-06,TK-A-001,ภาคกลาง,87,2246
2025-02-06,TK-A-001,ภาคตะวันออก,63,2227
2025-02-06,TK-A-001,ภาคเหนือ,54,1922
2025-02-06,TK-A-001,ภาคใต้,72,2157
2025-02-06,GL-B-014,กรุงเทพฯ,516,14602
2025-02-06,GL-B-014,ภาคกลาง,434,14715
2025-02-06,GL-B-014,ภาคตะวันออก,340,10280
2025-02-06,GL-B-014,ภาคเหนือ,291,8651
2025-02-06,GL-B-014,ภาคใต้,379,10635
2025-02-06,MK-C-028,กรุงเทพฯ,412,12916
2025-02-06,MK-C-028,ภาคกลาง,342,10236
2025-02-06,MK-C-028,ภาคตะวันออก,236,7758
2025-02-06,MK-C-028,ภาคเหนือ,205,5783
2025-02-06,MK-C-028,ภาคใต้,277,9262
2025-02-06,SY-D-039,กรุงเทพฯ,253,7300
2025-02-06,SY-D-039,ภาคกลาง,229,6539
2025-02-06,SY-D-039,ภาคตะวันออก,155,5306
2025-02-06,SY-D-039,ภาคเหนือ,144,4105
2025-02-06,SY-D-039,ภาคใต้,165,4872
2025-02-06,AG-E-052,กรุงเทพฯ,85,2565
2025-02-06,AG-E-052,ภาคกลาง,66,2009
2025-02-06,AG-E-052,ภาคตะวันออก,43,1254
2025-02-06,AG-E-052,ภาคเหนือ,42,1324
2025-02-06,AG-E-052,ภาคใต้,52,1383
2025-02-07,TK-A-001,กรุงเทพฯ,97,3439
2025-02-07,TK-A-001,ภาคกลาง,87,2714
2025-02-07,TK-A-001,ภาคตะวันออก,64,2087
2025-02-07,TK-A-001,ภาคเหนือ,53,1539
2025-02-07,TK-A-001,ภาคใต้,66,1909
2025-02-07,GL-B-014,กรุงเทพฯ,516,16417
2025-02-07,GL-B-014,ภาคกลาง,450,12793
2025-02-07,GL-B-014,ภาคตะวันออก,327,11060
2025-02-07,GL-B-014,ภาคเหนือ,305,9739
2025-02-07,GL-B-014,ภาคใต้,345,9975
2025-02-07,MK-C-028,กรุงเทพฯ,393,10932
2025-02-07,MK-C-028,ภาคกลาง,307,11101
2025-02-07,MK-C-028,ภาคตะวันออก,227,7966
2025-02-07,MK-C-028,ภาคเหนือ,221,6610
2025-02-07,MK-C-028,ภาคใต้,291,9312
2025-02-07,SY-D-039,กรุงเทพฯ,249,9234
2025-02-07,SY-D-039,ภาคกลาง,210,6334
2025-02-07,SY-D-039,ภาคตะวันออก,162,4852
2025-02-07,SY-D-039,ภาคเหนือ,153,4527
2025-02-07,SY-D-039,ภาคใต้,183,5967
2025-02-07,AG-E-052,กรุงเทพฯ,85,2396
2025-02-07,AG-E-052,ภาคกลาง,59,1840
2025-02-07,AG-E-052,ภาคตะวันออก,51,1674
2025-02-07,AG-E-052,ภาคเหนือ,46,1445
2025-02-07,AG-E-052,ภาคใต้,54,1631
2025-02-08,TK-A-001,กรุงเทพฯ,111,2934
2025-02-08,TK-A-001,ภาคกลาง,88,2959
2025-02-08,TK-A-001,ภาคตะวันออก,67,2073
2025-02-08,TK-A-001,ภาคเหนือ,53,1708
2025-02-08,TK-A-001,ภาคใต้,65,2267
2025-02-08,GL-B-014,กรุงเทพฯ,501,18541
2025-02-08,GL-B-014,ภาคกลาง,402,12016
2025-02-08,GL-B-014,ภาคตะวันออก,315,10764
2025-02-08,GL-B-014,ภาคเหนือ,313,7740
2025-02-08,GL-B-014,ภาคใต้,370,10905
2025-02-08,MK-C-028,กรุงเทพฯ,377,11836
2025-02-08,MK-C-028,ภาคกลาง,306,11079
2025-02-08,MK-C-028,ภาคตะวันออก,219,6625
2025-02-08,MK-C-028,ภาคเหนือ,234,5956
2025-02-08,MK-C-028,ภาคใต้,245,6908
2025-02-08,SY-D-039,กรุงเทพฯ,254,8009
2025-02-08,SY-D-039,ภาคกลาง,219,7176
2025-02-08,SY-D-039,ภาคตะวันออก,169,5559
2025-02-08,SY-D-039,ภาคเหนือ,140,3907
2025-02-08,SY-D-039,ภาคใต้,174,6018
2025-02-08,AG-E-052,กรุงเทพฯ,77,2581
2025-02-08,AG-E-052,ภาคกลาง,61,2187
2025-02-08,AG-E-052,ภาคตะวันออก,45,1620
2025-02-08,AG-E-052,ภาคเหนือ,46,1451
2025-02-08,AG-E-052,ภาคใต้,56,1775
2025-02-09,TK-A-001,กรุงเทพฯ,103,3052
2025-02-09,TK-A-001,ภาคกลาง,86,2416
2025-02-09,TK-A-001,ภาคตะวันออก,58,2217
2025-02-09,TK-A-001,ภาคเหนือ,56,1860
2025-02-09,TK-A-001,ภาคใต้,74,2459
2025-02-09,GL-B-014,กรุงเทพฯ,604,18988
2025-02-09,GL-B-014,ภาคกลาง,470,11904
2025-02-09,GL-B-014,ภาคตะวันออก,356,9166
2025-02-09,GL-B-014,ภาคเหนือ,273,9839
2025-02-09,GL-B-014,ภาคใต้,404,11138
2025-02-09,MK-C-028,กรุงเทพฯ,401,13582
2025-02-09,MK-C-028,ภาคกลาง,313,8880
2025-02-09,MK-C-028,ภาคตะวันออก,265,7739
2025-02-09,MK-C-028,ภาคเหนือ,217,7031
2025-02-09,MK-C-028,ภาคใต้,281,7306
2025-02-09,SY-D-039,กรุงเทพฯ,248,9069
2025-02-09,SY-D-039,ภาคกลาง,212,7148
2025-02-09,SY-D-039,ภาคตะวันออก,166,5246
2025-02-09,SY-D-039,ภาคเหนือ,131,4053
2025-02-09,SY-D-039,ภาคใต้,168,5947
2025-02-09,AG-E-052,กรุงเทพฯ,83,2685
2025-02-09,AG-E-052,ภาคกลาง,61,2131
2025-02-09,AG-E-052,ภาคตะวันออก,49,1261
2025-02-09,AG-E-052,ภาคเหนือ,42,1461
2025-02-09,AG-E-052,ภาคใต้,51,1607
2025-02-10,TK-A-001,กรุงเทพฯ,108,3425
2025-02-10,TK-A-001,ภาคกลาง,87,2856
2025-02-10,TK-A-001,ภาคตะวันออก,70,2141
2025-02-10,TK-A-001,ภาคเหนือ,58,1739
2025-02-10,TK-A-001,ภาคใต้,70,2459
2025-02-10,GL-B-014,กรุงเทพฯ,556,18471
2025-02-10,GL-B-014,ภาคกลาง,467,11593
2025-02-10,GL-B-014,ภาคตะวันออก,331,11057
2025-02-10,GL-B-014,ภาคเหนือ,286,7901
2025-02-10,GL-B-014,ภาคใต้,347,10467
2025-02-10,MK-C-028,กรุงเทพฯ,374,11877
2025-02-10,MK-C-028,ภาคกลาง,305,9215
2025-02-10,MK-C-028,ภาคตะวันออก,260,6500
2025-02-10,MK-C-028,ภาคเหนือ,228,6997
2025-02-10,MK-C-028,ภาคใต้,266,7697
2025-02-10,SY-D-039,กรุงเทพฯ,252,7032
2025-02-10,SY-D-039,ภาคกลาง,221,6859
2025-02-10,SY-D-039,ภาคตะวันออก,154,4972
2025-02-10,SY-D-039,ภาคเหนือ,135,4171
2025-02-10,SY-D-039,ภาคใต้,163,5280
2025-02-10,AG-E-052,กรุงเทพฯ,81,2697
2025-02-10,AG-E-052,ภาคกลาง,68,1776
2025-02-10,AG-E-052,ภาคตะวันออก,50,1536
2025-02-10,AG-E-052,ภาคเหนือ,40,1238
2025-02-10,AG-E-052,ภาคใต้,54,1594
2025-02-11,TK-A-001,กรุงเทพฯ,107,3562
2025-02-11,TK-A-001,ภาคกลาง,89,2698
2025-02-11,TK-A-001,ภาคตะวันออก,67,1994
2025-02-11,TK-A-001,ภาคเหนือ,57,1888
2025-02-11,TK-A-001,ภาคใต้,66,2376
2025-02-11,GL-B-014,กรุงเทพฯ,555,16258
2025-02-11,GL-B-014,ภาคกลาง,415,11597
2025-02-11,GL-B-014,ภาคตะวันออก,326,9506
2025-02-11,GL-B-014,ภาคเหนือ,324,8875
2025-02-11,GL-B-014,ภาคใต้,360,12146
2025-02-11,MK-C-028,กรุงเทพฯ,393,11235
2025-02-11,MK-C-028,ภาคกลาง,357,9262
2025-02-11,MK-C-028,ภาคตะวันออก,229,7489
2025-02-11,MK-C-028,ภาคเหนือ,207,7088
2025-02-11,MK-C-028,ภาคใต้,289,8632
2025-02-11,SY-D-039,กรุงเทพฯ,283,8742
2025-02-11,SY-D-039,ภาคกลาง,228,6073
2025-02-11,SY-D-039,ภาคตะวันออก,176,5200
2025-02-11,SY-D-039,ภาคเหนือ,133,4437
2025-02-11,SY-D-039,ภาคใต้,186,4787
2025-02-11,AG-E-052,กรุงเทพฯ,86,2667
2025-02-11,AG-E-052,ภาคกลาง,59,2086
2025-02-11,AG-E-052,ภาคตะวันออก,51,1312
2025-02-11,AG-E-052,ภาคเหนือ,40,1208
2025-02-11,AG-E-052,ภาคใต้,52,1590
2025-02-12,TK-A-001,กรุงเทพฯ,99,2897
2025-02-12,TK-A-001,ภาคกลาง,82,2657
2025-02-12,TK-A-001,ภาคตะวันออก,68,2022
2025-02-12,TK-A-001,ภาคเหนือ,60,1630
2025-02-12,TK-A-001,ภาคใต้,79,1924
2025-02-12,GL-B-014,กรุงเทพฯ,610,16937
2025-02-12,GL-B-014,ภาคกลาง,492,15274
2025-02-12,GL-B-014,ภาคตะวันออก,336,10242
2025-02-12,GL-B-014,ภาคเหนือ,316,7899
2025-02-12,GL-B-014,ภาคใต้,366,9703
2025-02-12,MK-C-028,กรุงเทพฯ,380,13114
2025-02-12,MK-C-028,ภาคกลาง,331,9217
2025-02-12,MK-C-028,ภาคตะวันออก,224,7508
2025-02-12,MK-C-028,ภาคเหนือ,232,6243
2025-02-12,MK-C-028,ภาคใต้,300,7241
2025-02-12,SY-D-039,กรุงเทพฯ,295,8957
2025-02-12,SY-D-039,ภาคกลาง,228,6800
2025-02-12,SY-D-039,ภาคตะวันออก,153,5283
2025-02-12,SY-D-039,ภาคเหนือ,145,4146
2025-02-12,SY-D-039,ภาคใต้,165,5752
2025-02-12,AG-E-052,กรุงเทพฯ,80,2771
2025-02-12,AG-E-052,ภาคกลาง,62,2046
2025-02-12,AG-E-052,ภาคตะวันออก,50,1611
2025-02-12,AG-E-052,ภาคเหนือ,44,1129
2025-02-12,AG-E-052,ภาคใต้,57,1536
2025-02-13,TK-A-001,กรุงเทพฯ,105,3242
2025-02-13,TK-A-001,ภาคกลาง,89,2834
2025-02-13,TK-A-001,ภาคตะวันออก,60,2204
2025-02-13,TK-A-001,ภาคเหนือ,59,1917
2025-02-13,TK-A-001,ภาคใต้,77,2443
2025-02-13,GL-B-014,กรุงเทพฯ,538,16366
2025-02-13,GL-B-014,ภาคกลาง,471,13980
2025-02-13,GL-B-014,ภาคตะวันออก,348,10676
2025-02-13,GL-B-014,ภาคเหนือ,315,10247
2025-02-13,GL-B-014,ภาคใต้,356,11369
2025-02-13,MK-C-028,กรุงเทพฯ,392,10954
2025-02-13,MK-C-028,ภาคกลาง,331,9043
2025-02-13,MK-C-028,ภาคตะวันออก,223,6752
2025-02-13,MK-C-028,ภาคเหนือ,220,5681
2025-02-13,MK-C-028,ภาคใต้,275,8661
2025-02-13,SY-D-039,กรุงเทพฯ,251,7008
2025-02-13,SY-D-039,ภาคกลาง,212,5821
2025-02-13,SY-D-039,ภาคตะวันออก,160,5194
2025-02-13,SY-D-039,ภาคเหนือ,135,4061
2025-02-13,SY-D-039,ภาคใต้,190,4701
2025-02-13,AG-E-052,กรุงเทพฯ,76,2324
2025-02-13,AG-E-052,ภาคกลาง,69,1936
2025-02-13,AG-E-052,ภาคตะวันออก,47,1350
2025-02-13,AG-E-052,ภาคเหนือ,44,1407
2025-02-13,AG-E-052,ภาคใต้,60,1417
2025-02-14,TK-A-001,กรุงเทพฯ,113,3370
2025-02-14,TK-A-001,ภาคกลาง,86,2244
2025-02-14,TK-A-001,ภาคตะวันออก,65,2024
2025-02-14,TK-A-001,ภาคเหนือ,62,1817
2025-02-14,TK-A-001,ภาคใต้,81,2003
2025-02-14,GL-B-014,กรุงเทพฯ,570,19210
2025-02-14,GL-B-014,ภาคกลาง,479,11818
2025-02-14,GL-B-014,ภาคตะวันออก,374,8732
2025-02-14,GL-B-014,ภาคเหนือ,280,8588
2025-02-14,GL-B-014,ภาคใต้,375,9566
2025-02-14,MK-C-028,กรุงเทพฯ,453,11717
2025-02-14,MK-C-028,ภาคกลาง,346,9451
2025-02-14,MK-C-028,ภาคตะวันออก,263,7501
2025-02-14,MK-C-028,ภาคเหนือ,229,6727
2025-02-14,MK-C-028,ภาคใต้,302,8185
2025-02-14,SY-D-039,กรุงเทพฯ,255,8624
2025-02-14,SY-D-039,ภาคกลาง,216,6249
2025-02-14,SY-D-039,ภาคตะวันออก,165,5225
2025-02-14,SY-D-039,ภาคเหนือ,143,4081
2025-02-14,SY-D-039,ภาคใต้,173,5545
2025-02-14,AG-E-052,กรุงเทพฯ,89,2661
2025-02-14,AG-E-052,ภาคกลาง,62,2126
2025-02-14,AG-E-052,ภาคตะวันออก,49,1443
2025-02-14,AG-E-052,ภาคเหนือ,43,1102
2025-02-14,AG-E-052,ภาคใต้,52,1859
2025-02-15,TK-A-001,กรุงเทพฯ,121,3500
2025-02-15,TK-A-001,ภาคกลาง,80,2682
2025-02-15,TK-A-001,ภาคตะวันออก,72,1734
2025-02-15,TK-A-001,ภาคเหนือ,55,1942
2025-02-15,TK-A-001,ภาคใต้,78,1987
2025-02-15,GL-B-014,กรุงเทพฯ,545,17961
2025-02-15,GL-B-014,ภาคกลาง,498,12646
2025-02-15,GL-B-014,ภาคตะวันออก,327,11545
2025-02-15,GL-B-014,ภาคเหนือ,323,9397
2025-02-15,GL-B-014,ภาคใต้,407,10110
2025-02-15,MK-C-028,กรุงเทพฯ,422,13726
2025-02-15,MK-C-028,ภาคกลาง,323,8614
2025-02-15,MK-C-028,ภาคตะวันออก,268,7655
2025-02-15,MK-C-028,ภาคเหนือ,218,5945
2025-02-15,MK-C-028,ภาคใต้,283,8168
2025-02-15,SY-D-039,กรุงเทพฯ,253,7423
2025-02-15,SY-D-039,ภาคกลาง,230,5893
2025-02-15,SY-D-039,ภาคตะวันออก,173,4456
2025-02-15,SY-D-039,ภาคเหนือ,139,4786
2025-02-15,SY-D-039,ภาคใต้,203,5373
2025-02-15,AG-E-052,กรุงเทพฯ,89,2104
2025-02-15,AG-E-052,ภาคกลาง,64,1848
2025-02-15,AG-E-052,ภาคตะวันออก,46,1268
2025-02-15,AG-E-052,ภาคเหนือ,47,1128
2025-02-15,AG-E-052,ภาคใต้,56,1499
2025-02-16,TK-A-001,กรุงเทพฯ,113,3504
2025-02-16,TK-A-001,ภาคกลาง,86,2896
2025-02-16,TK-A-001,ภาคตะวันออก,61,1892
2025-02-16,TK-A-001,ภาคเหนือ,58,1752
2025-02-16,TK-A-001,ภาคใต้,79,2246
2025-02-16,GL-B-014,กรุงเทพฯ,581,19065
2025-02-16,GL-B-014,ภาคกลาง,419,11752
2025-02-16,GL-B-014,ภาคตะวันออก,356,11540
2025-02-16,GL-B-014,ภาคเหนือ,280,8383
2025-02-16,GL-B-014,ภาคใต้,383,9958
2025-02-16,MK-C-028,กรุงเทพฯ,459,11226
2025-02-16,MK-C-028,ภาคกลาง,351,9970
2025-02-16,MK-C-028,ภาคตะวันออก,269,7017
2025-02-16,MK-C-028,ภาคเหนือ,215,7305
2025-02-16,MK-C-028,ภาคใต้,286,8252
2025-02-16,SY-D-039,กรุงเทพฯ,255,9108
2025-02-16,SY-D-039,ภาคกลาง,220,5966
2025-02-16,SY-D-039,ภาคตะวันออก,161,5478
2025-02-16,SY-D-039,ภาคเหนือ,140,4739
2025-02-16,SY-D-039,ภาคใต้,173,6137
2025-02-16,AG-E-052,กรุงเทพฯ,82,2121
2025-02-16,AG-E-052,ภาคกลาง,72,1882
2025-02-16,AG-E-052,ภาคตะวันออก,50,1249
2025-02-16,AG-E-052,ภาคเหนือ,49,1436
2025-02-16,AG-E-052,ภาคใต้,54,1654
2025-02-17,TK-A-001,กรุงเทพฯ,124,3555
2025-02-17,TK-A-001,ภาคกลาง,85,2228
2025-02-17,TK-A-001,ภาคตะวันออก,74,2145
2025-02-17,TK-A-001,ภาคเหนือ,56,1506
2025-02-17,TK-A-001,ภาคใต้,80,2230
2025-02-17,GL-B-014,กรุงเทพฯ,552,18488
2025-02-17,GL-B-014,ภาคกลาง,498,11886
2025-02-17,GL-B-014,ภาคตะวันออก,352,9686
2025-02-17,GL-B-014,ภาคเหนือ,316,9607
2025-02-17,GL-B-014,ภาคใต้,373,10761
2025-02-17,MK-C-028,กรุงเทพฯ,394,13668
2025-02-17,MK-C-028,ภาคกลาง,344,8495
2025-02-17,MK-C-028,ภาคตะวันออก,236,7662
2025-02-17,MK-C-028,ภาคเหนือ,226,7103
2025-02-17,MK-C-028,ภาคใต้,304,8107
2025-02-17,SY-D-039,กรุงเทพฯ,308,7899
2025-02-17,SY-D-039,ภาคกลาง,215,5538
2025-02-17,SY-D-039,ภาคตะวันออก,162,4946
2025-02-17,SY-D-039,ภาคเหนือ,151,4140
2025-02-17,SY-D-039,ภาคใต้,184,5835
2025-02-17,AG-E-052,กรุงเทพฯ,90,2504
2025-02-17,AG-E-052,ภาคกลาง,63,2048
2025-02-17,AG-E-052,ภาคตะวันออก,49,1393
2025-02-17,AG-E-052,ภาคเหนือ,43,1355
2025-02-17,AG-E-052,ภาคใต้,59,1556
2025-02-18,TK-A-001,กรุงเทพฯ,112,3725
2025-02-18,TK-A-001,ภาคกลาง,82,2955
2025-02-18,TK-A-001,ภาคตะวันออก,70,1834
2025-02-18,TK-A-001,ภาคเหนือ,63,1682
2025-02-18,TK-A-001,ภาคใต้,75,2282
2025-02-18,GL-B-014,กรุงเทพฯ,611,17508
2025-02-18,GL-B-014,ภาคกลาง,483,14811
2025-02-18,GL-B-014,ภาคตะวันออก,333,8793
2025-02-18,GL-B-014,ภาคเหนือ,293,8765
2025-02-18,GL-B-014,ภาคใต้,359,10084
2025-02-18,MK-C-028,กรุงเทพฯ,407,13811
2025-02-18,MK-C-028,ภาคกลาง,329,8714
2025-02-18,MK-C-028,ภาคตะวันออก,272,6636
2025-02-18,MK-C-028,ภาคเหนือ,211,5663
2025-02-18,MK-C-028,ภาคใต้,311,7215
2025-02-18,SY-D-039,กรุงเทพฯ,278,6935
2025-02-18,SY-D-039,ภาคกลาง,207,6450
2025-02-18,SY-D-039,ภาคตะวันออก,185,4364
2025-02-18,SY-D-039,ภาคเหนือ,146,4423
2025-02-18,SY-D-039,ภาคใต้,200,6209
2025-02-18,AG-E-052,กรุงเทพฯ,85,2224
2025-02-18,AG-E-052,ภาคกลาง,72,1684
2025-02-18,AG-E-052,ภาคตะวันออก,48,1473
2025-02-18,AG-E-052,ภาคเหนือ,41,1362
2025-02-18,AG-E-052,ภาคใต้,55,1461
2025-02-19,TK-A-001,กรุงเทพฯ,122,3588
2025-02-19,TK-A-001,ภาคกลาง,88,2405
2025-02-19,TK-A-001,ภาคตะวันออก,65,1818
2025-02-19,TK-A-001,ภาคเหนือ,62,1962
2025-02-19,TK-A-001,ภาคใต้,83,2363
2025-02-19,GL-B-014,กรุงเทพฯ,593,17021
2025-02-19,GL-B-014,ภาคกลาง,501,12317
2025-02-19,GL-B-014,ภาคตะวันออก,328,10141
2025-02-19,GL-B-014,ภาคเหนือ,320,7758
2025-02-19,GL-B-014,ภาคใต้,376,12270
2025-02-19,MK-C-028,กรุงเทพฯ,416,12453
2025-02-19,MK-C-028,ภาคกลาง,359,9393
2025-02-19,MK-C-028,ภาคตะวันออก,260,7218
2025-02-19,MK-C-028,ภาคเหนือ,243,6973
2025-02-19,MK-C-028,ภาคใต้,273,8521
2025-02-19,SY-D-039,กรุงเทพฯ,302,7251
2025-02-19,SY-D-039,ภาคกลาง,232,6431
2025-02-19,SY-D-039,ภาคตะวันออก,176,4788
2025-02-19,SY-D-039,ภาคเหนือ,145,4670
2025-02-19,SY-D-039,ภาคใต้,204,5973
2025-02-19,AG-E-052,กรุงเทพฯ,84,2115
2025-02-19,AG-E-052,ภาคกลาง,72,1815
2025-02-19,AG-E-052,ภาคตะวันออก,50,1584
2025-02-19,AG-E-052,ภาคเหนือ,42,1386
2025-02-19,AG-E-052,ภาคใต้,55,1747
2025-02-20,TK-A-001,กรุงเทพฯ,122,2906
2025-02-20,TK-A-001,ภาคกลาง,88,2263
2025-02-20,TK-A-001,ภาคตะวันออก,65,1986
2025-02-20,TK-A-001,ภาคเหนือ,62,1814
2025-02-20,TK-A-001,ภาคใต้,78,2128
2025-02-20,GL-B-014,กรุงเทพฯ,625,15548
2025-02-20,GL-B-014,ภาคกลาง,503,14020
2025-02-20,GL-B-014,ภาคตะวันออก,365,10412
2025-02-20,GL-B-014,ภาคเหนือ,295,8757
2025-02-20,GL-B-014,ภาคใต้,425,10020
2025-02-20,MK-C-028,กรุงเทพฯ,465,11162
2025-02-20,MK-C-028,ภาคกลาง,340,9366
2025-02-20,MK-C-028,ภาคตะวันออก,277,6881
2025-02-20,MK-C-028,ภาคเหนือ,250,6943
2025-02-20,MK-C-028,ภาคใต้,299,8236
2025-02-20,SY-D-039,กรุงเทพฯ,316,8958
2025-02-20,SY-D-039,ภาคกลาง,246,7033
2025-02-20,SY-D-039,ภาคตะวันออก,162,4364
2025-02-20,SY-D-039,ภาคเหนือ,167,4364
2025-02-20,SY-D-039,ภาคใต้,187,5310
2025-02-20,AG-E-052,กรุงเทพฯ,80,2213
2025-02-20,AG-E-052,ภาคกลาง,72,2161
2025-02-20,AG-E-052,ภาคตะวันออก,49,1617
2025-02-20,AG-E-052,ภาคเหนือ,50,1260
2025-02-20,AG-E-052,ภาคใต้,57,1507
2025-02-21,TK-A-001,กรุงเทพฯ,113,3499
2025-02-21,TK-A-001,ภาคกลาง,101,2813
2025-02-21,TK-A-001,ภาคตะวันออก,74,1824
2025-02-21,TK-A-001,ภาคเหนือ,56,1627
2025-02-21,TK-A-001,ภาคใต้,77,2095
2025-02-21,GL-B-014,กรุงเทพฯ,576,16127
2025-02-21,GL-B-014,ภาคกลาง,444,13213
2025-02-21,GL-B-014,ภาคตะวันออก,329,8795
2025-02-21,GL-B-014,ภาคเหนือ,329,8334
2025-02-21,GL-B-014,ภาคใต้,434,10911
2025-02-21,MK-C-028,กรุงเทพฯ,454,12539
2025-02-21,MK-C-028,ภาคกลาง,315,8917
2025-02-21,MK-C-028,ภาคตะวันออก,267,6634
2025-02-21,MK-C-028,ภาคเหนือ,223,7128
2025-02-21,MK-C-028,ภาคใต้,319,7985
2025-02-21,SY-D-039,กรุงเทพฯ,310,7212
2025-02-21,SY-D-039,ภาคกลาง,252,6806
2025-02-21,SY-D-039,ภาคตะวันออก,164,5031
2025-02-21,SY-D-039,ภาคเหนือ,159,4162
2025-02-21,SY-D-039,ภาคใต้,211,5468
2025-02-21,AG-E-052,กรุงเทพฯ,88,2324
2025-02-21,AG-E-052,ภาคกลาง,72,1918
2025-02-21,AG-E-052,ภาคตะวันออก,55,1326
2025-02-21,AG-E-052,ภาคเหนือ,50,1323
2025-02-21,AG-E-052,ภาคใต้,63,1689
2025-02-22,TK-A-001,กรุงเทพฯ,108,3524
2025-02-22,TK-A-001,ภาคกลาง,90,2962
2025-02-22,TK-A-001,ภาคตะวันออก,66,1873
2025-02-22,TK-A-001,ภาคเหนือ,61,1579
2025-02-22,TK-A-001,ภาคใต้,83,2174
2025-02-22,GL-B-014,กรุงเทพฯ,657,18739
2025-02-22,GL-B-014,ภาคกลาง,464,12864
2025-02-22,GL-B-014,ภาคตะวันออก,369,10670
2025-02-22,GL-B-014,ภาคเหนือ,345,8175
2025-02-22,GL-B-014,ภาคใต้,433,10193
2025-02-22,MK-C-028,กรุงเทพฯ,417,13808
2025-02-22,MK-C-028,ภาคกลาง,378,9578
2025-02-22,MK-C-028,ภาคตะวันออก,238,8243
2025-02-22,MK-C-028,ภาคเหนือ,235,5952
2025-02-22,MK-C-028,ภาคใต้,292,9048
2025-02-22,SY-D-039,กรุงเทพฯ,278,7443
2025-02-22,SY-D-039,ภาคกลาง,227,6611
2025-02-22,SY-D-039,ภาคตะวันออก,160,4701
2025-02-22,SY-D-039,ภาคเหนือ,162,3881
2025-02-22,SY-D-039,ภาคใต้,180,4816
2025-02-22,AG-E-052,กรุงเทพฯ,96,2630
2025-02-22,AG-E-052,ภาคกลาง,69,1884
2025-02-22,AG-E-052,ภาคตะวันออก,53,1432
2025-02-22,AG-E-052,ภาคเหนือ,43,1295
2025-02-22,AG-E-052,ภาคใต้,64,1605
2025-02-23,TK-A-001,กรุงเทพฯ,122,3133
2025-02-23,TK-A-001,ภาคกลาง,102,2290
2025-02-23,TK-A-001,ภาคตะวันออก,71,2120
2025-02-23,TK-A-001,ภาคเหนือ,69,1915
2025-02-23,TK-A-001,ภาคใต้,81,1971
2025-02-23,GL-B-014,กรุงเทพฯ,614,18437
2025-02-23,GL-B-014,ภาคกลาง,492,14524
2025-02-23,GL-B-014,ภาคตะวันออก,366,8770
2025-02-23,GL-B-014,ภาคเหนือ,345,9477
2025-02-23,GL-B-014,ภาคใต้,434,11874
2025-02-23,MK-C-028,กรุงเทพฯ,430,12069
2025-02-23,MK-C-028,ภาคกลาง,346,9210
2025-02-23,MK-C-028,ภาคตะวันออก,275,6461
2025-02-23,MK-C-028,ภาคเหนือ,253,7385
2025-02-23,MK-C-028,ภาคใต้,279,7877
2025-02-23,SY-D-039,กรุงเทพฯ,307,8431
2025-02-23,SY-D-039,ภาคกลาง,223,6528
2025-02-23,SY-D-039,ภาคตะวันออก,159,4457
2025-02-23,SY-D-039,ภาคเหนือ,171,4691
2025-02-23,SY-D-039,ภาคใต้,204,4853
2025-02-23,AG-E-052,กรุงเทพฯ,95,2295
2025-02-23,AG-E-052,ภาคกลาง,72,1854
2025-02-23,AG-E-052,ภาคตะวันออก,55,1592
2025-02-23,AG-E-052,ภาคเหนือ,46,1116
2025-02-23,AG-E-052,ภาคใต้,60,1759
2025-02-24,TK-A-001,กรุงเทพฯ,109,3547
2025-02-24,TK-A-001,ภาคกลาง,104,2972
2025-02-24,TK-A-001,ภาคตะวันออก,66,2119
2025-02-24,TK-A-001,ภาคเหนือ,64,1860
2025-02-24,TK-A-001,ภาคใต้,79,2286
2025-02-24,GL-B-014,กรุงเทพฯ,595,17162
2025-02-24,GL-B-014,ภาคกลาง,539,12926
2025-02-24,GL-B-014,ภาคตะวันออก,394,9270
2025-02-24,GL-B-014,ภาคเหนือ,356,7964
2025-02-24,GL-B-014,ภาคใต้,439,9651
2025-02-24,MK-C-028,กรุงเทพฯ,462,12735
2025-02-24,MK-C-028,ภาคกลาง,363,8972
2025-02-24,MK-C-028,ภาคตะวันออก,285,7262
2025-02-24,MK-C-028,ภาคเหนือ,223,6634
2025-02-24,MK-C-028,ภาคใต้,306,8232
2025-02-24,SY-D-039,กรุงเทพฯ,296,8152
2025-02-24,SY-D-039,ภาคกลาง,223,7235
2025-02-24,SY-D-039,ภาคตะวันออก,163,5151
2025-02-24,SY-D-039,ภาคเหนือ,167,4602
2025-02-24,SY-D-039,ภาคใต้,197,5397
2025-02-24,AG-E-052,กรุงเทพฯ,83,2445
2025-02-24,AG-E-052,ภาคกลาง,75,2195
2025-02-24,AG-E-052,ภาคตะวันออก,57,1573
2025-02-24,AG-E-052,ภาคเหนือ,51,1175
2025-02-24,AG-E-052,ภาคใต้,56,1549
2025-02-25,TK-A-001,กรุงเทพฯ,116,3241
2025-02-25,TK-A-001,ภาคกลาง,87,2255
2025-02-25,TK-A-001,ภาคตะวันออก,76,1770
2025-02-25,TK-A-001,ภาคเหนือ,60,1716
2025-02-25,TK-A-001,ภาคใต้,82,1925
2025-02-25,GL-B-014,กรุงเทพฯ,568,14861
2025-02-25,GL-B-014,ภาคกลาง,506,14637
2025-02-25,GL-B-014,ภาคตะวันออก,405,11531
2025-02-25,GL-B-014,ภาคเหนือ,307,10011
2025-02-25,GL-B-014,ภาคใต้,393,11105
2025-02-25,MK-C-028,กรุงเทพฯ,437,10584
2025-02-25,MK-C-028,ภาคกลาง,353,9660
2025-02-25,MK-C-028,ภาคตะวันออก,279,6457
2025-02-25,MK-C-028,ภาคเหนือ,221,5930
2025-02-25,MK-C-028,ภาคใต้,315,6928
2025-02-25,SY-D-039,กรุงเทพฯ,306,9303
2025-02-25,SY-D-039,ภาคกลาง,255,6124
2025-02-25,SY-D-039,ภาคตะวันออก,167,5568
2025-02-25,SY-D-039,ภาคเหนือ,172,4857
2025-02-25,SY-D-039,ภาคใต้,188,5671
2025-02-25,AG-E-052,กรุงเทพฯ,87,2273
2025-02-25,AG-E-052,ภาคกลาง,69,2025
2025-02-25,AG-E-052,ภาคตะวันออก,51,1488
2025-02-25,AG-E-052,ภาคเหนือ,48,1426
2025-02-25,AG-E-052,ภาคใต้,54,1455
2025-02-26,TK-A-001,กรุงเทพฯ,111,3139
2025-02-26,TK-A-001,ภาคกลาง,103,2750
2025-02-26,TK-A-001,ภาคตะวันออก,72,2087
2025-02-26,TK-A-001,ภาคเหนือ,58,1774
2025-02-26,TK-A-001,ภาคใต้,85,2211
2025-02-26,GL-B-014,กรุงเทพฯ,562,16266
2025-02-26,GL-B-014,ภาคกลาง,455,14749
2025-02-26,GL-B-014,ภาคตะวันออก,338,11366
2025-02-26,GL-B-014,ภาคเหนือ,301,10022
2025-02-26,GL-B-014,ภาคใต้,380,11571
2025-02-26,MK-C-028,กรุงเทพฯ,434,12353
2025-02-26,MK-C-028,ภาคกลาง,351,9995
2025-02-26,MK-C-028,ภาคตะวันออก,295,7011
2025-02-26,MK-C-028,ภาคเหนือ,247,6921
2025-02-26,MK-C-028,ภาคใต้,285,8710
2025-02-26,SY-D-039,กรุงเทพฯ,325,7599
2025-02-26,SY-D-039,ภาคกลาง,226,6761
2025-02-26,SY-D-039,ภาคตะวันออก,163,4341
2025-02-26,SY-D-039,ภาคเหนือ,150,4494
2025-02-26,SY-D-039,ภาคใต้,203,5466
2025-02-26,AG-E-052,กรุงเทพฯ,92,2117
2025-02-26,AG-E-052,ภาคกลาง,68,1677
2025-02-26,AG-E-052,ภาคตะวันออก,57,1368
2025-02-26,AG-E-052,ภาคเหนือ,53,1130
2025-02-26,AG-E-052,ภาคใต้,54,1484
2025-02-27,TK-A-001,กรุงเทพฯ,134,2834
2025-02-27,TK-A-001,ภาคกลาง,96,2808
2025-02-27,TK-A-001,ภาคตะวันออก,75,1886
2025-02-27,TK-A-001,ภาคเหนือ,65,1985
2025-02-27,TK-A-001,ภาคใต้,76,1988
2025-02-27,GL-B-014,กรุงเทพฯ,631,17893
2025-02-27,GL-B-014,ภาคกลาง,468,12962
2025-02-27,GL-B-014,ภาคตะวันออก,405,9463
2025-02-27,GL-B-014,ภาคเหนือ,341,9351
2025-02-27,GL-B-014,ภาคใต้,394,11502
2025-02-27,MK-C-028,กรุงเทพฯ,493,13773
2025-02-27,MK-C-028,ภาคกลาง,354,9161
2025-02-27,MK-C-028,ภาคตะวันออก,251,7577
2025-02-27,MK-C-028,ภาคเหนือ,263,6324
2025-02-27,MK-C-028,ภาคใต้,280,8573
2025-02-27,SY-D-039,กรุงเทพฯ,330,7359
2025-02-27,SY-D-039,ภาคกลาง,263,6604
2025-02-27,SY-D-039,ภาคตะวันออก,175,4290
2025-02-27,SY-D-039,ภาคเหนือ,147,4716
2025-02-27,SY-D-039,ภาคใต้,203,5510
2025-02-27,AG-E-052,กรุงเทพฯ,89,2106
2025-02-27,AG-E-052,ภาคกลาง,67,1882
2025-02-27,AG-E-052,ภาคตะวันออก,56,1595
2025-02-27,AG-E-052,ภาคเหนือ,53,1239
2025-02-27,AG-E-052,ภาคใต้,66,1388
2025-02-28,TK-A-001,กรุงเทพฯ,132,2993
2025-02-28,TK-A-001,ภาคกลาง,99,2620
2025-02-28,TK-A-001,ภาคตะวันออก,78,1825
2025-02-28,TK-A-001,ภาคเหนือ,63,1933
2025-02-28,TK-A-001,ภาคใต้,77,2424
2025-02-28,GL-B-014,กรุงเทพฯ,582,14431
2025-02-28,GL-B-014,ภาคกลาง,465,15394
2025-02-28,GL-B-014,ภาคตะวันออก,392,11115
2025-02-28,GL-B-014,ภาคเหนือ,328,8842
2025-02-28,GL-B-014,ภาคใต้,387,11753
2025-02-28,MK-C-028,กรุงเทพฯ,456,12294
2025-02-28,MK-C-028,ภาคกลาง,385,8744
2025-02-28,MK-C-028,ภาคตะวันออก,301,6213
2025-02-28,MK-C-028,ภาคเหนือ,245,5855
2025-02-28,MK-C-028,ภาคใต้,319,8456
2025-02-28,SY-D-039,กรุงเทพฯ,324,8187
2025-02-28,SY-D-039,ภาคกลาง,230,6096
2025-02-28,SY-D-039,ภาคตะวันออก,192,5319
2025-02-28,SY-D-039,ภาคเหนือ,169,4230
2025-02-28,SY-D-039,ภาคใต้,218,5512
2025-02-28,AG-E-052,กรุงเทพฯ,91,2133
2025-02-28,AG-E-052,ภาคกลาง,66,2010
2025-02-28,AG-E-052,ภาคตะวันออก,52,1539
2025-02-28,AG-E-052,ภาคเหนือ,50,1203
2025-02-28,AG-E-052,ภาคใต้,64,1820
2025-03-01,TK-A-001,กรุงเทพฯ,118,3383
2025-03-01,TK-A-001,ภาคกลาง,103,2788
2025-03-01,TK-A-001,ภาคตะวันออก,80,1979
2025-03-01,TK-A-001,ภาคเหนือ,61,1716
2025-03-01,TK-A-001,ภาคใต้,77,2078
2025-03-01,GL-B-014,กรุงเทพฯ,682,18923
2025-03-01,GL-B-014,ภาคกลาง,532,11407
2025-03-01,GL-B-014,ภาคตะวันออก,413,10498
2025-03-01,GL-B-014,ภาคเหนือ,345,7710
2025-03-01,GL-B-014,ภาคใต้,431,11150
2025-03-01,MK-C-028,กรุงเทพฯ,458,11808
2025-03-01,MK-C-028,ภาคกลาง,369,11036
2025-03-01,MK-C-028,ภาคตะวันออก,262,6603
2025-03-01,MK-C-028,ภาคเหนือ,247,5905
2025-03-01,MK-C-028,ภาคใต้,331,8333
2025-03-01,SY-D-039,กรุงเทพฯ,290,8433
2025-03-01,SY-D-039,ภาคกลาง,264,5732
2025-03-01,SY-D-039,ภาคตะวันออก,193,4766
2025-03-01,SY-D-039,ภาคเหนือ,167,3996
2025-03-01,SY-D-039,ภาคใต้,223,5153
2025-03-01,AG-E-052,กรุงเทพฯ,91,2466
2025-03-01,AG-E-052,ภาคกลาง,75,2154
2025-03-01,AG-E-052,ภาคตะวันออก,58,1572
2025-03-01,AG-E-052,ภาคเหนือ,48,1222
2025-03-01,AG-E-052,ภาคใต้,68,1503
2025-03-02,TK-A-001,กรุงเทพฯ,114,3408
2025-03-02,TK-A-001,ภาคกลาง,93,2338
2025-03-02,TK-A-001,ภาคตะวันออก,75,1711
2025-03-02,TK-A-001,ภาคเหนือ,65,1879
2025-03-02,TK-A-001,ภาคใต้,85,2089
2025-03-02,GL-B-014,กรุงเทพฯ,693,15219
2025-03-02,GL-B-014,ภาคกลาง,500,15342
2025-03-02,GL-B-014,ภาคตะวันออก,416,9275
2025-03-02,GL-B-014,ภาคเหนือ,358,8162
2025-03-02,GL-B-014,ภาคใต้,427,10356
2025-03-02,MK-C-028,กรุงเทพฯ,505,13267
2025-03-02,MK-C-028,ภาคกลาง,366,8633
2025-03-02,MK-C-028,ภาคตะวันออก,275,8289
2025-03-02,MK-C-028,ภาคเหนือ,243,6751
2025-03-02,MK-C-028,ภาคใต้,333,7943
2025-03-02,SY-D-039,กรุงเทพฯ,326,7506
2025-03-02,SY-D-039,ภาคกลาง,261,6530
2025-03-02,SY-D-039,ภาคตะวันออก,172,5086
2025-03-02,SY-D-039,ภาคเหนือ,182,4702
2025-03-02,SY-D-039,ภาคใต้,213,5773
2025-03-02,AG-E-052,กรุงเทพฯ,95,2773
2025-03-02,AG-E-052,ภาคกลาง,80,2185
2025-03-02,AG-E-052,ภาคตะวันออก,55,1430
2025-03-02,AG-E-052,ภาคเหนือ,48,1477
2025-03-02,AG-E-052,ภาคใต้,56,1425
2025-03-03,TK-A-001,กรุงเทพฯ,126,3367
2025-03-03,TK-A-001,ภาคกลาง,106,2732
2025-03-03,TK-A-001,ภาคตะวันออก,76,2112
2025-03-03,TK-A-001,ภาคเหนือ,67,1804
2025-03-03,TK-A-001,ภาคใต้,91,1838
2025-03-03,GL-B-014,กรุงเทพฯ,594,15895
2025-03-03,GL-B-014,ภาคกลาง,510,13774
2025-03-03,GL-B-014,ภาคตะวันออก,357,8576
2025-03-03,GL-B-014,ภาคเหนือ,336,9326
2025-03-03,GL-B-014,ภาคใต้,420,12612
2025-03-03,MK-C-028,กรุงเทพฯ,443,12406
2025-03-03,MK-C-028,ภาคกลาง,344,9911
2025-03-03,MK-C-028,ภาคตะวันออก,283,6438
2025-03-03,MK-C-028,ภาคเหนือ,240,6688
2025-03-03,MK-C-028,ภาคใต้,342,9252
2025-03-03,SY-D-039,กรุงเทพฯ,337,8087
2025-03-03,SY-D-039,ภาคกลาง,258,6324
2025-03-03,SY-D-039,ภาคตะวันออก,187,4770
2025-03-03,SY-D-039,ภาคเหนือ,170,4299
2025-03-03,SY-D-039,ภาคใต้,206,4982
2025-03-03,AG-E-052,กรุงเทพฯ,87,2592
2025-03-03,AG-E-052,ภาคกลาง,77,1908
2025-03-03,AG-E-052,ภาคตะวันออก,56,1504
2025-03-03,AG-E-052,ภาคเหนือ,51,1290
2025-03-03,AG-E-052,ภาคใต้,58,1848
2025-03-04,TK-A-001,กรุงเทพฯ,126,2808
2025-03-04,TK-A-001,ภาคกลาง,108,2315
2025-03-04,TK-A-001,ภาคตะวันออก,83,2050
2025-03-04,TK-A-001,ภาคเหนือ,62,1815
2025-03-04,TK-A-001,ภาคใต้,87,2005
2025-03-04,GL-B-014,กรุงเทพฯ,626,17896
2025-03-04,GL-B-014,ภาคกลาง,514,12166
2025-03-04,GL-B-014,ภาคตะวันออก,416,10644
2025-03-04,GL-B-014,ภาคเหนือ,322,8091
2025-03-04,GL-B-014,ภาคใต้,451,10919
2025-03-04,MK-C-028,กรุงเทพฯ,437,13786
2025-03-04,MK-C-028,ภาคกลาง,360,8808
2025-03-04,MK-C-028,ภาคตะวันออก,297,6928
2025-03-04,MK-C-028,ภาคเหนือ,230,6252
2025-03-04,MK-C-028,ภาคใต้,320,8533
2025-03-04,SY-D-039,กรุงเทพฯ,336,7973
2025-03-04,SY-D-039,ภาคกลาง,244,6166
2025-03-04,SY-D-039,ภาคตะวันออก,192,4928
2025-03-04,SY-D-039,ภาคเหนือ,181,4607
2025-03-04,SY-D-039,ภาคใต้,216,6186
2025-03-04,AG-E-052,กรุงเทพฯ,101,2284
2025-03-04,AG-E-052,ภาคกลาง,80,1921
2025-03-04,AG-E-052,ภาคตะวันออก,60,1407
2025-03-04,AG-E-052,ภาคเหนือ,47,1318
2025-03-04,AG-E-052,ภาคใต้,57,1706
2025-03-05,TK-A-001,กรุงเทพฯ,120,2852
2025-03-05,TK-A-001,ภาคกลาง,112,2873
2025-03-05,TK-A-001,ภาคตะวันออก,73,1828
2025-03-05,TK-A-001,ภาคเหนือ,66,1854
2025-03-05,TK-A-001,ภาคใต้,82,2345
2025-03-05,GL-B-014,กรุงเทพฯ,654,17871
2025-03-05,GL-B-014,ภาคกลาง,547,15118
2025-03-05,GL-B-014,ภาคตะวันออก,360,10351
2025-03-05,GL-B-014,ภาคเหนือ,365,7976
2025-03-05,GL-B-014,ภาคใต้,444,12743
2025-03-05,MK-C-028,กรุงเทพฯ,470,13869
2025-03-05,MK-C-028,ภาคกลาง,410,10491
2025-03-05,MK-C-028,ภาคตะวันออก,295,6545
2025-03-05,MK-C-028,ภาคเหนือ,236,6748
2025-03-05,MK-C-028,ภาคใต้,336,7119
2025-03-05,SY-D-039,กรุงเทพฯ,336,7610
2025-03-05,SY-D-039,ภาคกลาง,277,5993
2025-03-05,SY-D-039,ภาคตะวันออก,208,5539
2025-03-05,SY-D-039,ภาคเหนือ,177,4302
2025-03-05,SY-D-039,ภาคใต้,195,5446
2025-03-05,AG-E-052,กรุงเทพฯ,89,2384
2025-03-05,AG-E-052,ภาคกลาง,78,1738
2025-03-05,AG-E-052,ภาคตะวันออก,55,1360
2025-03-05,AG-E-052,ภาคเหนือ,47,1221
2025-03-05,AG-E-052,ภาคใต้,69,1652
2025-03-06,TK-A-001,กรุงเทพฯ,127,3354
2025-03-06,TK-A-001,ภาคกลาง,104,2247
2025-03-06,TK-A-001,ภาคตะวันออก,77,2141
2025-03-06,TK-A-001,ภาคเหนือ,75,1771
2025-03-06,TK-A-001,ภาคใต้,85,2434
2025-03-06,GL-B-014,กรุงเทพฯ,728,16427
2025-03-06,GL-B-014,ภาคกลาง,484,11705
2025-03-06,GL-B-014,ภาคตะวันออก,435,11204
2025-03-06,GL-B-014,ภาคเหนือ,341,7955
2025-03-06,GL-B-014,ภาคใต้,450,11749
2025-03-06,MK-C-028,กรุงเทพฯ,466,12847
2025-03-06,MK-C-028,ภาคกลาง,364,10392
2025-03-06,MK-C-028,ภาคตะวันออก,269,8059
2025-03-06,MK-C-028,ภาคเหนือ,233,6216
2025-03-06,MK-C-028,ภาคใต้,350,8227
2025-03-06,SY-D-039,กรุงเทพฯ,301,8596
2025-03-06,SY-D-039,ภาคกลาง,250,6919
2025-03-06,SY-D-039,ภาคตะวันออก,200,4398
2025-03-06,SY-D-039,ภาคเหนือ,162,4767
2025-03-06,SY-D-039,ภาคใต้,217,5001
2025-03-06,AG-E-052,กรุงเทพฯ,100,2498
2025-03-06,AG-E-052,ภาคกลาง,71,2069
2025-03-06,AG-E-052,ภาคตะวันออก,62,1543
2025-03-06,AG-E-052,ภาคเหนือ,53,1213
2025-03-06,AG-E-052,ภาคใต้,70,1446
2025-03-07,TK-A-001,กรุงเทพฯ,132,3067
2025-03-07,TK-A-001,ภาคกลาง,96,2496
2025-03-07,TK-A-001,ภาคตะวันออก,72,2131
2025-03-07,TK-A-001,ภาคเหนือ,68,1544
2025-03-07,TK-A-001,ภาคใต้,89,1892
2025-03-07,GL-B-014,กรุงเทพฯ,670,14635
2025-03-07,GL-B-014,ภาคกลาง,575,14279
2025-03-07,GL-B-014,ภาคตะวันออก,408,9323
2025-03-07,GL-B-014,ภาคเหนือ,392,9758
2025-03-07,GL-B-014,ภาคใต้,417,10314
2025-03-07,MK-C-028,กรุงเทพฯ,460,12015
2025-03-07,MK-C-028,ภาคกลาง,418,9426
2025-03-07,MK-C-028,ภาคตะวันออก,290,6369
2025-03-07,MK-C-028,ภาคเหนือ,246,6387
2025-03-07,MK-C-028,ภาคใต้,346,9299
2025-03-07,SY-D-039,กรุงเทพฯ,357,8437
2025-03-07,SY-D-039,ภาคกลาง,283,6271
2025-03-07,SY-D-039,ภาคตะวันออก,186,5395
2025-03-07,SY-D-039,ภาคเหนือ,166,4490
2025-03-07,SY-D-039,ภาคใต้,219,5750
2025-03-07,AG-E-052,กรุงเทพฯ,103,2322
2025-03-07,AG-E-052,ภาคกลาง,81,1812
2025-03-07,AG-E-052,ภาคตะวันออก,60,1257
2025-03-07,AG-E-052,ภาคเหนือ,55,1131
2025-03-07,AG-E-052,ภาคใต้,61,1821
2025-03-08,TK-A-001,กรุงเทพฯ,123,3387
2025-03-08,TK-A-001,ภาคกลาง,105,2409
2025-03-08,TK-A-001,ภาคตะวันออก,84,1930
2025-03-08,TK-A-001,ภาคเหนือ,71,1829
2025-03-08,TK-A-001,ภาคใต้,90,2034
2025-03-08,GL-B-014,กรุงเทพฯ,674,18338
2025-03-08,GL-B-014,ภาคกลาง,514,12085
2025-03-08,GL-B-014,ภาคตะวันออก,404,9649
2025-03-08,GL-B-014,ภาคเหนือ,337,9165
2025-03-08,GL-B-014,ภาคใต้,486,12328
2025-03-08,MK-C-028,กรุงเทพฯ,512,12697
2025-03-08,MK-C-028,ภาคกลาง,367,8509
2025-03-08,MK-C-028,ภาคตะวันออก,310,6536
2025-03-08,MK-C-028,ภาคเหนือ,255,6203
2025-03-08,MK-C-028,ภาคใต้,308,9100
2025-03-08,SY-D-039,กรุงเทพฯ,343,9269
2025-03-08,SY-D-039,ภาคกลาง,280,7065
2025-03-08,SY-D-039,ภาคตะวันออก,206,4830
2025-03-08,SY-D-039,ภาคเหนือ,175,4132
2025-03-08,SY-D-039,ภาคใต้,200,5800
2025-03-08,AG-E-052,กรุงเทพฯ,99,2684
2025-03-08,AG-E-052,ภาคกลาง,71,2139
2025-03-08,AG-E-052,ภาคตะวันออก,63,1322
2025-03-08,AG-E-052,ภาคเหนือ,53,1199
2025-03-08,AG-E-052,ภาคใต้,72,1429
2025-03-09,TK-A-001,กรุงเทพฯ,144,3654
2025-03-09,TK-A-001,ภาคกลาง,115,2530
2025-03-09,TK-A-001,ภาคตะวันออก,83,1783
2025-03-09,TK-A-001,ภาคเหนือ,65,1669
2025-03-09,TK-A-001,ภาคใต้,88,2242
2025-03-09,GL-B-014,กรุงเทพฯ,674,16259
2025-03-09,GL-B-014,ภาคกลาง,543,11469
2025-03-09,GL-B-014,ภาคตะวันออก,402,10294
2025-03-09,GL-B-014,ภาคเหนือ,340,9446
2025-03-09,GL-B-014,ภาคใต้,469,12674
2025-03-09,MK-C-028,กรุงเทพฯ,498,11896
2025-03-09,MK-C-028,ภาคกลาง,419,9176
2025-03-09,MK-C-028,ภาคตะวันออก,280,7027
2025-03-09,MK-C-028,ภาคเหนือ,256,5528
2025-03-09,MK-C-028,ภาคใต้,309,8218
2025-03-09,SY-D-039,กรุงเทพฯ,340,7196
2025-03-09,SY-D-039,ภาคกลาง,255,5670
2025-03-09,SY-D-039,ภาคตะวันออก,189,5431
2025-03-09,SY-D-039,ภาคเหนือ,170,4610
2025-03-09,SY-D-039,ภาคใต้,211,5032
2025-03-09,AG-E-052,กรุงเทพฯ,101,2117
2025-03-09,AG-E-052,ภาคกลาง,81,1698
2025-03-09,AG-E-052,ภาคตะวันออก,65,1482
2025-03-09,AG-E-052,ภาคเหนือ,57,1111
2025-03-09,AG-E-052,ภาคใต้,70,1502
2025-03-10,TK-A-001,กรุงเทพฯ,120,3317
2025-03-10,TK-A-001,ภาคกลาง,110,2949
2025-03-10,TK-A-001,ภาคตะวันออก,76,1988
2025-03-10,TK-A-001,ภาคเหนือ,65,1501
2025-03-10,TK-A-001,ภาคใต้,95,2392
2025-03-10,GL-B-014,กรุงเทพฯ,737,15711
2025-03-10,GL-B-014,ภาคกลาง,568,13386
2025-03-10,GL-B-014,ภาคตะวันออก,434,9452
2025-03-10,GL-B-014,ภาคเหนือ,381,8440
2025-03-10,GL-B-014,ภาคใต้,504,11348
2025-03-10,MK-C-028,กรุงเทพฯ,464,13090
2025-03-10,MK-C-028,ภาคกลาง,410,8781
2025-03-10,MK-C-028,ภาคตะวันออก,280,6956
2025-03-10,MK-C-028,ภาคเหนือ,250,6712
2025-03-10,MK-C-028,ภาคใต้,357,7590
2025-03-10,SY-D-039,กรุงเทพฯ,332,7592
2025-03-10,SY-D-039,ภาคกลาง,258,7326
2025-03-10,SY-D-039,ภาคตะวันออก,189,4949
2025-03-10,SY-D-039,ภาคเหนือ,164,3864
2025-03-10,SY-D-039,ภาคใต้,243,5810
2025-03-10,AG-E-052,กรุงเทพฯ,107,2681
2025-03-10,AG-E-052,ภาคกลาง,83,1672
2025-03-10,AG-E-052,ภาคตะวันออก,58,1330
2025-03-10,AG-E-052,ภาคเหนือ,56,1233
2025-03-10,AG-E-052,ภาคใต้,62,1545
2025-03-11,TK-A-001,กรุงเทพฯ,142,3442
2025-03-11,TK-A-001,ภาคกลาง,112,2535
2025-03-11,TK-A-001,ภาคตะวันออก,87,2063
2025-03-11,TK-A-001,ภาคเหนือ,67,1738
2025-03-11,TK-A-001,ภาคใต้,97,2333
2025-03-11,GL-B-014,กรุงเทพฯ,732,17694
2025-03-11,GL-B-014,ภาคกลาง,605,14092
2025-03-11,GL-B-014,ภาคตะวันออก,396,8876
2025-03-11,GL-B-014,ภาคเหนือ,344,8877
2025-03-11,GL-B-014,ภาคใต้,485,10116
2025-03-11,MK-C-028,กรุงเทพฯ,518,12469
2025-03-11,MK-C-028,ภาคกลาง,390,11087
2025-03-11,MK-C-028,ภาคตะวันออก,301,8004
2025-03-11,MK-C-028,ภาคเหนือ,275,6245
2025-03-11,MK-C-028,ภาคใต้,345,8590
2025-03-11,SY-D-039,กรุงเทพฯ,338,6911
2025-03-11,SY-D-039,ภาคกลาง,291,5857
2025-03-11,SY-D-039,ภาคตะวันออก,187,4868
2025-03-11,SY-D-039,ภาคเหนือ,163,4536
2025-03-11,SY-D-039,ภาคใต้,206,5867
2025-03-11,AG-E-052,กรุงเทพฯ,98,2114
2025-03-11,AG-E-052,ภาคกลาง,84,2044
2025-03-11,AG-E-052,ภาคตะวันออก,62,1264
2025-03-11,AG-E-052,ภาคเหนือ,53,1331
2025-03-11,AG-E-052,ภาคใต้,65,1853
2025-03-12,TK-A-001,กรุงเทพฯ,141,3231
2025-03-12,TK-A-001,ภาคกลาง,100,2957
2025-03-12,TK-A-001,ภาคตะวันออก,85,1725
2025-03-12,TK-A-001,ภาคเหนือ,71,1598
2025-03-12,TK-A-001,ภาคใต้,85,2021
2025-03-12,GL-B-014,กรุงเทพฯ,716,17626
2025-03-12,GL-B-014,ภาคกลาง,581,14357
2025-03-12,GL-B-014,ภาคตะวันออก,424,11522
2025-03-12,GL-B-014,ภาคเหนือ,405,9891
2025-03-12,GL-B-014,ภาคใต้,422,10667
2025-03-12,MK-C-028,กรุงเทพฯ,535,11212
2025-03-12,MK-C-028,ภาคกลาง,396,8561
2025-03-12,MK-C-028,ภาคตะวันออก,298,7999
2025-03-12,MK-C-028,ภาคเหนือ,244,7169
2025-03-12,MK-C-028,ภาคใต้,329,7478
2025-03-12,SY-D-039,กรุงเทพฯ,363,7686
2025-03-12,SY-D-039,ภาคกลาง,286,6466
2025-03-12,SY-D-039,ภาคตะวันออก,212,4956
2025-03-12,SY-D-039,ภาคเหนือ,194,3791
2025-03-12,SY-D-039,ภาคใต้,221,5225
2025-03-12,AG-E-052,กรุงเทพฯ,101,2310
2025-03-12,AG-E-052,ภาคกลาง,85,1833
2025-03-12,AG-E-052,ภาคตะวันออก,60,1393
2025-03-12,AG-E-052,ภาคเหนือ,49,1169
2025-03-12,AG-E-052,ภาคใต้,69,1862
2025-03-13,TK-A-001,กรุงเทพฯ,125,3058
2025-03-13,TK-A-001,ภาคกลาง,111,2872
2025-03-13,TK-A-001,ภาคตะวันออก,78,2221
2025-03-13,TK-A-001,ภาคเหนือ,71,1923
2025-03-13,TK-A-001,ภาคใต้,85,1995
2025-03-13,GL-B-014,กรุงเทพฯ,726,15908
2025-03-13,GL-B-014,ภาคกลาง,596,14698
2025-03-13,GL-B-014,ภาคตะวันออก,459,9355
2025-03-13,GL-B-014,ภาคเหนือ,354,8423
2025-03-13,GL-B-014,ภาคใต้,433,11310
2025-03-13,MK-C-028,กรุงเทพฯ,545,13478
2025-03-13,MK-C-028,ภาคกลาง,412,8489
2025-03-13,MK-C-028,ภาคตะวันออก,321,7098
2025-03-13,MK-C-028,ภาคเหนือ,271,5610
2025-03-13,MK-C-028,ภาคใต้,361,8773
2025-03-13,SY-D-039,กรุงเทพฯ,314,7043
2025-03-13,SY-D-039,ภาคกลาง,291,6212
2025-03-13,SY-D-039,ภาคตะวันออก,196,4873
2025-03-13,SY-D-039,ภาคเหนือ,167,4057
2025-03-13,SY-D-039,ภาคใต้,241,5725
2025-03-13,AG-E-052,กรุงเทพฯ,93,2192
2025-03-13,AG-E-052,ภาคกลาง,86,1953
2025-03-13,AG-E-052,ภาคตะวันออก,59,1577
2025-03-13,AG-E-052,ภาคเหนือ,53,1313
2025-03-13,AG-E-052,ภาคใต้,69,1574
2025-03-14,TK-A-001,กรุงเทพฯ,130,2800
2025-03-14,TK-A-001,ภาคกลาง,115,2817
2025-03-14,TK-A-001,ภาคตะวันออก,77,1771
2025-03-14,TK-A-001,ภาคเหนือ,71,1761
2025-03-14,TK-A-001,ภาคใต้,93,2123
2025-03-14,GL-B-014,กรุงเทพฯ,676,18578
2025-03-14,GL-B-014,ภาคกลาง,552,14806
2025-03-14,GL-B-014,ภาคตะวันออก,401,10298
2025-03-14,GL-B-014,ภาคเหนือ,355,10127
2025-03-14,GL-B-014,ภาคใต้,460,10162
2025-03-14,MK-C-028,กรุงเทพฯ,521,11442
2025-03-14,MK-C-028,ภาคกลาง,422,9292
2025-03-14,MK-C-028,ภาคตะวันออก,282,8013
2025-03-14,MK-C-028,ภาคเหนือ,285,6465
2025-03-14,MK-C-028,ภาคใต้,333,8515
2025-03-14,SY-D-039,กรุงเทพฯ,318,7642
2025-03-14,SY-D-039,ภาคกลาง,271,5612
2025-03-14,SY-D-039,ภาคตะวันออก,216,5304
2025-03-14,SY-D-039,ภาคเหนือ,194,4378
2025-03-14,SY-D-039,ภาคใต้,209,4766
2025-03-14,AG-E-052,กรุงเทพฯ,99,2438
2025-03-14,AG-E-052,ภาคกลาง,91,1956
2025-03-14,AG-E-052,ภาคตะวันออก,64,1583
2025-03-14,AG-E-052,ภาคเหนือ,55,1229
2025-03-14,AG-E-052,ภาคใต้,75,1778
2025-03-15,TK-A-001,กรุงเทพฯ,131,3080
2025-03-15,TK-A-001,ภาคกลาง,105,2859
2025-03-15,TK-A-001,ภาคตะวันออก,82,1804
2025-03-15,TK-A-001,ภาคเหนือ,81,1839
2025-03-15,TK-A-001,ภาคใต้,88,2046
2025-03-15,GL-B-014,กรุงเทพฯ,728,17490
2025-03-15,GL-B-014,ภาคกลาง,584,14443
2025-03-15,GL-B-014,ภาคตะวันออก,423,11273
2025-03-15,GL-B-014,ภาคเหนือ,418,7765
2025-03-15,GL-B-014,ภาคใต้,498,9728
2025-03-15,MK-C-028,กรุงเทพฯ,488,10895
2025-03-15,MK-C-028,ภาคกลาง,405,10119
2025-03-15,MK-C-028,ภาคตะวันออก,318,8027
2025-03-15,MK-C-028,ภาคเหนือ,270,7331
2025-03-15,MK-C-028,ภาคใต้,328,7377
2025-03-15,SY-D-039,กรุงเทพฯ,367,8547
2025-03-15,SY-D-039,ภาคกลาง,270,7181
2025-03-15,SY-D-039,ภาคตะวันออก,195,5016
2025-03-15,SY-D-039,ภาคเหนือ,204,3846
2025-03-15,SY-D-039,ภาคใต้,250,6200
2025-03-15,AG-E-052,กรุงเทพฯ,103,2518
2025-03-15,AG-E-052,ภาคกลาง,88,1722
2025-03-15,AG-E-052,ภาคตะวันออก,68,1568
2025-03-15,AG-E-052,ภาคเหนือ,54,1431
2025-03-15,AG-E-052,ภาคใต้,65,1495
2025-03-16,TK-A-001,กรุงเทพฯ,147,3627
2025-03-16,TK-A-001,ภาคกลาง,121,2654
2025-03-16,TK-A-001,ภาคตะวันออก,80,1997
2025-03-16,TK-A-001,ภาคเหนือ,79,1949
2025-03-16,TK-A-001,ภาคใต้,87,1847
2025-03-16,GL-B-014,กรุงเทพฯ,707,14685
2025-03-16,GL-B-014,ภาคกลาง,554,15211
2025-03-16,GL-B-014,ภาคตะวันออก,399,9905
2025-03-16,GL-B-014,ภาคเหนือ,374,7665
2025-03-16,GL-B-014,ภาคใต้,496,12788
2025-03-16,MK-C-028,กรุงเทพฯ,478,13549
2025-03-16,MK-C-028,ภาคกลาง,439,10457
2025-03-16,MK-C-028,ภาคตะวันออก,347,6990
2025-03-16,MK-C-028,ภาคเหนือ,283,6564
2025-03-16,MK-C-028,ภาคใต้,369,9301
2025-03-16,SY-D-039,กรุงเทพฯ,367,8149
2025-03-16,SY-D-039,ภาคกลาง,283,6046
2025-03-16,SY-D-039,ภาคตะวันออก,194,4163
2025-03-16,SY-D-039,ภาคเหนือ,189,4367
2025-03-16,SY-D-039,ภาคใต้,229,6073
2025-03-16,AG-E-052,กรุงเทพฯ,114,2337
2025-03-16,AG-E-052,ภาคกลาง,79,1732
2025-03-16,AG-E-052,ภาคตะวันออก,63,1656
2025-03-16,AG-E-052,ภาคเหนือ,54,1222
2025-03-16,AG-E-052,ภาคใต้,69,1708
2025-03-17,TK-A-001,กรุงเทพฯ,141,3326
2025-03-17,TK-A-001,ภาคกลาง,117,2973
2025-03-17,TK-A-001,ภาคตะวันออก,88,1713
2025-03-17,TK-A-001,ภาคเหนือ,74,1624
2025-03-17,TK-A-001,ภาคใต้,86,2266
2025-03-17,GL-B-014,กรุงเทพฯ,769,16082
2025-03-17,GL-B-014,ภาคกลาง,586,13795
2025-03-17,GL-B-014,ภาคตะวันออก,429,10347
2025-03-17,GL-B-014,ภาคเหนือ,404,9968
2025-03-17,GL-B-014,ภาคใต้,506,9564
2025-03-17,MK-C-028,กรุงเทพฯ,504,13779
2025-03-17,MK-C-028,ภาคกลาง,435,11173
2025-03-17,MK-C-028,ภาคตะวันออก,300,7835
2025-03-17,MK-C-028,ภาคเหนือ,311,7254
2025-03-17,MK-C-028,ภาคใต้,343,7219
2025-03-17,SY-D-039,กรุงเทพฯ,380,7562
2025-03-17,SY-D-039,ภาคกลาง,285,6443
2025-03-17,SY-D-039,ภาคตะวันออก,191,4585
2025-03-17,SY-D-039,ภาคเหนือ,207,3769
2025-03-17,SY-D-039,ภาคใต้,228,5385
2025-03-17,AG-E-052,กรุงเทพฯ,104,2727
2025-03-17,AG-E-052,ภาคกลาง,90,2164
2025-03-17,AG-E-052,ภาคตะวันออก,70,1545
2025-03-17,AG-E-052,ภาคเหนือ,54,1259
2025-03-17,AG-E-052,ภาคใต้,67,1548
2025-03-18,TK-A-001,กรุงเทพฯ,131,3720
2025-03-18,TK-A-001,ภาคกลาง,109,2343
2025-03-18,TK-A-001,ภาคตะวันออก,87,1959
2025-03-18,TK-A-001,ภาคเหนือ,74,1783
2025-03-18,TK-A-001,ภาคใต้,99,2412
2025-03-18,GL-B-014,กรุงเทพฯ,714,15037
2025-03-18,GL-B-014,ภาคกลาง,621,14099
2025-03-18,GL-B-014,ภาคตะวันออก,449,11453
2025-03-18,GL-B-014,ภาคเหนือ,368,8217
2025-03-18,GL-B-014,ภาคใต้,476,9759
2025-03-18,MK-C-028,กรุงเทพฯ,530,10836
2025-03-18,MK-C-028,ภาคกลาง,471,9228
2025-03-18,MK-C-028,ภาคตะวันออก,346,6893
2025-03-18,MK-C-028,ภาคเหนือ,271,6579
2025-03-18,MK-C-028,ภาคใต้,390,7767
2025-03-18,SY-D-039,กรุงเทพฯ,338,7730
2025-03-18,SY-D-039,ภาคกลาง,265,7030
2025-03-18,SY-D-039,ภาคตะวันออก,214,5279
2025-03-18,SY-D-039,ภาคเหนือ,177,3964
2025-03-18,SY-D-039,ภาคใต้,256,5639
2025-03-18,AG-E-052,กรุงเทพฯ,98,2737
2025-03-18,AG-E-052,ภาคกลาง,92,1723
2025-03-18,AG-E-052,ภาคตะวันออก,70,1619
2025-03-18,AG-E-052,ภาคเหนือ,54,1148
2025-03-18,AG-E-052,ภาคใต้,68,1639
2025-03-19,TK-A-001,กรุงเทพฯ,146,3295
2025-03-19,TK-A-001,ภาคกลาง,116,2272
2025-03-19,TK-A-001,ภาคตะวันออก,85,1804
2025-03-19,TK-A-001,ภาคเหนือ,75,1666
2025-03-19,TK-A-001,ภาคใต้,104,2097
2025-03-19,GL-B-014,กรุงเทพฯ,791,15696
2025-03-19,GL-B-014,ภาคกลาง,651,13722
2025-03-19,GL-B-014,ภาคตะวันออก,417,8877
2025-03-19,GL-B-014,ภาคเหนือ,360,10160
2025-03-19,GL-B-014,ภาคใต้,453,9529
2025-03-19,MK-C-028,กรุงเทพฯ,518,10622
2025-03-19,MK-C-028,ภาคกลาง,474,10815
2025-03-19,MK-C-028,ภาคตะวันออก,296,6794
2025-03-19,MK-C-028,ภาคเหนือ,308,7437
2025-03-19,MK-C-028,ภาคใต้,389,8761
2025-03-19,SY-D-039,กรุงเทพฯ,353,7837
2025-03-19,SY-D-039,ภาคกลาง,290,7348
2025-03-19,SY-D-039,ภาคตะวันออก,220,5329
2025-03-19,SY-D-039,ภาคเหนือ,198,4041
2025-03-19,SY-D-039,ภาคใต้,222,5629
2025-03-19,AG-E-052,กรุงเทพฯ,101,2078
2025-03-19,AG-E-052,ภาคกลาง,95,1739
2025-03-19,AG-E-052,ภาคตะวันออก,65,1468
2025-03-19,AG-E-052,ภาคเหนือ,57,1140
2025-03-19,AG-E-052,ภาคใต้,65,1815
2025-03-20,TK-A-001,กรุงเทพฯ,135,3183
2025-03-20,TK-A-001,ภาคกลาง,117,2498
2025-03-20,TK-A-001,ภาคตะวันออก,92,1961
2025-03-20,TK-A-001,ภาคเหนือ,81,1671
2025-03-20,TK-A-001,ภาคใต้,102,2045
2025-03-20,GL-B-014,กรุงเทพฯ,817,16876
2025-03-20,GL-B-014,ภาคกลาง,603,12806
2025-03-20,GL-B-014,ภาคตะวันออก,426,10690
2025-03-20,GL-B-014,ภาคเหนือ,425,8827
2025-03-20,GL-B-014,ภาคใต้,454,10358
2025-03-20,MK-C-028,กรุงเทพฯ,540,12412
2025-03-20,MK-C-028,ภาคกลาง,471,10234
2025-03-20,MK-C-028,ภาคตะวันออก,310,6256
2025-03-20,MK-C-028,ภาคเหนือ,315,6292
2025-03-20,MK-C-028,ภาคใต้,345,7478
2025-03-20,SY-D-039,กรุงเทพฯ,383,8913
2025-03-20,SY-D-039,ภาคกลาง,288,6877
2025-03-20,SY-D-039,ภาคตะวันออก,230,4540
2025-03-20,SY-D-039,ภาคเหนือ,181,4380
2025-03-20,SY-D-039,ภาคใต้,226,5818
2025-03-20,AG-E-052,กรุงเทพฯ,111,2269
2025-03-20,AG-E-052,ภาคกลาง,86,2091
2025-03-20,AG-E-052,ภาคตะวันออก,67,1404
2025-03-20,AG-E-052,ภาคเหนือ,60,1234
2025-03-20,AG-E-052,ภาคใต้,74,1754
2025-03-21,TK-A-001,กรุงเทพฯ,136,3053
2025-03-21,TK-A-001,ภาคกลาง,109,2618
2025-03-21,TK-A-001,ภาคตะวันออก,86,1753
2025-03-21,TK-A-001,ภาคเหนือ,73,1555
2025-03-21,TK-A-001,ภาคใต้,105,1982
2025-03-21,GL-B-014,กรุงเทพฯ,789,16472
2025-03-21,GL-B-014,ภาคกลาง,613,15378
2025-03-21,GL-B-014,ภาคตะวันออก,433,10459
2025-03-21,GL-B-014,ภาคเหนือ,411,9703
2025-03-21,GL-B-014,ภาคใต้,506,11101
2025-03-21,MK-C-028,กรุงเทพฯ,529,10984
2025-03-21,MK-C-028,ภาคกลาง,483,9476
2025-03-21,MK-C-028,ภาคตะวันออก,317,7466
2025-03-21,MK-C-028,ภาคเหนือ,298,7062
2025-03-21,MK-C-028,ภาคใต้,403,7652
2025-03-21,SY-D-039,กรุงเทพฯ,376,7291
2025-03-21,SY-D-039,ภาคกลาง,321,7091
2025-03-21,SY-D-039,ภาคตะวันออก,214,5261
2025-03-21,SY-D-039,ภาคเหนือ,202,4734
2025-03-21,SY-D-039,ภาคใต้,265,6123
2025-03-21,AG-E-052,กรุงเทพฯ,120,2614
2025-03-21,AG-E-052,ภาคกลาง,79,2231
2025-03-21,AG-E-052,ภาคตะวันออก,70,1516
2025-03-21,AG-E-052,ภาคเหนือ,53,1381
2025-03-21,AG-E-052,ภาคใต้,78,1462
2025-03-22,TK-A-001,กรุงเทพฯ,146,3516
2025-03-22,TK-A-001,ภาคกลาง,122,2961
2025-03-22,TK-A-001,ภาคตะวันออก,84,1906
2025-03-22,TK-A-001,ภาคเหนือ,76,1941
2025-03-22,TK-A-001,ภาคใต้,95,2066
2025-03-22,GL-B-014,กรุงเทพฯ,749,14996
2025-03-22,GL-B-014,ภาคกลาง,631,14126
2025-03-22,GL-B-014,ภาคตะวันออก,485,9839
2025-03-22,GL-B-014,ภาคเหนือ,435,8767
2025-03-22,GL-B-014,ภาคใต้,477,10960
2025-03-22,MK-C-028,กรุงเทพฯ,556,13544
2025-03-22,MK-C-028,ภาคกลาง,459,9775
2025-03-22,MK-C-028,ภาคตะวันออก,314,7412
2025-03-22,MK-C-028,ภาคเหนือ,268,5544
2025-03-22,MK-C-028,ภาคใต้,364,7029
2025-03-22,SY-D-039,กรุงเทพฯ,386,9250
2025-03-22,SY-D-039,ภาคกลาง,271,7042
2025-03-22,SY-D-039,ภาคตะวันออก,210,5555
2025-03-22,SY-D-039,ภาคเหนือ,193,3896
2025-03-22,SY-D-039,ภาคใต้,229,5247
2025-03-22,AG-E-052,กรุงเทพฯ,114,2185
2025-03-22,AG-E-052,ภาคกลาง,83,1872
2025-03-22,AG-E-052,ภาคตะวันออก,69,1243
2025-03-22,AG-E-052,ภาคเหนือ,56,1132
2025-03-22,AG-E-052,ภาคใต้,76,1649
2025-03-23,TK-A-001,กรุงเทพฯ,137,3122
2025-03-23,TK-A-001,ภาคกลาง,120,2698
2025-03-23,TK-A-001,ภาคตะวันออก,85,2131
2025-03-23,TK-A-001,ภาคเหนือ,78,1576
2025-03-23,TK-A-001,ภาคใต้,104,2117
2025-03-23,GL-B-014,กรุงเทพฯ,740,16341
2025-03-23,GL-B-014,ภาคกลาง,650,15338
2025-03-23,GL-B-014,ภาคตะวันออก,422,10721
2025-03-23,GL-B-014,ภาคเหนือ,430,9022
2025-03-23,GL-B-014,ภาคใต้,482,11529
2025-03-23,MK-C-028,กรุงเทพฯ,515,12137
2025-03-23,MK-C-028,ภาคกลาง,428,10420
2025-03-23,MK-C-028,ภาคตะวันออก,343,7350
2025-03-23,MK-C-028,ภาคเหนือ,271,6428
2025-03-23,MK-C-028,ภาคใต้,349,9169
2025-03-23,SY-D-039,กรุงเทพฯ,367,7028
2025-03-23,SY-D-039,ภาคกลาง,273,6464
2025-03-23,SY-D-039,ภาคตะวันออก,215,4140
2025-03-23,SY-D-039,ภาคเหนือ,209,4603
2025-03-23,SY-D-039,ภาคใต้,252,5243
2025-03-23,AG-E-052,กรุงเทพฯ,115,2196
2025-03-23,AG-E-052,ภาคกลาง,94,1768
2025-03-23,AG-E-052,ภาคตะวันออก,72,1360
2025-03-23,AG-E-052,ภาคเหนือ,59,1377
2025-03-23,AG-E-052,ภาคใต้,73,1627
2025-03-24,TK-A-001,กรุงเทพฯ,137,3597
2025-03-24,TK-A-001,ภาคกลาง,120,2497
2025-03-24,TK-A-001,ภาคตะวันออก,82,2228
2025-03-24,TK-A-001,ภาคเหนือ,75,1553
2025-03-24,TK-A-001,ภาคใต้,91,1864
2025-03-24,GL-B-014,กรุงเทพฯ,852,16553
2025-03-24,GL-B-014,ภาคกลาง,576,14394
2025-03-24,GL-B-014,ภาคตะวันออก,457,8998
2025-03-24,GL-B-014,ภาคเหนือ,445,10089
2025-03-24,GL-B-014,ภาคใต้,480,9627
2025-03-24,MK-C-028,กรุงเทพฯ,581,13948
2025-03-24,MK-C-028,ภาคกลาง,443,9917
2025-03-24,MK-C-028,ภาคตะวันออก,308,7141
2025-03-24,MK-C-028,ภาคเหนือ,277,5854
2025-03-24,MK-C-028,ภาคใต้,391,8708
2025-03-24,SY-D-039,กรุงเทพฯ,408,7609
2025-03-24,SY-D-039,ภาคกลาง,279,5905
2025-03-24,SY-D-039,ภาคตะวันออก,220,4148
2025-03-24,SY-D-039,ภาคเหนือ,201,3929
2025-03-24,SY-D-039,ภาคใต้,248,5976
2025-03-24,AG-E-052,กรุงเทพฯ,109,2305
2025-03-24,AG-E-052,ภาคกลาง,85,1864
2025-03-24,AG-E-052,ภาคตะวันออก,65,1386
2025-03-24,AG-E-052,ภาคเหนือ,65,1199
2025-03-24,AG-E-052,ภาคใต้,83,1620
2025-03-25,TK-A-001,กรุงเทพฯ,140,3129
2025-03-25,TK-A-001,ภาคกลาง,123,2371
2025-03-25,TK-A-001,ภาคตะวันออก,98,2195
2025-03-25,TK-A-001,ภาคเหนือ,84,1883
2025-03-25,TK-A-001,ภาคใต้,93,2024
2025-03-25,GL-B-014,กรุงเทพฯ,833,17991
2025-03-25,GL-B-014,ภาคกลาง,666,14518
2025-03-25,GL-B-014,ภาคตะวันออก,448,8608
2025-03-25,GL-B-014,ภาคเหนือ,434,7921
2025-03-25,GL-B-014,ภาคใต้,514,9685
2025-03-25,MK-C-028,กรุงเทพฯ,616,11031
2025-03-25,MK-C-028,ภาคกลาง,482,9943
2025-03-25,MK-C-028,ภาคตะวันออก,358,7556
2025-03-25,MK-C-028,ภาคเหนือ,322,6312
2025-03-25,MK-C-028,ภาคใต้,417,7345
2025-03-25,SY-D-039,กรุงเทพฯ,350,9135
2025-03-25,SY-D-039,ภาคกลาง,289,5719
2025-03-25,SY-D-039,ภาคตะวันออก,213,5156
2025-03-25,SY-D-039,ภาคเหนือ,217,4465
2025-03-25,SY-D-039,ภาคใต้,243,5594
2025-03-25,AG-E-052,กรุงเทพฯ,117,2412
2025-03-25,AG-E-052,ภาคกลาง,85,1941
2025-03-25,AG-E-052,ภาคตะวันออก,75,1403
2025-03-25,AG-E-052,ภาคเหนือ,67,1438
2025-03-25,AG-E-052,ภาคใต้,70,1478
2025-03-26,TK-A-001,กรุงเทพฯ,147,3381
2025-03-26,TK-A-001,ภาคกลาง,117,2809
2025-03-26,TK-A-001,ภาคตะวันออก,90,2048
2025-03-26,TK-A-001,ภาคเหนือ,88,1720
2025-03-26,TK-A-001,ภาคใต้,94,2139
2025-03-26,GL-B-014,กรุงเทพฯ,821,18696
2025-03-26,GL-B-014,ภาคกลาง,616,13693
2025-03-26,GL-B-014,ภาคตะวันออก,521,9549
2025-03-26,GL-B-014,ภาคเหนือ,406,8856
2025-03-26,GL-B-014,ภาคใต้,516,12750
2025-03-26,MK-C-028,กรุงเทพฯ,612,13439
2025-03-26,MK-C-028,ภาคกลาง,494,10777
2025-03-26,MK-C-028,ภาคตะวันออก,358,7661
2025-03-26,MK-C-028,ภาคเหนือ,333,5524
2025-03-26,MK-C-028,ภาคใต้,388,7896
2025-03-26,SY-D-039,กรุงเทพฯ,366,8148
2025-03-26,SY-D-039,ภาคกลาง,319,6327
2025-03-26,SY-D-039,ภาคตะวันออก,221,4469
2025-03-26,SY-D-039,ภาคเหนือ,202,3884
2025-03-26,SY-D-039,ภาคใต้,242,5341
2025-03-26,AG-E-052,กรุงเทพฯ,126,2702
2025-03-26,AG-E-052,ภาคกลาง,93,2111
2025-03-26,AG-E-052,ภาคตะวันออก,70,1655
2025-03-26,AG-E-052,ภาคเหนือ,61,1474
2025-03-26,AG-E-052,ภาคใต้,80,1833
2025-03-27,TK-A-001,กรุงเทพฯ,153,3139
2025-03-27,TK-A-001,ภาคกลาง,119,2282
2025-03-27,TK-A-001,ภาคตะวันออก,90,2146
2025-03-27,TK-A-001,ภาคเหนือ,85,1906
2025-03-27,TK-A-001,ภาคใต้,110,1917
2025-03-27,GL-B-014,กรุงเทพฯ,871,16719
2025-03-27,GL-B-014,ภาคกลาง,643,11722
2025-03-27,GL-B-014,ภาคตะวันออก,443,9275
2025-03-27,GL-B-014,ภาคเหนือ,452,8093
2025-03-27,GL-B-014,ภาคใต้,517,10167
2025-03-27,MK-C-028,กรุงเทพฯ,598,11552
2025-03-27,MK-C-028,ภาคกลาง,490,10884
2025-03-27,MK-C-028,ภาคตะวันออก,365,8015
2025-03-27,MK-C-028,ภาคเหนือ,302,6858
2025-03-27,MK-C-028,ภาคใต้,417,8419
2025-03-27,SY-D-039,กรุงเทพฯ,356,9073
2025-03-27,SY-D-039,ภาคกลาง,291,6029
2025-03-27,SY-D-039,ภาคตะวันออก,214,5014
2025-03-27,SY-D-039,ภาคเหนือ,222,3785
2025-03-27,SY-D-039,ภาคใต้,273,5366
2025-03-27,AG-E-052,กรุงเทพฯ,112,2564
2025-03-27,AG-E-052,ภาคกลาง,98,1693
2025-03-27,AG-E-052,ภาคตะวันออก,64,1541
2025-03-27,AG-E-052,ภาคเหนือ,56,1243
2025-03-27,AG-E-052,ภาคใต้,80,1521
2025-03-28,TK-A-001,กรุงเทพฯ,164,3347
2025-03-28,TK-A-001,ภาคกลาง,123,2316
2025-03-28,TK-A-001,ภาคตะวันออก,88,2061
2025-03-28,TK-A-001,ภาคเหนือ,75,1724
2025-03-28,TK-A-001,ภาคใต้,114,2220
2025-03-28,GL-B-014,กรุงเทพฯ,727,18135
2025-03-28,GL-B-014,ภาคกลาง,602,13601
2025-03-28,GL-B-014,ภาคตะวันออก,511,11549
2025-03-28,GL-B-014,ภาคเหนือ,445,8249
2025-03-28,GL-B-014,ภาคใต้,549,11195
2025-03-28,MK-C-028,กรุงเทพฯ,575,13712
2025-03-28,MK-C-028,ภาคกลาง,492,8726
2025-03-28,MK-C-028,ภาคตะวันออก,348,6726
2025-03-28,MK-C-028,ภาคเหนือ,284,7245
2025-03-28,MK-C-028,ภาคใต้,410,7888
2025-03-28,SY-D-039,กรุงเทพฯ,420,7433
2025-03-28,SY-D-039,ภาคกลาง,311,7131
2025-03-28,SY-D-039,ภาคตะวันออก,214,4422
2025-03-28,SY-D-039,ภาคเหนือ,208,4097
2025-03-28,SY-D-039,ภาคใต้,267,5803
2025-03-28,AG-E-052,กรุงเทพฯ,113,2481
2025-03-28,AG-E-052,ภาคกลาง,95,1994
2025-03-28,AG-E-052,ภาคตะวันออก,71,1448
2025-03-28,AG-E-052,ภาคเหนือ,62,1107
2025-03-28,AG-E-052,ภาคใต้,81,1643
2025-03-29,TK-A-001,กรุงเทพฯ,142,3054
2025-03-29,TK-A-001,ภาคกลาง,117,2542
2025-03-29,TK-A-001,ภาคตะวันออก,102,1969
2025-03-29,TK-A-001,ภาคเหนือ,76,1603
2025-03-29,TK-A-001,ภาคใต้,99,1844
2025-03-29,GL-B-014,กรุงเทพฯ,850,16355
2025-03-29,GL-B-014,ภาคกลาง,652,14015
2025-03-29,GL-B-014,ภาคตะวันออก,500,11465
2025-03-29,GL-B-014,ภาคเหนือ,436,7788
2025-03-29,GL-B-014,ภาคใต้,520,11890
2025-03-29,MK-C-028,กรุงเทพฯ,593,10701
2025-03-29,MK-C-028,ภาคกลาง,435,10276
2025-03-29,MK-C-028,ภาคตะวันออก,329,6213
2025-03-29,MK-C-028,ภาคเหนือ,332,6765
2025-03-29,MK-C-028,ภาคใต้,406,8711
2025-03-29,SY-D-039,กรุงเทพฯ,363,8518
2025-03-29,SY-D-039,ภาคกลาง,340,7332
2025-03-29,SY-D-039,ภาคตะวันออก,218,4327
2025-03-29,SY-D-039,ภาคเหนือ,199,4110
2025-03-29,SY-D-039,ภาคใต้,247,5408
2025-03-29,AG-E-052,กรุงเทพฯ,114,2164
2025-03-29,AG-E-052,ภาคกลาง,89,2127
2025-03-29,AG-E-052,ภาคตะวันออก,73,1363
2025-03-29,AG-E-052,ภาคเหนือ,62,1395
2025-03-29,AG-E-052,ภาคใต้,71,1673
2025-03-30,TK-A-001,กรุงเทพฯ,165,3435
2025-03-30,TK-A-001,ภาคกลาง,118,2643
2025-03-30,TK-A-001,ภาคตะวันออก,99,1747
2025-03-30,TK-A-001,ภาคเหนือ,77,1864
2025-03-30,TK-A-001,ภาคใต้,104,2113
2025-03-30,GL-B-014,กรุงเทพฯ,856,17577
2025-03-30,GL-B-014,ภาคกลาง,590,13085
2025-03-30,GL-B-014,ภาคตะวันออก,485,8905
2025-03-30,GL-B-014,ภาคเหนือ,474,7720
2025-03-30,GL-B-014,ภาคใต้,576,11392
2025-03-30,MK-C-028,กรุงเทพฯ,597,12177
2025-03-30,MK-C-028,ภาคกลาง,519,8591
2025-03-30,MK-C-028,ภาคตะวันออก,357,7057
2025-03-30,MK-C-028,ภาคเหนือ,324,7106
2025-03-30,MK-C-028,ภาคใต้,382,8233
2025-03-30,SY-D-039,กรุงเทพฯ,359,9091
2025-03-30,SY-D-039,ภาคกลาง,303,7442
2025-03-30,SY-D-039,ภาคตะวันออก,240,5104
2025-03-30,SY-D-039,ภาคเหนือ,195,4101
2025-03-30,SY-D-039,ภาคใต้,266,5133
2025-03-30,AG-E-052,กรุงเทพฯ,130,2485
2025-03-30,AG-E-052,ภาคกลาง,89,1787
2025-03-30,AG-E-052,ภาคตะวันออก,74,1347
2025-03-30,AG-E-052,ภาคเหนือ,58,1431
2025-03-30,AG-E-052,ภาคใต้,81,1423
2025-03-31,TK-A-001,กรุงเทพฯ,146,3505
2025-03-31,TK-A-001,ภาคกลาง,118,2929
2025-03-31,TK-A-001,ภาคตะวันออก,94,1980
2025-03-31,TK-A-001,ภาคเหนือ,90,1657
2025-03-31,TK-A-001,ภาคใต้,108,1837
2025-03-31,GL-B-014,กรุงเทพฯ,907,16185
2025-03-31,GL-B-014,ภาคกลาง,663,12764
2025-03-31,GL-B-014,ภาคตะวันออก,449,9175
2025-03-31,GL-B-014,ภาคเหนือ,427,8803
2025-03-31,GL-B-014,ภาคใต้,516,11778
2025-03-31,MK-C-028,กรุงเทพฯ,610,13882
2025-03-31,MK-C-028,ภาคกลาง,515,8942
2025-03-31,MK-C-028,ภาคตะวันออก,367,8230
2025-03-31,MK-C-028,ภาคเหนือ,329,5948
2025-03-31,MK-C-028,ภาคใต้,404,7788
2025-03-31,SY-D-039,กรุงเทพฯ,411,7073
2025-03-31,SY-D-039,ภาคกลาง,304,5508
2025-03-31,SY-D-039,ภาคตะวันออก,258,4992
2025-03-31,SY-D-039,ภาคเหนือ,229,4794
2025-03-31,SY-D-039,ภาคใต้,251,5097
2025-03-31,AG-E-052,กรุงเทพฯ,131,2477
2025-03-31,AG-E-052,ภาคกลาง,92,2185
2025-03-31,AG-E-052,ภาคตะวันออก,74,1481
2025-03-31,AG-E-052,ภาคเหนือ,63,1433
2025-03-31,AG-E-052,ภาคใต้,84,1612
2025-04-01,TK-A-001,กรุงเทพฯ,157,3581
2025-04-01,TK-A-001,ภาคกลาง,118,2747
2025-04-01,TK-A-001,ภาคตะวันออก,96,2200
2025-04-01,TK-A-001,ภาคเหนือ,89,1607
2025-04-01,TK-A-001,ภาคใต้,110,1893
2025-04-01,GL-B-014,กรุงเทพฯ,759,15291
2025-04-01,GL-B-014,ภาคกลาง,731,14168
2025-04-01,GL-B-014,ภาคตะวันออก,463,11012
2025-04-01,GL-B-014,ภาคเหนือ,432,8732
2025-04-01,GL-B-014,ภาคใต้,542,10067
2025-04-01,MK-C-028,กรุงเทพฯ,656,11148
2025-04-01,MK-C-028,ภาคกลาง,458,9056
2025-04-01,MK-C-028,ภาคตะวันออก,347,7123
2025-04-01,MK-C-028,ภาคเหนือ,354,6360
2025-04-01,MK-C-028,ภาคใต้,395,7636
2025-04-01,SY-D-039,กรุงเทพฯ,404,8916
2025-04-01,SY-D-039,ภาคกลาง,345,6672
2025-04-01,SY-D-039,ภาคตะวันออก,250,4550
2025-04-01,SY-D-039,ภาคเหนือ,201,4475
2025-04-01,SY-D-039,ภาคใต้,247,5818
2025-04-01,AG-E-052,กรุงเทพฯ,122,2210
2025-04-01,AG-E-052,ภาคกลาง,87,1742
2025-04-01,AG-E-052,ภาคตะวันออก,66,1471
2025-04-01,AG-E-052,ภาคเหนือ,58,1226
2025-04-01,AG-E-052,ภาคใต้,87,1635
2025-04-02,TK-A-001,กรุงเทพฯ,171,3141
2025-04-02,TK-A-001,ภาคกลาง,143,2570
2025-04-02,TK-A-001,ภาคตะวันออก,105,2177
2025-04-02,TK-A-001,ภาคเหนือ,82,1912
2025-04-02,TK-A-001,ภาคใต้,106,1944
2025-04-02,GL-B-014,กรุงเทพฯ,808,18565
2025-04-02,GL-B-014,ภาคกลาง,609,11786
2025-04-02,GL-B-014,ภาคตะวันออก,503,11059
2025-04-02,GL-B-014,ภาคเหนือ,481,8359
2025-04-02,GL-B-014,ภาคใต้,528,11468
2025-04-02,MK-C-028,กรุงเทพฯ,635,13746
2025-04-02,MK-C-028,ภาคกลาง,488,9910
2025-04-02,MK-C-028,ภาคตะวันออก,345,6736
2025-04-02,MK-C-028,ภาคเหนือ,332,5632
2025-04-02,MK-C-028,ภาคใต้,426,7118
2025-04-02,SY-D-039,กรุงเทพฯ,399,7212
2025-04-02,SY-D-039,ภาคกลาง,340,5938
2025-04-02,SY-D-039,ภาคตะวันออก,241,5320
2025-04-02,SY-D-039,ภาคเหนือ,218,3981
2025-04-02,SY-D-039,ภาคใต้,278,5865
2025-04-02,AG-E-052,กรุงเทพฯ,110,2192
2025-04-02,AG-E-052,ภาคกลาง,107,2054
2025-04-02,AG-E-052,ภาคตะวันออก,69,1408
2025-04-02,AG-E-052,ภาคเหนือ,70,1341
2025-04-02,AG-E-052,ภาคใต้,74,1383
2025-04-03,TK-A-001,กรุงเทพฯ,177,3303
2025-04-03,TK-A-001,ภาคกลาง,128,2479
2025-04-03,TK-A-001,ภาคตะวันออก,105,2139
2025-04-03,TK-A-001,ภาคเหนือ,92,1889
2025-04-03,TK-A-001,ภาคใต้,99,2267
2025-04-03,GL-B-014,กรุงเทพฯ,906,15558
2025-04-03,GL-B-014,ภาคกลาง,693,13818
2025-04-03,GL-B-014,ภาคตะวันออก,532,8798
2025-04-03,GL-B-014,ภาคเหนือ,428,8687
2025-04-03,GL-B-014,ภาคใต้,604,9801
2025-04-03,MK-C-028,กรุงเทพฯ,571,11915
2025-04-03,MK-C-028,ภาคกลาง,481,8721
2025-04-03,MK-C-028,ภาคตะวันออก,384,8051
2025-04-03,MK-C-028,ภาคเหนือ,335,6118
2025-04-03,MK-C-028,ภาคใต้,398,7191
2025-04-03,SY-D-039,กรุงเทพฯ,395,8197
2025-04-03,SY-D-039,ภาคกลาง,321,6744
2025-04-03,SY-D-039,ภาคตะวันออก,228,4968
2025-04-03,SY-D-039,ภาคเหนือ,201,4055
2025-04-03,SY-D-039,ภาคใต้,249,5277
2025-04-03,AG-E-052,กรุงเทพฯ,113,2496
2025-04-03,AG-E-052,ภาคกลาง,96,1919
2025-04-03,AG-E-052,ภาคตะวันออก,80,1439
2025-04-03,AG-E-052,ภาคเหนือ,61,1182
2025-04-03,AG-E-052,ภาคใต้,79,1766
2025-04-04,TK-A-001,กรุงเทพฯ,169,3036
2025-04-04,TK-A-001,ภาคกลาง,136,2716
2025-04-04,TK-A-001,ภาคตะวันออก,97,1701
2025-04-04,TK-A-001,ภาคเหนือ,83,1622
2025-04-04,TK-A-001,ภาคใต้,105,1852
2025-04-04,GL-B-014,กรุงเทพฯ,914,17737
2025-04-04,GL-B-014,ภาคกลาง,713,14252
2025-04-04,GL-B-014,ภาคตะวันออก,552,9428
2025-04-04,GL-B-014,ภาคเหนือ,498,8058
2025-04-04,GL-B-014,ภาคใต้,622,12421
2025-04-04,MK-C-028,กรุงเทพฯ,671,13744
2025-04-04,MK-C-028,ภาคกลาง,539,11151
2025-04-04,MK-C-028,ภาคตะวันออก,404,7988
2025-04-04,MK-C-028,ภาคเหนือ,322,6164
2025-04-04,MK-C-028,ภาคใต้,379,8235
2025-04-04,SY-D-039,กรุงเทพฯ,421,9116
2025-04-04,SY-D-039,ภาคกลาง,340,6798
2025-04-04,SY-D-039,ภาคตะวันออก,234,5529
2025-04-04,SY-D-039,ภาคเหนือ,208,3907
2025-04-04,SY-D-039,ภาคใต้,285,6013
2025-04-04,AG-E-052,กรุงเทพฯ,133,2191
2025-04-04,AG-E-052,ภาคกลาง,91,2122
2025-04-04,AG-E-052,ภาคตะวันออก,68,1302
2025-04-04,AG-E-052,ภาคเหนือ,66,1266
2025-04-04,AG-E-052,ภาคใต้,75,1743
2025-04-05,TK-A-001,กรุงเทพฯ,163,2897
2025-04-05,TK-A-001,ภาคกลาง,130,2563
2025-04-05,TK-A-001,ภาคตะวันออก,95,2181
2025-04-05,TK-A-001,ภาคเหนือ,93,1476
2025-04-05,TK-A-001,ภาคใต้,118,1863
2025-04-05,GL-B-014,กรุงเทพฯ,872,18641
2025-04-05,GL-B-014,ภาคกลาง,738,11751
2025-04-05,GL-B-014,ภาคตะวันออก,555,8746
2025-04-05,GL-B-014,ภาคเหนือ,427,8855
2025-04-05,GL-B-014,ภาคใต้,552,12660
2025-04-05,MK-C-028,กรุงเทพฯ,655,11526
2025-04-05,MK-C-028,ภาคกลาง,519,10966
2025-04-05,MK-C-028,ภาคตะวันออก,371,6325
2025-04-05,MK-C-028,ภาคเหนือ,365,5907
2025-04-05,MK-C-028,ภาคใต้,393,7590
2025-04-05,SY-D-039,กรุงเทพฯ,419,9126
2025-04-05,SY-D-039,ภาคกลาง,336,6126
2025-04-05,SY-D-039,ภาคตะวันออก,271,4685
2025-04-05,SY-D-039,ภาคเหนือ,208,4019
2025-04-05,SY-D-039,ภาคใต้,284,4944
2025-04-05,AG-E-052,กรุงเทพฯ,130,2431
2025-04-05,AG-E-052,ภาคกลาง,98,2050
2025-04-05,AG-E-052,ภาคตะวันออก,81,1255
2025-04-05,AG-E-052,ภาคเหนือ,64,1248
2025-04-05,AG-E-052,ภาคใต้,91,1854
2025-04-06,TK-A-001,กรุงเทพฯ,169,2895
2025-04-06,TK-A-001,ภาคกลาง,135,2417
2025-04-06,TK-A-001,ภาคตะวันออก,101,2221
2025-04-06,TK-A-001,ภาคเหนือ,81,1578
2025-04-06,TK-A-001,ภาคใต้,122,1861
2025-04-06,GL-B-014,กรุงเทพฯ,804,17026
2025-04-06,GL-B-014,ภาคกลาง,727,12616
2025-04-06,GL-B-014,ภาคตะวันออก,545,9258
2025-04-06,GL-B-014,ภาคเหนือ,438,8482
2025-04-06,GL-B-014,ภาคใต้,551,12485
2025-04-06,MK-C-028,กรุงเทพฯ,678,10792
2025-04-06,MK-C-028,ภาคกลาง,484,10565
2025-04-06,MK-C-028,ภาคตะวันออก,354,6722
2025-04-06,MK-C-028,ภาคเหนือ,338,7174
2025-04-06,MK-C-028,ภาคใต้,460,8022
2025-04-06,SY-D-039,กรุงเทพฯ,399,9088
2025-04-06,SY-D-039,ภาคกลาง,306,7065
2025-04-06,SY-D-039,ภาคตะวันออก,252,4470
2025-04-06,SY-D-039,ภาคเหนือ,238,4340
2025-04-06,SY-D-039,ภาคใต้,290,4845
2025-04-06,AG-E-052,กรุงเทพฯ,121,2467
2025-04-06,AG-E-052,ภาคกลาง,95,1813
2025-04-06,AG-E-052,ภาคตะวันออก,68,1480
2025-04-06,AG-E-052,ภาคเหนือ,67,1258
2025-04-06,AG-E-052,ภาคใต้,83,1490
2025-04-07,TK-A-001,กรุงเทพฯ,170,3243
2025-04-07,TK-A-001,ภาคกลาง,135,2941
2025-04-07,TK-A-001,ภาคตะวันออก,101,1723
2025-04-07,TK-A-001,ภาคเหนือ,89,1776
2025-04-07,TK-A-001,ภาคใต้,110,1870
2025-04-07,GL-B-014,กรุงเทพฯ,799,15468
2025-04-07,GL-B-014,ภาคกลาง,770,12626
2025-04-07,GL-B-014,ภาคตะวันออก,510,9163
2025-04-07,GL-B-014,ภาคเหนือ,488,9220
2025-04-07,GL-B-014,ภาคใต้,583,10382
2025-04-07,MK-C-028,กรุงเทพฯ,681,13723
2025-04-07,MK-C-028,ภาคกลาง,470,9463
2025-04-07,MK-C-028,ภาคตะวันออก,369,8141
2025-04-07,MK-C-028,ภาคเหนือ,360,6114
2025-04-07,MK-C-028,ภาคใต้,431,9167
2025-04-07,SY-D-039,กรุงเทพฯ,455,7506
2025-04-07,SY-D-039,ภาคกลาง,334,6855
2025-04-07,SY-D-039,ภาคตะวันออก,279,4726
2025-04-07,SY-D-039,ภาคเหนือ,240,4773
2025-04-07,SY-D-039,ภาคใต้,279,5468
2025-04-07,AG-E-052,กรุงเทพฯ,118,2438
2025-04-07,AG-E-052,ภาคกลาง,108,2018
2025-04-07,AG-E-052,ภาคตะวันออก,73,1629
2025-04-07,AG-E-052,ภาคเหนือ,64,1461
2025-04-07,AG-E-052,ภาคใต้,87,1719
2025-04-08,TK-A-001,กรุงเทพฯ,159,3204
2025-04-08,TK-A-001,ภาคกลาง,145,2754
2025-04-08,TK-A-001,ภาคตะวันออก,101,1688
2025-04-08,TK-A-001,ภาคเหนือ,90,1588
2025-04-08,TK-A-001,ภาคใต้,117,2007
2025-04-08,GL-B-014,กรุงเทพฯ,965,17353
2025-04-08,GL-B-014,ภาคกลาง,682,14763
2025-04-08,GL-B-014,ภาคตะวันออก,575,11421
2025-04-08,GL-B-014,ภาคเหนือ,466,9584
2025-04-08,GL-B-014,ภาคใต้,607,11064
2025-04-08,MK-C-028,กรุงเทพฯ,619,12736
2025-04-08,MK-C-028,ภาคกลาง,498,9748
2025-04-08,MK-C-028,ภาคตะวันออก,383,7384
2025-04-08,MK-C-028,ภาคเหนือ,333,7447
2025-04-08,MK-C-028,ภาคใต้,459,8768
2025-04-08,SY-D-039,กรุงเทพฯ,398,8592
2025-04-08,SY-D-039,ภาคกลาง,371,7159
2025-04-08,SY-D-039,ภาคตะวันออก,251,5301
2025-04-08,SY-D-039,ภาคเหนือ,249,4582
2025-04-08,SY-D-039,ภาคใต้,273,5437
2025-04-08,AG-E-052,กรุงเทพฯ,118,2137
2025-04-08,AG-E-052,ภาคกลาง,108,2157
2025-04-08,AG-E-052,ภาคตะวันออก,82,1545
2025-04-08,AG-E-052,ภาคเหนือ,67,1366
2025-04-08,AG-E-052,ภาคใต้,87,1725
2025-04-09,TK-A-001,กรุงเทพฯ,156,3358
2025-04-09,TK-A-001,ภาคกลาง,125,2425
2025-04-09,TK-A-001,ภาคตะวันออก,106,2071
2025-04-09,TK-A-001,ภาคเหนือ,92,1956
2025-04-09,TK-A-001,ภาคใต้,122,2231
2025-04-09,GL-B-014,กรุงเทพฯ,930,18497
2025-04-09,GL-B-014,ภาคกลาง,727,14144
2025-04-09,GL-B-014,ภาคตะวันออก,539,10620
2025-04-09,GL-B-014,ภาคเหนือ,455,9386
2025-04-09,GL-B-014,ภาคใต้,580,10502
2025-04-09,MK-C-028,กรุงเทพฯ,673,11717
2025-04-09,MK-C-028,ภาคกลาง,558,9771
2025-04-09,MK-C-028,ภาคตะวันออก,377,7773
2025-04-09,MK-C-028,ภาคเหนือ,366,7061
2025-04-09,MK-C-028,ภาคใต้,442,7219
2025-04-09,SY-D-039,กรุงเทพฯ,439,8324
2025-04-09,SY-D-039,ภาคกลาง,353,5657
2025-04-09,SY-D-039,ภาคตะวันออก,251,4882
2025-04-09,SY-D-039,ภาคเหนือ,229,3926
2025-04-09,SY-D-039,ภาคใต้,276,5856
2025-04-09,AG-E-052,กรุงเทพฯ,124,2322
2025-04-09,AG-E-052,ภาคกลาง,105,1947
2025-04-09,AG-E-052,ภาคตะวันออก,82,1513
2025-04-09,AG-E-052,ภาคเหนือ,66,1400
2025-04-09,AG-E-052,ภาคใต้,91,1820
2025-04-10,TK-A-001,กรุงเทพฯ,160,3336
2025-04-10,TK-A-001,ภาคกลาง,137,2833
2025-04-10,TK-A-001,ภาคตะวันออก,109,1795
2025-04-10,TK-A-001,ภาคเหนือ,89,1927
2025-04-10,TK-A-001,ภาคใต้,126,2083
2025-04-10,GL-B-014,กรุงเทพฯ,980,16705
2025-04-10,GL-B-014,ภาคกลาง,699,12032
2025-04-10,GL-B-014,ภาคตะวันออก,579,10810
2025-04-10,GL-B-014,ภาคเหนือ,518,8177
2025-04-10,GL-B-014,ภาคใต้,580,10806
2025-04-10,MK-C-028,กรุงเทพฯ,646,10495
2025-04-10,MK-C-028,ภาคกลาง,543,9691
2025-04-10,MK-C-028,ภาคตะวันออก,398,6984
2025-04-10,MK-C-028,ภาคเหนือ,316,6249
2025-04-10,MK-C-028,ภาคใต้,394,7794
2025-04-10,SY-D-039,กรุงเทพฯ,472,7515
2025-04-10,SY-D-039,ภาคกลาง,343,5681
2025-04-10,SY-D-039,ภาคตะวันออก,242,4431
2025-04-10,SY-D-039,ภาคเหนือ,229,3690
2025-04-10,SY-D-039,ภาคใต้,280,5711
2025-04-10,AG-E-052,กรุงเทพฯ,125,2758
2025-04-10,AG-E-052,ภาคกลาง,96,2121
2025-04-10,AG-E-052,ภาคตะวันออก,75,1557
2025-04-10,AG-E-052,ภาคเหนือ,75,1378
2025-04-10,AG-E-052,ภาคใต้,80,1392
2025-04-11,TK-A-001,กรุงเทพฯ,180,2902
2025-04-11,TK-A-001,ภาคกลาง,142,2769
2025-04-11,TK-A-001,ภาคตะวันออก,99,2194
2025-04-11,TK-A-001,ภาคเหนือ,88,1626
2025-04-11,TK-A-001,ภาคใต้,106,2291
2025-04-11,GL-B-014,กรุงเทพฯ,856,15840
2025-04-11,GL-B-014,ภาคกลาง,712,13770
2025-04-11,GL-B-014,ภาคตะวันออก,537,8657
2025-04-11,GL-B-014,ภาคเหนือ,479,8537
2025-04-11,GL-B-014,ภาคใต้,659,11427
2025-04-11,MK-C-028,กรุงเทพฯ,649,10755
2025-04-11,MK-C-028,ภาคกลาง,494,9064
2025-04-11,MK-C-028,ภาคตะวันออก,377,6228
2025-04-11,MK-C-028,ภาคเหนือ,341,5713
2025-04-11,MK-C-028,ภาคใต้,442,7243
2025-04-11,SY-D-039,กรุงเทพฯ,416,7728
2025-04-11,SY-D-039,ภาคกลาง,368,6876
2025-04-11,SY-D-039,ภาคตะวันออก,254,5352
2025-04-11,SY-D-039,ภาคเหนือ,213,3949
2025-04-11,SY-D-039,ภาคใต้,274,5379
2025-04-11,AG-E-052,กรุงเทพฯ,142,2234
2025-04-11,AG-E-052,ภาคกลาง,114,2197
2025-04-11,AG-E-052,ภาคตะวันออก,82,1648
2025-04-11,AG-E-052,ภาคเหนือ,64,1289
2025-04-11,AG-E-052,ภาคใต้,79,1587
2025-04-12,TK-A-001,กรุงเทพฯ,168,3443
2025-04-12,TK-A-001,ภาคกลาง,149,2808
2025-04-12,TK-A-001,ภาคตะวันออก,104,1881
2025-04-12,TK-A-001,ภาคเหนือ,87,1968
2025-04-12,TK-A-001,ภาคใต้,109,2246
2025-04-12,GL-B-014,กรุงเทพฯ,882,16240
2025-04-12,GL-B-014,ภาคกลาง,717,12722
2025-04-12,GL-B-014,ภาคตะวันออก,600,10553
2025-04-12,GL-B-014,ภาคเหนือ,490,8661
2025-04-12,GL-B-014,ภาคใต้,648,11270
2025-04-12,MK-C-028,กรุงเทพฯ,687,11528
2025-04-12,MK-C-028,ภาคกลาง,508,9722
2025-04-12,MK-C-028,ภาคตะวันออก,412,6320
2025-04-12,MK-C-028,ภาคเหนือ,380,6361
2025-04-12,MK-C-028,ภาคใต้,404,7402
2025-04-12,SY-D-039,กรุงเทพฯ,428,6901
2025-04-12,SY-D-039,ภาคกลาง,348,5865
2025-04-12,SY-D-039,ภาคตะวันออก,277,5488
2025-04-12,SY-D-039,ภาคเหนือ,254,4448
2025-04-12,SY-D-039,ภาคใต้,306,5202
2025-04-12,AG-E-052,กรุงเทพฯ,140,2180
2025-04-12,AG-E-052,ภาคกลาง,106,2207
2025-04-12,AG-E-052,ภาคตะวันออก,80,1641
2025-04-12,AG-E-052,ภาคเหนือ,72,1125
2025-04-12,AG-E-052,ภาคใต้,80,1599
2025-04-13,TK-A-001,กรุงเทพฯ,168,3446
2025-04-13,TK-A-001,ภาคกลาง,132,2603
2025-04-13,TK-A-001,ภาคตะวันออก,103,2197
2025-04-13,TK-A-001,ภาคเหนือ,99,1492
2025-04-13,TK-A-001,ภาคใต้,127,2100
2025-04-13,GL-B-014,กรุงเทพฯ,837,18224
2025-04-13,GL-B-014,ภาคกลาง,801,11530
2025-04-13,GL-B-014,ภาคตะวันออก,560,10962
2025-04-13,GL-B-014,ภาคเหนือ,527,8854
2025-04-13,GL-B-014,ภาคใต้,560,11045
2025-04-13,MK-C-028,กรุงเทพฯ,681,13521
2025-04-13,MK-C-028,ภาคกลาง,485,8395
2025-04-13,MK-C-028,ภาคตะวันออก,437,7109
2025-04-13,MK-C-028,ภาคเหนือ,342,7061
2025-04-13,MK-C-028,ภาคใต้,479,7577
2025-04-13,SY-D-039,กรุงเทพฯ,466,7041
2025-04-13,SY-D-039,ภาคกลาง,330,5936
2025-04-13,SY-D-039,ภาคตะวันออก,256,5573
2025-04-13,SY-D-039,ภาคเหนือ,235,4765
2025-04-13,SY-D-039,ภาคใต้,316,5840
2025-04-13,AG-E-052,กรุงเทพฯ,122,2271
2025-04-13,AG-E-052,ภาคกลาง,105,1978
2025-04-13,AG-E-052,ภาคตะวันออก,76,1620
2025-04-13,AG-E-052,ภาคเหนือ,77,1251
2025-04-13,AG-E-052,ภาคใต้,97,1835
2025-04-14,TK-A-001,กรุงเทพฯ,182,3554
2025-04-14,TK-A-001,ภาคกลาง,153,2956
2025-04-14,TK-A-001,ภาคตะวันออก,101,1756
2025-04-14,TK-A-001,ภาคเหนือ,93,1760
2025-04-14,TK-A-001,ภาคใต้,116,2118
2025-04-14,GL-B-014,กรุงเทพฯ,1014,14896
2025-04-14,GL-B-014,ภาคกลาง,766,12567
2025-04-14,GL-B-014,ภาคตะวันออก,582,9036
2025-04-14,GL-B-014,ภาคเหนือ,471,10190
2025-04-14,GL-B-014,ภาคใต้,643,10942
2025-04-14,MK-C-028,กรุงเทพฯ,648,12614
2025-04-14,MK-C-028,ภาคกลาง,575,10134
2025-04-14,MK-C-028,ภาคตะวันออก,394,7494
2025-04-14,MK-C-028,ภาคเหนือ,375,5990
2025-04-14,MK-C-028,ภาคใต้,476,8723
2025-04-14,SY-D-039,กรุงเทพฯ,404,8146
2025-04-14,SY-D-039,ภาคกลาง,356,7002
2025-04-14,SY-D-039,ภาคตะวันออก,286,4206
2025-04-14,SY-D-039,ภาคเหนือ,219,4905
2025-04-14,SY-D-039,ภาคใต้,274,5055
2025-04-14,AG-E-052,กรุงเทพฯ,124,2105
2025-04-14,AG-E-052,ภาคกลาง,97,2113
2025-04-14,AG-E-052,ภาคตะวันออก,88,1343
2025-04-14,AG-E-052,ภาคเหนือ,69,1217
2025-04-14,AG-E-052,ภาคใต้,89,1834
2025-04-15,TK-A-001,กรุงเทพฯ,181,3534
2025-04-15,TK-A-001,ภาคกลาง,133,2604
2025-04-15,TK-A-001,ภาคตะวันออก,100,1775
2025-04-15,TK-A-001,ภาคเหนือ,88,1864
2025-04-15,TK-A-001,ภาคใต้,125,2029
2025-04-15,GL-B-014,กรุงเทพฯ,949,18064
2025-04-15,GL-B-014,ภาคกลาง,696,11468
2025-04-15,GL-B-014,ภาคตะวันออก,508,10544
2025-04-15,GL-B-014,ภาคเหนือ,499,8706
2025-04-15,GL-B-014,ภาคใต้,587,10417
2025-04-15,MK-C-028,กรุงเทพฯ,628,12636
2025-04-15,MK-C-028,ภาคกลาง,572,10150
2025-04-15,MK-C-028,ภาคตะวันออก,371,8018
2025-04-15,MK-C-028,ภาคเหนือ,373,7439
2025-04-15,MK-C-028,ภาคใต้,451,6895
2025-04-15,SY-D-039,กรุงเทพฯ,467,8446
2025-04-15,SY-D-039,ภาคกลาง,381,7318
2025-04-15,SY-D-039,ภาคตะวันออก,281,5379
2025-04-15,SY-D-039,ภาคเหนือ,240,4772
2025-04-15,SY-D-039,ภาคใต้,290,5705
2025-04-15,AG-E-052,กรุงเทพฯ,134,2461
2025-04-15,AG-E-052,ภาคกลาง,113,1809
2025-04-15,AG-E-052,ภาคตะวันออก,87,1637
2025-04-15,AG-E-052,ภาคเหนือ,79,1158
2025-04-15,AG-E-052,ภาคใต้,86,1497
2025-04-16,TK-A-001,กรุงเทพฯ,186,3323
2025-04-16,TK-A-001,ภาคกลาง,139,2813
2025-04-16,TK-A-001,ภาคตะวันออก,107,2220
2025-04-16,TK-A-001,ภาคเหนือ,91,1586
2025-04-16,TK-A-001,ภาคใต้,112,2279
2025-04-16,GL-B-014,กรุงเทพฯ,1018,15825
2025-04-16,GL-B-014,ภาคกลาง,820,11743
2025-04-16,GL-B-014,ภาคตะวันออก,598,10639
2025-04-16,GL-B-014,ภาคเหนือ,468,9156
2025-04-16,GL-B-014,ภาคใต้,606,11365
2025-04-16,MK-C-028,กรุงเทพฯ,736,13113
2025-04-16,MK-C-028,ภาคกลาง,525,10865
2025-04-16,MK-C-028,ภาคตะวันออก,425,6519
2025-04-16,MK-C-028,ภาคเหนือ,370,6062
2025-04-16,MK-C-028,ภาคใต้,436,7125
2025-04-16,SY-D-039,กรุงเทพฯ,488,8369
2025-04-16,SY-D-039,ภาคกลาง,394,7097
2025-04-16,SY-D-039,ภาคตะวันออก,298,4222
2025-04-16,SY-D-039,ภาคเหนือ,263,4393
2025-04-16,SY-D-039,ภาคใต้,297,5119
2025-04-16,AG-E-052,กรุงเทพฯ,141,2389
2025-04-16,AG-E-052,ภาคกลาง,110,2182
2025-04-16,AG-E-052,ภาคตะวันออก,85,1484
2025-04-16,AG-E-052,ภาคเหนือ,71,1439
2025-04-16,AG-E-052,ภาคใต้,85,1452
2025-04-17,TK-A-001,กรุงเทพฯ,192,3231
2025-04-17,TK-A-001,ภาคกลาง,142,2316
2025-04-17,TK-A-001,ภาคตะวันออก,109,2031
2025-04-17,TK-A-001,ภาคเหนือ,92,1621
2025-04-17,TK-A-001,ภาคใต้,116,2412
2025-04-17,GL-B-014,กรุงเทพฯ,907,17687
2025-04-17,GL-B-014,ภาคกลาง,776,13277
2025-04-17,GL-B-014,ภาคตะวันออก,544,9842
2025-04-17,GL-B-014,ภาคเหนือ,489,10086
2025-04-17,GL-B-014,ภาคใต้,571,11779
2025-04-17,MK-C-028,กรุงเทพฯ,705,13542
2025-04-17,MK-C-028,ภาคกลาง,564,9495
2025-04-17,MK-C-028,ภาคตะวันออก,418,6391
2025-04-17,MK-C-028,ภาคเหนือ,382,6664
2025-04-17,MK-C-028,ภาคใต้,489,7130
2025-04-17,SY-D-039,กรุงเทพฯ,499,8169
2025-04-17,SY-D-039,ภาคกลาง,360,7299
2025-04-17,SY-D-039,ภาคตะวันออก,251,5229
2025-04-17,SY-D-039,ภาคเหนือ,223,4328
2025-04-17,SY-D-039,ภาคใต้,327,5589
2025-04-17,AG-E-052,กรุงเทพฯ,145,2140
2025-04-17,AG-E-052,ภาคกลาง,113,1851
2025-04-17,AG-E-052,ภาคตะวันออก,78,1537
2025-04-17,AG-E-052,ภาคเหนือ,73,1260
2025-04-17,AG-E-052,ภาคใต้,88,1862
2025-04-18,TK-A-001,กรุงเทพฯ,176,3156
2025-04-18,TK-A-001,ภาคกลาง,155,2226
2025-04-18,TK-A-001,ภาคตะวันออก,112,2112
2025-04-18,TK-A-001,ภาคเหนือ,94,1889
2025-04-18,TK-A-001,ภาคใต้,135,1839
2025-04-18,GL-B-014,กรุงเทพฯ,1008,18966
2025-04-18,GL-B-014,ภาคกลาง,733,12156
2025-04-18,GL-B-014,ภาคตะวันออก,611,9375
2025-04-18,GL-B-014,ภาคเหนือ,484,8329
2025-04-18,GL-B-014,ภาคใต้,609,11312
2025-04-18,MK-C-028,กรุงเทพฯ,690,10467
2025-04-18,MK-C-028,ภาคกลาง,543,11028
2025-04-18,MK-C-028,ภาคตะวันออก,399,7826
2025-04-18,MK-C-028,ภาคเหนือ,400,7422
2025-04-18,MK-C-028,ภาคใต้,502,7442
2025-04-18,SY-D-039,กรุงเทพฯ,447,6901
2025-04-18,SY-D-039,ภาคกลาง,406,6602
2025-04-18,SY-D-039,ภาคตะวันออก,286,4565
2025-04-18,SY-D-039,ภาคเหนือ,268,4605
2025-04-18,SY-D-039,ภาคใต้,293,5669
2025-04-18,AG-E-052,กรุงเทพฯ,151,2694
2025-04-18,AG-E-052,ภาคกลาง,109,2139
2025-04-18,AG-E-052,ภาคตะวันออก,85,1302
2025-04-18,AG-E-052,ภาคเหนือ,69,1151
2025-04-18,AG-E-052,ภาคใต้,101,1458
2025-04-19,TK-A-001,กรุงเทพฯ,174,2988
2025-04-19,TK-A-001,ภาคกลาง,161,2591
2025-04-19,TK-A-001,ภาคตะวันออก,112,1705
2025-04-19,TK-A-001,ภาคเหนือ,101,1915
2025-04-19,TK-A-001,ภาคใต้,118,1845
2025-04-19,GL-B-014,กรุงเทพฯ,961,18780
2025-04-19,GL-B-014,ภาคกลาง,812,14766
2025-04-19,GL-B-014,ภาคตะวันออก,571,10705
2025-04-19,GL-B-014,ภาคเหนือ,476,9211
2025-04-19,GL-B-014,ภาคใต้,635,10883
2025-04-19,MK-C-028,กรุงเทพฯ,662,13571
2025-04-19,MK-C-028,ภาคกลาง,540,9748
2025-04-19,MK-C-028,ภาคตะวันออก,404,6420
2025-04-19,MK-C-028,ภาคเหนือ,401,7249
2025-04-19,MK-C-028,ภาคใต้,448,7308
2025-04-19,SY-D-039,กรุงเทพฯ,421,8454
2025-04-19,SY-D-039,ภาคกลาง,393,6398
2025-04-19,SY-D-039,ภาคตะวันออก,254,5523
2025-04-19,SY-D-039,ภาคเหนือ,259,4751
2025-04-19,SY-D-039,ภาคใต้,289,6063
2025-04-19,AG-E-052,กรุงเทพฯ,135,2280
2025-04-19,AG-E-052,ภาคกลาง,116,2212
2025-04-19,AG-E-052,ภาคตะวันออก,85,1472
2025-04-19,AG-E-052,ภาคเหนือ,77,1193
2025-04-19,AG-E-052,ภาคใต้,102,1505
2025-04-20,TK-A-001,กรุงเทพฯ,199,2844
2025-04-20,TK-A-001,ภาคกลาง,141,2479
2025-04-20,TK-A-001,ภาคตะวันออก,105,1974
2025-04-20,TK-A-001,ภาคเหนือ,102,1970
2025-04-20,TK-A-001,ภาคใต้,128,2146
2025-04-20,GL-B-014,กรุงเทพฯ,1024,15566
2025-04-20,GL-B-014,ภาคกลาง,723,14176
2025-04-20,GL-B-014,ภาคตะวันออก,532,9894
2025-04-20,GL-B-014,ภาคเหนือ,559,8593
2025-04-20,GL-B-014,ภาคใต้,687,9885
2025-04-20,MK-C-028,กรุงเทพฯ,769,11711
2025-04-20,MK-C-028,ภาคกลาง,589,8966
2025-04-20,MK-C-028,ภาคตะวันออก,431,7129
2025-04-20,MK-C-028,ภาคเหนือ,367,5977
2025-04-20,MK-C-028,ภาคใต้,466,7431
2025-04-20,SY-D-039,กรุงเทพฯ,498,9244
2025-04-20,SY-D-039,ภาคกลาง,398,7401
2025-04-20,SY-D-039,ภาคตะวันออก,270,4972
2025-04-20,SY-D-039,ภาคเหนือ,268,4783
2025-04-20,SY-D-039,ภาคใต้,325,5466
2025-04-20,AG-E-052,กรุงเทพฯ,154,2383
2025-04-20,AG-E-052,ภาคกลาง,121,1880
2025-04-20,AG-E-052,ภาคตะวันออก,91,1268
2025-04-20,AG-E-052,ภาคเหนือ,68,1438
2025-04-20,AG-E-052,ภาคใต้,95,1740
2025-04-21,TK-A-001,กรุงเทพฯ,201,3274
2025-04-21,TK-A-001,ภาคกลาง,145,2223
2025-04-21,TK-A-001,ภาคตะวันออก,111,1746
2025-04-21,TK-A-001,ภาคเหนือ,109,1914
2025-04-21,TK-A-001,ภาคใต้,129,2018
2025-04-21,GL-B-014,กรุงเทพฯ,990,17113
2025-04-21,GL-B-014,ภาคกลาง,764,14674
2025-04-21,GL-B-014,ภาคตะวันออก,561,9459
2025-04-21,GL-B-014,ภาคเหนือ,560,9494
2025-04-21,GL-B-014,ภาคใต้,599,11382
2025-04-21,MK-C-028,กรุงเทพฯ,729,13328
2025-04-21,MK-C-028,ภาคกลาง,582,10682
2025-04-21,MK-C-028,ภาคตะวันออก,433,7673
2025-04-21,MK-C-028,ภาคเหนือ,385,6043
2025-04-21,MK-C-028,ภาคใต้,469,8673
2025-04-21,SY-D-039,กรุงเทพฯ,446,7062
2025-04-21,SY-D-039,ภาคกลาง,414,6101
2025-04-21,SY-D-039,ภาคตะวันออก,300,5394
2025-04-21,SY-D-039,ภาคเหนือ,268,3993
2025-04-21,SY-D-039,ภาคใต้,336,5120
2025-04-21,AG-E-052,กรุงเทพฯ,136,2136
2025-04-21,AG-E-052,ภาคกลาง,113,2195
2025-04-21,AG-E-052,ภาคตะวันออก,81,1366
2025-04-21,AG-E-052,ภาคเหนือ,71,1237
2025-04-21,AG-E-052,ภาคใต้,95,1646
2025-04-22,TK-A-001,กรุงเทพฯ,206,2832
2025-04-22,TK-A-001,ภาคกลาง,162,2752
2025-04-22,TK-A-001,ภาคตะวันออก,123,1790
2025-04-22,TK-A-001,ภาคเหนือ,103,1670
2025-04-22,TK-A-001,ภาคใต้,125,2226
2025-04-22,GL-B-014,กรุงเทพฯ,944,16701
2025-04-22,GL-B-014,ภาคกลาง,717,12871
2025-04-22,GL-B-014,ภาคตะวันออก,609,9432
2025-04-22,GL-B-014,ภาคเหนือ,512,8093
2025-04-22,GL-B-014,ภาคใต้,701,11463
2025-04-22,MK-C-028,กรุงเทพฯ,671,11835
2025-04-22,MK-C-028,ภาคกลาง,544,9076
2025-04-22,MK-C-028,ภาคตะวันออก,434,7748
2025-04-22,MK-C-028,ภาคเหนือ,350,6003
2025-04-22,MK-C-028,ภาคใต้,489,7802
2025-04-22,SY-D-039,กรุงเทพฯ,428,8198
2025-04-22,SY-D-039,ภาคกลาง,395,5637
2025-04-22,SY-D-039,ภาคตะวันออก,265,5549
2025-04-22,SY-D-039,ภาคเหนือ,257,4640
2025-04-22,SY-D-039,ภาคใต้,299,6115
2025-04-22,AG-E-052,กรุงเทพฯ,139,2135
2025-04-22,AG-E-052,ภาคกลาง,110,2207
2025-04-22,AG-E-052,ภาคตะวันออก,84,1533
2025-04-22,AG-E-052,ภาคเหนือ,76,1108
2025-04-22,AG-E-052,ภาคใต้,92,1640
2025-04-23,TK-A-001,กรุงเทพฯ,205,2916
2025-04-23,TK-A-001,ภาคกลาง,151,2373
2025-04-23,TK-A-001,ภาคตะวันออก,126,1977
2025-04-23,TK-A-001,ภาคเหนือ,112,1515
2025-04-23,TK-A-001,ภาคใต้,124,2469
2025-04-23,GL-B-014,กรุงเทพฯ,1016,17661
2025-04-23,GL-B-014,ภาคกลาง,756,14393
2025-04-23,GL-B-014,ภาคตะวันออก,547,9921
2025-04-23,GL-B-014,ภาคเหนือ,568,8377
2025-04-23,GL-B-014,ภาคใต้,613,12732
2025-04-23,MK-C-028,กรุงเทพฯ,734,13540
2025-04-23,MK-C-028,ภาคกลาง,554,9915
2025-04-23,MK-C-028,ภาคตะวันออก,408,6895
2025-04-23,MK-C-028,ภาคเหนือ,397,5562
2025-04-23,MK-C-028,ภาคใต้,464,8374
2025-04-23,SY-D-039,กรุงเทพฯ,460,8690
2025-04-23,SY-D-039,ภาคกลาง,393,7149
2025-04-23,SY-D-039,ภาคตะวันออก,284,4653
2025-04-23,SY-D-039,ภาคเหนือ,260,4711
2025-04-23,SY-D-039,ภาคใต้,332,4615
2025-04-23,AG-E-052,กรุงเทพฯ,143,2146
2025-04-23,AG-E-052,ภาคกลาง,112,1987
2025-04-23,AG-E-052,ภาคตะวันออก,87,1632
2025-04-23,AG-E-052,ภาคเหนือ,72,1280
2025-04-23,AG-E-052,ภาคใต้,103,1492
2025-04-24,TK-A-001,กรุงเทพฯ,197,2780
2025-04-24,TK-A-001,ภาคกลาง,156,2904
2025-04-24,TK-A-001,ภาคตะวันออก,125,1999
2025-04-24,TK-A-001,ภาคเหนือ,109,1571
2025-04-24,TK-A-001,ภาคใต้,124,2161
2025-04-24,GL-B-014,กรุงเทพฯ,937,18612
2025-04-24,GL-B-014,ภาคกลาง,746,14895
2025-04-24,GL-B-014,ภาคตะวันออก,591,9689
2025-04-24,GL-B-014,ภาคเหนือ,568,10167
2025-04-24,GL-B-014,ภาคใต้,604,9560
2025-04-24,MK-C-028,กรุงเทพฯ,736,11056
2025-04-24,MK-C-028,ภาคกลาง,632,10300
2025-04-24,MK-C-028,ภาคตะวันออก,404,7006
2025-04-24,MK-C-028,ภาคเหนือ,358,6179
2025-04-24,MK-C-028,ภาคใต้,460,8167
2025-04-24,SY-D-039,กรุงเทพฯ,460,7496
2025-04-24,SY-D-039,ภาคกลาง,391,6594
2025-04-24,SY-D-039,ภาคตะวันออก,289,5341
2025-04-24,SY-D-039,ภาคเหนือ,263,4350
2025-04-24,SY-D-039,ภาคใต้,330,5519
2025-04-24,AG-E-052,กรุงเทพฯ,156,2192
2025-04-24,AG-E-052,ภาคกลาง,111,1784
2025-04-24,AG-E-052,ภาคตะวันออก,82,1363
2025-04-24,AG-E-052,ภาคเหนือ,85,1269
2025-04-24,AG-E-052,ภาคใต้,101,1707
2025-04-25,TK-A-001,กรุงเทพฯ,210,3115
2025-04-25,TK-A-001,ภาคกลาง,149,2295
2025-04-25,TK-A-001,ภาคตะวันออก,109,1756
2025-04-25,TK-A-001,ภาคเหนือ,99,1682
2025-04-25,TK-A-001,ภาคใต้,134,1894
2025-04-25,GL-B-014,กรุงเทพฯ,910,16231
2025-04-25,GL-B-014,ภาคกลาง,857,14137
2025-04-25,GL-B-014,ภาคตะวันออก,564,10701
2025-04-25,GL-B-014,ภาคเหนือ,554,9306
2025-04-25,GL-B-014,ภาคใต้,705,11032
2025-04-25,MK-C-028,กรุงเทพฯ,710,13346
2025-04-25,MK-C-028,ภาคกลาง,527,8673
2025-04-25,MK-C-028,ภาคตะวันออก,400,7817
2025-04-25,MK-C-028,ภาคเหนือ,355,6644
2025-04-25,MK-C-028,ภาคใต้,480,8168
2025-04-25,SY-D-039,กรุงเทพฯ,520,8508
2025-04-25,SY-D-039,ภาคกลาง,386,5783
2025-04-25,SY-D-039,ภาคตะวันออก,279,4152
2025-04-25,SY-D-039,ภาคเหนือ,255,4151
2025-04-25,SY-D-039,ภาคใต้,303,4671
2025-04-25,AG-E-052,กรุงเทพฯ,159,2628
2025-04-25,AG-E-052,ภาคกลาง,116,1692
2025-04-25,AG-E-052,ภาคตะวันออก,90,1578
2025-04-25,AG-E-052,ภาคเหนือ,73,1170
2025-04-25,AG-E-052,ภาคใต้,106,1594
2025-04-26,TK-A-001,กรุงเทพฯ,197,3031
2025-04-26,TK-A-001,ภาคกลาง,159,2772
2025-04-26,TK-A-001,ภาคตะวันออก,115,1952
2025-04-26,TK-A-001,ภาคเหนือ,97,1535
2025-04-26,TK-A-001,ภาคใต้,133,2261
2025-04-26,GL-B-014,กรุงเทพฯ,992,14765
2025-04-26,GL-B-014,ภาคกลาง,803,13831
2025-04-26,GL-B-014,ภาคตะวันออก,637,10840
2025-04-26,GL-B-014,ภาคเหนือ,583,9985
2025-04-26,GL-B-014,ภาคใต้,611,11138
2025-04-26,MK-C-028,กรุงเทพฯ,712,12719
2025-04-26,MK-C-028,ภาคกลาง,636,10221
2025-04-26,MK-C-028,ภาคตะวันออก,482,7937
2025-04-26,MK-C-028,ภาคเหนือ,382,6756
2025-04-26,MK-C-028,ภาคใต้,534,7171
2025-04-26,SY-D-039,กรุงเทพฯ,440,8097
2025-04-26,SY-D-039,ภาคกลาง,421,6742
2025-04-26,SY-D-039,ภาคตะวันออก,308,4781
2025-04-26,SY-D-039,ภาคเหนือ,280,4214
2025-04-26,SY-D-039,ภาคใต้,321,5788
2025-04-26,AG-E-052,กรุงเทพฯ,133,2533
2025-04-26,AG-E-052,ภาคกลาง,128,1937
2025-04-26,AG-E-052,ภาคตะวันออก,87,1544
2025-04-26,AG-E-052,ภาคเหนือ,77,1418
2025-04-26,AG-E-052,ภาคใต้,93,1636
2025-04-27,TK-A-001,กรุงเทพฯ,187,2904
2025-04-27,TK-A-001,ภาคกลาง,154,2681
2025-04-27,TK-A-001,ภาคตะวันออก,125,2067
2025-04-27,TK-A-001,ภาคเหนือ,98,1526
2025-04-27,TK-A-001,ภาคใต้,144,2035
2025-04-27,GL-B-014,กรุงเทพฯ,989,15458
2025-04-27,GL-B-014,ภาคกลาง,741,12156
2025-04-27,GL-B-014,ภาคตะวันออก,623,11298
2025-04-27,GL-B-014,ภาคเหนือ,530,8986
2025-04-27,GL-B-014,ภาคใต้,639,12831
2025-04-27,MK-C-028,กรุงเทพฯ,792,12386
2025-04-27,MK-C-028,ภาคกลาง,532,11040
2025-04-27,MK-C-028,ภาคตะวันออก,454,8128
2025-04-27,MK-C-028,ภาคเหนือ,372,6745
2025-04-27,MK-C-028,ภาคใต้,536,6894
2025-04-27,SY-D-039,กรุงเทพฯ,479,8026
2025-04-27,SY-D-039,ภาคกลาง,373,6188
2025-04-27,SY-D-039,ภาคตะวันออก,318,4606
2025-04-27,SY-D-039,ภาคเหนือ,287,4254
2025-04-27,SY-D-039,ภาคใต้,360,5896
2025-04-27,AG-E-052,กรุงเทพฯ,134,2559
2025-04-27,AG-E-052,ภาคกลาง,127,2104
2025-04-27,AG-E-052,ภาคตะวันออก,82,1266
2025-04-27,AG-E-052,ภาคเหนือ,76,1219
2025-04-27,AG-E-052,ภาคใต้,106,1816
2025-04-28,TK-A-001,กรุงเทพฯ,195,3156
2025-04-28,TK-A-001,ภาคกลาง,167,2387
2025-04-28,TK-A-001,ภาคตะวันออก,116,1807
2025-04-28,TK-A-001,ภาคเหนือ,103,1674
2025-04-28,TK-A-001,ภาคใต้,141,2261
2025-04-28,GL-B-014,กรุงเทพฯ,1000,15177
2025-04-28,GL-B-014,ภาคกลาง,898,11415
2025-04-28,GL-B-014,ภาคตะวันออก,575,9947
2025-04-28,GL-B-014,ภาคเหนือ,560,8141
2025-04-28,GL-B-014,ภาคใต้,618,9790
2025-04-28,MK-C-028,กรุงเทพฯ,790,13755
2025-04-28,MK-C-028,ภาคกลาง,586,9863
2025-04-28,MK-C-028,ภาคตะวันออก,453,7154
2025-04-28,MK-C-028,ภาคเหนือ,434,7025
2025-04-28,MK-C-028,ภาคใต้,503,8658
2025-04-28,SY-D-039,กรุงเทพฯ,508,9123
2025-04-28,SY-D-039,ภาคกลาง,395,7133
2025-04-28,SY-D-039,ภาคตะวันออก,299,4171
2025-04-28,SY-D-039,ภาคเหนือ,260,4347
2025-04-28,SY-D-039,ภาคใต้,337,4619
2025-04-28,AG-E-052,กรุงเทพฯ,160,2426
2025-04-28,AG-E-052,ภาคกลาง,120,1865
2025-04-28,AG-E-052,ภาคตะวันออก,93,1335
2025-04-28,AG-E-052,ภาคเหนือ,74,1213
2025-04-28,AG-E-052,ภาคใต้,97,1711
2025-04-29,TK-A-001,กรุงเทพฯ,211,3218
2025-04-29,TK-A-001,ภาคกลาง,153,2854
2025-04-29,TK-A-001,ภาคตะวันออก,122,2009
2025-04-29,TK-A-001,ภาคเหนือ,98,1720
2025-04-29,TK-A-001,ภาคใต้,145,1943
2025-04-29,GL-B-014,กรุงเทพฯ,1047,18760
2025-04-29,GL-B-014,ภาคกลาง,899,12594
2025-04-29,GL-B-014,ภาคตะวันออก,620,9910
2025-04-29,GL-B-014,ภาคเหนือ,589,9867
2025-04-29,GL-B-014,ภาคใต้,709,12585
2025-04-29,MK-C-028,กรุงเทพฯ,708,12641
2025-04-29,MK-C-028,ภาคกลาง,603,9456
2025-04-29,MK-C-028,ภาคตะวันออก,492,7653
2025-04-29,MK-C-028,ภาคเหนือ,367,7334
2025-04-29,MK-C-028,ภาคใต้,473,9256
2025-04-29,SY-D-039,กรุงเทพฯ,456,7408
2025-04-29,SY-D-039,ภาคกลาง,377,5691
2025-04-29,SY-D-039,ภาคตะวันออก,290,4259
2025-04-29,SY-D-039,ภาคเหนือ,259,4249
2025-04-29,SY-D-039,ภาคใต้,344,5689
2025-04-29,AG-E-052,กรุงเทพฯ,141,2191
2025-04-29,AG-E-052,ภาคกลาง,119,1821
2025-04-29,AG-E-052,ภาคตะวันออก,83,1308
2025-04-29,AG-E-052,ภาคเหนือ,83,1287
2025-04-29,AG-E-052,ภาคใต้,101,1503
2025-04-30,TK-A-001,กรุงเทพฯ,220,3681
2025-04-30,TK-A-001,ภาคกลาง,163,2219
2025-04-30,TK-A-001,ภาคตะวันออก,122,1752
2025-04-30,TK-A-001,ภาคเหนือ,115,1661
2025-04-30,TK-A-001,ภาคใต้,129,2335
2025-04-30,GL-B-014,กรุงเทพฯ,1023,14702
2025-04-30,GL-B-014,ภาคกลาง,852,12408
2025-04-30,GL-B-014,ภาคตะวันออก,632,8728
2025-04-30,GL-B-014,ภาคเหนือ,535,9052
2025-04-30,GL-B-014,ภาคใต้,633,11220
2025-04-30,MK-C-028,กรุงเทพฯ,689,11413
2025-04-30,MK-C-028,ภาคกลาง,612,10878
2025-04-30,MK-C-028,ภาคตะวันออก,423,6467
2025-04-30,MK-C-028,ภาคเหนือ,395,7441
2025-04-30,MK-C-028,ภาคใต้,476,7185
2025-04-30,SY-D-039,กรุงเทพฯ,527,7977
2025-04-30,SY-D-039,ภาคกลาง,412,6174
2025-04-30,SY-D-039,ภาคตะวันออก,298,5355
2025-04-30,SY-D-039,ภาคเหนือ,256,3758
2025-04-30,SY-D-039,ภาคใต้,313,6040
2025-04-30,AG-E-052,กรุงเทพฯ,153,2122
2025-04-30,AG-E-052,ภาคกลาง,125,1998
2025-04-30,AG-E-052,ภาคตะวันออก,83,1364
2025-04-30,AG-E-052,ภาคเหนือ,76,1160
2025-04-30,AG-E-052,ภาคใต้,108,1540
2025-05-01,TK-A-001,กรุงเทพฯ,202,2940
2025-05-01,TK-A-001,ภาคกลาง,168,2311
2025-05-01,TK-A-001,ภาคตะวันออก,123,1990
2025-05-01,TK-A-001,ภาคเหนือ,108,1680
2025-05-01,TK-A-001,ภาคใต้,148,2295
2025-05-01,GL-B-014,กรุงเทพฯ,1048,17387
2025-05-01,GL-B-014,ภาคกลาง,860,12406
2025-05-01,GL-B-014,ภาคตะวันออก,578,8829
2025-05-01,GL-B-014,ภาคเหนือ,507,9326
2025-05-01,GL-B-014,ภาคใต้,712,12494
2025-05-01,MK-C-028,กรุงเทพฯ,756,13233
2025-05-01,MK-C-028,ภาคกลาง,634,11170
2025-05-01,MK-C-028,ภาคตะวันออก,495,7972
2025-05-01,MK-C-028,ภาคเหนือ,415,7059
2025-05-01,MK-C-028,ภาคใต้,539,8736
2025-05-01,SY-D-039,กรุงเทพฯ,543,8928
2025-05-01,SY-D-039,ภาคกลาง,429,6900
2025-05-01,SY-D-039,ภาคตะวันออก,301,4876
2025-05-01,SY-D-039,ภาคเหนือ,263,4443
2025-05-01,SY-D-039,ภาคใต้,305,6057
2025-05-01,AG-E-052,กรุงเทพฯ,166,2492
2025-05-01,AG-E-052,ภาคกลาง,132,1796
2025-05-01,AG-E-052,ภาคตะวันออก,95,1305
2025-05-01,AG-E-052,ภาคเหนือ,78,1290
2025-05-01,AG-E-052,ภาคใต้,93,1811
2025-05-02,TK-A-001,กรุงเทพฯ,185,3713
2025-05-02,TK-A-001,ภาคกลาง,151,2806
2025-05-02,TK-A-001,ภาคตะวันออก,124,1901
2025-05-02,TK-A-001,ภาคเหนือ,99,1719
2025-05-02,TK-A-001,ภาคใต้,133,2034
2025-05-02,GL-B-014,กรุงเทพฯ,980,18959
2025-05-02,GL-B-014,ภาคกลาง,871,14257
2025-05-02,GL-B-014,ภาคตะวันออก,658,9244
2025-05-02,GL-B-014,ภาคเหนือ,608,8236
2025-05-02,GL-B-014,ภาคใต้,768,11037
2025-05-02,MK-C-028,กรุงเทพฯ,718,10870
2025-05-02,MK-C-028,ภาคกลาง,610,9139
2025-05-02,MK-C-028,ภาคตะวันออก,499,6728
2025-05-02,MK-C-028,ภาคเหนือ,420,6004
2025-05-02,MK-C-028,ภาคใต้,505,6993
2025-05-02,SY-D-039,กรุงเทพฯ,532,9100
2025-05-02,SY-D-039,ภาคกลาง,420,5827
2025-05-02,SY-D-039,ภาคตะวันออก,286,5105
2025-05-02,SY-D-039,ภาคเหนือ,284,3707
2025-05-02,SY-D-039,ภาคใต้,362,5772
2025-05-02,AG-E-052,กรุงเทพฯ,158,2307
2025-05-02,AG-E-052,ภาคกลาง,116,1873
2025-05-02,AG-E-052,ภาคตะวันออก,98,1623
2025-05-02,AG-E-052,ภาคเหนือ,79,1404
2025-05-02,AG-E-052,ภาคใต้,95,1704
2025-05-03,TK-A-001,กรุงเทพฯ,224,3574
2025-05-03,TK-A-001,ภาคกลาง,156,2542
2025-05-03,TK-A-001,ภาคตะวันออก,125,2191
2025-05-03,TK-A-001,ภาคเหนือ,102,1937
2025-05-03,TK-A-001,ภาคใต้,131,2046
2025-05-03,GL-B-014,กรุงเทพฯ,963,17112
2025-05-03,GL-B-014,ภาคกลาง,856,15121
2025-05-03,GL-B-014,ภาคตะวันออก,582,10890
2025-05-03,GL-B-014,ภาคเหนือ,545,8809
2025-05-03,GL-B-014,ภาคใต้,718,10264
2025-05-03,MK-C-028,กรุงเทพฯ,703,10559
2025-05-03,MK-C-028,ภาคกลาง,654,9481
2025-05-03,MK-C-028,ภาคตะวันออก,445,7066
2025-05-03,MK-C-028,ภาคเหนือ,402,6500
2025-05-03,MK-C-028,ภาคใต้,483,7542
2025-05-03,SY-D-039,กรุงเทพฯ,556,8490
2025-05-03,SY-D-039,ภาคกลาง,428,6552
2025-05-03,SY-D-039,ภาคตะวันออก,297,5336
2025-05-03,SY-D-039,ภาคเหนือ,260,4855
2025-05-03,SY-D-039,ภาคใต้,321,5440
2025-05-03,AG-E-052,กรุงเทพฯ,161,2616
2025-05-03,AG-E-052,ภาคกลาง,134,1735
2025-05-03,AG-E-052,ภาคตะวันออก,94,1269
2025-05-03,AG-E-052,ภาคเหนือ,83,1375
2025-05-03,AG-E-052,ภาคใต้,93,1502
2025-05-04,TK-A-001,กรุงเทพฯ,202,2984
2025-05-04,TK-A-001,ภาคกลาง,165,2505
2025-05-04,TK-A-001,ภาคตะวันออก,118,1724
2025-05-04,TK-A-001,ภาคเหนือ,117,1971
2025-05-04,TK-A-001,ภาคใต้,139,1877
2025-05-04,GL-B-014,กรุงเทพฯ,1046,16865
2025-05-04,GL-B-014,ภาคกลาง,839,13711
2025-05-04,GL-B-014,ภาคตะวันออก,606,9992
2025-05-04,GL-B-014,ภาคเหนือ,544,7996
2025-05-04,GL-B-014,ภาคใต้,702,9874
2025-05-04,MK-C-028,กรุงเทพฯ,816,11869
2025-05-04,MK-C-028,ภาคกลาง,590,9972
2025-05-04,MK-C-028,ภาคตะวันออก,448,6367
2025-05-04,MK-C-028,ภาคเหนือ,405,6158
2025-05-04,MK-C-028,ภาคใต้,554,7637
2025-05-04,SY-D-039,กรุงเทพฯ,505,7701
2025-05-04,SY-D-039,ภาคกลาง,394,7452
2025-05-04,SY-D-039,ภาคตะวันออก,327,5586
2025-05-04,SY-D-039,ภาคเหนือ,276,3693
2025-05-04,SY-D-039,ภาคใต้,331,5722
2025-05-04,AG-E-052,กรุงเทพฯ,167,2249
2025-05-04,AG-E-052,ภาคกลาง,121,1796
2025-05-04,AG-E-052,ภาคตะวันออก,93,1378
2025-05-04,AG-E-052,ภาคเหนือ,79,1398
2025-05-04,AG-E-052,ภาคใต้,111,1379
2025-05-05,TK-A-001,กรุงเทพฯ,190,3505
2025-05-05,TK-A-001,ภาคกลาง,173,2925
2025-05-05,TK-A-001,ภาคตะวันออก,120,1942
2025-05-05,TK-A-001,ภาคเหนือ,116,1978
2025-05-05,TK-A-001,ภาคใต้,150,2243
2025-05-05,GL-B-014,กรุงเทพฯ,1057,16735
2025-05-05,GL-B-014,ภาคกลาง,826,11748
2025-05-05,GL-B-014,ภาคตะวันออก,590,9291
2025-05-05,GL-B-014,ภาคเหนือ,579,9135
2025-05-05,GL-B-014,ภาคใต้,669,11787
2025-05-05,MK-C-028,กรุงเทพฯ,811,13383
2025-05-05,MK-C-028,ภาคกลาง,609,8427
2025-05-05,MK-C-028,ภาคตะวันออก,431,6257
2025-05-05,MK-C-028,ภาคเหนือ,424,6052
2025-05-05,MK-C-028,ภาคใต้,498,8336
2025-05-05,SY-D-039,กรุงเทพฯ,539,8693
2025-05-05,SY-D-039,ภาคกลาง,456,6504
2025-05-05,SY-D-039,ภาคตะวันออก,333,4693
2025-05-05,SY-D-039,ภาคเหนือ,285,4717
2025-05-05,SY-D-039,ภาคใต้,378,5752
2025-05-05,AG-E-052,กรุงเทพฯ,157,2604
2025-05-05,AG-E-052,ภาคกลาง,116,2051
2025-05-05,AG-E-052,ภาคตะวันออก,90,1268
2025-05-05,AG-E-052,ภาคเหนือ,84,1288
2025-05-05,AG-E-052,ภาคใต้,102,1475
2025-05-06,TK-A-001,กรุงเทพฯ,226,3473
2025-05-06,TK-A-001,ภาคกลาง,184,2418
2025-05-06,TK-A-001,ภาคตะวันออก,119,2074
2025-05-06,TK-A-001,ภาคเหนือ,121,1654
2025-05-06,TK-A-001,ภาคใต้,145,2086
2025-05-06,GL-B-014,กรุงเทพฯ,1064,15989
2025-05-06,GL-B-014,ภาคกลาง,796,13374
2025-05-06,GL-B-014,ภาคตะวันออก,587,9611
2025-05-06,GL-B-014,ภาคเหนือ,538,8008
2025-05-06,GL-B-014,ภาคใต้,657,11075
2025-05-06,MK-C-028,กรุงเทพฯ,737,11830
2025-05-06,MK-C-028,ภาคกลาง,581,9277
2025-05-06,MK-C-028,ภาคตะวันออก,483,7923
2025-05-06,MK-C-028,ภาคเหนือ,429,7339
2025-05-06,MK-C-028,ภาคใต้,505,9180
2025-05-06,SY-D-039,กรุงเทพฯ,566,7703
2025-05-06,SY-D-039,ภาคกลาง,413,7049
2025-05-06,SY-D-039,ภาคตะวันออก,309,4923
2025-05-06,SY-D-039,ภาคเหนือ,256,4662
2025-05-06,SY-D-039,ภาคใต้,365,5575
2025-05-06,AG-E-052,กรุงเทพฯ,154,2118
2025-05-06,AG-E-052,ภาคกลาง,126,1958
2025-05-06,AG-E-052,ภาคตะวันออก,92,1305
2025-05-06,AG-E-052,ภาคเหนือ,91,1380
2025-05-06,AG-E-052,ภาคใต้,109,1678
2025-05-07,TK-A-001,กรุงเทพฯ,219,2853
2025-05-07,TK-A-001,ภาคกลาง,184,2562
2025-05-07,TK-A-001,ภาคตะวันออก,114,1668
2025-05-07,TK-A-001,ภาคเหนือ,122,1604
2025-05-07,TK-A-001,ภาคใต้,133,2188
2025-05-07,GL-B-014,กรุงเทพฯ,1133,17595
2025-05-07,GL-B-014,ภาคกลาง,875,14756
2025-05-07,GL-B-014,ภาคตะวันออก,666,9988
2025-05-07,GL-B-014,ภาคเหนือ,572,9760
2025-05-07,GL-B-014,ภาคใต้,771,12686
2025-05-07,MK-C-028,กรุงเทพฯ,832,10508
2025-05-07,MK-C-028,ภาคกลาง,676,9106
2025-05-07,MK-C-028,ภาคตะวันออก,439,7867
2025-05-07,MK-C-028,ภาคเหนือ,423,6214
2025-05-07,MK-C-028,ภาคใต้,522,7838
2025-05-07,SY-D-039,กรุงเทพฯ,535,7286
2025-05-07,SY-D-039,ภาคกลาง,450,7317
2025-05-07,SY-D-039,ภาคตะวันออก,287,4897
2025-05-07,SY-D-039,ภาคเหนือ,308,3981
2025-05-07,SY-D-039,ภาคใต้,371,4685
2025-05-07,AG-E-052,กรุงเทพฯ,166,2674
2025-05-07,AG-E-052,ภาคกลาง,138,1912
2025-05-07,AG-E-052,ภาคตะวันออก,99,1658
2025-05-07,AG-E-052,ภาคเหนือ,81,1279
2025-05-07,AG-E-052,ภาคใต้,109,1809
2025-05-08,TK-A-001,กรุงเทพฯ,219,3087
2025-05-08,TK-A-001,ภาคกลาง,180,2854
2025-05-08,TK-A-001,ภาคตะวันออก,134,1946
2025-05-08,TK-A-001,ภาคเหนือ,114,1911
2025-05-08,TK-A-001,ภาคใต้,140,2197
2025-05-08,GL-B-014,กรุงเทพฯ,1038,17134
2025-05-08,GL-B-014,ภาคกลาง,956,12199
2025-05-08,GL-B-014,ภาคตะวันออก,720,11074
2025-05-08,GL-B-014,ภาคเหนือ,599,9009
2025-05-08,GL-B-014,ภาคใต้,693,10605
2025-05-08,MK-C-028,กรุงเทพฯ,786,12717
2025-05-08,MK-C-028,ภาคกลาง,648,10945
2025-05-08,MK-C-028,ภาคตะวันออก,438,8001
2025-05-08,MK-C-028,ภาคเหนือ,453,6143
2025-05-08,MK-C-028,ภาคใต้,532,7814
2025-05-08,SY-D-039,กรุงเทพฯ,580,7450
2025-05-08,SY-D-039,ภาคกลาง,398,5959
2025-05-08,SY-D-039,ภาคตะวันออก,289,4161
2025-05-08,SY-D-039,ภาคเหนือ,281,4578
2025-05-08,SY-D-039,ภาคใต้,365,5747
2025-05-08,AG-E-052,กรุงเทพฯ,171,2737
2025-05-08,AG-E-052,ภาคกลาง,138,2153
2025-05-08,AG-E-052,ภาคตะวันออก,88,1308
2025-05-08,AG-E-052,ภาคเหนือ,90,1241
2025-05-08,AG-E-052,ภาคใต้,99,1701
2025-05-09,TK-A-001,กรุงเทพฯ,212,3296
2025-05-09,TK-A-001,ภาคกลาง,180,2236
2025-05-09,TK-A-001,ภาคตะวันออก,135,1678
2025-05-09,TK-A-001,ภาคเหนือ,103,1536
2025-05-09,TK-A-001,ภาคใต้,137,2469
2025-05-09,GL-B-014,กรุงเทพฯ,1061,18962
2025-05-09,GL-B-014,ภาคกลาง,866,15128
2025-05-09,GL-B-014,ภาคตะวันออก,636,9137
2025-05-09,GL-B-014,ภาคเหนือ,545,9027
2025-05-09,GL-B-014,ภาคใต้,786,10735
2025-05-09,MK-C-028,กรุงเทพฯ,751,11844
2025-05-09,MK-C-028,ภาคกลาง,618,9448
2025-05-09,MK-C-028,ภาคตะวันออก,440,6642
2025-05-09,MK-C-028,ภาคเหนือ,420,6415
2025-05-09,MK-C-028,ภาคใต้,507,8449
2025-05-09,SY-D-039,กรุงเทพฯ,534,7841
2025-05-09,SY-D-039,ภาคกลาง,452,5591
2025-05-09,SY-D-039,ภาคตะวันออก,299,5188
2025-05-09,SY-D-039,ภาคเหนือ,262,4442
2025-05-09,SY-D-039,ภาคใต้,351,5310
2025-05-09,AG-E-052,กรุงเทพฯ,157,2305
2025-05-09,AG-E-052,ภาคกลาง,136,2139
2025-05-09,AG-E-052,ภาคตะวันออก,91,1555
2025-05-09,AG-E-052,ภาคเหนือ,81,1134
2025-05-09,AG-E-052,ภาคใต้,100,1482
2025-05-10,TK-A-001,กรุงเทพฯ,209,3278
2025-05-10,TK-A-001,ภาคกลาง,172,2330
2025-05-10,TK-A-001,ภาคตะวันออก,120,2080
2025-05-10,TK-A-001,ภาคเหนือ,109,1977
2025-05-10,TK-A-001,ภาคใต้,136,2216
2025-05-10,GL-B-014,กรุงเทพฯ,1087,16745
2025-05-10,GL-B-014,ภาคกลาง,931,13118
2025-05-10,GL-B-014,ภาคตะวันออก,706,10992
2025-05-10,GL-B-014,ภาคเหนือ,611,9533
2025-05-10,GL-B-014,ภาคใต้,667,9804
2025-05-10,MK-C-028,กรุงเทพฯ,863,12595
2025-05-10,MK-C-028,ภาคกลาง,627,8813
2025-05-10,MK-C-028,ภาคตะวันออก,457,7880
2025-05-10,MK-C-028,ภาคเหนือ,461,7407
2025-05-10,MK-C-028,ภาคใต้,537,9295
2025-05-10,SY-D-039,กรุงเทพฯ,565,8774
2025-05-10,SY-D-039,ภาคกลาง,394,6922
2025-05-10,SY-D-039,ภาคตะวันออก,331,4574
2025-05-10,SY-D-039,ภาคเหนือ,293,4170
2025-05-10,SY-D-039,ภาคใต้,388,6118
2025-05-10,AG-E-052,กรุงเทพฯ,150,2787
2025-05-10,AG-E-052,ภาคกลาง,130,1871
2025-05-10,AG-E-052,ภาคตะวันออก,94,1576
2025-05-10,AG-E-052,ภาคเหนือ,87,1408
2025-05-10,AG-E-052,ภาคใต้,115,1659
2025-05-11,TK-A-001,กรุงเทพฯ,224,2963
2025-05-11,TK-A-001,ภาคกลาง,179,2420
2025-05-11,TK-A-001,ภาคตะวันออก,128,2095
2025-05-11,TK-A-001,ภาคเหนือ,123,1717
2025-05-11,TK-A-001,ภาคใต้,130,2297
2025-05-11,GL-B-014,กรุงเทพฯ,1008,15705
2025-05-11,GL-B-014,ภาคกลาง,958,14726
2025-05-11,GL-B-014,ภาคตะวันออก,685,11496
2025-05-11,GL-B-014,ภาคเหนือ,584,8456
2025-05-11,GL-B-014,ภาคใต้,770,11535
2025-05-11,MK-C-028,กรุงเทพฯ,815,11195
2025-05-11,MK-C-028,ภาคกลาง,675,8726
2025-05-11,MK-C-028,ภาคตะวันออก,461,6965
2025-05-11,MK-C-028,ภาคเหนือ,403,6799
2025-05-11,MK-C-028,ภาคใต้,538,8751
2025-05-11,SY-D-039,กรุงเทพฯ,579,7721
2025-05-11,SY-D-039,ภาคกลาง,474,6987
2025-05-11,SY-D-039,ภาคตะวันออก,294,5296
2025-05-11,SY-D-039,ภาคเหนือ,304,4490
2025-05-11,SY-D-039,ภาคใต้,329,5731
2025-05-11,AG-E-052,กรุงเทพฯ,162,2488
2025-05-11,AG-E-052,ภาคกลาง,142,2018
2025-05-11,AG-E-052,ภาคตะวันออก,106,1625
2025-05-11,AG-E-052,ภาคเหนือ,80,1438
2025-05-11,AG-E-052,ภาคใต้,103,1791
2025-05-12,TK-A-001,กรุงเทพฯ,204,3172
2025-05-12,TK-A-001,ภาคกลาง,173,2515
2025-05-12,TK-A-001,ภาคตะวันออก,132,2002
2025-05-12,TK-A-001,ภาคเหนือ,108,1549
2025-05-12,TK-A-001,ภาคใต้,138,2245
2025-05-12,GL-B-014,กรุงเทพฯ,1140,16497
2025-05-12,GL-B-014,ภาคกลาง,891,13728
2025-05-12,GL-B-014,ภาคตะวันออก,675,10592
2025-05-12,GL-B-014,ภาคเหนือ,538,8473
2025-05-12,GL-B-014,ภาคใต้,747,12114
2025-05-12,MK-C-028,กรุงเทพฯ,785,11081
2025-05-12,MK-C-028,ภาคกลาง,643,10826
2025-05-12,MK-C-028,ภาคตะวันออก,529,8152
2025-05-12,MK-C-028,ภาคเหนือ,391,6121
2025-05-12,MK-C-028,ภาคใต้,542,7979
2025-05-12,SY-D-039,กรุงเทพฯ,529,8481
2025-05-12,SY-D-039,ภาคกลาง,468,6716
2025-05-12,SY-D-039,ภาคตะวันออก,299,4653
2025-05-12,SY-D-039,ภาคเหนือ,285,4744
2025-05-12,SY-D-039,ภาคใต้,344,4839
2025-05-12,AG-E-052,กรุงเทพฯ,150,2400
2025-05-12,AG-E-052,ภาคกลาง,123,1901
2025-05-12,AG-E-052,ภาคตะวันออก,107,1407
2025-05-12,AG-E-052,ภาคเหนือ,87,1128
2025-05-12,AG-E-052,ภาคใต้,106,1759
2025-05-13,TK-A-001,กรุงเทพฯ,226,3331
2025-05-13,TK-A-001,ภาคกลาง,161,2796
2025-05-13,TK-A-001,ภาคตะวันออก,119,1971
2025-05-13,TK-A-001,ภาคเหนือ,121,1605
2025-05-13,TK-A-001,ภาคใต้,141,2107
2025-05-13,GL-B-014,กรุงเทพฯ,1237,15897
2025-05-13,GL-B-014,ภาคกลาง,927,13986
2025-05-13,GL-B-014,ภาคตะวันออก,639,10744
2025-05-13,GL-B-014,ภาคเหนือ,622,8734
2025-05-13,GL-B-014,ภาคใต้,699,10746
2025-05-13,MK-C-028,กรุงเทพฯ,836,11612
2025-05-13,MK-C-028,ภาคกลาง,651,8835
2025-05-13,MK-C-028,ภาคตะวันออก,469,6566
2025-05-13,MK-C-028,ภาคเหนือ,417,6174
2025-05-13,MK-C-028,ภาคใต้,495,7237
2025-05-13,SY-D-039,กรุงเทพฯ,583,8947
2025-05-13,SY-D-039,ภาคกลาง,421,7102
2025-05-13,SY-D-039,ภาคตะวันออก,300,4366
2025-05-13,SY-D-039,ภาคเหนือ,310,3876
2025-05-13,SY-D-039,ภาคใต้,365,4861
2025-05-13,AG-E-052,กรุงเทพฯ,172,2329
2025-05-13,AG-E-052,ภาคกลาง,133,2012
2025-05-13,AG-E-052,ภาคตะวันออก,101,1622
2025-05-13,AG-E-052,ภาคเหนือ,88,1131
2025-05-13,AG-E-052,ภาคใต้,109,1531
2025-05-14,TK-A-001,กรุงเทพฯ,224,3527
2025-05-14,TK-A-001,ภาคกลาง,178,2514
2025-05-14,TK-A-001,ภาคตะวันออก,131,1746
2025-05-14,TK-A-001,ภาคเหนือ,106,1494
2025-05-14,TK-A-001,ภาคใต้,157,2210
2025-05-14,GL-B-014,กรุงเทพฯ,1180,15669
2025-05-14,GL-B-014,ภาคกลาง,983,15245
2025-05-14,GL-B-014,ภาคตะวันออก,670,10397
2025-05-14,GL-B-014,ภาคเหนือ,650,8152
2025-05-14,GL-B-014,ภาคใต้,748,12605
2025-05-14,MK-C-028,กรุงเทพฯ,886,11444
2025-05-14,MK-C-028,ภาคกลาง,672,8876
2025-05-14,MK-C-028,ภาคตะวันออก,518,8228
2025-05-14,MK-C-028,ภาคเหนือ,453,6534
2025-05-14,MK-C-028,ภาคใต้,499,8656
2025-05-14,SY-D-039,กรุงเทพฯ,572,7193
2025-05-14,SY-D-039,ภาคกลาง,464,6770
2025-05-14,SY-D-039,ภาคตะวันออก,340,4982
2025-05-14,SY-D-039,ภาคเหนือ,294,4883
2025-05-14,SY-D-039,ภาคใต้,346,5114
2025-05-14,AG-E-052,กรุงเทพฯ,173,2590
2025-05-14,AG-E-052,ภาคกลาง,143,1654
2025-05-14,AG-E-052,ภาคตะวันออก,107,1386
2025-05-14,AG-E-052,ภาคเหนือ,95,1307
2025-05-14,AG-E-052,ภาคใต้,105,1733
2025-05-15,TK-A-001,กรุงเทพฯ,233,3460
2025-05-15,TK-A-001,ภาคกลาง,182,2705
2025-05-15,TK-A-001,ภาคตะวันออก,134,2188
2025-05-15,TK-A-001,ภาคเหนือ,120,1679
2025-05-15,TK-A-001,ภาคใต้,153,2444
2025-05-15,GL-B-014,กรุงเทพฯ,1183,16924
2025-05-15,GL-B-014,ภาคกลาง,918,12768
2025-05-15,GL-B-014,ภาคตะวันออก,714,10098
2025-05-15,GL-B-014,ภาคเหนือ,621,9821
2025-05-15,GL-B-014,ภาคใต้,746,10708
2025-05-15,MK-C-028,กรุงเทพฯ,761,10851
2025-05-15,MK-C-028,ภาคกลาง,677,10926
2025-05-15,MK-C-028,ภาคตะวันออก,527,8264
2025-05-15,MK-C-028,ภาคเหนือ,398,7351
2025-05-15,MK-C-028,ภาคใต้,573,8079
2025-05-15,SY-D-039,กรุงเทพฯ,510,8259
2025-05-15,SY-D-039,ภาคกลาง,478,5590
2025-05-15,SY-D-039,ภาคตะวันออก,299,4735
2025-05-15,SY-D-039,ภาคเหนือ,315,4099
2025-05-15,SY-D-039,ภาคใต้,394,5727
2025-05-15,AG-E-052,กรุงเทพฯ,164,2488
2025-05-15,AG-E-052,ภาคกลาง,127,1716
2025-05-15,AG-E-052,ภาคตะวันออก,90,1612
2025-05-15,AG-E-052,ภาคเหนือ,89,1489
2025-05-15,AG-E-052,ภาคใต้,107,1726
2025-05-16,TK-A-001,กรุงเทพฯ,209,3304
2025-05-16,TK-A-001,ภาคกลาง,170,2630
2025-05-16,TK-A-001,ภาคตะวันออก,137,2132
2025-05-16,TK-A-001,ภาคเหนือ,110,1938
2025-05-16,TK-A-001,ภาคใต้,138,2187
2025-05-16,GL-B-014,กรุงเทพฯ,1162,18390
2025-05-16,GL-B-014,ภาคกลาง,885,13644
2025-05-16,GL-B-014,ภาคตะวันออก,638,8590
2025-05-16,GL-B-014,ภาคเหนือ,607,7883
2025-05-16,GL-B-014,ภาคใต้,701,10089
2025-05-16,MK-C-028,กรุงเทพฯ,868,13928
2025-05-16,MK-C-028,ภาคกลาง,643,8441
2025-05-16,MK-C-028,ภาคตะวันออก,503,7988
2025-05-16,MK-C-028,ภาคเหนือ,429,7290
2025-05-16,MK-C-028,ภาคใต้,551,8583
2025-05-16,SY-D-039,กรุงเทพฯ,501,7973
2025-05-16,SY-D-039,ภาคกลาง,430,7288
2025-05-16,SY-D-039,ภาคตะวันออก,361,4817
2025-05-16,SY-D-039,ภาคเหนือ,303,4483
2025-05-16,SY-D-039,ภาคใต้,363,5914
2025-05-16,AG-E-052,กรุงเทพฯ,156,2520
2025-05-16,AG-E-052,ภาคกลาง,129,1802
2025-05-16,AG-E-052,ภาคตะวันออก,107,1499
2025-05-16,AG-E-052,ภาคเหนือ,96,1270
2025-05-16,AG-E-052,ภาคใต้,118,1617
2025-05-17,TK-A-001,กรุงเทพฯ,217,2848
2025-05-17,TK-A-001,ภาคกลาง,161,2941
2025-05-17,TK-A-001,ภาคตะวันออก,131,1733
2025-05-17,TK-A-001,ภาคเหนือ,128,1889
2025-05-17,TK-A-001,ภาคใต้,145,1967
2025-05-17,GL-B-014,กรุงเทพฯ,1213,15482
2025-05-17,GL-B-014,ภาคกลาง,1005,14893
2025-05-17,GL-B-014,ภาคตะวันออก,701,8716
2025-05-17,GL-B-014,ภาคเหนือ,624,9541
2025-05-17,GL-B-014,ภาคใต้,835,9536
2025-05-17,MK-C-028,กรุงเทพฯ,891,13070
2025-05-17,MK-C-028,ภาคกลาง,702,9626
2025-05-17,MK-C-028,ภาคตะวันออก,529,8126
2025-05-17,MK-C-028,ภาคเหนือ,478,6565
2025-05-17,MK-C-028,ภาคใต้,612,8611
2025-05-17,SY-D-039,กรุงเทพฯ,531,8328
2025-05-17,SY-D-039,ภาคกลาง,422,6664
2025-05-17,SY-D-039,ภาคตะวันออก,312,5279
2025-05-17,SY-D-039,ภาคเหนือ,297,4585
2025-05-17,SY-D-039,ภาคใต้,381,6188
2025-05-17,AG-E-052,กรุงเทพฯ,157,2620
2025-05-17,AG-E-052,ภาคกลาง,142,1823
2025-05-17,AG-E-052,ภาคตะวันออก,104,1452
2025-05-17,AG-E-052,ภาคเหนือ,97,1454
2025-05-17,AG-E-052,ภาคใต้,106,1395
2025-05-18,TK-A-001,กรุงเทพฯ,224,2948
2025-05-18,TK-A-001,ภาคกลาง,172,2923
2025-05-18,TK-A-001,ภาคตะวันออก,129,1719
2025-05-18,TK-A-001,ภาคเหนือ,121,1574
2025-05-18,TK-A-001,ภาคใต้,147,2038
2025-05-18,GL-B-014,กรุงเทพฯ,1090,18800
2025-05-18,GL-B-014,ภาคกลาง,884,14206
2025-05-18,GL-B-014,ภาคตะวันออก,721,8785
2025-05-18,GL-B-014,ภาคเหนือ,573,8175
2025-05-18,GL-B-014,ภาคใต้,711,12143
2025-05-18,MK-C-028,กรุงเทพฯ,907,10404
2025-05-18,MK-C-028,ภาคกลาง,697,8361
2025-05-18,MK-C-028,ภาคตะวันออก,457,7257
2025-05-18,MK-C-028,ภาคเหนือ,403,6321
2025-05-18,MK-C-028,ภาคใต้,603,8429
2025-05-18,SY-D-039,กรุงเทพฯ,554,9309
2025-05-18,SY-D-039,ภาคกลาง,481,7268
2025-05-18,SY-D-039,ภาคตะวันออก,333,5141
2025-05-18,SY-D-039,ภาคเหนือ,277,4146
2025-05-18,SY-D-039,ภาคใต้,359,4761
2025-05-18,AG-E-052,กรุงเทพฯ,177,2661
2025-05-18,AG-E-052,ภาคกลาง,139,2081
2025-05-18,AG-E-052,ภาคตะวันออก,104,1405
2025-05-18,AG-E-052,ภาคเหนือ,84,1435
2025-05-18,AG-E-052,ภาคใต้,112,1609
2025-05-19,TK-A-001,กรุงเทพฯ,223,3318
2025-05-19,TK-A-001,ภาคกลาง,187,2476
2025-05-19,TK-A-001,ภาคตะวันออก,141,2151
2025-05-19,TK-A-001,ภาคเหนือ,131,1729
2025-05-19,TK-A-001,ภาคใต้,159,2122
2025-05-19,GL-B-014,กรุงเทพฯ,1073,17670
2025-05-19,GL-B-014,ภาคกลาง,850,11798
2025-05-19,GL-B-014,ภาคตะวันออก,645,9656
2025-05-19,GL-B-014,ภาคเหนือ,630,9054
2025-05-19,GL-B-014,ภาคใต้,760,12144
2025-05-19,MK-C-028,กรุงเทพฯ,871,13497
2025-05-19,MK-C-028,ภาคกลาง,642,11142
2025-05-19,MK-C-028,ภาคตะวันออก,528,7354
2025-05-19,MK-C-028,ภาคเหนือ,458,6378
2025-05-19,MK-C-028,ภาคใต้,576,7149
2025-05-19,SY-D-039,กรุงเทพฯ,551,7635
2025-05-19,SY-D-039,ภาคกลาง,445,6247
2025-05-19,SY-D-039,ภาคตะวันออก,354,4395
2025-05-19,SY-D-039,ภาคเหนือ,278,4253
2025-05-19,SY-D-039,ภาคใต้,350,4643
2025-05-19,AG-E-052,กรุงเทพฯ,161,2773
2025-05-19,AG-E-052,ภาคกลาง,140,2098
2025-05-19,AG-E-052,ภาคตะวันออก,101,1562
2025-05-19,AG-E-052,ภาคเหนือ,98,1239
2025-05-19,AG-E-052,ภาคใต้,117,1438
2025-05-20,TK-A-001,กรุงเทพฯ,205,3469
2025-05-20,TK-A-001,ภาคกลาง,169,2330
2025-05-20,TK-A-001,ภาคตะวันออก,128,2103
2025-05-20,TK-A-001,ภาคเหนือ,128,1611
2025-05-20,TK-A-001,ภาคใต้,151,2483
2025-05-20,GL-B-014,กรุงเทพฯ,1134,18823
2025-05-20,GL-B-014,ภาคกลาง,942,15315
2025-05-20,GL-B-014,ภาคตะวันออก,730,10496
2025-05-20,GL-B-014,ภาคเหนือ,651,8869
2025-05-20,GL-B-014,ภาคใต้,810,10915
2025-05-20,MK-C-028,กรุงเทพฯ,824,13181
2025-05-20,MK-C-028,ภาคกลาง,713,8428
2025-05-20,MK-C-028,ภาคตะวันออก,458,8042
2025-05-20,MK-C-028,ภาคเหนือ,460,5853
2025-05-20,MK-C-028,ภาคใต้,573,7188
2025-05-20,SY-D-039,กรุงเทพฯ,567,7382
2025-05-20,SY-D-039,ภาคกลาง,480,6074
2025-05-20,SY-D-039,ภาคตะวันออก,328,4200
2025-05-20,SY-D-039,ภาคเหนือ,281,3849
2025-05-20,SY-D-039,ภาคใต้,388,5555
2025-05-20,AG-E-052,กรุงเทพฯ,161,2347
2025-05-20,AG-E-052,ภาคกลาง,127,1796
2025-05-20,AG-E-052,ภาคตะวันออก,96,1356
2025-05-20,AG-E-052,ภาคเหนือ,91,1485
2025-05-20,AG-E-052,ภาคใต้,103,1852
2025-05-21,TK-A-001,กรุงเทพฯ,212,3529
2025-05-21,TK-A-001,ภาคกลาง,173,2570
2025-05-21,TK-A-001,ภาคตะวันออก,145,1884
2025-05-21,TK-A-001,ภาคเหนือ,128,1554
2025-05-21,TK-A-001,ภาคใต้,154,2215
2025-05-21,GL-B-014,กรุงเทพฯ,1260,16597
2025-05-21,GL-B-014,ภาคกลาง,933,14199
2025-05-21,GL-B-014,ภาคตะวันออก,682,9527
2025-05-21,GL-B-014,ภาคเหนือ,641,10191
2025-05-21,GL-B-014,ภาคใต้,799,9671
2025-05-21,MK-C-028,กรุงเทพฯ,796,13090
2025-05-21,MK-C-028,ภาคกลาง,737,8942
2025-05-21,MK-C-028,ภาคตะวันออก,502,8304
2025-05-21,MK-C-028,ภาคเหนือ,439,6415
2025-05-21,MK-C-028,ภาคใต้,624,7191
2025-05-21,SY-D-039,กรุงเทพฯ,625,7322
2025-05-21,SY-D-039,ภาคกลาง,429,7362
2025-05-21,SY-D-039,ภาคตะวันออก,357,5353
2025-05-21,SY-D-039,ภาคเหนือ,283,4094
2025-05-21,SY-D-039,ภาคใต้,344,4960
2025-05-21,AG-E-052,กรุงเทพฯ,163,2079
2025-05-21,AG-E-052,ภาคกลาง,129,2059
2025-05-21,AG-E-052,ภาคตะวันออก,106,1533
2025-05-21,AG-E-052,ภาคเหนือ,83,1288
2025-05-21,AG-E-052,ภาคใต้,112,1754
2025-05-22,TK-A-001,กรุงเทพฯ,213,3264
2025-05-22,TK-A-001,ภาคกลาง,182,2721
2025-05-22,TK-A-001,ภาคตะวันออก,150,1901
2025-05-22,TK-A-001,ภาคเหนือ,127,1892
2025-05-22,TK-A-001,ภาคใต้,146,2089
2025-05-22,GL-B-014,กรุงเทพฯ,1244,18988
2025-05-22,GL-B-014,ภาคกลาง,979,12790
2025-05-22,GL-B-014,ภาคตะวันออก,708,10597
2025-05-22,GL-B-014,ภาคเหนือ,649,9282
2025-05-22,GL-B-014,ภาคใต้,842,12226
2025-05-22,MK-C-028,กรุงเทพฯ,800,13265
2025-05-22,MK-C-028,ภาคกลาง,730,9493
2025-05-22,MK-C-028,ภาคตะวันออก,530,7549
2025-05-22,MK-C-028,ภาคเหนือ,500,6126
2025-05-22,MK-C-028,ภาคใต้,546,7239
2025-05-22,SY-D-039,กรุงเทพฯ,534,8571
2025-05-22,SY-D-039,ภาคกลาง,460,6585
2025-05-22,SY-D-039,ภาคตะวันออก,370,5393
2025-05-22,SY-D-039,ภาคเหนือ,286,3823
2025-05-22,SY-D-039,ภาคใต้,363,5318
2025-05-22,AG-E-052,กรุงเทพฯ,160,2330
2025-05-22,AG-E-052,ภาคกลาง,132,1926
2025-05-22,AG-E-052,ภาคตะวันออก,93,1467
2025-05-22,AG-E-052,ภาคเหนือ,93,1165
2025-05-22,AG-E-052,ภาคใต้,103,1679
2025-05-23,TK-A-001,กรุงเทพฯ,252,3232
2025-05-23,TK-A-001,ภาคกลาง,197,2929
2025-05-23,TK-A-001,ภาคตะวันออก,149,2022
2025-05-23,TK-A-001,ภาคเหนือ,127,1765
2025-05-23,TK-A-001,ภาคใต้,165,2468
2025-05-23,GL-B-014,กรุงเทพฯ,1078,16680
2025-05-23,GL-B-014,ภาคกลาง,880,12775
2025-05-23,GL-B-014,ภาคตะวันออก,714,9048
2025-05-23,GL-B-014,ภาคเหนือ,689,9047
2025-05-23,GL-B-014,ภาคใต้,824,11907
2025-05-23,MK-C-028,กรุงเทพฯ,895,11758
2025-05-23,MK-C-028,ภาคกลาง,693,8923
2025-05-23,MK-C-028,ภาคตะวันออก,542,8060
2025-05-23,MK-C-028,ภาคเหนือ,485,6454
2025-05-23,MK-C-028,ภาคใต้,527,9219
2025-05-23,SY-D-039,กรุงเทพฯ,621,8323
2025-05-23,SY-D-039,ภาคกลาง,501,6677
2025-05-23,SY-D-039,ภาคตะวันออก,321,5457
2025-05-23,SY-D-039,ภาคเหนือ,310,4168
2025-05-23,SY-D-039,ภาคใต้,385,5246
2025-05-23,AG-E-052,กรุงเทพฯ,177,2157
2025-05-23,AG-E-052,ภาคกลาง,132,1908
2025-05-23,AG-E-052,ภาคตะวันออก,105,1566
2025-05-23,AG-E-052,ภาคเหนือ,100,1262
2025-05-23,AG-E-052,ภาคใต้,111,1634
2025-05-24,TK-A-001,กรุงเทพฯ,252,3658
2025-05-24,TK-A-001,ภาคกลาง,170,2257
2025-05-24,TK-A-001,ภาคตะวันออก,141,1851
2025-05-24,TK-A-001,ภาคเหนือ,133,1673
2025-05-24,TK-A-001,ภาคใต้,155,2362
2025-05-24,GL-B-014,กรุงเทพฯ,1178,14394
2025-05-24,GL-B-014,ภาคกลาง,945,12748
2025-05-24,GL-B-014,ภาคตะวันออก,692,8677
2025-05-24,GL-B-014,ภาคเหนือ,625,8398
2025-05-24,GL-B-014,ภาคใต้,780,10439
2025-05-24,MK-C-028,กรุงเทพฯ,929,12095
2025-05-24,MK-C-028,ภาคกลาง,650,9394
2025-05-24,MK-C-028,ภาคตะวันออก,547,7706
2025-05-24,MK-C-028,ภาคเหนือ,489,6086
2025-05-24,MK-C-028,ภาคใต้,606,7705
2025-05-24,SY-D-039,กรุงเทพฯ,634,7584
2025-05-24,SY-D-039,ภาคกลาง,482,6841
2025-05-24,SY-D-039,ภาคตะวันออก,379,5287
2025-05-24,SY-D-039,ภาคเหนือ,284,4418
2025-05-24,SY-D-039,ภาคใต้,373,5458
2025-05-24,AG-E-052,กรุงเทพฯ,181,2667
2025-05-24,AG-E-052,ภาคกลาง,128,2078
2025-05-24,AG-E-052,ภาคตะวันออก,112,1537
2025-05-24,AG-E-052,ภาคเหนือ,100,1243
2025-05-24,AG-E-052,ภาคใต้,111,1836
2025-05-25,TK-A-001,กรุงเทพฯ,228,3580
2025-05-25,TK-A-001,ภาคกลาง,167,2741
2025-05-25,TK-A-001,ภาคตะวันออก,130,1958
2025-05-25,TK-A-001,ภาคเหนือ,113,1835
2025-05-25,TK-A-001,ภาคใต้,167,2350
2025-05-25,GL-B-014,กรุงเทพฯ,1307,14326
2025-05-25,GL-B-014,ภาคกลาง,873,15114
2025-05-25,GL-B-014,ภาคตะวันออก,658,9158
2025-05-25,GL-B-014,ภาคเหนือ,616,9647
2025-05-25,GL-B-014,ภาคใต้,788,10563
2025-05-25,MK-C-028,กรุงเทพฯ,833,13461
2025-05-25,MK-C-028,ภาคกลาง,705,10070
2025-05-25,MK-C-028,ภาคตะวันออก,526,7924
2025-05-25,MK-C-028,ภาคเหนือ,462,6371
2025-05-25,MK-C-028,ภาคใต้,595,8670
2025-05-25,SY-D-039,กรุงเทพฯ,618,9148
2025-05-25,SY-D-039,ภาคกลาง,423,6438
2025-05-25,SY-D-039,ภาคตะวันออก,371,4747
2025-05-25,SY-D-039,ภาคเหนือ,335,4235
2025-05-25,SY-D-039,ภาคใต้,391,5745
2025-05-25,AG-E-052,กรุงเทพฯ,159,2371
2025-05-25,AG-E-052,ภาคกลาง,143,1970
2025-05-25,AG-E-052,ภาคตะวันออก,112,1327
2025-05-25,AG-E-052,ภาคเหนือ,92,1479
2025-05-25,AG-E-052,ภาคใต้,118,1421
2025-05-26,TK-A-001,กรุงเทพฯ,232,3224
2025-05-26,TK-A-001,ภาคกลาง,193,2271
2025-05-26,TK-A-001,ภาคตะวันออก,130,1685
2025-05-26,TK-A-001,ภาคเหนือ,113,1647
2025-05-26,TK-A-001,ภาคใต้,160,2145
2025-05-26,GL-B-014,กรุงเทพฯ,1255,19129
2025-05-26,GL-B-014,ภาคกลาง,934,13910
2025-05-26,GL-B-014,ภาคตะวันออก,684,9921
2025-05-26,GL-B-014,ภาคเหนือ,681,9165
2025-05-26,GL-B-014,ภาคใต้,799,10030
2025-05-26,MK-C-028,กรุงเทพฯ,878,12886
2025-05-26,MK-C-028,ภาคกลาง,681,10451
2025-05-26,MK-C-028,ภาคตะวันออก,574,6237
2025-05-26,MK-C-028,ภาคเหนือ,504,6470
2025-05-26,MK-C-028,ภาคใต้,598,8651
2025-05-26,SY-D-039,กรุงเทพฯ,596,8694
2025-05-26,SY-D-039,ภาคกลาง,488,6441
2025-05-26,SY-D-039,ภาคตะวันออก,328,4247
2025-05-26,SY-D-039,ภาคเหนือ,301,4652
2025-05-26,SY-D-039,ภาคใต้,427,6068
2025-05-26,AG-E-052,กรุงเทพฯ,185,2532
2025-05-26,AG-E-052,ภาคกลาง,141,1972
2025-05-26,AG-E-052,ภาคตะวันออก,106,1530
2025-05-26,AG-E-052,ภาคเหนือ,90,1480
2025-05-26,AG-E-052,ภาคใต้,127,1678
2025-05-27,TK-A-001,กรุงเทพฯ,239,3619
2025-05-27,TK-A-001,ภาคกลาง,169,2539
2025-05-27,TK-A-001,ภาคตะวันออก,150,2091
2025-05-27,TK-A-001,ภาคเหนือ,117,1759
2025-05-27,TK-A-001,ภาคใต้,171,2381
2025-05-27,GL-B-014,กรุงเทพฯ,1250,16668
2025-05-27,GL-B-014,ภาคกลาง,1023,13818
2025-05-27,GL-B-014,ภาคตะวันออก,694,9285
2025-05-27,GL-B-014,ภาคเหนือ,600,9841
2025-05-27,GL-B-014,ภาคใต้,873,9869
2025-05-27,MK-C-028,กรุงเทพฯ,896,11809
2025-05-27,MK-C-028,ภาคกลาง,704,10624
2025-05-27,MK-C-028,ภาคตะวันออก,544,7406
2025-05-27,MK-C-028,ภาคเหนือ,456,7325
2025-05-27,MK-C-028,ภาคใต้,541,7111
2025-05-27,SY-D-039,กรุงเทพฯ,634,7994
2025-05-27,SY-D-039,ภาคกลาง,492,7335
2025-05-27,SY-D-039,ภาคตะวันออก,378,4752
2025-05-27,SY-D-039,ภาคเหนือ,311,4686
2025-05-27,SY-D-039,ภาคใต้,402,5078
2025-05-27,AG-E-052,กรุงเทพฯ,192,2728
2025-05-27,AG-E-052,ภาคกลาง,154,1958
2025-05-27,AG-E-052,ภาคตะวันออก,113,1433
2025-05-27,AG-E-052,ภาคเหนือ,99,1194
2025-05-27,AG-E-052,ภาคใต้,120,1627
2025-05-28,TK-A-001,กรุงเทพฯ,230,3031
2025-05-28,TK-A-001,ภาคกลาง,173,2303
2025-05-28,TK-A-001,ภาคตะวันออก,138,2166
2025-05-28,TK-A-001,ภาคเหนือ,136,1848
2025-05-28,TK-A-001,ภาคใต้,147,2223
2025-05-28,GL-B-014,กรุงเทพฯ,1317,18145
2025-05-28,GL-B-014,ภาคกลาง,1043,13634
2025-05-28,GL-B-014,ภาคตะวันออก,667,10880
2025-05-28,GL-B-014,ภาคเหนือ,700,10195
2025-05-28,GL-B-014,ภาคใต้,769,11452
2025-05-28,MK-C-028,กรุงเทพฯ,919,11770
2025-05-28,MK-C-028,ภาคกลาง,645,8295
2025-05-28,MK-C-028,ภาคตะวันออก,508,7044
2025-05-28,MK-C-028,ภาคเหนือ,439,7279
2025-05-28,MK-C-028,ภาคใต้,585,7901
2025-05-28,SY-D-039,กรุงเทพฯ,571,7822
2025-05-28,SY-D-039,ภาคกลาง,440,5880
2025-05-28,SY-D-039,ภาคตะวันออก,366,5252
2025-05-28,SY-D-039,ภาคเหนือ,289,4656
2025-05-28,SY-D-039,ภาคใต้,376,5344
2025-05-28,AG-E-052,กรุงเทพฯ,181,2124
2025-05-28,AG-E-052,ภาคกลาง,139,2169
2025-05-28,AG-E-052,ภาคตะวันออก,108,1635
2025-05-28,AG-E-052,ภาคเหนือ,93,1104
2025-05-28,AG-E-052,ภาคใต้,120,1439
2025-05-29,TK-A-001,กรุงเทพฯ,214,3050
2025-05-29,TK-A-001,ภาคกลาง,203,2210
2025-05-29,TK-A-001,ภาคตะวันออก,145,1711
2025-05-29,TK-A-001,ภาคเหนือ,131,1926
2025-05-29,TK-A-001,ภาคใต้,152,2199
2025-05-29,GL-B-014,กรุงเทพฯ,1135,15584
2025-05-29,GL-B-014,ภาคกลาง,1038,14911
2025-05-29,GL-B-014,ภาคตะวันออก,727,10105
2025-05-29,GL-B-014,ภาคเหนือ,647,8696
2025-05-29,GL-B-014,ภาคใต้,803,10727
2025-05-29,MK-C-028,กรุงเทพฯ,969,13159
2025-05-29,MK-C-028,ภาคกลาง,735,8479
2025-05-29,MK-C-028,ภาคตะวันออก,569,6536
2025-05-29,MK-C-028,ภาคเหนือ,464,7416
2025-05-29,MK-C-028,ภาคใต้,577,7790
2025-05-29,SY-D-039,กรุงเทพฯ,571,8617
2025-05-29,SY-D-039,ภาคกลาง,489,6408
2025-05-29,SY-D-039,ภาคตะวันออก,367,4601
2025-05-29,SY-D-039,ภาคเหนือ,291,4669
2025-05-29,SY-D-039,ภาคใต้,401,4725
2025-05-29,AG-E-052,กรุงเทพฯ,177,2668
2025-05-29,AG-E-052,ภาคกลาง,134,2114
2025-05-29,AG-E-052,ภาคตะวันออก,99,1483
2025-05-29,AG-E-052,ภาคเหนือ,91,1383
2025-05-29,AG-E-052,ภาคใต้,119,1637
2025-05-30,TK-A-001,กรุงเทพฯ,224,3390
2025-05-30,TK-A-001,ภาคกลาง,185,2460
2025-05-30,TK-A-001,ภาคตะวันออก,147,1965
2025-05-30,TK-A-001,ภาคเหนือ,134,1584
2025-05-30,TK-A-001,ภาคใต้,152,2351
2025-05-30,GL-B-014,กรุงเทพฯ,1152,18051
2025-05-30,GL-B-014,ภาคกลาง,946,12634
2025-05-30,GL-B-014,ภาคตะวันออก,662,11495
2025-05-30,GL-B-014,ภาคเหนือ,690,9016
2025-05-30,GL-B-014,ภาคใต้,799,10327
2025-05-30,MK-C-028,กรุงเทพฯ,921,11533
2025-05-30,MK-C-028,ภาคกลาง,684,8384
2025-05-30,MK-C-028,ภาคตะวันออก,547,7282
2025-05-30,MK-C-028,ภาคเหนือ,454,5762
2025-05-30,MK-C-028,ภาคใต้,599,6944
2025-05-30,SY-D-039,กรุงเทพฯ,641,9307
2025-05-30,SY-D-039,ภาคกลาง,466,6605
2025-05-30,SY-D-039,ภาคตะวันออก,326,4755
2025-05-30,SY-D-039,ภาคเหนือ,298,4566
2025-05-30,SY-D-039,ภาคใต้,383,5576
2025-05-30,AG-E-052,กรุงเทพฯ,186,2698
2025-05-30,AG-E-052,ภาคกลาง,152,1768
2025-05-30,AG-E-052,ภาคตะวันออก,109,1360
2025-05-30,AG-E-052,ภาคเหนือ,100,1168
2025-05-30,AG-E-052,ภาคใต้,128,1792
2025-05-31,TK-A-001,กรุงเทพฯ,231,3162
2025-05-31,TK-A-001,ภาคกลาง,172,2382
2025-05-31,TK-A-001,ภาคตะวันออก,152,1900
2025-05-31,TK-A-001,ภาคเหนือ,138,1684
2025-05-31,TK-A-001,ภาคใต้,166,2124
2025-05-31,GL-B-014,กรุงเทพฯ,1333,16254
2025-05-31,GL-B-014,ภาคกลาง,999,11604
2025-05-31,GL-B-014,ภาคตะวันออก,809,8757
2025-05-31,GL-B-014,ภาคเหนือ,711,7630
2025-05-31,GL-B-014,ภาคใต้,784,9561
2025-05-31,MK-C-028,กรุงเทพฯ,812,12999
2025-05-31,MK-C-028,ภาคกลาง,756,8953
2025-05-31,MK-C-028,ภาคตะวันออก,588,8062
2025-05-31,MK-C-028,ภาคเหนือ,432,6918
2025-05-31,MK-C-028,ภาคใต้,616,8656
2025-05-31,SY-D-039,กรุงเทพฯ,629,8137
2025-05-31,SY-D-039,ภาคกลาง,444,7046
2025-05-31,SY-D-039,ภาคตะวันออก,391,5083
2025-05-31,SY-D-039,ภาคเหนือ,320,3782
2025-05-31,SY-D-039,ภาคใต้,378,4738
2025-05-31,AG-E-052,กรุงเทพฯ,188,2419
2025-05-31,AG-E-052,ภาคกลาง,155,2009
2025-05-31,AG-E-052,ภาคตะวันออก,107,1395
2025-05-31,AG-E-052,ภาคเหนือ,86,1166
2025-05-31,AG-E-052,ภาคใต้,129,1706
2025-06-01,TK-A-001,กรุงเทพฯ,223,3034
2025-06-01,TK-A-001,ภาคกลาง,206,2903
2025-06-01,TK-A-001,ภาคตะวันออก,133,1918
2025-06-01,TK-A-001,ภาคเหนือ,115,1485
2025-06-01,TK-A-001,ภาคใต้,153,2186
2025-06-01,GL-B-014,กรุงเทพฯ,1209,17987
2025-06-01,GL-B-014,ภาคกลาง,958,14435
2025-06-01,GL-B-014,ภาคตะวันออก,697,10103
2025-06-01,GL-B-014,ภาคเหนือ,630,9560
2025-06-01,GL-B-014,ภาคใต้,814,9571
2025-06-01,MK-C-028,กรุงเทพฯ,864,12468
2025-06-01,MK-C-028,ภาคกลาง,700,9374
2025-06-01,MK-C-028,ภาคตะวันออก,582,6557
2025-06-01,MK-C-028,ภาคเหนือ,480,7323
2025-06-01,MK-C-028,ภาคใต้,620,8939
2025-06-01,SY-D-039,กรุงเทพฯ,566,8440
2025-06-01,SY-D-039,ภาคกลาง,477,6495
2025-06-01,SY-D-039,ภาคตะวันออก,344,4576
2025-06-01,SY-D-039,ภาคเหนือ,290,4438
2025-06-01,SY-D-039,ภาคใต้,437,4885
2025-06-01,AG-E-052,กรุงเทพฯ,194,2336
2025-06-01,AG-E-052,ภาคกลาง,145,2067
2025-06-01,AG-E-052,ภาคตะวันออก,108,1610
2025-06-01,AG-E-052,ภาคเหนือ,87,1258
2025-06-01,AG-E-052,ภาคใต้,131,1805
2025-06-02,TK-A-001,กรุงเทพฯ,261,2887
2025-06-02,TK-A-001,ภาคกลาง,187,2575
2025-06-02,TK-A-001,ภาคตะวันออก,137,1887
2025-06-02,TK-A-001,ภาคเหนือ,117,1647
2025-06-02,TK-A-001,ภาคใต้,161,1977
2025-06-02,GL-B-014,กรุงเทพฯ,1169,14876
2025-06-02,GL-B-014,ภาคกลาง,959,14473
2025-06-02,GL-B-014,ภาคตะวันออก,701,11446
2025-06-02,GL-B-014,ภาคเหนือ,619,7685
2025-06-02,GL-B-014,ภาคใต้,797,10251
2025-06-02,MK-C-028,กรุงเทพฯ,936,13587
2025-06-02,MK-C-028,ภาคกลาง,678,10102
2025-06-02,MK-C-028,ภาคตะวันออก,563,7264
2025-06-02,MK-C-028,ภาคเหนือ,464,5613
2025-06-02,MK-C-028,ภาคใต้,589,9007
2025-06-02,SY-D-039,กรุงเทพฯ,586,8726
2025-06-02,SY-D-039,ภาคกลาง,519,5898
2025-06-02,SY-D-039,ภาคตะวันออก,345,5379
2025-06-02,SY-D-039,ภาคเหนือ,337,4912
2025-06-02,SY-D-039,ภาคใต้,393,4911
2025-06-02,AG-E-052,กรุงเทพฯ,173,2082
2025-06-02,AG-E-052,ภาคกลาง,156,1682
2025-06-02,AG-E-052,ภาคตะวันออก,115,1489
2025-06-02,AG-E-052,ภาคเหนือ,98,1184
2025-06-02,AG-E-052,ภาคใต้,129,1411
2025-06-03,TK-A-001,กรุงเทพฯ,233,3208
2025-06-03,TK-A-001,ภาคกลาง,198,2901
2025-06-03,TK-A-001,ภาคตะวันออก,141,1944
2025-06-03,TK-A-001,ภาคเหนือ,126,1647
2025-06-03,TK-A-001,ภาคใต้,173,2271
2025-06-03,GL-B-014,กรุงเทพฯ,1198,14291
2025-06-03,GL-B-014,ภาคกลาง,942,12581
2025-06-03,GL-B-014,ภาคตะวันออก,771,11224
2025-06-03,GL-B-014,ภาคเหนือ,663,8469
2025-06-03,GL-B-014,ภาคใต้,747,11479
2025-06-03,MK-C-028,กรุงเทพฯ,950,12288
2025-06-03,MK-C-028,ภาคกลาง,741,9892
2025-06-03,MK-C-028,ภาคตะวันออก,511,7635
2025-06-03,MK-C-028,ภาคเหนือ,485,5888
2025-06-03,MK-C-028,ภาคใต้,573,7042
2025-06-03,SY-D-039,กรุงเทพฯ,570,7558
2025-06-03,SY-D-039,ภาคกลาง,442,7303
2025-06-03,SY-D-039,ภาคตะวันออก,395,4222
2025-06-03,SY-D-039,ภาคเหนือ,316,4869
2025-06-03,SY-D-039,ภาคใต้,369,6095
2025-06-03,AG-E-052,กรุงเทพฯ,176,2069
2025-06-03,AG-E-052,ภาคกลาง,157,1965
2025-06-03,AG-E-052,ภาคตะวันออก,109,1546
2025-06-03,AG-E-052,ภาคเหนือ,106,1402
2025-06-03,AG-E-052,ภาคใต้,109,1386
2025-06-04,TK-A-001,กรุงเทพฯ,254,2761
2025-06-04,TK-A-001,ภาคกลาง,205,2936
2025-06-04,TK-A-001,ภาคตะวันออก,135,1900
2025-06-04,TK-A-001,ภาคเหนือ,130,1477
2025-06-04,TK-A-001,ภาคใต้,161,2114
2025-06-04,GL-B-014,กรุงเทพฯ,1155,17269
2025-06-04,GL-B-014,ภาคกลาง,991,13048
2025-06-04,GL-B-014,ภาคตะวันออก,692,10728
2025-06-04,GL-B-014,ภาคเหนือ,679,8657
2025-06-04,GL-B-014,ภาคใต้,776,11537
2025-06-04,MK-C-028,กรุงเทพฯ,859,11386
2025-06-04,MK-C-028,ภาคกลาง,656,9361
2025-06-04,MK-C-028,ภาคตะวันออก,556,7956
2025-06-04,MK-C-028,ภาคเหนือ,496,6354
2025-06-04,MK-C-028,ภาคใต้,560,7606
2025-06-04,SY-D-039,กรุงเทพฯ,597,8260
2025-06-04,SY-D-039,ภาคกลาง,484,5557
2025-06-04,SY-D-039,ภาคตะวันออก,398,5230
2025-06-04,SY-D-039,ภาคเหนือ,328,4461
2025-06-04,SY-D-039,ภาคใต้,400,4924
2025-06-04,AG-E-052,กรุงเทพฯ,196,2576
2025-06-04,AG-E-052,ภาคกลาง,144,1758
2025-06-04,AG-E-052,ภาคตะวันออก,104,1297
2025-06-04,AG-E-052,ภาคเหนือ,98,1306
2025-06-04,AG-E-052,ภาคใต้,112,1406
2025-06-05,TK-A-001,กรุงเทพฯ,231,2797
2025-06-05,TK-A-001,ภาคกลาง,182,2873
2025-06-05,TK-A-001,ภาคตะวันออก,137,1726
2025-06-05,TK-A-001,ภาคเหนือ,142,1892
2025-06-05,TK-A-001,ภาคใต้,152,1983
2025-06-05,GL-B-014,กรุงเทพฯ,1318,18300
2025-06-05,GL-B-014,ภาคกลาง,1089,11882
2025-06-05,GL-B-014,ภาคตะวันออก,746,10406
2025-06-05,GL-B-014,ภาคเหนือ,694,7814
2025-06-05,GL-B-014,ภาคใต้,839,11133
2025-06-05,MK-C-028,กรุงเทพฯ,930,11507
2025-06-05,MK-C-028,ภาคกลาง,689,8493
2025-06-05,MK-C-028,ภาคตะวันออก,586,7087
2025-06-05,MK-C-028,ภาคเหนือ,518,7392
2025-06-05,MK-C-028,ภาคใต้,562,8050
2025-06-05,SY-D-039,กรุงเทพฯ,646,7700
2025-06-05,SY-D-039,ภาคกลาง,454,6403
2025-06-05,SY-D-039,ภาคตะวันออก,351,4813
2025-06-05,SY-D-039,ภาคเหนือ,313,4460
2025-06-05,SY-D-039,ภาคใต้,426,4929
2025-06-05,AG-E-052,กรุงเทพฯ,173,2120
2025-06-05,AG-E-052,ภาคกลาง,131,1972
2025-06-05,AG-E-052,ภาคตะวันออก,104,1398
2025-06-05,AG-E-052,ภาคเหนือ,97,1453
2025-06-05,AG-E-052,ภาคใต้,110,1769
2025-06-06,TK-A-001,กรุงเทพฯ,244,3575
2025-06-06,TK-A-001,ภาคกลาง,202,2576
2025-06-06,TK-A-001,ภาคตะวันออก,134,1813
2025-06-06,TK-A-001,ภาคเหนือ,123,1552
2025-06-06,TK-A-001,ภาคใต้,171,2068
2025-06-06,GL-B-014,กรุงเทพฯ,1162,15577
2025-06-06,GL-B-014,ภาคกลาง,1050,14035
2025-06-06,GL-B-014,ภาคตะวันออก,718,11156
2025-06-06,GL-B-014,ภาคเหนือ,724,8461
2025-06-06,GL-B-014,ภาคใต้,905,10118
2025-06-06,MK-C-028,กรุงเทพฯ,823,11296
2025-06-06,MK-C-028,ภาคกลาง,674,8961
2025-06-06,MK-C-028,ภาคตะวันออก,547,7591
2025-06-06,MK-C-028,ภาคเหนือ,507,6420
2025-06-06,MK-C-028,ภาคใต้,580,7204
2025-06-06,SY-D-039,กรุงเทพฯ,667,8255
2025-06-06,SY-D-039,ภาคกลาง,445,7117
2025-06-06,SY-D-039,ภาคตะวันออก,363,5298
2025-06-06,SY-D-039,ภาคเหนือ,315,4503
2025-06-06,SY-D-039,ภาคใต้,434,5542
2025-06-06,AG-E-052,กรุงเทพฯ,170,2517
2025-06-06,AG-E-052,ภาคกลาง,143,1702
2025-06-06,AG-E-052,ภาคตะวันออก,109,1505
2025-06-06,AG-E-052,ภาคเหนือ,100,1119
2025-06-06,AG-E-052,ภาคใต้,114,1397
2025-06-07,TK-A-001,กรุงเทพฯ,242,3002
2025-06-07,TK-A-001,ภาคกลาง,210,2908
2025-06-07,TK-A-001,ภาคตะวันออก,145,1798
2025-06-07,TK-A-001,ภาคเหนือ,123,1517
2025-06-07,TK-A-001,ภาคใต้,154,1929
2025-06-07,GL-B-014,กรุงเทพฯ,1141,17717
2025-06-07,GL-B-014,ภาคกลาง,981,14439
2025-06-07,GL-B-014,ภาคตะวันออก,786,11530
2025-06-07,GL-B-014,ภาคเหนือ,717,8740
2025-06-07,GL-B-014,ภาคใต้,762,10043
2025-06-07,MK-C-028,กรุงเทพฯ,872,10682
2025-06-07,MK-C-028,ภาคกลาง,730,11078
2025-06-07,MK-C-028,ภาคตะวันออก,535,7595
2025-06-07,MK-C-028,ภาคเหนือ,495,7236
2025-06-07,MK-C-028,ภาคใต้,582,8159
2025-06-07,SY-D-039,กรุงเทพฯ,590,8370
2025-06-07,SY-D-039,ภาคกลาง,507,5909
2025-06-07,SY-D-039,ภาคตะวันออก,386,5141
2025-06-07,SY-D-039,ภาคเหนือ,310,4834
2025-06-07,SY-D-039,ภาคใต้,426,5925
2025-06-07,AG-E-052,กรุงเทพฯ,175,2505
2025-06-07,AG-E-052,ภาคกลาง,155,1727
2025-06-07,AG-E-052,ภาคตะวันออก,116,1488
2025-06-07,AG-E-052,ภาคเหนือ,103,1212
2025-06-07,AG-E-052,ภาคใต้,127,1633
2025-06-08,TK-A-001,กรุงเทพฯ,239,3224
2025-06-08,TK-A-001,ภาคกลาง,191,2488
2025-06-08,TK-A-001,ภาคตะวันออก,154,1944
2025-06-08,TK-A-001,ภาคเหนือ,120,1549
2025-06-08,TK-A-001,ภาคใต้,149,2070
2025-06-08,GL-B-014,กรุงเทพฯ,1384,17315
2025-06-08,GL-B-014,ภาคกลาง,1020,13086
2025-06-08,GL-B-014,ภาคตะวันออก,729,9921
2025-06-08,GL-B-014,ภาคเหนือ,644,9804
2025-06-08,GL-B-014,ภาคใต้,900,10292
2025-06-08,MK-C-028,กรุงเทพฯ,1002,12614
2025-06-08,MK-C-028,ภาคกลาง,799,9950
2025-06-08,MK-C-028,ภาคตะวันออก,526,6432
2025-06-08,MK-C-028,ภาคเหนือ,514,7311
2025-06-08,MK-C-028,ภาคใต้,639,6963
2025-06-08,SY-D-039,กรุงเทพฯ,563,7524
2025-06-08,SY-D-039,ภาคกลาง,522,7189
2025-06-08,SY-D-039,ภาคตะวันออก,362,4620
2025-06-08,SY-D-039,ภาคเหนือ,317,3948
2025-06-08,SY-D-039,ภาคใต้,382,5195
2025-06-08,AG-E-052,กรุงเทพฯ,193,2080
2025-06-08,AG-E-052,ภาคกลาง,142,1877
2025-06-08,AG-E-052,ภาคตะวันออก,119,1352
2025-06-08,AG-E-052,ภาคเหนือ,90,1275
2025-06-08,AG-E-052,ภาคใต้,115,1451
2025-06-09,TK-A-001,กรุงเทพฯ,262,3343
2025-06-09,TK-A-001,ภาคกลาง,188,2352
2025-06-09,TK-A-001,ภาคตะวันออก,157,1840
2025-06-09,TK-A-001,ภาคเหนือ,142,1701
2025-06-09,TK-A-001,ภาคใต้,164,2185
2025-06-09,GL-B-014,กรุงเทพฯ,1355,19064
2025-06-09,GL-B-014,ภาคกลาง,940,14718
2025-06-09,GL-B-014,ภาคตะวันออก,695,9210
2025-06-09,GL-B-014,ภาคเหนือ,741,8157
2025-06-09,GL-B-014,ภาคใต้,798,12806
2025-06-09,MK-C-028,กรุงเทพฯ,973,12330
2025-06-09,MK-C-028,ภาคกลาง,688,8262
2025-06-09,MK-C-028,ภาคตะวันออก,593,7668
2025-06-09,MK-C-028,ภาคเหนือ,485,6057
2025-06-09,MK-C-028,ภาคใต้,675,8375
2025-06-09,SY-D-039,กรุงเทพฯ,619,7253
2025-06-09,SY-D-039,ภาคกลาง,466,6639
2025-06-09,SY-D-039,ภาคตะวันออก,376,4272
2025-06-09,SY-D-039,ภาคเหนือ,306,4440
2025-06-09,SY-D-039,ภาคใต้,432,4761
2025-06-09,AG-E-052,กรุงเทพฯ,173,2701
2025-06-09,AG-E-052,ภาคกลาง,145,1763
2025-06-09,AG-E-052,ภาคตะวันออก,121,1428
2025-06-09,AG-E-052,ภาคเหนือ,107,1146
2025-06-09,AG-E-052,ภาคใต้,133,1605
2025-06-10,TK-A-001,กรุงเทพฯ,254,3346
2025-06-10,TK-A-001,ภาคกลาง,203,2557
2025-06-10,TK-A-001,ภาคตะวันออก,149,1990
2025-06-10,TK-A-001,ภาคเหนือ,139,1510
2025-06-10,TK-A-001,ภาคใต้,154,1873
2025-06-10,GL-B-014,กรุงเทพฯ,1383,16361
2025-06-10,GL-B-014,ภาคกลาง,1022,15199
2025-06-10,GL-B-014,ภาคตะวันออก,739,8609
2025-06-10,GL-B-014,ภาคเหนือ,637,9763
2025-06-10,GL-B-014,ภาคใต้,894,11740
2025-06-10,MK-C-028,กรุงเทพฯ,965,10974
2025-06-10,MK-C-028,ภาคกลาง,778,8731
2025-06-10,MK-C-028,ภาคตะวันออก,577,6672
2025-06-10,MK-C-028,ภาคเหนือ,527,6074
2025-06-10,MK-C-028,ภาคใต้,611,8657
2025-06-10,SY-D-039,กรุงเทพฯ,606,8941
2025-06-10,SY-D-039,ภาคกลาง,487,6928
2025-06-10,SY-D-039,ภาคตะวันออก,344,4682
2025-06-10,SY-D-039,ภาคเหนือ,347,3894
2025-06-10,SY-D-039,ภาคใต้,392,6162
2025-06-10,AG-E-052,กรุงเทพฯ,171,2453
2025-06-10,AG-E-052,ภาคกลาง,161,1861
2025-06-10,AG-E-052,ภาคตะวันออก,112,1375
2025-06-10,AG-E-052,ภาคเหนือ,104,1123
2025-06-10,AG-E-052,ภาคใต้,131,1716
2025-06-11,TK-A-001,กรุงเทพฯ,271,3102
2025-06-11,TK-A-001,ภาคกลาง,188,2904
2025-06-11,TK-A-001,ภาคตะวันออก,162,1889
2025-06-11,TK-A-001,ภาคเหนือ,142,1957
2025-06-11,TK-A-001,ภาคใต้,152,2252
2025-06-11,GL-B-014,กรุงเทพฯ,1392,18780
2025-06-11,GL-B-014,ภาคกลาง,937,12770
2025-06-11,GL-B-014,ภาคตะวันออก,816,11286
2025-06-11,GL-B-014,ภาคเหนือ,637,7912
2025-06-11,GL-B-014,ภาคใต้,855,10617
2025-06-11,MK-C-028,กรุงเทพฯ,874,12077
2025-06-11,MK-C-028,ภาคกลาง,692,8398
2025-06-11,MK-C-028,ภาคตะวันออก,519,8184
2025-06-11,MK-C-028,ภาคเหนือ,464,6754
2025-06-11,MK-C-028,ภาคใต้,616,7027
2025-06-11,SY-D-039,กรุงเทพฯ,647,6898
2025-06-11,SY-D-039,ภาคกลาง,521,7368
2025-06-11,SY-D-039,ภาคตะวันออก,380,5083
2025-06-11,SY-D-039,ภาคเหนือ,325,4157
2025-06-11,SY-D-039,ภาคใต้,376,5644
2025-06-11,AG-E-052,กรุงเทพฯ,173,2604
2025-06-11,AG-E-052,ภาคกลาง,158,1722
2025-06-11,AG-E-052,ภาคตะวันออก,117,1343
2025-06-11,AG-E-052,ภาคเหนือ,99,1335
2025-06-11,AG-E-052,ภาคใต้,116,1378
2025-06-12,TK-A-001,กรุงเทพฯ,227,3508
2025-06-12,TK-A-001,ภาคกลาง,194,2598
2025-06-12,TK-A-001,ภาคตะวันออก,138,1848
2025-06-12,TK-A-001,ภาคเหนือ,140,1773
2025-06-12,TK-A-001,ภาคใต้,160,2475
2025-06-12,GL-B-014,กรุงเทพฯ,1349,17695
2025-06-12,GL-B-014,ภาคกลาง,1039,14904
2025-06-12,GL-B-014,ภาคตะวันออก,794,9432
2025-06-12,GL-B-014,ภาคเหนือ,715,10144
2025-06-12,GL-B-014,ภาคใต้,865,11479
2025-06-12,MK-C-028,กรุงเทพฯ,908,10396
2025-06-12,MK-C-028,ภาคกลาง,747,10730
2025-06-12,MK-C-028,ภาคตะวันออก,593,7260
2025-06-12,MK-C-028,ภาคเหนือ,511,5618
2025-06-12,MK-C-028,ภาคใต้,635,7204
2025-06-12,SY-D-039,กรุงเทพฯ,600,8962
2025-06-12,SY-D-039,ภาคกลาง,496,6136
2025-06-12,SY-D-039,ภาคตะวันออก,364,5174
2025-06-12,SY-D-039,ภาคเหนือ,358,4344
2025-06-12,SY-D-039,ภาคใต้,379,6072
2025-06-12,AG-E-052,กรุงเทพฯ,203,2089
2025-06-12,AG-E-052,ภาคกลาง,141,2158
2025-06-12,AG-E-052,ภาคตะวันออก,111,1390
2025-06-12,AG-E-052,ภาคเหนือ,105,1381
2025-06-12,AG-E-052,ภาคใต้,117,1602
2025-06-13,TK-A-001,กรุงเทพฯ,255,3111
2025-06-13,TK-A-001,ภาคกลาง,214,2292
2025-06-13,TK-A-001,ภาคตะวันออก,156,1799
2025-06-13,TK-A-001,ภาคเหนือ,139,1864
2025-06-13,TK-A-001,ภาคใต้,159,2228
2025-06-13,GL-B-014,กรุงเทพฯ,1357,17915
2025-06-13,GL-B-014,ภาคกลาง,965,11505
2025-06-13,GL-B-014,ภาคตะวันออก,771,11433
2025-06-13,GL-B-014,ภาคเหนือ,706,9021
2025-06-13,GL-B-014,ภาคใต้,811,9854
2025-06-13,MK-C-028,กรุงเทพฯ,919,11922
2025-06-13,MK-C-028,ภาคกลาง,713,8574
2025-06-13,MK-C-028,ภาคตะวันออก,597,7885
2025-06-13,MK-C-028,ภาคเหนือ,546,6149
2025-06-13,MK-C-028,ภาคใต้,657,7087
2025-06-13,SY-D-039,กรุงเทพฯ,614,9262
2025-06-13,SY-D-039,ภาคกลาง,520,6970
2025-06-13,SY-D-039,ภาคตะวันออก,377,4708
2025-06-13,SY-D-039,ภาคเหนือ,325,3995
2025-06-13,SY-D-039,ภาคใต้,429,5152
2025-06-13,AG-E-052,กรุงเทพฯ,187,2757
2025-06-13,AG-E-052,ภาคกลาง,135,1959
2025-06-13,AG-E-052,ภาคตะวันออก,101,1411
2025-06-13,AG-E-052,ภาคเหนือ,100,1416
2025-06-13,AG-E-052,ภาคใต้,122,1455
2025-06-14,TK-A-001,กรุงเทพฯ,266,2766
2025-06-14,TK-A-001,ภาคกลาง,189,2755
2025-06-14,TK-A-001,ภาคตะวันออก,157,1756
2025-06-14,TK-A-001,ภาคเหนือ,142,1912
2025-06-14,TK-A-001,ภาคใต้,156,2256
2025-06-14,GL-B-014,กรุงเทพฯ,1406,18044
2025-06-14,GL-B-014,ภาคกลาง,1012,13159
2025-06-14,GL-B-014,ภาคตะวันออก,814,10279
2025-06-14,GL-B-014,ภาคเหนือ,667,9494
2025-06-14,GL-B-014,ภาคใต้,822,10013
2025-06-14,MK-C-028,กรุงเทพฯ,1012,11334
2025-06-14,MK-C-028,ภาคกลาง,751,9486
2025-06-14,MK-C-028,ภาคตะวันออก,603,7324
2025-06-14,MK-C-028,ภาคเหนือ,508,6140
2025-06-14,MK-C-028,ภาคใต้,651,7195
2025-06-14,SY-D-039,กรุงเทพฯ,654,8232
2025-06-14,SY-D-039,ภาคกลาง,489,6519
2025-06-14,SY-D-039,ภาคตะวันออก,412,4576
2025-06-14,SY-D-039,ภาคเหนือ,364,4780
2025-06-14,SY-D-039,ภาคใต้,442,5939
2025-06-14,AG-E-052,กรุงเทพฯ,187,2068
2025-06-14,AG-E-052,ภาคกลาง,139,2025
2025-06-14,AG-E-052,ภาคตะวันออก,121,1648
2025-06-14,AG-E-052,ภาคเหนือ,99,1272
2025-06-14,AG-E-052,ภาคใต้,117,1523
2025-06-15,TK-A-001,กรุงเทพฯ,234,3050
2025-06-15,TK-A-001,ภาคกลาง,217,2382
2025-06-15,TK-A-001,ภาคตะวันออก,160,2012
2025-06-15,TK-A-001,ภาคเหนือ,127,1782
2025-06-15,TK-A-001,ภาคใต้,161,2303
2025-06-15,GL-B-014,กรุงเทพฯ,1401,15829
2025-06-15,GL-B-014,ภาคกลาง,1049,13160
2025-06-15,GL-B-014,ภาคตะวันออก,786,9494
2025-06-15,GL-B-014,ภาคเหนือ,667,9759
2025-06-15,GL-B-014,ภาคใต้,912,10776
2025-06-15,MK-C-028,กรุงเทพฯ,982,12817
2025-06-15,MK-C-028,ภาคกลาง,813,11149
2025-06-15,MK-C-028,ภาคตะวันออก,590,6469
2025-06-15,MK-C-028,ภาคเหนือ,479,6828
2025-06-15,MK-C-028,ภาคใต้,619,8575
2025-06-15,SY-D-039,กรุงเทพฯ,678,8815
2025-06-15,SY-D-039,ภาคกลาง,548,5581
2025-06-15,SY-D-039,ภาคตะวันออก,368,4902
2025-06-15,SY-D-039,ภาคเหนือ,317,4191
2025-06-15,SY-D-039,ภาคใต้,428,5529
2025-06-15,AG-E-052,กรุงเทพฯ,174,2791
2025-06-15,AG-E-052,ภาคกลาง,155,2192
2025-06-15,AG-E-052,ภาคตะวันออก,115,1378
2025-06-15,AG-E-052,ภาคเหนือ,109,1288
2025-06-15,AG-E-052,ภาคใต้,135,1780
2025-06-16,TK-A-001,กรุงเทพฯ,238,3395
2025-06-16,TK-A-001,ภาคกลาง,214,2711
2025-06-16,TK-A-001,ภาคตะวันออก,159,1707
2025-06-16,TK-A-001,ภาคเหนือ,141,1540
2025-06-16,TK-A-001,ภาคใต้,177,1859
2025-06-16,GL-B-014,กรุงเทพฯ,1183,16597
2025-06-16,GL-B-014,ภาคกลาง,1010,12235
2025-06-16,GL-B-014,ภาคตะวันออก,794,10699
2025-06-16,GL-B-014,ภาคเหนือ,655,7939
2025-06-16,GL-B-014,ภาคใต้,948,12510
2025-06-16,MK-C-028,กรุงเทพฯ,1001,10779
2025-06-16,MK-C-028,ภาคกลาง,770,8479
2025-06-16,MK-C-028,ภาคตะวันออก,535,7569
2025-06-16,MK-C-028,ภาคเหนือ,498,6355
2025-06-16,MK-C-028,ภาคใต้,690,8038
2025-06-16,SY-D-039,กรุงเทพฯ,622,9273
2025-06-16,SY-D-039,ภาคกลาง,508,5914
2025-06-16,SY-D-039,ภาคตะวันออก,389,4503
2025-06-16,SY-D-039,ภาคเหนือ,366,4567
2025-06-16,SY-D-039,ภาคใต้,443,4772
2025-06-16,AG-E-052,กรุงเทพฯ,179,2437
2025-06-16,AG-E-052,ภาคกลาง,152,2036
2025-06-16,AG-E-052,ภาคตะวันออก,108,1662
2025-06-16,AG-E-052,ภาคเหนือ,93,1382
2025-06-16,AG-E-052,ภาคใต้,125,1687
2025-06-17,TK-A-001,กรุงเทพฯ,253,3258
2025-06-17,TK-A-001,ภาคกลาง,188,2832
2025-06-17,TK-A-001,ภาคตะวันออก,161,1887
2025-06-17,TK-A-001,ภาคเหนือ,136,1599
2025-06-17,TK-A-001,ภาคใต้,167,2369
2025-06-17,GL-B-014,กรุงเทพฯ,1248,15016
2025-06-17,GL-B-014,ภาคกลาง,1102,15013
2025-06-17,GL-B-014,ภาคตะวันออก,732,9149
2025-06-17,GL-B-014,ภาคเหนือ,651,8303
2025-06-17,GL-B-014,ภาคใต้,911,9645
2025-06-17,MK-C-028,กรุงเทพฯ,1035,10332
2025-06-17,MK-C-028,ภาคกลาง,708,10430
2025-06-17,MK-C-028,ภาคตะวันออก,622,8190
2025-06-17,MK-C-028,ภาคเหนือ,496,7173
2025-06-17,MK-C-028,ภาคใต้,643,7956
2025-06-17,SY-D-039,กรุงเทพฯ,628,7592
2025-06-17,SY-D-039,ภาคกลาง,521,7268
2025-06-17,SY-D-039,ภาคตะวันออก,371,4270
2025-06-17,SY-D-039,ภาคเหนือ,337,4887
2025-06-17,SY-D-039,ภาคใต้,401,5821
2025-06-17,AG-E-052,กรุงเทพฯ,203,2260
2025-06-17,AG-E-052,ภาคกลาง,144,2104
2025-06-17,AG-E-052,ภาคตะวันออก,121,1346
2025-06-17,AG-E-052,ภาคเหนือ,106,1278
2025-06-17,AG-E-052,ภาคใต้,129,1732
2025-06-18,TK-A-001,กรุงเทพฯ,272,3066
2025-06-18,TK-A-001,ภาคกลาง,184,2414
2025-06-18,TK-A-001,ภาคตะวันออก,163,1957
2025-06-18,TK-A-001,ภาคเหนือ,127,1808
2025-06-18,TK-A-001,ภาคใต้,166,1886
2025-06-18,GL-B-014,กรุงเทพฯ,1248,15663
2025-06-18,GL-B-014,ภาคกลาง,1088,15290
2025-06-18,GL-B-014,ภาคตะวันออก,800,11525
2025-06-18,GL-B-014,ภาคเหนือ,741,8492
2025-06-18,GL-B-014,ภาคใต้,941,10007
2025-06-18,MK-C-028,กรุงเทพฯ,1000,11268
2025-06-18,MK-C-028,ภาคกลาง,793,9205
2025-06-18,MK-C-028,ภาคตะวันออก,546,8303
2025-06-18,MK-C-028,ภาคเหนือ,511,6806
2025-06-18,MK-C-028,ภาคใต้,587,7893
2025-06-18,SY-D-039,กรุงเทพฯ,634,9206
2025-06-18,SY-D-039,ภาคกลาง,513,6598
2025-06-18,SY-D-039,ภาคตะวันออก,366,5448
2025-06-18,SY-D-039,ภาคเหนือ,323,4669
2025-06-18,SY-D-039,ภาคใต้,380,4709
2025-06-18,AG-E-052,กรุงเทพฯ,205,2220
2025-06-18,AG-E-052,ภาคกลาง,149,2048
2025-06-18,AG-E-052,ภาคตะวันออก,122,1329
2025-06-18,AG-E-052,ภาคเหนือ,107,1478
2025-06-18,AG-E-052,ภาคใต้,115,1755
2025-06-19,TK-A-001,กรุงเทพฯ,273,2799
2025-06-19,TK-A-001,ภาคกลาง,187,2973
2025-06-19,TK-A-001,ภาคตะวันออก,164,1835
2025-06-19,TK-A-001,ภาคเหนือ,142,1860
2025-06-19,TK-A-001,ภาคใต้,152,2393
2025-06-19,GL-B-014,กรุงเทพฯ,1277,15122
2025-06-19,GL-B-014,ภาคกลาง,1109,13453
2025-06-19,GL-B-014,ภาคตะวันออก,780,10657
2025-06-19,GL-B-014,ภาคเหนือ,726,8654
2025-06-19,GL-B-014,ภาคใต้,801,11333
2025-06-19,MK-C-028,กรุงเทพฯ,1016,10773
2025-06-19,MK-C-028,ภาคกลาง,761,8942
2025-06-19,MK-C-028,ภาคตะวันออก,550,6330
2025-06-19,MK-C-028,ภาคเหนือ,540,5800
2025-06-19,MK-C-028,ภาคใต้,578,7590
2025-06-19,SY-D-039,กรุงเทพฯ,598,8219
2025-06-19,SY-D-039,ภาคกลาง,543,5734
2025-06-19,SY-D-039,ภาคตะวันออก,346,4631
2025-06-19,SY-D-039,ภาคเหนือ,311,4086
2025-06-19,SY-D-039,ภาคใต้,459,5506
2025-06-19,AG-E-052,กรุงเทพฯ,184,2440
2025-06-19,AG-E-052,ภาคกลาง,158,1930
2025-06-19,AG-E-052,ภาคตะวันออก,118,1349
2025-06-19,AG-E-052,ภาคเหนือ,105,1327
2025-06-19,AG-E-052,ภาคใต้,130,1750
2025-06-20,TK-A-001,กรุงเทพฯ,261,2827
2025-06-20,TK-A-001,ภาคกลาง,188,2607
2025-06-20,TK-A-001,ภาคตะวันออก,158,1947
2025-06-20,TK-A-001,ภาคเหนือ,134,1928
2025-06-20,TK-A-001,ภาคใต้,177,2234
2025-06-20,GL-B-014,กรุงเทพฯ,1319,17660
2025-06-20,GL-B-014,ภาคกลาง,1141,14106
2025-06-20,GL-B-014,ภาคตะวันออก,841,9701
2025-06-20,GL-B-014,ภาคเหนือ,638,9846
2025-06-20,GL-B-014,ภาคใต้,938,10147
2025-06-20,MK-C-028,กรุงเทพฯ,878,11082
2025-06-20,MK-C-028,ภาคกลาง,801,9272
2025-06-20,MK-C-028,ภาคตะวันออก,584,7694
2025-06-20,MK-C-028,ภาคเหนือ,527,6027
2025-06-20,MK-C-028,ภาคใต้,666,9092
2025-06-20,SY-D-039,กรุงเทพฯ,592,8200
2025-06-20,SY-D-039,ภาคกลาง,558,6843
2025-06-20,SY-D-039,ภาคตะวันออก,346,5226
2025-06-20,SY-D-039,ภาคเหนือ,304,4689
2025-06-20,SY-D-039,ภาคใต้,408,5605
2025-06-20,AG-E-052,กรุงเทพฯ,205,2094
2025-06-20,AG-E-052,ภาคกลาง,157,1731
2025-06-20,AG-E-052,ภาคตะวันออก,108,1273
2025-06-20,AG-E-052,ภาคเหนือ,100,1255
2025-06-20,AG-E-052,ภาคใต้,122,1453
2025-06-21,TK-A-001,กรุงเทพฯ,256,3301
2025-06-21,TK-A-001,ภาคกลาง,203,2886
2025-06-21,TK-A-001,ภาคตะวันออก,154,1702
2025-06-21,TK-A-001,ภาคเหนือ,142,1893
2025-06-21,TK-A-001,ภาคใต้,178,2442
2025-06-21,GL-B-014,กรุงเทพฯ,1370,15737
2025-06-21,GL-B-014,ภาคกลาง,1140,14455
2025-06-21,GL-B-014,ภาคตะวันออก,858,11169
2025-06-21,GL-B-014,ภาคเหนือ,717,7763
2025-06-21,GL-B-014,ภาคใต้,934,10208
2025-06-21,MK-C-028,กรุงเทพฯ,949,13124
2025-06-21,MK-C-028,ภาคกลาง,806,9756
2025-06-21,MK-C-028,ภาคตะวันออก,545,8161
2025-06-21,MK-C-028,ภาคเหนือ,517,6589
2025-06-21,MK-C-028,ภาคใต้,668,7352
2025-06-21,SY-D-039,กรุงเทพฯ,657,7108
2025-06-21,SY-D-039,ภาคกลาง,489,7061
2025-06-21,SY-D-039,ภาคตะวันออก,360,4381
2025-06-21,SY-D-039,ภาคเหนือ,311,4284
2025-06-21,SY-D-039,ภาคใต้,460,5450
2025-06-21,AG-E-052,กรุงเทพฯ,172,2716
2025-06-21,AG-E-052,ภาคกลาง,138,1802
2025-06-21,AG-E-052,ภาคตะวันออก,105,1676
2025-06-21,AG-E-052,ภาคเหนือ,111,1204
2025-06-21,AG-E-052,ภาคใต้,132,1609
2025-06-22,TK-A-001,กรุงเทพฯ,260,3079
2025-06-22,TK-A-001,ภาคกลาง,208,2834
2025-06-22,TK-A-001,ภาคตะวันออก,142,2095
2025-06-22,TK-A-001,ภาคเหนือ,135,1725
2025-06-22,TK-A-001,ภาคใต้,185,2359
2025-06-22,GL-B-014,กรุงเทพฯ,1339,15985
2025-06-22,GL-B-014,ภาคกลาง,1100,13783
2025-06-22,GL-B-014,ภาคตะวันออก,743,8699
2025-06-22,GL-B-014,ภาคเหนือ,694,7769
2025-06-22,GL-B-014,ภาคใต้,933,10390
2025-06-22,MK-C-028,กรุงเทพฯ,914,10764
2025-06-22,MK-C-028,ภาคกลาง,697,8384
2025-06-22,MK-C-028,ภาคตะวันออก,587,6567
2025-06-22,MK-C-028,ภาคเหนือ,510,6128
2025-06-22,MK-C-028,ภาคใต้,600,8405
2025-06-22,SY-D-039,กรุงเทพฯ,696,8761
2025-06-22,SY-D-039,ภาคกลาง,523,5642
2025-06-22,SY-D-039,ภาคตะวันออก,376,4532
2025-06-22,SY-D-039,ภาคเหนือ,367,3858
2025-06-22,SY-D-039,ภาคใต้,439,5735
2025-06-22,AG-E-052,กรุงเทพฯ,198,2372
2025-06-22,AG-E-052,ภาคกลาง,145,2206
2025-06-22,AG-E-052,ภาคตะวันออก,120,1573
2025-06-22,AG-E-052,ภาคเหนือ,93,1196
2025-06-22,AG-E-052,ภาคใต้,120,1833
2025-06-23,TK-A-001,กรุงเทพฯ,243,3000
2025-06-23,TK-A-001,ภาคกลาง,186,2609
2025-06-23,TK-A-001,ภาคตะวันออก,161,1973
2025-06-23,TK-A-001,ภาคเหนือ,146,1635
2025-06-23,TK-A-001,ภาคใต้,169,2042
2025-06-23,GL-B-014,กรุงเทพฯ,1344,18591
2025-06-23,GL-B-014,ภาคกลาง,1145,13364
2025-06-23,GL-B-014,ภาคตะวันออก,751,10754
2025-06-23,GL-B-014,ภาคเหนือ,737,9446
2025-06-23,GL-B-014,ภาคใต้,817,11745
2025-06-23,MK-C-028,กรุงเทพฯ,996,12470
2025-06-23,MK-C-028,ภาคกลาง,796,10804
2025-06-23,MK-C-028,ภาคตะวันออก,584,7494
2025-06-23,MK-C-028,ภาคเหนือ,534,7093
2025-06-23,MK-C-028,ภาคใต้,646,6989
2025-06-23,SY-D-039,กรุงเทพฯ,647,8214
2025-06-23,SY-D-039,ภาคกลาง,463,5921
2025-06-23,SY-D-039,ภาคตะวันออก,399,4588
2025-06-23,SY-D-039,ภาคเหนือ,323,4776
2025-06-23,SY-D-039,ภาคใต้,430,6020
2025-06-23,AG-E-052,กรุงเทพฯ,208,2141
2025-06-23,AG-E-052,ภาคกลาง,159,1678
2025-06-23,AG-E-052,ภาคตะวันออก,125,1657
2025-06-23,AG-E-052,ภาคเหนือ,106,1118
2025-06-23,AG-E-052,ภาคใต้,127,1676
2025-06-24,TK-A-001,กรุงเทพฯ,242,3726
2025-06-24,TK-A-001,ภาคกลาง,211,2556
2025-06-24,TK-A-001,ภาคตะวันออก,146,1962
2025-06-24,TK-A-001,ภาคเหนือ,126,1674
2025-06-24,TK-A-001,ภาคใต้,166,1919
2025-06-24,GL-B-014,กรุงเทพฯ,1240,18761
2025-06-24,GL-B-014,ภาคกลาง,1054,11571
2025-06-24,GL-B-014,ภาคตะวันออก,843,11416
2025-06-24,GL-B-014,ภาคเหนือ,767,9498
2025-06-24,GL-B-014,ภาคใต้,810,11650
2025-06-24,MK-C-028,กรุงเทพฯ,1055,13683
2025-06-24,MK-C-028,ภาคกลาง,754,9130
2025-06-24,MK-C-028,ภาคตะวันออก,609,6939
2025-06-24,MK-C-028,ภาคเหนือ,472,5963
2025-06-24,MK-C-028,ภาคใต้,594,7105
2025-06-24,SY-D-039,กรุงเทพฯ,650,8351
2025-06-24,SY-D-039,ภาคกลาง,528,6300
2025-06-24,SY-D-039,ภาคตะวันออก,419,5424
2025-06-24,SY-D-039,ภาคเหนือ,315,4520
2025-06-24,SY-D-039,ภาคใต้,462,6187
2025-06-24,AG-E-052,กรุงเทพฯ,173,2218
2025-06-24,AG-E-052,ภาคกลาง,147,1671
2025-06-24,AG-E-052,ภาคตะวันออก,124,1669
2025-06-24,AG-E-052,ภาคเหนือ,100,1220
2025-06-24,AG-E-052,ภาคใต้,131,1658
2025-06-25,TK-A-001,กรุงเทพฯ,238,3627
2025-06-25,TK-A-001,ภาคกลาง,223,2505
2025-06-25,TK-A-001,ภาคตะวันออก,139,1676
2025-06-25,TK-A-001,ภาคเหนือ,147,1515
2025-06-25,TK-A-001,ภาคใต้,171,1950
2025-06-25,GL-B-014,กรุงเทพฯ,1404,16069
2025-06-25,GL-B-014,ภาคกลาง,979,12346
2025-06-25,GL-B-014,ภาคตะวันออก,744,11025
2025-06-25,GL-B-014,ภาคเหนือ,688,9555
2025-06-25,GL-B-014,ภาคใต้,884,10805
2025-06-25,MK-C-028,กรุงเทพฯ,975,12194
2025-06-25,MK-C-028,ภาคกลาง,816,10341
2025-06-25,MK-C-028,ภาคตะวันออก,520,7087
2025-06-25,MK-C-028,ภาคเหนือ,530,6067
2025-06-25,MK-C-028,ภาคใต้,642,7117
2025-06-25,SY-D-039,กรุงเทพฯ,680,7882
2025-06-25,SY-D-039,ภาคกลาง,518,7138
2025-06-25,SY-D-039,ภาคตะวันออก,387,4319
2025-06-25,SY-D-039,ภาคเหนือ,333,4948
2025-06-25,SY-D-039,ภาคใต้,441,5827
2025-06-25,AG-E-052,กรุงเทพฯ,208,2349
2025-06-25,AG-E-052,ภาคกลาง,162,2091
2025-06-25,AG-E-052,ภาคตะวันออก,109,1292
2025-06-25,AG-E-052,ภาคเหนือ,107,1422
2025-06-25,AG-E-052,ภาคใต้,141,1430
2025-06-26,TK-A-001,กรุงเทพฯ,235,3521
2025-06-26,TK-A-001,ภาคกลาง,198,2698
2025-06-26,TK-A-001,ภาคตะวันออก,155,1903
2025-06-26,TK-A-001,ภาคเหนือ,133,1868
2025-06-26,TK-A-001,ภาคใต้,177,2023
2025-06-26,GL-B-014,กรุงเทพฯ,1243,15158
2025-06-26,GL-B-014,ภาคกลาง,1128,12778
2025-06-26,GL-B-014,ภาคตะวันออก,849,11438
2025-06-26,GL-B-014,ภาคเหนือ,697,9944
2025-06-26,GL-B-014,ภาคใต้,933,10498
2025-06-26,MK-C-028,กรุงเทพฯ,967,13880
2025-06-26,MK-C-028,ภาคกลาง,841,8989
2025-06-26,MK-C-028,ภาคตะวันออก,529,7324
2025-06-26,MK-C-028,ภาคเหนือ,468,7169
2025-06-26,MK-C-028,ภาคใต้,631,8374
2025-06-26,SY-D-039,กรุงเทพฯ,609,7838
2025-06-26,SY-D-039,ภาคกลาง,557,7006
2025-06-26,SY-D-039,ภาคตะวันออก,418,4914
2025-06-26,SY-D-039,ภาคเหนือ,353,4052
2025-06-26,SY-D-039,ภาคใต้,393,5613
2025-06-26,AG-E-052,กรุงเทพฯ,198,2576
2025-06-26,AG-E-052,ภาคกลาง,150,1909
2025-06-26,AG-E-052,ภาคตะวันออก,107,1313
2025-06-26,AG-E-052,ภาคเหนือ,109,1115
2025-06-26,AG-E-052,ภาคใต้,134,1506
2025-06-27,TK-A-001,กรุงเทพฯ,233,3413
2025-06-27,TK-A-001,ภาคกลาง,209,2574
2025-06-27,TK-A-001,ภาคตะวันออก,144,2176
2025-06-27,TK-A-001,ภาคเหนือ,145,1635
2025-06-27,TK-A-001,ภาคใต้,187,1882
2025-06-27,GL-B-014,กรุงเทพฯ,1356,14445
2025-06-27,GL-B-014,ภาคกลาง,1141,12293
2025-06-27,GL-B-014,ภาคตะวันออก,821,9019
2025-06-27,GL-B-014,ภาคเหนือ,747,10017
2025-06-27,GL-B-014,ภาคใต้,871,10743
2025-06-27,MK-C-028,กรุงเทพฯ,1043,11282
2025-06-27,MK-C-028,ภาคกลาง,754,10099
2025-06-27,MK-C-028,ภาคตะวันออก,539,7832
2025-06-27,MK-C-028,ภาคเหนือ,506,6089
2025-06-27,MK-C-028,ภาคใต้,667,7074
2025-06-27,SY-D-039,กรุงเทพฯ,703,8840
2025-06-27,SY-D-039,ภาคกลาง,519,6116
2025-06-27,SY-D-039,ภาคตะวันออก,395,4367
2025-06-27,SY-D-039,ภาคเหนือ,363,3982
2025-06-27,SY-D-039,ภาคใต้,456,4944
2025-06-27,AG-E-052,กรุงเทพฯ,183,2366
2025-06-27,AG-E-052,ภาคกลาง,164,2005
2025-06-27,AG-E-052,ภาคตะวันออก,126,1468
2025-06-27,AG-E-052,ภาคเหนือ,98,1362
2025-06-27,AG-E-052,ภาคใต้,136,1841
2025-06-28,TK-A-001,กรุงเทพฯ,269,3620
2025-06-28,TK-A-001,ภาคกลาง,196,2749
2025-06-28,TK-A-001,ภาคตะวันออก,157,1988
2025-06-28,TK-A-001,ภาคเหนือ,142,1472
2025-06-28,TK-A-001,ภาคใต้,175,2352
2025-06-28,GL-B-014,กรุงเทพฯ,1439,16181
2025-06-28,GL-B-014,ภาคกลาง,989,15011
2025-06-28,GL-B-014,ภาคตะวันออก,767,11322
2025-06-28,GL-B-014,ภาคเหนือ,662,7765
2025-06-28,GL-B-014,ภาคใต้,800,12655
2025-06-28,MK-C-028,กรุงเทพฯ,897,12701
2025-06-28,MK-C-028,ภาคกลาง,755,9828
2025-06-28,MK-C-028,ภาคตะวันออก,619,7142
2025-06-28,MK-C-028,ภาคเหนือ,551,6396
2025-06-28,MK-C-028,ภาคใต้,606,9073
2025-06-28,SY-D-039,กรุงเทพฯ,647,7872
2025-06-28,SY-D-039,ภาคกลาง,479,5888
2025-06-28,SY-D-039,ภาคตะวันออก,380,5232
2025-06-28,SY-D-039,ภาคเหนือ,367,4220
2025-06-28,SY-D-039,ภาคใต้,400,4808
2025-06-28,AG-E-052,กรุงเทพฯ,204,2331
2025-06-28,AG-E-052,ภาคกลาง,148,1959
2025-06-28,AG-E-052,ภาคตะวันออก,121,1615
2025-06-28,AG-E-052,ภาคเหนือ,111,1391
2025-06-28,AG-E-052,ภาคใต้,127,1553
2025-06-29,TK-A-001,กรุงเทพฯ,272,3199
2025-06-29,TK-A-001,ภาคกลาง,211,2555
2025-06-29,TK-A-001,ภาคตะวันออก,167,1722
2025-06-29,TK-A-001,ภาคเหนือ,140,1622
2025-06-29,TK-A-001,ภาคใต้,167,2141
2025-06-29,GL-B-014,กรุงเทพฯ,1319,15973
2025-06-29,GL-B-014,ภาคกลาง,971,13397
2025-06-29,GL-B-014,ภาคตะวันออก,726,10897
2025-06-29,GL-B-014,ภาคเหนือ,718,10250
2025-06-29,GL-B-014,ภาคใต้,945,11000
2025-06-29,MK-C-028,กรุงเทพฯ,1050,10551
2025-06-29,MK-C-028,ภาคกลาง,730,9271
2025-06-29,MK-C-028,ภาคตะวันออก,523,6878
2025-06-29,MK-C-028,ภาคเหนือ,523,7184
2025-06-29,MK-C-028,ภาคใต้,629,8153
2025-06-29,SY-D-039,กรุงเทพฯ,618,7780
2025-06-29,SY-D-039,ภาคกลาง,552,7405
2025-06-29,SY-D-039,ภาคตะวันออก,354,5364
2025-06-29,SY-D-039,ภาคเหนือ,334,4770
2025-06-29,SY-D-039,ภาคใต้,404,5579
2025-06-29,AG-E-052,กรุงเทพฯ,193,2263
2025-06-29,AG-E-052,ภาคกลาง,150,1882
2025-06-29,AG-E-052,ภาคตะวันออก,106,1675
2025-06-29,AG-E-052,ภาคเหนือ,101,1214
2025-06-29,AG-E-052,ภาคใต้,131,1743
2025-06-30,TK-A-001,กรุงเทพฯ,235,3076
2025-06-30,TK-A-001,ภาคกลาง,201,2775
2025-06-30,TK-A-001,ภาคตะวันออก,153,2075
2025-06-30,TK-A-001,ภาคเหนือ,138,1903
2025-06-30,TK-A-001,ภาคใต้,158,2478
2025-06-30,GL-B-014,กรุงเทพฯ,1347,16840
2025-06-30,GL-B-014,ภาคกลาง,1048,13549
2025-06-30,GL-B-014,ภาคตะวันออก,862,9951
2025-06-30,GL-B-014,ภาคเหนือ,681,8782
2025-06-30,GL-B-014,ภาคใต้,882,10915
2025-06-30,MK-C-028,กรุงเทพฯ,884,11889
2025-06-30,MK-C-028,ภาคกลาง,797,10684
2025-06-30,MK-C-028,ภาคตะวันออก,612,6885
2025-06-30,MK-C-028,ภาคเหนือ,548,5822
2025-06-30,MK-C-028,ภาคใต้,703,8081
2025-06-30,SY-D-039,กรุงเทพฯ,622,7208
2025-06-30,SY-D-039,ภาคกลาง,468,5744
2025-06-30,SY-D-039,ภาคตะวันออก,419,4306
2025-06-30,SY-D-039,ภาคเหนือ,322,3834
2025-06-30,SY-D-039,ภาคใต้,439,5334
2025-06-30,AG-E-052,กรุงเทพฯ,176,2221
2025-06-30,AG-E-052,ภาคกลาง,160,1955
2025-06-30,AG-E-052,ภาคตะวันออก,107,1445
2025-06-30,AG-E-052,ภาคเหนือ,99,1363
2025-06-30,AG-E-052,ภาคใต้,116,1502
2025-07-01,TK-A-001,กรุงเทพฯ,282,3317
2025-07-01,TK-A-001,ภาคกลาง,216,2549
2025-07-01,TK-A-001,ภาคตะวันออก,157,1879
2025-07-01,TK-A-001,ภาคเหนือ,150,1612
2025-07-01,TK-A-001,ภาคใต้,159,2345
2025-07-01,GL-B-014,กรุงเทพฯ,1230,15773
2025-07-01,GL-B-014,ภาคกลาง,1036,11397
2025-07-01,GL-B-014,ภาคตะวันออก,760,9355
2025-07-01,GL-B-014,ภาคเหนือ,659,8107
2025-07-01,GL-B-014,ภาคใต้,855,12200
2025-07-01,MK-C-028,กรุงเทพฯ,954,13235
2025-07-01,MK-C-028,ภาคกลาง,813,9409
2025-07-01,MK-C-028,ภาคตะวันออก,597,7973
2025-07-01,MK-C-028,ภาคเหนือ,501,7263
2025-07-01,MK-C-028,ภาคใต้,632,7097
2025-07-01,SY-D-039,กรุงเทพฯ,699,8524
2025-07-01,SY-D-039,ภาคกลาง,532,5588
2025-07-01,SY-D-039,ภาคตะวันออก,422,5582
2025-07-01,SY-D-039,ภาคเหนือ,327,4252
2025-07-01,SY-D-039,ภาคใต้,446,5126
2025-07-01,AG-E-052,กรุงเทพฯ,191,2190
2025-07-01,AG-E-052,ภาคกลาง,170,2115
2025-07-01,AG-E-052,ภาคตะวันออก,107,1675
2025-07-01,AG-E-052,ภาคเหนือ,95,1344
2025-07-01,AG-E-052,ภาคใต้,133,1839
2025-07-02,TK-A-001,กรุงเทพฯ,282,3423
2025-07-02,TK-A-001,ภาคกลาง,204,2778
2025-07-02,TK-A-001,ภาคตะวันออก,167,1816
2025-07-02,TK-A-001,ภาคเหนือ,148,1579
2025-07-02,TK-A-001,ภาคใต้,187,2297
2025-07-02,GL-B-014,กรุงเทพฯ,1269,19136
2025-07-02,GL-B-014,ภาคกลาง,1100,13335
2025-07-02,GL-B-014,ภาคตะวันออก,799,10236
2025-07-02,GL-B-014,ภาคเหนือ,739,7736
2025-07-02,GL-B-014,ภาคใต้,818,12092
2025-07-02,MK-C-028,กรุงเทพฯ,894,11886
2025-07-02,MK-C-028,ภาคกลาง,808,8657
2025-07-02,MK-C-028,ภาคตะวันออก,576,6520
2025-07-02,MK-C-028,ภาคเหนือ,557,6500
2025-07-02,MK-C-028,ภาคใต้,706,7874
2025-07-02,SY-D-039,กรุงเทพฯ,599,7856
2025-07-02,SY-D-039,ภาคกลาง,509,6096
2025-07-02,SY-D-039,ภาคตะวันออก,379,4768
2025-07-02,SY-D-039,ภาคเหนือ,353,4340
2025-07-02,SY-D-039,ภาคใต้,424,4662
2025-07-02,AG-E-052,กรุงเทพฯ,183,2733
2025-07-02,AG-E-052,ภาคกลาง,165,1871
2025-07-02,AG-E-052,ภาคตะวันออก,124,1619
2025-07-02,AG-E-052,ภาคเหนือ,102,1457
2025-07-02,AG-E-052,ภาคใต้,119,1494
2025-07-03,TK-A-001,กรุงเทพฯ,274,3158
2025-07-03,TK-A-001,ภาคกลาง,224,2517
2025-07-03,TK-A-001,ภาคตะวันออก,156,1661
2025-07-03,TK-A-001,ภาคเหนือ,152,1837
2025-07-03,TK-A-001,ภาคใต้,181,2296
2025-07-03,GL-B-014,กรุงเทพฯ,1244,15468
2025-07-03,GL-B-014,ภาคกลาง,1045,13665
2025-07-03,GL-B-014,ภาคตะวันออก,761,11072
2025-07-03,GL-B-014,ภาคเหนือ,704,8414
2025-07-03,GL-B-014,ภาคใต้,908,11601
2025-07-03,MK-C-028,กรุงเทพฯ,1047,10879
2025-07-03,MK-C-028,ภาคกลาง,762,10232
2025-07-03,MK-C-028,ภาคตะวันออก,619,6364
2025-07-03,MK-C-028,ภาคเหนือ,564,6260
2025-07-03,MK-C-028,ภาคใต้,653,9021
2025-07-03,SY-D-039,กรุงเทพฯ,661,8848
2025-07-03,SY-D-039,ภาคกลาง,506,6793
2025-07-03,SY-D-039,ภาคตะวันออก,363,5567
2025-07-03,SY-D-039,ภาคเหนือ,313,4523
2025-07-03,SY-D-039,ภาคใต้,462,6147
2025-07-03,AG-E-052,กรุงเทพฯ,200,2447
2025-07-03,AG-E-052,ภาคกลาง,169,1742
2025-07-03,AG-E-052,ภาคตะวันออก,111,1456
2025-07-03,AG-E-052,ภาคเหนือ,96,1153
2025-07-03,AG-E-052,ภาคใต้,142,1395
2025-07-04,TK-A-001,กรุงเทพฯ,279,2805
2025-07-04,TK-A-001,ภาคกลาง,206,2895
2025-07-04,TK-A-001,ภาคตะวันออก,149,1822
2025-07-04,TK-A-001,ภาคเหนือ,148,1803
2025-07-04,TK-A-001,ภาคใต้,175,1837
2025-07-04,GL-B-014,กรุงเทพฯ,1469,15503
2025-07-04,GL-B-014,ภาคกลาง,1121,14017
2025-07-04,GL-B-014,ภาคตะวันออก,757,8779
2025-07-04,GL-B-014,ภาคเหนือ,707,9707
2025-07-04,GL-B-014,ภาคใต้,976,10919
2025-07-04,MK-C-028,กรุงเทพฯ,1067,12220
2025-07-04,MK-C-028,ภาคกลาง,748,10152
2025-07-04,MK-C-028,ภาคตะวันออก,592,7362
2025-07-04,MK-C-028,ภาคเหนือ,536,5974
2025-07-04,MK-C-028,ภาคใต้,587,8441
2025-07-04,SY-D-039,กรุงเทพฯ,694,8279
2025-07-04,SY-D-039,ภาคกลาง,570,5683
2025-07-04,SY-D-039,ภาคตะวันออก,421,4324
2025-07-04,SY-D-039,ภาคเหนือ,340,3932
2025-07-04,SY-D-039,ภาคใต้,421,5254
2025-07-04,AG-E-052,กรุงเทพฯ,179,2110
2025-07-04,AG-E-052,ภาคกลาง,170,2151
2025-07-04,AG-E-052,ภาคตะวันออก,111,1380
2025-07-04,AG-E-052,ภาคเหนือ,113,1298
2025-07-04,AG-E-052,ภาคใต้,136,1538
2025-07-05,TK-A-001,กรุงเทพฯ,265,2957
2025-07-05,TK-A-001,ภาคกลาง,188,2317
2025-07-05,TK-A-001,ภาคตะวันออก,150,1970
2025-07-05,TK-A-001,ภาคเหนือ,131,1561
2025-07-05,TK-A-001,ภาคใต้,178,2402
2025-07-05,GL-B-014,กรุงเทพฯ,1220,16625
2025-07-05,GL-B-014,ภาคกลาง,988,11914
2025-07-05,GL-B-014,ภาคตะวันออก,874,11400
2025-07-05,GL-B-014,ภาคเหนือ,726,8311
2025-07-05,GL-B-014,ภาคใต้,811,12793
2025-07-05,MK-C-028,กรุงเทพฯ,990,12015
2025-07-05,MK-C-028,ภาคกลาง,852,9152
2025-07-05,MK-C-028,ภาคตะวันออก,618,7313
2025-07-05,MK-C-028,ภาคเหนือ,487,7423
2025-07-05,MK-C-028,ภาคใต้,669,6972
2025-07-05,SY-D-039,กรุงเทพฯ,652,6893
2025-07-05,SY-D-039,ภาคกลาง,557,6279
2025-07-05,SY-D-039,ภาคตะวันออก,374,5214
2025-07-05,SY-D-039,ภาคเหนือ,318,4240
2025-07-05,SY-D-039,ภาคใต้,391,5029
2025-07-05,AG-E-052,กรุงเทพฯ,185,2417
2025-07-05,AG-E-052,ภาคกลาง,157,1880
2025-07-05,AG-E-052,ภาคตะวันออก,109,1324
2025-07-05,AG-E-052,ภาคเหนือ,96,1384
2025-07-05,AG-E-052,ภาคใต้,126,1476
2025-07-06,TK-A-001,กรุงเทพฯ,238,3117
2025-07-06,TK-A-001,ภาคกลาง,211,2720
2025-07-06,TK-A-001,ภาคตะวันออก,157,2155
2025-07-06,TK-A-001,ภาคเหนือ,148,1504
2025-07-06,TK-A-001,ภาคใต้,180,2138
2025-07-06,GL-B-014,กรุงเทพฯ,1377,14395
2025-07-06,GL-B-014,ภาคกลาง,1116,11780
2025-07-06,GL-B-014,ภาคตะวันออก,752,11258
2025-07-06,GL-B-014,ภาคเหนือ,770,8531
2025-07-06,GL-B-014,ภาคใต้,959,10568
2025-07-06,MK-C-028,กรุงเทพฯ,887,11753
2025-07-06,MK-C-028,ภาคกลาง,808,8767
2025-07-06,MK-C-028,ภาคตะวันออก,643,7883
2025-07-06,MK-C-028,ภาคเหนือ,551,6485
2025-07-06,MK-C-028,ภาคใต้,644,7870
2025-07-06,SY-D-039,กรุงเทพฯ,688,7755
2025-07-06,SY-D-039,ภาคกลาง,490,5936
2025-07-06,SY-D-039,ภาคตะวันออก,368,5065
2025-07-06,SY-D-039,ภาคเหนือ,322,4002
2025-07-06,SY-D-039,ภาคใต้,438,5221
2025-07-06,AG-E-052,กรุงเทพฯ,182,2227
2025-07-06,AG-E-052,ภาคกลาง,157,1726
2025-07-06,AG-E-052,ภาคตะวันออก,120,1589
2025-07-06,AG-E-052,ภาคเหนือ,105,1162
2025-07-06,AG-E-052,ภาคใต้,130,1453
2025-07-07,TK-A-001,กรุงเทพฯ,269,3683
2025-07-07,TK-A-001,ภาคกลาง,202,2594
2025-07-07,TK-A-001,ภาคตะวันออก,146,1689
2025-07-07,TK-A-001,ภาคเหนือ,130,1805
2025-07-07,TK-A-001,ภาคใต้,159,1883
2025-07-07,GL-B-014,กรุงเทพฯ,1282,18559
2025-07-07,GL-B-014,ภาคกลาง,1167,14056
2025-07-07,GL-B-014,ภาคตะวันออก,851,10138
2025-07-07,GL-B-014,ภาคเหนือ,685,9680
2025-07-07,GL-B-014,ภาคใต้,808,10801
2025-07-07,MK-C-028,กรุงเทพฯ,973,11608
2025-07-07,MK-C-028,ภาคกลาง,730,9301
2025-07-07,MK-C-028,ภาคตะวันออก,574,6660
2025-07-07,MK-C-028,ภาคเหนือ,481,5845
2025-07-07,MK-C-028,ภาคใต้,676,7125
2025-07-07,SY-D-039,กรุงเทพฯ,664,8047
2025-07-07,SY-D-039,ภาคกลาง,514,7182
2025-07-07,SY-D-039,ภาคตะวันออก,425,5532
2025-07-07,SY-D-039,ภาคเหนือ,315,4045
2025-07-07,SY-D-039,ภาคใต้,396,5714
2025-07-07,AG-E-052,กรุงเทพฯ,193,2198
2025-07-07,AG-E-052,ภาคกลาง,152,2156
2025-07-07,AG-E-052,ภาคตะวันออก,115,1492
2025-07-07,AG-E-052,ภาคเหนือ,111,1276
2025-07-07,AG-E-052,ภาคใต้,124,1495
2025-07-08,TK-A-001,กรุงเทพฯ,254,3316
2025-07-08,TK-A-001,ภาคกลาง,197,2861
2025-07-08,TK-A-001,ภาคตะวันออก,157,2008
2025-07-08,TK-A-001,ภาคเหนือ,140,1701
2025-07-08,TK-A-001,ภาคใต้,172,1956
2025-07-08,GL-B-014,กรุงเทพฯ,1405,15189
2025-07-08,GL-B-014,ภาคกลาง,1048,14528
2025-07-08,GL-B-014,ภาคตะวันออก,868,9525
2025-07-08,GL-B-014,ภาคเหนือ,753,8969
2025-07-08,GL-B-014,ภาคใต้,931,12827
2025-07-08,MK-C-028,กรุงเทพฯ,1027,11124
2025-07-08,MK-C-028,ภาคกลาง,798,9345
2025-07-08,MK-C-028,ภาคตะวันออก,643,6347
2025-07-08,MK-C-028,ภาคเหนือ,523,5628
2025-07-08,MK-C-028,ภาคใต้,600,7518
2025-07-08,SY-D-039,กรุงเทพฯ,667,9184
2025-07-08,SY-D-039,ภาคกลาง,514,6489
2025-07-08,SY-D-039,ภาคตะวันออก,391,5270
2025-07-08,SY-D-039,ภาคเหนือ,329,4143
2025-07-08,SY-D-039,ภาคใต้,441,5015
2025-07-08,AG-E-052,กรุงเทพฯ,191,2567
2025-07-08,AG-E-052,ภาคกลาง,154,1890
2025-07-08,AG-E-052,ภาคตะวันออก,121,1534
2025-07-08,AG-E-052,ภาคเหนือ,105,1261
2025-07-08,AG-E-052,ภาคใต้,134,1524
2025-07-09,TK-A-001,กรุงเทพฯ,266,3103
2025-07-09,TK-A-001,ภาคกลาง,213,2340
2025-07-09,TK-A-001,ภาคตะวันออก,161,1915
2025-07-09,TK-A-001,ภาคเหนือ,148,1481
2025-07-09,TK-A-001,ภาคใต้,157,2225
2025-07-09,GL-B-014,กรุงเทพฯ,1240,16178
2025-07-09,GL-B-014,ภาคกลาง,1080,13715
2025-07-09,GL-B-014,ภาคตะวันออก,772,9302
2025-07-09,GL-B-014,ภาคเหนือ,652,7809
2025-07-09,GL-B-014,ภาคใต้,893,11630
2025-07-09,MK-C-028,กรุงเทพฯ,985,11586
2025-07-09,MK-C-028,ภาคกลาง,711,9497
2025-07-09,MK-C-028,ภาคตะวันออก,548,6716
2025-07-09,MK-C-028,ภาคเหนือ,573,7254
2025-07-09,MK-C-028,ภาคใต้,685,9142
2025-07-09,SY-D-039,กรุงเทพฯ,659,8954
2025-07-09,SY-D-039,ภาคกลาง,503,6583
2025-07-09,SY-D-039,ภาคตะวันออก,366,4361
2025-07-09,SY-D-039,ภาคเหนือ,378,4314
2025-07-09,SY-D-039,ภาคใต้,397,4861
2025-07-09,AG-E-052,กรุงเทพฯ,189,2206
2025-07-09,AG-E-052,ภาคกลาง,171,1885
2025-07-09,AG-E-052,ภาคตะวันออก,129,1501
2025-07-09,AG-E-052,ภาคเหนือ,94,1218
2025-07-09,AG-E-052,ภาคใต้,136,1711
2025-07-10,TK-A-001,กรุงเทพฯ,269,2855
2025-07-10,TK-A-001,ภาคกลาง,217,2712
2025-07-10,TK-A-001,ภาคตะวันออก,144,1668
2025-07-10,TK-A-001,ภาคเหนือ,149,1825
2025-07-10,TK-A-001,ภาคใต้,180,2056
2025-07-10,GL-B-014,กรุงเทพฯ,1425,16589
2025-07-10,GL-B-014,ภาคกลาง,1019,11706
2025-07-10,GL-B-014,ภาคตะวันออก,810,10881
2025-07-10,GL-B-014,ภาคเหนือ,677,8654
2025-07-10,GL-B-014,ภาคใต้,848,12309
2025-07-10,MK-C-028,กรุงเทพฯ,936,13349
2025-07-10,MK-C-028,ภาคกลาง,765,9286
2025-07-10,MK-C-028,ภาคตะวันออก,594,8378
2025-07-10,MK-C-028,ภาคเหนือ,566,5935
2025-07-10,MK-C-028,ภาคใต้,672,8120
2025-07-10,SY-D-039,กรุงเทพฯ,642,8229
2025-07-10,SY-D-039,ภาคกลาง,509,5621
2025-07-10,SY-D-039,ภาคตะวันออก,408,4732
2025-07-10,SY-D-039,ภาคเหนือ,354,3699
2025-07-10,SY-D-039,ภาคใต้,394,5044
2025-07-10,AG-E-052,กรุงเทพฯ,202,2085
2025-07-10,AG-E-052,ภาคกลาง,161,1877
2025-07-10,AG-E-052,ภาคตะวันออก,116,1370
2025-07-10,AG-E-052,ภาคเหนือ,112,1197
2025-07-10,AG-E-052,ภาคใต้,135,1751
2025-07-11,TK-A-001,กรุงเทพฯ,263,2853
2025-07-11,TK-A-001,ภาคกลาง,211,2381
2025-07-11,TK-A-001,ภาคตะวันออก,165,1714
2025-07-11,TK-A-001,ภาคเหนือ,138,1485
2025-07-11,TK-A-001,ภาคใต้,157,2113
2025-07-11,GL-B-014,กรุงเทพฯ,1266,14895
2025-07-11,GL-B-014,ภาคกลาง,1013,13993
2025-07-11,GL-B-014,ภาคตะวันออก,801,9884
2025-07-11,GL-B-014,ภาคเหนือ,725,7875
2025-07-11,GL-B-014,ภาคใต้,826,12239
2025-07-11,MK-C-028,กรุงเทพฯ,1026,10517
2025-07-11,MK-C-028,ภาคกลาง,805,8626
2025-07-11,MK-C-028,ภาคตะวันออก,550,7929
2025-07-11,MK-C-028,ภาคเหนือ,562,5915
2025-07-11,MK-C-028,ภาคใต้,608,7337
2025-07-11,SY-D-039,กรุงเทพฯ,680,8806
2025-07-11,SY-D-039,ภาคกลาง,501,5781
2025-07-11,SY-D-039,ภาคตะวันออก,382,4827
2025-07-11,SY-D-039,ภาคเหนือ,353,3674
2025-07-11,SY-D-039,ภาคใต้,473,5383
2025-07-11,AG-E-052,กรุงเทพฯ,206,2775
2025-07-11,AG-E-052,ภาคกลาง,159,2130
2025-07-11,AG-E-052,ภาคตะวันออก,108,1661
2025-07-11,AG-E-052,ภาคเหนือ,113,1434
2025-07-11,AG-E-052,ภาคใต้,130,1617
2025-07-12,TK-A-001,กรุงเทพฯ,265,3470
2025-07-12,TK-A-001,ภาคกลาง,216,2635
2025-07-12,TK-A-001,ภาคตะวันออก,171,2202
2025-07-12,TK-A-001,ภาคเหนือ,128,1766
2025-07-12,TK-A-001,ภาคใต้,166,2420
2025-07-12,GL-B-014,กรุงเทพฯ,1293,18459
2025-07-12,GL-B-014,ภาคกลาง,1123,13846
2025-07-12,GL-B-014,ภาคตะวันออก,756,8831
2025-07-12,GL-B-014,ภาคเหนือ,753,9129
2025-07-12,GL-B-014,ภาคใต้,903,9815
2025-07-12,MK-C-028,กรุงเทพฯ,1072,12142
2025-07-12,MK-C-028,ภาคกลาง,792,9343
2025-07-12,MK-C-028,ภาคตะวันออก,610,7517
2025-07-12,MK-C-028,ภาคเหนือ,501,6473
2025-07-12,MK-C-028,ภาคใต้,707,8124
2025-07-12,SY-D-039,กรุงเทพฯ,606,8319
2025-07-12,SY-D-039,ภาคกลาง,523,7374
2025-07-12,SY-D-039,ภาคตะวันออก,356,5384
2025-07-12,SY-D-039,ภาคเหนือ,363,4874
2025-07-12,SY-D-039,ภาคใต้,470,5202
2025-07-12,AG-E-052,กรุงเทพฯ,183,2689
2025-07-12,AG-E-052,ภาคกลาง,147,1929
2025-07-12,AG-E-052,ภาคตะวันออก,111,1254
2025-07-12,AG-E-052,ภาคเหนือ,98,1247
2025-07-12,AG-E-052,ภาคใต้,118,1578
2025-07-13,TK-A-001,กรุงเทพฯ,281,3700
2025-07-13,TK-A-001,ภาคกลาง,198,2457
2025-07-13,TK-A-001,ภาคตะวันออก,158,2179
2025-07-13,TK-A-001,ภาคเหนือ,136,1943
2025-07-13,TK-A-001,ภาคใต้,157,2009
2025-07-13,GL-B-014,กรุงเทพฯ,1466,15617
2025-07-13,GL-B-014,ภาคกลาง,1077,14130
2025-07-13,GL-B-014,ภาคตะวันออก,850,10283
2025-07-13,GL-B-014,ภาคเหนือ,749,9055
2025-07-13,GL-B-014,ภาคใต้,932,11728
2025-07-13,MK-C-028,กรุงเทพฯ,1065,12583
2025-07-13,MK-C-028,ภาคกลาง,734,11015
2025-07-13,MK-C-028,ภาคตะวันออก,636,6983
2025-07-13,MK-C-028,ภาคเหนือ,573,6463
2025-07-13,MK-C-028,ภาคใต้,688,8442
2025-07-13,SY-D-039,กรุงเทพฯ,608,8773
2025-07-13,SY-D-039,ภาคกลาง,524,6905
2025-07-13,SY-D-039,ภาคตะวันออก,362,4689
2025-07-13,SY-D-039,ภาคเหนือ,367,4472
2025-07-13,SY-D-039,ภาคใต้,430,5509
2025-07-13,AG-E-052,กรุงเทพฯ,199,2289
2025-07-13,AG-E-052,ภาคกลาง,159,2038
2025-07-13,AG-E-052,ภาคตะวันออก,124,1381
2025-07-13,AG-E-052,ภาคเหนือ,108,1324
2025-07-13,AG-E-052,ภาคใต้,118,1727
2025-07-14,TK-A-001,กรุงเทพฯ,253,3627
2025-07-14,TK-A-001,ภาคกลาง,204,2574
2025-07-14,TK-A-001,ภาคตะวันออก,167,1904
2025-07-14,TK-A-001,ภาคเหนือ,140,1877
2025-07-14,TK-A-001,ภาคใต้,158,1875
2025-07-14,GL-B-014,กรุงเทพฯ,1365,18390
2025-07-14,GL-B-014,ภาคกลาง,1064,12735
2025-07-14,GL-B-014,ภาคตะวันออก,869,11374
2025-07-14,GL-B-014,ภาคเหนือ,748,8175
2025-07-14,GL-B-014,ภาคใต้,816,10574
2025-07-14,MK-C-028,กรุงเทพฯ,1005,13138
2025-07-14,MK-C-028,ภาคกลาง,767,10205
2025-07-14,MK-C-028,ภาคตะวันออก,605,7975
2025-07-14,MK-C-028,ภาคเหนือ,539,6146
2025-07-14,MK-C-028,ภาคใต้,598,8848
2025-07-14,SY-D-039,กรุงเทพฯ,717,9297
2025-07-14,SY-D-039,ภาคกลาง,563,6447
2025-07-14,SY-D-039,ภาคตะวันออก,371,5440
2025-07-14,SY-D-039,ภาคเหนือ,354,4929
2025-07-14,SY-D-039,ภาคใต้,413,4693
2025-07-14,AG-E-052,กรุงเทพฯ,196,2401
2025-07-14,AG-E-052,ภาคกลาง,159,1733
2025-07-14,AG-E-052,ภาคตะวันออก,120,1526
2025-07-14,AG-E-052,ภาคเหนือ,114,1399
2025-07-14,AG-E-052,ภาคใต้,138,1632
2025-07-15,TK-A-001,กรุงเทพฯ,236,3342
2025-07-15,TK-A-001,ภาคกลาง,215,2300
2025-07-15,TK-A-001,ภาคตะวันออก,169,1891
2025-07-15,TK-A-001,ภาคเหนือ,131,1738
2025-07-15,TK-A-001,ภาคใต้,157,2340
2025-07-15,GL-B-014,กรุงเทพฯ,1273,14450
2025-07-15,GL-B-014,ภาคกลาง,1005,13373
2025-07-15,GL-B-014,ภาคตะวันออก,761,9850
2025-07-15,GL-B-014,ภาคเหนือ,693,9174
2025-07-15,GL-B-014,ภาคใต้,968,11510
2025-07-15,MK-C-028,กรุงเทพฯ,939,12196
2025-07-15,MK-C-028,ภาคกลาง,826,8406
2025-07-15,MK-C-028,ภาคตะวันออก,552,6271
2025-07-15,MK-C-028,ภาคเหนือ,572,5878
2025-07-15,MK-C-028,ภาคใต้,630,8896
2025-07-15,SY-D-039,กรุงเทพฯ,695,7202
2025-07-15,SY-D-039,ภาคกลาง,492,7066
2025-07-15,SY-D-039,ภาคตะวันออก,365,5031
2025-07-15,SY-D-039,ภาคเหนือ,361,4472
2025-07-15,SY-D-039,ภาคใต้,430,4930
2025-07-15,AG-E-052,กรุงเทพฯ,182,2081
2025-07-15,AG-E-052,ภาคกลาง,166,2195
2025-07-15,AG-E-052,ภาคตะวันออก,121,1622
2025-07-15,AG-E-052,ภาคเหนือ,112,1454
2025-07-15,AG-E-052,ภาคใต้,125,1395
2025-07-16,TK-A-001,กรุงเทพฯ,240,3501
2025-07-16,TK-A-001,ภาคกลาง,190,2570
2025-07-16,TK-A-001,ภาคตะวันออก,155,2134
2025-07-16,TK-A-001,ภาคเหนือ,127,1597
2025-07-16,TK-A-001,ภาคใต้,163,2020
2025-07-16,GL-B-014,กรุงเทพฯ,1267,15656
2025-07-16,GL-B-014,ภาคกลาง,982,11420
2025-07-16,GL-B-014,ภาคตะวันออก,881,8607
2025-07-16,GL-B-014,ภาคเหนือ,759,9272
2025-07-16,GL-B-014,ภาคใต้,871,10775
2025-07-16,MK-C-028,กรุงเทพฯ,1041,13800
2025-07-16,MK-C-028,ภาคกลาง,802,10221
2025-07-16,MK-C-028,ภาคตะวันออก,644,6215
2025-07-16,MK-C-028,ภาคเหนือ,489,6081
2025-07-16,MK-C-028,ภาคใต้,617,7346
2025-07-16,SY-D-039,กรุงเทพฯ,672,8035
2025-07-16,SY-D-039,ภาคกลาง,531,6070
2025-07-16,SY-D-039,ภาคตะวันออก,422,4560
2025-07-16,SY-D-039,ภาคเหนือ,332,4231
2025-07-16,SY-D-039,ภาคใต้,411,5843
2025-07-16,AG-E-052,กรุงเทพฯ,190,2191
2025-07-16,AG-E-052,ภาคกลาง,151,2122
2025-07-16,AG-E-052,ภาคตะวันออก,114,1359
2025-07-16,AG-E-052,ภาคเหนือ,101,1158
2025-07-16,AG-E-052,ภาคใต้,119,1829
2025-07-17,TK-A-001,กรุงเทพฯ,266,3555
2025-07-17,TK-A-001,ภาคกลาง,228,2560
2025-07-17,TK-A-001,ภาคตะวันออก,152,2007
2025-07-17,TK-A-001,ภาคเหนือ,136,1836
2025-07-17,TK-A-001,ภาคใต้,158,2116
2025-07-17,GL-B-014,กรุงเทพฯ,1276,17824
2025-07-17,GL-B-014,ภาคกลาง,1121,15040
2025-07-17,GL-B-014,ภาคตะวันออก,829,9684
2025-07-17,GL-B-014,ภาคเหนือ,695,8526
2025-07-17,GL-B-014,ภาคใต้,859,9971
2025-07-17,MK-C-028,กรุงเทพฯ,1070,13516
2025-07-17,MK-C-028,ภาคกลาง,718,11122
2025-07-17,MK-C-028,ภาคตะวันออก,643,7453
2025-07-17,MK-C-028,ภาคเหนือ,504,5846
2025-07-17,MK-C-028,ภาคใต้,641,8852
2025-07-17,SY-D-039,กรุงเทพฯ,653,8542
2025-07-17,SY-D-039,ภาคกลาง,493,5627
2025-07-17,SY-D-039,ภาคตะวันออก,408,4245
2025-07-17,SY-D-039,ภาคเหนือ,357,4936
2025-07-17,SY-D-039,ภาคใต้,398,5156
2025-07-17,AG-E-052,กรุงเทพฯ,180,2415
2025-07-17,AG-E-052,ภาคกลาง,160,1687
2025-07-17,AG-E-052,ภาคตะวันออก,119,1292
2025-07-17,AG-E-052,ภาคเหนือ,103,1354
2025-07-17,AG-E-052,ภาคใต้,142,1388
2025-07-18,TK-A-001,กรุงเทพฯ,268,3617
2025-07-18,TK-A-001,ภาคกลาง,229,2265
2025-07-18,TK-A-001,ภาคตะวันออก,155,2077
2025-07-18,TK-A-001,ภาคเหนือ,129,1622
2025-07-18,TK-A-001,ภาคใต้,167,1905
2025-07-18,GL-B-014,กรุงเทพฯ,1467,16344
2025-07-18,GL-B-014,ภาคกลาง,1102,13139
2025-07-18,GL-B-014,ภาคตะวันออก,741,9260
2025-07-18,GL-B-014,ภาคเหนือ,664,9740
2025-07-18,GL-B-014,ภาคใต้,984,10100
2025-07-18,MK-C-028,กรุงเทพฯ,994,10860
2025-07-18,MK-C-028,ภาคกลาง,828,8689
2025-07-18,MK-C-028,ภาคตะวันออก,616,8239
2025-07-18,MK-C-028,ภาคเหนือ,496,6763
2025-07-18,MK-C-028,ภาคใต้,624,7115
2025-07-18,SY-D-039,กรุงเทพฯ,637,8623
2025-07-18,SY-D-039,ภาคกลาง,547,5938
2025-07-18,SY-D-039,ภาคตะวันออก,371,4391
2025-07-18,SY-D-039,ภาคเหนือ,377,4085
2025-07-18,SY-D-039,ภาคใต้,409,4889
2025-07-18,AG-E-052,กรุงเทพฯ,185,2507
2025-07-18,AG-E-052,ภาคกลาง,159,1742
2025-07-18,AG-E-052,ภาคตะวันออก,124,1299
2025-07-18,AG-E-052,ภาคเหนือ,96,1303
2025-07-18,AG-E-052,ภาคใต้,128,1506
2025-07-19,TK-A-001,กรุงเทพฯ,251,3637
2025-07-19,TK-A-001,ภาคกลาง,224,2359
2025-07-19,TK-A-001,ภาคตะวันออก,145,2036
2025-07-19,TK-A-001,ภาคเหนือ,147,1570
2025-07-19,TK-A-001,ภาคใต้,175,2346
2025-07-19,GL-B-014,กรุงเทพฯ,1281,14744
2025-07-19,GL-B-014,ภาคกลาง,1051,14764
2025-07-19,GL-B-014,ภาคตะวันออก,758,9587
2025-07-19,GL-B-014,ภาคเหนือ,656,8212
2025-07-19,GL-B-014,ภาคใต้,892,11338
2025-07-19,MK-C-028,กรุงเทพฯ,941,13876
2025-07-19,MK-C-028,ภาคกลาง,842,9269
2025-07-19,MK-C-028,ภาคตะวันออก,616,8256
2025-07-19,MK-C-028,ภาคเหนือ,513,5733
2025-07-19,MK-C-028,ภาคใต้,633,7053
2025-07-19,SY-D-039,กรุงเทพฯ,594,8675
2025-07-19,SY-D-039,ภาคกลาง,562,5686
2025-07-19,SY-D-039,ภาคตะวันออก,380,4869
2025-07-19,SY-D-039,ภาคเหนือ,365,4651
2025-07-19,SY-D-039,ภาคใต้,433,5944
2025-07-19,AG-E-052,กรุงเทพฯ,177,2516
2025-07-19,AG-E-052,ภาคกลาง,156,1916
2025-07-19,AG-E-052,ภาคตะวันออก,123,1604
2025-07-19,AG-E-052,ภาคเหนือ,110,1145
2025-07-19,AG-E-052,ภาคใต้,120,1652
2025-07-20,TK-A-001,กรุงเทพฯ,259,2870
2025-07-20,TK-A-001,ภาคกลาง,190,2912
2025-07-20,TK-A-001,ภาคตะวันออก,161,1735
2025-07-20,TK-A-001,ภาคเหนือ,147,1724
2025-07-20,TK-A-001,ภาคใต้,185,1899
2025-07-20,GL-B-014,กรุงเทพฯ,1450,14648
2025-07-20,GL-B-014,ภาคกลาง,1120,11910
2025-07-20,GL-B-014,ภาคตะวันออก,766,11370
2025-07-20,GL-B-014,ภาคเหนือ,781,10123
2025-07-20,GL-B-014,ภาคใต้,950,11806
2025-07-20,MK-C-028,กรุงเทพฯ,958,13952
2025-07-20,MK-C-028,ภาคกลาง,737,11099
2025-07-20,MK-C-028,ภาคตะวันออก,645,6878
2025-07-20,MK-C-028,ภาคเหนือ,502,5781
2025-07-20,MK-C-028,ภาคใต้,655,9302
2025-07-20,SY-D-039,กรุงเทพฯ,630,8749
2025-07-20,SY-D-039,ภาคกลาง,554,6666
2025-07-20,SY-D-039,ภาคตะวันออก,405,5240
2025-07-20,SY-D-039,ภาคเหนือ,356,4903
2025-07-20,SY-D-039,ภาคใต้,458,5029
2025-07-20,AG-E-052,กรุงเทพฯ,188,2207
2025-07-20,AG-E-052,ภาคกลาง,168,2099
2025-07-20,AG-E-052,ภาคตะวันออก,110,1240
2025-07-20,AG-E-052,ภาคเหนือ,99,1462
2025-07-20,AG-E-052,ภาคใต้,142,1521
2025-07-21,TK-A-001,กรุงเทพฯ,236,2991
2025-07-21,TK-A-001,ภาคกลาง,219,2939
2025-07-21,TK-A-001,ภาคตะวันออก,152,1917
2025-07-21,TK-A-001,ภาคเหนือ,148,1594
2025-07-21,TK-A-001,ภาคใต้,160,1981
2025-07-21,GL-B-014,กรุงเทพฯ,1380,14838
2025-07-21,GL-B-014,ภาคกลาง,979,14166
2025-07-21,GL-B-014,ภาคตะวันออก,853,9902
2025-07-21,GL-B-014,ภาคเหนือ,785,9738
2025-07-21,GL-B-014,ภาคใต้,925,12392
2025-07-21,MK-C-028,กรุงเทพฯ,1012,12202
2025-07-21,MK-C-028,ภาคกลาง,717,10925
2025-07-21,MK-C-028,ภาคตะวันออก,596,6935
2025-07-21,MK-C-028,ภาคเหนือ,531,6567
2025-07-21,MK-C-028,ภาคใต้,608,8806
2025-07-21,SY-D-039,กรุงเทพฯ,607,7418
2025-07-21,SY-D-039,ภาคกลาง,552,6857
2025-07-21,SY-D-039,ภาคตะวันออก,386,4289
2025-07-21,SY-D-039,ภาคเหนือ,352,4227
2025-07-21,SY-D-039,ภาคใต้,473,4902
2025-07-21,AG-E-052,กรุงเทพฯ,182,2475
2025-07-21,AG-E-052,ภาคกลาง,156,1802
2025-07-21,AG-E-052,ภาคตะวันออก,126,1442
2025-07-21,AG-E-052,ภาคเหนือ,97,1122
2025-07-21,AG-E-052,ภาคใต้,125,1781
2025-07-22,TK-A-001,กรุงเทพฯ,248,2883
2025-07-22,TK-A-001,ภาคกลาง,199,2376
2025-07-22,TK-A-001,ภาคตะวันออก,152,1740
2025-07-22,TK-A-001,ภาคเหนือ,135,1487
2025-07-22,TK-A-001,ภาคใต้,162,2220
2025-07-22,GL-B-014,กรุงเทพฯ,1348,16916
2025-07-22,GL-B-014,ภาคกลาง,1148,12482
2025-07-22,GL-B-014,ภาคตะวันออก,727,11088
2025-07-22,GL-B-014,ภาคเหนือ,661,7693
2025-07-22,GL-B-014,ภาคใต้,947,9584
2025-07-22,MK-C-028,กรุงเทพฯ,926,12167
2025-07-22,MK-C-028,ภาคกลาง,794,10154
2025-07-22,MK-C-028,ภาคตะวันออก,613,7959
2025-07-22,MK-C-028,ภาคเหนือ,551,6417
2025-07-22,MK-C-028,ภาคใต้,604,8444
2025-07-22,SY-D-039,กรุงเทพฯ,664,7265
2025-07-22,SY-D-039,ภาคกลาง,537,5745
2025-07-22,SY-D-039,ภาคตะวันออก,363,4363
2025-07-22,SY-D-039,ภาคเหนือ,330,3917
2025-07-22,SY-D-039,ภาคใต้,440,4766
2025-07-22,AG-E-052,กรุงเทพฯ,190,2520
2025-07-22,AG-E-052,ภาคกลาง,145,1903
2025-07-22,AG-E-052,ภาคตะวันออก,121,1635
2025-07-22,AG-E-052,ภาคเหนือ,97,1110
2025-07-22,AG-E-052,ภาคใต้,119,1589
2025-07-23,TK-A-001,กรุงเทพฯ,274,2905
2025-07-23,TK-A-001,ภาคกลาง,212,2911
2025-07-23,TK-A-001,ภาคตะวันออก,158,2233
2025-07-23,TK-A-001,ภาคเหนือ,130,1891
2025-07-23,TK-A-001,ภาคใต้,158,2067
2025-07-23,GL-B-014,กรุงเทพฯ,1319,16067
2025-07-23,GL-B-014,ภาคกลาง,1060,13818
2025-07-23,GL-B-014,ภาคตะวันออก,853,9608
2025-07-23,GL-B-014,ภาคเหนือ,752,9887
2025-07-23,GL-B-014,ภาคใต้,964,11861
2025-07-23,MK-C-028,กรุงเทพฯ,1020,13348
2025-07-23,MK-C-028,ภาคกลาง,841,10456
2025-07-23,MK-C-028,ภาคตะวันออก,561,6219
2025-07-23,MK-C-028,ภาคเหนือ,546,6381
2025-07-23,MK-C-028,ภาคใต้,622,7006
2025-07-23,SY-D-039,กรุงเทพฯ,632,7222
2025-07-23,SY-D-039,ภาคกลาง,482,6422
2025-07-23,SY-D-039,ภาคตะวันออก,417,4904
2025-07-23,SY-D-039,ภาคเหนือ,340,3838
2025-07-23,SY-D-039,ภาคใต้,461,6164
2025-07-23,AG-E-052,กรุงเทพฯ,187,2100
2025-07-23,AG-E-052,ภาคกลาง,143,1802
2025-07-23,AG-E-052,ภาคตะวันออก,126,1467
2025-07-23,AG-E-052,ภาคเหนือ,99,1293
2025-07-23,AG-E-052,ภาคใต้,125,1676
2025-07-24,TK-A-001,กรุงเทพฯ,248,3509
2025-07-24,TK-A-001,ภาคกลาง,204,2574
2025-07-24,TK-A-001,ภาคตะวันออก,158,2082
2025-07-24,TK-A-001,ภาคเหนือ,138,1509
2025-07-24,TK-A-001,ภาคใต้,182,1923
2025-07-24,GL-B-014,กรุงเทพฯ,1228,15655
2025-07-24,GL-B-014,ภาคกลาง,1122,11891
2025-07-24,GL-B-014,ภาคตะวันออก,771,9754
2025-07-24,GL-B-014,ภาคเหนือ,752,9943
2025-07-24,GL-B-014,ภาคใต้,881,11448
2025-07-24,MK-C-028,กรุงเทพฯ,1054,12520
2025-07-24,MK-C-028,ภาคกลาง,773,10378
2025-07-24,MK-C-028,ภาคตะวันออก,614,6713
2025-07-24,MK-C-028,ภาคเหนือ,536,6984
2025-07-24,MK-C-028,ภาคใต้,644,7686
2025-07-24,SY-D-039,กรุงเทพฯ,709,8084
2025-07-24,SY-D-039,ภาคกลาง,515,7162
2025-07-24,SY-D-039,ภาคตะวันออก,369,4645
2025-07-24,SY-D-039,ภาคเหนือ,347,4933
2025-07-24,SY-D-039,ภาคใต้,435,5720
2025-07-24,AG-E-052,กรุงเทพฯ,202,2124
2025-07-24,AG-E-052,ภาคกลาง,163,1996
2025-07-24,AG-E-052,ภาคตะวันออก,119,1467
2025-07-24,AG-E-052,ภาคเหนือ,104,1161
2025-07-24,AG-E-052,ภาคใต้,118,1794
2025-07-25,TK-A-001,กรุงเทพฯ,238,3655
2025-07-25,TK-A-001,ภาคกลาง,223,2727
2025-07-25,TK-A-001,ภาคตะวันออก,165,2142
2025-07-25,TK-A-001,ภาคเหนือ,136,1530
2025-07-25,TK-A-001,ภาคใต้,156,2286
2025-07-25,GL-B-014,กรุงเทพฯ,1308,18305
2025-07-25,GL-B-014,ภาคกลาง,1088,12671
2025-07-25,GL-B-014,ภาคตะวันออก,783,10886
2025-07-25,GL-B-014,ภาคเหนือ,778,9653
2025-07-25,GL-B-014,ภาคใต้,979,11164
2025-07-25,MK-C-028,กรุงเทพฯ,1004,11066
2025-07-25,MK-C-028,ภาคกลาง,710,9122
2025-07-25,MK-C-028,ภาคตะวันออก,534,6949
2025-07-25,MK-C-028,ภาคเหนือ,476,6634
2025-07-25,MK-C-028,ภาคใต้,687,8526
2025-07-25,SY-D-039,กรุงเทพฯ,634,8743
2025-07-25,SY-D-039,ภาคกลาง,558,6913
2025-07-25,SY-D-039,ภาคตะวันออก,373,5291
2025-07-25,SY-D-039,ภาคเหนือ,377,3807
2025-07-25,SY-D-039,ภาคใต้,441,5576
2025-07-25,AG-E-052,กรุงเทพฯ,205,2221
2025-07-25,AG-E-052,ภาคกลาง,164,1663
2025-07-25,AG-E-052,ภาคตะวันออก,126,1541
2025-07-25,AG-E-052,ภาคเหนือ,112,1414
2025-07-25,AG-E-052,ภาคใต้,125,1407
2025-07-26,TK-A-001,กรุงเทพฯ,256,3725
2025-07-26,TK-A-001,ภาคกลาง,202,2352
2025-07-26,TK-A-001,ภาคตะวันออก,166,2047
2025-07-26,TK-A-001,ภาคเหนือ,138,1701
2025-07-26,TK-A-001,ภาคใต้,158,2294
2025-07-26,GL-B-014,กรุงเทพฯ,1242,17749
2025-07-26,GL-B-014,ภาคกลาง,1058,12510
2025-07-26,GL-B-014,ภาคตะวันออก,787,10232
2025-07-26,GL-B-014,ภาคเหนือ,651,8171
2025-07-26,GL-B-014,ภาคใต้,944,11163
2025-07-26,MK-C-028,กรุงเทพฯ,914,11420
2025-07-26,MK-C-028,ภาคกลาง,760,10371
2025-07-26,MK-C-028,ภาคตะวันออก,534,6569
2025-07-26,MK-C-028,ภาคเหนือ,522,7381
2025-07-26,MK-C-028,ภาคใต้,707,8219
2025-07-26,SY-D-039,กรุงเทพฯ,615,8268
2025-07-26,SY-D-039,ภาคกลาง,529,7036
2025-07-26,SY-D-039,ภาคตะวันออก,389,4898
2025-07-26,SY-D-039,ภาคเหนือ,342,3695
2025-07-26,SY-D-039,ภาคใต้,466,5095
2025-07-26,AG-E-052,กรุงเทพฯ,179,2389
2025-07-26,AG-E-052,ภาคกลาง,147,2073
2025-07-26,AG-E-052,ภาคตะวันออก,123,1450
2025-07-26,AG-E-052,ภาคเหนือ,100,1121
2025-07-26,AG-E-052,ภาคใต้,121,1780
2025-07-27,TK-A-001,กรุงเทพฯ,264,3021
2025-07-27,TK-A-001,ภาคกลาง,212,2731
2025-07-27,TK-A-001,ภาคตะวันออก,166,1735
2025-07-27,TK-A-001,ภาคเหนือ,137,1796
2025-07-27,TK-A-001,ภาคใต้,185,2007
2025-07-27,GL-B-014,กรุงเทพฯ,1289,14433
2025-07-27,GL-B-014,ภาคกลาง,1108,14023
2025-07-27,GL-B-014,ภาคตะวันออก,775,11015
2025-07-27,GL-B-014,ภาคเหนือ,674,8489
2025-07-27,GL-B-014,ภาคใต้,935,12826
2025-07-27,MK-C-028,กรุงเทพฯ,1040,13475
2025-07-27,MK-C-028,ภาคกลาง,760,9643
2025-07-27,MK-C-028,ภาคตะวันออก,602,8369
2025-07-27,MK-C-028,ภาคเหนือ,564,7132
2025-07-27,MK-C-028,ภาคใต้,630,8832
2025-07-27,SY-D-039,กรุงเทพฯ,697,7272
2025-07-27,SY-D-039,ภาคกลาง,565,7333
2025-07-27,SY-D-039,ภาคตะวันออก,404,4307
2025-07-27,SY-D-039,ภาคเหนือ,359,4847
2025-07-27,SY-D-039,ภาคใต้,454,6056
2025-07-27,AG-E-052,กรุงเทพฯ,178,2417
2025-07-27,AG-E-052,ภาคกลาง,163,2054
2025-07-27,AG-E-052,ภาคตะวันออก,120,1546
2025-07-27,AG-E-052,ภาคเหนือ,108,1377
2025-07-27,AG-E-052,ภาคใต้,117,1385
2025-07-28,TK-A-001,กรุงเทพฯ,234,2936
2025-07-28,TK-A-001,ภาคกลาง,207,2628
2025-07-28,TK-A-001,ภาคตะวันออก,168,2014
2025-07-28,TK-A-001,ภาคเหนือ,147,1750
2025-07-28,TK-A-001,ภาคใต้,170,1963
2025-07-28,GL-B-014,กรุงเทพฯ,1306,16512
2025-07-28,GL-B-014,ภาคกลาง,1096,12912
2025-07-28,GL-B-014,ภาคตะวันออก,845,9349
2025-07-28,GL-B-014,ภาคเหนือ,745,9981
2025-07-28,GL-B-014,ภาคใต้,825,12724
2025-07-28,MK-C-028,กรุงเทพฯ,977,12636
2025-07-28,MK-C-028,ภาคกลาง,743,9068
2025-07-28,MK-C-028,ภาคตะวันออก,641,6839
2025-07-28,MK-C-028,ภาคเหนือ,495,5693
2025-07-28,MK-C-028,ภาคใต้,591,8554
2025-07-28,SY-D-039,กรุงเทพฯ,681,7437
2025-07-28,SY-D-039,ภาคกลาง,474,5606
2025-07-28,SY-D-039,ภาคตะวันออก,388,4598
2025-07-28,SY-D-039,ภาคเหนือ,335,4768
2025-07-28,SY-D-039,ภาคใต้,465,4841
2025-07-28,AG-E-052,กรุงเทพฯ,202,2658
2025-07-28,AG-E-052,ภาคกลาง,148,2037
2025-07-28,AG-E-052,ภาคตะวันออก,106,1372
2025-07-28,AG-E-052,ภาคเหนือ,99,1222
2025-07-28,AG-E-052,ภาคใต้,128,1451
2025-07-29,TK-A-001,กรุงเทพฯ,277,3523
2025-07-29,TK-A-001,ภาคกลาง,188,2671
2025-07-29,TK-A-001,ภาคตะวันออก,150,1691
2025-07-29,TK-A-001,ภาคเหนือ,144,1494
2025-07-29,TK-A-001,ภาคใต้,181,1996
2025-07-29,GL-B-014,กรุงเทพฯ,1435,17433
2025-07-29,GL-B-014,ภาคกลาง,1079,14975
2025-07-29,GL-B-014,ภาคตะวันออก,743,11364
2025-07-29,GL-B-014,ภาคเหนือ,662,9356
2025-07-29,GL-B-014,ภาคใต้,805,10343
2025-07-29,MK-C-028,กรุงเทพฯ,1058,11742
2025-07-29,MK-C-028,ภาคกลาง,716,9203
2025-07-29,MK-C-028,ภาคตะวันออก,638,6376
2025-07-29,MK-C-028,ภาคเหนือ,568,6252
2025-07-29,MK-C-028,ภาคใต้,590,7784
2025-07-29,SY-D-039,กรุงเทพฯ,594,9189
2025-07-29,SY-D-039,ภาคกลาง,488,6211
2025-07-29,SY-D-039,ภาคตะวันออก,367,5202
2025-07-29,SY-D-039,ภาคเหนือ,377,3726
2025-07-29,SY-D-039,ภาคใต้,434,5463
2025-07-29,AG-E-052,กรุงเทพฯ,188,2488
2025-07-29,AG-E-052,ภาคกลาง,165,1702
2025-07-29,AG-E-052,ภาคตะวันออก,125,1331
2025-07-29,AG-E-052,ภาคเหนือ,111,1138
2025-07-29,AG-E-052,ภาคใต้,123,1646
2025-07-30,TK-A-001,กรุงเทพฯ,233,2848
2025-07-30,TK-A-001,ภาคกลาง,222,2640
2025-07-30,TK-A-001,ภาคตะวันออก,142,2092
2025-07-30,TK-A-001,ภาคเหนือ,141,1678
2025-07-30,TK-A-001,ภาคใต้,173,2295
2025-07-30,GL-B-014,กรุงเทพฯ,1468,14343
2025-07-30,GL-B-014,ภาคกลาง,1022,12258
2025-07-30,GL-B-014,ภาคตะวันออก,733,9069
2025-07-30,GL-B-014,ภาคเหนือ,753,7850
2025-07-30,GL-B-014,ภาคใต้,927,10002
2025-07-30,MK-C-028,กรุงเทพฯ,880,13008
2025-07-30,MK-C-028,ภาคกลาง,756,9820
2025-07-30,MK-C-028,ภาคตะวันออก,620,6616
2025-07-30,MK-C-028,ภาคเหนือ,525,6730
2025-07-30,MK-C-028,ภาคใต้,631,8472
2025-07-30,SY-D-039,กรุงเทพฯ,622,8126
2025-07-30,SY-D-039,ภาคกลาง,471,6971
2025-07-30,SY-D-039,ภาคตะวันออก,377,5241
2025-07-30,SY-D-039,ภาคเหนือ,368,4353
2025-07-30,SY-D-039,ภาคใต้,411,5114
2025-07-30,AG-E-052,กรุงเทพฯ,208,2077
2025-07-30,AG-E-052,ภาคกลาง,150,1716
2025-07-30,AG-E-052,ภาคตะวันออก,108,1585
2025-07-30,AG-E-052,ภาคเหนือ,112,1198
2025-07-30,AG-E-052,ภาคใต้,118,1813
2025-07-31,TK-A-001,กรุงเทพฯ,280,2874
2025-07-31,TK-A-001,ภาคกลาง,217,2206
2025-07-31,TK-A-001,ภาคตะวันออก,149,1982
2025-07-31,TK-A-001,ภาคเหนือ,151,1863
2025-07-31,TK-A-001,ภาคใต้,181,2404
2025-07-31,GL-B-014,กรุงเทพฯ,1281,17436
2025-07-31,GL-B-014,ภาคกลาง,1021,13595
2025-07-31,GL-B-014,ภาคตะวันออก,826,10799
2025-07-31,GL-B-014,ภาคเหนือ,774,9837
2025-07-31,GL-B-014,ภาคใต้,927,10985
2025-07-31,MK-C-028,กรุงเทพฯ,905,12340
2025-07-31,MK-C-028,ภาคกลาง,778,10237
2025-07-31,MK-C-028,ภาคตะวันออก,590,7801
2025-07-31,MK-C-028,ภาคเหนือ,487,6259
2025-07-31,MK-C-028,ภาคใต้,678,7149
2025-07-31,SY-D-039,กรุงเทพฯ,598,8050
2025-07-31,SY-D-039,ภาคกลาง,547,6350
2025-07-31,SY-D-039,ภาคตะวันออก,362,4275
2025-07-31,SY-D-039,ภาคเหนือ,351,3857
2025-07-31,SY-D-039,ภาคใต้,441,4976
2025-07-31,AG-E-052,กรุงเทพฯ,209,2750
2025-07-31,AG-E-052,ภาคกลาง,159,2216
2025-07-31,AG-E-052,ภาคตะวันออก,122,1332
2025-07-31,AG-E-052,ภาคเหนือ,113,1396
2025-07-31,AG-E-052,ภาคใต้,141,1578
2025-08-01,TK-A-001,กรุงเทพฯ,277,3454
2025-08-01,TK-A-001,ภาคกลาง,211,2840
2025-08-01,TK-A-001,ภาคตะวันออก,143,2066
2025-08-01,TK-A-001,ภาคเหนือ,142,1608
2025-08-01,TK-A-001,ภาคใต้,173,2235
2025-08-01,GL-B-014,กรุงเทพฯ,1262,18253
2025-08-01,GL-B-014,ภาคกลาง,1122,12720
2025-08-01,GL-B-014,ภาคตะวันออก,779,9545
2025-08-01,GL-B-014,ภาคเหนือ,743,8033
2025-08-01,GL-B-014,ภาคใต้,955,12011
2025-08-01,MK-C-028,กรุงเทพฯ,916,12908
2025-08-01,MK-C-028,ภาคกลาง,821,8476
2025-08-01,MK-C-028,ภาคตะวันออก,626,7162
2025-08-01,MK-C-028,ภาคเหนือ,557,6566
2025-08-01,MK-C-028,ภาคใต้,695,8301
2025-08-01,SY-D-039,กรุงเทพฯ,664,8986
2025-08-01,SY-D-039,ภาคกลาง,517,7326
2025-08-01,SY-D-039,ภาคตะวันออก,424,5399
2025-08-01,SY-D-039,ภาคเหนือ,345,4666
2025-08-01,SY-D-039,ภาคใต้,451,5157
2025-08-01,AG-E-052,กรุงเทพฯ,196,2780
2025-08-01,AG-E-052,ภาคกลาง,157,2170
2025-08-01,AG-E-052,ภาคตะวันออก,115,1276
2025-08-01,AG-E-052,ภาคเหนือ,103,1429
2025-08-01,AG-E-052,ภาคใต้,137,1737
2025-08-02,TK-A-001,กรุงเทพฯ,272,3630
2025-08-02,TK-A-001,ภาคกลาง,208,2900
2025-08-02,TK-A-001,ภาคตะวันออก,157,2117
2025-08-02,TK-A-001,ภาคเหนือ,124,1864
2025-08-02,TK-A-001,ภาคใต้,170,1914
2025-08-02,GL-B-014,กรุงเทพฯ,1456,15098
2025-08-02,GL-B-014,ภาคกลาง,1168,12762
2025-08-02,GL-B-014,ภาคตะวันออก,836,8756
2025-08-02,GL-B-014,ภาคเหนือ,737,8827
2025-08-02,GL-B-014,ภาคใต้,939,9973
2025-08-02,MK-C-028,กรุงเทพฯ,947,13538
2025-08-02,MK-C-028,ภาคกลาง,727,10802
2025-08-02,MK-C-028,ภาคตะวันออก,582,7162
2025-08-02,MK-C-028,ภาคเหนือ,498,6488
2025-08-02,MK-C-028,ภาคใต้,689,8680
2025-08-02,SY-D-039,กรุงเทพฯ,679,8714
2025-08-02,SY-D-039,ภาคกลาง,467,5707
2025-08-02,SY-D-039,ภาคตะวันออก,383,4376
2025-08-02,SY-D-039,ภาคเหนือ,355,4833
2025-08-02,SY-D-039,ภาคใต้,418,5420
2025-08-02,AG-E-052,กรุงเทพฯ,202,2081
2025-08-02,AG-E-052,ภาคกลาง,155,2012
2025-08-02,AG-E-052,ภาคตะวันออก,123,1573
2025-08-02,AG-E-052,ภาคเหนือ,105,1298
2025-08-02,AG-E-052,ภาคใต้,123,1558
2025-08-03,TK-A-001,กรุงเทพฯ,242,3514
2025-08-03,TK-A-001,ภาคกลาง,205,2226
2025-08-03,TK-A-001,ภาคตะวันออก,165,1985
2025-08-03,TK-A-001,ภาคเหนือ,136,1499
2025-08-03,TK-A-001,ภาคใต้,166,2160
2025-08-03,GL-B-014,กรุงเทพฯ,1445,17094
2025-08-03,GL-B-014,ภาคกลาง,1151,13459
2025-08-03,GL-B-014,ภาคตะวันออก,792,11218
2025-08-03,GL-B-014,ภาคเหนือ,651,9014
2025-08-03,GL-B-014,ภาคใต้,951,10894
2025-08-03,MK-C-028,กรุงเทพฯ,1029,10956
2025-08-03,MK-C-028,ภาคกลาง,795,10735
2025-08-03,MK-C-028,ภาคตะวันออก,574,6516
2025-08-03,MK-C-028,ภาคเหนือ,549,7069
2025-08-03,MK-C-028,ภาคใต้,601,9306
2025-08-03,SY-D-039,กรุงเทพฯ,627,7840
2025-08-03,SY-D-039,ภาคกลาง,489,6002
2025-08-03,SY-D-039,ภาคตะวันออก,360,4464
2025-08-03,SY-D-039,ภาคเหนือ,329,3998
2025-08-03,SY-D-039,ภาคใต้,412,5956
2025-08-03,AG-E-052,กรุงเทพฯ,175,2155
2025-08-03,AG-E-052,ภาคกลาง,142,2031
2025-08-03,AG-E-052,ภาคตะวันออก,115,1564
2025-08-03,AG-E-052,ภาคเหนือ,113,1418
2025-08-03,AG-E-052,ภาคใต้,136,1686
2025-08-04,TK-A-001,กรุงเทพฯ,245,3423
2025-08-04,TK-A-001,ภาคกลาง,214,2288
2025-08-04,TK-A-001,ภาคตะวันออก,159,2070
2025-08-04,TK-A-001,ภาคเหนือ,138,1536
2025-08-04,TK-A-001,ภาคใต้,172,2426
2025-08-04,GL-B-014,กรุงเทพฯ,1298,17740
2025-08-04,GL-B-014,ภาคกลาง,1090,12706
2025-08-04,GL-B-014,ภาคตะวันออก,810,10885
2025-08-04,GL-B-014,ภาคเหนือ,636,8065
2025-08-04,GL-B-014,ภาคใต้,949,12762
2025-08-04,MK-C-028,กรุงเทพฯ,979,11860
2025-08-04,MK-C-028,ภาคกลาง,800,9900
2025-08-04,MK-C-028,ภาคตะวันออก,578,6318
2025-08-04,MK-C-028,ภาคเหนือ,532,6532
2025-08-04,MK-C-028,ภาคใต้,644,7945
2025-08-04,SY-D-039,กรุงเทพฯ,588,8746
2025-08-04,SY-D-039,ภาคกลาง,496,6052
2025-08-04,SY-D-039,ภาคตะวันออก,404,4981
2025-08-04,SY-D-039,ภาคเหนือ,365,4004
2025-08-04,SY-D-039,ภาคใต้,397,4714
2025-08-04,AG-E-052,กรุงเทพฯ,182,2280
2025-08-04,AG-E-052,ภาคกลาง,145,1744
2025-08-04,AG-E-052,ภาคตะวันออก,123,1241
2025-08-04,AG-E-052,ภาคเหนือ,94,1186
2025-08-04,AG-E-052,ภาคใต้,136,1787
2025-08-05,TK-A-001,กรุงเทพฯ,244,3439
2025-08-05,TK-A-001,ภาคกลาง,201,2925
2025-08-05,TK-A-001,ภาคตะวันออก,149,1740
2025-08-05,TK-A-001,ภาคเหนือ,127,1796
2025-08-05,TK-A-001,ภาคใต้,177,2070
2025-08-05,GL-B-014,กรุงเทพฯ,1232,15938
2025-08-05,GL-B-014,ภาคกลาง,1095,14809
2025-08-05,GL-B-014,ภาคตะวันออก,839,8671
2025-08-05,GL-B-014,ภาคเหนือ,655,9577
2025-08-05,GL-B-014,ภาคใต้,934,11543
2025-08-05,MK-C-028,กรุงเทพฯ,930,12664
2025-08-05,MK-C-028,ภาคกลาง,706,10980
2025-08-05,MK-C-028,ภาคตะวันออก,576,6866
2025-08-05,MK-C-028,ภาคเหนือ,541,6004
2025-08-05,MK-C-028,ภาคใต้,686,7040
2025-08-05,SY-D-039,กรุงเทพฯ,675,7988
2025-08-05,SY-D-039,ภาคกลาง,530,6043
2025-08-05,SY-D-039,ภาคตะวันออก,376,4163
2025-08-05,SY-D-039,ภาคเหนือ,351,4135
2025-08-05,SY-D-039,ภาคใต้,453,6188
2025-08-05,AG-E-052,กรุงเทพฯ,195,2156
2025-08-05,AG-E-052,ภาคกลาง,139,1723
2025-08-05,AG-E-052,ภาคตะวันออก,116,1443
2025-08-05,AG-E-052,ภาคเหนือ,107,1138
2025-08-05,AG-E-052,ภาคใต้,130,1682
2025-08-06,TK-A-001,กรุงเทพฯ,268,3195
2025-08-06,TK-A-001,ภาคกลาง,223,2681
2025-08-06,TK-A-001,ภาคตะวันออก,141,1983
2025-08-06,TK-A-001,ภาคเหนือ,125,1713
2025-08-06,TK-A-001,ภาคใต้,168,2443
2025-08-06,GL-B-014,กรุงเทพฯ,1229,16549
2025-08-06,GL-B-014,ภาคกลาง,1035,13420
2025-08-06,GL-B-014,ภาคตะวันออก,832,9821
2025-08-06,GL-B-014,ภาคเหนือ,752,9920
2025-08-06,GL-B-014,ภาคใต้,794,12158
2025-08-06,MK-C-028,กรุงเทพฯ,899,12135
2025-08-06,MK-C-028,ภาคกลาง,754,8516
2025-08-06,MK-C-028,ภาคตะวันออก,550,7046
2025-08-06,MK-C-028,ภาคเหนือ,535,7089
2025-08-06,MK-C-028,ภาคใต้,651,8853
2025-08-06,SY-D-039,กรุงเทพฯ,594,7295
2025-08-06,SY-D-039,ภาคกลาง,509,7358
2025-08-06,SY-D-039,ภาคตะวันออก,379,5485
2025-08-06,SY-D-039,ภาคเหนือ,311,4586
2025-08-06,SY-D-039,ภาคใต้,452,5184
2025-08-06,AG-E-052,กรุงเทพฯ,201,2734
2025-08-06,AG-E-052,ภาคกลาง,153,1764
2025-08-06,AG-E-052,ภาคตะวันออก,116,1574
2025-08-06,AG-E-052,ภาคเหนือ,104,1406
2025-08-06,AG-E-052,ภาคใต้,129,1455
2025-08-07,TK-A-001,กรุงเทพฯ,257,2972
2025-08-07,TK-A-001,ภาคกลาง,214,2437
2025-08-07,TK-A-001,ภาคตะวันออก,146,2184
2025-08-07,TK-A-001,ภาคเหนือ,130,1869
2025-08-07,TK-A-001,ภาคใต้,176,2320
2025-08-07,GL-B-014,กรุงเทพฯ,1217,18421
2025-08-07,GL-B-014,ภาคกลาง,1041,12140
2025-08-07,GL-B-014,ภาคตะวันออก,769,10954
2025-08-07,GL-B-014,ภาคเหนือ,639,9353
2025-08-07,GL-B-014,ภาคใต้,902,11569
2025-08-07,MK-C-028,กรุงเทพฯ,929,10694
2025-08-07,MK-C-028,ภาคกลาง,816,8499
2025-08-07,MK-C-028,ภาคตะวันออก,575,7667
2025-08-07,MK-C-028,ภาคเหนือ,490,6000
2025-08-07,MK-C-028,ภาคใต้,660,8980
2025-08-07,SY-D-039,กรุงเทพฯ,694,7109
2025-08-07,SY-D-039,ภาคกลาง,463,6537
2025-08-07,SY-D-039,ภาคตะวันออก,405,4580
2025-08-07,SY-D-039,ภาคเหนือ,309,4513
2025-08-07,SY-D-039,ภาคใต้,410,6067
2025-08-07,AG-E-052,กรุงเทพฯ,206,2619
2025-08-07,AG-E-052,ภาคกลาง,149,1699
2025-08-07,AG-E-052,ภาคตะวันออก,114,1413
2025-08-07,AG-E-052,ภาคเหนือ,99,1185
2025-08-07,AG-E-052,ภาคใต้,132,1385
2025-08-08,TK-A-001,กรุงเทพฯ,243,3100
2025-08-08,TK-A-001,ภาคกลาง,202,2335
2025-08-08,TK-A-001,ภาคตะวันออก,162,1845
2025-08-08,TK-A-001,ภาคเหนือ,127,1970
2025-08-08,TK-A-001,ภาคใต้,161,2009
2025-08-08,GL-B-014,กรุงเทพฯ,1203,14588
2025-08-08,GL-B-014,ภาคกลาง,1154,12923
2025-08-08,GL-B-014,ภาคตะวันออก,711,10792
2025-08-08,GL-B-014,ภาคเหนือ,694,8093
2025-08-08,GL-B-014,ภาคใต้,913,11968
2025-08-08,MK-C-028,กรุงเทพฯ,1027,12034
2025-08-08,MK-C-028,ภาคกลาง,701,11125
2025-08-08,MK-C-028,ภาคตะวันออก,603,7771
2025-08-08,MK-C-028,ภาคเหนือ,529,6287
2025-08-08,MK-C-028,ภาคใต้,692,9099
2025-08-08,SY-D-039,กรุงเทพฯ,686,7757
2025-08-08,SY-D-039,ภาคกลาง,487,6891
2025-08-08,SY-D-039,ภาคตะวันออก,400,4806
2025-08-08,SY-D-039,ภาคเหนือ,368,4425
2025-08-08,SY-D-039,ภาคใต้,426,5851
2025-08-08,AG-E-052,กรุงเทพฯ,177,2330
2025-08-08,AG-E-052,ภาคกลาง,144,2066
2025-08-08,AG-E-052,ภาคตะวันออก,109,1356
2025-08-08,AG-E-052,ภาคเหนือ,105,1123
2025-08-08,AG-E-052,ภาคใต้,132,1562
2025-08-09,TK-A-001,กรุงเทพฯ,235,2776
2025-08-09,TK-A-001,ภาคกลาง,202,2292
2025-08-09,TK-A-001,ภาคตะวันออก,145,1761
2025-08-09,TK-A-001,ภาคเหนือ,123,1571
2025-08-09,TK-A-001,ภาคใต้,154,2282
2025-08-09,GL-B-014,กรุงเทพฯ,1246,14908
2025-08-09,GL-B-014,ภาคกลาง,955,12103
2025-08-09,GL-B-014,ภาคตะวันออก,831,9319
2025-08-09,GL-B-014,ภาคเหนือ,747,8278
2025-08-09,GL-B-014,ภาคใต้,872,12044
2025-08-09,MK-C-028,กรุงเทพฯ,1026,11961
2025-08-09,MK-C-028,ภาคกลาง,704,9332
2025-08-09,MK-C-028,ภาคตะวันออก,514,8303
2025-08-09,MK-C-028,ภาคเหนือ,545,6458
2025-08-09,MK-C-028,ภาคใต้,689,8748
2025-08-09,SY-D-039,กรุงเทพฯ,607,7096
2025-08-09,SY-D-039,ภาคกลาง,470,6900
2025-08-09,SY-D-039,ภาคตะวันออก,395,4918
2025-08-09,SY-D-039,ภาคเหนือ,342,4691
2025-08-09,SY-D-039,ภาคใต้,400,4946
2025-08-09,AG-E-052,กรุงเทพฯ,207,2537
2025-08-09,AG-E-052,ภาคกลาง,166,2026
2025-08-09,AG-E-052,ภาคตะวันออก,106,1289
2025-08-09,AG-E-052,ภาคเหนือ,106,1232
2025-08-09,AG-E-052,ภาคใต้,121,1485
2025-08-10,TK-A-001,กรุงเทพฯ,272,3558
2025-08-10,TK-A-001,ภาคกลาง,214,2950
2025-08-10,TK-A-001,ภาคตะวันออก,158,1868
2025-08-10,TK-A-001,ภาคเหนือ,143,1942
2025-08-10,TK-A-001,ภาคใต้,171,2040
2025-08-10,GL-B-014,กรุงเทพฯ,1283,15928
2025-08-10,GL-B-014,ภาคกลาง,1123,12495
2025-08-10,GL-B-014,ภาคตะวันออก,783,9852
2025-08-10,GL-B-014,ภาคเหนือ,656,8794
2025-08-10,GL-B-014,ภาคใต้,837,12282
2025-08-10,MK-C-028,กรุงเทพฯ,994,13093
2025-08-10,MK-C-028,ภาคกลาง,711,9867
2025-08-10,MK-C-028,ภาคตะวันออก,548,7731
2025-08-10,MK-C-028,ภาคเหนือ,550,7336
2025-08-10,MK-C-028,ภาคใต้,685,6986
2025-08-10,SY-D-039,กรุงเทพฯ,645,7900
2025-08-10,SY-D-039,ภาคกลาง,511,6933
2025-08-10,SY-D-039,ภาคตะวันออก,408,5500
2025-08-10,SY-D-039,ภาคเหนือ,349,4610
2025-08-10,SY-D-039,ภาคใต้,412,5447
2025-08-10,AG-E-052,กรุงเทพฯ,195,2448
2025-08-10,AG-E-052,ภาคกลาง,149,1866
2025-08-10,AG-E-052,ภาคตะวันออก,123,1539
2025-08-10,AG-E-052,ภาคเหนือ,110,1175
2025-08-10,AG-E-052,ภาคใต้,133,1652
2025-08-11,TK-A-001,กรุงเทพฯ,231,2781
2025-08-11,TK-A-001,ภาคกลาง,193,2245
2025-08-11,TK-A-001,ภาคตะวันออก,138,1981
2025-08-11,TK-A-001,ภาคเหนือ,125,1522
2025-08-11,TK-A-001,ภาคใต้,178,2208
2025-08-11,GL-B-014,กรุงเทพฯ,1416,15460
2025-08-11,GL-B-014,ภาคกลาง,987,12564
2025-08-11,GL-B-014,ภาคตะวันออก,712,9926
2025-08-11,GL-B-014,ภาคเหนือ,640,9326
2025-08-11,GL-B-014,ภาคใต้,807,9665
2025-08-11,MK-C-028,กรุงเทพฯ,863,12774
2025-08-11,MK-C-028,ภาคกลาง,825,9465
2025-08-11,MK-C-028,ภาคตะวันออก,624,7487
2025-08-11,MK-C-028,ภาคเหนือ,516,7084
2025-08-11,MK-C-028,ภาคใต้,594,7779
2025-08-11,SY-D-039,กรุงเทพฯ,594,8398
2025-08-11,SY-D-039,ภาคกลาง,517,6869
2025-08-11,SY-D-039,ภาคตะวันออก,408,5018
2025-08-11,SY-D-039,ภาคเหนือ,323,4632
2025-08-11,SY-D-039,ภาคใต้,454,4831
2025-08-11,AG-E-052,กรุงเทพฯ,203,2120
2025-08-11,AG-E-052,ภาคกลาง,143,1990
2025-08-11,AG-E-052,ภาคตะวันออก,116,1542
2025-08-11,AG-E-052,ภาคเหนือ,91,1103
2025-08-11,AG-E-052,ภาคใต้,128,1861
2025-08-12,TK-A-001,กรุงเทพฯ,256,2991
2025-08-12,TK-A-001,ภาคกลาง,202,2273
2025-08-12,TK-A-001,ภาคตะวันออก,165,2113
2025-08-12,TK-A-001,ภาคเหนือ,144,1928
2025-08-12,TK-A-001,ภาคใต้,156,2433
2025-08-12,GL-B-014,กรุงเทพฯ,1403,18049
2025-08-12,GL-B-014,ภาคกลาง,1028,12886
2025-08-12,GL-B-014,ภาคตะวันออก,848,11027
2025-08-12,GL-B-014,ภาคเหนือ,757,8103
2025-08-12,GL-B-014,ภาคใต้,801,9589
2025-08-12,MK-C-028,กรุงเทพฯ,948,12721
2025-08-12,MK-C-028,ภาคกลาง,824,10125
2025-08-12,MK-C-028,ภาคตะวันออก,517,7162
2025-08-12,MK-C-028,ภาคเหนือ,463,7147
2025-08-12,MK-C-028,ภาคใต้,580,7794
2025-08-12,SY-D-039,กรุงเทพฯ,641,8160
2025-08-12,SY-D-039,ภาคกลาง,532,6380
2025-08-12,SY-D-039,ภาคตะวันออก,412,4756
2025-08-12,SY-D-039,ภาคเหนือ,349,4943
2025-08-12,SY-D-039,ภาคใต้,413,5031
2025-08-12,AG-E-052,กรุงเทพฯ,185,2099
2025-08-12,AG-E-052,ภาคกลาง,154,1970
2025-08-12,AG-E-052,ภาคตะวันออก,112,1496
2025-08-12,AG-E-052,ภาคเหนือ,94,1111
2025-08-12,AG-E-052,ภาคใต้,117,1785
2025-08-13,TK-A-001,กรุงเทพฯ,234,3016
2025-08-13,TK-A-001,ภาคกลาง,205,2951
2025-08-13,TK-A-001,ภาคตะวันออก,155,2006
2025-08-13,TK-A-001,ภาคเหนือ,135,1986
2025-08-13,TK-A-001,ภาคใต้,151,2075
2025-08-13,GL-B-014,กรุงเทพฯ,1202,17217
2025-08-13,GL-B-014,ภาคกลาง,1079,13083
2025-08-13,GL-B-014,ภาคตะวันออก,833,8793
2025-08-13,GL-B-014,ภาคเหนือ,755,8174
2025-08-13,GL-B-014,ภาคใต้,910,12263
2025-08-13,MK-C-028,กรุงเทพฯ,1007,13641
2025-08-13,MK-C-028,ภาคกลาง,702,11128
2025-08-13,MK-C-028,ภาคตะวันออก,610,6821
2025-08-13,MK-C-028,ภาคเหนือ,483,5595
2025-08-13,MK-C-028,ภาคใต้,648,8219
2025-08-13,SY-D-039,กรุงเทพฯ,633,8960
2025-08-13,SY-D-039,ภาคกลาง,502,5867
2025-08-13,SY-D-039,ภาคตะวันออก,362,5461
2025-08-13,SY-D-039,ภาคเหนือ,308,4264
2025-08-13,SY-D-039,ภาคใต้,425,4874
2025-08-13,AG-E-052,กรุงเทพฯ,194,2273
2025-08-13,AG-E-052,ภาคกลาง,164,2066
2025-08-13,AG-E-052,ภาคตะวันออก,115,1466
2025-08-13,AG-E-052,ภาคเหนือ,95,1427
2025-08-13,AG-E-052,ภาคใต้,129,1806
2025-08-14,TK-A-001,กรุงเทพฯ,243,3427
2025-08-14,TK-A-001,ภาคกลาง,218,2278
2025-08-14,TK-A-001,ภาคตะวันออก,135,1825
2025-08-14,TK-A-001,ภาคเหนือ,127,1958
2025-08-14,TK-A-001,ภาคใต้,155,2190
2025-08-14,GL-B-014,กรุงเทพฯ,1173,15735
2025-08-14,GL-B-014,ภาคกลาง,1026,14596
2025-08-14,GL-B-014,ภาคตะวันออก,810,9727
2025-08-14,GL-B-014,ภาคเหนือ,665,9932
2025-08-14,GL-B-014,ภาคใต้,831,12199
2025-08-14,MK-C-028,กรุงเทพฯ,1019,12778
2025-08-14,MK-C-028,ภาคกลาง,707,11151
2025-08-14,MK-C-028,ภาคตะวันออก,559,7883
2025-08-14,MK-C-028,ภาคเหนือ,474,6048
2025-08-14,MK-C-028,ภาคใต้,649,8472
2025-08-14,SY-D-039,กรุงเทพฯ,624,8670
2025-08-14,SY-D-039,ภาคกลาง,473,6371
2025-08-14,SY-D-039,ภาคตะวันออก,359,4532
2025-08-14,SY-D-039,ภาคเหนือ,324,4074
2025-08-14,SY-D-039,ภาคใต้,389,5993
2025-08-14,AG-E-052,กรุงเทพฯ,176,2727
2025-08-14,AG-E-052,ภาคกลาง,136,2127
2025-08-14,AG-E-052,ภาคตะวันออก,115,1462
2025-08-14,AG-E-052,ภาคเหนือ,106,1260
2025-08-14,AG-E-052,ภาคใต้,137,1732
2025-08-15,TK-A-001,กรุงเทพฯ,270,3170
2025-08-15,TK-A-001,ภาคกลาง,186,2941
2025-08-15,TK-A-001,ภาคตะวันออก,161,1817
2025-08-15,TK-A-001,ภาคเหนือ,139,1912
2025-08-15,TK-A-001,ภาคใต้,173,2361
2025-08-15,GL-B-014,กรุงเทพฯ,1245,17993
2025-08-15,GL-B-014,ภาคกลาง,1034,15316
2025-08-15,GL-B-014,ภาคตะวันออก,809,9958
2025-08-15,GL-B-014,ภาคเหนือ,629,7658
2025-08-15,GL-B-014,ภาคใต้,848,9896
2025-08-15,MK-C-028,กรุงเทพฯ,1030,13217
2025-08-15,MK-C-028,ภาคกลาง,785,11049
2025-08-15,MK-C-028,ภาคตะวันออก,581,6790
2025-08-15,MK-C-028,ภาคเหนือ,543,5667
2025-08-15,MK-C-028,ภาคใต้,590,8405
2025-08-15,SY-D-039,กรุงเทพฯ,580,9011
2025-08-15,SY-D-039,ภาคกลาง,472,5917
2025-08-15,SY-D-039,ภาคตะวันออก,389,4467
2025-08-15,SY-D-039,ภาคเหนือ,354,4120
2025-08-15,SY-D-039,ภาคใต้,437,4670
2025-08-15,AG-E-052,กรุงเทพฯ,183,2696
2025-08-15,AG-E-052,ภาคกลาง,152,2006
2025-08-15,AG-E-052,ภาคตะวันออก,104,1550
2025-08-15,AG-E-052,ภาคเหนือ,105,1366
2025-08-15,AG-E-052,ภาคใต้,119,1411
2025-08-16,TK-A-001,กรุงเทพฯ,240,3329
2025-08-16,TK-A-001,ภาคกลาง,185,2867
2025-08-16,TK-A-001,ภาคตะวันออก,140,1967
2025-08-16,TK-A-001,ภาคเหนือ,122,1723
2025-08-16,TK-A-001,ภาคใต้,178,2405
2025-08-16,GL-B-014,กรุงเทพฯ,1386,15917
2025-08-16,GL-B-014,ภาคกลาง,986,12272
2025-08-16,GL-B-014,ภาคตะวันออก,743,9143
2025-08-16,GL-B-014,ภาคเหนือ,722,8956
2025-08-16,GL-B-014,ภาคใต้,786,12010
2025-08-16,MK-C-028,กรุงเทพฯ,986,11991
2025-08-16,MK-C-028,ภาคกลาง,785,10689
2025-08-16,MK-C-028,ภาคตะวันออก,524,8318
2025-08-16,MK-C-028,ภาคเหนือ,475,7284
2025-08-16,MK-C-028,ภาคใต้,668,8075
2025-08-16,SY-D-039,กรุงเทพฯ,626,7544
2025-08-16,SY-D-039,ภาคกลาง,540,6172
2025-08-16,SY-D-039,ภาคตะวันออก,403,4962
2025-08-16,SY-D-039,ภาคเหนือ,362,4344
2025-08-16,SY-D-039,ภาคใต้,433,6098
2025-08-16,AG-E-052,กรุงเทพฯ,168,2452
2025-08-16,AG-E-052,ภาคกลาง,139,2073
2025-08-16,AG-E-052,ภาคตะวันออก,111,1325
2025-08-16,AG-E-052,ภาคเหนือ,108,1328
2025-08-16,AG-E-052,ภาคใต้,123,1643
2025-08-17,TK-A-001,กรุงเทพฯ,260,3215
2025-08-17,TK-A-001,ภาคกลาง,180,2356
2025-08-17,TK-A-001,ภาคตะวันออก,152,2085
2025-08-17,TK-A-001,ภาคเหนือ,125,1910
2025-08-17,TK-A-001,ภาคใต้,157,2138
2025-08-17,GL-B-014,กรุงเทพฯ,1176,18428
2025-08-17,GL-B-014,ภาคกลาง,963,13919
2025-08-17,GL-B-014,ภาคตะวันออก,840,10839
2025-08-17,GL-B-014,ภาคเหนือ,688,9870
2025-08-17,GL-B-014,ภาคใต้,872,12069
2025-08-17,MK-C-028,กรุงเทพฯ,858,12860
2025-08-17,MK-C-028,ภาคกลาง,729,10976
2025-08-17,MK-C-028,ภาคตะวันออก,598,8058
2025-08-17,MK-C-028,ภาคเหนือ,470,6957
2025-08-17,MK-C-028,ภาคใต้,621,8528
2025-08-17,SY-D-039,กรุงเทพฯ,630,8983
2025-08-17,SY-D-039,ภาคกลาง,522,7184
2025-08-17,SY-D-039,ภาคตะวันออก,396,4719
2025-08-17,SY-D-039,ภาคเหนือ,353,4014
2025-08-17,SY-D-039,ภาคใต้,383,5448
2025-08-17,AG-E-052,กรุงเทพฯ,198,2163
2025-08-17,AG-E-052,ภาคกลาง,136,1752
2025-08-17,AG-E-052,ภาคตะวันออก,108,1368
2025-08-17,AG-E-052,ภาคเหนือ,109,1107
2025-08-17,AG-E-052,ภาคใต้,118,1378
2025-08-18,TK-A-001,กรุงเทพฯ,259,2938
2025-08-18,TK-A-001,ภาคกลาง,181,2610
2025-08-18,TK-A-001,ภาคตะวันออก,144,1793
2025-08-18,TK-A-001,ภาคเหนือ,125,1826
2025-08-18,TK-A-001,ภาคใต้,176,2047
2025-08-18,GL-B-014,กรุงเทพฯ,1204,18991
2025-08-18,GL-B-014,ภาคกลาง,1110,14391
2025-08-18,GL-B-014,ภาคตะวันออก,706,10545
2025-08-18,GL-B-014,ภาคเหนือ,690,8201
2025-08-18,GL-B-014,ภาคใต้,873,11867
2025-08-18,MK-C-028,กรุงเทพฯ,951,12321
2025-08-18,MK-C-028,ภาคกลาง,712,9936
2025-08-18,MK-C-028,ภาคตะวันออก,511,7201
2025-08-18,MK-C-028,ภาคเหนือ,511,6568
2025-08-18,MK-C-028,ภาคใต้,606,6926
2025-08-18,SY-D-039,กรุงเทพฯ,592,8617
2025-08-18,SY-D-039,ภาคกลาง,449,6834
2025-08-18,SY-D-039,ภาคตะวันออก,379,5292
2025-08-18,SY-D-039,ภาคเหนือ,330,4820
2025-08-18,SY-D-039,ภาคใต้,376,4732
2025-08-18,AG-E-052,กรุงเทพฯ,169,2731
2025-08-18,AG-E-052,ภาคกลาง,160,1654
2025-08-18,AG-E-052,ภาคตะวันออก,101,1352
2025-08-18,AG-E-052,ภาคเหนือ,102,1111
2025-08-18,AG-E-052,ภาคใต้,129,1784
2025-08-19,TK-A-001,กรุงเทพฯ,237,2789
2025-08-19,TK-A-001,ภาคกลาง,208,2757
2025-08-19,TK-A-001,ภาคตะวันออก,143,1848
2025-08-19,TK-A-001,ภาคเหนือ,143,1565
2025-08-19,TK-A-001,ภาคใต้,171,2360
2025-08-19,GL-B-014,กรุงเทพฯ,1246,16525
2025-08-19,GL-B-014,ภาคกลาง,1060,11652
2025-08-19,GL-B-014,ภาคตะวันออก,732,9057
2025-08-19,GL-B-014,ภาคเหนือ,734,9033
2025-08-19,GL-B-014,ภาคใต้,909,11352
2025-08-19,MK-C-028,กรุงเทพฯ,921,13206
2025-08-19,MK-C-028,ภาคกลาง,694,11170
2025-08-19,MK-C-028,ภาคตะวันออก,516,7475
2025-08-19,MK-C-028,ภาคเหนือ,470,5919
2025-08-19,MK-C-028,ภาคใต้,592,8008
2025-08-19,SY-D-039,กรุงเทพฯ,662,7888
2025-08-19,SY-D-039,ภาคกลาง,484,7123
2025-08-19,SY-D-039,ภาคตะวันออก,406,4274
2025-08-19,SY-D-039,ภาคเหนือ,304,4780
2025-08-19,SY-D-039,ภาคใต้,449,5154
2025-08-19,AG-E-052,กรุงเทพฯ,187,2539
2025-08-19,AG-E-052,ภาคกลาง,133,2113
2025-08-19,AG-E-052,ภาคตะวันออก,113,1475
2025-08-19,AG-E-052,ภาคเหนือ,95,1335
2025-08-19,AG-E-052,ภาคใต้,120,1578
2025-08-20,TK-A-001,กรุงเทพฯ,255,2961
2025-08-20,TK-A-001,ภาคกลาง,182,2537
2025-08-20,TK-A-001,ภาคตะวันออก,139,1993
2025-08-20,TK-A-001,ภาคเหนือ,123,1769
2025-08-20,TK-A-001,ภาคใต้,175,1962
2025-08-20,GL-B-014,กรุงเทพฯ,1350,18757
2025-08-20,GL-B-014,ภาคกลาง,1042,11991
2025-08-20,GL-B-014,ภาคตะวันออก,795,9530
2025-08-20,GL-B-014,ภาคเหนือ,742,7715
2025-08-20,GL-B-014,ภาคใต้,804,11039
2025-08-20,MK-C-028,กรุงเทพฯ,862,12004
2025-08-20,MK-C-028,ภาคกลาง,685,10519
2025-08-20,MK-C-028,ภาคตะวันออก,512,6702
2025-08-20,MK-C-028,ภาคเหนือ,444,7437
2025-08-20,MK-C-028,ภาคใต้,564,9123
2025-08-20,SY-D-039,กรุงเทพฯ,627,8643
2025-08-20,SY-D-039,ภาคกลาง,510,5655
2025-08-20,SY-D-039,ภาคตะวันออก,338,4905
2025-08-20,SY-D-039,ภาคเหนือ,335,3927
2025-08-20,SY-D-039,ภาคใต้,373,4614
2025-08-20,AG-E-052,กรุงเทพฯ,194,2474
2025-08-20,AG-E-052,ภาคกลาง,161,2032
2025-08-20,AG-E-052,ภาคตะวันออก,116,1356
2025-08-20,AG-E-052,ภาคเหนือ,92,1259
2025-08-20,AG-E-052,ภาคใต้,130,1457
2025-08-21,TK-A-001,กรุงเทพฯ,258,3124
2025-08-21,TK-A-001,ภาคกลาง,181,2631
2025-08-21,TK-A-001,ภาคตะวันออก,133,1670
2025-08-21,TK-A-001,ภาคเหนือ,129,1867
2025-08-21,TK-A-001,ภาคใต้,177,2278
2025-08-21,GL-B-014,กรุงเทพฯ,1280,14758
2025-08-21,GL-B-014,ภาคกลาง,995,13045
2025-08-21,GL-B-014,ภาคตะวันออก,801,10444
2025-08-21,GL-B-014,ภาคเหนือ,727,8953
2025-08-21,GL-B-014,ภาคใต้,839,12401
2025-08-21,MK-C-028,กรุงเทพฯ,890,10534
2025-08-21,MK-C-028,ภาคกลาง,797,9502
2025-08-21,MK-C-028,ภาคตะวันออก,548,7099
2025-08-21,MK-C-028,ภาคเหนือ,533,7423
2025-08-21,MK-C-028,ภาคใต้,667,8282
2025-08-21,SY-D-039,กรุงเทพฯ,652,7661
2025-08-21,SY-D-039,ภาคกลาง,461,6901
2025-08-21,SY-D-039,ภาคตะวันออก,398,4371
2025-08-21,SY-D-039,ภาคเหนือ,322,4195
2025-08-21,SY-D-039,ภาคใต้,404,4834
2025-08-21,AG-E-052,กรุงเทพฯ,176,2252
2025-08-21,AG-E-052,ภาคกลาง,157,1734
2025-08-21,AG-E-052,ภาคตะวันออก,117,1269
2025-08-21,AG-E-052,ภาคเหนือ,93,1350
2025-08-21,AG-E-052,ภาคใต้,123,1703
2025-08-22,TK-A-001,กรุงเทพฯ,242,2909
2025-08-22,TK-A-001,ภาคกลาง,194,2214
2025-08-22,TK-A-001,ภาคตะวันออก,161,2045
2025-08-22,TK-A-001,ภาคเหนือ,143,1611
2025-08-22,TK-A-001,ภาคใต้,151,2195
2025-08-22,GL-B-014,กรุงเทพฯ,1232,19209
2025-08-22,GL-B-014,ภาคกลาง,1063,13996
2025-08-22,GL-B-014,ภาคตะวันออก,759,9961
2025-08-22,GL-B-014,ภาคเหนือ,639,8562
2025-08-22,GL-B-014,ภาคใต้,819,9567
2025-08-22,MK-C-028,กรุงเทพฯ,923,13584
2025-08-22,MK-C-028,ภาคกลาง,802,10440
2025-08-22,MK-C-028,ภาคตะวันออก,500,6254
2025-08-22,MK-C-028,ภาคเหนือ,443,7287
2025-08-22,MK-C-028,ภาคใต้,642,7163
2025-08-22,SY-D-039,กรุงเทพฯ,605,7401
2025-08-22,SY-D-039,ภาคกลาง,519,5763
2025-08-22,SY-D-039,ภาคตะวันออก,366,4617
2025-08-22,SY-D-039,ภาคเหนือ,324,4904
2025-08-22,SY-D-039,ภาคใต้,379,5758
2025-08-22,AG-E-052,กรุงเทพฯ,175,2234
2025-08-22,AG-E-052,ภาคกลาง,134,1916
2025-08-22,AG-E-052,ภาคตะวันออก,114,1484
2025-08-22,AG-E-052,ภาคเหนือ,90,1311
2025-08-22,AG-E-052,ภาคใต้,120,1728
2025-08-23,TK-A-001,กรุงเทพฯ,245,2909
2025-08-23,TK-A-001,ภาคกลาง,209,2420
2025-08-23,TK-A-001,ภาคตะวันออก,156,1993
2025-08-23,TK-A-001,ภาคเหนือ,129,1875
2025-08-23,TK-A-001,ภาคใต้,161,2367
2025-08-23,GL-B-014,กรุงเทพฯ,1191,15954
2025-08-23,GL-B-014,ภาคกลาง,1019,12267
2025-08-23,GL-B-014,ภาคตะวันออก,733,9653
2025-08-23,GL-B-014,ภาคเหนือ,633,9210
2025-08-23,GL-B-014,ภาคใต้,880,11740
2025-08-23,MK-C-028,กรุงเทพฯ,917,12597
2025-08-23,MK-C-028,ภาคกลาง,716,9119
2025-08-23,MK-C-028,ภาคตะวันออก,575,7059
2025-08-23,MK-C-028,ภาคเหนือ,523,6898
2025-08-23,MK-C-028,ภาคใต้,658,8588
2025-08-23,SY-D-039,กรุงเทพฯ,582,7701
2025-08-23,SY-D-039,ภาคกลาง,465,5934
2025-08-23,SY-D-039,ภาคตะวันออก,362,4645
2025-08-23,SY-D-039,ภาคเหนือ,337,4429
2025-08-23,SY-D-039,ภาคใต้,397,5307
2025-08-23,AG-E-052,กรุงเทพฯ,191,2275
2025-08-23,AG-E-052,ภาคกลาง,159,2164
2025-08-23,AG-E-052,ภาคตะวันออก,103,1533
2025-08-23,AG-E-052,ภาคเหนือ,97,1481
2025-08-23,AG-E-052,ภาคใต้,112,1649
2025-08-24,TK-A-001,กรุงเทพฯ,265,2774
2025-08-24,TK-A-001,ภาคกลาง,199,2392
2025-08-24,TK-A-001,ภาคตะวันออก,148,1671
2025-08-24,TK-A-001,ภาคเหนือ,127,1932
2025-08-24,TK-A-001,ภาคใต้,149,1869
2025-08-24,GL-B-014,กรุงเทพฯ,1175,17388
2025-08-24,GL-B-014,ภาคกลาง,955,14631
2025-08-24,GL-B-014,ภาคตะวันออก,782,10806
2025-08-24,GL-B-014,ภาคเหนือ,620,10077
2025-08-24,GL-B-014,ภาคใต้,794,12686
2025-08-24,MK-C-028,กรุงเทพฯ,859,10524
2025-08-24,MK-C-028,ภาคกลาง,755,9622
2025-08-24,MK-C-028,ภาคตะวันออก,549,7362
2025-08-24,MK-C-028,ภาคเหนือ,452,6356
2025-08-24,MK-C-028,ภาคใต้,567,8259
2025-08-24,SY-D-039,กรุงเทพฯ,590,7041
2025-08-24,SY-D-039,ภาคกลาง,448,7333
2025-08-24,SY-D-039,ภาคตะวันออก,395,4472
2025-08-24,SY-D-039,ภาคเหนือ,292,4647
2025-08-24,SY-D-039,ภาคใต้,384,5674
2025-08-24,AG-E-052,กรุงเทพฯ,176,2623
2025-08-24,AG-E-052,ภาคกลาง,153,2170
2025-08-24,AG-E-052,ภาคตะวันออก,107,1355
2025-08-24,AG-E-052,ภาคเหนือ,99,1277
2025-08-24,AG-E-052,ภาคใต้,123,1661
2025-08-25,TK-A-001,กรุงเทพฯ,230,3043
2025-08-25,TK-A-001,ภาคกลาง,190,2734
2025-08-25,TK-A-001,ภาคตะวันออก,140,1738
2025-08-25,TK-A-001,ภาคเหนือ,139,1672
2025-08-25,TK-A-001,ภาคใต้,168,2012
2025-08-25,GL-B-014,กรุงเทพฯ,1366,15572
2025-08-25,GL-B-014,ภาคกลาง,1071,11916
2025-08-25,GL-B-014,ภาคตะวันออก,683,8953
2025-08-25,GL-B-014,ภาคเหนือ,717,9306
2025-08-25,GL-B-014,ภาคใต้,910,12088
2025-08-25,MK-C-028,กรุงเทพฯ,925,10616
2025-08-25,MK-C-028,ภาคกลาง,794,9208
2025-08-25,MK-C-028,ภาคตะวันออก,578,8233
2025-08-25,MK-C-028,ภาคเหนือ,458,6175
2025-08-25,MK-C-028,ภาคใต้,597,7240
2025-08-25,SY-D-039,กรุงเทพฯ,576,8501
2025-08-25,SY-D-039,ภาคกลาง,469,6670
2025-08-25,SY-D-039,ภาคตะวันออก,366,4725
2025-08-25,SY-D-039,ภาคเหนือ,348,4650
2025-08-25,SY-D-039,ภาคใต้,386,5890
2025-08-25,AG-E-052,กรุงเทพฯ,183,2669
2025-08-25,AG-E-052,ภาคกลาง,131,2078
2025-08-25,AG-E-052,ภาคตะวันออก,102,1640
2025-08-25,AG-E-052,ภาคเหนือ,95,1138
2025-08-25,AG-E-052,ภาคใต้,130,1814
2025-08-26,TK-A-001,กรุงเทพฯ,253,3187
2025-08-26,TK-A-001,ภาคกลาง,176,2298
2025-08-26,TK-A-001,ภาคตะวันออก,149,1920
2025-08-26,TK-A-001,ภาคเหนือ,117,1523
2025-08-26,TK-A-001,ภาคใต้,176,1964
2025-08-26,GL-B-014,กรุงเทพฯ,1229,18289
2025-08-26,GL-B-014,ภาคกลาง,1001,12502
2025-08-26,GL-B-014,ภาคตะวันออก,694,9254
2025-08-26,GL-B-014,ภาคเหนือ,626,8461
2025-08-26,GL-B-014,ภาคใต้,883,10695
2025-08-26,MK-C-028,กรุงเทพฯ,874,11705
2025-08-26,MK-C-028,ภาคกลาง,774,10143
2025-08-26,MK-C-028,ภาคตะวันออก,488,6446
2025-08-26,MK-C-028,ภาคเหนือ,499,6877
2025-08-26,MK-C-028,ภาคใต้,627,7012
2025-08-26,SY-D-039,กรุงเทพฯ,567,8908
2025-08-26,SY-D-039,ภาคกลาง,513,5722
2025-08-26,SY-D-039,ภาคตะวันออก,358,4771
2025-08-26,SY-D-039,ภาคเหนือ,314,3884
2025-08-26,SY-D-039,ภาคใต้,414,5630
2025-08-26,AG-E-052,กรุงเทพฯ,177,2430
2025-08-26,AG-E-052,ภาคกลาง,144,1974
2025-08-26,AG-E-052,ภาคตะวันออก,108,1371
2025-08-26,AG-E-052,ภาคเหนือ,91,1486
2025-08-26,AG-E-052,ภาคใต้,112,1643
2025-08-27,TK-A-001,กรุงเทพฯ,252,3411
2025-08-27,TK-A-001,ภาคกลาง,209,2978
2025-08-27,TK-A-001,ภาคตะวันออก,136,1742
2025-08-27,TK-A-001,ภาคเหนือ,121,1520
2025-08-27,TK-A-001,ภาคใต้,154,2440
2025-08-27,GL-B-014,กรุงเทพฯ,1169,14318
2025-08-27,GL-B-014,ภาคกลาง,934,14027
2025-08-27,GL-B-014,ภาคตะวันออก,767,8960
2025-08-27,GL-B-014,ภาคเหนือ,691,8417
2025-08-27,GL-B-014,ภาคใต้,830,11835
2025-08-27,MK-C-028,กรุงเทพฯ,841,12775
2025-08-27,MK-C-028,ภาคกลาง,758,9528
2025-08-27,MK-C-028,ภาคตะวันออก,507,7567
2025-08-27,MK-C-028,ภาคเหนือ,449,6230
2025-08-27,MK-C-028,ภาคใต้,545,6907
2025-08-27,SY-D-039,กรุงเทพฯ,553,7374
2025-08-27,SY-D-039,ภาคกลาง,480,5606
2025-08-27,SY-D-039,ภาคตะวันออก,349,5304
2025-08-27,SY-D-039,ภาคเหนือ,335,4549
2025-08-27,SY-D-039,ภาคใต้,406,6010
2025-08-27,AG-E-052,กรุงเทพฯ,189,2191
2025-08-27,AG-E-052,ภาคกลาง,132,2098
2025-08-27,AG-E-052,ภาคตะวันออก,99,1669
2025-08-27,AG-E-052,ภาคเหนือ,102,1460
2025-08-27,AG-E-052,ภาคใต้,110,1695
2025-08-28,TK-A-001,กรุงเทพฯ,249,3337
2025-08-28,TK-A-001,ภาคกลาง,197,2365
2025-08-28,TK-A-001,ภาคตะวันออก,130,2062
2025-08-28,TK-A-001,ภาคเหนือ,137,1691
2025-08-28,TK-A-001,ภาคใต้,155,2418
2025-08-28,GL-B-014,กรุงเทพฯ,1147,18515
2025-08-28,GL-B-014,ภาคกลาง,1083,13105
2025-08-28,GL-B-014,ภาคตะวันออก,686,9969
2025-08-28,GL-B-014,ภาคเหนือ,612,8154
2025-08-28,GL-B-014,ภาคใต้,891,10906
2025-08-28,MK-C-028,กรุงเทพฯ,891,10900
2025-08-28,MK-C-028,ภาคกลาง,713,8669
2025-08-28,MK-C-028,ภาคตะวันออก,519,8018
2025-08-28,MK-C-028,ภาคเหนือ,440,7065
2025-08-28,MK-C-028,ภาคใต้,654,8958
2025-08-28,SY-D-039,กรุงเทพฯ,644,6970
2025-08-28,SY-D-039,ภาคกลาง,518,6775
2025-08-28,SY-D-039,ภาคตะวันออก,366,4366
2025-08-28,SY-D-039,ภาคเหนือ,328,4346
2025-08-28,SY-D-039,ภาคใต้,397,5389
2025-08-28,AG-E-052,กรุงเทพฯ,185,2104
2025-08-28,AG-E-052,ภาคกลาง,155,1923
2025-08-28,AG-E-052,ภาคตะวันออก,112,1409
2025-08-28,AG-E-052,ภาคเหนือ,103,1328
2025-08-28,AG-E-052,ภาคใต้,113,1810
2025-08-29,TK-A-001,กรุงเทพฯ,248,3240
2025-08-29,TK-A-001,ภาคกลาง,207,2332
2025-08-29,TK-A-001,ภาคตะวันออก,144,2054
2025-08-29,TK-A-001,ภาคเหนือ,132,1742
2025-08-29,TK-A-001,ภาคใต้,154,2162
2025-08-29,GL-B-014,กรุงเทพฯ,1313,16000
2025-08-29,GL-B-014,ภาคกลาง,1040,14014
2025-08-29,GL-B-014,ภาคตะวันออก,737,11297
2025-08-29,GL-B-014,ภาคเหนือ,717,8464
2025-08-29,GL-B-014,ภาคใต้,853,11569
2025-08-29,MK-C-028,กรุงเทพฯ,944,12125
2025-08-29,MK-C-028,ภาคกลาง,725,10515
2025-08-29,MK-C-028,ภาคตะวันออก,561,6573
2025-08-29,MK-C-028,ภาคเหนือ,453,6002
2025-08-29,MK-C-028,ภาคใต้,561,8450
2025-08-29,SY-D-039,กรุงเทพฯ,631,8802
2025-08-29,SY-D-039,ภาคกลาง,484,7251
2025-08-29,SY-D-039,ภาคตะวันออก,363,5066
2025-08-29,SY-D-039,ภาคเหนือ,334,4725
2025-08-29,SY-D-039,ภาคใต้,421,6076
2025-08-29,AG-E-052,กรุงเทพฯ,194,2698
2025-08-29,AG-E-052,ภาคกลาง,135,2149
2025-08-29,AG-E-052,ภาคตะวันออก,108,1395
2025-08-29,AG-E-052,ภาคเหนือ,87,1380
2025-08-29,AG-E-052,ภาคใต้,111,1569
2025-08-30,TK-A-001,กรุงเทพฯ,252,3002
2025-08-30,TK-A-001,ภาคกลาง,177,2394
2025-08-30,TK-A-001,ภาคตะวันออก,139,2096
2025-08-30,TK-A-001,ภาคเหนือ,138,1833
2025-08-30,TK-A-001,ภาคใต้,167,1976
2025-08-30,GL-B-014,กรุงเทพฯ,1288,17113
2025-08-30,GL-B-014,ภาคกลาง,973,11822
2025-08-30,GL-B-014,ภาคตะวันออก,720,10039
2025-08-30,GL-B-014,ภาคเหนือ,662,9841
2025-08-30,GL-B-014,ภาคใต้,847,11659
2025-08-30,MK-C-028,กรุงเทพฯ,826,13388
2025-08-30,MK-C-028,ภาคกลาง,771,8448
2025-08-30,MK-C-028,ภาคตะวันออก,483,7937
2025-08-30,MK-C-028,ภาคเหนือ,445,6718
2025-08-30,MK-C-028,ภาคใต้,608,8449
2025-08-30,SY-D-039,กรุงเทพฯ,535,9176
2025-08-30,SY-D-039,ภาคกลาง,447,5864
2025-08-30,SY-D-039,ภาคตะวันออก,375,5158
2025-08-30,SY-D-039,ภาคเหนือ,296,4303
2025-08-30,SY-D-039,ภาคใต้,420,4868
2025-08-30,AG-E-052,กรุงเทพฯ,176,2414
2025-08-30,AG-E-052,ภาคกลาง,139,2193
2025-08-30,AG-E-052,ภาคตะวันออก,98,1382
2025-08-30,AG-E-052,ภาคเหนือ,94,1133
2025-08-30,AG-E-052,ภาคใต้,122,1637
2025-08-31,TK-A-001,กรุงเทพฯ,236,3215
2025-08-31,TK-A-001,ภาคกลาง,207,2900
2025-08-31,TK-A-001,ภาคตะวันออก,137,2031
2025-08-31,TK-A-001,ภาคเหนือ,118,1806
2025-08-31,TK-A-001,ภาคใต้,170,2210
2025-08-31,GL-B-014,กรุงเทพฯ,1211,17006
2025-08-31,GL-B-014,ภาคกลาง,1047,13159
2025-08-31,GL-B-014,ภาคตะวันออก,759,10603
2025-08-31,GL-B-014,ภาคเหนือ,636,10183
2025-08-31,GL-B-014,ภาคใต้,882,10102
2025-08-31,MK-C-028,กรุงเทพฯ,902,10625
2025-08-31,MK-C-028,ภาคกลาง,705,9029
2025-08-31,MK-C-028,ภาคตะวันออก,494,8154
2025-08-31,MK-C-028,ภาคเหนือ,508,5852
2025-08-31,MK-C-028,ภาคใต้,605,7628
2025-08-31,SY-D-039,กรุงเทพฯ,555,6918
2025-08-31,SY-D-039,ภาคกลาง,439,6879
2025-08-31,SY-D-039,ภาคตะวันออก,350,4792
2025-08-31,SY-D-039,ภาคเหนือ,290,4419
2025-08-31,SY-D-039,ภาคใต้,415,6036
2025-08-31,AG-E-052,กรุงเทพฯ,164,2785
2025-08-31,AG-E-052,ภาคกลาง,133,1982
2025-08-31,AG-E-052,ภาคตะวันออก,105,1350
2025-08-31,AG-E-052,ภาคเหนือ,97,1318
2025-08-31,AG-E-052,ภาคใต้,119,1511
2025-09-01,TK-A-001,กรุงเทพฯ,230,3584
2025-09-01,TK-A-001,ภาคกลาง,187,2459
2025-09-01,TK-A-001,ภาคตะวันออก,133,2122
2025-09-01,TK-A-001,ภาคเหนือ,121,1632
2025-09-01,TK-A-001,ภาคใต้,153,2268
2025-09-01,GL-B-014,กรุงเทพฯ,1112,17908
2025-09-01,GL-B-014,ภาคกลาง,894,11691
2025-09-01,GL-B-014,ภาคตะวันออก,691,11249
2025-09-01,GL-B-014,ภาคเหนือ,639,9317
2025-09-01,GL-B-014,ภาคใต้,759,10105
2025-09-01,MK-C-028,กรุงเทพฯ,951,10392
2025-09-01,MK-C-028,ภาคกลาง,698,9008
2025-09-01,MK-C-028,ภาคตะวันออก,561,6346
2025-09-01,MK-C-028,ภาคเหนือ,426,6725
2025-09-01,MK-C-028,ภาคใต้,640,7153
2025-09-01,SY-D-039,กรุงเทพฯ,587,6888
2025-09-01,SY-D-039,ภาคกลาง,442,6015
2025-09-01,SY-D-039,ภาคตะวันออก,357,4423
2025-09-01,SY-D-039,ภาคเหนือ,288,4137
2025-09-01,SY-D-039,ภาคใต้,379,5664
2025-09-01,AG-E-052,กรุงเทพฯ,176,2112
2025-09-01,AG-E-052,ภาคกลาง,142,2123
2025-09-01,AG-E-052,ภาคตะวันออก,113,1258
2025-09-01,AG-E-052,ภาคเหนือ,87,1396
2025-09-01,AG-E-052,ภาคใต้,123,1557
2025-09-02,TK-A-001,กรุงเทพฯ,230,2955
2025-09-02,TK-A-001,ภาคกลาง,196,2619
2025-09-02,TK-A-001,ภาคตะวันออก,146,1903
2025-09-02,TK-A-001,ภาคเหนือ,126,1839
2025-09-02,TK-A-001,ภาคใต้,148,2292
2025-09-02,GL-B-014,กรุงเทพฯ,1139,15078
2025-09-02,GL-B-014,ภาคกลาง,898,14061
2025-09-02,GL-B-014,ภาคตะวันออก,764,11362
2025-09-02,GL-B-014,ภาคเหนือ,708,8586
2025-09-02,GL-B-014,ภาคใต้,820,10121
2025-09-02,MK-C-028,กรุงเทพฯ,947,10524
2025-09-02,MK-C-028,ภาคกลาง,687,10902
2025-09-02,MK-C-028,ภาคตะวันออก,486,8087
2025-09-02,MK-C-028,ภาคเหนือ,468,6963
2025-09-02,MK-C-028,ภาคใต้,618,7162
2025-09-02,SY-D-039,กรุงเทพฯ,639,7592
2025-09-02,SY-D-039,ภาคกลาง,482,6994
2025-09-02,SY-D-039,ภาคตะวันออก,358,5544
2025-09-02,SY-D-039,ภาคเหนือ,335,3926
2025-09-02,SY-D-039,ภาคใต้,357,5270
2025-09-02,AG-E-052,กรุงเทพฯ,165,2443
2025-09-02,AG-E-052,ภาคกลาง,141,1697
2025-09-02,AG-E-052,ภาคตะวันออก,97,1646
2025-09-02,AG-E-052,ภาคเหนือ,91,1172
2025-09-02,AG-E-052,ภาคใต้,124,1820
2025-09-03,TK-A-001,กรุงเทพฯ,221,3320
2025-09-03,TK-A-001,ภาคกลาง,199,2394
2025-09-03,TK-A-001,ภาคตะวันออก,143,2230
2025-09-03,TK-A-001,ภาคเหนือ,123,1538
2025-09-03,TK-A-001,ภาคใต้,162,2187
2025-09-03,GL-B-014,กรุงเทพฯ,1323,19010
2025-09-03,GL-B-014,ภาคกลาง,964,14754
2025-09-03,GL-B-014,ภาคตะวันออก,740,9654
2025-09-03,GL-B-014,ภาคเหนือ,682,9901
2025-09-03,GL-B-014,ภาคใต้,756,12436
2025-09-03,MK-C-028,กรุงเทพฯ,837,11677
2025-09-03,MK-C-028,ภาคกลาง,699,11151
2025-09-03,MK-C-028,ภาคตะวันออก,529,7705
2025-09-03,MK-C-028,ภาคเหนือ,491,6657
2025-09-03,MK-C-028,ภาคใต้,526,7009
2025-09-03,SY-D-039,กรุงเทพฯ,637,7563
2025-09-03,SY-D-039,ภาคกลาง,486,7132
2025-09-03,SY-D-039,ภาคตะวันออก,334,5057
2025-09-03,SY-D-039,ภาคเหนือ,341,4174
2025-09-03,SY-D-039,ภาคใต้,393,5778
2025-09-03,AG-E-052,กรุงเทพฯ,183,2275
2025-09-03,AG-E-052,ภาคกลาง,131,1880
2025-09-03,AG-E-052,ภาคตะวันออก,108,1331
2025-09-03,AG-E-052,ภาคเหนือ,86,1462
2025-09-03,AG-E-052,ภาคใต้,124,1752
2025-09-04,TK-A-001,กรุงเทพฯ,215,3195
2025-09-04,TK-A-001,ภาคกลาง,185,2215
2025-09-04,TK-A-001,ภาคตะวันออก,130,2199
2025-09-04,TK-A-001,ภาคเหนือ,125,1667
2025-09-04,TK-A-001,ภาคใต้,143,2219
2025-09-04,GL-B-014,กรุงเทพฯ,1248,16134
2025-09-04,GL-B-014,ภาคกลาง,956,12670
2025-09-04,GL-B-014,ภาคตะวันออก,752,9329
2025-09-04,GL-B-014,ภาคเหนือ,634,8288
2025-09-04,GL-B-014,ภาคใต้,838,10916
2025-09-04,MK-C-028,กรุงเทพฯ,953,12776
2025-09-04,MK-C-028,ภาคกลาง,671,9333
2025-09-04,MK-C-028,ภาคตะวันออก,522,7708
2025-09-04,MK-C-028,ภาคเหนือ,457,6213
2025-09-04,MK-C-028,ภาคใต้,606,8664
2025-09-04,SY-D-039,กรุงเทพฯ,537,7541
2025-09-04,SY-D-039,ภาคกลาง,444,6522
2025-09-04,SY-D-039,ภาคตะวันออก,331,4230
2025-09-04,SY-D-039,ภาคเหนือ,320,3751
2025-09-04,SY-D-039,ภาคใต้,381,4659
2025-09-04,AG-E-052,กรุงเทพฯ,190,2074
2025-09-04,AG-E-052,ภาคกลาง,130,2095
2025-09-04,AG-E-052,ภาคตะวันออก,99,1360
2025-09-04,AG-E-052,ภาคเหนือ,85,1178
2025-09-04,AG-E-052,ภาคใต้,125,1767
2025-09-05,TK-A-001,กรุงเทพฯ,225,3442
2025-09-05,TK-A-001,ภาคกลาง,191,2863
2025-09-05,TK-A-001,ภาคตะวันออก,149,2048
2025-09-05,TK-A-001,ภาคเหนือ,130,1601
2025-09-05,TK-A-001,ภาคใต้,162,1853
2025-09-05,GL-B-014,กรุงเทพฯ,1111,16570
2025-09-05,GL-B-014,ภาคกลาง,922,15173
2025-09-05,GL-B-014,ภาคตะวันออก,713,9546
2025-09-05,GL-B-014,ภาคเหนือ,640,8955
2025-09-05,GL-B-014,ภาคใต้,869,12691
2025-09-05,MK-C-028,กรุงเทพฯ,873,10603
2025-09-05,MK-C-028,ภาคกลาง,715,8473
2025-09-05,MK-C-028,ภาคตะวันออก,565,7395
2025-09-05,MK-C-028,ภาคเหนือ,424,7018
2025-09-05,MK-C-028,ภาคใต้,594,9265
2025-09-05,SY-D-039,กรุงเทพฯ,543,8290
2025-09-05,SY-D-039,ภาคกลาง,480,5687
2025-09-05,SY-D-039,ภาคตะวันออก,312,4210
2025-09-05,SY-D-039,ภาคเหนือ,301,4491
2025-09-05,SY-D-039,ภาคใต้,389,5600
2025-09-05,AG-E-052,กรุงเทพฯ,171,2570
2025-09-05,AG-E-052,ภาคกลาง,152,1773
2025-09-05,AG-E-052,ภาคตะวันออก,95,1413
2025-09-05,AG-E-052,ภาคเหนือ,97,1406
2025-09-05,AG-E-052,ภาคใต้,117,1663
2025-09-06,TK-A-001,กรุงเทพฯ,226,2862
2025-09-06,TK-A-001,ภาคกลาง,199,2515
2025-09-06,TK-A-001,ภาคตะวันออก,136,1733
2025-09-06,TK-A-001,ภาคเหนือ,121,1921
2025-09-06,TK-A-001,ภาคใต้,164,2382
2025-09-06,GL-B-014,กรุงเทพฯ,1159,19128
2025-09-06,GL-B-014,ภาคกลาง,918,13588
2025-09-06,GL-B-014,ภาคตะวันออก,770,10677
2025-09-06,GL-B-014,ภาคเหนือ,682,10184
2025-09-06,GL-B-014,ภาคใต้,769,10009
2025-09-06,MK-C-028,กรุงเทพฯ,791,12077
2025-09-06,MK-C-028,ภาคกลาง,751,10062
2025-09-06,MK-C-028,ภาคตะวันออก,542,7112
2025-09-06,MK-C-028,ภาคเหนือ,428,5991
2025-09-06,MK-C-028,ภาคใต้,558,7844
2025-09-06,SY-D-039,กรุงเทพฯ,623,8861
2025-09-06,SY-D-039,ภาคกลาง,496,7255
2025-09-06,SY-D-039,ภาคตะวันออก,317,4793
2025-09-06,SY-D-039,ภาคเหนือ,280,4592
2025-09-06,SY-D-039,ภาคใต้,415,5601
2025-09-06,AG-E-052,กรุงเทพฯ,166,2710
2025-09-06,AG-E-052,ภาคกลาง,133,1980
2025-09-06,AG-E-052,ภาคตะวันออก,100,1377
2025-09-06,AG-E-052,ภาคเหนือ,92,1473
2025-09-06,AG-E-052,ภาคใต้,118,1457
2025-09-07,TK-A-001,กรุงเทพฯ,248,3430
2025-09-07,TK-A-001,ภาคกลาง,177,2707
2025-09-07,TK-A-001,ภาคตะวันออก,143,2135
2025-09-07,TK-A-001,ภาคเหนือ,132,1966
2025-09-07,TK-A-001,ภาคใต้,148,1923
2025-09-07,GL-B-014,กรุงเทพฯ,1234,15953
2025-09-07,GL-B-014,ภาคกลาง,952,15253
2025-09-07,GL-B-014,ภาคตะวันออก,733,10304
2025-09-07,GL-B-014,ภาคเหนือ,603,8089
2025-09-07,GL-B-014,ภาคใต้,736,10937
2025-09-07,MK-C-028,กรุงเทพฯ,840,11996
2025-09-07,MK-C-028,ภาคกลาง,643,10313
2025-09-07,MK-C-028,ภาคตะวันออก,523,6478
2025-09-07,MK-C-028,ภาคเหนือ,463,5736
2025-09-07,MK-C-028,ภาคใต้,547,8075
2025-09-07,SY-D-039,กรุงเทพฯ,626,7135
2025-09-07,SY-D-039,ภาคกลาง,480,5911
2025-09-07,SY-D-039,ภาคตะวันออก,374,4264
2025-09-07,SY-D-039,ภาคเหนือ,334,3813
2025-09-07,SY-D-039,ภาคใต้,417,4712
2025-09-07,AG-E-052,กรุงเทพฯ,174,2579
2025-09-07,AG-E-052,ภาคกลาง,137,1909
2025-09-07,AG-E-052,ภาคตะวันออก,106,1275
2025-09-07,AG-E-052,ภาคเหนือ,92,1231
2025-09-07,AG-E-052,ภาคใต้,107,1409
2025-09-08,TK-A-001,กรุงเทพฯ,250,2843
2025-09-08,TK-A-001,ภาคกลาง,192,2822
2025-09-08,TK-A-001,ภาคตะวันออก,126,1940
2025-09-08,TK-A-001,ภาคเหนือ,118,1514
2025-09-08,TK-A-001,ภาคใต้,150,2380
2025-09-08,GL-B-014,กรุงเทพฯ,1160,15424
2025-09-08,GL-B-014,ภาคกลาง,879,11932
2025-09-08,GL-B-014,ภาคตะวันออก,654,9042
2025-09-08,GL-B-014,ภาคเหนือ,602,10037
2025-09-08,GL-B-014,ภาคใต้,823,9550
2025-09-08,MK-C-028,กรุงเทพฯ,817,11802
2025-09-08,MK-C-028,ภาคกลาง,723,10086
2025-09-08,MK-C-028,ภาคตะวันออก,513,6493
2025-09-08,MK-C-028,ภาคเหนือ,482,6433
2025-09-08,MK-C-028,ภาคใต้,579,7331
2025-09-08,SY-D-039,กรุงเทพฯ,525,7064
2025-09-08,SY-D-039,ภาคกลาง,452,6693
2025-09-08,SY-D-039,ภาคตะวันออก,359,5336
2025-09-08,SY-D-039,ภาคเหนือ,319,4758
2025-09-08,SY-D-039,ภาคใต้,409,5983
2025-09-08,AG-E-052,กรุงเทพฯ,178,2067
2025-09-08,AG-E-052,ภาคกลาง,134,1881
2025-09-08,AG-E-052,ภาคตะวันออก,111,1462
2025-09-08,AG-E-052,ภาคเหนือ,99,1322
2025-09-08,AG-E-052,ภาคใต้,112,1553
2025-09-09,TK-A-001,กรุงเทพฯ,245,3607
2025-09-09,TK-A-001,ภาคกลาง,172,2962
2025-09-09,TK-A-001,ภาคตะวันออก,125,1990
2025-09-09,TK-A-001,ภาคเหนือ,129,1741
2025-09-09,TK-A-001,ภาคใต้,163,2304
2025-09-09,GL-B-014,กรุงเทพฯ,1190,14629
2025-09-09,GL-B-014,ภาคกลาง,1022,14231
2025-09-09,GL-B-014,ภาคตะวันออก,671,8698
2025-09-09,GL-B-014,ภาคเหนือ,672,8935
2025-09-09,GL-B-014,ภาคใต้,808,11864
2025-09-09,MK-C-028,กรุงเทพฯ,860,13558
2025-09-09,MK-C-028,ภาคกลาง,645,10504
2025-09-09,MK-C-028,ภาคตะวันออก,463,7089
2025-09-09,MK-C-028,ภาคเหนือ,433,6197
2025-09-09,MK-C-028,ภาคใต้,570,9095
2025-09-09,SY-D-039,กรุงเทพฯ,522,8882
2025-09-09,SY-D-039,ภาคกลาง,425,7004
2025-09-09,SY-D-039,ภาคตะวันออก,313,4435
2025-09-09,SY-D-039,ภาคเหนือ,307,4011
2025-09-09,SY-D-039,ภาคใต้,393,5140
2025-09-09,AG-E-052,กรุงเทพฯ,159,2546
2025-09-09,AG-E-052,ภาคกลาง,138,2148
2025-09-09,AG-E-052,ภาคตะวันออก,96,1670
2025-09-09,AG-E-052,ภาคเหนือ,96,1346
2025-09-09,AG-E-052,ภาคใต้,114,1641
2025-09-10,TK-A-001,กรุงเทพฯ,222,3215
2025-09-10,TK-A-001,ภาคกลาง,190,2687
2025-09-10,TK-A-001,ภาคตะวันออก,126,2203
2025-09-10,TK-A-001,ภาคเหนือ,119,1474
2025-09-10,TK-A-001,ภาคใต้,162,2288
2025-09-10,GL-B-014,กรุงเทพฯ,1278,15328
2025-09-10,GL-B-014,ภาคกลาง,989,14673
2025-09-10,GL-B-014,ภาคตะวันออก,642,10188
2025-09-10,GL-B-014,ภาคเหนือ,581,10030
2025-09-10,GL-B-014,ภาคใต้,773,10781
2025-09-10,MK-C-028,กรุงเทพฯ,863,13810
2025-09-10,MK-C-028,ภาคกลาง,632,9404
2025-09-10,MK-C-028,ภาคตะวันออก,474,6661
2025-09-10,MK-C-028,ภาคเหนือ,483,6345
2025-09-10,MK-C-028,ภาคใต้,515,8544
2025-09-10,SY-D-039,กรุงเทพฯ,606,7935
2025-09-10,SY-D-039,ภาคกลาง,447,7229
2025-09-10,SY-D-039,ภาคตะวันออก,306,4915
2025-09-10,SY-D-039,ภาคเหนือ,318,4933
2025-09-10,SY-D-039,ภาคใต้,346,4892
2025-09-10,AG-E-052,กรุงเทพฯ,179,2395
2025-09-10,AG-E-052,ภาคกลาง,145,1671
2025-09-10,AG-E-052,ภาคตะวันออก,106,1248
2025-09-10,AG-E-052,ภาคเหนือ,81,1424
2025-09-10,AG-E-052,ภาคใต้,116,1516
2025-09-11,TK-A-001,กรุงเทพฯ,206,3418
2025-09-11,TK-A-001,ภาคกลาง,168,2504
2025-09-11,TK-A-001,ภาคตะวันออก,142,1823
2025-09-11,TK-A-001,ภาคเหนือ,116,1873
2025-09-11,TK-A-001,ภาคใต้,152,1895
2025-09-11,GL-B-014,กรุงเทพฯ,1249,17757
2025-09-11,GL-B-014,ภาคกลาง,1013,13072
2025-09-11,GL-B-014,ภาคตะวันออก,659,8804
2025-09-11,GL-B-014,ภาคเหนือ,670,7910
2025-09-11,GL-B-014,ภาคใต้,790,12629
2025-09-11,MK-C-028,กรุงเทพฯ,892,11021
2025-09-11,MK-C-028,ภาคกลาง,667,9502
2025-09-11,MK-C-028,ภาคตะวันออก,487,7072
2025-09-11,MK-C-028,ภาคเหนือ,463,5963
2025-09-11,MK-C-028,ภาคใต้,513,9308
2025-09-11,SY-D-039,กรุงเทพฯ,580,9123
2025-09-11,SY-D-039,ภาคกลาง,472,7249
2025-09-11,SY-D-039,ภาคตะวันออก,321,4551
2025-09-11,SY-D-039,ภาคเหนือ,281,4966
2025-09-11,SY-D-039,ภาคใต้,380,4673
2025-09-11,AG-E-052,กรุงเทพฯ,170,2451
2025-09-11,AG-E-052,ภาคกลาง,141,1837
2025-09-11,AG-E-052,ภาคตะวันออก,104,1468
2025-09-11,AG-E-052,ภาคเหนือ,83,1343
2025-09-11,AG-E-052,ภาคใต้,103,1800
2025-09-12,TK-A-001,กรุงเทพฯ,217,3307
2025-09-12,TK-A-001,ภาคกลาง,184,2624
2025-09-12,TK-A-001,ภาคตะวันออก,143,1835
2025-09-12,TK-A-001,ภาคเหนือ,110,1932
2025-09-12,TK-A-001,ภาคใต้,142,2101
2025-09-12,GL-B-014,กรุงเทพฯ,1119,15229
2025-09-12,GL-B-014,ภาคกลาง,904,14599
2025-09-12,GL-B-014,ภาคตะวันออก,756,10898
2025-09-12,GL-B-014,ภาคเหนือ,674,10150
2025-09-12,GL-B-014,ภาคใต้,839,10862
2025-09-12,MK-C-028,กรุงเทพฯ,883,11859
2025-09-12,MK-C-028,ภาคกลาง,677,10648
2025-09-12,MK-C-028,ภาคตะวันออก,529,6837
2025-09-12,MK-C-028,ภาคเหนือ,453,6523
2025-09-12,MK-C-028,ภาคใต้,562,7879
2025-09-12,SY-D-039,กรุงเทพฯ,535,7634
2025-09-12,SY-D-039,ภาคกลาง,486,5952
2025-09-12,SY-D-039,ภาคตะวันออก,311,4169
2025-09-12,SY-D-039,ภาคเหนือ,286,4582
2025-09-12,SY-D-039,ภาคใต้,374,5555
2025-09-12,AG-E-052,กรุงเทพฯ,178,2527
2025-09-12,AG-E-052,ภาคกลาง,139,1857
2025-09-12,AG-E-052,ภาคตะวันออก,108,1368
2025-09-12,AG-E-052,ภาคเหนือ,84,1149
2025-09-12,AG-E-052,ภาคใต้,113,1536
2025-09-13,TK-A-001,กรุงเทพฯ,241,3433
2025-09-13,TK-A-001,ภาคกลาง,172,2334
2025-09-13,TK-A-001,ภาคตะวันออก,146,1974
2025-09-13,TK-A-001,ภาคเหนือ,128,1749
2025-09-13,TK-A-001,ภาคใต้,142,2461
2025-09-13,GL-B-014,กรุงเทพฯ,1195,18097
2025-09-13,GL-B-014,ภาคกลาง,888,15259
2025-09-13,GL-B-014,ภาคตะวันออก,685,11325
2025-09-13,GL-B-014,ภาคเหนือ,551,9450
2025-09-13,GL-B-014,ภาคใต้,799,9723
2025-09-13,MK-C-028,กรุงเทพฯ,832,10715
2025-09-13,MK-C-028,ภาคกลาง,633,8661
2025-09-13,MK-C-028,ภาคตะวันออก,520,6481
2025-09-13,MK-C-028,ภาคเหนือ,412,5836
2025-09-13,MK-C-028,ภาคใต้,513,8592
2025-09-13,SY-D-039,กรุงเทพฯ,553,9267
2025-09-13,SY-D-039,ภาคกลาง,427,6083
2025-09-13,SY-D-039,ภาคตะวันออก,303,4813
2025-09-13,SY-D-039,ภาคเหนือ,308,4757
2025-09-13,SY-D-039,ภาคใต้,383,4770
2025-09-13,AG-E-052,กรุงเทพฯ,154,2184
2025-09-13,AG-E-052,ภาคกลาง,144,1893
2025-09-13,AG-E-052,ภาคตะวันออก,92,1410
2025-09-13,AG-E-052,ภาคเหนือ,85,1221
2025-09-13,AG-E-052,ภาคใต้,108,1797
2025-09-14,TK-A-001,กรุงเทพฯ,217,3519
2025-09-14,TK-A-001,ภาคกลาง,176,2624
2025-09-14,TK-A-001,ภาคตะวันออก,127,1821
2025-09-14,TK-A-001,ภาคเหนือ,129,1979
2025-09-14,TK-A-001,ภาคใต้,138,2208
2025-09-14,GL-B-014,กรุงเทพฯ,1108,15897
2025-09-14,GL-B-014,ภาคกลาง,899,11909
2025-09-14,GL-B-014,ภาคตะวันออก,699,11252
2025-09-14,GL-B-014,ภาคเหนือ,575,8617
2025-09-14,GL-B-014,ภาคใต้,728,10481
2025-09-14,MK-C-028,กรุงเทพฯ,814,11034
2025-09-14,MK-C-028,ภาคกลาง,626,8826
2025-09-14,MK-C-028,ภาคตะวันออก,481,7149
2025-09-14,MK-C-028,ภาคเหนือ,450,5796
2025-09-14,MK-C-028,ภาคใต้,599,8488
2025-09-14,SY-D-039,กรุงเทพฯ,570,7164
2025-09-14,SY-D-039,ภาคกลาง,407,5721
2025-09-14,SY-D-039,ภาคตะวันออก,333,4904
2025-09-14,SY-D-039,ภาคเหนือ,284,4454
2025-09-14,SY-D-039,ภาคใต้,387,4789
2025-09-14,AG-E-052,กรุงเทพฯ,178,2106
2025-09-14,AG-E-052,ภาคกลาง,137,2138
2025-09-14,AG-E-052,ภาคตะวันออก,95,1519
2025-09-14,AG-E-052,ภาคเหนือ,92,1288
2025-09-14,AG-E-052,ภาคใต้,112,1800
2025-09-15,TK-A-001,กรุงเทพฯ,233,2823
2025-09-15,TK-A-001,ภาคกลาง,162,2297
2025-09-15,TK-A-001,ภาคตะวันออก,134,2179
2025-09-15,TK-A-001,ภาคเหนือ,109,1639
2025-09-15,TK-A-001,ภาคใต้,156,2367
2025-09-15,GL-B-014,กรุงเทพฯ,1042,18824
2025-09-15,GL-B-014,ภาคกลาง,935,12573
2025-09-15,GL-B-014,ภาคตะวันออก,615,9104
2025-09-15,GL-B-014,ภาคเหนือ,579,8180
2025-09-15,GL-B-014,ภาคใต้,746,11927
2025-09-15,MK-C-028,กรุงเทพฯ,783,12237
2025-09-15,MK-C-028,ภาคกลาง,618,9858
2025-09-15,MK-C-028,ภาคตะวันออก,539,6291
2025-09-15,MK-C-028,ภาคเหนือ,403,5512
2025-09-15,MK-C-028,ภาคใต้,571,7519
2025-09-15,SY-D-039,กรุงเทพฯ,529,8755
2025-09-15,SY-D-039,ภาคกลาง,478,7088
2025-09-15,SY-D-039,ภาคตะวันออก,325,4659
2025-09-15,SY-D-039,ภาคเหนือ,267,4838
2025-09-15,SY-D-039,ภาคใต้,365,6161
2025-09-15,AG-E-052,กรุงเทพฯ,180,2066
2025-09-15,AG-E-052,ภาคกลาง,138,2026
2025-09-15,AG-E-052,ภาคตะวันออก,97,1467
2025-09-15,AG-E-052,ภาคเหนือ,93,1126
2025-09-15,AG-E-052,ภาคใต้,120,1511
2025-09-16,TK-A-001,กรุงเทพฯ,215,3200
2025-09-16,TK-A-001,ภาคกลาง,173,2926
2025-09-16,TK-A-001,ภาคตะวันออก,141,1871
2025-09-16,TK-A-001,ภาคเหนือ,106,1892
2025-09-16,TK-A-001,ภาคใต้,136,2071
2025-09-16,GL-B-014,กรุงเทพฯ,1055,17960
2025-09-16,GL-B-014,ภาคกลาง,823,14679
2025-09-16,GL-B-014,ภาคตะวันออก,734,10625
2025-09-16,GL-B-014,ภาคเหนือ,637,9012
2025-09-16,GL-B-014,ภาคใต้,716,11357
2025-09-16,MK-C-028,กรุงเทพฯ,799,12630
2025-09-16,MK-C-028,ภาคกลาง,610,9142
2025-09-16,MK-C-028,ภาคตะวันออก,538,6302
2025-09-16,MK-C-028,ภาคเหนือ,428,5837
2025-09-16,MK-C-028,ภาคใต้,558,8499
2025-09-16,SY-D-039,กรุงเทพฯ,525,9001
2025-09-16,SY-D-039,ภาคกลาง,461,6918
2025-09-16,SY-D-039,ภาคตะวันออก,303,5365
2025-09-16,SY-D-039,ภาคเหนือ,310,4003
2025-09-16,SY-D-039,ภาคใต้,329,4624
2025-09-16,AG-E-052,กรุงเทพฯ,148,2429
2025-09-16,AG-E-052,ภาคกลาง,142,2053
2025-09-16,AG-E-052,ภาคตะวันออก,106,1522
2025-09-16,AG-E-052,ภาคเหนือ,89,1256
2025-09-16,AG-E-052,ภาคใต้,105,1563
2025-09-17,TK-A-001,กรุงเทพฯ,225,2775
2025-09-17,TK-A-001,ภาคกลาง,186,2961
2025-09-17,TK-A-001,ภาคตะวันออก,136,1857
2025-09-17,TK-A-001,ภาคเหนือ,108,1981
2025-09-17,TK-A-001,ภาคใต้,140,2409
2025-09-17,GL-B-014,กรุงเทพฯ,1227,18319
2025-09-17,GL-B-014,ภาคกลาง,938,14202
2025-09-17,GL-B-014,ภาคตะวันออก,704,10351
2025-09-17,GL-B-014,ภาคเหนือ,652,9060
2025-09-17,GL-B-014,ภาคใต้,776,10469
2025-09-17,MK-C-028,กรุงเทพฯ,879,12308
2025-09-17,MK-C-028,ภาคกลาง,623,10687
2025-09-17,MK-C-028,ภาคตะวันออก,453,6458
2025-09-17,MK-C-028,ภาคเหนือ,423,6999
2025-09-17,MK-C-028,ภาคใต้,527,7189
2025-09-17,SY-D-039,กรุงเทพฯ,570,8846
2025-09-17,SY-D-039,ภาคกลาง,444,5883
2025-09-17,SY-D-039,ภาคตะวันออก,351,4206
2025-09-17,SY-D-039,ภาคเหนือ,263,4696
2025-09-17,SY-D-039,ภาคใต้,387,6128
2025-09-17,AG-E-052,กรุงเทพฯ,155,2487
2025-09-17,AG-E-052,ภาคกลาง,141,1784
2025-09-17,AG-E-052,ภาคตะวันออก,91,1666
2025-09-17,AG-E-052,ภาคเหนือ,81,1219
2025-09-17,AG-E-052,ภาคใต้,106,1414
2025-09-18,TK-A-001,กรุงเทพฯ,203,3714
2025-09-18,TK-A-001,ภาคกลาง,185,2423
2025-09-18,TK-A-001,ภาคตะวันออก,140,1900
2025-09-18,TK-A-001,ภาคเหนือ,110,1643
2025-09-18,TK-A-001,ภาคใต้,144,2217
2025-09-18,GL-B-014,กรุงเทพฯ,1045,17223
2025-09-18,GL-B-014,ภาคกลาง,920,14761
2025-09-18,GL-B-014,ภาคตะวันออก,631,10787
2025-09-18,GL-B-014,ภาคเหนือ,582,8403
2025-09-18,GL-B-014,ภาคใต้,747,10417
2025-09-18,MK-C-028,กรุงเทพฯ,854,10570
2025-09-18,MK-C-028,ภาคกลาง,666,9499
2025-09-18,MK-C-028,ภาคตะวันออก,526,7286
2025-09-18,MK-C-028,ภาคเหนือ,399,6325
2025-09-18,MK-C-028,ภาคใต้,559,7327
2025-09-18,SY-D-039,กรุงเทพฯ,563,7454
2025-09-18,SY-D-039,ภาคกลาง,389,5946
2025-09-18,SY-D-039,ภาคตะวันออก,297,4359
2025-09-18,SY-D-039,ภาคเหนือ,314,4939
2025-09-18,SY-D-039,ภาคใต้,335,6035
2025-09-18,AG-E-052,กรุงเทพฯ,169,2362
2025-09-18,AG-E-052,ภาคกลาง,133,1677
2025-09-18,AG-E-052,ภาคตะวันออก,92,1527
2025-09-18,AG-E-052,ภาคเหนือ,85,1148
2025-09-18,AG-E-052,ภาคใต้,102,1652
2025-09-19,TK-A-001,กรุงเทพฯ,223,3229
2025-09-19,TK-A-001,ภาคกลาง,185,2290
2025-09-19,TK-A-001,ภาคตะวันออก,120,2157
2025-09-19,TK-A-001,ภาคเหนือ,124,1535
2025-09-19,TK-A-001,ภาคใต้,149,2013
2025-09-19,GL-B-014,กรุงเทพฯ,1134,17922
2025-09-19,GL-B-014,ภาคกลาง,815,13760
2025-09-19,GL-B-014,ภาคตะวันออก,694,9396
2025-09-19,GL-B-014,ภาคเหนือ,643,7845
2025-09-19,GL-B-014,ภาคใต้,775,12283
2025-09-19,MK-C-028,กรุงเทพฯ,876,12565
2025-09-19,MK-C-028,ภาคกลาง,698,9463
2025-09-19,MK-C-028,ภาคตะวันออก,520,6655
2025-09-19,MK-C-028,ภาคเหนือ,418,6626
2025-09-19,MK-C-028,ภาคใต้,487,8135
2025-09-19,SY-D-039,กรุงเทพฯ,514,7029
2025-09-19,SY-D-039,ภาคกลาง,400,5725
2025-09-19,SY-D-039,ภาคตะวันออก,310,4855
2025-09-19,SY-D-039,ภาคเหนือ,311,4462
2025-09-19,SY-D-039,ภาคใต้,341,5397
2025-09-19,AG-E-052,กรุงเทพฯ,165,2278
2025-09-19,AG-E-052,ภาคกลาง,141,2002
2025-09-19,AG-E-052,ภาคตะวันออก,96,1452
2025-09-19,AG-E-052,ภาคเหนือ,92,1426
2025-09-19,AG-E-052,ภาคใต้,113,1400
2025-09-20,TK-A-001,กรุงเทพฯ,225,3707
2025-09-20,TK-A-001,ภาคกลาง,157,2663
2025-09-20,TK-A-001,ภาคตะวันออก,128,2051
2025-09-20,TK-A-001,ภาคเหนือ,116,1658
2025-09-20,TK-A-001,ภาคใต้,148,1867
2025-09-20,GL-B-014,กรุงเทพฯ,1142,18752
2025-09-20,GL-B-014,ภาคกลาง,846,12990
2025-09-20,GL-B-014,ภาคตะวันออก,672,11104
2025-09-20,GL-B-014,ภาคเหนือ,582,8330
2025-09-20,GL-B-014,ภาคใต้,703,11589
2025-09-20,MK-C-028,กรุงเทพฯ,853,13547
2025-09-20,MK-C-028,ภาคกลาง,586,10437
2025-09-20,MK-C-028,ภาคตะวันออก,476,7396
2025-09-20,MK-C-028,ภาคเหนือ,433,5540
2025-09-20,MK-C-028,ภาคใต้,482,9162
2025-09-20,SY-D-039,กรุงเทพฯ,487,9254
2025-09-20,SY-D-039,ภาคกลาง,447,5582
2025-09-20,SY-D-039,ภาคตะวันออก,316,4393
2025-09-20,SY-D-039,ภาคเหนือ,268,3921
2025-09-20,SY-D-039,ภาคใต้,328,5052
2025-09-20,AG-E-052,กรุงเทพฯ,162,2556
2025-09-20,AG-E-052,ภาคกลาง,135,1660
2025-09-20,AG-E-052,ภาคตะวันออก,87,1499
2025-09-20,AG-E-052,ภาคเหนือ,89,1269
2025-09-20,AG-E-052,ภาคใต้,114,1448
2025-09-21,TK-A-001,กรุงเทพฯ,231,2910
2025-09-21,TK-A-001,ภาคกลาง,183,2552
2025-09-21,TK-A-001,ภาคตะวันออก,139,1900
2025-09-21,TK-A-001,ภาคเหนือ,113,1729
2025-09-21,TK-A-001,ภาคใต้,130,1870
2025-09-21,GL-B-014,กรุงเทพฯ,1112,14426
2025-09-21,GL-B-014,ภาคกลาง,851,14826
2025-09-21,GL-B-014,ภาคตะวันออก,666,9357
2025-09-21,GL-B-014,ภาคเหนือ,533,7591
2025-09-21,GL-B-014,ภาคใต้,710,12152
2025-09-21,MK-C-028,กรุงเทพฯ,761,11299
2025-09-21,MK-C-028,ภาคกลาง,692,8808
2025-09-21,MK-C-028,ภาคตะวันออก,491,6963
2025-09-21,MK-C-028,ภาคเหนือ,391,5574
2025-09-21,MK-C-028,ภาคใต้,520,8302
2025-09-21,SY-D-039,กรุงเทพฯ,501,7953
2025-09-21,SY-D-039,ภาคกลาง,382,6889
2025-09-21,SY-D-039,ภาคตะวันออก,297,4494
2025-09-21,SY-D-039,ภาคเหนือ,290,4489
2025-09-21,SY-D-039,ภาคใต้,336,5425
2025-09-21,AG-E-052,กรุงเทพฯ,156,2232
2025-09-21,AG-E-052,ภาคกลาง,139,2226
2025-09-21,AG-E-052,ภาคตะวันออก,91,1540
2025-09-21,AG-E-052,ภาคเหนือ,83,1330
2025-09-21,AG-E-052,ภาคใต้,105,1834
2025-09-22,TK-A-001,กรุงเทพฯ,217,2996
2025-09-22,TK-A-001,ภาคกลาง,171,2296
2025-09-22,TK-A-001,ภาคตะวันออก,129,1926
2025-09-22,TK-A-001,ภาคเหนือ,109,1562
2025-09-22,TK-A-001,ภาคใต้,133,2165
2025-09-22,GL-B-014,กรุงเทพฯ,1098,14546
2025-09-22,GL-B-014,ภาคกลาง,888,11918
2025-09-22,GL-B-014,ภาคตะวันออก,689,8679
2025-09-22,GL-B-014,ภาคเหนือ,623,8209
2025-09-22,GL-B-014,ภาคใต้,668,10094
2025-09-22,MK-C-028,กรุงเทพฯ,792,13205
2025-09-22,MK-C-028,ภาคกลาง,672,11001
2025-09-22,MK-C-028,ภาคตะวันออก,483,6200
2025-09-22,MK-C-028,ภาคเหนือ,419,6436
2025-09-22,MK-C-028,ภาคใต้,521,8177
2025-09-22,SY-D-039,กรุงเทพฯ,514,7254
2025-09-22,SY-D-039,ภาคกลาง,402,5877
2025-09-22,SY-D-039,ภาคตะวันออก,346,4380
2025-09-22,SY-D-039,ภาคเหนือ,305,4370
2025-09-22,SY-D-039,ภาคใต้,374,5454
2025-09-22,AG-E-052,กรุงเทพฯ,143,2207
2025-09-22,AG-E-052,ภาคกลาง,117,2024
2025-09-22,AG-E-052,ภาคตะวันออก,88,1608
2025-09-22,AG-E-052,ภาคเหนือ,92,1182
2025-09-22,AG-E-052,ภาคใต้,108,1490
2025-09-23,TK-A-001,กรุงเทพฯ,228,3154
2025-09-23,TK-A-001,ภาคกลาง,178,2718
2025-09-23,TK-A-001,ภาคตะวันออก,123,1857
2025-09-23,TK-A-001,ภาคเหนือ,117,1839
2025-09-23,TK-A-001,ภาคใต้,147,1999
2025-09-23,GL-B-014,กรุงเทพฯ,1045,15686
2025-09-23,GL-B-014,ภาคกลาง,946,11595
2025-09-23,GL-B-014,ภาคตะวันออก,689,8999
2025-09-23,GL-B-014,ภาคเหนือ,536,8290
2025-09-23,GL-B-014,ภาคใต้,662,11337
2025-09-23,MK-C-028,กรุงเทพฯ,839,11078
2025-09-23,MK-C-028,ภาคกลาง,686,10179
2025-09-23,MK-C-028,ภาคตะวันออก,444,6392
2025-09-23,MK-C-028,ภาคเหนือ,389,7113
2025-09-23,MK-C-028,ภาคใต้,540,8072
2025-09-23,SY-D-039,กรุงเทพฯ,530,9272
2025-09-23,SY-D-039,ภาคกลาง,404,5842
2025-09-23,SY-D-039,ภาคตะวันออก,308,5024
2025-09-23,SY-D-039,ภาคเหนือ,256,4183
2025-09-23,SY-D-039,ภาคใต้,363,4812
2025-09-23,AG-E-052,กรุงเทพฯ,142,2102
2025-09-23,AG-E-052,ภาคกลาง,132,2055
2025-09-23,AG-E-052,ภาคตะวันออก,97,1382
2025-09-23,AG-E-052,ภาคเหนือ,82,1320
2025-09-23,AG-E-052,ภาคใต้,99,1742
2025-09-24,TK-A-001,กรุงเทพฯ,225,3544
2025-09-24,TK-A-001,ภาคกลาง,182,2795
2025-09-24,TK-A-001,ภาคตะวันออก,127,2153
2025-09-24,TK-A-001,ภาคเหนือ,121,1582
2025-09-24,TK-A-001,ภาคใต้,132,2471
2025-09-24,GL-B-014,กรุงเทพฯ,1000,16543
2025-09-24,GL-B-014,ภาคกลาง,811,11770
2025-09-24,GL-B-014,ภาคตะวันออก,702,11025
2025-09-24,GL-B-014,ภาคเหนือ,538,8289
2025-09-24,GL-B-014,ภาคใต้,733,12040
2025-09-24,MK-C-028,กรุงเทพฯ,810,12775
2025-09-24,MK-C-028,ภาคกลาง,580,10977
2025-09-24,MK-C-028,ภาคตะวันออก,477,6635
2025-09-24,MK-C-028,ภาคเหนือ,393,7304
2025-09-24,MK-C-028,ภาคใต้,516,8651
2025-09-24,SY-D-039,กรุงเทพฯ,473,8122
2025-09-24,SY-D-039,ภาคกลาง,453,6985
2025-09-24,SY-D-039,ภาคตะวันออก,321,4900
2025-09-24,SY-D-039,ภาคเหนือ,268,3857
2025-09-24,SY-D-039,ภาคใต้,350,5948
2025-09-24,AG-E-052,กรุงเทพฯ,148,2679
2025-09-24,AG-E-052,ภาคกลาง,116,2209
2025-09-24,AG-E-052,ภาคตะวันออก,95,1276
2025-09-24,AG-E-052,ภาคเหนือ,77,1201
2025-09-24,AG-E-052,ภาคใต้,111,1557
2025-09-25,TK-A-001,กรุงเทพฯ,210,3647
2025-09-25,TK-A-001,ภาคกลาง,179,2290
2025-09-25,TK-A-001,ภาคตะวันออก,115,2216
2025-09-25,TK-A-001,ภาคเหนือ,100,1951
2025-09-25,TK-A-001,ภาคใต้,145,1874
2025-09-25,GL-B-014,กรุงเทพฯ,978,18525
2025-09-25,GL-B-014,ภาคกลาง,921,15109
2025-09-25,GL-B-014,ภาคตะวันออก,628,11472
2025-09-25,GL-B-014,ภาคเหนือ,524,9192
2025-09-25,GL-B-014,ภาคใต้,731,10333
2025-09-25,MK-C-028,กรุงเทพฯ,749,13171
2025-09-25,MK-C-028,ภาคกลาง,566,9989
2025-09-25,MK-C-028,ภาคตะวันออก,480,6347
2025-09-25,MK-C-028,ภาคเหนือ,385,6180
2025-09-25,MK-C-028,ภาคใต้,537,8968
2025-09-25,SY-D-039,กรุงเทพฯ,538,8923
2025-09-25,SY-D-039,ภาคกลาง,403,5680
2025-09-25,SY-D-039,ภาคตะวันออก,308,5068
2025-09-25,SY-D-039,ภาคเหนือ,256,3989
2025-09-25,SY-D-039,ภาคใต้,337,5603
2025-09-25,AG-E-052,กรุงเทพฯ,160,2220
2025-09-25,AG-E-052,ภาคกลาง,128,1677
2025-09-25,AG-E-052,ภาคตะวันออก,97,1637
2025-09-25,AG-E-052,ภาคเหนือ,79,1170
2025-09-25,AG-E-052,ภาคใต้,101,1782
2025-09-26,TK-A-001,กรุงเทพฯ,219,3063
2025-09-26,TK-A-001,ภาคกลาง,169,2895
2025-09-26,TK-A-001,ภาคตะวันออก,134,1682
2025-09-26,TK-A-001,ภาคเหนือ,99,1555
2025-09-26,TK-A-001,ภาคใต้,145,1947
2025-09-26,GL-B-014,กรุงเทพฯ,993,16958
2025-09-26,GL-B-014,ภาคกลาง,900,14238
2025-09-26,GL-B-014,ภาคตะวันออก,604,9334
2025-09-26,GL-B-014,ภาคเหนือ,563,9837
2025-09-26,GL-B-014,ภาคใต้,674,12394
2025-09-26,MK-C-028,กรุงเทพฯ,722,12801
2025-09-26,MK-C-028,ภาคกลาง,647,8637
2025-09-26,MK-C-028,ภาคตะวันออก,423,6787
2025-09-26,MK-C-028,ภาคเหนือ,448,7210
2025-09-26,MK-C-028,ภาคใต้,476,7449
2025-09-26,SY-D-039,กรุงเทพฯ,508,8971
2025-09-26,SY-D-039,ภาคกลาง,390,7174
2025-09-26,SY-D-039,ภาคตะวันออก,338,4170
2025-09-26,SY-D-039,ภาคเหนือ,257,4547
2025-09-26,SY-D-039,ภาคใต้,371,6008
2025-09-26,AG-E-052,กรุงเทพฯ,167,2606
2025-09-26,AG-E-052,ภาคกลาง,125,2085
2025-09-26,AG-E-052,ภาคตะวันออก,100,1313
2025-09-26,AG-E-052,ภาคเหนือ,78,1181
2025-09-26,AG-E-052,ภาคใต้,112,1702
2025-09-27,TK-A-001,กรุงเทพฯ,215,3685
2025-09-27,TK-A-001,ภาคกลาง,152,2296
2025-09-27,TK-A-001,ภาคตะวันออก,111,2132
2025-09-27,TK-A-001,ภาคเหนือ,113,1685
2025-09-27,TK-A-001,ภาคใต้,143,2329
2025-09-27,GL-B-014,กรุงเทพฯ,1033,14940
2025-09-27,GL-B-014,ภาคกลาง,922,11637
2025-09-27,GL-B-014,ภาคตะวันออก,588,10898
2025-09-27,GL-B-014,ภาคเหนือ,601,7778
2025-09-27,GL-B-014,ภาคใต้,697,11389
2025-09-27,MK-C-028,กรุงเทพฯ,740,10660
2025-09-27,MK-C-028,ภาคกลาง,590,8632
2025-09-27,MK-C-028,ภาคตะวันออก,463,7062
2025-09-27,MK-C-028,ภาคเหนือ,403,6547
2025-09-27,MK-C-028,ภาคใต้,487,7934
2025-09-27,SY-D-039,กรุงเทพฯ,553,8066
2025-09-27,SY-D-039,ภาคกลาง,448,6767
2025-09-27,SY-D-039,ภาคตะวันออก,292,5033
2025-09-27,SY-D-039,ภาคเหนือ,245,4410
2025-09-27,SY-D-039,ภาคใต้,324,4996
2025-09-27,AG-E-052,กรุงเทพฯ,161,2078
2025-09-27,AG-E-052,ภาคกลาง,113,1681
2025-09-27,AG-E-052,ภาคตะวันออก,92,1504
2025-09-27,AG-E-052,ภาคเหนือ,86,1256
2025-09-27,AG-E-052,ภาคใต้,109,1821
2025-09-28,TK-A-001,กรุงเทพฯ,204,3212
2025-09-28,TK-A-001,ภาคกลาง,165,2961
2025-09-28,TK-A-001,ภาคตะวันออก,116,1822
2025-09-28,TK-A-001,ภาคเหนือ,102,1969
2025-09-28,TK-A-001,ภาคใต้,138,2013
2025-09-28,GL-B-014,กรุงเทพฯ,953,15415
2025-09-28,GL-B-014,ภาคกลาง,805,11542
2025-09-28,GL-B-014,ภาคตะวันออก,605,8803
2025-09-28,GL-B-014,ภาคเหนือ,575,8898
2025-09-28,GL-B-014,ภาคใต้,675,12545
2025-09-28,MK-C-028,กรุงเทพฯ,697,11884
2025-09-28,MK-C-028,ภาคกลาง,567,10044
2025-09-28,MK-C-028,ภาคตะวันออก,411,6722
2025-09-28,MK-C-028,ภาคเหนือ,405,6294
2025-09-28,MK-C-028,ภาคใต้,480,7841
2025-09-28,SY-D-039,กรุงเทพฯ,528,8007
2025-09-28,SY-D-039,ภาคกลาง,397,6995
2025-09-28,SY-D-039,ภาคตะวันออก,296,5517
2025-09-28,SY-D-039,ภาคเหนือ,269,3782
2025-09-28,SY-D-039,ภาคใต้,332,5275
2025-09-28,AG-E-052,กรุงเทพฯ,143,2788
2025-09-28,AG-E-052,ภาคกลาง,112,2044
2025-09-28,AG-E-052,ภาคตะวันออก,82,1443
2025-09-28,AG-E-052,ภาคเหนือ,77,1275
2025-09-28,AG-E-052,ภาคใต้,104,1708
2025-09-29,TK-A-001,กรุงเทพฯ,186,3399
2025-09-29,TK-A-001,ภาคกลาง,172,2588
2025-09-29,TK-A-001,ภาคตะวันออก,128,1667
2025-09-29,TK-A-001,ภาคเหนือ,109,1541
2025-09-29,TK-A-001,ภาคใต้,123,1933
2025-09-29,GL-B-014,กรุงเทพฯ,1087,18512
2025-09-29,GL-B-014,ภาคกลาง,778,13961
2025-09-29,GL-B-014,ภาคตะวันออก,592,9962
2025-09-29,GL-B-014,ภาคเหนือ,566,9493
2025-09-29,GL-B-014,ภาคใต้,643,10334
2025-09-29,MK-C-028,กรุงเทพฯ,751,11280
2025-09-29,MK-C-028,ภาคกลาง,646,9518
2025-09-29,MK-C-028,ภาคตะวันออก,484,7421
2025-09-29,MK-C-028,ภาคเหนือ,434,6083
2025-09-29,MK-C-028,ภาคใต้,482,9076
2025-09-29,SY-D-039,กรุงเทพฯ,534,8803
2025-09-29,SY-D-039,ภาคกลาง,422,7244
2025-09-29,SY-D-039,ภาคตะวันออก,312,5430
2025-09-29,SY-D-039,ภาคเหนือ,247,4006
2025-09-29,SY-D-039,ภาคใต้,366,5093
2025-09-29,AG-E-052,กรุงเทพฯ,147,2281
2025-09-29,AG-E-052,ภาคกลาง,116,1798
2025-09-29,AG-E-052,ภาคตะวันออก,83,1411
2025-09-29,AG-E-052,ภาคเหนือ,80,1202
2025-09-29,AG-E-052,ภาคใต้,103,1481
2025-09-30,TK-A-001,กรุงเทพฯ,215,3171
2025-09-30,TK-A-001,ภาคกลาง,154,2581
2025-09-30,TK-A-001,ภาคตะวันออก,127,1932
2025-09-30,TK-A-001,ภาคเหนือ,106,1721
2025-09-30,TK-A-001,ภาคใต้,140,2125
2025-09-30,GL-B-014,กรุงเทพฯ,957,17512
2025-09-30,GL-B-014,ภาคกลาง,889,11569
2025-09-30,GL-B-014,ภาคตะวันออก,673,11378
2025-09-30,GL-B-014,ภาคเหนือ,517,10124
2025-09-30,GL-B-014,ภาคใต้,753,12240
2025-09-30,MK-C-028,กรุงเทพฯ,677,12008
2025-09-30,MK-C-028,ภาคกลาง,558,8434
2025-09-30,MK-C-028,ภาคตะวันออก,493,7179
2025-09-30,MK-C-028,ภาคเหนือ,390,6806
2025-09-30,MK-C-028,ภาคใต้,523,7915
2025-09-30,SY-D-039,กรุงเทพฯ,459,8538
2025-09-30,SY-D-039,ภาคกลาง,423,5776
2025-09-30,SY-D-039,ภาคตะวันออก,297,5031
2025-09-30,SY-D-039,ภาคเหนือ,291,3883
2025-09-30,SY-D-039,ภาคใต้,364,5889
2025-09-30,AG-E-052,กรุงเทพฯ,146,2231
2025-09-30,AG-E-052,ภาคกลาง,119,2186
2025-09-30,AG-E-052,ภาคตะวันออก,96,1382
2025-09-30,AG-E-052,ภาคเหนือ,84,1264
2025-09-30,AG-E-052,ภาคใต้,99,1805
2025-10-01,TK-A-001,กรุงเทพฯ,218,3482
2025-10-01,TK-A-001,ภาคกลาง,154,2544
2025-10-01,TK-A-001,ภาคตะวันออก,111,1900
2025-10-01,TK-A-001,ภาคเหนือ,112,1835
2025-10-01,TK-A-001,ภาคใต้,121,2121
2025-10-01,GL-B-014,กรุงเทพฯ,1085,18827
2025-10-01,GL-B-014,ภาคกลาง,893,13794
2025-10-01,GL-B-014,ภาคตะวันออก,604,10930
2025-10-01,GL-B-014,ภาคเหนือ,597,9446
2025-10-01,GL-B-014,ภาคใต้,628,11658
2025-10-01,MK-C-028,กรุงเทพฯ,704,12606
2025-10-01,MK-C-028,ภาคกลาง,585,9249
2025-10-01,MK-C-028,ภาคตะวันออก,411,8195
2025-10-01,MK-C-028,ภาคเหนือ,423,5788
2025-10-01,MK-C-028,ภาคใต้,501,7345
2025-10-01,SY-D-039,กรุงเทพฯ,447,8838
2025-10-01,SY-D-039,ภาคกลาง,377,6640
2025-10-01,SY-D-039,ภาคตะวันออก,280,4464
2025-10-01,SY-D-039,ภาคเหนือ,289,3859
2025-10-01,SY-D-039,ภาคใต้,338,5667
2025-10-01,AG-E-052,กรุงเทพฯ,140,2572
2025-10-01,AG-E-052,ภาคกลาง,123,1838
2025-10-01,AG-E-052,ภาคตะวันออก,89,1557
2025-10-01,AG-E-052,ภาคเหนือ,83,1375
2025-10-01,AG-E-052,ภาคใต้,99,1507
2025-10-02,TK-A-001,กรุงเทพฯ,198,2992
2025-10-02,TK-A-001,ภาคกลาง,172,2855
2025-10-02,TK-A-001,ภาคตะวันออก,120,2161
2025-10-02,TK-A-001,ภาคเหนือ,113,1932
2025-10-02,TK-A-001,ภาคใต้,124,2261
2025-10-02,GL-B-014,กรุงเทพฯ,930,16210
2025-10-02,GL-B-014,ภาคกลาง,860,14265
2025-10-02,GL-B-014,ภาคตะวันออก,610,9690
2025-10-02,GL-B-014,ภาคเหนือ,550,10162
2025-10-02,GL-B-014,ภาคใต้,725,11938
2025-10-02,MK-C-028,กรุงเทพฯ,720,11650
2025-10-02,MK-C-028,ภาคกลาง,644,9531
2025-10-02,MK-C-028,ภาคตะวันออก,449,8068
2025-10-02,MK-C-028,ภาคเหนือ,380,5663
2025-10-02,MK-C-028,ภาคใต้,458,7037
2025-10-02,SY-D-039,กรุงเทพฯ,478,7874
2025-10-02,SY-D-039,ภาคกลาง,381,6284
2025-10-02,SY-D-039,ภาคตะวันออก,304,4262
2025-10-02,SY-D-039,ภาคเหนือ,263,4074
2025-10-02,SY-D-039,ภาคใต้,346,4780
2025-10-02,AG-E-052,กรุงเทพฯ,150,2544
2025-10-02,AG-E-052,ภาคกลาง,114,1906
2025-10-02,AG-E-052,ภาคตะวันออก,83,1464
2025-10-02,AG-E-052,ภาคเหนือ,86,1384
2025-10-02,AG-E-052,ภาคใต้,91,1816
2025-10-03,TK-A-001,กรุงเทพฯ,177,3211
2025-10-03,TK-A-001,ภาคกลาง,169,2380
2025-10-03,TK-A-001,ภาคตะวันออก,119,2048
2025-10-03,TK-A-001,ภาคเหนือ,113,1674
2025-10-03,TK-A-001,ภาคใต้,129,2448
2025-10-03,GL-B-014,กรุงเทพฯ,1033,19043
2025-10-03,GL-B-014,ภาคกลาง,774,14184
2025-10-03,GL-B-014,ภาคตะวันออก,583,10649
2025-10-03,GL-B-014,ภาคเหนือ,554,9715
2025-10-03,GL-B-014,ภาคใต้,704,11240
2025-10-03,MK-C-028,กรุงเทพฯ,774,13452
2025-10-03,MK-C-028,ภาคกลาง,608,9961
2025-10-03,MK-C-028,ภาคตะวันออก,456,8342
2025-10-03,MK-C-028,ภาคเหนือ,363,7398
2025-10-03,MK-C-028,ภาคใต้,494,8601
2025-10-03,SY-D-039,กรุงเทพฯ,462,8016
2025-10-03,SY-D-039,ภาคกลาง,390,6295
2025-10-03,SY-D-039,ภาคตะวันออก,266,4239
2025-10-03,SY-D-039,ภาคเหนือ,253,4264
2025-10-03,SY-D-039,ภาคใต้,316,5314
2025-10-03,AG-E-052,กรุงเทพฯ,134,2701
2025-10-03,AG-E-052,ภาคกลาง,116,1868
2025-10-03,AG-E-052,ภาคตะวันออก,92,1343
2025-10-03,AG-E-052,ภาคเหนือ,85,1444
2025-10-03,AG-E-052,ภาคใต้,90,1441
2025-10-04,TK-A-001,กรุงเทพฯ,205,3508
2025-10-04,TK-A-001,ภาคกลาง,141,2519
2025-10-04,TK-A-001,ภาคตะวันออก,116,1951
2025-10-04,TK-A-001,ภาคเหนือ,111,1968
2025-10-04,TK-A-001,ภาคใต้,141,2334
2025-10-04,GL-B-014,กรุงเทพฯ,1039,18895
2025-10-04,GL-B-014,ภาคกลาง,883,12175
2025-10-04,GL-B-014,ภาคตะวันออก,551,9589
2025-10-04,GL-B-014,ภาคเหนือ,534,7892
2025-10-04,GL-B-014,ภาคใต้,695,12233
2025-10-04,MK-C-028,กรุงเทพฯ,751,10891
2025-10-04,MK-C-028,ภาคกลาง,623,10243
2025-10-04,MK-C-028,ภาคตะวันออก,436,6551
2025-10-04,MK-C-028,ภาคเหนือ,398,6756
2025-10-04,MK-C-028,ภาคใต้,474,8843
2025-10-04,SY-D-039,กรุงเทพฯ,446,6996
2025-10-04,SY-D-039,ภาคกลาง,361,6908
2025-10-04,SY-D-039,ภาคตะวันออก,302,4232
2025-10-04,SY-D-039,ภาคเหนือ,242,3884
2025-10-04,SY-D-039,ภาคใต้,344,5536
2025-10-04,AG-E-052,กรุงเทพฯ,141,2406
2025-10-04,AG-E-052,ภาคกลาง,113,1955
2025-10-04,AG-E-052,ภาคตะวันออก,82,1584
2025-10-04,AG-E-052,ภาคเหนือ,77,1444
2025-10-04,AG-E-052,ภาคใต้,106,1835
2025-10-05,TK-A-001,กรุงเทพฯ,177,3564
2025-10-05,TK-A-001,ภาคกลาง,167,2442
2025-10-05,TK-A-001,ภาคตะวันออก,120,1913
2025-10-05,TK-A-001,ภาคเหนือ,112,1519
2025-10-05,TK-A-001,ภาคใต้,130,1864
2025-10-05,GL-B-014,กรุงเทพฯ,1010,16688
2025-10-05,GL-B-014,ภาคกลาง,778,12387
2025-10-05,GL-B-014,ภาคตะวันออก,569,9744
2025-10-05,GL-B-014,ภาคเหนือ,481,8047
2025-10-05,GL-B-014,ภาคใต้,613,12479
2025-10-05,MK-C-028,กรุงเทพฯ,790,11444
2025-10-05,MK-C-028,ภาคกลาง,594,9777
2025-10-05,MK-C-028,ภาคตะวันออก,405,6442
2025-10-05,MK-C-028,ภาคเหนือ,375,5648
2025-10-05,MK-C-028,ภาคใต้,449,7723
2025-10-05,SY-D-039,กรุงเทพฯ,448,8225
2025-10-05,SY-D-039,ภาคกลาง,351,6629
2025-10-05,SY-D-039,ภาคตะวันออก,277,4618
2025-10-05,SY-D-039,ภาคเหนือ,277,4353
2025-10-05,SY-D-039,ภาคใต้,325,5922
2025-10-05,AG-E-052,กรุงเทพฯ,149,2129
2025-10-05,AG-E-052,ภาคกลาง,106,1701
2025-10-05,AG-E-052,ภาคตะวันออก,89,1335
2025-10-05,AG-E-052,ภาคเหนือ,77,1199
2025-10-05,AG-E-052,ภาคใต้,94,1400
2025-10-06,TK-A-001,กรุงเทพฯ,207,3438
2025-10-06,TK-A-001,ภาคกลาง,167,2873
2025-10-06,TK-A-001,ภาคตะวันออก,114,1811
2025-10-06,TK-A-001,ภาคเหนือ,98,1918
2025-10-06,TK-A-001,ภาคใต้,131,1848
2025-10-06,GL-B-014,กรุงเทพฯ,979,18498
2025-10-06,GL-B-014,ภาคกลาง,812,12668
2025-10-06,GL-B-014,ภาคตะวันออก,563,8975
2025-10-06,GL-B-014,ภาคเหนือ,503,8405
2025-10-06,GL-B-014,ภาคใต้,596,11245
2025-10-06,MK-C-028,กรุงเทพฯ,715,13533
2025-10-06,MK-C-028,ภาคกลาง,585,10994
2025-10-06,MK-C-028,ภาคตะวันออก,404,8118
2025-10-06,MK-C-028,ภาคเหนือ,371,5892
2025-10-06,MK-C-028,ภาคใต้,450,7125
2025-10-06,SY-D-039,กรุงเทพฯ,447,7017
2025-10-06,SY-D-039,ภาคกลาง,369,5958
2025-10-06,SY-D-039,ภาคตะวันออก,303,4488
2025-10-06,SY-D-039,ภาคเหนือ,279,4917
2025-10-06,SY-D-039,ภาคใต้,318,5317
2025-10-06,AG-E-052,กรุงเทพฯ,156,2605
2025-10-06,AG-E-052,ภาคกลาง,115,1811
2025-10-06,AG-E-052,ภาคตะวันออก,94,1247
2025-10-06,AG-E-052,ภาคเหนือ,74,1355
2025-10-06,AG-E-052,ภาคใต้,95,1829
2025-10-07,TK-A-001,กรุงเทพฯ,208,3072
2025-10-07,TK-A-001,ภาคกลาง,147,2747
2025-10-07,TK-A-001,ภาคตะวันออก,119,1809
2025-10-07,TK-A-001,ภาคเหนือ,110,1629
2025-10-07,TK-A-001,ภาคใต้,135,1960
2025-10-07,GL-B-014,กรุงเทพฯ,1014,15024
2025-10-07,GL-B-014,ภาคกลาง,846,13631
2025-10-07,GL-B-014,ภาคตะวันออก,571,10823
2025-10-07,GL-B-014,ภาคเหนือ,554,9516
2025-10-07,GL-B-014,ภาคใต้,688,11863
2025-10-07,MK-C-028,กรุงเทพฯ,652,10500
2025-10-07,MK-C-028,ภาคกลาง,613,9690
2025-10-07,MK-C-028,ภาคตะวันออก,409,6743
2025-10-07,MK-C-028,ภาคเหนือ,396,7081
2025-10-07,MK-C-028,ภาคใต้,443,7420
2025-10-07,SY-D-039,กรุงเทพฯ,496,8241
2025-10-07,SY-D-039,ภาคกลาง,346,5654
2025-10-07,SY-D-039,ภาคตะวันออก,265,5008
2025-10-07,SY-D-039,ภาคเหนือ,271,4032
2025-10-07,SY-D-039,ภาคใต้,347,6122
2025-10-07,AG-E-052,กรุงเทพฯ,134,2776
2025-10-07,AG-E-052,ภาคกลาง,106,1674
2025-10-07,AG-E-052,ภาคตะวันออก,79,1654
2025-10-07,AG-E-052,ภาคเหนือ,71,1181
2025-10-07,AG-E-052,ภาคใต้,98,1772
2025-10-08,TK-A-001,กรุงเทพฯ,202,3277
2025-10-08,TK-A-001,ภาคกลาง,165,2485
2025-10-08,TK-A-001,ภาคตะวันออก,119,2038
2025-10-08,TK-A-001,ภาคเหนือ,103,1568
2025-10-08,TK-A-001,ภาคใต้,121,1993
2025-10-08,GL-B-014,กรุงเทพฯ,981,19233
2025-10-08,GL-B-014,ภาคกลาง,714,12115
2025-10-08,GL-B-014,ภาคตะวันออก,617,9079
2025-10-08,GL-B-014,ภาคเหนือ,519,9731
2025-10-08,GL-B-014,ภาคใต้,641,11735
2025-10-08,MK-C-028,กรุงเทพฯ,743,12170
2025-10-08,MK-C-028,ภาคกลาง,563,8516
2025-10-08,MK-C-028,ภาคตะวันออก,449,7793
2025-10-08,MK-C-028,ภาคเหนือ,375,6714
2025-10-08,MK-C-028,ภาคใต้,446,7211
2025-10-08,SY-D-039,กรุงเทพฯ,455,7654
2025-10-08,SY-D-039,ภาคกลาง,398,6190
2025-10-08,SY-D-039,ภาคตะวันออก,290,5021
2025-10-08,SY-D-039,ภาคเหนือ,254,4697
2025-10-08,SY-D-039,ภาคใต้,290,5026
2025-10-08,AG-E-052,กรุงเทพฯ,132,2257
2025-10-08,AG-E-052,ภาคกลาง,111,1733
2025-10-08,AG-E-052,ภาคตะวันออก,90,1429
2025-10-08,AG-E-052,ภาคเหนือ,69,1225
2025-10-08,AG-E-052,ภาคใต้,91,1570
2025-10-09,TK-A-001,กรุงเทพฯ,188,3411
2025-10-09,TK-A-001,ภาคกลาง,146,2857
2025-10-09,TK-A-001,ภาคตะวันออก,111,2138
2025-10-09,TK-A-001,ภาคเหนือ,106,1794
2025-10-09,TK-A-001,ภาคใต้,130,2479
2025-10-09,GL-B-014,กรุงเทพฯ,883,17978
2025-10-09,GL-B-014,ภาคกลาง,719,12551
2025-10-09,GL-B-014,ภาคตะวันออก,577,11393
2025-10-09,GL-B-014,ภาคเหนือ,477,8994
2025-10-09,GL-B-014,ภาคใต้,710,11331
2025-10-09,MK-C-028,กรุงเทพฯ,667,11858
2025-10-09,MK-C-028,ภาคกลาง,582,8849
2025-10-09,MK-C-028,ภาคตะวันออก,448,7986
2025-10-09,MK-C-028,ภาคเหนือ,359,6649
2025-10-09,MK-C-028,ภาคใต้,439,7925
2025-10-09,SY-D-039,กรุงเทพฯ,428,7819
2025-10-09,SY-D-039,ภาคกลาง,389,5568
2025-10-09,SY-D-039,ภาคตะวันออก,287,5514
2025-10-09,SY-D-039,ภาคเหนือ,258,4038
2025-10-09,SY-D-039,ภาคใต้,296,5412
2025-10-09,AG-E-052,กรุงเทพฯ,144,2428
2025-10-09,AG-E-052,ภาคกลาง,112,2169
2025-10-09,AG-E-052,ภาคตะวันออก,89,1265
2025-10-09,AG-E-052,ภาคเหนือ,72,1108
2025-10-09,AG-E-052,ภาคใต้,86,1548
2025-10-10,TK-A-001,กรุงเทพฯ,187,3491
2025-10-10,TK-A-001,ภาคกลาง,143,2473
2025-10-10,TK-A-001,ภาคตะวันออก,104,2109
2025-10-10,TK-A-001,ภาคเหนือ,106,1586
2025-10-10,TK-A-001,ภาคใต้,118,2194
2025-10-10,GL-B-014,กรุงเทพฯ,990,17845
2025-10-10,GL-B-014,ภาคกลาง,784,13987
2025-10-10,GL-B-014,ภาคตะวันออก,533,11528
2025-10-10,GL-B-014,ภาคเหนือ,464,10169
2025-10-10,GL-B-014,ภาคใต้,662,10398
2025-10-10,MK-C-028,กรุงเทพฯ,657,12290
2025-10-10,MK-C-028,ภาคกลาง,518,9955
2025-10-10,MK-C-028,ภาคตะวันออก,421,6274
2025-10-10,MK-C-028,ภาคเหนือ,345,5920
2025-10-10,MK-C-028,ภาคใต้,438,7218
2025-10-10,SY-D-039,กรุงเทพฯ,490,8973
2025-10-10,SY-D-039,ภาคกลาง,352,6225
2025-10-10,SY-D-039,ภาคตะวันออก,274,4887
2025-10-10,SY-D-039,ภาคเหนือ,270,3830
2025-10-10,SY-D-039,ภาคใต้,320,5513
2025-10-10,AG-E-052,กรุงเทพฯ,140,2711
2025-10-10,AG-E-052,ภาคกลาง,109,2041
2025-10-10,AG-E-052,ภาคตะวันออก,80,1660
2025-10-10,AG-E-052,ภาคเหนือ,76,1231
2025-10-10,AG-E-052,ภาคใต้,99,1456
2025-10-11,TK-A-001,กรุงเทพฯ,192,3147
2025-10-11,TK-A-001,ภาคกลาง,153,2421
2025-10-11,TK-A-001,ภาคตะวันออก,104,2064
2025-10-11,TK-A-001,ภาคเหนือ,96,1635
2025-10-11,TK-A-001,ภาคใต้,125,2228
2025-10-11,GL-B-014,กรุงเทพฯ,943,18139
2025-10-11,GL-B-014,ภาคกลาง,830,12679
2025-10-11,GL-B-014,ภาคตะวันออก,622,9981
2025-10-11,GL-B-014,ภาคเหนือ,510,8045
2025-10-11,GL-B-014,ภาคใต้,600,11905
2025-10-11,MK-C-028,กรุงเทพฯ,695,10572
2025-10-11,MK-C-028,ภาคกลาง,514,10539
2025-10-11,MK-C-028,ภาคตะวันออก,419,6206
2025-10-11,MK-C-028,ภาคเหนือ,394,7432
2025-10-11,MK-C-028,ภาคใต้,452,7704
2025-10-11,SY-D-039,กรุงเทพฯ,500,9224
2025-10-11,SY-D-039,ภาคกลาง,399,5595
2025-10-11,SY-D-039,ภาคตะวันออก,285,5127
2025-10-11,SY-D-039,ภาคเหนือ,261,4130
2025-10-11,SY-D-039,ภาคใต้,304,5405
2025-10-11,AG-E-052,กรุงเทพฯ,145,2327
2025-10-11,AG-E-052,ภาคกลาง,117,1828
2025-10-11,AG-E-052,ภาคตะวันออก,91,1475
2025-10-11,AG-E-052,ภาคเหนือ,69,1229
2025-10-11,AG-E-052,ภาคใต้,90,1524
2025-10-12,TK-A-001,กรุงเทพฯ,172,3222
2025-10-12,TK-A-001,ภาคกลาง,154,2946
2025-10-12,TK-A-001,ภาคตะวันออก,108,1695
2025-10-12,TK-A-001,ภาคเหนือ,102,1852
2025-10-12,TK-A-001,ภาคใต้,124,2024
2025-10-12,GL-B-014,กรุงเทพฯ,942,18299
2025-10-12,GL-B-014,ภาคกลาง,822,15085
2025-10-12,GL-B-014,ภาคตะวันออก,531,9523
2025-10-12,GL-B-014,ภาคเหนือ,555,7824
2025-10-12,GL-B-014,ภาคใต้,582,9537
2025-10-12,MK-C-028,กรุงเทพฯ,666,13940
2025-10-12,MK-C-028,ภาคกลาง,553,10771
2025-10-12,MK-C-028,ภาคตะวันออก,406,8291
2025-10-12,MK-C-028,ภาคเหนือ,390,7097
2025-10-12,MK-C-028,ภาคใต้,425,7591
2025-10-12,SY-D-039,กรุงเทพฯ,467,8535
2025-10-12,SY-D-039,ภาคกลาง,402,6838
2025-10-12,SY-D-039,ภาคตะวันออก,291,4842
2025-10-12,SY-D-039,ภาคเหนือ,256,3979
2025-10-12,SY-D-039,ภาคใต้,324,4817
2025-10-12,AG-E-052,กรุงเทพฯ,128,2289
2025-10-12,AG-E-052,ภาคกลาง,106,1693
2025-10-12,AG-E-052,ภาคตะวันออก,78,1562
2025-10-12,AG-E-052,ภาคเหนือ,70,1160
2025-10-12,AG-E-052,ภาคใต้,94,1487
2025-10-13,TK-A-001,กรุงเทพฯ,175,2951
2025-10-13,TK-A-001,ภาคกลาง,157,2848
2025-10-13,TK-A-001,ภาคตะวันออก,104,2097
2025-10-13,TK-A-001,ภาคเหนือ,88,1929
2025-10-13,TK-A-001,ภาคใต้,110,2475
2025-10-13,GL-B-014,กรุงเทพฯ,996,18687
2025-10-13,GL-B-014,ภาคกลาง,769,14730
2025-10-13,GL-B-014,ภาคตะวันออก,588,8562
2025-10-13,GL-B-014,ภาคเหนือ,460,10079
2025-10-13,GL-B-014,ภาคใต้,668,10793
2025-10-13,MK-C-028,กรุงเทพฯ,744,13032
2025-10-13,MK-C-028,ภาคกลาง,570,9362
2025-10-13,MK-C-028,ภาคตะวันออก,449,8277
2025-10-13,MK-C-028,ภาคเหนือ,382,5994
2025-10-13,MK-C-028,ภาคใต้,489,7318
2025-10-13,SY-D-039,กรุงเทพฯ,438,7423
2025-10-13,SY-D-039,ภาคกลาง,378,6363
2025-10-13,SY-D-039,ภาคตะวันออก,251,5160
2025-10-13,SY-D-039,ภาคเหนือ,245,4947
2025-10-13,SY-D-039,ภาคใต้,322,4794
2025-10-13,AG-E-052,กรุงเทพฯ,141,2347
2025-10-13,AG-E-052,ภาคกลาง,115,2107
2025-10-13,AG-E-052,ภาคตะวันออก,85,1266
2025-10-13,AG-E-052,ภาคเหนือ,72,1304
2025-10-13,AG-E-052,ภาคใต้,86,1652
2025-10-14,TK-A-001,กรุงเทพฯ,182,3035
2025-10-14,TK-A-001,ภาคกลาง,151,2472
2025-10-14,TK-A-001,ภาคตะวันออก,117,2078
2025-10-14,TK-A-001,ภาคเหนือ,89,1885
2025-10-14,TK-A-001,ภาคใต้,116,2120
2025-10-14,GL-B-014,กรุงเทพฯ,898,18451
2025-10-14,GL-B-014,ภาคกลาง,801,13732
2025-10-14,GL-B-014,ภาคตะวันออก,571,9349
2025-10-14,GL-B-014,ภาคเหนือ,467,10123
2025-10-14,GL-B-014,ภาคใต้,602,11851
2025-10-14,MK-C-028,กรุงเทพฯ,642,12489
2025-10-14,MK-C-028,ภาคกลาง,538,10810
2025-10-14,MK-C-028,ภาคตะวันออก,398,7865
2025-10-14,MK-C-028,ภาคเหนือ,391,6335
2025-10-14,MK-C-028,ภาคใต้,416,8536
2025-10-14,SY-D-039,กรุงเทพฯ,483,8577
2025-10-14,SY-D-039,ภาคกลาง,395,6154
2025-10-14,SY-D-039,ภาคตะวันออก,294,4159
2025-10-14,SY-D-039,ภาคเหนือ,250,4299
2025-10-14,SY-D-039,ภาคใต้,330,5384
2025-10-14,AG-E-052,กรุงเทพฯ,131,2373
2025-10-14,AG-E-052,ภาคกลาง,116,1847
2025-10-14,AG-E-052,ภาคตะวันออก,73,1336
2025-10-14,AG-E-052,ภาคเหนือ,72,1198
2025-10-14,AG-E-052,ภาคใต้,92,1629
2025-10-15,TK-A-001,กรุงเทพฯ,193,3124
2025-10-15,TK-A-001,ภาคกลาง,140,2284
2025-10-15,TK-A-001,ภาคตะวันออก,111,2133
2025-10-15,TK-A-001,ภาคเหนือ,99,1874
2025-10-15,TK-A-001,ภาคใต้,112,2325
2025-10-15,GL-B-014,กรุงเทพฯ,968,15905
2025-10-15,GL-B-014,ภาคกลาง,766,13930
2025-10-15,GL-B-014,ภาคตะวันออก,542,10214
2025-10-15,GL-B-014,ภาคเหนือ,523,7838
2025-10-15,GL-B-014,ภาคใต้,636,11650
2025-10-15,MK-C-028,กรุงเทพฯ,651,11765
2025-10-15,MK-C-028,ภาคกลาง,588,9613
2025-10-15,MK-C-028,ภาคตะวันออก,414,7545
2025-10-15,MK-C-028,ภาคเหนือ,353,6328
2025-10-15,MK-C-028,ภาคใต้,474,9183
2025-10-15,SY-D-039,กรุงเทพฯ,490,6965
2025-10-15,SY-D-039,ภาคกลาง,380,6912
2025-10-15,SY-D-039,ภาคตะวันออก,282,4658
2025-10-15,SY-D-039,ภาคเหนือ,220,3835
2025-10-15,SY-D-039,ภาคใต้,295,6071
2025-10-15,AG-E-052,กรุงเทพฯ,128,2534
2025-10-15,AG-E-052,ภาคกลาง,101,2074
2025-10-15,AG-E-052,ภาคตะวันออก,81,1550
2025-10-15,AG-E-052,ภาคเหนือ,68,1351
2025-10-15,AG-E-052,ภาคใต้,95,1457
2025-10-16,TK-A-001,กรุงเทพฯ,185,2868
2025-10-16,TK-A-001,ภาคกลาง,145,2524
2025-10-16,TK-A-001,ภาคตะวันออก,97,2214
2025-10-16,TK-A-001,ภาคเหนือ,95,1685
2025-10-16,TK-A-001,ภาคใต้,124,2403
2025-10-16,GL-B-014,กรุงเทพฯ,858,19016
2025-10-16,GL-B-014,ภาคกลาง,676,14345
2025-10-16,GL-B-014,ภาคตะวันออก,496,10678
2025-10-16,GL-B-014,ภาคเหนือ,463,10166
2025-10-16,GL-B-014,ภาคใต้,579,10095
2025-10-16,MK-C-028,กรุงเทพฯ,607,11729
2025-10-16,MK-C-028,ภาคกลาง,554,9570
2025-10-16,MK-C-028,ภาคตะวันออก,389,7239
2025-10-16,MK-C-028,ภาคเหนือ,334,6030
2025-10-16,MK-C-028,ภาคใต้,422,9086
2025-10-16,SY-D-039,กรุงเทพฯ,476,7128
2025-10-16,SY-D-039,ภาคกลาง,342,6845
2025-10-16,SY-D-039,ภาคตะวันออก,276,5525
2025-10-16,SY-D-039,ภาคเหนือ,217,4272
2025-10-16,SY-D-039,ภาคใต้,279,4961
2025-10-16,AG-E-052,กรุงเทพฯ,135,2542
2025-10-16,AG-E-052,ภาคกลาง,102,2162
2025-10-16,AG-E-052,ภาคตะวันออก,73,1467
2025-10-16,AG-E-052,ภาคเหนือ,75,1332
2025-10-16,AG-E-052,ภาคใต้,84,1567
2025-10-17,TK-A-001,กรุงเทพฯ,159,3642
2025-10-17,TK-A-001,ภาคกลาง,146,2634
2025-10-17,TK-A-001,ภาคตะวันออก,114,1826
2025-10-17,TK-A-001,ภาคเหนือ,85,1788
2025-10-17,TK-A-001,ภาคใต้,123,2272
2025-10-17,GL-B-014,กรุงเทพฯ,871,15788
2025-10-17,GL-B-014,ภาคกลาง,665,11485
2025-10-17,GL-B-014,ภาคตะวันออก,523,8651
2025-10-17,GL-B-014,ภาคเหนือ,451,10142
2025-10-17,GL-B-014,ภาคใต้,589,11650
2025-10-17,MK-C-028,กรุงเทพฯ,638,11449
2025-10-17,MK-C-028,ภาคกลาง,519,8916
2025-10-17,MK-C-028,ภาคตะวันออก,425,6907
2025-10-17,MK-C-028,ภาคเหนือ,319,7288
2025-10-17,MK-C-028,ภาคใต้,451,9021
2025-10-17,SY-D-039,กรุงเทพฯ,449,6943
2025-10-17,SY-D-039,ภาคกลาง,320,6978
2025-10-17,SY-D-039,ภาคตะวันออก,248,5481
2025-10-17,SY-D-039,ภาคเหนือ,217,3778
2025-10-17,SY-D-039,ภาคใต้,265,5483
2025-10-17,AG-E-052,กรุงเทพฯ,123,2284
2025-10-17,AG-E-052,ภาคกลาง,104,1918
2025-10-17,AG-E-052,ภาคตะวันออก,86,1387
2025-10-17,AG-E-052,ภาคเหนือ,77,1389
2025-10-17,AG-E-052,ภาคใต้,81,1789
2025-10-18,TK-A-001,กรุงเทพฯ,186,3081
2025-10-18,TK-A-001,ภาคกลาง,132,2731
2025-10-18,TK-A-001,ภาคตะวันออก,111,1911
2025-10-18,TK-A-001,ภาคเหนือ,98,1958
2025-10-18,TK-A-001,ภาคใต้,117,1895
2025-10-18,GL-B-014,กรุงเทพฯ,909,15980
2025-10-18,GL-B-014,ภาคกลาง,740,11895
2025-10-18,GL-B-014,ภาคตะวันออก,539,10528
2025-10-18,GL-B-014,ภาคเหนือ,446,7973
2025-10-18,GL-B-014,ภาคใต้,586,11011
2025-10-18,MK-C-028,กรุงเทพฯ,720,10640
2025-10-18,MK-C-028,ภาคกลาง,530,9840
2025-10-18,MK-C-028,ภาคตะวันออก,432,7472
2025-10-18,MK-C-028,ภาคเหนือ,335,6857
2025-10-18,MK-C-028,ภาคใต้,403,7499
2025-10-18,SY-D-039,กรุงเทพฯ,418,8338
2025-10-18,SY-D-039,ภาคกลาง,324,6474
2025-10-18,SY-D-039,ภาคตะวันออก,244,4320
2025-10-18,SY-D-039,ภาคเหนือ,215,4397
2025-10-18,SY-D-039,ภาคใต้,308,5204
2025-10-18,AG-E-052,กรุงเทพฯ,121,2692
2025-10-18,AG-E-052,ภาคกลาง,109,1678
2025-10-18,AG-E-052,ภาคตะวันออก,72,1615
2025-10-18,AG-E-052,ภาคเหนือ,63,1138
2025-10-18,AG-E-052,ภาคใต้,92,1859
2025-10-19,TK-A-001,กรุงเทพฯ,175,3572
2025-10-19,TK-A-001,ภาคกลาง,143,2523
2025-10-19,TK-A-001,ภาคตะวันออก,96,2123
2025-10-19,TK-A-001,ภาคเหนือ,92,1767
2025-10-19,TK-A-001,ภาคใต้,111,1851
2025-10-19,GL-B-014,กรุงเทพฯ,979,18913
2025-10-19,GL-B-014,ภาคกลาง,775,14113
2025-10-19,GL-B-014,ภาคตะวันออก,552,9238
2025-10-19,GL-B-014,ภาคเหนือ,443,8169
2025-10-19,GL-B-014,ภาคใต้,637,10186
2025-10-19,MK-C-028,กรุงเทพฯ,587,11413
2025-10-19,MK-C-028,ภาคกลาง,542,10226
2025-10-19,MK-C-028,ภาคตะวันออก,409,6795
2025-10-19,MK-C-028,ภาคเหนือ,318,6027
2025-10-19,MK-C-028,ภาคใต้,393,6982
2025-10-19,SY-D-039,กรุงเทพฯ,391,7845
2025-10-19,SY-D-039,ภาคกลาง,339,6340
2025-10-19,SY-D-039,ภาคตะวันออก,265,4292
2025-10-19,SY-D-039,ภาคเหนือ,213,4344
2025-10-19,SY-D-039,ภาคใต้,290,6134
2025-10-19,AG-E-052,กรุงเทพฯ,128,2442
2025-10-19,AG-E-052,ภาคกลาง,98,1665
2025-10-19,AG-E-052,ภาคตะวันออก,84,1275
2025-10-19,AG-E-052,ภาคเหนือ,68,1408
2025-10-19,AG-E-052,ภาคใต้,79,1503
2025-10-20,TK-A-001,กรุงเทพฯ,164,3163
2025-10-20,TK-A-001,ภาคกลาง,137,2500
2025-10-20,TK-A-001,ภาคตะวันออก,100,2017
2025-10-20,TK-A-001,ภาคเหนือ,92,1786
2025-10-20,TK-A-001,ภาคใต้,112,2023
2025-10-20,GL-B-014,กรุงเทพฯ,866,19227
2025-10-20,GL-B-014,ภาคกลาง,722,13069
2025-10-20,GL-B-014,ภาคตะวันออก,524,9042
2025-10-20,GL-B-014,ภาคเหนือ,469,8011
2025-10-20,GL-B-014,ภาคใต้,641,9878
2025-10-20,MK-C-028,กรุงเทพฯ,593,13538
2025-10-20,MK-C-028,ภาคกลาง,513,10096
2025-10-20,MK-C-028,ภาคตะวันออก,420,7626
2025-10-20,MK-C-028,ภาคเหนือ,347,6115
2025-10-20,MK-C-028,ภาคใต้,406,8225
2025-10-20,SY-D-039,กรุงเทพฯ,440,7721
2025-10-20,SY-D-039,ภาคกลาง,361,6701
2025-10-20,SY-D-039,ภาคตะวันออก,247,4610
2025-10-20,SY-D-039,ภาคเหนือ,217,4254
2025-10-20,SY-D-039,ภาคใต้,272,6047
2025-10-20,AG-E-052,กรุงเทพฯ,117,2616
2025-10-20,AG-E-052,ภาคกลาง,103,2220
2025-10-20,AG-E-052,ภาคตะวันออก,82,1358
2025-10-20,AG-E-052,ภาคเหนือ,75,1405
2025-10-20,AG-E-052,ภาคใต้,89,1823
2025-10-21,TK-A-001,กรุงเทพฯ,184,2810
2025-10-21,TK-A-001,ภาคกลาง,131,2329
2025-10-21,TK-A-001,ภาคตะวันออก,105,1702
2025-10-21,TK-A-001,ภาคเหนือ,95,1911
2025-10-21,TK-A-001,ภาคใต้,125,2089
2025-10-21,GL-B-014,กรุงเทพฯ,885,14465
2025-10-21,GL-B-014,ภาคกลาง,683,12680
2025-10-21,GL-B-014,ภาคตะวันออก,530,10338
2025-10-21,GL-B-014,ภาคเหนือ,488,9866
2025-10-21,GL-B-014,ภาคใต้,631,11222
2025-10-21,MK-C-028,กรุงเทพฯ,638,11207
2025-10-21,MK-C-028,ภาคกลาง,525,9387
2025-10-21,MK-C-028,ภาคตะวันออก,383,7303
2025-10-21,MK-C-028,ภาคเหนือ,363,6083
2025-10-21,MK-C-028,ภาคใต้,410,8702
2025-10-21,SY-D-039,กรุงเทพฯ,458,7235
2025-10-21,SY-D-039,ภาคกลาง,349,7086
2025-10-21,SY-D-039,ภาคตะวันออก,251,4484
2025-10-21,SY-D-039,ภาคเหนือ,217,4805
2025-10-21,SY-D-039,ภาคใต้,296,5458
2025-10-21,AG-E-052,กรุงเทพฯ,134,2690
2025-10-21,AG-E-052,ภาคกลาง,102,2202
2025-10-21,AG-E-052,ภาคตะวันออก,78,1595
2025-10-21,AG-E-052,ภาคเหนือ,72,1324
2025-10-21,AG-E-052,ภาคใต้,93,1706
2025-10-22,TK-A-001,กรุงเทพฯ,183,3579
2025-10-22,TK-A-001,ภาคกลาง,125,2210
2025-10-22,TK-A-001,ภาคตะวันออก,95,2113
2025-10-22,TK-A-001,ภาคเหนือ,98,1798
2025-10-22,TK-A-001,ภาคใต้,109,2473
2025-10-22,GL-B-014,กรุงเทพฯ,857,15850
2025-10-22,GL-B-014,ภาคกลาง,682,15336
2025-10-22,GL-B-014,ภาคตะวันออก,537,11144
2025-10-22,GL-B-014,ภาคเหนือ,507,8138
2025-10-22,GL-B-014,ภาคใต้,556,10317
2025-10-22,MK-C-028,กรุงเทพฯ,605,12173
2025-10-22,MK-C-028,ภาคกลาง,459,10478
2025-10-22,MK-C-028,ภาคตะวันออก,343,6296
2025-10-22,MK-C-028,ภาคเหนือ,345,5888
2025-10-22,MK-C-028,ภาคใต้,441,7200
2025-10-22,SY-D-039,กรุงเทพฯ,420,8223
2025-10-22,SY-D-039,ภาคกลาง,320,5691
2025-10-22,SY-D-039,ภาคตะวันออก,247,5353
2025-10-22,SY-D-039,ภาคเหนือ,207,4281
2025-10-22,SY-D-039,ภาคใต้,257,6088
2025-10-22,AG-E-052,กรุงเทพฯ,135,2764
2025-10-22,AG-E-052,ภาคกลาง,94,1956
2025-10-22,AG-E-052,ภาคตะวันออก,78,1665
2025-10-22,AG-E-052,ภาคเหนือ,69,1381
2025-10-22,AG-E-052,ภาคใต้,87,1754
2025-10-23,TK-A-001,กรุงเทพฯ,175,3462
2025-10-23,TK-A-001,ภาคกลาง,131,2562
2025-10-23,TK-A-001,ภาคตะวันออก,101,2044
2025-10-23,TK-A-001,ภาคเหนือ,92,1627
2025-10-23,TK-A-001,ภาคใต้,108,2239
2025-10-23,GL-B-014,กรุงเทพฯ,856,15489
2025-10-23,GL-B-014,ภาคกลาง,714,12320
2025-10-23,GL-B-014,ภาคตะวันออก,558,10201
2025-10-23,GL-B-014,ภาคเหนือ,484,9284
2025-10-23,GL-B-014,ภาคใต้,562,12222
2025-10-23,MK-C-028,กรุงเทพฯ,646,11963
2025-10-23,MK-C-028,ภาคกลาง,505,11153
2025-10-23,MK-C-028,ภาคตะวันออก,351,6463
2025-10-23,MK-C-028,ภาคเหนือ,365,5582
2025-10-23,MK-C-028,ภาคใต้,396,9055
2025-10-23,SY-D-039,กรุงเทพฯ,408,7672
2025-10-23,SY-D-039,ภาคกลาง,307,5699
2025-10-23,SY-D-039,ภาคตะวันออก,251,5574
2025-10-23,SY-D-039,ภาคเหนือ,228,4546
2025-10-23,SY-D-039,ภาคใต้,290,5900
2025-10-23,AG-E-052,กรุงเทพฯ,129,2069
2025-10-23,AG-E-052,ภาคกลาง,91,1832
2025-10-23,AG-E-052,ภาคตะวันออก,69,1458
2025-10-23,AG-E-052,ภาคเหนือ,62,1163
2025-10-23,AG-E-052,ภาคใต้,77,1649
2025-10-24,TK-A-001,กรุงเทพฯ,160,2864
2025-10-24,TK-A-001,ภาคกลาง,120,2825
2025-10-24,TK-A-001,ภาคตะวันออก,95,2231
2025-10-24,TK-A-001,ภาคเหนือ,98,1818
2025-10-24,TK-A-001,ภาคใต้,114,2158
2025-10-24,GL-B-014,กรุงเทพฯ,839,18843
2025-10-24,GL-B-014,ภาคกลาง,660,14810
2025-10-24,GL-B-014,ภาคตะวันออก,476,9774
2025-10-24,GL-B-014,ภาคเหนือ,446,9106
2025-10-24,GL-B-014,ภาคใต้,530,10720
2025-10-24,MK-C-028,กรุงเทพฯ,575,13198
2025-10-24,MK-C-028,ภาคกลาง,467,8330
2025-10-24,MK-C-028,ภาคตะวันออก,374,6336
2025-10-24,MK-C-028,ภาคเหนือ,317,5782
2025-10-24,MK-C-028,ภาคใต้,408,8079
2025-10-24,SY-D-039,กรุงเทพฯ,430,7018
2025-10-24,SY-D-039,ภาคกลาง,353,6542
2025-10-24,SY-D-039,ภาคตะวันออก,232,4254
2025-10-24,SY-D-039,ภาคเหนือ,228,3686
2025-10-24,SY-D-039,ภาคใต้,304,5384
2025-10-24,AG-E-052,กรุงเทพฯ,136,2107
2025-10-24,AG-E-052,ภาคกลาง,108,1854
2025-10-24,AG-E-052,ภาคตะวันออก,78,1244
2025-10-24,AG-E-052,ภาคเหนือ,72,1483
2025-10-24,AG-E-052,ภาคใต้,81,1650
2025-10-25,TK-A-001,กรุงเทพฯ,167,3599
2025-10-25,TK-A-001,ภาคกลาง,135,2679
2025-10-25,TK-A-001,ภาคตะวันออก,99,1725
2025-10-25,TK-A-001,ภาคเหนือ,94,1817
2025-10-25,TK-A-001,ภาคใต้,121,2461
2025-10-25,GL-B-014,กรุงเทพฯ,844,18083
2025-10-25,GL-B-014,ภาคกลาง,743,14658
2025-10-25,GL-B-014,ภาคตะวันออก,470,8950
2025-10-25,GL-B-014,ภาคเหนือ,457,10073
2025-10-25,GL-B-014,ภาคใต้,619,10277
2025-10-25,MK-C-028,กรุงเทพฯ,594,12689
2025-10-25,MK-C-028,ภาคกลาง,458,10645
2025-10-25,MK-C-028,ภาคตะวันออก,397,7813
2025-10-25,MK-C-028,ภาคเหนือ,311,5680
2025-10-25,MK-C-028,ภาคใต้,452,7835
2025-10-25,SY-D-039,กรุงเทพฯ,390,7452
2025-10-25,SY-D-039,ภาคกลาง,298,7079
2025-10-25,SY-D-039,ภาคตะวันออก,251,5284
2025-10-25,SY-D-039,ภาคเหนือ,237,4344
2025-10-25,SY-D-039,ภาคใต้,300,5685
2025-10-25,AG-E-052,กรุงเทพฯ,135,2642
2025-10-25,AG-E-052,ภาคกลาง,92,2146
2025-10-25,AG-E-052,ภาคตะวันออก,78,1592
2025-10-25,AG-E-052,ภาคเหนือ,72,1444
2025-10-25,AG-E-052,ภาคใต้,79,1604
2025-10-26,TK-A-001,กรุงเทพฯ,153,2755
2025-10-26,TK-A-001,ภาคกลาง,142,2974
2025-10-26,TK-A-001,ภาคตะวันออก,94,1809
2025-10-26,TK-A-001,ภาคเหนือ,82,1820
2025-10-26,TK-A-001,ภาคใต้,108,1844
2025-10-26,GL-B-014,กรุงเทพฯ,929,16687
2025-10-26,GL-B-014,ภาคกลาง,629,14321
2025-10-26,GL-B-014,ภาคตะวันออก,462,9534
2025-10-26,GL-B-014,ภาคเหนือ,414,10207
2025-10-26,GL-B-014,ภาคใต้,566,10096
2025-10-26,MK-C-028,กรุงเทพฯ,646,10369
2025-10-26,MK-C-028,ภาคกลาง,445,9604
2025-10-26,MK-C-028,ภาคตะวันออก,369,6691
2025-10-26,MK-C-028,ภาคเหนือ,318,6012
2025-10-26,MK-C-028,ภาคใต้,406,8372
2025-10-26,SY-D-039,กรุงเทพฯ,370,7754
2025-10-26,SY-D-039,ภาคกลาง,297,7017
2025-10-26,SY-D-039,ภาคตะวันออก,253,4320
2025-10-26,SY-D-039,ภาคเหนือ,220,4045
2025-10-26,SY-D-039,ภาคใต้,249,5820
2025-10-26,AG-E-052,กรุงเทพฯ,120,2322
2025-10-26,AG-E-052,ภาคกลาง,90,1880
2025-10-26,AG-E-052,ภาคตะวันออก,78,1281
2025-10-26,AG-E-052,ภาคเหนือ,71,1140
2025-10-26,AG-E-052,ภาคใต้,89,1845
2025-10-27,TK-A-001,กรุงเทพฯ,158,3588
2025-10-27,TK-A-001,ภาคกลาง,119,2206
2025-10-27,TK-A-001,ภาคตะวันออก,90,2134
2025-10-27,TK-A-001,ภาคเหนือ,93,1493
2025-10-27,TK-A-001,ภาคใต้,101,2270
2025-10-27,GL-B-014,กรุงเทพฯ,817,14542
2025-10-27,GL-B-014,ภาคกลาง,610,14472
2025-10-27,GL-B-014,ภาคตะวันออก,543,9065
2025-10-27,GL-B-014,ภาคเหนือ,419,8763
2025-10-27,GL-B-014,ภาคใต้,612,9984
2025-10-27,MK-C-028,กรุงเทพฯ,632,12493
2025-10-27,MK-C-028,ภาคกลาง,454,9192
2025-10-27,MK-C-028,ภาคตะวันออก,378,7225
2025-10-27,MK-C-028,ภาคเหนือ,314,6009
2025-10-27,MK-C-028,ภาคใต้,399,7598
2025-10-27,SY-D-039,กรุงเทพฯ,422,8541
2025-10-27,SY-D-039,ภาคกลาง,310,5612
2025-10-27,SY-D-039,ภาคตะวันออก,254,4666
2025-10-27,SY-D-039,ภาคเหนือ,204,4650
2025-10-27,SY-D-039,ภาคใต้,283,4736
2025-10-27,AG-E-052,กรุงเทพฯ,111,2649
2025-10-27,AG-E-052,ภาคกลาง,102,2154
2025-10-27,AG-E-052,ภาคตะวันออก,68,1408
2025-10-27,AG-E-052,ภาคเหนือ,70,1471
2025-10-27,AG-E-052,ภาคใต้,89,1405
2025-10-28,TK-A-001,กรุงเทพฯ,164,3251
2025-10-28,TK-A-001,ภาคกลาง,125,2832
2025-10-28,TK-A-001,ภาคตะวันออก,89,2097
2025-10-28,TK-A-001,ภาคเหนือ,86,1664
2025-10-28,TK-A-001,ภาคใต้,102,1861
2025-10-28,GL-B-014,กรุงเทพฯ,895,17267
2025-10-28,GL-B-014,ภาคกลาง,662,12208
2025-10-28,GL-B-014,ภาคตะวันออก,535,8665
2025-10-28,GL-B-014,ภาคเหนือ,434,8150
2025-10-28,GL-B-014,ภาคใต้,542,9936
2025-10-28,MK-C-028,กรุงเทพฯ,634,13155
2025-10-28,MK-C-028,ภาคกลาง,453,10239
2025-10-28,MK-C-028,ภาคตะวันออก,332,7334
2025-10-28,MK-C-028,ภาคเหนือ,342,6310
2025-10-28,MK-C-028,ภาคใต้,426,9302
2025-10-28,SY-D-039,กรุงเทพฯ,386,9060
2025-10-28,SY-D-039,ภาคกลาง,312,6338
2025-10-28,SY-D-039,ภาคตะวันออก,238,4200
2025-10-28,SY-D-039,ภาคเหนือ,226,3898
2025-10-28,SY-D-039,ภาคใต้,276,4618
2025-10-28,AG-E-052,กรุงเทพฯ,124,2174
2025-10-28,AG-E-052,ภาคกลาง,92,1794
2025-10-28,AG-E-052,ภาคตะวันออก,68,1567
2025-10-28,AG-E-052,ภาคเหนือ,65,1438
2025-10-28,AG-E-052,ภาคใต้,86,1391
2025-10-29,TK-A-001,กรุงเทพฯ,169,3594
2025-10-29,TK-A-001,ภาคกลาง,136,2332
2025-10-29,TK-A-001,ภาคตะวันออก,87,2000
2025-10-29,TK-A-001,ภาคเหนือ,84,1703
2025-10-29,TK-A-001,ภาคใต้,115,2201
2025-10-29,GL-B-014,กรุงเทพฯ,762,15953
2025-10-29,GL-B-014,ภาคกลาง,637,13879
2025-10-29,GL-B-014,ภาคตะวันออก,465,9559
2025-10-29,GL-B-014,ภาคเหนือ,425,10179
2025-10-29,GL-B-014,ภาคใต้,594,11783
2025-10-29,MK-C-028,กรุงเทพฯ,598,12404
2025-10-29,MK-C-028,ภาคกลาง,517,8828
2025-10-29,MK-C-028,ภาคตะวันออก,330,8237
2025-10-29,MK-C-028,ภาคเหนือ,322,6801
2025-10-29,MK-C-028,ภาคใต้,420,7670
2025-10-29,SY-D-039,กรุงเทพฯ,411,8612
2025-10-29,SY-D-039,ภาคกลาง,330,7182
2025-10-29,SY-D-039,ภาคตะวันออก,219,5533
2025-10-29,SY-D-039,ภาคเหนือ,210,3818
2025-10-29,SY-D-039,ภาคใต้,251,6131
2025-10-29,AG-E-052,กรุงเทพฯ,110,2117
2025-10-29,AG-E-052,ภาคกลาง,88,1752
2025-10-29,AG-E-052,ภาคตะวันออก,65,1534
2025-10-29,AG-E-052,ภาคเหนือ,70,1133
2025-10-29,AG-E-052,ภาคใต้,81,1495
2025-10-30,TK-A-001,กรุงเทพฯ,156,2823
2025-10-30,TK-A-001,ภาคกลาง,134,2573
2025-10-30,TK-A-001,ภาคตะวันออก,86,2040
2025-10-30,TK-A-001,ภาคเหนือ,84,1943
2025-10-30,TK-A-001,ภาคใต้,111,2129
2025-10-30,GL-B-014,กรุงเทพฯ,818,19202
2025-10-30,GL-B-014,ภาคกลาง,652,13535
2025-10-30,GL-B-014,ภาคตะวันออก,471,8706
2025-10-30,GL-B-014,ภาคเหนือ,461,8949
2025-10-30,GL-B-014,ภาคใต้,545,9661
2025-10-30,MK-C-028,กรุงเทพฯ,575,11087
2025-10-30,MK-C-028,ภาคกลาง,468,10258
2025-10-30,MK-C-028,ภาคตะวันออก,365,7933
2025-10-30,MK-C-028,ภาคเหนือ,295,6010
2025-10-30,MK-C-028,ภาคใต้,403,9011
2025-10-30,SY-D-039,กรุงเทพฯ,419,8251
2025-10-30,SY-D-039,ภาคกลาง,319,6951
2025-10-30,SY-D-039,ภาคตะวันออก,242,4774
2025-10-30,SY-D-039,ภาคเหนือ,205,4899
2025-10-30,SY-D-039,ภาคใต้,241,6120
2025-10-30,AG-E-052,กรุงเทพฯ,127,2607
2025-10-30,AG-E-052,ภาคกลาง,100,1770
2025-10-30,AG-E-052,ภาคตะวันออก,76,1314
2025-10-30,AG-E-052,ภาคเหนือ,58,1256
2025-10-30,AG-E-052,ภาคใต้,79,1759
2025-10-31,TK-A-001,กรุงเทพฯ,164,3245
2025-10-31,TK-A-001,ภาคกลาง,118,2438
2025-10-31,TK-A-001,ภาคตะวันออก,98,2042
2025-10-31,TK-A-001,ภาคเหนือ,81,1815
2025-10-31,TK-A-001,ภาคใต้,102,2057
2025-10-31,GL-B-014,กรุงเทพฯ,851,15918
2025-10-31,GL-B-014,ภาคกลาง,666,13924
2025-10-31,GL-B-014,ภาคตะวันออก,492,10808
2025-10-31,GL-B-014,ภาคเหนือ,416,8765
2025-10-31,GL-B-014,ภาคใต้,567,10537
2025-10-31,MK-C-028,กรุงเทพฯ,546,11400
2025-10-31,MK-C-028,ภาคกลาง,477,9185
2025-10-31,MK-C-028,ภาคตะวันออก,343,6323
2025-10-31,MK-C-028,ภาคเหนือ,303,6827
2025-10-31,MK-C-028,ภาคใต้,393,8940
2025-10-31,SY-D-039,กรุงเทพฯ,417,7912
2025-10-31,SY-D-039,ภาคกลาง,341,7116
2025-10-31,SY-D-039,ภาคตะวันออก,237,4426
2025-10-31,SY-D-039,ภาคเหนือ,194,4707
2025-10-31,SY-D-039,ภาคใต้,262,5219
2025-10-31,AG-E-052,กรุงเทพฯ,107,2545
2025-10-31,AG-E-052,ภาคกลาง,89,1927
2025-10-31,AG-E-052,ภาคตะวันออก,76,1315
2025-10-31,AG-E-052,ภาคเหนือ,57,1412
2025-10-31,AG-E-052,ภาคใต้,80,1721
2025-11-01,TK-A-001,กรุงเทพฯ,155,3659
2025-11-01,TK-A-001,ภาคกลาง,125,2787
2025-11-01,TK-A-001,ภาคตะวันออก,90,1704
2025-11-01,TK-A-001,ภาคเหนือ,89,1691
2025-11-01,TK-A-001,ภาคใต้,100,2165
2025-11-01,GL-B-014,กรุงเทพฯ,736,16148
2025-11-01,GL-B-014,ภาคกลาง,674,14117
2025-11-01,GL-B-014,ภาคตะวันออก,454,10464
2025-11-01,GL-B-014,ภาคเหนือ,444,9649
2025-11-01,GL-B-014,ภาคใต้,553,10739
2025-11-01,MK-C-028,กรุงเทพฯ,549,12859
2025-11-01,MK-C-028,ภาคกลาง,471,10324
2025-11-01,MK-C-028,ภาคตะวันออก,361,7667
2025-11-01,MK-C-028,ภาคเหนือ,297,7302
2025-11-01,MK-C-028,ภาคใต้,411,7406
2025-11-01,SY-D-039,กรุงเทพฯ,396,8716
2025-11-01,SY-D-039,ภาคกลาง,298,7169
2025-11-01,SY-D-039,ภาคตะวันออก,240,5029
2025-11-01,SY-D-039,ภาคเหนือ,196,3824
2025-11-01,SY-D-039,ภาคใต้,270,6118
2025-11-01,AG-E-052,กรุงเทพฯ,110,2429
2025-11-01,AG-E-052,ภาคกลาง,92,1652
2025-11-01,AG-E-052,ภาคตะวันออก,68,1443
2025-11-01,AG-E-052,ภาคเหนือ,57,1424
2025-11-01,AG-E-052,ภาคใต้,75,1744
2025-11-02,TK-A-001,กรุงเทพฯ,161,2952
2025-11-02,TK-A-001,ภาคกลาง,115,2564
2025-11-02,TK-A-001,ภาคตะวันออก,100,2094
2025-11-02,TK-A-001,ภาคเหนือ,86,1846
2025-11-02,TK-A-001,ภาคใต้,109,2245
2025-11-02,GL-B-014,กรุงเทพฯ,832,19125
2025-11-02,GL-B-014,ภาคกลาง,647,12763
2025-11-02,GL-B-014,ภาคตะวันออก,466,8628
2025-11-02,GL-B-014,ภาคเหนือ,423,9491
2025-11-02,GL-B-014,ภาคใต้,494,11496
2025-11-02,MK-C-028,กรุงเทพฯ,541,10339
2025-11-02,MK-C-028,ภาคกลาง,460,10836
2025-11-02,MK-C-028,ภาคตะวันออก,330,7748
2025-11-02,MK-C-028,ภาคเหนือ,339,6138
2025-11-02,MK-C-028,ภาคใต้,363,8213
2025-11-02,SY-D-039,กรุงเทพฯ,393,8826
2025-11-02,SY-D-039,ภาคกลาง,297,6703
2025-11-02,SY-D-039,ภาคตะวันออก,243,5173
2025-11-02,SY-D-039,ภาคเหนือ,190,4757
2025-11-02,SY-D-039,ภาคใต้,235,5912
2025-11-02,AG-E-052,กรุงเทพฯ,115,2114
2025-11-02,AG-E-052,ภาคกลาง,84,2059
2025-11-02,AG-E-052,ภาคตะวันออก,66,1464
2025-11-02,AG-E-052,ภาคเหนือ,60,1216
2025-11-02,AG-E-052,ภาคใต้,79,1555
2025-11-03,TK-A-001,กรุงเทพฯ,155,3607
2025-11-03,TK-A-001,ภาคกลาง,119,2803
2025-11-03,TK-A-001,ภาคตะวันออก,89,1818
2025-11-03,TK-A-001,ภาคเหนือ,79,1747
2025-11-03,TK-A-001,ภาคใต้,95,2123
2025-11-03,GL-B-014,กรุงเทพฯ,841,15294
2025-11-03,GL-B-014,ภาคกลาง,591,13132
2025-11-03,GL-B-014,ภาคตะวันออก,434,9887
2025-11-03,GL-B-014,ภาคเหนือ,393,9214
2025-11-03,GL-B-014,ภาคใต้,566,11980
2025-11-03,MK-C-028,กรุงเทพฯ,534,12157
2025-11-03,MK-C-028,ภาคกลาง,439,8301
2025-11-03,MK-C-028,ภาคตะวันออก,314,7590
2025-11-03,MK-C-028,ภาคเหนือ,321,6605
2025-11-03,MK-C-028,ภาคใต้,374,7803
2025-11-03,SY-D-039,กรุงเทพฯ,355,7942
2025-11-03,SY-D-039,ภาคกลาง,322,6341
2025-11-03,SY-D-039,ภาคตะวันออก,215,4392
2025-11-03,SY-D-039,ภาคเหนือ,189,4596
2025-11-03,SY-D-039,ภาคใต้,256,5434
2025-11-03,AG-E-052,กรุงเทพฯ,116,2538
2025-11-03,AG-E-052,ภาคกลาง,88,1949
2025-11-03,AG-E-052,ภาคตะวันออก,64,1277
2025-11-03,AG-E-052,ภาคเหนือ,57,1125
2025-11-03,AG-E-052,ภาคใต้,72,1591
2025-11-04,TK-A-001,กรุงเทพฯ,161,2796
2025-11-04,TK-A-001,ภาคกลาง,122,2782
2025-11-04,TK-A-001,ภาคตะวันออก,89,1809
2025-11-04,TK-A-001,ภาคเหนือ,80,1828
2025-11-04,TK-A-001,ภาคใต้,98,1877
2025-11-04,GL-B-014,กรุงเทพฯ,858,18726
2025-11-04,GL-B-014,ภาคกลาง,671,12510
2025-11-04,GL-B-014,ภาคตะวันออก,483,11168
2025-11-04,GL-B-014,ภาคเหนือ,410,10052
2025-11-04,GL-B-014,ภาคใต้,476,11410
2025-11-04,MK-C-028,กรุงเทพฯ,597,12953
2025-11-04,MK-C-028,ภาคกลาง,425,9454
2025-11-04,MK-C-028,ภาคตะวันออก,340,7041
2025-11-04,MK-C-028,ภาคเหนือ,330,5638
2025-11-04,MK-C-028,ภาคใต้,372,7682
2025-11-04,SY-D-039,กรุงเทพฯ,373,8476
2025-11-04,SY-D-039,ภาคกลาง,291,5626
2025-11-04,SY-D-039,ภาคตะวันออก,234,5433
2025-11-04,SY-D-039,ภาคเหนือ,185,4513
2025-11-04,SY-D-039,ภาคใต้,272,5245
2025-11-04,AG-E-052,กรุงเทพฯ,118,2679
2025-11-04,AG-E-052,ภาคกลาง,84,1861
2025-11-04,AG-E-052,ภาคตะวันออก,62,1582
2025-11-04,AG-E-052,ภาคเหนือ,65,1479
2025-11-04,AG-E-052,ภาคใต้,77,1598
2025-11-05,TK-A-001,กรุงเทพฯ,145,3398
2025-11-05,TK-A-001,ภาคกลาง,109,2364
2025-11-05,TK-A-001,ภาคตะวันออก,82,2138
2025-11-05,TK-A-001,ภาคเหนือ,79,1499
2025-11-05,TK-A-001,ภาคใต้,103,2212
2025-11-05,GL-B-014,กรุงเทพฯ,713,17429
2025-11-05,GL-B-014,ภาคกลาง,566,14727
2025-11-05,GL-B-014,ภาคตะวันออก,477,11222
2025-11-05,GL-B-014,ภาคเหนือ,448,9426
2025-11-05,GL-B-014,ภาคใต้,526,12778
2025-11-05,MK-C-028,กรุงเทพฯ,553,13785
2025-11-05,MK-C-028,ภาคกลาง,484,11170
2025-11-05,MK-C-028,ภาคตะวันออก,328,6554
2025-11-05,MK-C-028,ภาคเหนือ,303,6176
2025-11-05,MK-C-028,ภาคใต้,394,8409
2025-11-05,SY-D-039,กรุงเทพฯ,350,6917
2025-11-05,SY-D-039,ภาคกลาง,271,5823
2025-11-05,SY-D-039,ภาคตะวันออก,223,4232
2025-11-05,SY-D-039,ภาคเหนือ,205,4541
2025-11-05,SY-D-039,ภาคใต้,251,4602
2025-11-05,AG-E-052,กรุงเทพฯ,117,2591
2025-11-05,AG-E-052,ภาคกลาง,84,2173
2025-11-05,AG-E-052,ภาคตะวันออก,62,1543
2025-11-05,AG-E-052,ภาคเหนือ,64,1254
2025-11-05,AG-E-052,ภาคใต้,78,1500
2025-11-06,TK-A-001,กรุงเทพฯ,143,2868
2025-11-06,TK-A-001,ภาคกลาง,112,2316
2025-11-06,TK-A-001,ภาคตะวันออก,84,2174
2025-11-06,TK-A-001,ภาคเหนือ,79,1782
2025-11-06,TK-A-001,ภาคใต้,106,2399
2025-11-06,GL-B-014,กรุงเทพฯ,748,18650
2025-11-06,GL-B-014,ภาคกลาง,595,13732
2025-11-06,GL-B-014,ภาคตะวันออก,439,10489
2025-11-06,GL-B-014,ภาคเหนือ,382,8687
2025-11-06,GL-B-014,ภาคใต้,494,10524
2025-11-06,MK-C-028,กรุงเทพฯ,564,13895
2025-11-06,MK-C-028,ภาคกลาง,481,9644
2025-11-06,MK-C-028,ภาคตะวันออก,307,7323
2025-11-06,MK-C-028,ภาคเหนือ,272,5709
2025-11-06,MK-C-028,ภาคใต้,396,7351
2025-11-06,SY-D-039,กรุงเทพฯ,353,7170
2025-11-06,SY-D-039,ภาคกลาง,308,7284
2025-11-06,SY-D-039,ภาคตะวันออก,228,4794
2025-11-06,SY-D-039,ภาคเหนือ,191,3881
2025-11-06,SY-D-039,ภาคใต้,271,5981
2025-11-06,AG-E-052,กรุงเทพฯ,101,2642
2025-11-06,AG-E-052,ภาคกลาง,88,2186
2025-11-06,AG-E-052,ภาคตะวันออก,63,1645
2025-11-06,AG-E-052,ภาคเหนือ,55,1135
2025-11-06,AG-E-052,ภาคใต้,73,1547
2025-11-07,TK-A-001,กรุงเทพฯ,161,3515
2025-11-07,TK-A-001,ภาคกลาง,121,2968
2025-11-07,TK-A-001,ภาคตะวันออก,91,2070
2025-11-07,TK-A-001,ภาคเหนือ,86,1697
2025-11-07,TK-A-001,ภาคใต้,97,1876
2025-11-07,GL-B-014,กรุงเทพฯ,737,17639
2025-11-07,GL-B-014,ภาคกลาง,660,12137
2025-11-07,GL-B-014,ภาคตะวันออก,436,9286
2025-11-07,GL-B-014,ภาคเหนือ,387,10206
2025-11-07,GL-B-014,ภาคใต้,484,11805
2025-11-07,MK-C-028,กรุงเทพฯ,558,10328
2025-11-07,MK-C-028,ภาคกลาง,455,8408
2025-11-07,MK-C-028,ภาคตะวันออก,329,6312
2025-11-07,MK-C-028,ภาคเหนือ,300,6610
2025-11-07,MK-C-028,ภาคใต้,367,8908
2025-11-07,SY-D-039,กรุงเทพฯ,374,6936
2025-11-07,SY-D-039,ภาคกลาง,290,6984
2025-11-07,SY-D-039,ภาคตะวันออก,204,4569
2025-11-07,SY-D-039,ภาคเหนือ,206,3952
2025-11-07,SY-D-039,ภาคใต้,244,4781
2025-11-07,AG-E-052,กรุงเทพฯ,105,2587
2025-11-07,AG-E-052,ภาคกลาง,96,1658
2025-11-07,AG-E-052,ภาคตะวันออก,71,1575
2025-11-07,AG-E-052,ภาคเหนือ,61,1107
2025-11-07,AG-E-052,ภาคใต้,80,1598
2025-11-08,TK-A-001,กรุงเทพฯ,142,3385
2025-11-08,TK-A-001,ภาคกลาง,118,2973
2025-11-08,TK-A-001,ภาคตะวันออก,95,1715
2025-11-08,TK-A-001,ภาคเหนือ,79,1863
2025-11-08,TK-A-001,ภาคใต้,93,2348
2025-11-08,GL-B-014,กรุงเทพฯ,741,17421
2025-11-08,GL-B-014,ภาคกลาง,664,13701
2025-11-08,GL-B-014,ภาคตะวันออก,488,10200
2025-11-08,GL-B-014,ภาคเหนือ,425,8853
2025-11-08,GL-B-014,ภาคใต้,493,11588
2025-11-08,MK-C-028,กรุงเทพฯ,580,12209
2025-11-08,MK-C-028,ภาคกลาง,411,9270
2025-11-08,MK-C-028,ภาคตะวันออก,359,6433
2025-11-08,MK-C-028,ภาคเหนือ,283,6571
2025-11-08,MK-C-028,ภาคใต้,370,7177
2025-11-08,SY-D-039,กรุงเทพฯ,375,7537
2025-11-08,SY-D-039,ภาคกลาง,275,6395
2025-11-08,SY-D-039,ภาคตะวันออก,226,5122
2025-11-08,SY-D-039,ภาคเหนือ,199,4886
2025-11-08,SY-D-039,ภาคใต้,248,5626
2025-11-08,AG-E-052,กรุงเทพฯ,116,2541
2025-11-08,AG-E-052,ภาคกลาง,92,2021
2025-11-08,AG-E-052,ภาคตะวันออก,61,1319
2025-11-08,AG-E-052,ภาคเหนือ,61,1145
2025-11-08,AG-E-052,ภาคใต้,76,1526
2025-11-09,TK-A-001,กรุงเทพฯ,140,3241
2025-11-09,TK-A-001,ภาคกลาง,122,2295
2025-11-09,TK-A-001,ภาคตะวันออก,92,1874
2025-11-09,TK-A-001,ภาคเหนือ,80,1811
2025-11-09,TK-A-001,ภาคใต้,94,2232
2025-11-09,GL-B-014,กรุงเทพฯ,783,16688
2025-11-09,GL-B-014,ภาคกลาง,604,13158
2025-11-09,GL-B-014,ภาคตะวันออก,480,10966
2025-11-09,GL-B-014,ภาคเหนือ,364,9771
2025-11-09,GL-B-014,ภาคใต้,454,9583
2025-11-09,MK-C-028,กรุงเทพฯ,502,11921
2025-11-09,MK-C-028,ภาคกลาง,438,11106
2025-11-09,MK-C-028,ภาคตะวันออก,318,6966
2025-11-09,MK-C-028,ภาคเหนือ,298,5545
2025-11-09,MK-C-028,ภาคใต้,355,6965
2025-11-09,SY-D-039,กรุงเทพฯ,342,9021
2025-11-09,SY-D-039,ภาคกลาง,303,6042
2025-11-09,SY-D-039,ภาคตะวันออก,230,5474
2025-11-09,SY-D-039,ภาคเหนือ,180,4166
2025-11-09,SY-D-039,ภาคใต้,220,4782
2025-11-09,AG-E-052,กรุงเทพฯ,101,2382
2025-11-09,AG-E-052,ภาคกลาง,78,1689
2025-11-09,AG-E-052,ภาคตะวันออก,60,1518
2025-11-09,AG-E-052,ภาคเหนือ,59,1356
2025-11-09,AG-E-052,ภาคใต้,71,1390
2025-11-10,TK-A-001,กรุงเทพฯ,135,3133
2025-11-10,TK-A-001,ภาคกลาง,113,2233
2025-11-10,TK-A-001,ภาคตะวันออก,89,1853
2025-11-10,TK-A-001,ภาคเหนือ,70,1838
2025-11-10,TK-A-001,ภาคใต้,87,2021
2025-11-10,GL-B-014,กรุงเทพฯ,780,16982
2025-11-10,GL-B-014,ภาคกลาง,548,13510
2025-11-10,GL-B-014,ภาคตะวันออก,414,9371
2025-11-10,GL-B-014,ภาคเหนือ,420,8765
2025-11-10,GL-B-014,ภาคใต้,467,9681
2025-11-10,MK-C-028,กรุงเทพฯ,488,12892
2025-11-10,MK-C-028,ภาคกลาง,438,10824
2025-11-10,MK-C-028,ภาคตะวันออก,313,7931
2025-11-10,MK-C-028,ภาคเหนือ,306,5818
2025-11-10,MK-C-028,ภาคใต้,394,7435
2025-11-10,SY-D-039,กรุงเทพฯ,379,8934
2025-11-10,SY-D-039,ภาคกลาง,292,6560
2025-11-10,SY-D-039,ภาคตะวันออก,214,4818
2025-11-10,SY-D-039,ภาคเหนือ,182,3815
2025-11-10,SY-D-039,ภาคใต้,246,4629
2025-11-10,AG-E-052,กรุงเทพฯ,100,2206
2025-11-10,AG-E-052,ภาคกลาง,90,1963
2025-11-10,AG-E-052,ภาคตะวันออก,64,1617
2025-11-10,AG-E-052,ภาคเหนือ,59,1385
2025-11-10,AG-E-052,ภาคใต้,70,1718
2025-11-11,TK-A-001,กรุงเทพฯ,142,3003
2025-11-11,TK-A-001,ภาคกลาง,109,2513
2025-11-11,TK-A-001,ภาคตะวันออก,90,1770
2025-11-11,TK-A-001,ภาคเหนือ,79,1808
2025-11-11,TK-A-001,ภาคใต้,97,2453
2025-11-11,GL-B-014,กรุงเทพฯ,677,14272
2025-11-11,GL-B-014,ภาคกลาง,610,14101
2025-11-11,GL-B-014,ภาคตะวันออก,419,10104
2025-11-11,GL-B-014,ภาคเหนือ,425,10002
2025-11-11,GL-B-014,ภาคใต้,455,10795
2025-11-11,MK-C-028,กรุงเทพฯ,560,13926
2025-11-11,MK-C-028,ภาคกลาง,442,11093
2025-11-11,MK-C-028,ภาคตะวันออก,316,7288
2025-11-11,MK-C-028,ภาคเหนือ,285,6967
2025-11-11,MK-C-028,ภาคใต้,379,8680
2025-11-11,SY-D-039,กรุงเทพฯ,366,7501
2025-11-11,SY-D-039,ภาคกลาง,273,7381
2025-11-11,SY-D-039,ภาคตะวันออก,206,5523
2025-11-11,SY-D-039,ภาคเหนือ,192,3732
2025-11-11,SY-D-039,ภาคใต้,224,5610
2025-11-11,AG-E-052,กรุงเทพฯ,106,2504
2025-11-11,AG-E-052,ภาคกลาง,80,2093
2025-11-11,AG-E-052,ภาคตะวันออก,59,1604
2025-11-11,AG-E-052,ภาคเหนือ,61,1443
2025-11-11,AG-E-052,ภาคใต้,66,1686
2025-11-12,TK-A-001,กรุงเทพฯ,156,2822
2025-11-12,TK-A-001,ภาคกลาง,103,2742
2025-11-12,TK-A-001,ภาคตะวันออก,85,2156
2025-11-12,TK-A-001,ภาคเหนือ,72,1782
2025-11-12,TK-A-001,ภาคใต้,86,2050
2025-11-12,GL-B-014,กรุงเทพฯ,736,15786
2025-11-12,GL-B-014,ภาคกลาง,557,12008
2025-11-12,GL-B-014,ภาคตะวันออก,444,9464
2025-11-12,GL-B-014,ภาคเหนือ,389,9966
2025-11-12,GL-B-014,ภาคใต้,525,10997
2025-11-12,MK-C-028,กรุงเทพฯ,583,12963
2025-11-12,MK-C-028,ภาคกลาง,427,9228
2025-11-12,MK-C-028,ภาคตะวันออก,341,7260
2025-11-12,MK-C-028,ภาคเหนือ,287,6501
2025-11-12,MK-C-028,ภาคใต้,365,8554
2025-11-12,SY-D-039,กรุงเทพฯ,333,7189
2025-11-12,SY-D-039,ภาคกลาง,276,7054
2025-11-12,SY-D-039,ภาคตะวันออก,200,5038
2025-11-12,SY-D-039,ภาคเหนือ,194,3842
2025-11-12,SY-D-039,ภาคใต้,250,5634
2025-11-12,AG-E-052,กรุงเทพฯ,100,2068
2025-11-12,AG-E-052,ภาคกลาง,81,1847
2025-11-12,AG-E-052,ภาคตะวันออก,64,1670
2025-11-12,AG-E-052,ภาคเหนือ,62,1318
2025-11-12,AG-E-052,ภาคใต้,78,1609
2025-11-13,TK-A-001,กรุงเทพฯ,143,3573
2025-11-13,TK-A-001,ภาคกลาง,108,2944
2025-11-13,TK-A-001,ภาคตะวันออก,81,1658
2025-11-13,TK-A-001,ภาคเหนือ,69,1721
2025-11-13,TK-A-001,ภาคใต้,101,2351
2025-11-13,GL-B-014,กรุงเทพฯ,722,16879
2025-11-13,GL-B-014,ภาคกลาง,631,15227
2025-11-13,GL-B-014,ภาคตะวันออก,445,11494
2025-11-13,GL-B-014,ภาคเหนือ,409,9323
2025-11-13,GL-B-014,ภาคใต้,440,9651
2025-11-13,MK-C-028,กรุงเทพฯ,557,10532
2025-11-13,MK-C-028,ภาคกลาง,396,9539
2025-11-13,MK-C-028,ภาคตะวันออก,339,7490
2025-11-13,MK-C-028,ภาคเหนือ,272,7123
2025-11-13,MK-C-028,ภาคใต้,385,7181
2025-11-13,SY-D-039,กรุงเทพฯ,374,8763
2025-11-13,SY-D-039,ภาคกลาง,281,5579
2025-11-13,SY-D-039,ภาคตะวันออก,208,4642
2025-11-13,SY-D-039,ภาคเหนือ,182,3857
2025-11-13,SY-D-039,ภาคใต้,217,5090
2025-11-13,AG-E-052,กรุงเทพฯ,104,2549
2025-11-13,AG-E-052,ภาคกลาง,88,1945
2025-11-13,AG-E-052,ภาคตะวันออก,67,1616
2025-11-13,AG-E-052,ภาคเหนือ,60,1416
2025-11-13,AG-E-052,ภาคใต้,67,1393
2025-11-14,TK-A-001,กรุงเทพฯ,149,3637
2025-11-14,TK-A-001,ภาคกลาง,105,2916
2025-11-14,TK-A-001,ภาคตะวันออก,88,1984
2025-11-14,TK-A-001,ภาคเหนือ,77,1861
2025-11-14,TK-A-001,ภาคใต้,85,2033
2025-11-14,GL-B-014,กรุงเทพฯ,733,16998
2025-11-14,GL-B-014,ภาคกลาง,615,13736
2025-11-14,GL-B-014,ภาคตะวันออก,417,9270
2025-11-14,GL-B-014,ภาคเหนือ,407,10176
2025-11-14,GL-B-014,ภาคใต้,484,12425
2025-11-14,MK-C-028,กรุงเทพฯ,535,13123
2025-11-14,MK-C-028,ภาคกลาง,379,11136
2025-11-14,MK-C-028,ภาคตะวันออก,303,6684
2025-11-14,MK-C-028,ภาคเหนือ,304,6882
2025-11-14,MK-C-028,ภาคใต้,323,7418
2025-11-14,SY-D-039,กรุงเทพฯ,328,7928
2025-11-14,SY-D-039,ภาคกลาง,264,5539
2025-11-14,SY-D-039,ภาคตะวันออก,199,5506
2025-11-14,SY-D-039,ภาคเหนือ,204,4442
2025-11-14,SY-D-039,ภาคใต้,230,5228
2025-11-14,AG-E-052,กรุงเทพฯ,111,2449
2025-11-14,AG-E-052,ภาคกลาง,86,1965
2025-11-14,AG-E-052,ภาคตะวันออก,65,1455
2025-11-14,AG-E-052,ภาคเหนือ,59,1125
2025-11-14,AG-E-052,ภาคใต้,75,1797
2025-11-15,TK-A-001,กรุงเทพฯ,149,2758
2025-11-15,TK-A-001,ภาคกลาง,110,2938
2025-11-15,TK-A-001,ภาคตะวันออก,90,1955
2025-11-15,TK-A-001,ภาคเหนือ,79,1896
2025-11-15,TK-A-001,ภาคใต้,89,2164
2025-11-15,GL-B-014,กรุงเทพฯ,682,18892
2025-11-15,GL-B-014,ภาคกลาง,626,14928
2025-11-15,GL-B-014,ภาคตะวันออก,426,10627
2025-11-15,GL-B-014,ภาคเหนือ,365,8913
2025-11-15,GL-B-014,ภาคใต้,442,12765
2025-11-15,MK-C-028,กรุงเทพฯ,512,13811
2025-11-15,MK-C-028,ภาคกลาง,382,8657
2025-11-15,MK-C-028,ภาคตะวันออก,315,8182
2025-11-15,MK-C-028,ภาคเหนือ,296,7144
2025-11-15,MK-C-028,ภาคใต้,349,8045
2025-11-15,SY-D-039,กรุงเทพฯ,325,7188
2025-11-15,SY-D-039,ภาคกลาง,281,7354
2025-11-15,SY-D-039,ภาคตะวันออก,226,4407
2025-11-15,SY-D-039,ภาคเหนือ,195,4857
2025-11-15,SY-D-039,ภาคใต้,232,6129
2025-11-15,AG-E-052,กรุงเทพฯ,103,2366
2025-11-15,AG-E-052,ภาคกลาง,90,1892
2025-11-15,AG-E-052,ภาคตะวันออก,68,1601
2025-11-15,AG-E-052,ภาคเหนือ,60,1210
2025-11-15,AG-E-052,ภาคใต้,74,1654
2025-11-16,TK-A-001,กรุงเทพฯ,149,3197
2025-11-16,TK-A-001,ภาคกลาง,106,2816
2025-11-16,TK-A-001,ภาคตะวันออก,76,1820
2025-11-16,TK-A-001,ภาคเหนือ,75,1799
2025-11-16,TK-A-001,ภาคใต้,95,2314
2025-11-16,GL-B-014,กรุงเทพฯ,668,18620
2025-11-16,GL-B-014,ภาคกลาง,555,14772
2025-11-16,GL-B-014,ภาคตะวันออก,392,10899
2025-11-16,GL-B-014,ภาคเหนือ,388,7894
2025-11-16,GL-B-014,ภาคใต้,502,11868
2025-11-16,MK-C-028,กรุงเทพฯ,559,13112
2025-11-16,MK-C-028,ภาคกลาง,431,10342
2025-11-16,MK-C-028,ภาคตะวันออก,311,8185
2025-11-16,MK-C-028,ภาคเหนือ,277,5679
2025-11-16,MK-C-028,ภาคใต้,370,7196
2025-11-16,SY-D-039,กรุงเทพฯ,366,8852
2025-11-16,SY-D-039,ภาคกลาง,266,5543
2025-11-16,SY-D-039,ภาคตะวันออก,195,4315
2025-11-16,SY-D-039,ภาคเหนือ,186,4517
2025-11-16,SY-D-039,ภาคใต้,236,5948
2025-11-16,AG-E-052,กรุงเทพฯ,99,2109
2025-11-16,AG-E-052,ภาคกลาง,80,1665
2025-11-16,AG-E-052,ภาคตะวันออก,58,1297
2025-11-16,AG-E-052,ภาคเหนือ,50,1186
2025-11-16,AG-E-052,ภาคใต้,68,1668
2025-11-17,TK-A-001,กรุงเทพฯ,139,3085
2025-11-17,TK-A-001,ภาคกลาง,107,2937
2025-11-17,TK-A-001,ภาคตะวันออก,75,2145
2025-11-17,TK-A-001,ภาคเหนือ,72,1693
2025-11-17,TK-A-001,ภาคใต้,99,2407
2025-11-17,GL-B-014,กรุงเทพฯ,631,17280
2025-11-17,GL-B-014,ภาคกลาง,521,13364
2025-11-17,GL-B-014,ภาคตะวันออก,442,11337
2025-11-17,GL-B-014,ภาคเหนือ,397,7846
2025-11-17,GL-B-014,ภาคใต้,505,10874
2025-11-17,MK-C-028,กรุงเทพฯ,492,13107
2025-11-17,MK-C-028,ภาคกลาง,424,9559
2025-11-17,MK-C-028,ภาคตะวันออก,304,6375
2025-11-17,MK-C-028,ภาคเหนือ,263,5737
2025-11-17,MK-C-028,ภาคใต้,329,8344
2025-11-17,SY-D-039,กรุงเทพฯ,352,8798
2025-11-17,SY-D-039,ภาคกลาง,260,5749
2025-11-17,SY-D-039,ภาคตะวันออก,218,5127
2025-11-17,SY-D-039,ภาคเหนือ,171,4164
2025-11-17,SY-D-039,ภาคใต้,244,5807
2025-11-17,AG-E-052,กรุงเทพฯ,102,2658
2025-11-17,AG-E-052,ภาคกลาง,86,1713
2025-11-17,AG-E-052,ภาคตะวันออก,67,1476
2025-11-17,AG-E-052,ภาคเหนือ,57,1380
2025-11-17,AG-E-052,ภาคใต้,62,1724
2025-11-18,TK-A-001,กรุงเทพฯ,145,3022
2025-11-18,TK-A-001,ภาคกลาง,116,2829
2025-11-18,TK-A-001,ภาคตะวันออก,84,1828
2025-11-18,TK-A-001,ภาคเหนือ,65,1782
2025-11-18,TK-A-001,ภาคใต้,94,2447
2025-11-18,GL-B-014,กรุงเทพฯ,757,18872
2025-11-18,GL-B-014,ภาคกลาง,596,11745
2025-11-18,GL-B-014,ภาคตะวันออก,401,9361
2025-11-18,GL-B-014,ภาคเหนือ,382,9438
2025-11-18,GL-B-014,ภาคใต้,471,9590
2025-11-18,MK-C-028,กรุงเทพฯ,525,11813
2025-11-18,MK-C-028,ภาคกลาง,390,10834
2025-11-18,MK-C-028,ภาคตะวันออก,323,6232
2025-11-18,MK-C-028,ภาคเหนือ,281,6515
2025-11-18,MK-C-028,ภาคใต้,331,7305
2025-11-18,SY-D-039,กรุงเทพฯ,332,9044
2025-11-18,SY-D-039,ภาคกลาง,247,6391
2025-11-18,SY-D-039,ภาคตะวันออก,197,4858
2025-11-18,SY-D-039,ภาคเหนือ,193,4712
2025-11-18,SY-D-039,ภาคใต้,225,5455
2025-11-18,AG-E-052,กรุงเทพฯ,96,2624
2025-11-18,AG-E-052,ภาคกลาง,74,2132
2025-11-18,AG-E-052,ภาคตะวันออก,65,1319
2025-11-18,AG-E-052,ภาคเหนือ,56,1448
2025-11-18,AG-E-052,ภาคใต้,72,1470
2025-11-19,TK-A-001,กรุงเทพฯ,126,3390
2025-11-19,TK-A-001,ภาคกลาง,112,2752
2025-11-19,TK-A-001,ภาคตะวันออก,82,1929
2025-11-19,TK-A-001,ภาคเหนือ,78,1864
2025-11-19,TK-A-001,ภาคใต้,80,2240
2025-11-19,GL-B-014,กรุงเทพฯ,757,16021
2025-11-19,GL-B-014,ภาคกลาง,600,13057
2025-11-19,GL-B-014,ภาคตะวันออก,417,10589
2025-11-19,GL-B-014,ภาคเหนือ,368,8979
2025-11-19,GL-B-014,ภาคใต้,482,12444
2025-11-19,MK-C-028,กรุงเทพฯ,472,11067
2025-11-19,MK-C-028,ภาคกลาง,361,10481
2025-11-19,MK-C-028,ภาคตะวันออก,288,7431
2025-11-19,MK-C-028,ภาคเหนือ,241,5524
2025-11-19,MK-C-028,ภาคใต้,352,9243
2025-11-19,SY-D-039,กรุงเทพฯ,304,9132
2025-11-19,SY-D-039,ภาคกลาง,240,5984
2025-11-19,SY-D-039,ภาคตะวันออก,204,5173
2025-11-19,SY-D-039,ภาคเหนือ,175,4151
2025-11-19,SY-D-039,ภาคใต้,242,5841
2025-11-19,AG-E-052,กรุงเทพฯ,102,2576
2025-11-19,AG-E-052,ภาคกลาง,74,1998
2025-11-19,AG-E-052,ภาคตะวันออก,66,1671
2025-11-19,AG-E-052,ภาคเหนือ,58,1181
2025-11-19,AG-E-052,ภาคใต้,69,1708
2025-11-20,TK-A-001,กรุงเทพฯ,134,2996
2025-11-20,TK-A-001,ภาคกลาง,106,2464
2025-11-20,TK-A-001,ภาคตะวันออก,72,1721
2025-11-20,TK-A-001,ภาคเหนือ,66,1503
2025-11-20,TK-A-001,ภาคใต้,93,2336
2025-11-20,GL-B-014,กรุงเทพฯ,688,16215
2025-11-20,GL-B-014,ภาคกลาง,540,11978
2025-11-20,GL-B-014,ภาคตะวันออก,403,11365
2025-11-20,GL-B-014,ภาคเหนือ,384,8317
2025-11-20,GL-B-014,ภาคใต้,488,11949
2025-11-20,MK-C-028,กรุงเทพฯ,510,12129
2025-11-20,MK-C-028,ภาคกลาง,401,8944
2025-11-20,MK-C-028,ภาคตะวันออก,319,7228
2025-11-20,MK-C-028,ภาคเหนือ,259,5857
2025-11-20,MK-C-028,ภาคใต้,320,8802
2025-11-20,SY-D-039,กรุงเทพฯ,362,9177
2025-11-20,SY-D-039,ภาคกลาง,264,6222
2025-11-20,SY-D-039,ภาคตะวันออก,206,4196
2025-11-20,SY-D-039,ภาคเหนือ,177,3724
2025-11-20,SY-D-039,ภาคใต้,223,6016
2025-11-20,AG-E-052,กรุงเทพฯ,91,2756
2025-11-20,AG-E-052,ภาคกลาง,76,2201
2025-11-20,AG-E-052,ภาคตะวันออก,63,1516
2025-11-20,AG-E-052,ภาคเหนือ,55,1106
2025-11-20,AG-E-052,ภาคใต้,66,1853
2025-11-21,TK-A-001,กรุงเทพฯ,142,2883
2025-11-21,TK-A-001,ภาคกลาง,96,2508
2025-11-21,TK-A-001,ภาคตะวันออก,71,1855
2025-11-21,TK-A-001,ภาคเหนือ,69,1908
2025-11-21,TK-A-001,ภาคใต้,87,2136
2025-11-21,GL-B-014,กรุงเทพฯ,705,17813
2025-11-21,GL-B-014,ภาคกลาง,517,12991
2025-11-21,GL-B-014,ภาคตะวันออก,400,9963
2025-11-21,GL-B-014,ภาคเหนือ,394,9829
2025-11-21,GL-B-014,ภาคใต้,470,11998
2025-11-21,MK-C-028,กรุงเทพฯ,497,11062
2025-11-21,MK-C-028,ภาคกลาง,368,9059
2025-11-21,MK-C-028,ภาคตะวันออก,312,6791
2025-11-21,MK-C-028,ภาคเหนือ,254,6800
2025-11-21,MK-C-028,ภาคใต้,343,9023
2025-11-21,SY-D-039,กรุงเทพฯ,356,7377
2025-11-21,SY-D-039,ภาคกลาง,265,6504
2025-11-21,SY-D-039,ภาคตะวันออก,185,5506
2025-11-21,SY-D-039,ภาคเหนือ,173,4714
2025-11-21,SY-D-039,ภาคใต้,217,5955
2025-11-21,AG-E-052,กรุงเทพฯ,90,2210
2025-11-21,AG-E-052,ภาคกลาง,76,2103
2025-11-21,AG-E-052,ภาคตะวันออก,54,1366
2025-11-21,AG-E-052,ภาคเหนือ,49,1322
2025-11-21,AG-E-052,ภาคใต้,66,1672
2025-11-22,TK-A-001,กรุงเทพฯ,141,3225
2025-11-22,TK-A-001,ภาคกลาง,102,2876
2025-11-22,TK-A-001,ภาคตะวันออก,79,2092
2025-11-22,TK-A-001,ภาคเหนือ,67,1958
2025-11-22,TK-A-001,ภาคใต้,80,1867
2025-11-22,GL-B-014,กรุงเทพฯ,627,14746
2025-11-22,GL-B-014,ภาคกลาง,590,11688
2025-11-22,GL-B-014,ภาคตะวันออก,417,9181
2025-11-22,GL-B-014,ภาคเหนือ,338,9308
2025-11-22,GL-B-014,ภาคใต้,440,9524
2025-11-22,MK-C-028,กรุงเทพฯ,533,13403
2025-11-22,MK-C-028,ภาคกลาง,374,10121
2025-11-22,MK-C-028,ภาคตะวันออก,276,6807
2025-11-22,MK-C-028,ภาคเหนือ,264,7432
2025-11-22,MK-C-028,ภาคใต้,313,7889
2025-11-22,SY-D-039,กรุงเทพฯ,326,8442
2025-11-22,SY-D-039,ภาคกลาง,266,6470
2025-11-22,SY-D-039,ภาคตะวันออก,197,4636
2025-11-22,SY-D-039,ภาคเหนือ,158,4524
2025-11-22,SY-D-039,ภาคใต้,217,5244
2025-11-22,AG-E-052,กรุงเทพฯ,99,2139
2025-11-22,AG-E-052,ภาคกลาง,76,1873
2025-11-22,AG-E-052,ภาคตะวันออก,58,1457
2025-11-22,AG-E-052,ภาคเหนือ,48,1478
2025-11-22,AG-E-052,ภาคใต้,62,1863
2025-11-23,TK-A-001,กรุงเทพฯ,136,2768
2025-11-23,TK-A-001,ภาคกลาง,97,2594
2025-11-23,TK-A-001,ภาคตะวันออก,83,2190
2025-11-23,TK-A-001,ภาคเหนือ,73,1498
2025-11-23,TK-A-001,ภาคใต้,90,1849
2025-11-23,GL-B-014,กรุงเทพฯ,640,16966
2025-11-23,GL-B-014,ภาคกลาง,485,13861
2025-11-23,GL-B-014,ภาคตะวันออก,379,8684
2025-11-23,GL-B-014,ภาคเหนือ,369,9630
2025-11-23,GL-B-014,ภาคใต้,486,11227
2025-11-23,MK-C-028,กรุงเทพฯ,490,13928
2025-11-23,MK-C-028,ภาคกลาง,406,10180
2025-11-23,MK-C-028,ภาคตะวันออก,277,7390
2025-11-23,MK-C-028,ภาคเหนือ,277,5765
2025-11-23,MK-C-028,ภาคใต้,344,9074
2025-11-23,SY-D-039,กรุงเทพฯ,334,8196
2025-11-23,SY-D-039,ภาคกลาง,258,6481
2025-11-23,SY-D-039,ภาคตะวันออก,203,5208
2025-11-23,SY-D-039,ภาคเหนือ,186,3778
2025-11-23,SY-D-039,ภาคใต้,208,5317
2025-11-23,AG-E-052,กรุงเทพฯ,91,2093
2025-11-23,AG-E-052,ภาคกลาง,75,1803
2025-11-23,AG-E-052,ภาคตะวันออก,54,1502
2025-11-23,AG-E-052,ภาคเหนือ,50,1269
2025-11-23,AG-E-052,ภาคใต้,67,1799
2025-11-24,TK-A-001,กรุงเทพฯ,135,2893
2025-11-24,TK-A-001,ภาคกลาง,93,2922
2025-11-24,TK-A-001,ภาคตะวันออก,74,1692
2025-11-24,TK-A-001,ภาคเหนือ,71,1772
2025-11-24,TK-A-001,ภาคใต้,89,2101
2025-11-24,GL-B-014,กรุงเทพฯ,658,16849
2025-11-24,GL-B-014,ภาคกลาง,558,14615
2025-11-24,GL-B-014,ภาคตะวันออก,425,10936
2025-11-24,GL-B-014,ภาคเหนือ,359,9555
2025-11-24,GL-B-014,ภาคใต้,482,9629
2025-11-24,MK-C-028,กรุงเทพฯ,470,11465
2025-11-24,MK-C-028,ภาคกลาง,370,10725
2025-11-24,MK-C-028,ภาคตะวันออก,296,7544
2025-11-24,MK-C-028,ภาคเหนือ,274,5611
2025-11-24,MK-C-028,ภาคใต้,328,9161
2025-11-24,SY-D-039,กรุงเทพฯ,326,7041
2025-11-24,SY-D-039,ภาคกลาง,247,6659
2025-11-24,SY-D-039,ภาคตะวันออก,175,4615
2025-11-24,SY-D-039,ภาคเหนือ,171,3927
2025-11-24,SY-D-039,ภาคใต้,194,5584
2025-11-24,AG-E-052,กรุงเทพฯ,90,2447
2025-11-24,AG-E-052,ภาคกลาง,81,2081
2025-11-24,AG-E-052,ภาคตะวันออก,63,1393
2025-11-24,AG-E-052,ภาคเหนือ,49,1440
2025-11-24,AG-E-052,ภาคใต้,70,1833
2025-11-25,TK-A-001,กรุงเทพฯ,117,3354
2025-11-25,TK-A-001,ภาคกลาง,97,2219
2025-11-25,TK-A-001,ภาคตะวันออก,70,1875
2025-11-25,TK-A-001,ภาคเหนือ,74,1700
2025-11-25,TK-A-001,ภาคใต้,78,2367
2025-11-25,GL-B-014,กรุงเทพฯ,689,18668
2025-11-25,GL-B-014,ภาคกลาง,548,12937
2025-11-25,GL-B-014,ภาคตะวันออก,418,9141
2025-11-25,GL-B-014,ภาคเหนือ,319,8174
2025-11-25,GL-B-014,ภาคใต้,405,10910
2025-11-25,MK-C-028,กรุงเทพฯ,475,13592
2025-11-25,MK-C-028,ภาคกลาง,376,9535
2025-11-25,MK-C-028,ภาคตะวันออก,286,8022
2025-11-25,MK-C-028,ภาคเหนือ,271,6967
2025-11-25,MK-C-028,ภาคใต้,306,7686
2025-11-25,SY-D-039,กรุงเทพฯ,320,7051
2025-11-25,SY-D-039,ภาคกลาง,269,6499
2025-11-25,SY-D-039,ภาคตะวันออก,202,4805
2025-11-25,SY-D-039,ภาคเหนือ,160,4615
2025-11-25,SY-D-039,ภาคใต้,198,5146
2025-11-25,AG-E-052,กรุงเทพฯ,100,2169
2025-11-25,AG-E-052,ภาคกลาง,77,2004
2025-11-25,AG-E-052,ภาคตะวันออก,57,1465
2025-11-25,AG-E-052,ภาคเหนือ,53,1321
2025-11-25,AG-E-052,ภาคใต้,57,1612
2025-11-26,TK-A-001,กรุงเทพฯ,127,3386
2025-11-26,TK-A-001,ภาคกลาง,107,2850
2025-11-26,TK-A-001,ภาคตะวันออก,73,2163
2025-11-26,TK-A-001,ภาคเหนือ,63,1731
2025-11-26,TK-A-001,ภาคใต้,91,2220
2025-11-26,GL-B-014,กรุงเทพฯ,700,16362
2025-11-26,GL-B-014,ภาคกลาง,486,11795
2025-11-26,GL-B-014,ภาคตะวันออก,427,9487
2025-11-26,GL-B-014,ภาคเหนือ,342,7701
2025-11-26,GL-B-014,ภาคใต้,411,9843
2025-11-26,MK-C-028,กรุงเทพฯ,498,12755
2025-11-26,MK-C-028,ภาคกลาง,395,10155
2025-11-26,MK-C-028,ภาคตะวันออก,306,7151
2025-11-26,MK-C-028,ภาคเหนือ,262,7002
2025-11-26,MK-C-028,ภาคใต้,345,8219
2025-11-26,SY-D-039,กรุงเทพฯ,305,9119
2025-11-26,SY-D-039,ภาคกลาง,263,6060
2025-11-26,SY-D-039,ภาคตะวันออก,194,5535
2025-11-26,SY-D-039,ภาคเหนือ,170,4103
2025-11-26,SY-D-039,ภาคใต้,210,5923
2025-11-26,AG-E-052,กรุงเทพฯ,101,2415
2025-11-26,AG-E-052,ภาคกลาง,83,1679
2025-11-26,AG-E-052,ภาคตะวันออก,52,1365
2025-11-26,AG-E-052,ภาคเหนือ,45,1303
2025-11-26,AG-E-052,ภาคใต้,58,1707
2025-11-27,TK-A-001,กรุงเทพฯ,119,3609
2025-11-27,TK-A-001,ภาคกลาง,93,2623
2025-11-27,TK-A-001,ภาคตะวันออก,80,1864
2025-11-27,TK-A-001,ภาคเหนือ,70,1857
2025-11-27,TK-A-001,ภาคใต้,77,1905
2025-11-27,GL-B-014,กรุงเทพฯ,666,15647
2025-11-27,GL-B-014,ภาคกลาง,558,12204
2025-11-27,GL-B-014,ภาคตะวันออก,363,9302
2025-11-27,GL-B-014,ภาคเหนือ,320,10194
2025-11-27,GL-B-014,ภาคใต้,454,9703
2025-11-27,MK-C-028,กรุงเทพฯ,509,11249
2025-11-27,MK-C-028,ภาคกลาง,371,8350
2025-11-27,MK-C-028,ภาคตะวันออก,301,7774
2025-11-27,MK-C-028,ภาคเหนือ,225,5773
2025-11-27,MK-C-028,ภาคใต้,329,8092
2025-11-27,SY-D-039,กรุงเทพฯ,312,8857
2025-11-27,SY-D-039,ภาคกลาง,230,6580
2025-11-27,SY-D-039,ภาคตะวันออก,192,5378
2025-11-27,SY-D-039,ภาคเหนือ,177,4569
2025-11-27,SY-D-039,ภาคใต้,192,6076
2025-11-27,AG-E-052,กรุงเทพฯ,101,2162
2025-11-27,AG-E-052,ภาคกลาง,72,1745
2025-11-27,AG-E-052,ภาคตะวันออก,51,1638
2025-11-27,AG-E-052,ภาคเหนือ,46,1103
2025-11-27,AG-E-052,ภาคใต้,60,1710
2025-11-28,TK-A-001,กรุงเทพฯ,119,2848
2025-11-28,TK-A-001,ภาคกลาง,109,2710
2025-11-28,TK-A-001,ภาคตะวันออก,74,2166
2025-11-28,TK-A-001,ภาคเหนือ,72,1792
2025-11-28,TK-A-001,ภาคใต้,86,2112
2025-11-28,GL-B-014,กรุงเทพฯ,646,16820
2025-11-28,GL-B-014,ภาคกลาง,529,12943
2025-11-28,GL-B-014,ภาคตะวันออก,374,10839
2025-11-28,GL-B-014,ภาคเหนือ,317,8311
2025-11-28,GL-B-014,ภาคใต้,418,10962
2025-11-28,MK-C-028,กรุงเทพฯ,432,11539
2025-11-28,MK-C-028,ภาคกลาง,359,8508
2025-11-28,MK-C-028,ภาคตะวันออก,291,8033
2025-11-28,MK-C-028,ภาคเหนือ,247,6481
2025-11-28,MK-C-028,ภาคใต้,283,8082
2025-11-28,SY-D-039,กรุงเทพฯ,330,7037
2025-11-28,SY-D-039,ภาคกลาง,243,5930
2025-11-28,SY-D-039,ภาคตะวันออก,172,4520
2025-11-28,SY-D-039,ภาคเหนือ,178,4556
2025-11-28,SY-D-039,ภาคใต้,223,5505
2025-11-28,AG-E-052,กรุงเทพฯ,93,2210
2025-11-28,AG-E-052,ภาคกลาง,68,2080
2025-11-28,AG-E-052,ภาคตะวันออก,54,1623
2025-11-28,AG-E-052,ภาคเหนือ,47,1219
2025-11-28,AG-E-052,ภาคใต้,64,1476
2025-11-29,TK-A-001,กรุงเทพฯ,117,3532
2025-11-29,TK-A-001,ภาคกลาง,89,2517
2025-11-29,TK-A-001,ภาคตะวันออก,79,2146
2025-11-29,TK-A-001,ภาคเหนือ,60,1598
2025-11-29,TK-A-001,ภาคใต้,82,2048
2025-11-29,GL-B-014,กรุงเทพฯ,626,15209
2025-11-29,GL-B-014,ภาคกลาง,458,12232
2025-11-29,GL-B-014,ภาคตะวันออก,349,11492
2025-11-29,GL-B-014,ภาคเหนือ,354,9561
2025-11-29,GL-B-014,ภาคใต้,433,9818
2025-11-29,MK-C-028,กรุงเทพฯ,467,13960
2025-11-29,MK-C-028,ภาคกลาง,397,10486
2025-11-29,MK-C-028,ภาคตะวันออก,280,6628
2025-11-29,MK-C-028,ภาคเหนือ,269,6013
2025-11-29,MK-C-028,ภาคใต้,328,7106
2025-11-29,SY-D-039,กรุงเทพฯ,328,8940
2025-11-29,SY-D-039,ภาคกลาง,223,6199
2025-11-29,SY-D-039,ภาคตะวันออก,201,4941
2025-11-29,SY-D-039,ภาคเหนือ,156,4890
2025-11-29,SY-D-039,ภาคใต้,219,5532
2025-11-29,AG-E-052,กรุงเทพฯ,96,2526
2025-11-29,AG-E-052,ภาคกลาง,67,1712
2025-11-29,AG-E-052,ภาคตะวันออก,60,1404
2025-11-29,AG-E-052,ภาคเหนือ,47,1377
2025-11-29,AG-E-052,ภาคใต้,57,1420
2025-11-30,TK-A-001,กรุงเทพฯ,128,3545
2025-11-30,TK-A-001,ภาคกลาง,107,2212
2025-11-30,TK-A-001,ภาคตะวันออก,78,2057
2025-11-30,TK-A-001,ภาคเหนือ,67,1908
2025-11-30,TK-A-001,ภาคใต้,78,1859
2025-11-30,GL-B-014,กรุงเทพฯ,650,15212
2025-11-30,GL-B-014,ภาคกลาง,478,11981
2025-11-30,GL-B-014,ภาคตะวันออก,363,8772
2025-11-30,GL-B-014,ภาคเหนือ,328,8197
2025-11-30,GL-B-014,ภาคใต้,408,11254
2025-11-30,MK-C-028,กรุงเทพฯ,489,11390
2025-11-30,MK-C-028,ภาคกลาง,350,9868
2025-11-30,MK-C-028,ภาคตะวันออก,263,7768
2025-11-30,MK-C-028,ภาคเหนือ,237,7338
2025-11-30,MK-C-028,ภาคใต้,311,8064
2025-11-30,SY-D-039,กรุงเทพฯ,319,8687
2025-11-30,SY-D-039,ภาคกลาง,238,6527
2025-11-30,SY-D-039,ภาคตะวันออก,179,4632
2025-11-30,SY-D-039,ภาคเหนือ,163,4750
2025-11-30,SY-D-039,ภาคใต้,202,5416
2025-11-30,AG-E-052,กรุงเทพฯ,97,2224
2025-11-30,AG-E-052,ภาคกลาง,68,2132
2025-11-30,AG-E-052,ภาคตะวันออก,52,1603
2025-11-30,AG-E-052,ภาคเหนือ,50,1231
2025-11-30,AG-E-052,ภาคใต้,63,1801
2025-12-01,TK-A-001,กรุงเทพฯ,116,3158
2025-12-01,TK-A-001,ภาคกลาง,91,2283
2025-12-01,TK-A-001,ภาคตะวันออก,77,1715
2025-12-01,TK-A-001,ภาคเหนือ,61,1504
2025-12-01,TK-A-001,ภาคใต้,85,2118
2025-12-01,GL-B-014,กรุงเทพฯ,644,15052
2025-12-01,GL-B-014,ภาคกลาง,519,13417
2025-12-01,GL-B-014,ภาคตะวันออก,396,11378
2025-12-01,GL-B-014,ภาคเหนือ,320,8571
2025-12-01,GL-B-014,ภาคใต้,415,10431
2025-12-01,MK-C-028,กรุงเทพฯ,459,13634
2025-12-01,MK-C-028,ภาคกลาง,372,9240
2025-12-01,MK-C-028,ภาคตะวันออก,264,6895
2025-12-01,MK-C-028,ภาคเหนือ,220,6245
2025-12-01,MK-C-028,ภาคใต้,295,9014
2025-12-01,SY-D-039,กรุงเทพฯ,292,9229
2025-12-01,SY-D-039,ภาคกลาง,237,5599
2025-12-01,SY-D-039,ภาคตะวันออก,177,4136
2025-12-01,SY-D-039,ภาคเหนือ,155,3953
2025-12-01,SY-D-039,ภาคใต้,197,5699
2025-12-01,AG-E-052,กรุงเทพฯ,87,2448
2025-12-01,AG-E-052,ภาคกลาง,77,1863
2025-12-01,AG-E-052,ภาคตะวันออก,52,1494
2025-12-01,AG-E-052,ภาคเหนือ,46,1412
2025-12-01,AG-E-052,ภาคใต้,58,1423
2025-12-02,TK-A-001,กรุงเทพฯ,124,3158
2025-12-02,TK-A-001,ภาคกลาง,104,2708
2025-12-02,TK-A-001,ภาคตะวันออก,69,1906
2025-12-02,TK-A-001,ภาคเหนือ,58,1558
2025-12-02,TK-A-001,ภาคใต้,82,1863
2025-12-02,GL-B-014,กรุงเทพฯ,571,18508
2025-12-02,GL-B-014,ภาคกลาง,540,15355
2025-12-02,GL-B-014,ภาคตะวันออก,347,10063
2025-12-02,GL-B-014,ภาคเหนือ,309,8252
2025-12-02,GL-B-014,ภาคใต้,396,11780
2025-12-02,MK-C-028,กรุงเทพฯ,492,12601
2025-12-02,MK-C-028,ภาคกลาง,387,8312
2025-12-02,MK-C-028,ภาคตะวันออก,252,7204
2025-12-02,MK-C-028,ภาคเหนือ,244,6599
2025-12-02,MK-C-028,ภาคใต้,272,8913
2025-12-02,SY-D-039,กรุงเทพฯ,290,7337
2025-12-02,SY-D-039,ภาคกลาง,226,7198
2025-12-02,SY-D-039,ภาคตะวันออก,165,4476
2025-12-02,SY-D-039,ภาคเหนือ,146,3769
2025-12-02,SY-D-039,ภาคใต้,209,4606
2025-12-02,AG-E-052,กรุงเทพฯ,98,2673
2025-12-02,AG-E-052,ภาคกลาง,67,2118
2025-12-02,AG-E-052,ภาคตะวันออก,51,1435
2025-12-02,AG-E-052,ภาคเหนือ,46,1304
2025-12-02,AG-E-052,ภาคใต้,63,1550
2025-12-03,TK-A-001,กรุงเทพฯ,123,2957
2025-12-03,TK-A-001,ภาคกลาง,99,2556
2025-12-03,TK-A-001,ภาคตะวันออก,65,2154
2025-12-03,TK-A-001,ภาคเหนือ,68,1785
2025-12-03,TK-A-001,ภาคใต้,84,2111
2025-12-03,GL-B-014,กรุงเทพฯ,640,18307
2025-12-03,GL-B-014,ภาคกลาง,481,15133
2025-12-03,GL-B-014,ภาคตะวันออก,383,10183
2025-12-03,GL-B-014,ภาคเหนือ,355,7754
2025-12-03,GL-B-014,ภาคใต้,427,10601
2025-12-03,MK-C-028,กรุงเทพฯ,450,12517
2025-12-03,MK-C-028,ภาคกลาง,360,9831
2025-12-03,MK-C-028,ภาคตะวันออก,290,7595
2025-12-03,MK-C-028,ภาคเหนือ,251,7173
2025-12-03,MK-C-028,ภาคใต้,309,7989
2025-12-03,SY-D-039,กรุงเทพฯ,295,7156
2025-12-03,SY-D-039,ภาคกลาง,256,6236
2025-12-03,SY-D-039,ภาคตะวันออก,193,4506
2025-12-03,SY-D-039,ภาคเหนือ,145,3860
2025-12-03,SY-D-039,ภาคใต้,203,5764
2025-12-03,AG-E-052,กรุงเทพฯ,81,2461
2025-12-03,AG-E-052,ภาคกลาง,75,1948
2025-12-03,AG-E-052,ภาคตะวันออก,57,1360
2025-12-03,AG-E-052,ภาคเหนือ,52,1340
2025-12-03,AG-E-052,ภาคใต้,63,1574
2025-12-04,TK-A-001,กรุงเทพฯ,119,3533
2025-12-04,TK-A-001,ภาคกลาง,93,2867
2025-12-04,TK-A-001,ภาคตะวันออก,64,2061
2025-12-04,TK-A-001,ภาคเหนือ,65,1829
2025-12-04,TK-A-001,ภาคใต้,79,2323
2025-12-04,GL-B-014,กรุงเทพฯ,613,15815
2025-12-04,GL-B-014,ภาคกลาง,454,13662
2025-12-04,GL-B-014,ภาคตะวันออก,382,10526
2025-12-04,GL-B-014,ภาคเหนือ,325,9289
2025-12-04,GL-B-014,ภาคใต้,447,9816
2025-12-04,MK-C-028,กรุงเทพฯ,417,12088
2025-12-04,MK-C-028,ภาคกลาง,332,10249
2025-12-04,MK-C-028,ภาคตะวันออก,281,7745
2025-12-04,MK-C-028,ภาคเหนือ,258,7039
2025-12-04,MK-C-028,ภาคใต้,278,8113
2025-12-04,SY-D-039,กรุงเทพฯ,297,7963
2025-12-04,SY-D-039,ภาคกลาง,240,6648
2025-12-04,SY-D-039,ภาคตะวันออก,190,5326
2025-12-04,SY-D-039,ภาคเหนือ,163,4495
2025-12-04,SY-D-039,ภาคใต้,201,5680
2025-12-04,AG-E-052,กรุงเทพฯ,86,2562
2025-12-04,AG-E-052,ภาคกลาง,65,2091
2025-12-04,AG-E-052,ภาคตะวันออก,58,1256
2025-12-04,AG-E-052,ภาคเหนือ,48,1270
2025-12-04,AG-E-052,ภาคใต้,64,1718
2025-12-05,TK-A-001,กรุงเทพฯ,116,2844
2025-12-05,TK-A-001,ภาคกลาง,86,2461
2025-12-05,TK-A-001,ภาคตะวันออก,68,2231
2025-12-05,TK-A-001,ภาคเหนือ,62,1585
2025-12-05,TK-A-001,ภาคใต้,80,2283
2025-12-05,GL-B-014,กรุงเทพฯ,662,18853
2025-12-05,GL-B-014,ภาคกลาง,477,12337
2025-12-05,GL-B-014,ภาคตะวันออก,346,9478
2025-12-05,GL-B-014,ภาคเหนือ,307,9434
2025-12-05,GL-B-014,ภาคใต้,418,10888
2025-12-05,MK-C-028,กรุงเทพฯ,396,12775
2025-12-05,MK-C-028,ภาคกลาง,331,8871
2025-12-05,MK-C-028,ภาคตะวันออก,285,6312
2025-12-05,MK-C-028,ภาคเหนือ,221,5719
2025-12-05,MK-C-028,ภาคใต้,267,9205
2025-12-05,SY-D-039,กรุงเทพฯ,277,7104
2025-12-05,SY-D-039,ภาคกลาง,251,6748
2025-12-05,SY-D-039,ภาคตะวันออก,178,4831
2025-12-05,SY-D-039,ภาคเหนือ,152,3697
2025-12-05,SY-D-039,ภาคใต้,199,6012
2025-12-05,AG-E-052,กรุงเทพฯ,90,2677
2025-12-05,AG-E-052,ภาคกลาง,64,2134
2025-12-05,AG-E-052,ภาคตะวันออก,50,1564
2025-12-05,AG-E-052,ภาคเหนือ,49,1147
2025-12-05,AG-E-052,ภาคใต้,59,1762
2025-12-06,TK-A-001,กรุงเทพฯ,106,3625
2025-12-06,TK-A-001,ภาคกลาง,102,2343
2025-12-06,TK-A-001,ภาคตะวันออก,65,2186
2025-12-06,TK-A-001,ภาคเหนือ,65,1544
2025-12-06,TK-A-001,ภาคใต้,82,2240
2025-12-06,GL-B-014,กรุงเทพฯ,601,16099
2025-12-06,GL-B-014,ภาคกลาง,441,15180
2025-12-06,GL-B-014,ภาคตะวันออก,345,9700
2025-12-06,GL-B-014,ภาคเหนือ,343,10017
2025-12-06,GL-B-014,ภาคใต้,375,11823
2025-12-06,MK-C-028,กรุงเทพฯ,478,12172
2025-12-06,MK-C-028,ภาคกลาง,320,10405
2025-12-06,MK-C-028,ภาคตะวันออก,272,7179
2025-12-06,MK-C-028,ภาคเหนือ,213,7066
2025-12-06,MK-C-028,ภาคใต้,296,8479
2025-12-06,SY-D-039,กรุงเทพฯ,286,8346
2025-12-06,SY-D-039,ภาคกลาง,236,6822
2025-12-06,SY-D-039,ภาคตะวันออก,181,4246
2025-12-06,SY-D-039,ภาคเหนือ,149,4187
2025-12-06,SY-D-039,ภาคใต้,192,5560
2025-12-06,AG-E-052,กรุงเทพฯ,91,2575
2025-12-06,AG-E-052,ภาคกลาง,70,2076
2025-12-06,AG-E-052,ภาคตะวันออก,54,1646
2025-12-06,AG-E-052,ภาคเหนือ,47,1151
2025-12-06,AG-E-052,ภาคใต้,63,1548
2025-12-07,TK-A-001,กรุงเทพฯ,118,3097
2025-12-07,TK-A-001,ภาคกลาง,93,2952
2025-12-07,TK-A-001,ภาคตะวันออก,66,1954
2025-12-07,TK-A-001,ภาคเหนือ,60,1618
2025-12-07,TK-A-001,ภาคใต้,79,1934
2025-12-07,GL-B-014,กรุงเทพฯ,557,14725
2025-12-07,GL-B-014,ภาคกลาง,457,14311
2025-12-07,GL-B-014,ภาคตะวันออก,387,8941
2025-12-07,GL-B-014,ภาคเหนือ,296,9299
2025-12-07,GL-B-014,ภาคใต้,425,10374
2025-12-07,MK-C-028,กรุงเทพฯ,412,12603
2025-12-07,MK-C-028,ภาคกลาง,339,10339
2025-12-07,MK-C-028,ภาคตะวันออก,248,8271
2025-12-07,MK-C-028,ภาคเหนือ,244,5936
2025-12-07,MK-C-028,ภาคใต้,267,8825
2025-12-07,SY-D-039,กรุงเทพฯ,288,7679
2025-12-07,SY-D-039,ภาคกลาง,229,6871
2025-12-07,SY-D-039,ภาคตะวันออก,165,4302
2025-12-07,SY-D-039,ภาคเหนือ,157,4926
2025-12-07,SY-D-039,ภาคใต้,207,4761
2025-12-07,AG-E-052,กรุงเทพฯ,78,2371
2025-12-07,AG-E-052,ภาคกลาง,66,1729
2025-12-07,AG-E-052,ภาคตะวันออก,49,1645
2025-12-07,AG-E-052,ภาคเหนือ,47,1261
2025-12-07,AG-E-052,ภาคใต้,57,1630
2025-12-08,TK-A-001,กรุงเทพฯ,106,2896
2025-12-08,TK-A-001,ภาคกลาง,91,2259
2025-12-08,TK-A-001,ภาคตะวันออก,70,1832
2025-12-08,TK-A-001,ภาคเหนือ,58,1914
2025-12-08,TK-A-001,ภาคใต้,81,2168
2025-12-08,GL-B-014,กรุงเทพฯ,564,16583
2025-12-08,GL-B-014,ภาคกลาง,458,11793
2025-12-08,GL-B-014,ภาคตะวันออก,352,11093
2025-12-08,GL-B-014,ภาคเหนือ,300,9877
2025-12-08,GL-B-014,ภาคใต้,424,11177
2025-12-08,MK-C-028,กรุงเทพฯ,423,13709
2025-12-08,MK-C-028,ภาคกลาง,361,8614
2025-12-08,MK-C-028,ภาคตะวันออก,245,8282
2025-12-08,MK-C-028,ภาคเหนือ,211,5687
2025-12-08,MK-C-028,ภาคใต้,303,7889
2025-12-08,SY-D-039,กรุงเทพฯ,282,8769
2025-12-08,SY-D-039,ภาคกลาง,226,6836
2025-12-08,SY-D-039,ภาคตะวันออก,175,4764
2025-12-08,SY-D-039,ภาคเหนือ,151,4188
2025-12-08,SY-D-039,ภาคใต้,193,4868
2025-12-08,AG-E-052,กรุงเทพฯ,88,2075
2025-12-08,AG-E-052,ภาคกลาง,73,1859
2025-12-08,AG-E-052,ภาคตะวันออก,55,1553
2025-12-08,AG-E-052,ภาคเหนือ,44,1215
2025-12-08,AG-E-052,ภาคใต้,59,1413
2025-12-09,TK-A-001,กรุงเทพฯ,123,2941
2025-12-09,TK-A-001,ภาคกลาง,91,2240
2025-12-09,TK-A-001,ภาคตะวันออก,73,2039
2025-12-09,TK-A-001,ภาคเหนือ,57,1616
2025-12-09,TK-A-001,ภาคใต้,74,2002
2025-12-09,GL-B-014,กรุงเทพฯ,619,18309
2025-12-09,GL-B-014,ภาคกลาง,433,14787
2025-12-09,GL-B-014,ภาคตะวันออก,335,10148
2025-12-09,GL-B-014,ภาคเหนือ,309,9842
2025-12-09,GL-B-014,ภาคใต้,375,10011
2025-12-09,MK-C-028,กรุงเทพฯ,436,12103
2025-12-09,MK-C-028,ภาคกลาง,363,9573
2025-12-09,MK-C-028,ภาคตะวันออก,253,7966
2025-12-09,MK-C-028,ภาคเหนือ,221,7411
2025-12-09,MK-C-028,ภาคใต้,293,9117
2025-12-09,SY-D-039,กรุงเทพฯ,291,8573
2025-12-09,SY-D-039,ภาคกลาง,244,6930
2025-12-09,SY-D-039,ภาคตะวันออก,183,4166
2025-12-09,SY-D-039,ภาคเหนือ,157,4118
2025-12-09,SY-D-039,ภาคใต้,190,5164
2025-12-09,AG-E-052,กรุงเทพฯ,81,2499
2025-12-09,AG-E-052,ภาคกลาง,67,1679
2025-12-09,AG-E-052,ภาคตะวันออก,50,1488
2025-12-09,AG-E-052,ภาคเหนือ,42,1247
2025-12-09,AG-E-052,ภาคใต้,61,1409
2025-12-10,TK-A-001,กรุงเทพฯ,121,2780
2025-12-10,TK-A-001,ภาคกลาง,88,2436
2025-12-10,TK-A-001,ภาคตะวันออก,67,1688
2025-12-10,TK-A-001,ภาคเหนือ,59,1639
2025-12-10,TK-A-001,ภาคใต้,83,2131
2025-12-10,GL-B-014,กรุงเทพฯ,536,14272
2025-12-10,GL-B-014,ภาคกลาง,471,13975
2025-12-10,GL-B-014,ภาคตะวันออก,385,9939
2025-12-10,GL-B-014,ภาคเหนือ,326,9415
2025-12-10,GL-B-014,ภาคใต้,369,10667
2025-12-10,MK-C-028,กรุงเทพฯ,422,13656
2025-12-10,MK-C-028,ภาคกลาง,350,9494
2025-12-10,MK-C-028,ภาคตะวันออก,258,6893
2025-12-10,MK-C-028,ภาคเหนือ,248,5825
2025-12-10,MK-C-028,ภาคใต้,286,9052
2025-12-10,SY-D-039,กรุงเทพฯ,263,8157
2025-12-10,SY-D-039,ภาคกลาง,213,6895
2025-12-10,SY-D-039,ภาคตะวันออก,158,5579
2025-12-10,SY-D-039,ภาคเหนือ,144,4452
2025-12-10,SY-D-039,ภาคใต้,198,5478
2025-12-10,AG-E-052,กรุงเทพฯ,87,2418
2025-12-10,AG-E-052,ภาคกลาง,64,1787
2025-12-10,AG-E-052,ภาคตะวันออก,54,1622
2025-12-10,AG-E-052,ภาคเหนือ,48,1248
2025-12-10,AG-E-052,ภาคใต้,57,1431
2025-12-11,TK-A-001,กรุงเทพฯ,120,3501
2025-12-11,TK-A-001,ภาคกลาง,94,2378
2025-12-11,TK-A-001,ภาคตะวันออก,64,1767
2025-12-11,TK-A-001,ภาคเหนือ,64,1779
2025-12-11,TK-A-001,ภาคใต้,79,1995
2025-12-11,GL-B-014,กรุงเทพฯ,557,18208
2025-12-11,GL-B-014,ภาคกลาง,470,12451
2025-12-11,GL-B-014,ภาคตะวันออก,367,9114
2025-12-11,GL-B-014,ภาคเหนือ,332,9845
2025-12-11,GL-B-014,ภาคใต้,383,10645
2025-12-11,MK-C-028,กรุงเทพฯ,395,11221
2025-12-11,MK-C-028,ภาคกลาง,316,8746
2025-12-11,MK-C-028,ภาคตะวันออก,251,7603
2025-12-11,MK-C-028,ภาคเหนือ,239,6179
2025-12-11,MK-C-028,ภาคใต้,254,7109
2025-12-11,SY-D-039,กรุงเทพฯ,258,8504
2025-12-11,SY-D-039,ภาคกลาง,217,6598
2025-12-11,SY-D-039,ภาคตะวันออก,174,4228
2025-12-11,SY-D-039,ภาคเหนือ,142,4339
2025-12-11,SY-D-039,ภาคใต้,192,5591
2025-12-11,AG-E-052,กรุงเทพฯ,84,2664
2025-12-11,AG-E-052,ภาคกลาง,62,2117
2025-12-11,AG-E-052,ภาคตะวันออก,52,1671
2025-12-11,AG-E-052,ภาคเหนือ,42,1373
2025-12-11,AG-E-052,ภาคใต้,59,1383
2025-12-12,TK-A-001,กรุงเทพฯ,120,2832
2025-12-12,TK-A-001,ภาคกลาง,83,2464
2025-12-12,TK-A-001,ภาคตะวันออก,63,1867
2025-12-12,TK-A-001,ภาคเหนือ,58,1831
2025-12-12,TK-A-001,ภาคใต้,70,1859
2025-12-12,GL-B-014,กรุงเทพฯ,583,18618
2025-12-12,GL-B-014,ภาคกลาง,465,15278
2025-12-12,GL-B-014,ภาคตะวันออก,377,10315
2025-12-12,GL-B-014,ภาคเหนือ,279,9560
2025-12-12,GL-B-014,ภาคใต้,403,9861
2025-12-12,MK-C-028,กรุงเทพฯ,398,13535
2025-12-12,MK-C-028,ภาคกลาง,354,9089
2025-12-12,MK-C-028,ภาคตะวันออก,264,7599
2025-12-12,MK-C-028,ภาคเหนือ,211,5556
2025-12-12,MK-C-028,ภาคใต้,285,8680
2025-12-12,SY-D-039,กรุงเทพฯ,286,8240
2025-12-12,SY-D-039,ภาคกลาง,241,5714
2025-12-12,SY-D-039,ภาคตะวันออก,175,5412
2025-12-12,SY-D-039,ภาคเหนือ,135,4612
2025-12-12,SY-D-039,ภาคใต้,179,4971
2025-12-12,AG-E-052,กรุงเทพฯ,83,2752
2025-12-12,AG-E-052,ภาคกลาง,67,2019
2025-12-12,AG-E-052,ภาคตะวันออก,48,1636
2025-12-12,AG-E-052,ภาคเหนือ,44,1338
2025-12-12,AG-E-052,ภาคใต้,54,1398
2025-12-13,TK-A-001,กรุงเทพฯ,110,3598
2025-12-13,TK-A-001,ภาคกลาง,94,2708
2025-12-13,TK-A-001,ภาคตะวันออก,64,1898
2025-12-13,TK-A-001,ภาคเหนือ,56,1509
2025-12-13,TK-A-001,ภาคใต้,70,2064
2025-12-13,GL-B-014,กรุงเทพฯ,550,14637
2025-12-13,GL-B-014,ภาคกลาง,466,13095
2025-12-13,GL-B-014,ภาคตะวันออก,350,9270
2025-12-13,GL-B-014,ภาคเหนือ,324,7781
2025-12-13,GL-B-014,ภาคใต้,351,11607
2025-12-13,MK-C-028,กรุงเทพฯ,432,12100
2025-12-13,MK-C-028,ภาคกลาง,326,8468
2025-12-13,MK-C-028,ภาคตะวันออก,234,8168
2025-12-13,MK-C-028,ภาคเหนือ,209,6737
2025-12-13,MK-C-028,ภาคใต้,298,7505
2025-12-13,SY-D-039,กรุงเทพฯ,284,7644
2025-12-13,SY-D-039,ภาคกลาง,237,7066
2025-12-13,SY-D-039,ภาคตะวันออก,156,5526
2025-12-13,SY-D-039,ภาคเหนือ,154,4204
2025-12-13,SY-D-039,ภาคใต้,182,6008
2025-12-13,AG-E-052,กรุงเทพฯ,89,2493
2025-12-13,AG-E-052,ภาคกลาง,60,2097
2025-12-13,AG-E-052,ภาคตะวันออก,48,1438
2025-12-13,AG-E-052,ภาคเหนือ,44,1422
2025-12-13,AG-E-052,ภาคใต้,59,1500
2025-12-14,TK-A-001,กรุงเทพฯ,108,3006
2025-12-14,TK-A-001,ภาคกลาง,93,2261
2025-12-14,TK-A-001,ภาคตะวันออก,70,1915
2025-12-14,TK-A-001,ภาคเหนือ,54,1925
2025-12-14,TK-A-001,ภาคใต้,71,2201
2025-12-14,GL-B-014,กรุงเทพฯ,512,14556
2025-12-14,GL-B-014,ภาคกลาง,455,12942
2025-12-14,GL-B-014,ภาคตะวันออก,307,8751
2025-12-14,GL-B-014,ภาคเหนือ,286,9198
2025-12-14,GL-B-014,ภาคใต้,375,12227
2025-12-14,MK-C-028,กรุงเทพฯ,411,13301
2025-12-14,MK-C-028,ภาคกลาง,324,11131
2025-12-14,MK-C-028,ภาคตะวันออก,262,6375
2025-12-14,MK-C-028,ภาคเหนือ,239,6228
2025-12-14,MK-C-028,ภาคใต้,287,8591
2025-12-14,SY-D-039,กรุงเทพฯ,256,9083
2025-12-14,SY-D-039,ภาคกลาง,236,6539
2025-12-14,SY-D-039,ภาคตะวันออก,179,4147
2025-12-14,SY-D-039,ภาคเหนือ,144,3828
2025-12-14,SY-D-039,ภาคใต้,167,5223
2025-12-14,AG-E-052,กรุงเทพฯ,77,2344
2025-12-14,AG-E-052,ภาคกลาง,70,1921
2025-12-14,AG-E-052,ภาคตะวันออก,46,1513
2025-12-14,AG-E-052,ภาคเหนือ,46,1481
2025-12-14,AG-E-052,ภาคใต้,54,1446
2025-12-15,TK-A-001,กรุงเทพฯ,100,3341
2025-12-15,TK-A-001,ภาคกลาง,88,2747
2025-12-15,TK-A-001,ภาคตะวันออก,66,1911
2025-12-15,TK-A-001,ภาคเหนือ,63,1783
2025-12-15,TK-A-001,ภาคใต้,80,2349
2025-12-15,GL-B-014,กรุงเทพฯ,510,15430
2025-12-15,GL-B-014,ภาคกลาง,463,13972
2025-12-15,GL-B-014,ภาคตะวันออก,323,8969
2025-12-15,GL-B-014,ภาคเหนือ,288,9465
2025-12-15,GL-B-014,ภาคใต้,356,9948
2025-12-15,MK-C-028,กรุงเทพฯ,442,13615
2025-12-15,MK-C-028,ภาคกลาง,323,8378
2025-12-15,MK-C-028,ภาคตะวันออก,266,7847
2025-12-15,MK-C-028,ภาคเหนือ,209,7260
2025-12-15,MK-C-028,ภาคใต้,283,9217
2025-12-15,SY-D-039,กรุงเทพฯ,261,9098
2025-12-15,SY-D-039,ภาคกลาง,199,5732
2025-12-15,SY-D-039,ภาคตะวันออก,172,4625
2025-12-15,SY-D-039,ภาคเหนือ,158,4323
2025-12-15,SY-D-039,ภาคใต้,170,4864
2025-12-15,AG-E-052,กรุงเทพฯ,81,2232
2025-12-15,AG-E-052,ภาคกลาง,68,1838
2025-12-15,AG-E-052,ภาคตะวันออก,53,1342
2025-12-15,AG-E-052,ภาคเหนือ,41,1319
2025-12-15,AG-E-052,ภาคใต้,50,1832
2025-12-16,TK-A-001,กรุงเทพฯ,104,3314
2025-12-16,TK-A-001,ภาคกลาง,91,2609
2025-12-16,TK-A-001,ภาคตะวันออก,62,2090
2025-12-16,TK-A-001,ภาคเหนือ,54,1547
2025-12-16,TK-A-001,ภาคใต้,70,2225
2025-12-16,GL-B-014,กรุงเทพฯ,617,17246
2025-12-16,GL-B-014,ภาคกลาง,490,15399
2025-12-16,GL-B-014,ภาคตะวันออก,355,8813
2025-12-16,GL-B-014,ภาคเหนือ,297,9103
2025-12-16,GL-B-014,ภาคใต้,386,10624
2025-12-16,MK-C-028,กรุงเทพฯ,408,13489
2025-12-16,MK-C-028,ภาคกลาง,343,8493
2025-12-16,MK-C-028,ภาคตะวันออก,251,6926
2025-12-16,MK-C-028,ภาคเหนือ,210,6627
2025-12-16,MK-C-028,ภาคใต้,245,6895
2025-12-16,SY-D-039,กรุงเทพฯ,266,9083
2025-12-16,SY-D-039,ภาคกลาง,222,6523
2025-12-16,SY-D-039,ภาคตะวันออก,178,4132
2025-12-16,SY-D-039,ภาคเหนือ,131,4962
2025-12-16,SY-D-039,ภาคใต้,169,5800
2025-12-16,AG-E-052,กรุงเทพฯ,75,2525
2025-12-16,AG-E-052,ภาคกลาง,67,2015
2025-12-16,AG-E-052,ภาคตะวันออก,50,1357
2025-12-16,AG-E-052,ภาคเหนือ,44,1359
2025-12-16,AG-E-052,ภาคใต้,50,1486
2025-12-17,TK-A-001,กรุงเทพฯ,116,3508
2025-12-17,TK-A-001,ภาคกลาง,83,2253
2025-12-17,TK-A-001,ภาคตะวันออก,70,2022
2025-12-17,TK-A-001,ภาคเหนือ,55,1572
2025-12-17,TK-A-001,ภาคใต้,78,2296
2025-12-17,GL-B-014,กรุงเทพฯ,611,16596
2025-12-17,GL-B-014,ภาคกลาง,435,12101
2025-12-17,GL-B-014,ภาคตะวันออก,330,8778
2025-12-17,GL-B-014,ภาคเหนือ,274,9535
2025-12-17,GL-B-014,ภาคใต้,374,11227
2025-12-17,MK-C-028,กรุงเทพฯ,418,12243
2025-12-17,MK-C-028,ภาคกลาง,305,9453
2025-12-17,MK-C-028,ภาคตะวันออก,232,8131
2025-12-17,MK-C-028,ภาคเหนือ,195,6172
2025-12-17,MK-C-028,ภาคใต้,288,7736
2025-12-17,SY-D-039,กรุงเทพฯ,297,7321
2025-12-17,SY-D-039,ภาคกลาง,235,6031
2025-12-17,SY-D-039,ภาคตะวันออก,150,4698
2025-12-17,SY-D-039,ภาคเหนือ,135,3768
2025-12-17,SY-D-039,ภาคใต้,187,5146
2025-12-17,AG-E-052,กรุงเทพฯ,81,2664
2025-12-17,AG-E-052,ภาคกลาง,60,2071
2025-12-17,AG-E-052,ภาคตะวันออก,44,1557
2025-12-17,AG-E-052,ภาคเหนือ,47,1245
2025-12-17,AG-E-052,ภาคใต้,58,1732
2025-12-18,TK-A-001,กรุงเทพฯ,115,3081
2025-12-18,TK-A-001,ภาคกลาง,78,2486
2025-12-18,TK-A-001,ภาคตะวันออก,67,2161
2025-12-18,TK-A-001,ภาคเหนือ,54,1672
2025-12-18,TK-A-001,ภาคใต้,64,2232
2025-12-18,GL-B-014,กรุงเทพฯ,583,14554
2025-12-18,GL-B-014,ภาคกลาง,470,12610
2025-12-18,GL-B-014,ภาคตะวันออก,330,11312
2025-12-18,GL-B-014,ภาคเหนือ,273,9559
2025-12-18,GL-B-014,ภาคใต้,368,11062
2025-12-18,MK-C-028,กรุงเทพฯ,401,12909
2025-12-18,MK-C-028,ภาคกลาง,322,8937
2025-12-18,MK-C-028,ภาคตะวันออก,239,6782
2025-12-18,MK-C-028,ภาคเหนือ,209,7261
2025-12-18,MK-C-028,ภาคใต้,270,8157
2025-12-18,SY-D-039,กรุงเทพฯ,252,8550
2025-12-18,SY-D-039,ภาคกลาง,210,6914
2025-12-18,SY-D-039,ภาคตะวันออก,149,4172
2025-12-18,SY-D-039,ภาคเหนือ,133,4284
2025-12-18,SY-D-039,ภาคใต้,183,5060
2025-12-18,AG-E-052,กรุงเทพฯ,74,2235
2025-12-18,AG-E-052,ภาคกลาง,66,1715
2025-12-18,AG-E-052,ภาคตะวันออก,44,1456
2025-12-18,AG-E-052,ภาคเหนือ,41,1286
2025-12-18,AG-E-052,ภาคใต้,54,1506
2025-12-19,TK-A-001,กรุงเทพฯ,96,3518
2025-12-19,TK-A-001,ภาคกลาง,91,2789
2025-12-19,TK-A-001,ภาคตะวันออก,58,1889
2025-12-19,TK-A-001,ภาคเหนือ,58,1681
2025-12-19,TK-A-001,ภาคใต้,69,2130
2025-12-19,GL-B-014,กรุงเทพฯ,555,17716
2025-12-19,GL-B-014,ภาคกลาง,420,14998
2025-12-19,GL-B-014,ภาคตะวันออก,357,9205
2025-12-19,GL-B-014,ภาคเหนือ,274,8061
2025-12-19,GL-B-014,ภาคใต้,397,10074
2025-12-19,MK-C-028,กรุงเทพฯ,370,13466
2025-12-19,MK-C-028,ภาคกลาง,333,8636
2025-12-19,MK-C-028,ภาคตะวันออก,241,6575
2025-12-19,MK-C-028,ภาคเหนือ,214,6787
2025-12-19,MK-C-028,ภาคใต้,254,7631
2025-12-19,SY-D-039,กรุงเทพฯ,292,7866
2025-12-19,SY-D-039,ภาคกลาง,214,7204
2025-12-19,SY-D-039,ภาคตะวันออก,160,4794
2025-12-19,SY-D-039,ภาคเหนือ,156,4901
2025-12-19,SY-D-039,ภาคใต้,162,4914
2025-12-19,AG-E-052,กรุงเทพฯ,85,2445
2025-12-19,AG-E-052,ภาคกลาง,63,1680
2025-12-19,AG-E-052,ภาคตะวันออก,47,1383
2025-12-19,AG-E-052,ภาคเหนือ,42,1351
2025-12-19,AG-E-052,ภาคใต้,57,1550
2025-12-20,TK-A-001,กรุงเทพฯ,110,3206
2025-12-20,TK-A-001,ภาคกลาง,81,2615
2025-12-20,TK-A-001,ภาคตะวันออก,57,2227
2025-12-20,TK-A-001,ภาคเหนือ,58,1646
2025-12-20,TK-A-001,ภาคใต้,76,2300
2025-12-20,GL-B-014,กรุงเทพฯ,573,16468
2025-12-20,GL-B-014,ภาคกลาง,439,14768
2025-12-20,GL-B-014,ภาคตะวันออก,308,9965
2025-12-20,GL-B-014,ภาคเหนือ,314,8394
2025-12-20,GL-B-014,ภาคใต้,396,11507
2025-12-20,MK-C-028,กรุงเทพฯ,380,11994
2025-12-20,MK-C-028,ภาคกลาง,331,10100
2025-12-20,MK-C-028,ภาคตะวันออก,255,7871
2025-12-20,MK-C-028,ภาคเหนือ,197,6600
2025-12-20,MK-C-028,ภาคใต้,259,7023
2025-12-20,SY-D-039,กรุงเทพฯ,251,6898
2025-12-20,SY-D-039,ภาคกลาง,232,6166
2025-12-20,SY-D-039,ภาคตะวันออก,148,5389
2025-12-20,SY-D-039,ภาคเหนือ,129,4006
2025-12-20,SY-D-039,ภาคใต้,161,4736
2025-12-20,AG-E-052,กรุงเทพฯ,73,2511
2025-12-20,AG-E-052,ภาคกลาง,58,1975
2025-12-20,AG-E-052,ภาคตะวันออก,47,1475
2025-12-20,AG-E-052,ภาคเหนือ,44,1188
2025-12-20,AG-E-052,ภาคใต้,57,1522
2025-12-21,TK-A-001,กรุงเทพฯ,97,3006
2025-12-21,TK-A-001,ภาคกลาง,84,2800
2025-12-21,TK-A-001,ภาคตะวันออก,66,2062
2025-12-21,TK-A-001,ภาคเหนือ,55,1492
2025-12-21,TK-A-001,ภาคใต้,67,2377
2025-12-21,GL-B-014,กรุงเทพฯ,543,18284
2025-12-21,GL-B-014,ภาคกลาง,398,13210
2025-12-21,GL-B-014,ภาคตะวันออก,336,9470
2025-12-21,GL-B-014,ภาคเหนือ,301,9103
2025-12-21,GL-B-014,ภาคใต้,379,10036
2025-12-21,MK-C-028,กรุงเทพฯ,417,11351
2025-12-21,MK-C-028,ภาคกลาง,343,9130
2025-12-21,MK-C-028,ภาคตะวันออก,252,8231
2025-12-21,MK-C-028,ภาคเหนือ,203,6896
2025-12-21,MK-C-028,ภาคใต้,288,8454
2025-12-21,SY-D-039,กรุงเทพฯ,288,9240
2025-12-21,SY-D-039,ภาคกลาง,210,7335
2025-12-21,SY-D-039,ภาคตะวันออก,162,4837
2025-12-21,SY-D-039,ภาคเหนือ,148,3729
2025-12-21,SY-D-039,ภาคใต้,182,4751
2025-12-21,AG-E-052,กรุงเทพฯ,83,2082
2025-12-21,AG-E-052,ภาคกลาง,67,1944
2025-12-21,AG-E-052,ภาคตะวันออก,46,1643
2025-12-21,AG-E-052,ภาคเหนือ,40,1260
2025-12-21,AG-E-052,ภาคใต้,52,1613
2025-12-22,TK-A-001,กรุงเทพฯ,109,3424
2025-12-22,TK-A-001,ภาคกลาง,89,2335
2025-12-22,TK-A-001,ภาคตะวันออก,63,2087
2025-12-22,TK-A-001,ภาคเหนือ,60,1741
2025-12-22,TK-A-001,ภาคใต้,66,2392
2025-12-22,GL-B-014,กรุงเทพฯ,561,15015
2025-12-22,GL-B-014,ภาคกลาง,413,12791
2025-12-22,GL-B-014,ภาคตะวันออก,342,10988
2025-12-22,GL-B-014,ภาคเหนือ,295,9527
2025-12-22,GL-B-014,ภาคใต้,354,10686
2025-12-22,MK-C-028,กรุงเทพฯ,403,10900
2025-12-22,MK-C-028,ภาคกลาง,325,10124
2025-12-22,MK-C-028,ภาคตะวันออก,243,6204
2025-12-22,MK-C-028,ภาคเหนือ,214,6521
2025-12-22,MK-C-028,ภาคใต้,237,7319
2025-12-22,SY-D-039,กรุงเทพฯ,271,8364
2025-12-22,SY-D-039,ภาคกลาง,209,6639
2025-12-22,SY-D-039,ภาคตะวันออก,144,4715
2025-12-22,SY-D-039,ภาคเหนือ,150,4894
2025-12-22,SY-D-039,ภาคใต้,162,6080
2025-12-22,AG-E-052,กรุงเทพฯ,76,2594
2025-12-22,AG-E-052,ภาคกลาง,67,1688
2025-12-22,AG-E-052,ภาคตะวันออก,47,1674
2025-12-22,AG-E-052,ภาคเหนือ,40,1175
2025-12-22,AG-E-052,ภาคใต้,49,1556
2025-12-23,TK-A-001,กรุงเทพฯ,102,3469
2025-12-23,TK-A-001,ภาคกลาง,76,2563
2025-12-23,TK-A-001,ภาคตะวันออก,62,2141
2025-12-23,TK-A-001,ภาคเหนือ,59,1706
2025-12-23,TK-A-001,ภาคใต้,73,1998
2025-12-23,GL-B-014,กรุงเทพฯ,544,17656
2025-12-23,GL-B-014,ภาคกลาง,419,11643
2025-12-23,GL-B-014,ภาคตะวันออก,321,9620
2025-12-23,GL-B-014,ภาคเหนือ,288,7622
2025-12-23,GL-B-014,ภาคใต้,337,12465
2025-12-23,MK-C-028,กรุงเทพฯ,424,11575
2025-12-23,MK-C-028,ภาคกลาง,303,9238
2025-12-23,MK-C-028,ภาคตะวันออก,246,7413
2025-12-23,MK-C-028,ภาคเหนือ,218,7395
2025-12-23,MK-C-028,ภาคใต้,243,8127
2025-12-23,SY-D-039,กรุงเทพฯ,272,7048
2025-12-23,SY-D-039,ภาคกลาง,200,6784
2025-12-23,SY-D-039,ภาคตะวันออก,169,4532
2025-12-23,SY-D-039,ภาคเหนือ,144,4214
2025-12-23,SY-D-039,ภาคใต้,166,5014
2025-12-23,AG-E-052,กรุงเทพฯ,75,2067
2025-12-23,AG-E-052,ภาคกลาง,58,1941
2025-12-23,AG-E-052,ภาคตะวันออก,44,1292
2025-12-23,AG-E-052,ภาคเหนือ,44,1219
2025-12-23,AG-E-052,ภาคใต้,56,1586
2025-12-24,TK-A-001,กรุงเทพฯ,108,3342
2025-12-24,TK-A-001,ภาคกลาง,85,2714
2025-12-24,TK-A-001,ภาคตะวันออก,59,2219
2025-12-24,TK-A-001,ภาคเหนือ,55,1846
2025-12-24,TK-A-001,ภาคใต้,75,2395
2025-12-24,GL-B-014,กรุงเทพฯ,497,16101
2025-12-24,GL-B-014,ภาคกลาง,444,12326
2025-12-24,GL-B-014,ภาคตะวันออก,336,11533
2025-12-24,GL-B-014,ภาคเหนือ,270,9920
2025-12-24,GL-B-014,ภาคใต้,328,12214
2025-12-24,MK-C-028,กรุงเทพฯ,384,10643
2025-12-24,MK-C-028,ภาคกลาง,285,9890
2025-12-24,MK-C-028,ภาคตะวันออก,242,7748
2025-12-24,MK-C-028,ภาคเหนือ,209,5875
2025-12-24,MK-C-028,ภาคใต้,261,7997
2025-12-24,SY-D-039,กรุงเทพฯ,238,8032
2025-12-24,SY-D-039,ภาคกลาง,215,5746
2025-12-24,SY-D-039,ภาคตะวันออก,166,4675
2025-12-24,SY-D-039,ภาคเหนือ,129,3913
2025-12-24,SY-D-039,ภาคใต้,163,5491
2025-12-24,AG-E-052,กรุงเทพฯ,78,2626
2025-12-24,AG-E-052,ภาคกลาง,65,1945
2025-12-24,AG-E-052,ภาคตะวันออก,44,1261
2025-12-24,AG-E-052,ภาคเหนือ,39,1106
2025-12-24,AG-E-052,ภาคใต้,48,1640
2025-12-25,TK-A-001,กรุงเทพฯ,106,2856
2025-12-25,TK-A-001,ภาคกลาง,90,2876
2025-12-25,TK-A-001,ภาคตะวันออก,61,1998
2025-12-25,TK-A-001,ภาคเหนือ,56,1952
2025-12-25,TK-A-001,ภาคใต้,69,2365
2025-12-25,GL-B-014,กรุงเทพฯ,530,17436
2025-12-25,GL-B-014,ภาคกลาง,453,12773
2025-12-25,GL-B-014,ภาคตะวันออก,326,10015
2025-12-25,GL-B-014,ภาคเหนือ,278,9293
2025-12-25,GL-B-014,ภาคใต้,382,12151
2025-12-25,MK-C-028,กรุงเทพฯ,415,13632
2025-12-25,MK-C-028,ภาคกลาง,300,9159
2025-12-25,MK-C-028,ภาคตะวันออก,214,7878
2025-12-25,MK-C-028,ภาคเหนือ,198,6401
2025-12-25,MK-C-028,ภาคใต้,241,7761
2025-12-25,SY-D-039,กรุงเทพฯ,270,8321
2025-12-25,SY-D-039,ภาคกลาง,209,5522
2025-12-25,SY-D-039,ภาคตะวันออก,167,5291
2025-12-25,SY-D-039,ภาคเหนือ,125,4538
2025-12-25,SY-D-039,ภาคใต้,184,5055
2025-12-25,AG-E-052,กรุงเทพฯ,83,2571
2025-12-25,AG-E-052,ภาคกลาง,59,1899
2025-12-25,AG-E-052,ภาคตะวันออก,49,1524
2025-12-25,AG-E-052,ภาคเหนือ,44,1402
2025-12-25,AG-E-052,ภาคใต้,50,1491
2025-12-26,TK-A-001,กรุงเทพฯ,97,3612
2025-12-26,TK-A-001,ภาคกลาง,85,2623
2025-12-26,TK-A-001,ภาคตะวันออก,56,2007
2025-12-26,TK-A-001,ภาคเหนือ,51,1564
2025-12-26,TK-A-001,ภาคใต้,72,1948
2025-12-26,GL-B-014,กรุงเทพฯ,488,14666
2025-12-26,GL-B-014,ภาคกลาง,412,12768
2025-12-26,GL-B-014,ภาคตะวันออก,298,11188
2025-12-26,GL-B-014,ภาคเหนือ,287,8510
2025-12-26,GL-B-014,ภาคใต้,337,10288
2025-12-26,MK-C-028,กรุงเทพฯ,354,11832
2025-12-26,MK-C-028,ภาคกลาง,284,10168
2025-12-26,MK-C-028,ภาคตะวันออก,228,6534
2025-12-26,MK-C-028,ภาคเหนือ,210,6239
2025-12-26,MK-C-028,ภาคใต้,232,7010
2025-12-26,SY-D-039,กรุงเทพฯ,275,8342
2025-12-26,SY-D-039,ภาคกลาง,205,7052
2025-12-26,SY-D-039,ภาคตะวันออก,148,4283
2025-12-26,SY-D-039,ภาคเหนือ,143,4081
2025-12-26,SY-D-039,ภาคใต้,171,6048
2025-12-26,AG-E-052,กรุงเทพฯ,74,2553
2025-12-26,AG-E-052,ภาคกลาง,60,2017
2025-12-26,AG-E-052,ภาคตะวันออก,45,1301
2025-12-26,AG-E-052,ภาคเหนือ,38,1382
2025-12-26,AG-E-052,ภาคใต้,53,1494
2025-12-27,TK-A-001,กรุงเทพฯ,107,3387
2025-12-27,TK-A-001,ภาคกลาง,82,2563
2025-12-27,TK-A-001,ภาคตะวันออก,61,2042
2025-12-27,TK-A-001,ภาคเหนือ,52,1958
2025-12-27,TK-A-001,ภาคใต้,74,2420
2025-12-27,GL-B-014,กรุงเทพฯ,553,16342
2025-12-27,GL-B-014,ภาคกลาง,417,14589
2025-12-27,GL-B-014,ภาคตะวันออก,301,8972
2025-12-27,GL-B-014,ภาคเหนือ,307,7967
2025-12-27,GL-B-014,ภาคใต้,324,11478
2025-12-27,MK-C-028,กรุงเทพฯ,374,11087
2025-12-27,MK-C-028,ภาคกลาง,299,8809
2025-12-27,MK-C-028,ภาคตะวันออก,220,7945
2025-12-27,MK-C-028,ภาคเหนือ,186,6150
2025-12-27,MK-C-028,ภาคใต้,234,7304
2025-12-27,SY-D-039,กรุงเทพฯ,239,8057
2025-12-27,SY-D-039,ภาคกลาง,207,5779
2025-12-27,SY-D-039,ภาคตะวันออก,162,4290
2025-12-27,SY-D-039,ภาคเหนือ,143,4770
2025-12-27,SY-D-039,ภาคใต้,187,5664
2025-12-27,AG-E-052,กรุงเทพฯ,75,2793
2025-12-27,AG-E-052,ภาคกลาง,64,2231
2025-12-27,AG-E-052,ภาคตะวันออก,48,1476
2025-12-27,AG-E-052,ภาคเหนือ,40,1417
2025-12-27,AG-E-052,ภาคใต้,48,1416
2025-12-28,TK-A-001,กรุงเทพฯ,101,2873
2025-12-28,TK-A-001,ภาคกลาง,87,2624
2025-12-28,TK-A-001,ภาคตะวันออก,59,2083
2025-12-28,TK-A-001,ภาคเหนือ,51,1897
2025-12-28,TK-A-001,ภาคใต้,62,2020
2025-12-28,GL-B-014,กรุงเทพฯ,488,16805
2025-12-28,GL-B-014,ภาคกลาง,417,12709
2025-12-28,GL-B-014,ภาคตะวันออก,309,11038
2025-12-28,GL-B-014,ภาคเหนือ,268,9023
2025-12-28,GL-B-014,ภาคใต้,360,10979
2025-12-28,MK-C-028,กรุงเทพฯ,382,13813
2025-12-28,MK-C-028,ภาคกลาง,299,10672
2025-12-28,MK-C-028,ภาคตะวันออก,238,8152
2025-12-28,MK-C-028,ภาคเหนือ,201,5854
2025-12-28,MK-C-028,ภาคใต้,245,9170
2025-12-28,SY-D-039,กรุงเทพฯ,239,7479
2025-12-28,SY-D-039,ภาคกลาง,211,5687
2025-12-28,SY-D-039,ภาคตะวันออก,155,4821
2025-12-28,SY-D-039,ภาคเหนือ,127,3794
2025-12-28,SY-D-039,ภาคใต้,162,5097
2025-12-28,AG-E-052,กรุงเทพฯ,82,2348
2025-12-28,AG-E-052,ภาคกลาง,61,2040
2025-12-28,AG-E-052,ภาคตะวันออก,43,1376
2025-12-28,AG-E-052,ภาคเหนือ,39,1389
2025-12-28,AG-E-052,ภาคใต้,55,1593
2025-12-29,TK-A-001,กรุงเทพฯ,100,3588
2025-12-29,TK-A-001,ภาคกลาง,83,2381
2025-12-29,TK-A-001,ภาคตะวันออก,60,2200
2025-12-29,TK-A-001,ภาคเหนือ,55,1608
2025-12-29,TK-A-001,ภาคใต้,71,2291
2025-12-29,GL-B-014,กรุงเทพฯ,516,18958
2025-12-29,GL-B-014,ภาคกลาง,409,14775
2025-12-29,GL-B-014,ภาคตะวันออก,294,9179
2025-12-29,GL-B-014,ภาคเหนือ,307,9510
2025-12-29,GL-B-014,ภาคใต้,318,12146
2025-12-29,MK-C-028,กรุงเทพฯ,400,11262
2025-12-29,MK-C-028,ภาคกลาง,282,8381
2025-12-29,MK-C-028,ภาคตะวันออก,225,6607
2025-12-29,MK-C-028,ภาคเหนือ,193,5936
2025-12-29,MK-C-028,ภาคใต้,259,8765
2025-12-29,SY-D-039,กรุงเทพฯ,235,7011
2025-12-29,SY-D-039,ภาคกลาง,185,6706
2025-12-29,SY-D-039,ภาคตะวันออก,168,5081
2025-12-29,SY-D-039,ภาคเหนือ,149,4033
2025-12-29,SY-D-039,ภาคใต้,162,5032
2025-12-29,AG-E-052,กรุงเทพฯ,82,2608
2025-12-29,AG-E-052,ภาคกลาง,63,1939
2025-12-29,AG-E-052,ภาคตะวันออก,48,1669
2025-12-29,AG-E-052,ภาคเหนือ,45,1377
2025-12-29,AG-E-052,ภาคใต้,47,1439
2025-12-30,TK-A-001,กรุงเทพฯ,104,2894
2025-12-30,TK-A-001,ภาคกลาง,86,2237
2025-12-30,TK-A-001,ภาคตะวันออก,62,2037
2025-12-30,TK-A-001,ภาคเหนือ,56,1617
2025-12-30,TK-A-001,ภาคใต้,62,1910
2025-12-30,GL-B-014,กรุงเทพฯ,516,17910
2025-12-30,GL-B-014,ภาคกลาง,378,11750
2025-12-30,GL-B-014,ภาคตะวันออก,304,9735
2025-12-30,GL-B-014,ภาคเหนือ,256,8027
2025-12-30,GL-B-014,ภาคใต้,342,10079
2025-12-30,MK-C-028,กรุงเทพฯ,407,10628
2025-12-30,MK-C-028,ภาคกลาง,289,9946
2025-12-30,MK-C-028,ภาคตะวันออก,220,7355
2025-12-30,MK-C-028,ภาคเหนือ,212,6779
2025-12-30,MK-C-028,ภาคใต้,264,7668
2025-12-30,SY-D-039,กรุงเทพฯ,277,8590
2025-12-30,SY-D-039,ภาคกลาง,208,5922
2025-12-30,SY-D-039,ภาคตะวันออก,152,4792
2025-12-30,SY-D-039,ภาคเหนือ,125,4548
2025-12-30,SY-D-039,ภาคใต้,183,5887
2025-12-30,AG-E-052,กรุงเทพฯ,72,2298
2025-12-30,AG-E-052,ภาคกลาง,56,1830
2025-12-30,AG-E-052,ภาคตะวันออก,43,1594
2025-12-30,AG-E-052,ภาคเหนือ,42,1108
2025-12-30,AG-E-052,ภาคใต้,47,1604
2025-12-31,TK-A-001,กรุงเทพฯ,111,3103
2025-12-31,TK-A-001,ภาคกลาง,79,2892
2025-12-31,TK-A-001,ภาคตะวันออก,61,1719
2025-12-31,TK-A-001,ภาคเหนือ,58,1606
2025-12-31,TK-A-001,ภาคใต้,64,2316
2025-12-31,GL-B-014,กรุงเทพฯ,526,15773
2025-12-31,GL-B-014,ภาคกลาง,448,13686
2025-12-31,GL-B-014,ภาคตะวันออก,311,11061
2025-12-31,GL-B-014,ภาคเหนือ,300,9345
2025-12-31,GL-B-014,ภาคใต้,352,11283
2025-12-31,MK-C-028,กรุงเทพฯ,360,11120
2025-12-31,MK-C-028,ภาคกลาง,321,9494
2025-12-31,MK-C-028,ภาคตะวันออก,231,6348
2025-12-31,MK-C-028,ภาคเหนือ,220,7399
2025-12-31,MK-C-028,ภาคใต้,230,7926
2025-12-31,SY-D-039,กรุงเทพฯ,247,6963
2025-12-31,SY-D-039,ภาคกลาง,184,7335
2025-12-31,SY-D-039,ภาคตะวันออก,137,5427
2025-12-31,SY-D-039,ภาคเหนือ,136,4851
2025-12-31,SY-D-039,ภาคใต้,162,4867
2025-12-31,AG-E-052,กรุงเทพฯ,76,2079
2025-12-31,AG-E-052,ภาคกลาง,57,1907
2025-12-31,AG-E-052,ภาคตะวันออก,42,1248
2025-12-31,AG-E-052,ภาคเหนือ,40,1343
2025-12-31,AG-E-052,ภาคใต้,46,1479
2026-01-01,TK-A-001,กรุงเทพฯ,107,3440
2026-01-01,TK-A-001,ภาคกลาง,86,2715
2026-01-01,TK-A-001,ภาคตะวันออก,66,1817
2026-01-01,TK-A-001,ภาคเหนือ,49,1725
2026-01-01,TK-A-001,ภาคใต้,74,2392
2026-01-01,GL-B-014,กรุงเทพฯ,512,17901
2026-01-01,GL-B-014,ภาคกลาง,431,11753
2026-01-01,GL-B-014,ภาคตะวันออก,332,9811
2026-01-01,GL-B-014,ภาคเหนือ,252,8426
2026-01-01,GL-B-014,ภาคใต้,340,10013
2026-01-01,MK-C-028,กรุงเทพฯ,397,13914
2026-01-01,MK-C-028,ภาคกลาง,301,8703
2026-01-01,MK-C-028,ภาคตะวันออก,207,8375
2026-01-01,MK-C-028,ภาคเหนือ,205,6397
2026-01-01,MK-C-028,ภาคใต้,255,9136
2026-01-01,SY-D-039,กรุงเทพฯ,267,7041
2026-01-01,SY-D-039,ภาคกลาง,182,6794
2026-01-01,SY-D-039,ภาคตะวันออก,139,5429
2026-01-01,SY-D-039,ภาคเหนือ,132,3696
2026-01-01,SY-D-039,ภาคใต้,163,6118
2026-01-01,AG-E-052,กรุงเทพฯ,79,2257
2026-01-01,AG-E-052,ภาคกลาง,58,1747
2026-01-01,AG-E-052,ภาคตะวันออก,48,1523
2026-01-01,AG-E-052,ภาคเหนือ,40,1375
2026-01-01,AG-E-052,ภาคใต้,53,1568
2026-01-02,TK-A-001,กรุงเทพฯ,97,3427
2026-01-02,TK-A-001,ภาคกลาง,85,2754
2026-01-02,TK-A-001,ภาคตะวันออก,58,2058
2026-01-02,TK-A-001,ภาคเหนือ,49,1878
2026-01-02,TK-A-001,ภาคใต้,73,2124
2026-01-02,GL-B-014,กรุงเทพฯ,560,18702
2026-01-02,GL-B-014,ภาคกลาง,391,13641
2026-01-02,GL-B-014,ภาคตะวันออก,294,11242
2026-01-02,GL-B-014,ภาคเหนือ,286,8437
2026-01-02,GL-B-014,ภาคใต้,319,9548
2026-01-02,MK-C-028,กรุงเทพฯ,389,12750
2026-01-02,MK-C-028,ภาคกลาง,279,9703
2026-01-02,MK-C-028,ภาคตะวันออก,241,6413
2026-01-02,MK-C-028,ภาคเหนือ,196,6410
2026-01-02,MK-C-028,ภาคใต้,235,7055
2026-01-02,SY-D-039,กรุงเทพฯ,256,7812
2026-01-02,SY-D-039,ภาคกลาง,213,7434
2026-01-02,SY-D-039,ภาคตะวันออก,145,5029
2026-01-02,SY-D-039,ภาคเหนือ,137,3799
2026-01-02,SY-D-039,ภาคใต้,170,4810
2026-01-02,AG-E-052,กรุงเทพฯ,76,2561
2026-01-02,AG-E-052,ภาคกลาง,56,1892
2026-01-02,AG-E-052,ภาคตะวันออก,41,1429
2026-01-02,AG-E-052,ภาคเหนือ,41,1461
2026-01-02,AG-E-052,ภาคใต้,48,1855
2026-01-03,TK-A-001,กรุงเทพฯ,96,3663
2026-01-03,TK-A-001,ภาคกลาง,83,2826
2026-01-03,TK-A-001,ภาคตะวันออก,62,1875
2026-01-03,TK-A-001,ภาคเหนือ,48,1500
2026-01-03,TK-A-001,ภาคใต้,71,1884
2026-01-03,GL-B-014,กรุงเทพฯ,467,15222
2026-01-03,GL-B-014,ภาคกลาง,375,13579
2026-01-03,GL-B-014,ภาคตะวันออก,309,9046
2026-01-03,GL-B-014,ภาคเหนือ,274,8230
2026-01-03,GL-B-014,ภาคใต้,356,11816
2026-01-03,MK-C-028,กรุงเทพฯ,397,13493
2026-01-03,MK-C-028,ภาคกลาง,292,8267
2026-01-03,MK-C-028,ภาคตะวันออก,246,6529
2026-01-03,MK-C-028,ภาคเหนือ,190,7069
2026-01-03,MK-C-028,ภาคใต้,255,7536
2026-01-03,SY-D-039,กรุงเทพฯ,230,8295
2026-01-03,SY-D-039,ภาคกลาง,206,6839
2026-01-03,SY-D-039,ภาคตะวันออก,150,4693
2026-01-03,SY-D-039,ภาคเหนือ,135,4016
2026-01-03,SY-D-039,ภาคใต้,167,5735
2026-01-03,AG-E-052,กรุงเทพฯ,74,2628
2026-01-03,AG-E-052,ภาคกลาง,54,1743
2026-01-03,AG-E-052,ภาคตะวันออก,46,1314
2026-01-03,AG-E-052,ภาคเหนือ,38,1484
2026-01-03,AG-E-052,ภาคใต้,53,1562
2026-01-04,TK-A-001,กรุงเทพฯ,110,3450
2026-01-04,TK-A-001,ภาคกลาง,77,2465
2026-01-04,TK-A-001,ภาคตะวันออก,56,1880
2026-01-04,TK-A-001,ภาคเหนือ,55,1750
2026-01-04,TK-A-001,ภาคใต้,66,1953
2026-01-04,GL-B-014,กรุงเทพฯ,502,16581
2026-01-04,GL-B-014,ภาคกลาง,388,13116
2026-01-04,GL-B-014,ภาคตะวันออก,282,9902
2026-01-04,GL-B-014,ภาคเหนือ,286,8500
2026-01-04,GL-B-014,ภาคใต้,335,9500
2026-01-04,MK-C-028,กรุงเทพฯ,379,13377
2026-01-04,MK-C-028,ภาคกลาง,282,10079
2026-01-04,MK-C-028,ภาคตะวันออก,213,7068
2026-01-04,MK-C-028,ภาคเหนือ,182,6588
2026-01-04,MK-C-028,ภาคใต้,233,8905
2026-01-04,SY-D-039,กรุงเทพฯ,234,7144
2026-01-04,SY-D-039,ภาคกลาง,207,6047
2026-01-04,SY-D-039,ภาคตะวันออก,145,4725
2026-01-04,SY-D-039,ภาคเหนือ,129,4923
2026-01-04,SY-D-039,ภาคใต้,170,5853
2026-01-04,AG-E-052,กรุงเทพฯ,74,2410
2026-01-04,AG-E-052,ภาคกลาง,59,1701
2026-01-04,AG-E-052,ภาคตะวันออก,41,1460
2026-01-04,AG-E-052,ภาคเหนือ,42,1369
2026-01-04,AG-E-052,ภาคใต้,48,1610
2026-01-05,TK-A-001,กรุงเทพฯ,98,3697
2026-01-05,TK-A-001,ภาคกลาง,76,2507
2026-01-05,TK-A-001,ภาคตะวันออก,55,1917
2026-01-05,TK-A-001,ภาคเหนือ,54,1872
2026-01-05,TK-A-001,ภาคใต้,73,1844
2026-01-05,GL-B-014,กรุงเทพฯ,516,18006
2026-01-05,GL-B-014,ภาคกลาง,436,14392
2026-01-05,GL-B-014,ภาคตะวันออก,291,9707
2026-01-05,GL-B-014,ภาคเหนือ,286,8822
2026-01-05,GL-B-014,ภาคใต้,314,12794
2026-01-05,MK-C-028,กรุงเทพฯ,398,13328
2026-01-05,MK-C-028,ภาคกลาง,326,11090
2026-01-05,MK-C-028,ภาคตะวันออก,215,7692
2026-01-05,MK-C-028,ภาคเหนือ,194,6307
2026-01-05,MK-C-028,ภาคใต้,249,7142
2026-01-05,SY-D-039,กรุงเทพฯ,267,8114
2026-01-05,SY-D-039,ภาคกลาง,201,5611
2026-01-05,SY-D-039,ภาคตะวันออก,145,4789
2026-01-05,SY-D-039,ภาคเหนือ,145,4787
2026-01-05,SY-D-039,ภาคใต้,181,5455
2026-01-05,AG-E-052,กรุงเทพฯ,71,2702
2026-01-05,AG-E-052,ภาคกลาง,63,1900
2026-01-05,AG-E-052,ภาคตะวันออก,42,1635
2026-01-05,AG-E-052,ภาคเหนือ,40,1470
2026-01-05,AG-E-052,ภาคใต้,53,1568
2026-01-06,TK-A-001,กรุงเทพฯ,94,3590
2026-01-06,TK-A-001,ภาคกลาง,75,2514
2026-01-06,TK-A-001,ภาคตะวันออก,60,1862
2026-01-06,TK-A-001,ภาคเหนือ,54,1914
2026-01-06,TK-A-001,ภาคใต้,71,2094
2026-01-06,GL-B-014,กรุงเทพฯ,469,17674
2026-01-06,GL-B-014,ภาคกลาง,388,11446
2026-01-06,GL-B-014,ภาคตะวันออก,288,10515
2026-01-06,GL-B-014,ภาคเหนือ,260,8229
2026-01-06,GL-B-014,ภาคใต้,322,10154
2026-01-06,MK-C-028,กรุงเทพฯ,353,11402
2026-01-06,MK-C-028,ภาคกลาง,314,9672
2026-01-06,MK-C-028,ภาคตะวันออก,229,6560
2026-01-06,MK-C-028,ภาคเหนือ,182,6363
2026-01-06,MK-C-028,ภาคใต้,230,8704
2026-01-06,SY-D-039,กรุงเทพฯ,251,8381
2026-01-06,SY-D-039,ภาคกลาง,190,5746
2026-01-06,SY-D-039,ภาคตะวันออก,150,4134
2026-01-06,SY-D-039,ภาคเหนือ,141,4599
2026-01-06,SY-D-039,ภาคใต้,178,4936
2026-01-06,AG-E-052,กรุงเทพฯ,77,2324
2026-01-06,AG-E-052,ภาคกลาง,63,2046
2026-01-06,AG-E-052,ภาคตะวันออก,48,1455
2026-01-06,AG-E-052,ภาคเหนือ,38,1374
2026-01-06,AG-E-052,ภาคใต้,46,1434
2026-01-07,TK-A-001,กรุงเทพฯ,95,3335
2026-01-07,TK-A-001,ภาคกลาง,75,2267
2026-01-07,TK-A-001,ภาคตะวันออก,58,1772
2026-01-07,TK-A-001,ภาคเหนือ,58,1956
2026-01-07,TK-A-001,ภาคใต้,69,2147
2026-01-07,GL-B-014,กรุงเทพฯ,543,16582
2026-01-07,GL-B-014,ภาคกลาง,413,11618
2026-01-07,GL-B-014,ภาคตะวันออก,310,9922
2026-01-07,GL-B-014,ภาคเหนือ,264,9967
2026-01-07,GL-B-014,ภาคใต้,331,11174
2026-01-07,MK-C-028,กรุงเทพฯ,406,11656
2026-01-07,MK-C-028,ภาคกลาง,322,10631
2026-01-07,MK-C-028,ภาคตะวันออก,207,7476
2026-01-07,MK-C-028,ภาคเหนือ,197,6125
2026-01-07,MK-C-028,ภาคใต้,248,8394
2026-01-07,SY-D-039,กรุงเทพฯ,265,8311
2026-01-07,SY-D-039,ภาคกลาง,198,7347
2026-01-07,SY-D-039,ภาคตะวันออก,156,4576
2026-01-07,SY-D-039,ภาคเหนือ,126,4208
2026-01-07,SY-D-039,ภาคใต้,177,5147
2026-01-07,AG-E-052,กรุงเทพฯ,77,2374
2026-01-07,AG-E-052,ภาคกลาง,64,2049
2026-01-07,AG-E-052,ภาคตะวันออก,48,1311
2026-01-07,AG-E-052,ภาคเหนือ,43,1371
2026-01-07,AG-E-052,ภาคใต้,55,1416
2026-01-08,TK-A-001,กรุงเทพฯ,101,3320
2026-01-08,TK-A-001,ภาคกลาง,82,2940
2026-01-08,TK-A-001,ภาคตะวันออก,55,2202
2026-01-08,TK-A-001,ภาคเหนือ,49,1569
2026-01-08,TK-A-001,ภาคใต้,66,2323
2026-01-08,GL-B-014,กรุงเทพฯ,554,16085
2026-01-08,GL-B-014,ภาคกลาง,445,12565
2026-01-08,GL-B-014,ภาคตะวันออก,325,11249
2026-01-08,GL-B-014,ภาคเหนือ,270,9647
2026-01-08,GL-B-014,ภาคใต้,335,11169
2026-01-08,MK-C-028,กรุงเทพฯ,381,12589
2026-01-08,MK-C-028,ภาคกลาง,307,10964
2026-01-08,MK-C-028,ภาคตะวันออก,206,8047
2026-01-08,MK-C-028,ภาคเหนือ,184,7240
2026-01-08,MK-C-028,ภาคใต้,229,8802
2026-01-08,SY-D-039,กรุงเทพฯ,260,7785
2026-01-08,SY-D-039,ภาคกลาง,179,5891
2026-01-08,SY-D-039,ภาคตะวันออก,161,5026
2026-01-08,SY-D-039,ภาคเหนือ,143,4392
2026-01-08,SY-D-039,ภาคใต้,181,5470
2026-01-08,AG-E-052,กรุงเทพฯ,76,2762
2026-01-08,AG-E-052,ภาคกลาง,57,1893
2026-01-08,AG-E-052,ภาคตะวันออก,46,1249
2026-01-08,AG-E-052,ภาคเหนือ,36,1445
2026-01-08,AG-E-052,ภาคใต้,45,1699
2026-01-09,TK-A-001,กรุงเทพฯ,90,3610
2026-01-09,TK-A-001,ภาคกลาง,83,2710
2026-01-09,TK-A-001,ภาคตะวันออก,64,2188
2026-01-09,TK-A-001,ภาคเหนือ,56,1634
2026-01-09,TK-A-001,ภาคใต้,69,2299
2026-01-09,GL-B-014,กรุงเทพฯ,508,18497
2026-01-09,GL-B-014,ภาคกลาง,421,12632
2026-01-09,GL-B-014,ภาคตะวันออก,277,11509
2026-01-09,GL-B-014,ภาคเหนือ,280,7667
2026-01-09,GL-B-014,ภาคใต้,316,9837
2026-01-09,MK-C-028,กรุงเทพฯ,354,13765
2026-01-09,MK-C-028,ภาคกลาง,270,11108
2026-01-09,MK-C-028,ภาคตะวันออก,242,7801
2026-01-09,MK-C-028,ภาคเหนือ,217,6862
2026-01-09,MK-C-028,ภาคใต้,230,7079
2026-01-09,SY-D-039,กรุงเทพฯ,229,8277
2026-01-09,SY-D-039,ภาคกลาง,197,7398
2026-01-09,SY-D-039,ภาคตะวันออก,162,5532
2026-01-09,SY-D-039,ภาคเหนือ,139,4435
2026-01-09,SY-D-039,ภาคใต้,164,5141
2026-01-09,AG-E-052,กรุงเทพฯ,74,2522
2026-01-09,AG-E-052,ภาคกลาง,54,1724
2026-01-09,AG-E-052,ภาคตะวันออก,45,1337
2026-01-09,AG-E-052,ภาคเหนือ,43,1482
2026-01-09,AG-E-052,ภาคใต้,54,1802
2026-01-10,TK-A-001,กรุงเทพฯ,106,3418
2026-01-10,TK-A-001,ภาคกลาง,85,2955
2026-01-10,TK-A-001,ภาคตะวันออก,59,2091
2026-01-10,TK-A-001,ภาคเหนือ,55,1899
2026-01-10,TK-A-001,ภาคใต้,67,2084
2026-01-10,GL-B-014,กรุงเทพฯ,505,16471
2026-01-10,GL-B-014,ภาคกลาง,393,13275
2026-01-10,GL-B-014,ภาคตะวันออก,277,9187
2026-01-10,GL-B-014,ภาคเหนือ,250,9492
2026-01-10,GL-B-014,ภาคใต้,320,10810
2026-01-10,MK-C-028,กรุงเทพฯ,365,10492
2026-01-10,MK-C-028,ภาคกลาง,317,8638
2026-01-10,MK-C-028,ภาคตะวันออก,226,8364
2026-01-10,MK-C-028,ภาคเหนือ,186,5882
2026-01-10,MK-C-028,ภาคใต้,228,8324
2026-01-10,SY-D-039,กรุงเทพฯ,267,8948
2026-01-10,SY-D-039,ภาคกลาง,189,5553
2026-01-10,SY-D-039,ภาคตะวันออก,163,4796
2026-01-10,SY-D-039,ภาคเหนือ,143,3817
2026-01-10,SY-D-039,ภาคใต้,155,5748
2026-01-10,AG-E-052,กรุงเทพฯ,79,2274
2026-01-10,AG-E-052,ภาคกลาง,58,2061
2026-01-10,AG-E-052,ภาคตะวันออก,41,1555
2026-01-10,AG-E-052,ภาคเหนือ,36,1128
2026-01-10,AG-E-052,ภาคใต้,47,1719
2026-01-11,TK-A-001,กรุงเทพฯ,94,2813
2026-01-11,TK-A-001,ภาคกลาง,73,2560
2026-01-11,TK-A-001,ภาคตะวันออก,62,1797
2026-01-11,TK-A-001,ภาคเหนือ,54,1979
2026-01-11,TK-A-001,ภาคใต้,60,1882
2026-01-11,GL-B-014,กรุงเทพฯ,538,17431
2026-01-11,GL-B-014,ภาคกลาง,432,14050
2026-01-11,GL-B-014,ภาคตะวันออก,333,10044
2026-01-11,GL-B-014,ภาคเหนือ,257,8967
2026-01-11,GL-B-014,ภาคใต้,375,12084
2026-01-11,MK-C-028,กรุงเทพฯ,356,13676
2026-01-11,MK-C-028,ภาคกลาง,309,10458
2026-01-11,MK-C-028,ภาคตะวันออก,207,6913
2026-01-11,MK-C-028,ภาคเหนือ,179,5664
2026-01-11,MK-C-028,ภาคใต้,233,9307
2026-01-11,SY-D-039,กรุงเทพฯ,265,7824
2026-01-11,SY-D-039,ภาคกลาง,196,6624
2026-01-11,SY-D-039,ภาคตะวันออก,154,4854
2026-01-11,SY-D-039,ภาคเหนือ,140,4342
2026-01-11,SY-D-039,ภาคใต้,155,5833
2026-01-11,AG-E-052,กรุงเทพฯ,75,2413
2026-01-11,AG-E-052,ภาคกลาง,55,1836
2026-01-11,AG-E-052,ภาคตะวันออก,48,1261
2026-01-11,AG-E-052,ภาคเหนือ,39,1151
2026-01-11,AG-E-052,ภาคใต้,49,1627
2026-01-12,TK-A-001,กรุงเทพฯ,104,3099
2026-01-12,TK-A-001,ภาคกลาง,83,2581
2026-01-12,TK-A-001,ภาคตะวันออก,55,1811
2026-01-12,TK-A-001,ภาคเหนือ,55,1768
2026-01-12,TK-A-001,ภาคใต้,65,2285
2026-01-12,GL-B-014,กรุงเทพฯ,556,16696
2026-01-12,GL-B-014,ภาคกลาง,395,14768
2026-01-12,GL-B-014,ภาคตะวันออก,310,9106
2026-01-12,GL-B-014,ภาคเหนือ,277,10164
2026-01-12,GL-B-014,ภาคใต้,321,12805
2026-01-12,MK-C-028,กรุงเทพฯ,357,10869
2026-01-12,MK-C-028,ภาคกลาง,318,10573
2026-01-12,MK-C-028,ภาคตะวันออก,216,6667
2026-01-12,MK-C-028,ภาคเหนือ,198,6961
2026-01-12,MK-C-028,ภาคใต้,254,8252
2026-01-12,SY-D-039,กรุงเทพฯ,262,7109
2026-01-12,SY-D-039,ภาคกลาง,201,6190
2026-01-12,SY-D-039,ภาคตะวันออก,152,5558
2026-01-12,SY-D-039,ภาคเหนือ,130,4284
2026-01-12,SY-D-039,ภาคใต้,151,5341
2026-01-12,AG-E-052,กรุงเทพฯ,79,2135
2026-01-12,AG-E-052,ภาคกลาง,65,1683
2026-01-12,AG-E-052,ภาคตะวันออก,44,1588
2026-01-12,AG-E-052,ภาคเหนือ,41,1267
2026-01-12,AG-E-052,ภาคใต้,52,1646
2026-01-13,TK-A-001,กรุงเทพฯ,102,2986
2026-01-13,TK-A-001,ภาคกลาง,79,2263
2026-01-13,TK-A-001,ภาคตะวันออก,65,1749
2026-01-13,TK-A-001,ภาคเหนือ,54,1635
2026-01-13,TK-A-001,ภาคใต้,62,2173
2026-01-13,GL-B-014,กรุงเทพฯ,523,14730
2026-01-13,GL-B-014,ภาคกลาง,440,11988
2026-01-13,GL-B-014,ภาคตะวันออก,304,9001
2026-01-13,GL-B-014,ภาคเหนือ,290,8851
2026-01-13,GL-B-014,ภาคใต้,367,9887
2026-01-13,MK-C-028,กรุงเทพฯ,391,13136
2026-01-13,MK-C-028,ภาคกลาง,299,8885
2026-01-13,MK-C-028,ภาคตะวันออก,244,6632
2026-01-13,MK-C-028,ภาคเหนือ,217,6713
2026-01-13,MK-C-028,ภาคใต้,237,7046
2026-01-13,SY-D-039,กรุงเทพฯ,248,8968
2026-01-13,SY-D-039,ภาคกลาง,199,6176
2026-01-13,SY-D-039,ภาคตะวันออก,135,5065
2026-01-13,SY-D-039,ภาคเหนือ,138,4335
2026-01-13,SY-D-039,ภาคใต้,177,4591
2026-01-13,AG-E-052,กรุงเทพฯ,72,2169
2026-01-13,AG-E-052,ภาคกลาง,61,2047
2026-01-13,AG-E-052,ภาคตะวันออก,45,1614
2026-01-13,AG-E-052,ภาคเหนือ,41,1120
2026-01-13,AG-E-052,ภาคใต้,51,1647
2026-01-14,TK-A-001,กรุงเทพฯ,96,2876
2026-01-14,TK-A-001,ภาคกลาง,77,2237
2026-01-14,TK-A-001,ภาคตะวันออก,63,1866
2026-01-14,TK-A-001,ภาคเหนือ,56,1709
2026-01-14,TK-A-001,ภาคใต้,62,2040
2026-01-14,GL-B-014,กรุงเทพฯ,477,15060
2026-01-14,GL-B-014,ภาคกลาง,436,12794
2026-01-14,GL-B-014,ภาคตะวันออก,316,11265
2026-01-14,GL-B-014,ภาคเหนือ,297,7776
2026-01-14,GL-B-014,ภาคใต้,363,11190
2026-01-14,MK-C-028,กรุงเทพฯ,353,10406
2026-01-14,MK-C-028,ภาคกลาง,310,9441
2026-01-14,MK-C-028,ภาคตะวันออก,211,8097
2026-01-14,MK-C-028,ภาคเหนือ,217,6766
2026-01-14,MK-C-028,ภาคใต้,235,7379
2026-01-14,SY-D-039,กรุงเทพฯ,225,7716
2026-01-14,SY-D-039,ภาคกลาง,195,6557
2026-01-14,SY-D-039,ภาคตะวันออก,139,5000
2026-01-14,SY-D-039,ภาคเหนือ,142,4012
2026-01-14,SY-D-039,ภาคใต้,163,5229
2026-01-14,AG-E-052,กรุงเทพฯ,72,2451
2026-01-14,AG-E-052,ภาคกลาง,58,1675
2026-01-14,AG-E-052,ภาคตะวันออก,49,1416
2026-01-14,AG-E-052,ภาคเหนือ,40,1117
2026-01-14,AG-E-052,ภาคใต้,53,1734
2026-01-15,TK-A-001,กรุงเทพฯ,104,3341
2026-01-15,TK-A-001,ภาคกลาง,82,2619
2026-01-15,TK-A-001,ภาคตะวันออก,64,1719
2026-01-15,TK-A-001,ภาคเหนือ,58,1933
2026-01-15,TK-A-001,ภาคใต้,69,1977
2026-01-15,GL-B-014,กรุงเทพฯ,487,17673
2026-01-15,GL-B-014,ภาคกลาง,411,13193
2026-01-15,GL-B-014,ภาคตะวันออก,300,10199
2026-01-15,GL-B-014,ภาคเหนือ,268,8944
2026-01-15,GL-B-014,ภาคใต้,307,12829
2026-01-15,MK-C-028,กรุงเทพฯ,388,12359
2026-01-15,MK-C-028,ภาคกลาง,270,9872
2026-01-15,MK-C-028,ภาคตะวันออก,220,6781
2026-01-15,MK-C-028,ภาคเหนือ,204,6041
2026-01-15,MK-C-028,ภาคใต้,235,7799
2026-01-15,SY-D-039,กรุงเทพฯ,232,7239
2026-01-15,SY-D-039,ภาคกลาง,212,5524
2026-01-15,SY-D-039,ภาคตะวันออก,138,4255
2026-01-15,SY-D-039,ภาคเหนือ,136,3794
2026-01-15,SY-D-039,ภาคใต้,176,5589
2026-01-15,AG-E-052,กรุงเทพฯ,75,2456
2026-01-15,AG-E-052,ภาคกลาง,60,1915
2026-01-15,AG-E-052,ภาคตะวันออก,42,1249
2026-01-15,AG-E-052,ภาคเหนือ,37,1293
2026-01-15,AG-E-052,ภาคใต้,45,1677
2026-01-16,TK-A-001,กรุงเทพฯ,96,2817
2026-01-16,TK-A-001,ภาคกลาง,83,2617
2026-01-16,TK-A-001,ภาคตะวันออก,64,1835
2026-01-16,TK-A-001,ภาคเหนือ,48,1832
2026-01-16,TK-A-001,ภาคใต้,61,1908
2026-01-16,GL-B-014,กรุงเทพฯ,500,14545
2026-01-16,GL-B-014,ภาคกลาง,371,15218
2026-01-16,GL-B-014,ภาคตะวันออก,292,10639
2026-01-16,GL-B-014,ภาคเหนือ,271,9215
2026-01-16,GL-B-014,ภาคใต้,365,10092
2026-01-16,MK-C-028,กรุงเทพฯ,397,12256
2026-01-16,MK-C-028,ภาคกลาง,313,10684
2026-01-16,MK-C-028,ภาคตะวันออก,209,6937
2026-01-16,MK-C-028,ภาคเหนือ,206,6886
2026-01-16,MK-C-028,ภาคใต้,253,8917
2026-01-16,SY-D-039,กรุงเทพฯ,263,8194
2026-01-16,SY-D-039,ภาคกลาง,216,6174
2026-01-16,SY-D-039,ภาคตะวันออก,154,5464
2026-01-16,SY-D-039,ภาคเหนือ,144,4165
2026-01-16,SY-D-039,ภาคใต้,157,5319
2026-01-16,AG-E-052,กรุงเทพฯ,82,2762
2026-01-16,AG-E-052,ภาคกลาง,56,2097
2026-01-16,AG-E-052,ภาคตะวันออก,42,1656
2026-01-16,AG-E-052,ภาคเหนือ,43,1263
2026-01-16,AG-E-052,ภาคใต้,50,1584
2026-01-17,TK-A-001,กรุงเทพฯ,97,2977
2026-01-17,TK-A-001,ภาคกลาง,76,2804
2026-01-17,TK-A-001,ภาคตะวันออก,63,2002
2026-01-17,TK-A-001,ภาคเหนือ,57,1515
2026-01-17,TK-A-001,ภาคใต้,64,2278
2026-01-17,GL-B-014,กรุงเทพฯ,561,15197
2026-01-17,GL-B-014,ภาคกลาง,408,13979
2026-01-17,GL-B-014,ภาคตะวันออก,336,8841
2026-01-17,GL-B-014,ภาคเหนือ,282,8433
2026-01-17,GL-B-014,ภาคใต้,327,12717
2026-01-17,MK-C-028,กรุงเทพฯ,377,13593
2026-01-17,MK-C-028,ภาคกลาง,294,10412
2026-01-17,MK-C-028,ภาคตะวันออก,220,7620
2026-01-17,MK-C-028,ภาคเหนือ,184,5654
2026-01-17,MK-C-028,ภาคใต้,263,8505
2026-01-17,SY-D-039,กรุงเทพฯ,227,7512
2026-01-17,SY-D-039,ภาคกลาง,188,5719
2026-01-17,SY-D-039,ภาคตะวันออก,154,4320
2026-01-17,SY-D-039,ภาคเหนือ,130,4453
2026-01-17,SY-D-039,ภาคใต้,176,5120
2026-01-17,AG-E-052,กรุงเทพฯ,80,2524
2026-01-17,AG-E-052,ภาคกลาง,59,1837
2026-01-17,AG-E-052,ภาคตะวันออก,44,1274
2026-01-17,AG-E-052,ภาคเหนือ,38,1102
2026-01-17,AG-E-052,ภาคใต้,45,1553
2026-01-18,TK-A-001,กรุงเทพฯ,94,3646
2026-01-18,TK-A-001,ภาคกลาง,83,2734
2026-01-18,TK-A-001,ภาคตะวันออก,54,1815
2026-01-18,TK-A-001,ภาคเหนือ,53,1688
2026-01-18,TK-A-001,ภาคใต้,61,2090
2026-01-18,GL-B-014,กรุงเทพฯ,502,17885
2026-01-18,GL-B-014,ภาคกลาง,441,12223
2026-01-18,GL-B-014,ภาคตะวันออก,308,10657
2026-01-18,GL-B-014,ภาคเหนือ,283,7641
2026-01-18,GL-B-014,ภาคใต้,368,12394
2026-01-18,MK-C-028,กรุงเทพฯ,366,12400
2026-01-18,MK-C-028,ภาคกลาง,312,10444
2026-01-18,MK-C-028,ภาคตะวันออก,234,6416
2026-01-18,MK-C-028,ภาคเหนือ,183,6961
2026-01-18,MK-C-028,ภาคใต้,228,7119
2026-01-18,SY-D-039,กรุงเทพฯ,228,8582
2026-01-18,SY-D-039,ภาคกลาง,193,6925
2026-01-18,SY-D-039,ภาคตะวันออก,155,5182
2026-01-18,SY-D-039,ภาคเหนือ,138,4050
2026-01-18,SY-D-039,ภาคใต้,157,5057
2026-01-18,AG-E-052,กรุงเทพฯ,82,2153
2026-01-18,AG-E-052,ภาคกลาง,56,2024
2026-01-18,AG-E-052,ภาคตะวันออก,46,1579
2026-01-18,AG-E-052,ภาคเหนือ,38,1457
2026-01-18,AG-E-052,ภาคใต้,47,1622
2026-01-19,TK-A-001,กรุงเทพฯ,102,3425
2026-01-19,TK-A-001,ภาคกลาง,83,2376
2026-01-19,TK-A-001,ภาคตะวันออก,65,2095
2026-01-19,TK-A-001,ภาคเหนือ,52,1769
2026-01-19,TK-A-001,ภาคใต้,67,2043
2026-01-19,GL-B-014,กรุงเทพฯ,475,18386
2026-01-19,GL-B-014,ภาคกลาง,397,15326
2026-01-19,GL-B-014,ภาคตะวันออก,302,10138
2026-01-19,GL-B-014,ภาคเหนือ,248,8085
2026-01-19,GL-B-014,ภาคใต้,312,10752
2026-01-19,MK-C-028,กรุงเทพฯ,359,13864
2026-01-19,MK-C-028,ภาคกลาง,291,10049
2026-01-19,MK-C-028,ภาคตะวันออก,226,6635
2026-01-19,MK-C-028,ภาคเหนือ,179,7159
2026-01-19,MK-C-028,ภาคใต้,272,8481
2026-01-19,SY-D-039,กรุงเทพฯ,240,7580
2026-01-19,SY-D-039,ภาคกลาง,200,6728
2026-01-19,SY-D-039,ภาคตะวันออก,138,4983
2026-01-19,SY-D-039,ภาคเหนือ,145,4828
2026-01-19,SY-D-039,ภาคใต้,173,6093
2026-01-19,AG-E-052,กรุงเทพฯ,77,2237
2026-01-19,AG-E-052,ภาคกลาง,57,1669
2026-01-19,AG-E-052,ภาคตะวันออก,43,1627
2026-01-19,AG-E-052,ภาคเหนือ,38,1139
2026-01-19,AG-E-052,ภาคใต้,48,1629
2026-01-20,TK-A-001,กรุงเทพฯ,108,2785
2026-01-20,TK-A-001,ภาคกลาง,84,2755
2026-01-20,TK-A-001,ภาคตะวันออก,61,1865
2026-01-20,TK-A-001,ภาคเหนือ,54,1980
2026-01-20,TK-A-001,ภาคใต้,67,2292
2026-01-20,GL-B-014,กรุงเทพฯ,534,18565
2026-01-20,GL-B-014,ภาคกลาง,401,14227
2026-01-20,GL-B-014,ภาคตะวันออก,320,10053
2026-01-20,GL-B-014,ภาคเหนือ,281,9851
2026-01-20,GL-B-014,ภาคใต้,313,12485
2026-01-20,MK-C-028,กรุงเทพฯ,374,12010
2026-01-20,MK-C-028,ภาคกลาง,289,10289
2026-01-20,MK-C-028,ภาคตะวันออก,224,8217
2026-01-20,MK-C-028,ภาคเหนือ,198,5703
2026-01-20,MK-C-028,ภาคใต้,235,8925
2026-01-20,SY-D-039,กรุงเทพฯ,264,7924
2026-01-20,SY-D-039,ภาคกลาง,207,6747
2026-01-20,SY-D-039,ภาคตะวันออก,142,4515
2026-01-20,SY-D-039,ภาคเหนือ,139,3689
2026-01-20,SY-D-039,ภาคใต้,154,5129
2026-01-20,AG-E-052,กรุงเทพฯ,81,2074
2026-01-20,AG-E-052,ภาคกลาง,64,1933
2026-01-20,AG-E-052,ภาคตะวันออก,48,1569
2026-01-20,AG-E-052,ภาคเหนือ,40,1260
2026-01-20,AG-E-052,ภาคใต้,50,1417
2026-01-21,TK-A-001,กรุงเทพฯ,107,2788
2026-01-21,TK-A-001,ภาคกลาง,79,2698
2026-01-21,TK-A-001,ภาคตะวันออก,56,2044
2026-01-21,TK-A-001,ภาคเหนือ,53,1535
2026-01-21,TK-A-001,ภาคใต้,68,2050
2026-01-21,GL-B-014,กรุงเทพฯ,516,18311
2026-01-21,GL-B-014,ภาคกลาง,428,14940
2026-01-21,GL-B-014,ภาคตะวันออก,294,9948
2026-01-21,GL-B-014,ภาคเหนือ,249,10005
2026-01-21,GL-B-014,ภาคใต้,336,10603
2026-01-21,MK-C-028,กรุงเทพฯ,345,11567
2026-01-21,MK-C-028,ภาคกลาง,299,10683
2026-01-21,MK-C-028,ภาคตะวันออก,204,7232
2026-01-21,MK-C-028,ภาคเหนือ,197,5599
2026-01-21,MK-C-028,ภาคใต้,224,8577
2026-01-21,SY-D-039,กรุงเทพฯ,256,7532
2026-01-21,SY-D-039,ภาคกลาง,207,5680
2026-01-21,SY-D-039,ภาคตะวันออก,158,4205
2026-01-21,SY-D-039,ภาคเหนือ,134,4832
2026-01-21,SY-D-039,ภาคใต้,179,5632
2026-01-21,AG-E-052,กรุงเทพฯ,75,2283
2026-01-21,AG-E-052,ภาคกลาง,63,2067
2026-01-21,AG-E-052,ภาคตะวันออก,47,1296
2026-01-21,AG-E-052,ภาคเหนือ,43,1370
2026-01-21,AG-E-052,ภาคใต้,55,1578
2026-01-22,TK-A-001,กรุงเทพฯ,91,2991
2026-01-22,TK-A-001,ภาคกลาง,73,2884
2026-01-22,TK-A-001,ภาคตะวันออก,64,2009
2026-01-22,TK-A-001,ภาคเหนือ,55,1893
2026-01-22,TK-A-001,ภาคใต้,61,2388
2026-01-22,GL-B-014,กรุงเทพฯ,474,19205
2026-01-22,GL-B-014,ภาคกลาง,391,12421
2026-01-22,GL-B-014,ภาคตะวันออก,306,9597
2026-01-22,GL-B-014,ภาคเหนือ,281,8767
2026-01-22,GL-B-014,ภาคใต้,365,12396
2026-01-22,MK-C-028,กรุงเทพฯ,378,13490
2026-01-22,MK-C-028,ภาคกลาง,324,10416
2026-01-22,MK-C-028,ภาคตะวันออก,231,8098
2026-01-22,MK-C-028,ภาคเหนือ,184,6800
2026-01-22,MK-C-028,ภาคใต้,235,7756
2026-01-22,SY-D-039,กรุงเทพฯ,248,7127
2026-01-22,SY-D-039,ภาคกลาง,212,7064
2026-01-22,SY-D-039,ภาคตะวันออก,150,4967
2026-01-22,SY-D-039,ภาคเหนือ,128,3924
2026-01-22,SY-D-039,ภาคใต้,164,5418
2026-01-22,AG-E-052,กรุงเทพฯ,80,2121
2026-01-22,AG-E-052,ภาคกลาง,58,1756
2026-01-22,AG-E-052,ภาคตะวันออก,41,1593
2026-01-22,AG-E-052,ภาคเหนือ,40,1348
2026-01-22,AG-E-052,ภาคใต้,51,1709
2026-01-23,TK-A-001,กรุงเทพฯ,91,3588
2026-01-23,TK-A-001,ภาคกลาง,73,2660
2026-01-23,TK-A-001,ภาคตะวันออก,63,1888
2026-01-23,TK-A-001,ภาคเหนือ,50,1606
2026-01-23,TK-A-001,ภาคใต้,60,2005
2026-01-23,GL-B-014,กรุงเทพฯ,523,16338
2026-01-23,GL-B-014,ภาคกลาง,414,14515
2026-01-23,GL-B-014,ภาคตะวันออก,312,9149
2026-01-23,GL-B-014,ภาคเหนือ,282,9813
2026-01-23,GL-B-014,ภาคใต้,331,12207
2026-01-23,MK-C-028,กรุงเทพฯ,411,12371
2026-01-23,MK-C-028,ภาคกลาง,275,9032
2026-01-23,MK-C-028,ภาคตะวันออก,223,7093
2026-01-23,MK-C-028,ภาคเหนือ,188,6595
2026-01-23,MK-C-028,ภาคใต้,275,7527
2026-01-23,SY-D-039,กรุงเทพฯ,239,8824
2026-01-23,SY-D-039,ภาคกลาง,186,7245
2026-01-23,SY-D-039,ภาคตะวันออก,164,5557
2026-01-23,SY-D-039,ภาคเหนือ,121,3753
2026-01-23,SY-D-039,ภาคใต้,170,5417
2026-01-23,AG-E-052,กรุงเทพฯ,71,2760
2026-01-23,AG-E-052,ภาคกลาง,60,2067
2026-01-23,AG-E-052,ภาคตะวันออก,46,1584
2026-01-23,AG-E-052,ภาคเหนือ,42,1409
2026-01-23,AG-E-052,ภาคใต้,50,1772
2026-01-24,TK-A-001,กรุงเทพฯ,93,2839
2026-01-24,TK-A-001,ภาคกลาง,74,2975
2026-01-24,TK-A-001,ภาคตะวันออก,58,2004
2026-01-24,TK-A-001,ภาคเหนือ,55,1523
2026-01-24,TK-A-001,ภาคใต้,65,1864
2026-01-24,GL-B-014,กรุงเทพฯ,514,14640
2026-01-24,GL-B-014,ภาคกลาง,428,15181
2026-01-24,GL-B-014,ภาคตะวันออก,336,10866
2026-01-24,GL-B-014,ภาคเหนือ,297,9219
2026-01-24,GL-B-014,ภาคใต้,368,11151
2026-01-24,MK-C-028,กรุงเทพฯ,352,13484
2026-01-24,MK-C-028,ภาคกลาง,318,8380
2026-01-24,MK-C-028,ภาคตะวันออก,213,8299
2026-01-24,MK-C-028,ภาคเหนือ,183,7400
2026-01-24,MK-C-028,ภาคใต้,257,6984
2026-01-24,SY-D-039,กรุงเทพฯ,232,7973
2026-01-24,SY-D-039,ภาคกลาง,184,5570
2026-01-24,SY-D-039,ภาคตะวันออก,156,5368
2026-01-24,SY-D-039,ภาคเหนือ,127,4862
2026-01-24,SY-D-039,ภาคใต้,158,6124
2026-01-24,AG-E-052,กรุงเทพฯ,76,2562
2026-01-24,AG-E-052,ภาคกลาง,55,1912
2026-01-24,AG-E-052,ภาคตะวันออก,46,1425
2026-01-24,AG-E-052,ภาคเหนือ,43,1124
2026-01-24,AG-E-052,ภาคใต้,48,1589
2026-01-25,TK-A-001,กรุงเทพฯ,96,3247
2026-01-25,TK-A-001,ภาคกลาง,81,2381
2026-01-25,TK-A-001,ภาคตะวันออก,55,1706
2026-01-25,TK-A-001,ภาคเหนือ,50,1877
2026-01-25,TK-A-001,ภาคใต้,67,2291
2026-01-25,GL-B-014,กรุงเทพฯ,485,17123
2026-01-25,GL-B-014,ภาคกลาง,393,13123
2026-01-25,GL-B-014,ภาคตะวันออก,303,8686
2026-01-25,GL-B-014,ภาคเหนือ,283,8084
2026-01-25,GL-B-014,ภาคใต้,367,11763
2026-01-25,MK-C-028,กรุงเทพฯ,347,13552
2026-01-25,MK-C-028,ภาคกลาง,293,10565
2026-01-25,MK-C-028,ภาคตะวันออก,234,6695
2026-01-25,MK-C-028,ภาคเหนือ,212,6820
2026-01-25,MK-C-028,ภาคใต้,255,7072
2026-01-25,SY-D-039,กรุงเทพฯ,256,8854
2026-01-25,SY-D-039,ภาคกลาง,203,7271
2026-01-25,SY-D-039,ภาคตะวันออก,148,4329
2026-01-25,SY-D-039,ภาคเหนือ,138,4889
2026-01-25,SY-D-039,ภาคใต้,165,5720
2026-01-25,AG-E-052,กรุงเทพฯ,70,2688
2026-01-25,AG-E-052,ภาคกลาง,66,1744
2026-01-25,AG-E-052,ภาคตะวันออก,44,1339
2026-01-25,AG-E-052,ภาคเหนือ,38,1465
2026-01-25,AG-E-052,ภาคใต้,54,1413
2026-01-26,TK-A-001,กรุงเทพฯ,93,3722
2026-01-26,TK-A-001,ภาคกลาง,77,2307
2026-01-26,TK-A-001,ภาคตะวันออก,63,1986
2026-01-26,TK-A-001,ภาคเหนือ,54,1893
2026-01-26,TK-A-001,ภาคใต้,64,2017
2026-01-26,GL-B-014,กรุงเทพฯ,482,18873
2026-01-26,GL-B-014,ภาคกลาง,397,13270
2026-01-26,GL-B-014,ภาคตะวันออก,343,10124
2026-01-26,GL-B-014,ภาคเหนือ,297,9642
2026-01-26,GL-B-014,ภาคใต้,356,11759
2026-01-26,MK-C-028,กรุงเทพฯ,372,10664
2026-01-26,MK-C-028,ภาคกลาง,273,10675
2026-01-26,MK-C-028,ภาคตะวันออก,225,7693
2026-01-26,MK-C-028,ภาคเหนือ,220,5628
2026-01-26,MK-C-028,ภาคใต้,259,8998
2026-01-26,SY-D-039,กรุงเทพฯ,262,8353
2026-01-26,SY-D-039,ภาคกลาง,203,6705
2026-01-26,SY-D-039,ภาคตะวันออก,144,4385
2026-01-26,SY-D-039,ภาคเหนือ,125,3829
2026-01-26,SY-D-039,ภาคใต้,171,4786
2026-01-26,AG-E-052,กรุงเทพฯ,69,2764
2026-01-26,AG-E-052,ภาคกลาง,62,1921
2026-01-26,AG-E-052,ภาคตะวันออก,47,1478
2026-01-26,AG-E-052,ภาคเหนือ,44,1184
2026-01-26,AG-E-052,ภาคใต้,55,1834
2026-01-27,TK-A-001,กรุงเทพฯ,98,3411
2026-01-27,TK-A-001,ภาคกลาง,74,2407
2026-01-27,TK-A-001,ภาคตะวันออก,61,1963
2026-01-27,TK-A-001,ภาคเหนือ,55,1573
2026-01-27,TK-A-001,ภาคใต้,64,2435
2026-01-27,GL-B-014,กรุงเทพฯ,560,16400
2026-01-27,GL-B-014,ภาคกลาง,385,14914
2026-01-27,GL-B-014,ภาคตะวันออก,318,11335
2026-01-27,GL-B-014,ภาคเหนือ,292,9606
2026-01-27,GL-B-014,ภาคใต้,344,10908
2026-01-27,MK-C-028,กรุงเทพฯ,369,12353
2026-01-27,MK-C-028,ภาคกลาง,321,9941
2026-01-27,MK-C-028,ภาคตะวันออก,207,6870
2026-01-27,MK-C-028,ภาคเหนือ,184,6588
2026-01-27,MK-C-028,ภาคใต้,277,8888
2026-01-27,SY-D-039,กรุงเทพฯ,237,7173
2026-01-27,SY-D-039,ภาคกลาง,200,6592
2026-01-27,SY-D-039,ภาคตะวันออก,157,4696
2026-01-27,SY-D-039,ภาคเหนือ,139,4190
2026-01-27,SY-D-039,ภาคใต้,157,6028
2026-01-27,AG-E-052,กรุงเทพฯ,72,2484
2026-01-27,AG-E-052,ภาคกลาง,65,1995
2026-01-27,AG-E-052,ภาคตะวันออก,45,1247
2026-01-27,AG-E-052,ภาคเหนือ,44,1477
2026-01-27,AG-E-052,ภาคใต้,54,1805
2026-01-28,TK-A-001,กรุงเทพฯ,111,3102
2026-01-28,TK-A-001,ภาคกลาง,88,2249
2026-01-28,TK-A-001,ภาคตะวันออก,65,1730
2026-01-28,TK-A-001,ภาคเหนือ,49,1914
2026-01-28,TK-A-001,ภาคใต้,71,2104
2026-01-28,GL-B-014,กรุงเทพฯ,523,15440
2026-01-28,GL-B-014,ภาคกลาง,386,12990
2026-01-28,GL-B-014,ภาคตะวันออก,342,9201
2026-01-28,GL-B-014,ภาคเหนือ,261,9033
2026-01-28,GL-B-014,ภาคใต้,321,10726
2026-01-28,MK-C-028,กรุงเทพฯ,388,10584
2026-01-28,MK-C-028,ภาคกลาง,330,9824
2026-01-28,MK-C-028,ภาคตะวันออก,235,7713
2026-01-28,MK-C-028,ภาคเหนือ,219,5808
2026-01-28,MK-C-028,ภาคใต้,262,7847
2026-01-28,SY-D-039,กรุงเทพฯ,274,8919
2026-01-28,SY-D-039,ภาคกลาง,205,6846
2026-01-28,SY-D-039,ภาคตะวันออก,164,4249
2026-01-28,SY-D-039,ภาคเหนือ,130,4677
2026-01-28,SY-D-039,ภาคใต้,157,5030
2026-01-28,AG-E-052,กรุงเทพฯ,83,2373
2026-01-28,AG-E-052,ภาคกลาง,57,1859
2026-01-28,AG-E-052,ภาคตะวันออก,45,1470
2026-01-28,AG-E-052,ภาคเหนือ,38,1422
2026-01-28,AG-E-052,ภาคใต้,53,1708
2026-01-29,TK-A-001,กรุงเทพฯ,92,3633
2026-01-29,TK-A-001,ภาคกลาง,75,2368
2026-01-29,TK-A-001,ภาคตะวันออก,67,1709
2026-01-29,TK-A-001,ภาคเหนือ,50,1726
2026-01-29,TK-A-001,ภาคใต้,74,2122
2026-01-29,GL-B-014,กรุงเทพฯ,560,16905
2026-01-29,GL-B-014,ภาคกลาง,441,12037
2026-01-29,GL-B-014,ภาคตะวันออก,311,8755
2026-01-29,GL-B-014,ภาคเหนือ,283,9166
2026-01-29,GL-B-014,ภาคใต้,378,12119
2026-01-29,MK-C-028,กรุงเทพฯ,406,12022
2026-01-29,MK-C-028,ภาคกลาง,325,9054
2026-01-29,MK-C-028,ภาคตะวันออก,235,6358
2026-01-29,MK-C-028,ภาคเหนือ,197,7221
2026-01-29,MK-C-028,ภาคใต้,266,8811
2026-01-29,SY-D-039,กรุงเทพฯ,237,8496
2026-01-29,SY-D-039,ภาคกลาง,191,7406
2026-01-29,SY-D-039,ภาคตะวันออก,151,5468
2026-01-29,SY-D-039,ภาคเหนือ,146,4078
2026-01-29,SY-D-039,ภาคใต้,162,4804
2026-01-29,AG-E-052,กรุงเทพฯ,71,2096
2026-01-29,AG-E-052,ภาคกลาง,64,1844
2026-01-29,AG-E-052,ภาคตะวันออก,45,1531
2026-01-29,AG-E-052,ภาคเหนือ,39,1124
2026-01-29,AG-E-052,ภาคใต้,53,1409
2026-01-30,TK-A-001,กรุงเทพฯ,93,3328
2026-01-30,TK-A-001,ภาคกลาง,77,2303
2026-01-30,TK-A-001,ภาคตะวันออก,61,1679
2026-01-30,TK-A-001,ภาคเหนือ,57,1636
2026-01-30,TK-A-001,ภาคใต้,73,2150
2026-01-30,GL-B-014,กรุงเทพฯ,543,18348
2026-01-30,GL-B-014,ภาคกลาง,428,12309
2026-01-30,GL-B-014,ภาคตะวันออก,346,8767
2026-01-30,GL-B-014,ภาคเหนือ,269,10081
2026-01-30,GL-B-014,ภาคใต้,324,9503
2026-01-30,MK-C-028,กรุงเทพฯ,413,10808
2026-01-30,MK-C-028,ภาคกลาง,335,8674
2026-01-30,MK-C-028,ภาคตะวันออก,210,7018
2026-01-30,MK-C-028,ภาคเหนือ,194,6335
2026-01-30,MK-C-028,ภาคใต้,243,7090
2026-01-30,SY-D-039,กรุงเทพฯ,264,8123
2026-01-30,SY-D-039,ภาคกลาง,223,6974
2026-01-30,SY-D-039,ภาคตะวันออก,150,5172
2026-01-30,SY-D-039,ภาคเหนือ,125,3956
2026-01-30,SY-D-039,ภาคใต้,162,4654
2026-01-30,AG-E-052,กรุงเทพฯ,76,2067
2026-01-30,AG-E-052,ภาคกลาง,58,2156
2026-01-30,AG-E-052,ภาคตะวันออก,47,1247
2026-01-30,AG-E-052,ภาคเหนือ,39,1184
2026-01-30,AG-E-052,ภาคใต้,54,1444
2026-01-31,TK-A-001,กรุงเทพฯ,109,3491
2026-01-31,TK-A-001,ภาคกลาง,87,2525
2026-01-31,TK-A-001,ภาคตะวันออก,56,2197
2026-01-31,TK-A-001,ภาคเหนือ,54,1939
2026-01-31,TK-A-001,ภาคใต้,62,2340
2026-01-31,GL-B-014,กรุงเทพฯ,581,16641
2026-01-31,GL-B-014,ภาคกลาง,424,13126
2026-01-31,GL-B-014,ภาคตะวันออก,316,11499
2026-01-31,GL-B-014,ภาคเหนือ,268,8771
2026-01-31,GL-B-014,ภาคใต้,359,11681
2026-01-31,MK-C-028,กรุงเทพฯ,359,10987
2026-01-31,MK-C-028,ภาคกลาง,322,10409
2026-01-31,MK-C-028,ภาคตะวันออก,212,6510
2026-01-31,MK-C-028,ภาคเหนือ,201,6570
2026-01-31,MK-C-028,ภาคใต้,262,9075
2026-01-31,SY-D-039,กรุงเทพฯ,234,8266
2026-01-31,SY-D-039,ภาคกลาง,187,7307
2026-01-31,SY-D-039,ภาคตะวันออก,161,4549
2026-01-31,SY-D-039,ภาคเหนือ,126,4495
2026-01-31,SY-D-039,ภาคใต้,185,5884
2026-01-31,AG-E-052,กรุงเทพฯ,82,2304
2026-01-31,AG-E-052,ภาคกลาง,62,1924
2026-01-31,AG-E-052,ภาคตะวันออก,48,1619
2026-01-31,AG-E-052,ภาคเหนือ,38,1150
2026-01-31,AG-E-052,ภาคใต้,51,1521
2026-02-01,TK-A-001,กรุงเทพฯ,113,3347
2026-02-01,TK-A-001,ภาคกลาง,81,2761
2026-02-01,TK-A-001,ภาคตะวันออก,62,2021
2026-02-01,TK-A-001,ภาคเหนือ,52,1547
2026-02-01,TK-A-001,ภาคใต้,67,1988
2026-02-01,GL-B-014,กรุงเทพฯ,486,15156
2026-02-01,GL-B-014,ภาคกลาง,439,12934
2026-02-01,GL-B-014,ภาคตะวันออก,330,10413
2026-02-01,GL-B-014,ภาคเหนือ,280,8800
2026-02-01,GL-B-014,ภาคใต้,388,11067
2026-02-01,MK-C-028,กรุงเทพฯ,393,12382
2026-02-01,MK-C-028,ภาคกลาง,339,11026
2026-02-01,MK-C-028,ภาคตะวันออก,226,6528
2026-02-01,MK-C-028,ภาคเหนือ,203,6203
2026-02-01,MK-C-028,ภาคใต้,250,7283
2026-02-01,SY-D-039,กรุงเทพฯ,257,6947
2026-02-01,SY-D-039,ภาคกลาง,196,6923
2026-02-01,SY-D-039,ภาคตะวันออก,144,5056
2026-02-01,SY-D-039,ภาคเหนือ,144,4027
2026-02-01,SY-D-039,ภาคใต้,186,5622
2026-02-01,AG-E-052,กรุงเทพฯ,80,2347
2026-02-01,AG-E-052,ภาคกลาง,59,2011
2026-02-01,AG-E-052,ภาคตะวันออก,51,1633
2026-02-01,AG-E-052,ภาคเหนือ,40,1387
2026-02-01,AG-E-052,ภาคใต้,52,1377
2026-02-02,TK-A-001,กรุงเทพฯ,103,3424
2026-02-02,TK-A-001,ภาคกลาง,88,2481
2026-02-02,TK-A-001,ภาคตะวันออก,59,2105
2026-02-02,TK-A-001,ภาคเหนือ,55,1748
2026-02-02,TK-A-001,ภาคใต้,67,2460
2026-02-02,GL-B-014,กรุงเทพฯ,583,15393
2026-02-02,GL-B-014,ภาคกลาง,450,11976
2026-02-02,GL-B-014,ภาคตะวันออก,304,8676
2026-02-02,GL-B-014,ภาคเหนือ,286,10094
2026-02-02,GL-B-014,ภาคใต้,373,12459
2026-02-02,MK-C-028,กรุงเทพฯ,410,12603
2026-02-02,MK-C-028,ภาคกลาง,319,8843
2026-02-02,MK-C-028,ภาคตะวันออก,236,6761
2026-02-02,MK-C-028,ภาคเหนือ,191,6592
2026-02-02,MK-C-028,ภาคใต้,265,9086
2026-02-02,SY-D-039,กรุงเทพฯ,270,7890
2026-02-02,SY-D-039,ภาคกลาง,209,6572
2026-02-02,SY-D-039,ภาคตะวันออก,147,5556
2026-02-02,SY-D-039,ภาคเหนือ,139,3947
2026-02-02,SY-D-039,ภาคใต้,167,5429
2026-02-02,AG-E-052,กรุงเทพฯ,81,2255
2026-02-02,AG-E-052,ภาคกลาง,64,2000
2026-02-02,AG-E-052,ภาคตะวันออก,46,1652
2026-02-02,AG-E-052,ภาคเหนือ,44,1487
2026-02-02,AG-E-052,ภาคใต้,54,1687
2026-02-03,TK-A-001,กรุงเทพฯ,111,3085
2026-02-03,TK-A-001,ภาคกลาง,88,2512
2026-02-03,TK-A-001,ภาคตะวันออก,58,2096
2026-02-03,TK-A-001,ภาคเหนือ,57,1832
2026-02-03,TK-A-001,ภาคใต้,74,2451
2026-02-03,GL-B-014,กรุงเทพฯ,570,17014
2026-02-03,GL-B-014,ภาคกลาง,430,13647
2026-02-03,GL-B-014,ภาคตะวันออก,307,9503
2026-02-03,GL-B-014,ภาคเหนือ,289,9889
2026-02-03,GL-B-014,ภาคใต้,347,12588
2026-02-03,MK-C-028,กรุงเทพฯ,411,13508
2026-02-03,MK-C-028,ภาคกลาง,312,9259
2026-02-03,MK-C-028,ภาคตะวันออก,252,7652
2026-02-03,MK-C-028,ภาคเหนือ,210,6400
2026-02-03,MK-C-028,ภาคใต้,274,7808
2026-02-03,SY-D-039,กรุงเทพฯ,237,8765
2026-02-03,SY-D-039,ภาคกลาง,216,5778
2026-02-03,SY-D-039,ภาคตะวันออก,145,4868
2026-02-03,SY-D-039,ภาคเหนือ,143,3732
2026-02-03,SY-D-039,ภาคใต้,157,4657
2026-02-03,AG-E-052,กรุงเทพฯ,81,2651
2026-02-03,AG-E-052,ภาคกลาง,57,2154
2026-02-03,AG-E-052,ภาคตะวันออก,46,1551
2026-02-03,AG-E-052,ภาคเหนือ,43,1219
2026-02-03,AG-E-052,ภาคใต้,54,1415
2026-02-04,TK-A-001,กรุงเทพฯ,101,3582
2026-02-04,TK-A-001,ภาคกลาง,77,2418
2026-02-04,TK-A-001,ภาคตะวันออก,57,2128
2026-02-04,TK-A-001,ภาคเหนือ,58,1982
2026-02-04,TK-A-001,ภาคใต้,75,2165
2026-02-04,GL-B-014,กรุงเทพฯ,579,16345
2026-02-04,GL-B-014,ภาคกลาง,473,12965
2026-02-04,GL-B-014,ภาคตะวันออก,299,9833
2026-02-04,GL-B-014,ภาคเหนือ,291,9642
2026-02-04,GL-B-014,ภาคใต้,387,12585
2026-02-04,MK-C-028,กรุงเทพฯ,398,13594
2026-02-04,MK-C-028,ภาคกลาง,330,11150
2026-02-04,MK-C-028,ภาคตะวันออก,235,7871
2026-02-04,MK-C-028,ภาคเหนือ,228,6509
2026-02-04,MK-C-028,ภาคใต้,238,8817
2026-02-04,SY-D-039,กรุงเทพฯ,287,7752
2026-02-04,SY-D-039,ภาคกลาง,208,5874
2026-02-04,SY-D-039,ภาคตะวันออก,144,4554
2026-02-04,SY-D-039,ภาคเหนือ,135,4712
2026-02-04,SY-D-039,ภาคใต้,187,5014
2026-02-04,AG-E-052,กรุงเทพฯ,73,2553
2026-02-04,AG-E-052,ภาคกลาง,66,2069
2026-02-04,AG-E-052,ภาคตะวันออก,51,1485
2026-02-04,AG-E-052,ภาคเหนือ,39,1103
2026-02-04,AG-E-052,ภาคใต้,56,1505
2026-02-05,TK-A-001,กรุงเทพฯ,96,2907
2026-02-05,TK-A-001,ภาคกลาง,91,2511
2026-02-05,TK-A-001,ภาคตะวันออก,69,1957
2026-02-05,TK-A-001,ภาคเหนือ,60,1979
2026-02-05,TK-A-001,ภาคใต้,71,1845
2026-02-05,GL-B-014,กรุงเทพฯ,551,14857
2026-02-05,GL-B-014,ภาคกลาง,451,11584
2026-02-05,GL-B-014,ภาคตะวันออก,303,9743
2026-02-05,GL-B-014,ภาคเหนือ,262,8583
2026-02-05,GL-B-014,ภาคใต้,330,12645
2026-02-05,MK-C-028,กรุงเทพฯ,426,11457
2026-02-05,MK-C-028,ภาคกลาง,334,9089
2026-02-05,MK-C-028,ภาคตะวันออก,223,6738
2026-02-05,MK-C-028,ภาคเหนือ,208,6202
2026-02-05,MK-C-028,ภาคใต้,289,7577
2026-02-05,SY-D-039,กรุงเทพฯ,259,7714
2026-02-05,SY-D-039,ภาคกลาง,231,6270
2026-02-05,SY-D-039,ภาคตะวันออก,146,4402
2026-02-05,SY-D-039,ภาคเหนือ,154,4383
2026-02-05,SY-D-039,ภาคใต้,184,6198
2026-02-05,AG-E-052,กรุงเทพฯ,80,2536
2026-02-05,AG-E-052,ภาคกลาง,64,2019
2026-02-05,AG-E-052,ภาคตะวันออก,46,1308
2026-02-05,AG-E-052,ภาคเหนือ,38,1186
2026-02-05,AG-E-052,ภาคใต้,53,1796
2026-02-06,TK-A-001,กรุงเทพฯ,102,3136
2026-02-06,TK-A-001,ภาคกลาง,76,2287
2026-02-06,TK-A-001,ภาคตะวันออก,59,1923
2026-02-06,TK-A-001,ภาคเหนือ,59,1677
2026-02-06,TK-A-001,ภาคใต้,66,2404
2026-02-06,GL-B-014,กรุงเทพฯ,504,15972
2026-02-06,GL-B-014,ภาคกลาง,461,13858
2026-02-06,GL-B-014,ภาคตะวันออก,344,9046
2026-02-06,GL-B-014,ภาคเหนือ,319,8740
2026-02-06,GL-B-014,ภาคใต้,328,10702
2026-02-06,MK-C-028,กรุงเทพฯ,415,10446
2026-02-06,MK-C-028,ภาคกลาง,307,8943
2026-02-06,MK-C-028,ภาคตะวันออก,240,7643
2026-02-06,MK-C-028,ภาคเหนือ,230,6131
2026-02-06,MK-C-028,ภาคใต้,246,8435
2026-02-06,SY-D-039,กรุงเทพฯ,281,6887
2026-02-06,SY-D-039,ภาคกลาง,228,7102
2026-02-06,SY-D-039,ภาคตะวันออก,145,5248
2026-02-06,SY-D-039,ภาคเหนือ,139,3780
2026-02-06,SY-D-039,ภาคใต้,192,6124
2026-02-06,AG-E-052,กรุงเทพฯ,84,2235
2026-02-06,AG-E-052,ภาคกลาง,59,2177
2026-02-06,AG-E-052,ภาคตะวันออก,51,1662
2026-02-06,AG-E-052,ภาคเหนือ,38,1459
2026-02-06,AG-E-052,ภาคใต้,55,1768
2026-02-07,TK-A-001,กรุงเทพฯ,97,3141
2026-02-07,TK-A-001,ภาคกลาง,78,2290
2026-02-07,TK-A-001,ภาคตะวันออก,60,2233
2026-02-07,TK-A-001,ภาคเหนือ,61,1775
2026-02-07,TK-A-001,ภาคใต้,67,2366
2026-02-07,GL-B-014,กรุงเทพฯ,583,18861
2026-02-07,GL-B-014,ภาคกลาง,431,15044
2026-02-07,GL-B-014,ภาคตะวันออก,304,9774
2026-02-07,GL-B-014,ภาคเหนือ,303,9033
2026-02-07,GL-B-014,ภาคใต้,371,12110
2026-02-07,MK-C-028,กรุงเทพฯ,387,10489
2026-02-07,MK-C-028,ภาคกลาง,296,9865
2026-02-07,MK-C-028,ภาคตะวันออก,259,6832
2026-02-07,MK-C-028,ภาคเหนือ,227,6549
2026-02-07,MK-C-028,ภาคใต้,281,9224
2026-02-07,SY-D-039,กรุงเทพฯ,250,8113
2026-02-07,SY-D-039,ภาคกลาง,230,5949
2026-02-07,SY-D-039,ภาคตะวันออก,144,4136
2026-02-07,SY-D-039,ภาคเหนือ,137,4366
2026-02-07,SY-D-039,ภาคใต้,169,5888
2026-02-07,AG-E-052,กรุงเทพฯ,81,2482
2026-02-07,AG-E-052,ภาคกลาง,66,2001
2026-02-07,AG-E-052,ภาคตะวันออก,47,1506
2026-02-07,AG-E-052,ภาคเหนือ,46,1438
2026-02-07,AG-E-052,ภาคใต้,49,1776
2026-02-08,TK-A-001,กรุงเทพฯ,103,3698
2026-02-08,TK-A-001,ภาคกลาง,84,2395
2026-02-08,TK-A-001,ภาคตะวันออก,58,2220
2026-02-08,TK-A-001,ภาคเหนือ,56,1736
2026-02-08,TK-A-001,ภาคใต้,70,2312
2026-02-08,GL-B-014,กรุงเทพฯ,568,16805
2026-02-08,GL-B-014,ภาคกลาง,478,12345
2026-02-08,GL-B-014,ภาคตะวันออก,357,10235
2026-02-08,GL-B-014,ภาคเหนือ,289,8252
2026-02-08,GL-B-014,ภาคใต้,332,12343
2026-02-08,MK-C-028,กรุงเทพฯ,383,12859
2026-02-08,MK-C-028,ภาคกลาง,305,8676
2026-02-08,MK-C-028,ภาคตะวันออก,252,7201
2026-02-08,MK-C-028,ภาคเหนือ,201,5521
2026-02-08,MK-C-028,ภาคใต้,274,7866
2026-02-08,SY-D-039,กรุงเทพฯ,267,7236
2026-02-08,SY-D-039,ภาคกลาง,210,7097
2026-02-08,SY-D-039,ภาคตะวันออก,162,4853
2026-02-08,SY-D-039,ภาคเหนือ,140,4526
2026-02-08,SY-D-039,ภาคใต้,161,4917
2026-02-08,AG-E-052,กรุงเทพฯ,78,2241
2026-02-08,AG-E-052,ภาคกลาง,65,2045
2026-02-08,AG-E-052,ภาคตะวันออก,51,1341
2026-02-08,AG-E-052,ภาคเหนือ,40,1204
2026-02-08,AG-E-052,ภาคใต้,49,1449
2026-02-09,TK-A-001,กรุงเทพฯ,103,3080
2026-02-09,TK-A-001,ภาคกลาง,89,2737
2026-02-09,TK-A-001,ภาคตะวันออก,70,2080
2026-02-09,TK-A-001,ภาคเหนือ,55,1761
2026-02-09,TK-A-001,ภาคใต้,77,2417
2026-02-09,GL-B-014,กรุงเทพฯ,552,18023
2026-02-09,GL-B-014,ภาคกลาง,438,12129
2026-02-09,GL-B-014,ภาคตะวันออก,315,9321
2026-02-09,GL-B-014,ภาคเหนือ,276,7921
2026-02-09,GL-B-014,ภาคใต้,358,12108
2026-02-09,MK-C-028,กรุงเทพฯ,370,12607
2026-02-09,MK-C-028,ภาคกลาง,294,11158
2026-02-09,MK-C-028,ภาคตะวันออก,262,7147
2026-02-09,MK-C-028,ภาคเหนือ,220,5943
2026-02-09,MK-C-028,ภาคใต้,265,7659
2026-02-09,SY-D-039,กรุงเทพฯ,281,8775
2026-02-09,SY-D-039,ภาคกลาง,210,6987
2026-02-09,SY-D-039,ภาคตะวันออก,152,4435
2026-02-09,SY-D-039,ภาคเหนือ,140,3913
2026-02-09,SY-D-039,ภาคใต้,163,4971
2026-02-09,AG-E-052,กรุงเทพฯ,85,2773
2026-02-09,AG-E-052,ภาคกลาง,59,1752
2026-02-09,AG-E-052,ภาคตะวันออก,47,1572
2026-02-09,AG-E-052,ภาคเหนือ,39,1103
2026-02-09,AG-E-052,ภาคใต้,54,1793
2026-02-10,TK-A-001,กรุงเทพฯ,116,3273
2026-02-10,TK-A-001,ภาคกลาง,83,2746
2026-02-10,TK-A-001,ภาคตะวันออก,71,1769
2026-02-10,TK-A-001,ภาคเหนือ,59,1823
2026-02-10,TK-A-001,ภาคใต้,70,2141
2026-02-10,GL-B-014,กรุงเทพฯ,541,18589
2026-02-10,GL-B-014,ภาคกลาง,466,15279
2026-02-10,GL-B-014,ภาคตะวันออก,318,9436
2026-02-10,GL-B-014,ภาคเหนือ,318,9486
2026-02-10,GL-B-014,ภาคใต้,381,12787
2026-02-10,MK-C-028,กรุงเทพฯ,439,10565
2026-02-10,MK-C-028,ภาคกลาง,339,10614
2026-02-10,MK-C-028,ภาคตะวันออก,245,7095
2026-02-10,MK-C-028,ภาคเหนือ,211,7108
2026-02-10,MK-C-028,ภาคใต้,250,8132
2026-02-10,SY-D-039,กรุงเทพฯ,243,8847
2026-02-10,SY-D-039,ภาคกลาง,201,5736
2026-02-10,SY-D-039,ภาคตะวันออก,160,5552
2026-02-10,SY-D-039,ภาคเหนือ,157,4106
2026-02-10,SY-D-039,ภาคใต้,163,4902
2026-02-10,AG-E-052,กรุงเทพฯ,88,2608
2026-02-10,AG-E-052,ภาคกลาง,59,1762
2026-02-10,AG-E-052,ภาคตะวันออก,47,1382
2026-02-10,AG-E-052,ภาคเหนือ,47,1299
2026-02-10,AG-E-052,ภาคใต้,54,1692
2026-02-11,TK-A-001,กรุงเทพฯ,116,3003
2026-02-11,TK-A-001,ภาคกลาง,82,2909
2026-02-11,TK-A-001,ภาคตะวันออก,60,2162
2026-02-11,TK-A-001,ภาคเหนือ,61,1861
2026-02-11,TK-A-001,ภาคใต้,70,2142
2026-02-11,GL-B-014,กรุงเทพฯ,534,14367
2026-02-11,GL-B-014,ภาคกลาง,473,13318
2026-02-11,GL-B-014,ภาคตะวันออก,337,10808
2026-02-11,GL-B-014,ภาคเหนือ,309,9326
2026-02-11,GL-B-014,ภาคใต้,359,9940
2026-02-11,MK-C-028,กรุงเทพฯ,440,12617
2026-02-11,MK-C-028,ภาคกลาง,330,9228
2026-02-11,MK-C-028,ภาคตะวันออก,245,7716
2026-02-11,MK-C-028,ภาคเหนือ,229,5930
2026-02-11,MK-C-028,ภาคใต้,268,7708
2026-02-11,SY-D-039,กรุงเทพฯ,255,8121
2026-02-11,SY-D-039,ภาคกลาง,215,6988
2026-02-11,SY-D-039,ภาคตะวันออก,165,5422
2026-02-11,SY-D-039,ภาคเหนือ,148,4366
2026-02-11,SY-D-039,ภาคใต้,168,4598
2026-02-11,AG-E-052,กรุงเทพฯ,86,2754
2026-02-11,AG-E-052,ภาคกลาง,62,1970
2026-02-11,AG-E-052,ภาคตะวันออก,44,1578
2026-02-11,AG-E-052,ภาคเหนือ,41,1366
2026-02-11,AG-E-052,ภาคใต้,51,1647
2026-02-12,TK-A-001,กรุงเทพฯ,110,3343
2026-02-12,TK-A-001,ภาคกลาง,87,2627
2026-02-12,TK-A-001,ภาคตะวันออก,62,1673
2026-02-12,TK-A-001,ภาคเหนือ,56,1959
2026-02-12,TK-A-001,ภาคใต้,78,2336
2026-02-12,GL-B-014,กรุงเทพฯ,577,14897
2026-02-12,GL-B-014,ภาคกลาง,416,14525
2026-02-12,GL-B-014,ภาคตะวันออก,310,11271
2026-02-12,GL-B-014,ภาคเหนือ,329,8620
2026-02-12,GL-B-014,ภาคใต้,377,9618
2026-02-12,MK-C-028,กรุงเทพฯ,414,12017
2026-02-12,MK-C-028,ภาคกลาง,353,10066
2026-02-12,MK-C-028,ภาคตะวันออก,259,8015
2026-02-12,MK-C-028,ภาคเหนือ,238,7397
2026-02-12,MK-C-028,ภาคใต้,285,7242
2026-02-12,SY-D-039,กรุงเทพฯ,271,7300
2026-02-12,SY-D-039,ภาคกลาง,217,5538
2026-02-12,SY-D-039,ภาคตะวันออก,162,4701
2026-02-12,SY-D-039,ภาคเหนือ,142,3898
2026-02-12,SY-D-039,ภาคใต้,192,5628
2026-02-12,AG-E-052,กรุงเทพฯ,81,2715
2026-02-12,AG-E-052,ภาคกลาง,64,2015
2026-02-12,AG-E-052,ภาคตะวันออก,48,1668
2026-02-12,AG-E-052,ภาคเหนือ,44,1389
2026-02-12,AG-E-052,ภาคใต้,56,1405
2026-02-13,TK-A-001,กรุงเทพฯ,109,3268
2026-02-13,TK-A-001,ภาคกลาง,89,2950
2026-02-13,TK-A-001,ภาคตะวันออก,67,1660
2026-02-13,TK-A-001,ภาคเหนือ,55,1686
2026-02-13,TK-A-001,ภาคใต้,74,2323
2026-02-13,GL-B-014,กรุงเทพฯ,564,16355
2026-02-13,GL-B-014,ภาคกลาง,426,13837
2026-02-13,GL-B-014,ภาคตะวันออก,333,11250
2026-02-13,GL-B-014,ภาคเหนือ,332,8933
2026-02-13,GL-B-014,ภาคใต้,347,11437
2026-02-13,MK-C-028,กรุงเทพฯ,452,12580
2026-02-13,MK-C-028,ภาคกลาง,304,8958
2026-02-13,MK-C-028,ภาคตะวันออก,247,8226
2026-02-13,MK-C-028,ภาคเหนือ,214,6723
2026-02-13,MK-C-028,ภาคใต้,293,9182
2026-02-13,SY-D-039,กรุงเทพฯ,261,8884
2026-02-13,SY-D-039,ภาคกลาง,222,5580
2026-02-13,SY-D-039,ภาคตะวันออก,157,5351
2026-02-13,SY-D-039,ภาคเหนือ,148,4691
2026-02-13,SY-D-039,ภาคใต้,192,5566
2026-02-13,AG-E-052,กรุงเทพฯ,91,2197
2026-02-13,AG-E-052,ภาคกลาง,60,2115
2026-02-13,AG-E-052,ภาคตะวันออก,47,1516
2026-02-13,AG-E-052,ภาคเหนือ,46,1125
2026-02-13,AG-E-052,ภาคใต้,57,1428
2026-02-14,TK-A-001,กรุงเทพฯ,100,3347
2026-02-14,TK-A-001,ภาคกลาง,91,2869
2026-02-14,TK-A-001,ภาคตะวันออก,63,1795
2026-02-14,TK-A-001,ภาคเหนือ,62,1761
2026-02-14,TK-A-001,ภาคใต้,71,2005
2026-02-14,GL-B-014,กรุงเทพฯ,538,18506
2026-02-14,GL-B-014,ภาคกลาง,477,14852
2026-02-14,GL-B-014,ภาคตะวันออก,336,9999
2026-02-14,GL-B-014,ภาคเหนือ,295,10134
2026-02-14,GL-B-014,ภาคใต้,349,11960
2026-02-14,MK-C-028,กรุงเทพฯ,422,11955
2026-02-14,MK-C-028,ภาคกลาง,312,10353
2026-02-14,MK-C-028,ภาคตะวันออก,230,7407
2026-02-14,MK-C-028,ภาคเหนือ,227,6740
2026-02-14,MK-C-028,ภาคใต้,276,8252
2026-02-14,SY-D-039,กรุงเทพฯ,277,7664
2026-02-14,SY-D-039,ภาคกลาง,217,5745
2026-02-14,SY-D-039,ภาคตะวันออก,154,4827
2026-02-14,SY-D-039,ภาคเหนือ,136,3805
2026-02-14,SY-D-039,ภาคใต้,202,5290
2026-02-14,AG-E-052,กรุงเทพฯ,87,2389
2026-02-14,AG-E-052,ภาคกลาง,61,1901
2026-02-14,AG-E-052,ภาคตะวันออก,48,1514
2026-02-14,AG-E-052,ภาคเหนือ,40,1369
2026-02-14,AG-E-052,ภาคใต้,50,1705
2026-02-15,TK-A-001,กรุงเทพฯ,105,3543
2026-02-15,TK-A-001,ภาคกลาง,91,2809
2026-02-15,TK-A-001,ภาคตะวันออก,62,1775
2026-02-15,TK-A-001,ภาคเหนือ,58,1479
2026-02-15,TK-A-001,ภาคใต้,77,2259
2026-02-15,GL-B-014,กรุงเทพฯ,600,17940
2026-02-15,GL-B-014,ภาคกลาง,423,12009
2026-02-15,GL-B-014,ภาคตะวันออก,313,10042
2026-02-15,GL-B-014,ภาคเหนือ,319,9572
2026-02-15,GL-B-014,ภาคใต้,405,12084
2026-02-15,MK-C-028,กรุงเทพฯ,438,13345
2026-02-15,MK-C-028,ภาคกลาง,310,10439
2026-02-15,MK-C-028,ภาคตะวันออก,228,6804
2026-02-15,MK-C-028,ภาคเหนือ,230,7130
2026-02-15,MK-C-028,ภาคใต้,300,7733
2026-02-15,SY-D-039,กรุงเทพฯ,266,9066
2026-02-15,SY-D-039,ภาคกลาง,233,5673
2026-02-15,SY-D-039,ภาคตะวันออก,168,4413
2026-02-15,SY-D-039,ภาคเหนือ,155,4837
2026-02-15,SY-D-039,ภาคใต้,190,5439
2026-02-15,AG-E-052,กรุงเทพฯ,90,2334
2026-02-15,AG-E-052,ภาคกลาง,73,1762
2026-02-15,AG-E-052,ภาคตะวันออก,48,1463
2026-02-15,AG-E-052,ภาคเหนือ,43,1350
2026-02-15,AG-E-052,ภาคใต้,51,1401
2026-02-16,TK-A-001,กรุงเทพฯ,105,3717
2026-02-16,TK-A-001,ภาคกลาง,94,2542
2026-02-16,TK-A-001,ภาคตะวันออก,62,2093
2026-02-16,TK-A-001,ภาคเหนือ,66,1809
2026-02-16,TK-A-001,ภาคใต้,77,2135
2026-02-16,GL-B-014,กรุงเทพฯ,630,14549
2026-02-16,GL-B-014,ภาคกลาง,455,11480
2026-02-16,GL-B-014,ภาคตะวันออก,315,10892
2026-02-16,GL-B-014,ภาคเหนือ,336,7722
2026-02-16,GL-B-014,ภาคใต้,412,10868
2026-02-16,MK-C-028,กรุงเทพฯ,441,11820
2026-02-16,MK-C-028,ภาคกลาง,365,8551
2026-02-16,MK-C-028,ภาคตะวันออก,232,7884
2026-02-16,MK-C-028,ภาคเหนือ,231,5848
2026-02-16,MK-C-028,ภาคใต้,260,9198
2026-02-16,SY-D-039,กรุงเทพฯ,305,9176
2026-02-16,SY-D-039,ภาคกลาง,204,5971
2026-02-16,SY-D-039,ภาคตะวันออก,168,4612
2026-02-16,SY-D-039,ภาคเหนือ,141,3771
2026-02-16,SY-D-039,ภาคใต้,203,5317
2026-02-16,AG-E-052,กรุงเทพฯ,85,2615
2026-02-16,AG-E-052,ภาคกลาง,68,1837
2026-02-16,AG-E-052,ภาคตะวันออก,50,1666
2026-02-16,AG-E-052,ภาคเหนือ,43,1204
2026-02-16,AG-E-052,ภาคใต้,53,1607
2026-02-17,TK-A-001,กรุงเทพฯ,107,3506
2026-02-17,TK-A-001,ภาคกลาง,94,2233
2026-02-17,TK-A-001,ภาคตะวันออก,70,2123
2026-02-17,TK-A-001,ภาคเหนือ,57,1790
2026-02-17,TK-A-001,ภาคใต้,81,2374
2026-02-17,GL-B-014,กรุงเทพฯ,538,16072
2026-02-17,GL-B-014,ภาคกลาง,460,11810
2026-02-17,GL-B-014,ภาคตะวันออก,381,10880
2026-02-17,GL-B-014,ภาคเหนือ,317,10208
2026-02-17,GL-B-014,ภาคใต้,375,10583
2026-02-17,MK-C-028,กรุงเทพฯ,388,11015
2026-02-17,MK-C-028,ภาคกลาง,368,8919
2026-02-17,MK-C-028,ภาคตะวันออก,260,7259
2026-02-17,MK-C-028,ภาคเหนือ,247,5867
2026-02-17,MK-C-028,ภาคใต้,274,6965
2026-02-17,SY-D-039,กรุงเทพฯ,291,7742
2026-02-17,SY-D-039,ภาคกลาง,238,6269
2026-02-17,SY-D-039,ภาคตะวันออก,170,5281
2026-02-17,SY-D-039,ภาคเหนือ,141,3789
2026-02-17,SY-D-039,ภาคใต้,205,4797
2026-02-17,AG-E-052,กรุงเทพฯ,83,2100
2026-02-17,AG-E-052,ภาคกลาง,65,1844
2026-02-17,AG-E-052,ภาคตะวันออก,51,1398
2026-02-17,AG-E-052,ภาคเหนือ,43,1347
2026-02-17,AG-E-052,ภาคใต้,57,1491
2026-02-18,TK-A-001,กรุงเทพฯ,107,2893
2026-02-18,TK-A-001,ภาคกลาง,98,2239
2026-02-18,TK-A-001,ภาคตะวันออก,71,2033
2026-02-18,TK-A-001,ภาคเหนือ,59,1902
2026-02-18,TK-A-001,ภาคใต้,70,2228
2026-02-18,GL-B-014,กรุงเทพฯ,620,17919
2026-02-18,GL-B-014,ภาคกลาง,444,12777
2026-02-18,GL-B-014,ภาคตะวันออก,323,8745
2026-02-18,GL-B-014,ภาคเหนือ,300,7728
2026-02-18,GL-B-014,ภาคใต้,417,10129
2026-02-18,MK-C-028,กรุงเทพฯ,384,13809
2026-02-18,MK-C-028,ภาคกลาง,372,9105
2026-02-18,MK-C-028,ภาคตะวันออก,254,7932
2026-02-18,MK-C-028,ภาคเหนือ,247,6820
2026-02-18,MK-C-028,ภาคใต้,265,8319
2026-02-18,SY-D-039,กรุงเทพฯ,298,7735
2026-02-18,SY-D-039,ภาคกลาง,240,5848
2026-02-18,SY-D-039,ภาคตะวันออก,155,5343
2026-02-18,SY-D-039,ภาคเหนือ,142,3776
2026-02-18,SY-D-039,ภาคใต้,194,5441
2026-02-18,AG-E-052,กรุงเทพฯ,88,2578
2026-02-18,AG-E-052,ภาคกลาง,72,1742
2026-02-18,AG-E-052,ภาคตะวันออก,55,1623
2026-02-18,AG-E-052,ภาคเหนือ,49,1490
2026-02-18,AG-E-052,ภาคใต้,54,1492
2026-02-19,TK-A-001,กรุงเทพฯ,104,3720
2026-02-19,TK-A-001,ภาคกลาง,93,2225
2026-02-19,TK-A-001,ภาคตะวันออก,72,2181
2026-02-19,TK-A-001,ภาคเหนือ,65,1592
2026-02-19,TK-A-001,ภาคใต้,83,1932
2026-02-19,GL-B-014,กรุงเทพฯ,623,15271
2026-02-19,GL-B-014,ภาคกลาง,486,15236
2026-02-19,GL-B-014,ภาคตะวันออก,321,8803
2026-02-19,GL-B-014,ภาคเหนือ,305,10263
2026-02-19,GL-B-014,ภาคใต้,420,12214
2026-02-19,MK-C-028,กรุงเทพฯ,428,12521
2026-02-19,MK-C-028,ภาคกลาง,372,9607
2026-02-19,MK-C-028,ภาคตะวันออก,253,6661
2026-02-19,MK-C-028,ภาคเหนือ,218,5761
2026-02-19,MK-C-028,ภาคใต้,303,8739
2026-02-19,SY-D-039,กรุงเทพฯ,293,8750
2026-02-19,SY-D-039,ภาคกลาง,230,5543
2026-02-19,SY-D-039,ภาคตะวันออก,159,4914
2026-02-19,SY-D-039,ภาคเหนือ,152,3860
2026-02-19,SY-D-039,ภาคใต้,181,5648
2026-02-19,AG-E-052,กรุงเทพฯ,89,2087
2026-02-19,AG-E-052,ภาคกลาง,75,2121
2026-02-19,AG-E-052,ภาคตะวันออก,52,1279
2026-02-19,AG-E-052,ภาคเหนือ,50,1321
2026-02-19,AG-E-052,ภาคใต้,61,1688
2026-02-20,TK-A-001,กรุงเทพฯ,117,3174
2026-02-20,TK-A-001,ภาคกลาง,96,2206
2026-02-20,TK-A-001,ภาคตะวันออก,72,1873
2026-02-20,TK-A-001,ภาคเหนือ,59,1976
2026-02-20,TK-A-001,ภาคใต้,84,1875
2026-02-20,GL-B-014,กรุงเทพฯ,583,15918
2026-02-20,GL-B-014,ภาคกลาง,503,11718
2026-02-20,GL-B-014,ภาคตะวันออก,336,9827
2026-02-20,GL-B-014,ภาคเหนือ,317,10108
2026-02-20,GL-B-014,ภาคใต้,378,9946
2026-02-20,MK-C-028,กรุงเทพฯ,401,12308
2026-02-20,MK-C-028,ภาคกลาง,369,10307
2026-02-20,MK-C-028,ภาคตะวันออก,251,7216
2026-02-20,MK-C-028,ภาคเหนือ,245,5830
2026-02-20,MK-C-028,ภาคใต้,305,7620
2026-02-20,SY-D-039,กรุงเทพฯ,307,8071
2026-02-20,SY-D-039,ภาคกลาง,239,7007
2026-02-20,SY-D-039,ภาคตะวันออก,166,4949
2026-02-20,SY-D-039,ภาคเหนือ,155,4276
2026-02-20,SY-D-039,ภาคใต้,201,5656
2026-02-20,AG-E-052,กรุงเทพฯ,83,2347
2026-02-20,AG-E-052,ภาคกลาง,65,1701
2026-02-20,AG-E-052,ภาคตะวันออก,48,1519
2026-02-20,AG-E-052,ภาคเหนือ,43,1112
2026-02-20,AG-E-052,ภาคใต้,61,1844
2026-02-21,TK-A-001,กรุงเทพฯ,121,3637
2026-02-21,TK-A-001,ภาคกลาง,94,2927
2026-02-21,TK-A-001,ภาคตะวันออก,76,2056
2026-02-21,TK-A-001,ภาคเหนือ,63,1492
2026-02-21,TK-A-001,ภาคใต้,80,2479
2026-02-21,GL-B-014,กรุงเทพฯ,621,14299
2026-02-21,GL-B-014,ภาคกลาง,500,15074
2026-02-21,GL-B-014,ภาคตะวันออก,370,11365
2026-02-21,GL-B-014,ภาคเหนือ,346,10247
2026-02-21,GL-B-014,ภาคใต้,399,10343
2026-02-21,MK-C-028,กรุงเทพฯ,466,12503
2026-02-21,MK-C-028,ภาคกลาง,352,9989
2026-02-21,MK-C-028,ภาคตะวันออก,274,7853
2026-02-21,MK-C-028,ภาคเหนือ,219,7272
2026-02-21,MK-C-028,ภาคใต้,304,7520
2026-02-21,SY-D-039,กรุงเทพฯ,290,8310
2026-02-21,SY-D-039,ภาคกลาง,247,6231
2026-02-21,SY-D-039,ภาคตะวันออก,192,4646
2026-02-21,SY-D-039,ภาคเหนือ,143,4540
2026-02-21,SY-D-039,ภาคใต้,210,4848
2026-02-21,AG-E-052,กรุงเทพฯ,84,2627
2026-02-21,AG-E-052,ภาคกลาง,75,1902
2026-02-21,AG-E-052,ภาคตะวันออก,49,1653
2026-02-21,AG-E-052,ภาคเหนือ,45,1220
2026-02-21,AG-E-052,ภาคใต้,58,1819
2026-02-22,TK-A-001,กรุงเทพฯ,108,3524
2026-02-22,TK-A-001,ภาคกลาง,92,2423
2026-02-22,TK-A-001,ภาคตะวันออก,73,2194
2026-02-22,TK-A-001,ภาคเหนือ,62,1731
2026-02-22,TK-A-001,ภาคใต้,79,2078
2026-02-22,GL-B-014,กรุงเทพฯ,594,15304
2026-02-22,GL-B-014,ภาคกลาง,473,11668
2026-02-22,GL-B-014,ภาคตะวันออก,333,9549
2026-02-22,GL-B-014,ภาคเหนือ,336,9900
2026-02-22,GL-B-014,ภาคใต้,386,10961
2026-02-22,MK-C-028,กรุงเทพฯ,448,11021
2026-02-22,MK-C-028,ภาคกลาง,384,8530
2026-02-22,MK-C-028,ภาคตะวันออก,283,6829
2026-02-22,MK-C-028,ภาคเหนือ,215,5944
2026-02-22,MK-C-028,ภาคใต้,267,8115
2026-02-22,SY-D-039,กรุงเทพฯ,296,8860
2026-02-22,SY-D-039,ภาคกลาง,243,6745
2026-02-22,SY-D-039,ภาคตะวันออก,190,4633
2026-02-22,SY-D-039,ภาคเหนือ,157,4204
2026-02-22,SY-D-039,ภาคใต้,201,5991
2026-02-22,AG-E-052,กรุงเทพฯ,94,2458
2026-02-22,AG-E-052,ภาคกลาง,76,2009
2026-02-22,AG-E-052,ภาคตะวันออก,54,1648
2026-02-22,AG-E-052,ภาคเหนือ,47,1294
2026-02-22,AG-E-052,ภาคใต้,57,1391
2026-02-23,TK-A-001,กรุงเทพฯ,106,3681
2026-02-23,TK-A-001,ภาคกลาง,97,2427
2026-02-23,TK-A-001,ภาคตะวันออก,74,2200
2026-02-23,TK-A-001,ภาคเหนือ,57,1654
2026-02-23,TK-A-001,ภาคใต้,79,1869
2026-02-23,GL-B-014,กรุงเทพฯ,580,16472
2026-02-23,GL-B-014,ภาคกลาง,535,11760
2026-02-23,GL-B-014,ภาคตะวันออก,397,11139
2026-02-23,GL-B-014,ภาคเหนือ,327,9060
2026-02-23,GL-B-014,ภาคใต้,433,12230
2026-02-23,MK-C-028,กรุงเทพฯ,464,13100
2026-02-23,MK-C-028,ภาคกลาง,377,10946
2026-02-23,MK-C-028,ภาคตะวันออก,248,7991
2026-02-23,MK-C-028,ภาคเหนือ,240,7379
2026-02-23,MK-C-028,ภาคใต้,289,7948
2026-02-23,SY-D-039,กรุงเทพฯ,288,9154
2026-02-23,SY-D-039,ภาคกลาง,239,6085
2026-02-23,SY-D-039,ภาคตะวันออก,191,4662
2026-02-23,SY-D-039,ภาคเหนือ,160,4555
2026-02-23,SY-D-039,ภาคใต้,212,5248
2026-02-23,AG-E-052,กรุงเทพฯ,92,2330
2026-02-23,AG-E-052,ภาคกลาง,75,1823
2026-02-23,AG-E-052,ภาคตะวันออก,50,1255
2026-02-23,AG-E-052,ภาคเหนือ,45,1127
2026-02-23,AG-E-052,ภาคใต้,54,1770
2026-02-24,TK-A-001,กรุงเทพฯ,108,3437
2026-02-24,TK-A-001,ภาคกลาง,86,2601
2026-02-24,TK-A-001,ภาคตะวันออก,69,1684
2026-02-24,TK-A-001,ภาคเหนือ,61,1908
2026-02-24,TK-A-001,ภาคใต้,73,1969
2026-02-24,GL-B-014,กรุงเทพฯ,635,17443
2026-02-24,GL-B-014,ภาคกลาง,499,12103
2026-02-24,GL-B-014,ภาคตะวันออก,400,10650
2026-02-24,GL-B-014,ภาคเหนือ,296,7861
2026-02-24,GL-B-014,ภาคใต้,424,9769
2026-02-24,MK-C-028,กรุงเทพฯ,405,11164
2026-02-24,MK-C-028,ภาคกลาง,332,10407
2026-02-24,MK-C-028,ภาคตะวันออก,291,7247
2026-02-24,MK-C-028,ภาคเหนือ,259,7083
2026-02-24,MK-C-028,ภาคใต้,298,7739
2026-02-24,SY-D-039,กรุงเทพฯ,284,7296
2026-02-24,SY-D-039,ภาคกลาง,239,6235
2026-02-24,SY-D-039,ภาคตะวันออก,187,5332
2026-02-24,SY-D-039,ภาคเหนือ,148,4304
2026-02-24,SY-D-039,ภาคใต้,201,5141
2026-02-24,AG-E-052,กรุงเทพฯ,86,2780
2026-02-24,AG-E-052,ภาคกลาง,73,1927
2026-02-24,AG-E-052,ภาคตะวันออก,53,1624
2026-02-24,AG-E-052,ภาคเหนือ,50,1310
2026-02-24,AG-E-052,ภาคใต้,60,1836
2026-02-25,TK-A-001,กรุงเทพฯ,130,3046
2026-02-25,TK-A-001,ภาคกลาง,90,2695
2026-02-25,TK-A-001,ภาคตะวันออก,72,1879
2026-02-25,TK-A-001,ภาคเหนือ,59,1835
2026-02-25,TK-A-001,ภาคใต้,81,2148
2026-02-25,GL-B-014,กรุงเทพฯ,595,15951
2026-02-25,GL-B-014,ภาคกลาง,476,14695
2026-02-25,GL-B-014,ภาคตะวันออก,368,11278
2026-02-25,GL-B-014,ภาคเหนือ,305,9726
2026-02-25,GL-B-014,ภาคใต้,404,12114
2026-02-25,MK-C-028,กรุงเทพฯ,457,12466
2026-02-25,MK-C-028,ภาคกลาง,366,10793
2026-02-25,MK-C-028,ภาคตะวันออก,294,6614
2026-02-25,MK-C-028,ภาคเหนือ,216,6802
2026-02-25,MK-C-028,ภาคใต้,304,7646
2026-02-25,SY-D-039,กรุงเทพฯ,312,7135
2026-02-25,SY-D-039,ภาคกลาง,229,7207
2026-02-25,SY-D-039,ภาคตะวันออก,165,4770
2026-02-25,SY-D-039,ภาคเหนือ,166,3905
2026-02-25,SY-D-039,ภาคใต้,191,6108
2026-02-25,AG-E-052,กรุงเทพฯ,95,2069
2026-02-25,AG-E-052,ภาคกลาง,75,1757
2026-02-25,AG-E-052,ภาคตะวันออก,50,1285
2026-02-25,AG-E-052,ภาคเหนือ,51,1162
2026-02-25,AG-E-052,ภาคใต้,57,1826
2026-02-26,TK-A-001,กรุงเทพฯ,109,3266
2026-02-26,TK-A-001,ภาคกลาง,88,2604
2026-02-26,TK-A-001,ภาคตะวันออก,76,2071
2026-02-26,TK-A-001,ภาคเหนือ,70,1960
2026-02-26,TK-A-001,ภาคใต้,88,2280
2026-02-26,GL-B-014,กรุงเทพฯ,602,17660
2026-02-26,GL-B-014,ภาคกลาง,525,13612
2026-02-26,GL-B-014,ภาคตะวันออก,383,10765
2026-02-26,GL-B-014,ภาคเหนือ,339,8887
2026-02-26,GL-B-014,ภาคใต้,439,11522
2026-02-26,MK-C-028,กรุงเทพฯ,455,11797
2026-02-26,MK-C-028,ภาคกลาง,383,8914
2026-02-26,MK-C-028,ภาคตะวันออก,263,7323
2026-02-26,MK-C-028,ภาคเหนือ,247,6443
2026-02-26,MK-C-028,ภาคใต้,296,8629
2026-02-26,SY-D-039,กรุงเทพฯ,292,7076
2026-02-26,SY-D-039,ภาคกลาง,227,6110
2026-02-26,SY-D-039,ภาคตะวันออก,195,5148
2026-02-26,SY-D-039,ภาคเหนือ,170,4504
2026-02-26,SY-D-039,ภาคใต้,189,5856
2026-02-26,AG-E-052,กรุงเทพฯ,90,2502
2026-02-26,AG-E-052,ภาคกลาง,78,1908
2026-02-26,AG-E-052,ภาคตะวันออก,56,1258
2026-02-26,AG-E-052,ภาคเหนือ,51,1188
2026-02-26,AG-E-052,ภาคใต้,61,1681
2026-02-27,TK-A-001,กรุงเทพฯ,110,3545
2026-02-27,TK-A-001,ภาคกลาง,95,2670
2026-02-27,TK-A-001,ภาคตะวันออก,69,2162
2026-02-27,TK-A-001,ภาคเหนือ,65,1739
2026-02-27,TK-A-001,ภาคใต้,89,2203
2026-02-27,GL-B-014,กรุงเทพฯ,677,19125
2026-02-27,GL-B-014,ภาคกลาง,491,13535
2026-02-27,GL-B-014,ภาคตะวันออก,348,10779
2026-02-27,GL-B-014,ภาคเหนือ,318,8502
2026-02-27,GL-B-014,ภาคใต้,395,9556
2026-02-27,MK-C-028,กรุงเทพฯ,490,12601
2026-02-27,MK-C-028,ภาคกลาง,353,9969
2026-02-27,MK-C-028,ภาคตะวันออก,284,7316
2026-02-27,MK-C-028,ภาคเหนือ,229,5650
2026-02-27,MK-C-028,ภาคใต้,307,6976
2026-02-27,SY-D-039,กรุงเทพฯ,279,8657
2026-02-27,SY-D-039,ภาคกลาง,263,6630
2026-02-27,SY-D-039,ภาคตะวันออก,188,4554
2026-02-27,SY-D-039,ภาคเหนือ,150,4427
2026-02-27,SY-D-039,ภาคใต้,223,6017
2026-02-27,AG-E-052,กรุงเทพฯ,89,2149
2026-02-27,AG-E-052,ภาคกลาง,77,1691
2026-02-27,AG-E-052,ภาคตะวันออก,54,1657
2026-02-27,AG-E-052,ภาคเหนือ,44,1279
2026-02-27,AG-E-052,ภาคใต้,60,1522
2026-02-28,TK-A-001,กรุงเทพฯ,129,3238
2026-02-28,TK-A-001,ภาคกลาง,98,2433
2026-02-28,TK-A-001,ภาคตะวันออก,80,1850
2026-02-28,TK-A-001,ภาคเหนือ,72,1975
2026-02-28,TK-A-001,ภาคใต้,74,2432
2026-02-28,GL-B-014,กรุงเทพฯ,655,15700
2026-02-28,GL-B-014,ภาคกลาง,473,14120
2026-02-28,GL-B-014,ภาคตะวันออก,354,9499
2026-02-28,GL-B-014,ภาคเหนือ,341,8931
2026-02-28,GL-B-014,ภาคใต้,387,12380
2026-02-28,MK-C-028,กรุงเทพฯ,436,13234
2026-02-28,MK-C-028,ภาคกลาง,380,8316
2026-02-28,MK-C-028,ภาคตะวันออก,264,8162
2026-02-28,MK-C-028,ภาคเหนือ,240,6266
2026-02-28,MK-C-028,ภาคใต้,300,7109
2026-02-28,SY-D-039,กรุงเทพฯ,279,7028
2026-02-28,SY-D-039,ภาคกลาง,243,7422
2026-02-28,SY-D-039,ภาคตะวันออก,171,4873
2026-02-28,SY-D-039,ภาคเหนือ,152,3758
2026-02-28,SY-D-039,ภาคใต้,212,4665
2026-02-28,AG-E-052,กรุงเทพฯ,95,2521
2026-02-28,AG-E-052,ภาคกลาง,79,1935
2026-02-28,AG-E-052,ภาคตะวันออก,60,1406
2026-02-28,AG-E-052,ภาคเหนือ,50,1141
2026-02-28,AG-E-052,ภาคใต้,62,1632
2026-03-01,TK-A-001,กรุงเทพฯ,113,2879
2026-03-01,TK-A-001,ภาคกลาง,93,2971
2026-03-01,TK-A-001,ภาคตะวันออก,71,1835
2026-03-01,TK-A-001,ภาคเหนือ,68,1543
2026-03-01,TK-A-001,ภาคใต้,79,2018
2026-03-01,GL-B-014,กรุงเทพฯ,647,15770
2026-03-01,GL-B-014,ภาคกลาง,541,14422
2026-03-01,GL-B-014,ภาคตะวันออก,402,10512
2026-03-01,GL-B-014,ภาคเหนือ,323,9910
2026-03-01,GL-B-014,ภาคใต้,433,11143
2026-03-01,MK-C-028,กรุงเทพฯ,453,10607
2026-03-01,MK-C-028,ภาคกลาง,358,11146
2026-03-01,MK-C-028,ภาคตะวันออก,291,7295
2026-03-01,MK-C-028,ภาคเหนือ,258,6962
2026-03-01,MK-C-028,ภาคใต้,307,8406
2026-03-01,SY-D-039,กรุงเทพฯ,303,9126
2026-03-01,SY-D-039,ภาคกลาง,252,6815
2026-03-01,SY-D-039,ภาคตะวันออก,184,5127
2026-03-01,SY-D-039,ภาคเหนือ,164,3894
2026-03-01,SY-D-039,ภาคใต้,217,4978
2026-03-01,AG-E-052,กรุงเทพฯ,100,2403
2026-03-01,AG-E-052,ภาคกลาง,68,2105
2026-03-01,AG-E-052,ภาคตะวันออก,57,1310
2026-03-01,AG-E-052,ภาคเหนือ,48,1472
2026-03-01,AG-E-052,ภาคใต้,65,1796
2026-03-02,TK-A-001,กรุงเทพฯ,120,3593
2026-03-02,TK-A-001,ภาคกลาง,98,2640
2026-03-02,TK-A-001,ภาคตะวันออก,70,1993
2026-03-02,TK-A-001,ภาคเหนือ,72,1792
2026-03-02,TK-A-001,ภาคใต้,87,2296
2026-03-02,GL-B-014,กรุงเทพฯ,701,15413
2026-03-02,GL-B-014,ภาคกลาง,499,13454
2026-03-02,GL-B-014,ภาคตะวันออก,387,10598
2026-03-02,GL-B-014,ภาคเหนือ,320,9283
2026-03-02,GL-B-014,ภาคใต้,400,12535
2026-03-02,MK-C-028,กรุงเทพฯ,462,11743
2026-03-02,MK-C-028,ภาคกลาง,346,8722
2026-03-02,MK-C-028,ภาคตะวันออก,282,6607
2026-03-02,MK-C-028,ภาคเหนือ,259,6851
2026-03-02,MK-C-028,ภาคใต้,301,8303
2026-03-02,SY-D-039,กรุงเทพฯ,342,9021
2026-03-02,SY-D-039,ภาคกลาง,274,7314
2026-03-02,SY-D-039,ภาคตะวันออก,196,4333
2026-03-02,SY-D-039,ภาคเหนือ,156,4642
2026-03-02,SY-D-039,ภาคใต้,227,5425
2026-03-02,AG-E-052,กรุงเทพฯ,91,2224
2026-03-02,AG-E-052,ภาคกลาง,76,2186
2026-03-02,AG-E-052,ภาคตะวันออก,60,1412
2026-03-02,AG-E-052,ภาคเหนือ,47,1196
2026-03-02,AG-E-052,ภาคใต้,68,1426
2026-03-03,TK-A-001,กรุงเทพฯ,137,3713
2026-03-03,TK-A-001,ภาคกลาง,97,2639
2026-03-03,TK-A-001,ภาคตะวันออก,79,2225
2026-03-03,TK-A-001,ภาคเหนือ,68,1598
2026-03-03,TK-A-001,ภาคใต้,82,2092
2026-03-03,GL-B-014,กรุงเทพฯ,595,16842
2026-03-03,GL-B-014,ภาคกลาง,558,12154
2026-03-03,GL-B-014,ภาคตะวันออก,420,11436
2026-03-03,GL-B-014,ภาคเหนือ,320,9149
2026-03-03,GL-B-014,ภาคใต้,400,11430
2026-03-03,MK-C-028,กรุงเทพฯ,460,11203
2026-03-03,MK-C-028,ภาคกลาง,351,8936
2026-03-03,MK-C-028,ภาคตะวันออก,256,6823
2026-03-03,MK-C-028,ภาคเหนือ,257,7292
2026-03-03,MK-C-028,ภาคใต้,309,7662
2026-03-03,SY-D-039,กรุงเทพฯ,300,8985
2026-03-03,SY-D-039,ภาคกลาง,233,7446
2026-03-03,SY-D-039,ภาคตะวันออก,200,4844
2026-03-03,SY-D-039,ภาคเหนือ,165,4888
2026-03-03,SY-D-039,ภาคใต้,190,5689
2026-03-03,AG-E-052,กรุงเทพฯ,89,2773
2026-03-03,AG-E-052,ภาคกลาง,72,1654
2026-03-03,AG-E-052,ภาคตะวันออก,58,1662
2026-03-03,AG-E-052,ภาคเหนือ,54,1393
2026-03-03,AG-E-052,ภาคใต้,69,1771
2026-03-04,TK-A-001,กรุงเทพฯ,129,3677
2026-03-04,TK-A-001,ภาคกลาง,104,2395
2026-03-04,TK-A-001,ภาคตะวันออก,77,2079
2026-03-04,TK-A-001,ภาคเหนือ,64,1788
2026-03-04,TK-A-001,ภาคใต้,90,2292
2026-03-04,GL-B-014,กรุงเทพฯ,655,18117
2026-03-04,GL-B-014,ภาคกลาง,561,12272
2026-03-04,GL-B-014,ภาคตะวันออก,414,10579
2026-03-04,GL-B-014,ภาคเหนือ,327,9396
2026-03-04,GL-B-014,ภาคใต้,473,10906
2026-03-04,MK-C-028,กรุงเทพฯ,493,11111
2026-03-04,MK-C-028,ภาคกลาง,415,10449
2026-03-04,MK-C-028,ภาคตะวันออก,259,7361
2026-03-04,MK-C-028,ภาคเหนือ,230,6007
2026-03-04,MK-C-028,ภาคใต้,303,8336
2026-03-04,SY-D-039,กรุงเทพฯ,312,9029
2026-03-04,SY-D-039,ภาคกลาง,229,6456
2026-03-04,SY-D-039,ภาคตะวันออก,176,4681
2026-03-04,SY-D-039,ภาคเหนือ,161,4592
2026-03-04,SY-D-039,ภาคใต้,205,5901
2026-03-04,AG-E-052,กรุงเทพฯ,86,2532
2026-03-04,AG-E-052,ภาคกลาง,70,1861
2026-03-04,AG-E-052,ภาคตะวันออก,54,1668
2026-03-04,AG-E-052,ภาคเหนือ,51,1454
2026-03-04,AG-E-052,ภาคใต้,64,1563
2026-03-05,TK-A-001,กรุงเทพฯ,137,2973
2026-03-05,TK-A-001,ภาคกลาง,101,2677
2026-03-05,TK-A-001,ภาคตะวันออก,78,2067
2026-03-05,TK-A-001,ภาคเหนือ,70,1926
2026-03-05,TK-A-001,ภาคใต้,81,1843
2026-03-05,GL-B-014,กรุงเทพฯ,616,15837
2026-03-05,GL-B-014,ภาคกลาง,507,15378
2026-03-05,GL-B-014,ภาคตะวันออก,412,10327
2026-03-05,GL-B-014,ภาคเหนือ,335,9898
2026-03-05,GL-B-014,ภาคใต้,478,10087
2026-03-05,MK-C-028,กรุงเทพฯ,494,11828
2026-03-05,MK-C-028,ภาคกลาง,413,10824
2026-03-05,MK-C-028,ภาคตะวันออก,285,7752
2026-03-05,MK-C-028,ภาคเหนือ,249,6421
2026-03-05,MK-C-028,ภาคใต้,350,8598
2026-03-05,SY-D-039,กรุงเทพฯ,346,8457
2026-03-05,SY-D-039,ภาคกลาง,273,6515
2026-03-05,SY-D-039,ภาคตะวันออก,184,5048
2026-03-05,SY-D-039,ภาคเหนือ,162,4281
2026-03-05,SY-D-039,ภาคใต้,230,4725
2026-03-05,AG-E-052,กรุงเทพฯ,105,2114
2026-03-05,AG-E-052,ภาคกลาง,70,1801
2026-03-05,AG-E-052,ภาคตะวันออก,53,1452
2026-03-05,AG-E-052,ภาคเหนือ,53,1270
2026-03-05,AG-E-052,ภาคใต้,62,1534
2026-03-06,TK-A-001,กรุงเทพฯ,125,2914
2026-03-06,TK-A-001,ภาคกลาง,106,2677
2026-03-06,TK-A-001,ภาคตะวันออก,78,2141
2026-03-06,TK-A-001,ภาคเหนือ,64,1659
2026-03-06,TK-A-001,ภาคใต้,93,2179
2026-03-06,GL-B-014,กรุงเทพฯ,615,15382
2026-03-06,GL-B-014,ภาคกลาง,578,12432
2026-03-06,GL-B-014,ภาคตะวันออก,391,11161
2026-03-06,GL-B-014,ภาคเหนือ,342,7744
2026-03-06,GL-B-014,ภาคใต้,432,10434
2026-03-06,MK-C-028,กรุงเทพฯ,506,11933
2026-03-06,MK-C-028,ภาคกลาง,367,8698
2026-03-06,MK-C-028,ภาคตะวันออก,271,6739
2026-03-06,MK-C-028,ภาคเหนือ,238,7136
2026-03-06,MK-C-028,ภาคใต้,353,9150
2026-03-06,SY-D-039,กรุงเทพฯ,328,8770
2026-03-06,SY-D-039,ภาคกลาง,250,6880
2026-03-06,SY-D-039,ภาคตะวันออก,177,4468
2026-03-06,SY-D-039,ภาคเหนือ,172,3935
2026-03-06,SY-D-039,ภาคใต้,204,5806
2026-03-06,AG-E-052,กรุงเทพฯ,88,2443
2026-03-06,AG-E-052,ภาคกลาง,82,2108
2026-03-06,AG-E-052,ภาคตะวันออก,55,1585
2026-03-06,AG-E-052,ภาคเหนือ,47,1195
2026-03-06,AG-E-052,ภาคใต้,66,1715
2026-03-07,TK-A-001,กรุงเทพฯ,129,2801
2026-03-07,TK-A-001,ภาคกลาง,105,2606
2026-03-07,TK-A-001,ภาคตะวันออก,80,2165
2026-03-07,TK-A-001,ภาคเหนือ,65,1815
2026-03-07,TK-A-001,ภาคใต้,82,2269
2026-03-07,GL-B-014,กรุงเทพฯ,638,18193
2026-03-07,GL-B-014,ภาคกลาง,517,13876
2026-03-07,GL-B-014,ภาคตะวันออก,433,11131
2026-03-07,GL-B-014,ภาคเหนือ,385,9580
2026-03-07,GL-B-014,ภาคใต้,445,12570
2026-03-07,MK-C-028,กรุงเทพฯ,467,10957
2026-03-07,MK-C-028,ภาคกลาง,396,9162
2026-03-07,MK-C-028,ภาคตะวันออก,300,7947
2026-03-07,MK-C-028,ภาคเหนือ,245,6596
2026-03-07,MK-C-028,ภาคใต้,307,9261
2026-03-07,SY-D-039,กรุงเทพฯ,324,7746
2026-03-07,SY-D-039,ภาคกลาง,251,6099
2026-03-07,SY-D-039,ภาคตะวันออก,177,4349
2026-03-07,SY-D-039,ภาคเหนือ,162,4662
2026-03-07,SY-D-039,ภาคใต้,211,5230
2026-03-07,AG-E-052,กรุงเทพฯ,91,2605
2026-03-07,AG-E-052,ภาคกลาง,72,1924
2026-03-07,AG-E-052,ภาคตะวันออก,60,1525
2026-03-07,AG-E-052,ภาคเหนือ,57,1374
2026-03-07,AG-E-052,ภาคใต้,61,1501
2026-03-08,TK-A-001,กรุงเทพฯ,133,2956
2026-03-08,TK-A-001,ภาคกลาง,100,2855
2026-03-08,TK-A-001,ภาคตะวันออก,83,1821
2026-03-08,TK-A-001,ภาคเหนือ,74,1919
2026-03-08,TK-A-001,ภาคใต้,81,2268
2026-03-08,GL-B-014,กรุงเทพฯ,658,18350
2026-03-08,GL-B-014,ภาคกลาง,505,14864
2026-03-08,GL-B-014,ภาคตะวันออก,442,9225
2026-03-08,GL-B-014,ภาคเหนือ,338,8745
2026-03-08,GL-B-014,ภาคใต้,434,10166
2026-03-08,MK-C-028,กรุงเทพฯ,506,13336
2026-03-08,MK-C-028,ภาคกลาง,365,11040
2026-03-08,MK-C-028,ภาคตะวันออก,322,6603
2026-03-08,MK-C-028,ภาคเหนือ,276,5619
2026-03-08,MK-C-028,ภาคใต้,339,7651
2026-03-08,SY-D-039,กรุงเทพฯ,312,8140
2026-03-08,SY-D-039,ภาคกลาง,246,6567
2026-03-08,SY-D-039,ภาคตะวันออก,201,5360
2026-03-08,SY-D-039,ภาคเหนือ,178,4146
2026-03-08,SY-D-039,ภาคใต้,207,5734
2026-03-08,AG-E-052,กรุงเทพฯ,90,2771
2026-03-08,AG-E-052,ภาคกลาง,83,2177
2026-03-08,AG-E-052,ภาคตะวันออก,54,1273
2026-03-08,AG-E-052,ภาคเหนือ,52,1351
2026-03-08,AG-E-052,ภาคใต้,64,1731
2026-03-09,TK-A-001,กรุงเทพฯ,143,3228
2026-03-09,TK-A-001,ภาคกลาง,105,2881
2026-03-09,TK-A-001,ภาคตะวันออก,76,1857
2026-03-09,TK-A-001,ภาคเหนือ,64,1958
2026-03-09,TK-A-001,ภาคใต้,92,2101
2026-03-09,GL-B-014,กรุงเทพฯ,639,18281
2026-03-09,GL-B-014,ภาคกลาง,569,15061
2026-03-09,GL-B-014,ภาคตะวันออก,381,10578
2026-03-09,GL-B-014,ภาคเหนือ,342,8049
2026-03-09,GL-B-014,ภาคใต้,459,12690
2026-03-09,MK-C-028,กรุงเทพฯ,507,10975
2026-03-09,MK-C-028,ภาคกลาง,428,8527
2026-03-09,MK-C-028,ภาคตะวันออก,319,7802
2026-03-09,MK-C-028,ภาคเหนือ,269,7156
2026-03-09,MK-C-028,ภาคใต้,322,6892
2026-03-09,SY-D-039,กรุงเทพฯ,310,8508
2026-03-09,SY-D-039,ภาคกลาง,260,7059
2026-03-09,SY-D-039,ภาคตะวันออก,213,5531
2026-03-09,SY-D-039,ภาคเหนือ,171,3821
2026-03-09,SY-D-039,ภาคใต้,216,5396
2026-03-09,AG-E-052,กรุงเทพฯ,100,2556
2026-03-09,AG-E-052,ภาคกลาง,83,1824
2026-03-09,AG-E-052,ภาคตะวันออก,56,1451
2026-03-09,AG-E-052,ภาคเหนือ,53,1342
2026-03-09,AG-E-052,ภาคใต้,65,1717
2026-03-10,TK-A-001,กรุงเทพฯ,138,3725
2026-03-10,TK-A-001,ภาคกลาง,102,2425
2026-03-10,TK-A-001,ภาคตะวันออก,78,1900
2026-03-10,TK-A-001,ภาคเหนือ,76,1591
2026-03-10,TK-A-001,ภาคใต้,86,1872
2026-03-10,GL-B-014,กรุงเทพฯ,641,16309
2026-03-10,GL-B-014,ภาคกลาง,574,11970
2026-03-10,GL-B-014,ภาคตะวันออก,421,9157
2026-03-10,GL-B-014,ภาคเหนือ,366,7686
2026-03-10,GL-B-014,ภาคใต้,482,11392
2026-03-10,MK-C-028,กรุงเทพฯ,545,11675
2026-03-10,MK-C-028,ภาคกลาง,381,8868
2026-03-10,MK-C-028,ภาคตะวันออก,308,8197
2026-03-10,MK-C-028,ภาคเหนือ,283,7241
2026-03-10,MK-C-028,ภาคใต้,341,8445
2026-03-10,SY-D-039,กรุงเทพฯ,364,7361
2026-03-10,SY-D-039,ภาคกลาง,274,7341
2026-03-10,SY-D-039,ภาคตะวันออก,192,4381
2026-03-10,SY-D-039,ภาคเหนือ,161,3836
2026-03-10,SY-D-039,ภาคใต้,239,5738
2026-03-10,AG-E-052,กรุงเทพฯ,107,2498
2026-03-10,AG-E-052,ภาคกลาง,82,2012
2026-03-10,AG-E-052,ภาคตะวันออก,57,1380
2026-03-10,AG-E-052,ภาคเหนือ,56,1363
2026-03-10,AG-E-052,ภาคใต้,66,1649
2026-03-11,TK-A-001,กรุงเทพฯ,139,2927
2026-03-11,TK-A-001,ภาคกลาง,105,2864
2026-03-11,TK-A-001,ภาคตะวันออก,86,2095
2026-03-11,TK-A-001,ภาคเหนือ,69,1892
2026-03-11,TK-A-001,ภาคใต้,91,2128
2026-03-11,GL-B-014,กรุงเทพฯ,665,15711
2026-03-11,GL-B-014,ภาคกลาง,519,12652
2026-03-11,GL-B-014,ภาคตะวันออก,434,10815
2026-03-11,GL-B-014,ภาคเหนือ,366,7916
2026-03-11,GL-B-014,ภาคใต้,439,9881
2026-03-11,MK-C-028,กรุงเทพฯ,477,13401
2026-03-11,MK-C-028,ภาคกลาง,435,9339
2026-03-11,MK-C-028,ภาคตะวันออก,322,8362
2026-03-11,MK-C-028,ภาคเหนือ,264,6719
2026-03-11,MK-C-028,ภาคใต้,338,7009
2026-03-11,SY-D-039,กรุงเทพฯ,346,8104
2026-03-11,SY-D-039,ภาคกลาง,293,6569
2026-03-11,SY-D-039,ภาคตะวันออก,193,5579
2026-03-11,SY-D-039,ภาคเหนือ,164,4276
2026-03-11,SY-D-039,ภาคใต้,213,4859
2026-03-11,AG-E-052,กรุงเทพฯ,107,2149
2026-03-11,AG-E-052,ภาคกลาง,82,1877
2026-03-11,AG-E-052,ภาคตะวันออก,63,1505
2026-03-11,AG-E-052,ภาคเหนือ,55,1459
2026-03-11,AG-E-052,ภาคใต้,62,1650
2026-03-12,TK-A-001,กรุงเทพฯ,129,2838
2026-03-12,TK-A-001,ภาคกลาง,119,2765
2026-03-12,TK-A-001,ภาคตะวันออก,76,1832
2026-03-12,TK-A-001,ภาคเหนือ,78,1759
2026-03-12,TK-A-001,ภาคใต้,86,2315
2026-03-12,GL-B-014,กรุงเทพฯ,657,14654
2026-03-12,GL-B-014,ภาคกลาง,541,12813
2026-03-12,GL-B-014,ภาคตะวันออก,393,9795
2026-03-12,GL-B-014,ภาคเหนือ,338,9249
2026-03-12,GL-B-014,ภาคใต้,509,12352
2026-03-12,MK-C-028,กรุงเทพฯ,556,10858
2026-03-12,MK-C-028,ภาคกลาง,380,9646
2026-03-12,MK-C-028,ภาคตะวันออก,326,8353
2026-03-12,MK-C-028,ภาคเหนือ,284,6501
2026-03-12,MK-C-028,ภาคใต้,365,7941
2026-03-12,SY-D-039,กรุงเทพฯ,341,7021
2026-03-12,SY-D-039,ภาคกลาง,248,6453
2026-03-12,SY-D-039,ภาคตะวันออก,193,5328
2026-03-12,SY-D-039,ภาคเหนือ,184,4121
2026-03-12,SY-D-039,ภาคใต้,217,6190
2026-03-12,AG-E-052,กรุงเทพฯ,112,2524
2026-03-12,AG-E-052,ภาคกลาง,79,1890
2026-03-12,AG-E-052,ภาคตะวันออก,60,1295
2026-03-12,AG-E-052,ภาคเหนือ,55,1366
2026-03-12,AG-E-052,ภาคใต้,71,1530
2026-03-13,TK-A-001,กรุงเทพฯ,128,3578
2026-03-13,TK-A-001,ภาคกลาง,101,2944
2026-03-13,TK-A-001,ภาคตะวันออก,79,2099
2026-03-13,TK-A-001,ภาคเหนือ,78,1696
2026-03-13,TK-A-001,ภาคใต้,98,2065
2026-03-13,GL-B-014,กรุงเทพฯ,688,18307
2026-03-13,GL-B-014,ภาคกลาง,570,12630
2026-03-13,GL-B-014,ภาคตะวันออก,432,10150
2026-03-13,GL-B-014,ภาคเหนือ,340,7597
2026-03-13,GL-B-014,ภาคใต้,427,10970
2026-03-13,MK-C-028,กรุงเทพฯ,521,12433
2026-03-13,MK-C-028,ภาคกลาง,397,9760
2026-03-13,MK-C-028,ภาคตะวันออก,281,7387
2026-03-13,MK-C-028,ภาคเหนือ,275,6163
2026-03-13,MK-C-028,ภาคใต้,320,7753
2026-03-13,SY-D-039,กรุงเทพฯ,347,7936
2026-03-13,SY-D-039,ภาคกลาง,278,6970
2026-03-13,SY-D-039,ภาคตะวันออก,203,5297
2026-03-13,SY-D-039,ภาคเหนือ,175,4786
2026-03-13,SY-D-039,ภาคใต้,233,5152
2026-03-13,AG-E-052,กรุงเทพฯ,96,2325
2026-03-13,AG-E-052,ภาคกลาง,84,1700
2026-03-13,AG-E-052,ภาคตะวันออก,64,1315
2026-03-13,AG-E-052,ภาคเหนือ,55,1186
2026-03-13,AG-E-052,ภาคใต้,65,1631
2026-03-14,TK-A-001,กรุงเทพฯ,138,3305
2026-03-14,TK-A-001,ภาคกลาง,112,2417
2026-03-14,TK-A-001,ภาคตะวันออก,78,2167
2026-03-14,TK-A-001,ภาคเหนือ,79,1940
2026-03-14,TK-A-001,ภาคใต้,94,1851
2026-03-14,GL-B-014,กรุงเทพฯ,727,17336
2026-03-14,GL-B-014,ภาคกลาง,548,11736
2026-03-14,GL-B-014,ภาคตะวันออก,456,9347
2026-03-14,GL-B-014,ภาคเหนือ,396,10043
2026-03-14,GL-B-014,ภาคใต้,445,10403
2026-03-14,MK-C-028,กรุงเทพฯ,522,12455
2026-03-14,MK-C-028,ภาคกลาง,383,10097
2026-03-14,MK-C-028,ภาคตะวันออก,332,7926
2026-03-14,MK-C-028,ภาคเหนือ,266,6731
2026-03-14,MK-C-028,ภาคใต้,332,7578
2026-03-14,SY-D-039,กรุงเทพฯ,311,6952
2026-03-14,SY-D-039,ภาคกลาง,254,6880
2026-03-14,SY-D-039,ภาคตะวันออก,199,5098
2026-03-14,SY-D-039,ภาคเหนือ,201,4307
2026-03-14,SY-D-039,ภาคใต้,244,5901
2026-03-14,AG-E-052,กรุงเทพฯ,102,2603
2026-03-14,AG-E-052,ภาคกลาง,78,2102
2026-03-14,AG-E-052,ภาคตะวันออก,64,1311
2026-03-14,AG-E-052,ภาคเหนือ,56,1292
2026-03-14,AG-E-052,ภาคใต้,73,1642
2026-03-15,TK-A-001,กรุงเทพฯ,136,2912
2026-03-15,TK-A-001,ภาคกลาง,108,2425
2026-03-15,TK-A-001,ภาคตะวันออก,87,1754
2026-03-15,TK-A-001,ภาคเหนือ,77,1986
2026-03-15,TK-A-001,ภาคใต้,90,2360
2026-03-15,GL-B-014,กรุงเทพฯ,704,15494
2026-03-15,GL-B-014,ภาคกลาง,527,13602
2026-03-15,GL-B-014,ภาคตะวันออก,473,11129
2026-03-15,GL-B-014,ภาคเหนือ,419,10184
2026-03-15,GL-B-014,ภาคใต้,448,10676
2026-03-15,MK-C-028,กรุงเทพฯ,499,11932
2026-03-15,MK-C-028,ภาคกลาง,390,9865
2026-03-15,MK-C-028,ภาคตะวันออก,292,6774
2026-03-15,MK-C-028,ภาคเหนือ,256,6112
2026-03-15,MK-C-028,ภาคใต้,349,9056
2026-03-15,SY-D-039,กรุงเทพฯ,355,9189
2026-03-15,SY-D-039,ภาคกลาง,276,6133
2026-03-15,SY-D-039,ภาคตะวันออก,189,5376
2026-03-15,SY-D-039,ภาคเหนือ,181,4814
2026-03-15,SY-D-039,ภาคใต้,226,5043
2026-03-15,AG-E-052,กรุงเทพฯ,103,2780
2026-03-15,AG-E-052,ภาคกลาง,90,1886
2026-03-15,AG-E-052,ภาคตะวันออก,61,1468
2026-03-15,AG-E-052,ภาคเหนือ,54,1120
2026-03-15,AG-E-052,ภาคใต้,76,1406
2026-03-16,TK-A-001,กรุงเทพฯ,148,3496
2026-03-16,TK-A-001,ภาคกลาง,105,2895
2026-03-16,TK-A-001,ภาคตะวันออก,87,1678
2026-03-16,TK-A-001,ภาคเหนือ,70,1824
2026-03-16,TK-A-001,ภาคใต้,85,2446
2026-03-16,GL-B-014,กรุงเทพฯ,675,16013
2026-03-16,GL-B-014,ภาคกลาง,548,12988
2026-03-16,GL-B-014,ภาคตะวันออก,407,9103
2026-03-16,GL-B-014,ภาคเหนือ,424,10155
2026-03-16,GL-B-014,ภาคใต้,528,11276
2026-03-16,MK-C-028,กรุงเทพฯ,563,12982
2026-03-16,MK-C-028,ภาคกลาง,383,9873
2026-03-16,MK-C-028,ภาคตะวันออก,340,7895
2026-03-16,MK-C-028,ภาคเหนือ,285,6986
2026-03-16,MK-C-028,ภาคใต้,357,7624
2026-03-16,SY-D-039,กรุงเทพฯ,385,7954
2026-03-16,SY-D-039,ภาคกลาง,258,6024
2026-03-16,SY-D-039,ภาคตะวันออก,226,4326
2026-03-16,SY-D-039,ภาคเหนือ,181,4084
2026-03-16,SY-D-039,ภาคใต้,243,5828
2026-03-16,AG-E-052,กรุงเทพฯ,107,2237
2026-03-16,AG-E-052,ภาคกลาง,76,1732
2026-03-16,AG-E-052,ภาคตะวันออก,66,1323
2026-03-16,AG-E-052,ภาคเหนือ,56,1428
2026-03-16,AG-E-052,ภาคใต้,76,1635
2026-03-17,TK-A-001,กรุงเทพฯ,150,3538
2026-03-17,TK-A-001,ภาคกลาง,114,2943
2026-03-17,TK-A-001,ภาคตะวันออก,80,1696
2026-03-17,TK-A-001,ภาคเหนือ,70,1569
2026-03-17,TK-A-001,ภาคใต้,95,2140
2026-03-17,GL-B-014,กรุงเทพฯ,662,17623
2026-03-17,GL-B-014,ภาคกลาง,618,12423
2026-03-17,GL-B-014,ภาคตะวันออก,456,10581
2026-03-17,GL-B-014,ภาคเหนือ,363,7702
2026-03-17,GL-B-014,ภาคใต้,449,12796
2026-03-17,MK-C-028,กรุงเทพฯ,583,11685
2026-03-17,MK-C-028,ภาคกลาง,450,8666
2026-03-17,MK-C-028,ภาคตะวันออก,326,8147
2026-03-17,MK-C-028,ภาคเหนือ,272,6729
2026-03-17,MK-C-028,ภาคใต้,362,9294
2026-03-17,SY-D-039,กรุงเทพฯ,373,8762
2026-03-17,SY-D-039,ภาคกลาง,293,6014
2026-03-17,SY-D-039,ภาคตะวันออก,208,4236
2026-03-17,SY-D-039,ภาคเหนือ,196,3982
2026-03-17,SY-D-039,ภาคใต้,229,4963
2026-03-17,AG-E-052,กรุงเทพฯ,116,2248
2026-03-17,AG-E-052,ภาคกลาง,79,1786
2026-03-17,AG-E-052,ภาคตะวันออก,62,1372
2026-03-17,AG-E-052,ภาคเหนือ,57,1134
2026-03-17,AG-E-052,ภาคใต้,67,1559
2026-03-18,TK-A-001,กรุงเทพฯ,145,2936
2026-03-18,TK-A-001,ภาคกลาง,124,2607
2026-03-18,TK-A-001,ภาคตะวันออก,85,1864
2026-03-18,TK-A-001,ภาคเหนือ,74,1813
2026-03-18,TK-A-001,ภาคใต้,90,1858
2026-03-18,GL-B-014,กรุงเทพฯ,797,14257
2026-03-18,GL-B-014,ภาคกลาง,646,11976
2026-03-18,GL-B-014,ภาคตะวันออก,470,9593
2026-03-18,GL-B-014,ภาคเหนือ,359,9540
2026-03-18,GL-B-014,ภาคใต้,446,12420
2026-03-18,MK-C-028,กรุงเทพฯ,483,11163
2026-03-18,MK-C-028,ภาคกลาง,426,8529
2026-03-18,MK-C-028,ภาคตะวันออก,323,6288
2026-03-18,MK-C-028,ภาคเหนือ,262,5519
2026-03-18,MK-C-028,ภาคใต้,383,8900
2026-03-18,SY-D-039,กรุงเทพฯ,388,8774
2026-03-18,SY-D-039,ภาคกลาง,305,6596
2026-03-18,SY-D-039,ภาคตะวันออก,195,4652
2026-03-18,SY-D-039,ภาคเหนือ,182,4169
2026-03-18,SY-D-039,ภาคใต้,245,6030
2026-03-18,AG-E-052,กรุงเทพฯ,114,2610
2026-03-18,AG-E-052,ภาคกลาง,93,2165
2026-03-18,AG-E-052,ภาคตะวันออก,60,1408
2026-03-18,AG-E-052,ภาคเหนือ,62,1266
2026-03-18,AG-E-052,ภาคใต้,74,1414
2026-03-19,TK-A-001,กรุงเทพฯ,141,3685
2026-03-19,TK-A-001,ภาคกลาง,114,2437
2026-03-19,TK-A-001,ภาคตะวันออก,90,1871
2026-03-19,TK-A-001,ภาคเหนือ,81,1579
2026-03-19,TK-A-001,ภาคใต้,91,2116
2026-03-19,GL-B-014,กรุงเทพฯ,712,16886
2026-03-19,GL-B-014,ภาคกลาง,575,14572
2026-03-19,GL-B-014,ภาคตะวันออก,460,9347
2026-03-19,GL-B-014,ภาคเหนือ,415,8067
2026-03-19,GL-B-014,ภาคใต้,517,10971
2026-03-19,MK-C-028,กรุงเทพฯ,572,11751
2026-03-19,MK-C-028,ภาคกลาง,430,8616
2026-03-19,MK-C-028,ภาคตะวันออก,324,6751
2026-03-19,MK-C-028,ภาคเหนือ,281,6451
2026-03-19,MK-C-028,ภาคใต้,330,8609
2026-03-19,SY-D-039,กรุงเทพฯ,330,8792
2026-03-19,SY-D-039,ภาคกลาง,300,6665
2026-03-19,SY-D-039,ภาคตะวันออก,228,4598
2026-03-19,SY-D-039,ภาคเหนือ,180,4797
2026-03-19,SY-D-039,ภาคใต้,244,5968
2026-03-19,AG-E-052,กรุงเทพฯ,109,2279
2026-03-19,AG-E-052,ภาคกลาง,90,1688
2026-03-19,AG-E-052,ภาคตะวันออก,59,1613
2026-03-19,AG-E-052,ภาคเหนือ,55,1487
2026-03-19,AG-E-052,ภาคใต้,78,1579
2026-03-20,TK-A-001,กรุงเทพฯ,132,3289
2026-03-20,TK-A-001,ภาคกลาง,107,2503
2026-03-20,TK-A-001,ภาคตะวันออก,91,1959
2026-03-20,TK-A-001,ภาคเหนือ,79,1680
2026-03-20,TK-A-001,ภาคใต้,105,2294
2026-03-20,GL-B-014,กรุงเทพฯ,817,15938
2026-03-20,GL-B-014,ภาคกลาง,601,11542
2026-03-20,GL-B-014,ภาคตะวันออก,455,8666
2026-03-20,GL-B-014,ภาคเหนือ,440,10074
2026-03-20,GL-B-014,ภาคใต้,498,11946
2026-03-20,MK-C-028,กรุงเทพฯ,574,10635
2026-03-20,MK-C-028,ภาคกลาง,465,10999
2026-03-20,MK-C-028,ภาคตะวันออก,318,7446
2026-03-20,MK-C-028,ภาคเหนือ,270,6048
2026-03-20,MK-C-028,ภาคใต้,367,9126
2026-03-20,SY-D-039,กรุงเทพฯ,351,8442
2026-03-20,SY-D-039,ภาคกลาง,288,6439
2026-03-20,SY-D-039,ภาคตะวันออก,232,4832
2026-03-20,SY-D-039,ภาคเหนือ,180,4117
2026-03-20,SY-D-039,ภาคใต้,237,5017
2026-03-20,AG-E-052,กรุงเทพฯ,108,2486
2026-03-20,AG-E-052,ภาคกลาง,88,1845
2026-03-20,AG-E-052,ภาคตะวันออก,70,1476
2026-03-20,AG-E-052,ภาคเหนือ,55,1371
2026-03-20,AG-E-052,ภาคใต้,79,1635
2026-03-21,TK-A-001,กรุงเทพฯ,133,3265
2026-03-21,TK-A-001,ภาคกลาง,109,2247
2026-03-21,TK-A-001,ภาคตะวันออก,81,1864
2026-03-21,TK-A-001,ภาคเหนือ,84,1712
2026-03-21,TK-A-001,ภาคใต้,92,2017
2026-03-21,GL-B-014,กรุงเทพฯ,827,18095
2026-03-21,GL-B-014,ภาคกลาง,590,13672
2026-03-21,GL-B-014,ภาคตะวันออก,491,10850
2026-03-21,GL-B-014,ภาคเหนือ,375,9391
2026-03-21,GL-B-014,ภาคใต้,490,12757
2026-03-21,MK-C-028,กรุงเทพฯ,528,11718
2026-03-21,MK-C-028,ภาคกลาง,481,10856
2026-03-21,MK-C-028,ภาคตะวันออก,319,7481
2026-03-21,MK-C-028,ภาคเหนือ,303,6498
2026-03-21,MK-C-028,ภาคใต้,386,7086
2026-03-21,SY-D-039,กรุงเทพฯ,343,7612
2026-03-21,SY-D-039,ภาคกลาง,279,5867
2026-03-21,SY-D-039,ภาคตะวันออก,230,5479
2026-03-21,SY-D-039,ภาคเหนือ,201,3924
2026-03-21,SY-D-039,ภาคใต้,224,5288
2026-03-21,AG-E-052,กรุงเทพฯ,101,2765
2026-03-21,AG-E-052,ภาคกลาง,88,2095
2026-03-21,AG-E-052,ภาคตะวันออก,61,1264
2026-03-21,AG-E-052,ภาคเหนือ,55,1382
2026-03-21,AG-E-052,ภาคใต้,69,1547
2026-03-22,TK-A-001,กรุงเทพฯ,136,3572
2026-03-22,TK-A-001,ภาคกลาง,128,2954
2026-03-22,TK-A-001,ภาคตะวันออก,94,2063
2026-03-22,TK-A-001,ภาคเหนือ,76,1940
2026-03-22,TK-A-001,ภาคใต้,108,2273
2026-03-22,GL-B-014,กรุงเทพฯ,817,18670
2026-03-22,GL-B-014,ภาคกลาง,578,12077
2026-03-22,GL-B-014,ภาคตะวันออก,463,8669
2026-03-22,GL-B-014,ภาคเหนือ,405,9899
2026-03-22,GL-B-014,ภาคใต้,548,11859
2026-03-22,MK-C-028,กรุงเทพฯ,528,11776
2026-03-22,MK-C-028,ภาคกลาง,430,9176
2026-03-22,MK-C-028,ภาคตะวันออก,353,7573
2026-03-22,MK-C-028,ภาคเหนือ,295,5693
2026-03-22,MK-C-028,ภาคใต้,400,7878
2026-03-22,SY-D-039,กรุงเทพฯ,344,7591
2026-03-22,SY-D-039,ภาคกลาง,278,6227
2026-03-22,SY-D-039,ภาคตะวันออก,201,5380
2026-03-22,SY-D-039,ภาคเหนือ,200,4117
2026-03-22,SY-D-039,ภาคใต้,265,6184
2026-03-22,AG-E-052,กรุงเทพฯ,109,2272
2026-03-22,AG-E-052,ภาคกลาง,96,2185
2026-03-22,AG-E-052,ภาคตะวันออก,65,1613
2026-03-22,AG-E-052,ภาคเหนือ,56,1423
2026-03-22,AG-E-052,ภาคใต้,74,1407
2026-03-23,TK-A-001,กรุงเทพฯ,148,3548
2026-03-23,TK-A-001,ภาคกลาง,130,2652
2026-03-23,TK-A-001,ภาคตะวันออก,95,1783
2026-03-23,TK-A-001,ภาคเหนือ,72,1800
2026-03-23,TK-A-001,ภาคใต้,107,2370
2026-03-23,GL-B-014,กรุงเทพฯ,780,17585
2026-03-23,GL-B-014,ภาคกลาง,678,14049
2026-03-23,GL-B-014,ภาคตะวันออก,465,8563
2026-03-23,GL-B-014,ภาคเหนือ,424,9034
2026-03-23,GL-B-014,ภาคใต้,489,10821
2026-03-23,MK-C-028,กรุงเทพฯ,602,11755
2026-03-23,MK-C-028,ภาคกลาง,419,8561
2026-03-23,MK-C-028,ภาคตะวันออก,305,6477
2026-03-23,MK-C-028,ภาคเหนือ,310,7085
2026-03-23,MK-C-028,ภาคใต้,379,8460
2026-03-23,SY-D-039,กรุงเทพฯ,406,8645
2026-03-23,SY-D-039,ภาคกลาง,285,5653
2026-03-23,SY-D-039,ภาคตะวันออก,204,4774
2026-03-23,SY-D-039,ภาคเหนือ,209,4275
2026-03-23,SY-D-039,ภาคใต้,270,5491
2026-03-23,AG-E-052,กรุงเทพฯ,114,2442
2026-03-23,AG-E-052,ภาคกลาง,88,1711
2026-03-23,AG-E-052,ภาคตะวันออก,71,1252
2026-03-23,AG-E-052,ภาคเหนือ,54,1187
2026-03-23,AG-E-052,ภาคใต้,67,1444
2026-03-24,TK-A-001,กรุงเทพฯ,141,3459
2026-03-24,TK-A-001,ภาคกลาง,123,2671
2026-03-24,TK-A-001,ภาคตะวันออก,83,1891
2026-03-24,TK-A-001,ภาคเหนือ,74,1792
2026-03-24,TK-A-001,ภาคใต้,94,2017
2026-03-24,GL-B-014,กรุงเทพฯ,831,14295
2026-03-24,GL-B-014,ภาคกลาง,575,11679
2026-03-24,GL-B-014,ภาคตะวันออก,453,10571
2026-03-24,GL-B-014,ภาคเหนือ,439,9541
2026-03-24,GL-B-014,ภาคใต้,472,11839
2026-03-24,MK-C-028,กรุงเทพฯ,601,12772
2026-03-24,MK-C-028,ภาคกลาง,449,9990
2026-03-24,MK-C-028,ภาคตะวันออก,342,6358
2026-03-24,MK-C-028,ภาคเหนือ,296,6161
2026-03-24,MK-C-028,ภาคใต้,398,8063
2026-03-24,SY-D-039,กรุงเทพฯ,374,7900
2026-03-24,SY-D-039,ภาคกลาง,327,6372
2026-03-24,SY-D-039,ภาคตะวันออก,243,5552
2026-03-24,SY-D-039,ภาคเหนือ,204,3674
2026-03-24,SY-D-039,ภาคใต้,255,5623
2026-03-24,AG-E-052,กรุงเทพฯ,114,2254
2026-03-24,AG-E-052,ภาคกลาง,85,2129
2026-03-24,AG-E-052,ภาคตะวันออก,65,1390
2026-03-24,AG-E-052,ภาคเหนือ,66,1278
2026-03-24,AG-E-052,ภาคใต้,78,1593
2026-03-25,TK-A-001,กรุงเทพฯ,164,3233
2026-03-25,TK-A-001,ภาคกลาง,125,2813
2026-03-25,TK-A-001,ภาคตะวันออก,85,2007
2026-03-25,TK-A-001,ภาคเหนือ,88,1842
2026-03-25,TK-A-001,ภาคใต้,109,2437
2026-03-25,GL-B-014,กรุงเทพฯ,847,15713
2026-03-25,GL-B-014,ภาคกลาง,649,14529
2026-03-25,GL-B-014,ภาคตะวันออก,471,11377
2026-03-25,GL-B-014,ภาคเหนือ,448,9630
2026-03-25,GL-B-014,ภาคใต้,523,10111
2026-03-25,MK-C-028,กรุงเทพฯ,595,12327
2026-03-25,MK-C-028,ภาคกลาง,454,9764
2026-03-25,MK-C-028,ภาคตะวันออก,363,6954
2026-03-25,MK-C-028,ภาคเหนือ,332,7046
2026-03-25,MK-C-028,ภาคใต้,384,9037
2026-03-25,SY-D-039,กรุงเทพฯ,388,8968
2026-03-25,SY-D-039,ภาคกลาง,275,6055
2026-03-25,SY-D-039,ภาคตะวันออก,247,4447
2026-03-25,SY-D-039,ภาคเหนือ,185,4012
2026-03-25,SY-D-039,ภาคใต้,245,6109
2026-03-25,AG-E-052,กรุงเทพฯ,125,2454
2026-03-25,AG-E-052,ภาคกลาง,92,1747
2026-03-25,AG-E-052,ภาคตะวันออก,67,1362
2026-03-25,AG-E-052,ภาคเหนือ,57,1441
2026-03-25,AG-E-052,ภาคใต้,72,1428
2026-03-26,TK-A-001,กรุงเทพฯ,151,3525
2026-03-26,TK-A-001,ภาคกลาง,121,2883
2026-03-26,TK-A-001,ภาคตะวันออก,89,1990
2026-03-26,TK-A-001,ภาคเหนือ,86,1613
2026-03-26,TK-A-001,ภาคใต้,103,2276
2026-03-26,GL-B-014,กรุงเทพฯ,842,14670
2026-03-26,GL-B-014,ภาคกลาง,667,13401
2026-03-26,GL-B-014,ภาคตะวันออก,477,9759
2026-03-26,GL-B-014,ภาคเหนือ,435,9735
2026-03-26,GL-B-014,ภาคใต้,490,10806
2026-03-26,MK-C-028,กรุงเทพฯ,556,11755
2026-03-26,MK-C-028,ภาคกลาง,469,9065
2026-03-26,MK-C-028,ภาคตะวันออก,312,7533
2026-03-26,MK-C-028,ภาคเหนือ,322,6666
2026-03-26,MK-C-028,ภาคใต้,387,7254
2026-03-26,SY-D-039,กรุงเทพฯ,353,6972
2026-03-26,SY-D-039,ภาคกลาง,305,5822
2026-03-26,SY-D-039,ภาคตะวันออก,225,4533
2026-03-26,SY-D-039,ภาคเหนือ,201,4643
2026-03-26,SY-D-039,ภาคใต้,233,5690
2026-03-26,AG-E-052,กรุงเทพฯ,117,2279
2026-03-26,AG-E-052,ภาคกลาง,94,2129
2026-03-26,AG-E-052,ภาคตะวันออก,72,1318
2026-03-26,AG-E-052,ภาคเหนือ,56,1138
2026-03-26,AG-E-052,ภาคใต้,77,1808
2026-03-27,TK-A-001,กรุงเทพฯ,143,3709
2026-03-27,TK-A-001,ภาคกลาง,120,2601
2026-03-27,TK-A-001,ภาคตะวันออก,92,2042
2026-03-27,TK-A-001,ภาคเหนือ,86,1564
2026-03-27,TK-A-001,ภาคใต้,111,1873
2026-03-27,GL-B-014,กรุงเทพฯ,812,19076
2026-03-27,GL-B-014,ภาคกลาง,586,13303
2026-03-27,GL-B-014,ภาคตะวันออก,462,8989
2026-03-27,GL-B-014,ภาคเหนือ,459,9065
2026-03-27,GL-B-014,ภาคใต้,565,9775
2026-03-27,MK-C-028,กรุงเทพฯ,612,10358
2026-03-27,MK-C-028,ภาคกลาง,493,10975
2026-03-27,MK-C-028,ภาคตะวันออก,314,7228
2026-03-27,MK-C-028,ภาคเหนือ,293,7373
2026-03-27,MK-C-028,ภาคใต้,393,8006
2026-03-27,SY-D-039,กรุงเทพฯ,405,7712
2026-03-27,SY-D-039,ภาคกลาง,309,5798
2026-03-27,SY-D-039,ภาคตะวันออก,239,4849
2026-03-27,SY-D-039,ภาคเหนือ,200,4469
2026-03-27,SY-D-039,ภาคใต้,282,5294
2026-03-27,AG-E-052,กรุงเทพฯ,110,2526
2026-03-27,AG-E-052,ภาคกลาง,93,2096
2026-03-27,AG-E-052,ภาคตะวันออก,65,1346
2026-03-27,AG-E-052,ภาคเหนือ,58,1153
2026-03-27,AG-E-052,ภาคใต้,85,1689
2026-03-28,TK-A-001,กรุงเทพฯ,153,3162
2026-03-28,TK-A-001,ภาคกลาง,133,2292
2026-03-28,TK-A-001,ภาคตะวันออก,101,2182
2026-03-28,TK-A-001,ภาคเหนือ,80,1515
2026-03-28,TK-A-001,ภาคใต้,106,1946
2026-03-28,GL-B-014,กรุงเทพฯ,838,16845
2026-03-28,GL-B-014,ภาคกลาง,596,13561
2026-03-28,GL-B-014,ภาคตะวันออก,469,8999
2026-03-28,GL-B-014,ภาคเหนือ,414,8380
2026-03-28,GL-B-014,ภาคใต้,580,10853
2026-03-28,MK-C-028,กรุงเทพฯ,569,13746
2026-03-28,MK-C-028,ภาคกลาง,461,10973
2026-03-28,MK-C-028,ภาคตะวันออก,316,6754
2026-03-28,MK-C-028,ภาคเหนือ,337,5586
2026-03-28,MK-C-028,ภาคใต้,353,9305
2026-03-28,SY-D-039,กรุงเทพฯ,383,8413
2026-03-28,SY-D-039,ภาคกลาง,339,6175
2026-03-28,SY-D-039,ภาคตะวันออก,216,4475
2026-03-28,SY-D-039,ภาคเหนือ,212,4389
2026-03-28,SY-D-039,ภาคใต้,284,5153
2026-03-28,AG-E-052,กรุงเทพฯ,111,2365
2026-03-28,AG-E-052,ภาคกลาง,90,1752
2026-03-28,AG-E-052,ภาคตะวันออก,64,1409
2026-03-28,AG-E-052,ภาคเหนือ,63,1256
2026-03-28,AG-E-052,ภาคใต้,74,1692
2026-03-29,TK-A-001,กรุงเทพฯ,165,3468
2026-03-29,TK-A-001,ภาคกลาง,125,2422
2026-03-29,TK-A-001,ภาคตะวันออก,91,1768
2026-03-29,TK-A-001,ภาคเหนือ,91,1690
2026-03-29,TK-A-001,ภาคใต้,97,2134
2026-03-29,GL-B-014,กรุงเทพฯ,758,14963
2026-03-29,GL-B-014,ภาคกลาง,665,14332
2026-03-29,GL-B-014,ภาคตะวันออก,440,9188
2026-03-29,GL-B-014,ภาคเหนือ,436,7598
2026-03-29,GL-B-014,ภาคใต้,582,10204
2026-03-29,MK-C-028,กรุงเทพฯ,609,12396
2026-03-29,MK-C-028,ภาคกลาง,432,9851
2026-03-29,MK-C-028,ภาคตะวันออก,381,6633
2026-03-29,MK-C-028,ภาคเหนือ,314,6074
2026-03-29,MK-C-028,ภาคใต้,405,7913
2026-03-29,SY-D-039,กรุงเทพฯ,366,6985
2026-03-29,SY-D-039,ภาคกลาง,315,6806
2026-03-29,SY-D-039,ภาคตะวันออก,258,4232
2026-03-29,SY-D-039,ภาคเหนือ,226,4098
2026-03-29,SY-D-039,ภาคใต้,264,5438
2026-03-29,AG-E-052,กรุงเทพฯ,114,2786
2026-03-29,AG-E-052,ภาคกลาง,97,1946
2026-03-29,AG-E-052,ภาคตะวันออก,74,1379
2026-03-29,AG-E-052,ภาคเหนือ,57,1165
2026-03-29,AG-E-052,ภาคใต้,84,1590
2026-03-30,TK-A-001,กรุงเทพฯ,163,2999
2026-03-30,TK-A-001,ภาคกลาง,122,2754
2026-03-30,TK-A-001,ภาคตะวันออก,90,2061
2026-03-30,TK-A-001,ภาคเหนือ,80,1619
2026-03-30,TK-A-001,ภาคใต้,115,1952
2026-03-30,GL-B-014,กรุงเทพฯ,882,18815
2026-03-30,GL-B-014,ภาคกลาง,672,14331
2026-03-30,GL-B-014,ภาคตะวันออก,512,10570
2026-03-30,GL-B-014,ภาคเหนือ,445,10052
2026-03-30,GL-B-014,ภาคใต้,540,12332
2026-03-30,MK-C-028,กรุงเทพฯ,588,10535
2026-03-30,MK-C-028,ภาคกลาง,454,8267
2026-03-30,MK-C-028,ภาคตะวันออก,391,7294
2026-03-30,MK-C-028,ภาคเหนือ,328,7236
2026-03-30,MK-C-028,ภาคใต้,369,7069
2026-03-30,SY-D-039,กรุงเทพฯ,428,9193
2026-03-30,SY-D-039,ภาคกลาง,343,5591
2026-03-30,SY-D-039,ภาคตะวันออก,260,4673
2026-03-30,SY-D-039,ภาคเหนือ,199,4028
2026-03-30,SY-D-039,ภาคใต้,275,4611
2026-03-30,AG-E-052,กรุงเทพฯ,121,2427
2026-03-30,AG-E-052,ภาคกลาง,90,2056
2026-03-30,AG-E-052,ภาคตะวันออก,65,1567
2026-03-30,AG-E-052,ภาคเหนือ,68,1339
2026-03-30,AG-E-052,ภาคใต้,74,1604
2026-03-31,TK-A-001,กรุงเทพฯ,156,3662
2026-03-31,TK-A-001,ภาคกลาง,129,2828
2026-03-31,TK-A-001,ภาคตะวันออก,92,2100
2026-03-31,TK-A-001,ภาคเหนือ,84,1518
2026-03-31,TK-A-001,ภาคใต้,116,1891
2026-03-31,GL-B-014,กรุงเทพฯ,827,17293
2026-03-31,GL-B-014,ภาคกลาง,638,12757
2026-03-31,GL-B-014,ภาคตะวันออก,528,11490
2026-03-31,GL-B-014,ภาคเหนือ,479,9727
2026-03-31,GL-B-014,ภาคใต้,586,12583
2026-03-31,MK-C-028,กรุงเทพฯ,544,13352
2026-03-31,MK-C-028,ภาคกลาง,438,8845
2026-03-31,MK-C-028,ภาคตะวันออก,345,7774
2026-03-31,MK-C-028,ภาคเหนือ,330,7212
2026-03-31,MK-C-028,ภาคใต้,387,8647
2026-03-31,SY-D-039,กรุงเทพฯ,405,7771
2026-03-31,SY-D-039,ภาคกลาง,311,6271
2026-03-31,SY-D-039,ภาคตะวันออก,219,5309
2026-03-31,SY-D-039,ภาคเหนือ,196,4246
2026-03-31,SY-D-039,ภาคใต้,272,5800
2026-03-31,AG-E-052,กรุงเทพฯ,126,2571
2026-03-31,AG-E-052,ภาคกลาง,105,1762
2026-03-31,AG-E-052,ภาคตะวันออก,77,1592
2026-03-31,AG-E-052,ภาคเหนือ,65,1285
2026-03-31,AG-E-052,ภาคใต้,84,1800
2026-04-01,TK-A-001,กรุงเทพฯ,153,3316
2026-04-01,TK-A-001,ภาคกลาง,128,2276
2026-04-01,TK-A-001,ภาคตะวันออก,100,2099
2026-04-01,TK-A-001,ภาคเหนือ,86,1525
2026-04-01,TK-A-001,ภาคใต้,107,2271
2026-04-01,GL-B-014,กรุงเทพฯ,854,17514
2026-04-01,GL-B-014,ภาคกลาง,707,12492
2026-04-01,GL-B-014,ภาคตะวันออก,473,10577
2026-04-01,GL-B-014,ภาคเหนือ,453,8601
2026-04-01,GL-B-014,ภาคใต้,603,9739
2026-04-01,MK-C-028,กรุงเทพฯ,653,11942
2026-04-01,MK-C-028,ภาคกลาง,450,10124
2026-04-01,MK-C-028,ภาคตะวันออก,341,8377
2026-04-01,MK-C-028,ภาคเหนือ,295,7307
2026-04-01,MK-C-028,ภาคใต้,396,9173
2026-04-01,SY-D-039,กรุงเทพฯ,365,7152
2026-04-01,SY-D-039,ภาคกลาง,351,6338
2026-04-01,SY-D-039,ภาคตะวันออก,252,4202
2026-04-01,SY-D-039,ภาคเหนือ,204,3911
2026-04-01,SY-D-039,ภาคใต้,287,4745
2026-04-01,AG-E-052,กรุงเทพฯ,118,2395
2026-04-01,AG-E-052,ภาคกลาง,88,1901
2026-04-01,AG-E-052,ภาคตะวันออก,79,1626
2026-04-01,AG-E-052,ภาคเหนือ,58,1444
2026-04-01,AG-E-052,ภาคใต้,73,1420
2026-04-02,TK-A-001,กรุงเทพฯ,160,3341
2026-04-02,TK-A-001,ภาคกลาง,122,2732
2026-04-02,TK-A-001,ภาคตะวันออก,103,2227
2026-04-02,TK-A-001,ภาคเหนือ,92,1983
2026-04-02,TK-A-001,ภาคใต้,111,2273
2026-04-02,GL-B-014,กรุงเทพฯ,872,18397
2026-04-02,GL-B-014,ภาคกลาง,704,14118
2026-04-02,GL-B-014,ภาคตะวันออก,528,11331
2026-04-02,GL-B-014,ภาคเหนือ,479,9804
2026-04-02,GL-B-014,ภาคใต้,527,12706
2026-04-02,MK-C-028,กรุงเทพฯ,564,10589
2026-04-02,MK-C-028,ภาคกลาง,447,9156
2026-04-02,MK-C-028,ภาคตะวันออก,395,7206
2026-04-02,MK-C-028,ภาคเหนือ,297,7228
2026-04-02,MK-C-028,ภาคใต้,368,8679
2026-04-02,SY-D-039,กรุงเทพฯ,411,8775
2026-04-02,SY-D-039,ภาคกลาง,338,7176
2026-04-02,SY-D-039,ภาคตะวันออก,265,4818
2026-04-02,SY-D-039,ภาคเหนือ,236,4891
2026-04-02,SY-D-039,ภาคใต้,248,6029
2026-04-02,AG-E-052,กรุงเทพฯ,133,2369
2026-04-02,AG-E-052,ภาคกลาง,104,1997
2026-04-02,AG-E-052,ภาคตะวันออก,80,1408
2026-04-02,AG-E-052,ภาคเหนือ,68,1413
2026-04-02,AG-E-052,ภาคใต้,81,1598
2026-04-03,TK-A-001,กรุงเทพฯ,167,2870
2026-04-03,TK-A-001,ภาคกลาง,140,2640
2026-04-03,TK-A-001,ภาคตะวันออก,91,1703
2026-04-03,TK-A-001,ภาคเหนือ,86,1764
2026-04-03,TK-A-001,ภาคใต้,108,2480
2026-04-03,GL-B-014,กรุงเทพฯ,875,17354
2026-04-03,GL-B-014,ภาคกลาง,713,13607
2026-04-03,GL-B-014,ภาคตะวันออก,488,10215
2026-04-03,GL-B-014,ภาคเหนือ,423,8519
2026-04-03,GL-B-014,ภาคใต้,597,12334
2026-04-03,MK-C-028,กรุงเทพฯ,589,10958
2026-04-03,MK-C-028,ภาคกลาง,501,10908
2026-04-03,MK-C-028,ภาคตะวันออก,358,7721
2026-04-03,MK-C-028,ภาคเหนือ,297,6813
2026-04-03,MK-C-028,ภาคใต้,407,6982
2026-04-03,SY-D-039,กรุงเทพฯ,422,8941
2026-04-03,SY-D-039,ภาคกลาง,357,5884
2026-04-03,SY-D-039,ภาคตะวันออก,226,4470
2026-04-03,SY-D-039,ภาคเหนือ,233,4200
2026-04-03,SY-D-039,ภาคใต้,295,6126
2026-04-03,AG-E-052,กรุงเทพฯ,119,2748
2026-04-03,AG-E-052,ภาคกลาง,101,1972
2026-04-03,AG-E-052,ภาคตะวันออก,74,1583
2026-04-03,AG-E-052,ภาคเหนือ,62,1223
2026-04-03,AG-E-052,ภาคใต้,83,1548
2026-04-04,TK-A-001,กรุงเทพฯ,150,2952
2026-04-04,TK-A-001,ภาคกลาง,130,2278
2026-04-04,TK-A-001,ภาคตะวันออก,89,1823
2026-04-04,TK-A-001,ภาคเหนือ,94,1797
2026-04-04,TK-A-001,ภาคใต้,108,2238
2026-04-04,GL-B-014,กรุงเทพฯ,883,18722
2026-04-04,GL-B-014,ภาคกลาง,729,14627
2026-04-04,GL-B-014,ภาคตะวันออก,510,9256
2026-04-04,GL-B-014,ภาคเหนือ,484,9979
2026-04-04,GL-B-014,ภาคใต้,562,11678
2026-04-04,MK-C-028,กรุงเทพฯ,613,11024
2026-04-04,MK-C-028,ภาคกลาง,460,9602
2026-04-04,MK-C-028,ภาคตะวันออก,389,6571
2026-04-04,MK-C-028,ภาคเหนือ,300,5725
2026-04-04,MK-C-028,ภาคใต้,373,8396
2026-04-04,SY-D-039,กรุงเทพฯ,393,7001
2026-04-04,SY-D-039,ภาคกลาง,312,6726
2026-04-04,SY-D-039,ภาคตะวันออก,240,5112
2026-04-04,SY-D-039,ภาคเหนือ,222,3812
2026-04-04,SY-D-039,ภาคใต้,297,6051
2026-04-04,AG-E-052,กรุงเทพฯ,133,2766
2026-04-04,AG-E-052,ภาคกลาง,99,2169
2026-04-04,AG-E-052,ภาคตะวันออก,82,1254
2026-04-04,AG-E-052,ภาคเหนือ,71,1421
2026-04-04,AG-E-052,ภาคใต้,84,1615
2026-04-05,TK-A-001,กรุงเทพฯ,181,3702
2026-04-05,TK-A-001,ภาคกลาง,125,2420
2026-04-05,TK-A-001,ภาคตะวันออก,95,1840
2026-04-05,TK-A-001,ภาคเหนือ,81,1877
2026-04-05,TK-A-001,ภาคใต้,119,2117
2026-04-05,GL-B-014,กรุงเทพฯ,862,18655
2026-04-05,GL-B-014,ภาคกลาง,629,13429
2026-04-05,GL-B-014,ภาคตะวันออก,513,11215
2026-04-05,GL-B-014,ภาคเหนือ,479,9423
2026-04-05,GL-B-014,ภาคใต้,583,10425
2026-04-05,MK-C-028,กรุงเทพฯ,602,10404
2026-04-05,MK-C-028,ภาคกลาง,478,8426
2026-04-05,MK-C-028,ภาคตะวันออก,363,7946
2026-04-05,MK-C-028,ภาคเหนือ,334,5732
2026-04-05,MK-C-028,ภาคใต้,418,6954
2026-04-05,SY-D-039,กรุงเทพฯ,427,7160
2026-04-05,SY-D-039,ภาคกลาง,311,6060
2026-04-05,SY-D-039,ภาคตะวันออก,234,4983
2026-04-05,SY-D-039,ภาคเหนือ,212,4061
2026-04-05,SY-D-039,ภาคใต้,302,5131
2026-04-05,AG-E-052,กรุงเทพฯ,133,2737
2026-04-05,AG-E-052,ภาคกลาง,92,1869
2026-04-05,AG-E-052,ภาคตะวันออก,73,1383
2026-04-05,AG-E-052,ภาคเหนือ,69,1451
2026-04-05,AG-E-052,ภาคใต้,76,1707
2026-04-06,TK-A-001,กรุงเทพฯ,164,2878
2026-04-06,TK-A-001,ภาคกลาง,145,2610
2026-04-06,TK-A-001,ภาคตะวันออก,107,2187
2026-04-06,TK-A-001,ภาคเหนือ,81,1825
2026-04-06,TK-A-001,ภาคใต้,106,2177
2026-04-06,GL-B-014,กรุงเทพฯ,827,16525
2026-04-06,GL-B-014,ภาคกลาง,760,15372
2026-04-06,GL-B-014,ภาคตะวันออก,552,9322
2026-04-06,GL-B-014,ภาคเหนือ,460,9919
2026-04-06,GL-B-014,ภาคใต้,608,10101
2026-04-06,MK-C-028,กรุงเทพฯ,663,11740
2026-04-06,MK-C-028,ภาคกลาง,466,8276
2026-04-06,MK-C-028,ภาคตะวันออก,388,6775
2026-04-06,MK-C-028,ภาคเหนือ,303,6703
2026-04-06,MK-C-028,ภาคใต้,414,8608
2026-04-06,SY-D-039,กรุงเทพฯ,438,9237
2026-04-06,SY-D-039,ภาคกลาง,319,6204
2026-04-06,SY-D-039,ภาคตะวันออก,254,5529
2026-04-06,SY-D-039,ภาคเหนือ,233,3914
2026-04-06,SY-D-039,ภาคใต้,291,5987
2026-04-06,AG-E-052,กรุงเทพฯ,126,2530
2026-04-06,AG-E-052,ภาคกลาง,103,1783
2026-04-06,AG-E-052,ภาคตะวันออก,73,1457
2026-04-06,AG-E-052,ภาคเหนือ,65,1238
2026-04-06,AG-E-052,ภาคใต้,76,1517
2026-04-07,TK-A-001,กรุงเทพฯ,166,3512
2026-04-07,TK-A-001,ภาคกลาง,129,2332
2026-04-07,TK-A-001,ภาคตะวันออก,98,1878
2026-04-07,TK-A-001,ภาคเหนือ,88,1793
2026-04-07,TK-A-001,ภาคใต้,115,2477
2026-04-07,GL-B-014,กรุงเทพฯ,792,16777
2026-04-07,GL-B-014,ภาคกลาง,748,13912
2026-04-07,GL-B-014,ภาคตะวันออก,508,8749
2026-04-07,GL-B-014,ภาคเหนือ,439,9976
2026-04-07,GL-B-014,ภาคใต้,591,10009
2026-04-07,MK-C-028,กรุงเทพฯ,662,13643
2026-04-07,MK-C-028,ภาคกลาง,458,10319
2026-04-07,MK-C-028,ภาคตะวันออก,386,8295
2026-04-07,MK-C-028,ภาคเหนือ,305,5782
2026-04-07,MK-C-028,ภาคใต้,393,8741
2026-04-07,SY-D-039,กรุงเทพฯ,447,7821
2026-04-07,SY-D-039,ภาคกลาง,368,7281
2026-04-07,SY-D-039,ภาคตะวันออก,242,4901
2026-04-07,SY-D-039,ภาคเหนือ,212,3711
2026-04-07,SY-D-039,ภาคใต้,258,5251
2026-04-07,AG-E-052,กรุงเทพฯ,119,2497
2026-04-07,AG-E-052,ภาคกลาง,101,2017
2026-04-07,AG-E-052,ภาคตะวันออก,75,1462
2026-04-07,AG-E-052,ภาคเหนือ,72,1394
2026-04-07,AG-E-052,ภาคใต้,92,1815
2026-04-08,TK-A-001,กรุงเทพฯ,157,3487
2026-04-08,TK-A-001,ภาคกลาง,147,2729
2026-04-08,TK-A-001,ภาคตะวันออก,92,2167
2026-04-08,TK-A-001,ภาคเหนือ,96,1889
2026-04-08,TK-A-001,ภาคใต้,106,2207
2026-04-08,GL-B-014,กรุงเทพฯ,853,16632
2026-04-08,GL-B-014,ภาคกลาง,724,11760
2026-04-08,GL-B-014,ภาคตะวันออก,501,9795
2026-04-08,GL-B-014,ภาคเหนือ,507,10194
2026-04-08,GL-B-014,ภาคใต้,646,10046
2026-04-08,MK-C-028,กรุงเทพฯ,688,11991
2026-04-08,MK-C-028,ภาคกลาง,510,8483
2026-04-08,MK-C-028,ภาคตะวันออก,376,7369
2026-04-08,MK-C-028,ภาคเหนือ,328,5923
2026-04-08,MK-C-028,ภาคใต้,455,7584
2026-04-08,SY-D-039,กรุงเทพฯ,458,8304
2026-04-08,SY-D-039,ภาคกลาง,323,6576
2026-04-08,SY-D-039,ภาคตะวันออก,244,4533
2026-04-08,SY-D-039,ภาคเหนือ,211,3938
2026-04-08,SY-D-039,ภาคใต้,285,5302
2026-04-08,AG-E-052,กรุงเทพฯ,130,2491
2026-04-08,AG-E-052,ภาคกลาง,111,1790
2026-04-08,AG-E-052,ภาคตะวันออก,75,1563
2026-04-08,AG-E-052,ภาคเหนือ,64,1160
2026-04-08,AG-E-052,ภาคใต้,84,1688
2026-04-09,TK-A-001,กรุงเทพฯ,161,3039
2026-04-09,TK-A-001,ภาคกลาง,136,2597
2026-04-09,TK-A-001,ภาคตะวันออก,107,2009
2026-04-09,TK-A-001,ภาคเหนือ,88,1910
2026-04-09,TK-A-001,ภาคใต้,106,1914
2026-04-09,GL-B-014,กรุงเทพฯ,873,18967
2026-04-09,GL-B-014,ภาคกลาง,671,13600
2026-04-09,GL-B-014,ภาคตะวันออก,492,10804
2026-04-09,GL-B-014,ภาคเหนือ,455,7823
2026-04-09,GL-B-014,ภาคใต้,595,11520
2026-04-09,MK-C-028,กรุงเทพฯ,646,10414
2026-04-09,MK-C-028,ภาคกลาง,545,8579
2026-04-09,MK-C-028,ภาคตะวันออก,400,7390
2026-04-09,MK-C-028,ภาคเหนือ,370,5585
2026-04-09,MK-C-028,ภาคใต้,459,9262
2026-04-09,SY-D-039,กรุงเทพฯ,415,7638
2026-04-09,SY-D-039,ภาคกลาง,351,5838
2026-04-09,SY-D-039,ภาคตะวันออก,278,4401
2026-04-09,SY-D-039,ภาคเหนือ,236,4821
2026-04-09,SY-D-039,ภาคใต้,267,5114
2026-04-09,AG-E-052,กรุงเทพฯ,125,2334
2026-04-09,AG-E-052,ภาคกลาง,105,1875
2026-04-09,AG-E-052,ภาคตะวันออก,74,1428
2026-04-09,AG-E-052,ภาคเหนือ,63,1185
2026-04-09,AG-E-052,ภาคใต้,90,1744
2026-04-10,TK-A-001,กรุงเทพฯ,182,3638
2026-04-10,TK-A-001,ภาคกลาง,128,2403
2026-04-10,TK-A-001,ภาคตะวันออก,113,1781
2026-04-10,TK-A-001,ภาคเหนือ,88,1821
2026-04-10,TK-A-001,ภาคใต้,123,1900
2026-04-10,GL-B-014,กรุงเทพฯ,844,18186
2026-04-10,GL-B-014,ภาคกลาง,689,13005
2026-04-10,GL-B-014,ภาคตะวันออก,528,11023
2026-04-10,GL-B-014,ภาคเหนือ,499,7610
2026-04-10,GL-B-014,ภาคใต้,627,9821
2026-04-10,MK-C-028,กรุงเทพฯ,700,13414
2026-04-10,MK-C-028,ภาคกลาง,497,10787
2026-04-10,MK-C-028,ภาคตะวันออก,375,7631
2026-04-10,MK-C-028,ภาคเหนือ,336,7189
2026-04-10,MK-C-028,ภาคใต้,447,7916
2026-04-10,SY-D-039,กรุงเทพฯ,445,7346
2026-04-10,SY-D-039,ภาคกลาง,367,7110
2026-04-10,SY-D-039,ภาคตะวันออก,251,4640
2026-04-10,SY-D-039,ภาคเหนือ,252,3844
2026-04-10,SY-D-039,ภาคใต้,270,5687
2026-04-10,AG-E-052,กรุงเทพฯ,141,2369
2026-04-10,AG-E-052,ภาคกลาง,103,1932
2026-04-10,AG-E-052,ภาคตะวันออก,74,1669
2026-04-10,AG-E-052,ภาคเหนือ,64,1316
2026-04-10,AG-E-052,ภาคใต้,95,1563
2026-04-11,TK-A-001,กรุงเทพฯ,158,3697
2026-04-11,TK-A-001,ภาคกลาง,152,2557
2026-04-11,TK-A-001,ภาคตะวันออก,96,1818
2026-04-11,TK-A-001,ภาคเหนือ,94,1576
2026-04-11,TK-A-001,ภาคใต้,127,2167
2026-04-11,GL-B-014,กรุงเทพฯ,922,16824
2026-04-11,GL-B-014,ภาคกลาง,710,13660
2026-04-11,GL-B-014,ภาคตะวันออก,505,11408
2026-04-11,GL-B-014,ภาคเหนือ,494,7651
2026-04-11,GL-B-014,ภาคใต้,595,10158
2026-04-11,MK-C-028,กรุงเทพฯ,679,11580
2026-04-11,MK-C-028,ภาคกลาง,557,10823
2026-04-11,MK-C-028,ภาคตะวันออก,421,8314
2026-04-11,MK-C-028,ภาคเหนือ,335,6967
2026-04-11,MK-C-028,ภาคใต้,435,9092
2026-04-11,SY-D-039,กรุงเทพฯ,397,8362
2026-04-11,SY-D-039,ภาคกลาง,382,6923
2026-04-11,SY-D-039,ภาคตะวันออก,264,4605
2026-04-11,SY-D-039,ภาคเหนือ,241,3750
2026-04-11,SY-D-039,ภาคใต้,268,5997
2026-04-11,AG-E-052,กรุงเทพฯ,132,2098
2026-04-11,AG-E-052,ภาคกลาง,113,1806
2026-04-11,AG-E-052,ภาคตะวันออก,83,1383
2026-04-11,AG-E-052,ภาคเหนือ,74,1409
2026-04-11,AG-E-052,ภาคใต้,81,1630
2026-04-12,TK-A-001,กรุงเทพฯ,184,3647
2026-04-12,TK-A-001,ภาคกลาง,153,2397
2026-04-12,TK-A-001,ภาคตะวันออก,98,2098
2026-04-12,TK-A-001,ภาคเหนือ,97,1566
2026-04-12,TK-A-001,ภาคใต้,122,1868
2026-04-12,GL-B-014,กรุงเทพฯ,948,17842
2026-04-12,GL-B-014,ภาคกลาง,783,14883
2026-04-12,GL-B-014,ภาคตะวันออก,576,8908
2026-04-12,GL-B-014,ภาคเหนือ,496,9651
2026-04-12,GL-B-014,ภาคใต้,651,10819
2026-04-12,MK-C-028,กรุงเทพฯ,708,13477
2026-04-12,MK-C-028,ภาคกลาง,553,8711
2026-04-12,MK-C-028,ภาคตะวันออก,405,6366
2026-04-12,MK-C-028,ภาคเหนือ,376,5859
2026-04-12,MK-C-028,ภาคใต้,398,8630
2026-04-12,SY-D-039,กรุงเทพฯ,441,8338
2026-04-12,SY-D-039,ภาคกลาง,374,7304
2026-04-12,SY-D-039,ภาคตะวันออก,282,5195
2026-04-12,SY-D-039,ภาคเหนือ,229,4634
2026-04-12,SY-D-039,ภาคใต้,280,4723
2026-04-12,AG-E-052,กรุงเทพฯ,144,2693
2026-04-12,AG-E-052,ภาคกลาง,100,1696
2026-04-12,AG-E-052,ภาคตะวันออก,84,1350
2026-04-12,AG-E-052,ภาคเหนือ,65,1264
2026-04-12,AG-E-052,ภาคใต้,92,1497
2026-04-13,TK-A-001,กรุงเทพฯ,170,3013
2026-04-13,TK-A-001,ภาคกลาง,145,2832
2026-04-13,TK-A-001,ภาคตะวันออก,100,1970
2026-04-13,TK-A-001,ภาคเหนือ,88,1475
2026-04-13,TK-A-001,ภาคใต้,128,1899
2026-04-13,GL-B-014,กรุงเทพฯ,958,14294
2026-04-13,GL-B-014,ภาคกลาง,663,13496
2026-04-13,GL-B-014,ภาคตะวันออก,542,11524
2026-04-13,GL-B-014,ภาคเหนือ,461,9966
2026-04-13,GL-B-014,ภาคใต้,566,12407
2026-04-13,MK-C-028,กรุงเทพฯ,621,12578
2026-04-13,MK-C-028,ภาคกลาง,563,10629
2026-04-13,MK-C-028,ภาคตะวันออก,433,6920
2026-04-13,MK-C-028,ภาคเหนือ,369,6909
2026-04-13,MK-C-028,ภาคใต้,431,7842
2026-04-13,SY-D-039,กรุงเทพฯ,424,7743
2026-04-13,SY-D-039,ภาคกลาง,346,6284
2026-04-13,SY-D-039,ภาคตะวันออก,243,5161
2026-04-13,SY-D-039,ภาคเหนือ,248,4888
2026-04-13,SY-D-039,ภาคใต้,273,5827
2026-04-13,AG-E-052,กรุงเทพฯ,141,2296
2026-04-13,AG-E-052,ภาคกลาง,99,2142
2026-04-13,AG-E-052,ภาคตะวันออก,80,1279
2026-04-13,AG-E-052,ภาคเหนือ,78,1117
2026-04-13,AG-E-052,ภาคใต้,92,1664
2026-04-14,TK-A-001,กรุงเทพฯ,190,3343
2026-04-14,TK-A-001,ภาคกลาง,154,2803
2026-04-14,TK-A-001,ภาคตะวันออก,99,1749
2026-04-14,TK-A-001,ภาคเหนือ,102,1525
2026-04-14,TK-A-001,ภาคใต้,125,1925
2026-04-14,GL-B-014,กรุงเทพฯ,888,15960
2026-04-14,GL-B-014,ภาคกลาง,699,14700
2026-04-14,GL-B-014,ภาคตะวันออก,544,9432
2026-04-14,GL-B-014,ภาคเหนือ,533,10142
2026-04-14,GL-B-014,ภาคใต้,570,9720
2026-04-14,MK-C-028,กรุงเทพฯ,630,12753
2026-04-14,MK-C-028,ภาคกลาง,531,9258
2026-04-14,MK-C-028,ภาคตะวันออก,370,6750
2026-04-14,MK-C-028,ภาคเหนือ,348,6671
2026-04-14,MK-C-028,ภาคใต้,456,7187
2026-04-14,SY-D-039,กรุงเทพฯ,459,8024
2026-04-14,SY-D-039,ภาคกลาง,381,7028
2026-04-14,SY-D-039,ภาคตะวันออก,242,4915
2026-04-14,SY-D-039,ภาคเหนือ,217,4745
2026-04-14,SY-D-039,ภาคใต้,294,5065
2026-04-14,AG-E-052,กรุงเทพฯ,140,2250
2026-04-14,AG-E-052,ภาคกลาง,106,1700
2026-04-14,AG-E-052,ภาคตะวันออก,78,1477
2026-04-14,AG-E-052,ภาคเหนือ,71,1189
2026-04-14,AG-E-052,ภาคใต้,95,1540
2026-04-15,TK-A-001,กรุงเทพฯ,172,3427
2026-04-15,TK-A-001,ภาคกลาง,141,2743
2026-04-15,TK-A-001,ภาคตะวันออก,104,2202
2026-04-15,TK-A-001,ภาคเหนือ,100,1573
2026-04-15,TK-A-001,ภาคใต้,123,2396
2026-04-15,GL-B-014,กรุงเทพฯ,861,16468
2026-04-15,GL-B-014,ภาคกลาง,727,15093
2026-04-15,GL-B-014,ภาคตะวันออก,568,10447
2026-04-15,GL-B-014,ภาคเหนือ,475,10073
2026-04-15,GL-B-014,ภาคใต้,670,10640
2026-04-15,MK-C-028,กรุงเทพฯ,680,10469
2026-04-15,MK-C-028,ภาคกลาง,566,10334
2026-04-15,MK-C-028,ภาคตะวันออก,427,8229
2026-04-15,MK-C-028,ภาคเหนือ,397,6523
2026-04-15,MK-C-028,ภาคใต้,451,7410
2026-04-15,SY-D-039,กรุงเทพฯ,435,6960
2026-04-15,SY-D-039,ภาคกลาง,339,6624
2026-04-15,SY-D-039,ภาคตะวันออก,290,4808
2026-04-15,SY-D-039,ภาคเหนือ,217,3875
2026-04-15,SY-D-039,ภาคใต้,310,5430
2026-04-15,AG-E-052,กรุงเทพฯ,143,2229
2026-04-15,AG-E-052,ภาคกลาง,99,1852
2026-04-15,AG-E-052,ภาคตะวันออก,89,1291
2026-04-15,AG-E-052,ภาคเหนือ,70,1406
2026-04-15,AG-E-052,ภาคใต้,89,1846
2026-04-16,TK-A-001,กรุงเทพฯ,170,3631
2026-04-16,TK-A-001,ภาคกลาง,138,2797
2026-04-16,TK-A-001,ภาคตะวันออก,108,1676
2026-04-16,TK-A-001,ภาคเหนือ,105,1848
2026-04-16,TK-A-001,ภาคใต้,118,2435
2026-04-16,GL-B-014,กรุงเทพฯ,897,14561
2026-04-16,GL-B-014,ภาคกลาง,681,13817
2026-04-16,GL-B-014,ภาคตะวันออก,615,10035
2026-04-16,GL-B-014,ภาคเหนือ,549,8219
2026-04-16,GL-B-014,ภาคใต้,645,10430
2026-04-16,MK-C-028,กรุงเทพฯ,615,13737
2026-04-16,MK-C-028,ภาคกลาง,497,9799
2026-04-16,MK-C-028,ภาคตะวันออก,424,6839
2026-04-16,MK-C-028,ภาคเหนือ,357,7418
2026-04-16,MK-C-028,ภาคใต้,452,7472
2026-04-16,SY-D-039,กรุงเทพฯ,446,8567
2026-04-16,SY-D-039,ภาคกลาง,372,6148
2026-04-16,SY-D-039,ภาคตะวันออก,299,4350
2026-04-16,SY-D-039,ภาคเหนือ,264,4537
2026-04-16,SY-D-039,ภาคใต้,278,5959
2026-04-16,AG-E-052,กรุงเทพฯ,131,2101
2026-04-16,AG-E-052,ภาคกลาง,106,1849
2026-04-16,AG-E-052,ภาคตะวันออก,81,1247
2026-04-16,AG-E-052,ภาคเหนือ,75,1203
2026-04-16,AG-E-052,ภาคใต้,88,1816
2026-04-17,TK-A-001,กรุงเทพฯ,185,3615
2026-04-17,TK-A-001,ภาคกลาง,142,2257
2026-04-17,TK-A-001,ภาคตะวันออก,102,1733
2026-04-17,TK-A-001,ภาคเหนือ,105,1946
2026-04-17,TK-A-001,ภาคใต้,119,1973
2026-04-17,GL-B-014,กรุงเทพฯ,875,16310
2026-04-17,GL-B-014,ภาคกลาง,688,12047
2026-04-17,GL-B-014,ภาคตะวันออก,527,8815
2026-04-17,GL-B-014,ภาคเหนือ,509,7988
2026-04-17,GL-B-014,ภาคใต้,659,12510
2026-04-17,MK-C-028,กรุงเทพฯ,620,10850
2026-04-17,MK-C-028,ภาคกลาง,528,9241
2026-04-17,MK-C-028,ภาคตะวันออก,386,6982
2026-04-17,MK-C-028,ภาคเหนือ,401,6710
2026-04-17,MK-C-028,ภาคใต้,465,8538
2026-04-17,SY-D-039,กรุงเทพฯ,473,6902
2026-04-17,SY-D-039,ภาคกลาง,359,7066
2026-04-17,SY-D-039,ภาคตะวันออก,284,4754
2026-04-17,SY-D-039,ภาคเหนือ,237,4890
2026-04-17,SY-D-039,ภาคใต้,296,6181
2026-04-17,AG-E-052,กรุงเทพฯ,136,2261
2026-04-17,AG-E-052,ภาคกลาง,110,1708
2026-04-17,AG-E-052,ภาคตะวันออก,81,1439
2026-04-17,AG-E-052,ภาคเหนือ,79,1218
2026-04-17,AG-E-052,ภาคใต้,83,1850
2026-04-18,TK-A-001,กรุงเทพฯ,195,3681
2026-04-18,TK-A-001,ภาคกลาง,134,2215
2026-04-18,TK-A-001,ภาคตะวันออก,114,1866
2026-04-18,TK-A-001,ภาคเหนือ,108,1585
2026-04-18,TK-A-001,ภาคใต้,112,1929
2026-04-18,GL-B-014,กรุงเทพฯ,1046,17168
2026-04-18,GL-B-014,ภาคกลาง,836,14297
2026-04-18,GL-B-014,ภาคตะวันออก,538,8916
2026-04-18,GL-B-014,ภาคเหนือ,502,8691
2026-04-18,GL-B-014,ภาคใต้,642,10581
2026-04-18,MK-C-028,กรุงเทพฯ,675,11719
2026-04-18,MK-C-028,ภาคกลาง,504,9359
2026-04-18,MK-C-028,ภาคตะวันออก,435,7218
2026-04-18,MK-C-028,ภาคเหนือ,372,6782
2026-04-18,MK-C-028,ภาคใต้,430,8591
2026-04-18,SY-D-039,กรุงเทพฯ,493,7145
2026-04-18,SY-D-039,ภาคกลาง,374,7282
2026-04-18,SY-D-039,ภาคตะวันออก,256,4663
2026-04-18,SY-D-039,ภาคเหนือ,232,4792
2026-04-18,SY-D-039,ภาคใต้,326,5874
2026-04-18,AG-E-052,กรุงเทพฯ,126,2595
2026-04-18,AG-E-052,ภาคกลาง,105,2131
2026-04-18,AG-E-052,ภาคตะวันออก,82,1623
2026-04-18,AG-E-052,ภาคเหนือ,71,1188
2026-04-18,AG-E-052,ภาคใต้,93,1528
2026-04-19,TK-A-001,กรุงเทพฯ,175,2961
2026-04-19,TK-A-001,ภาคกลาง,135,2328
2026-04-19,TK-A-001,ภาคตะวันออก,110,1961
2026-04-19,TK-A-001,ภาคเหนือ,108,1524
2026-04-19,TK-A-001,ภาคใต้,127,2396
2026-04-19,GL-B-014,กรุงเทพฯ,965,17682
2026-04-19,GL-B-014,ภาคกลาง,808,12560
2026-04-19,GL-B-014,ภาคตะวันออก,629,10846
2026-04-19,GL-B-014,ภาคเหนือ,536,9229
2026-04-19,GL-B-014,ภาคใต้,670,11794
2026-04-19,MK-C-028,กรุงเทพฯ,709,12842
2026-04-19,MK-C-028,ภาคกลาง,535,10842
2026-04-19,MK-C-028,ภาคตะวันออก,447,6744
2026-04-19,MK-C-028,ภาคเหนือ,370,7302
2026-04-19,MK-C-028,ภาคใต้,455,8634
2026-04-19,SY-D-039,กรุงเทพฯ,454,7629
2026-04-19,SY-D-039,ภาคกลาง,362,5556
2026-04-19,SY-D-039,ภาคตะวันออก,255,4863
2026-04-19,SY-D-039,ภาคเหนือ,255,4303
2026-04-19,SY-D-039,ภาคใต้,285,6179
2026-04-19,AG-E-052,กรุงเทพฯ,152,2212
2026-04-19,AG-E-052,ภาคกลาง,116,1820
2026-04-19,AG-E-052,ภาคตะวันออก,90,1477
2026-04-19,AG-E-052,ภาคเหนือ,71,1253
2026-04-19,AG-E-052,ภาคใต้,101,1714
2026-04-20,TK-A-001,กรุงเทพฯ,188,3576
2026-04-20,TK-A-001,ภาคกลาง,136,2441
2026-04-20,TK-A-001,ภาคตะวันออก,101,1962
2026-04-20,TK-A-001,ภาคเหนือ,96,1857
2026-04-20,TK-A-001,ภาคใต้,128,2460
2026-04-20,GL-B-014,กรุงเทพฯ,957,16807
2026-04-20,GL-B-014,ภาคกลาง,813,13269
2026-04-20,GL-B-014,ภาคตะวันออก,598,10666
2026-04-20,GL-B-014,ภาคเหนือ,563,9540
2026-04-20,GL-B-014,ภาคใต้,654,12064
2026-04-20,MK-C-028,กรุงเทพฯ,669,11950
2026-04-20,MK-C-028,ภาคกลาง,594,10605
2026-04-20,MK-C-028,ภาคตะวันออก,433,6574
2026-04-20,MK-C-028,ภาคเหนือ,377,5778
2026-04-20,MK-C-028,ภาคใต้,454,8225
2026-04-20,SY-D-039,กรุงเทพฯ,460,7029
2026-04-20,SY-D-039,ภาคกลาง,383,6436
2026-04-20,SY-D-039,ภาคตะวันออก,293,5294
2026-04-20,SY-D-039,ภาคเหนือ,247,4927
2026-04-20,SY-D-039,ภาคใต้,294,4932
2026-04-20,AG-E-052,กรุงเทพฯ,147,2605
2026-04-20,AG-E-052,ภาคกลาง,119,2097
2026-04-20,AG-E-052,ภาคตะวันออก,91,1573
2026-04-20,AG-E-052,ภาคเหนือ,71,1380
2026-04-20,AG-E-052,ภาคใต้,100,1525
2026-04-21,TK-A-001,กรุงเทพฯ,205,3405
2026-04-21,TK-A-001,ภาคกลาง,146,2395
2026-04-21,TK-A-001,ภาคตะวันออก,114,2131
2026-04-21,TK-A-001,ภาคเหนือ,100,1808
2026-04-21,TK-A-001,ภาคใต้,127,2237
2026-04-21,GL-B-014,กรุงเทพฯ,957,18784
2026-04-21,GL-B-014,ภาคกลาง,762,14103
2026-04-21,GL-B-014,ภาคตะวันออก,619,11153
2026-04-21,GL-B-014,ภาคเหนือ,469,7823
2026-04-21,GL-B-014,ภาคใต้,683,12456
2026-04-21,MK-C-028,กรุงเทพฯ,678,12309
2026-04-21,MK-C-028,ภาคกลาง,594,10111
2026-04-21,MK-C-028,ภาคตะวันออก,388,8153
2026-04-21,MK-C-028,ภาคเหนือ,387,5579
2026-04-21,MK-C-028,ภาคใต้,508,6961
2026-04-21,SY-D-039,กรุงเทพฯ,474,8914
2026-04-21,SY-D-039,ภาคกลาง,362,5974
2026-04-21,SY-D-039,ภาคตะวันออก,270,4893
2026-04-21,SY-D-039,ภาคเหนือ,263,4214
2026-04-21,SY-D-039,ภาคใต้,319,5701
2026-04-21,AG-E-052,กรุงเทพฯ,154,2644
2026-04-21,AG-E-052,ภาคกลาง,105,1655
2026-04-21,AG-E-052,ภาคตะวันออก,88,1252
2026-04-21,AG-E-052,ภาคเหนือ,76,1274
2026-04-21,AG-E-052,ภาคใต้,87,1796
2026-04-22,TK-A-001,กรุงเทพฯ,174,3115
2026-04-22,TK-A-001,ภาคกลาง,146,2725
2026-04-22,TK-A-001,ภาคตะวันออก,123,2043
2026-04-22,TK-A-001,ภาคเหนือ,97,1780
2026-04-22,TK-A-001,ภาคใต้,115,1860
2026-04-22,GL-B-014,กรุงเทพฯ,1074,14928
2026-04-22,GL-B-014,ภาคกลาง,807,11642
2026-04-22,GL-B-014,ภาคตะวันออก,532,9443
2026-04-22,GL-B-014,ภาคเหนือ,562,9739
2026-04-22,GL-B-014,ภาคใต้,704,12094
2026-04-22,MK-C-028,กรุงเทพฯ,706,13458
2026-04-22,MK-C-028,ภาคกลาง,528,10413
2026-04-22,MK-C-028,ภาคตะวันออก,448,6819
2026-04-22,MK-C-028,ภาคเหนือ,390,5728
2026-04-22,MK-C-028,ภาคใต้,517,8750
2026-04-22,SY-D-039,กรุงเทพฯ,436,8282
2026-04-22,SY-D-039,ภาคกลาง,380,7249
2026-04-22,SY-D-039,ภาคตะวันออก,261,4908
2026-04-22,SY-D-039,ภาคเหนือ,256,4330
2026-04-22,SY-D-039,ภาคใต้,331,5944
2026-04-22,AG-E-052,กรุงเทพฯ,151,2354
2026-04-22,AG-E-052,ภาคกลาง,112,1680
2026-04-22,AG-E-052,ภาคตะวันออก,84,1624
2026-04-22,AG-E-052,ภาคเหนือ,73,1272
2026-04-22,AG-E-052,ภาคใต้,104,1380
2026-04-23,TK-A-001,กรุงเทพฯ,196,2851
2026-04-23,TK-A-001,ภาคกลาง,165,2520
2026-04-23,TK-A-001,ภาคตะวันออก,123,2113
2026-04-23,TK-A-001,ภาคเหนือ,108,1507
2026-04-23,TK-A-001,ภาคใต้,122,2124
2026-04-23,GL-B-014,กรุงเทพฯ,1074,16982
2026-04-23,GL-B-014,ภาคกลาง,837,13172
2026-04-23,GL-B-014,ภาคตะวันออก,539,9512
2026-04-23,GL-B-014,ภาคเหนือ,534,7815
2026-04-23,GL-B-014,ภาคใต้,640,11006
2026-04-23,MK-C-028,กรุงเทพฯ,653,13337
2026-04-23,MK-C-028,ภาคกลาง,628,10128
2026-04-23,MK-C-028,ภาคตะวันออก,449,6802
2026-04-23,MK-C-028,ภาคเหนือ,410,6103
2026-04-23,MK-C-028,ภาคใต้,448,6900
2026-04-23,SY-D-039,กรุงเทพฯ,458,7955
2026-04-23,SY-D-039,ภาคกลาง,396,6662
2026-04-23,SY-D-039,ภาคตะวันออก,307,4432
2026-04-23,SY-D-039,ภาคเหนือ,235,4395
2026-04-23,SY-D-039,ภาคใต้,307,5553
2026-04-23,AG-E-052,กรุงเทพฯ,132,2102
2026-04-23,AG-E-052,ภาคกลาง,105,2021
2026-04-23,AG-E-052,ภาคตะวันออก,93,1439
2026-04-23,AG-E-052,ภาคเหนือ,80,1455
2026-04-23,AG-E-052,ภาคใต้,100,1521
2026-04-24,TK-A-001,กรุงเทพฯ,177,3193
2026-04-24,TK-A-001,ภาคกลาง,145,2248
2026-04-24,TK-A-001,ภาคตะวันออก,106,1759
2026-04-24,TK-A-001,ภาคเหนือ,113,1917
2026-04-24,TK-A-001,ภาคใต้,131,2167
2026-04-24,GL-B-014,กรุงเทพฯ,1002,14829
2026-04-24,GL-B-014,ภาคกลาง,811,14630
2026-04-24,GL-B-014,ภาคตะวันออก,639,10011
2026-04-24,GL-B-014,ภาคเหนือ,527,9649
2026-04-24,GL-B-014,ภาคใต้,639,12535
2026-04-24,MK-C-028,กรุงเทพฯ,777,13808
2026-04-24,MK-C-028,ภาคกลาง,554,9655
2026-04-24,MK-C-028,ภาคตะวันออก,443,6207
2026-04-24,MK-C-028,ภาคเหนือ,423,6210
2026-04-24,MK-C-028,ภาคใต้,472,7614
2026-04-24,SY-D-039,กรุงเทพฯ,502,7263
2026-04-24,SY-D-039,ภาคกลาง,407,5678
2026-04-24,SY-D-039,ภาคตะวันออก,289,4546
2026-04-24,SY-D-039,ภาคเหนือ,241,4100
2026-04-24,SY-D-039,ภาคใต้,343,5181
2026-04-24,AG-E-052,กรุงเทพฯ,131,2651
2026-04-24,AG-E-052,ภาคกลาง,104,2038
2026-04-24,AG-E-052,ภาคตะวันออก,87,1327
2026-04-24,AG-E-052,ภาคเหนือ,85,1114
2026-04-24,AG-E-052,ภาคใต้,89,1499
2026-04-25,TK-A-001,กรุงเทพฯ,182,3713
2026-04-25,TK-A-001,ภาคกลาง,153,2325
2026-04-25,TK-A-001,ภาคตะวันออก,116,2111
2026-04-25,TK-A-001,ภาคเหนือ,104,1882
2026-04-25,TK-A-001,ภาคใต้,126,2272
2026-04-25,GL-B-014,กรุงเทพฯ,912,16897
2026-04-25,GL-B-014,ภาคกลาง,820,14049
2026-04-25,GL-B-014,ภาคตะวันออก,618,10301
2026-04-25,GL-B-014,ภาคเหนือ,538,9002
2026-04-25,GL-B-014,ภาคใต้,690,10419
2026-04-25,MK-C-028,กรุงเทพฯ,736,13408
2026-04-25,MK-C-028,ภาคกลาง,552,10101
2026-04-25,MK-C-028,ภาคตะวันออก,408,6813
2026-04-25,MK-C-028,ภาคเหนือ,403,5694
2026-04-25,MK-C-028,ภาคใต้,442,8047
2026-04-25,SY-D-039,กรุงเทพฯ,473,7980
2026-04-25,SY-D-039,ภาคกลาง,406,5872
2026-04-25,SY-D-039,ภาคตะวันออก,285,4266
2026-04-25,SY-D-039,ภาคเหนือ,234,4388
2026-04-25,SY-D-039,ภาคใต้,327,5035
2026-04-25,AG-E-052,กรุงเทพฯ,138,2557
2026-04-25,AG-E-052,ภาคกลาง,116,1670
2026-04-25,AG-E-052,ภาคตะวันออก,91,1606
2026-04-25,AG-E-052,ภาคเหนือ,71,1418
2026-04-25,AG-E-052,ภาคใต้,93,1412
2026-04-26,TK-A-001,กรุงเทพฯ,192,2867
2026-04-26,TK-A-001,ภาคกลาง,170,2895
2026-04-26,TK-A-001,ภาคตะวันออก,129,1992
2026-04-26,TK-A-001,ภาคเหนือ,101,1673
2026-04-26,TK-A-001,ภาคใต้,135,2076
2026-04-26,GL-B-014,กรุงเทพฯ,923,14768
2026-04-26,GL-B-014,ภาคกลาง,887,14604
2026-04-26,GL-B-014,ภาคตะวันออก,585,9082
2026-04-26,GL-B-014,ภาคเหนือ,553,9047
2026-04-26,GL-B-014,ภาคใต้,703,12394
2026-04-26,MK-C-028,กรุงเทพฯ,660,13424
2026-04-26,MK-C-028,ภาคกลาง,595,9459
2026-04-26,MK-C-028,ภาคตะวันออก,440,7538
2026-04-26,MK-C-028,ภาคเหนือ,372,6894
2026-04-26,MK-C-028,ภาคใต้,509,7555
2026-04-26,SY-D-039,กรุงเทพฯ,537,8021
2026-04-26,SY-D-039,ภาคกลาง,416,7100
2026-04-26,SY-D-039,ภาคตะวันออก,288,5002
2026-04-26,SY-D-039,ภาคเหนือ,275,4172
2026-04-26,SY-D-039,ภาคใต้,337,4877
2026-04-26,AG-E-052,กรุงเทพฯ,161,2272
2026-04-26,AG-E-052,ภาคกลาง,109,1774
2026-04-26,AG-E-052,ภาคตะวันออก,96,1407
2026-04-26,AG-E-052,ภาคเหนือ,81,1452
2026-04-26,AG-E-052,ภาคใต้,97,1467
2026-04-27,TK-A-001,กรุงเทพฯ,178,3086
2026-04-27,TK-A-001,ภาคกลาง,173,2258
2026-04-27,TK-A-001,ภาคตะวันออก,112,2058
2026-04-27,TK-A-001,ภาคเหนือ,112,1723
2026-04-27,TK-A-001,ภาคใต้,137,2054
2026-04-27,GL-B-014,กรุงเทพฯ,992,14846
2026-04-27,GL-B-014,ภาคกลาง,782,13519
2026-04-27,GL-B-014,ภาคตะวันออก,630,9310
2026-04-27,GL-B-014,ภาคเหนือ,586,9156
2026-04-27,GL-B-014,ภาคใต้,714,12547
2026-04-27,MK-C-028,กรุงเทพฯ,692,12434
2026-04-27,MK-C-028,ภาคกลาง,549,9695
2026-04-27,MK-C-028,ภาคตะวันออก,438,6393
2026-04-27,MK-C-028,ภาคเหนือ,388,7280
2026-04-27,MK-C-028,ภาคใต้,519,8217
2026-04-27,SY-D-039,กรุงเทพฯ,514,8289
2026-04-27,SY-D-039,ภาคกลาง,429,5693
2026-04-27,SY-D-039,ภาคตะวันออก,284,5046
2026-04-27,SY-D-039,ภาคเหนือ,284,3812
2026-04-27,SY-D-039,ภาคใต้,312,5009
2026-04-27,AG-E-052,กรุงเทพฯ,149,2630
2026-04-27,AG-E-052,ภาคกลาง,109,1735
2026-04-27,AG-E-052,ภาคตะวันออก,82,1391
2026-04-27,AG-E-052,ภาคเหนือ,74,1174
2026-04-27,AG-E-052,ภาคใต้,108,1855
2026-04-28,TK-A-001,กรุงเทพฯ,213,2926
2026-04-28,TK-A-001,ภาคกลาง,165,2442
2026-04-28,TK-A-001,ภาคตะวันออก,120,1674
2026-04-28,TK-A-001,ภาคเหนือ,101,1506
2026-04-28,TK-A-001,ภาคใต้,140,2320
2026-04-28,GL-B-014,กรุงเทพฯ,1125,17173
2026-04-28,GL-B-014,ภาคกลาง,832,12095
2026-04-28,GL-B-014,ภาคตะวันออก,565,10850
2026-04-28,GL-B-014,ภาคเหนือ,541,8534
2026-04-28,GL-B-014,ภาคใต้,623,12805
2026-04-28,MK-C-028,กรุงเทพฯ,720,13638
2026-04-28,MK-C-028,ภาคกลาง,566,8569
2026-04-28,MK-C-028,ภาคตะวันออก,411,7861
2026-04-28,MK-C-028,ภาคเหนือ,416,6011
2026-04-28,MK-C-028,ภาคใต้,459,7517
2026-04-28,SY-D-039,กรุงเทพฯ,528,7948
2026-04-28,SY-D-039,ภาคกลาง,411,6143
2026-04-28,SY-D-039,ภาคตะวันออก,322,5356
2026-04-28,SY-D-039,ภาคเหนือ,269,4132
2026-04-28,SY-D-039,ภาคใต้,357,5391
2026-04-28,AG-E-052,กรุงเทพฯ,153,2712
2026-04-28,AG-E-052,ภาคกลาง,131,2087
2026-04-28,AG-E-052,ภาคตะวันออก,93,1383
2026-04-28,AG-E-052,ภาคเหนือ,81,1301
2026-04-28,AG-E-052,ภาคใต้,101,1483
2026-04-29,TK-A-001,กรุงเทพฯ,180,3196
2026-04-29,TK-A-001,ภาคกลาง,168,2840
2026-04-29,TK-A-001,ภาคตะวันออก,120,1901
2026-04-29,TK-A-001,ภาคเหนือ,113,1495
2026-04-29,TK-A-001,ภาคใต้,139,2408
2026-04-29,GL-B-014,กรุงเทพฯ,1059,14311
2026-04-29,GL-B-014,ภาคกลาง,756,11830
2026-04-29,GL-B-014,ภาคตะวันออก,617,10508
2026-04-29,GL-B-014,ภาคเหนือ,523,8716
2026-04-29,GL-B-014,ภาคใต้,701,10390
2026-04-29,MK-C-028,กรุงเทพฯ,792,12917
2026-04-29,MK-C-028,ภาคกลาง,628,11097
2026-04-29,MK-C-028,ภาคตะวันออก,475,6248
2026-04-29,MK-C-028,ภาคเหนือ,385,6025
2026-04-29,MK-C-028,ภาคใต้,477,6893
2026-04-29,SY-D-039,กรุงเทพฯ,515,7698
2026-04-29,SY-D-039,ภาคกลาง,433,6234
2026-04-29,SY-D-039,ภาคตะวันออก,271,5242
2026-04-29,SY-D-039,ภาคเหนือ,240,4771
2026-04-29,SY-D-039,ภาคใต้,360,5758
2026-04-29,AG-E-052,กรุงเทพฯ,135,2137
2026-04-29,AG-E-052,ภาคกลาง,115,2169
2026-04-29,AG-E-052,ภาคตะวันออก,82,1538
2026-04-29,AG-E-052,ภาคเหนือ,76,1332
2026-04-29,AG-E-052,ภาคใต้,91,1405
2026-04-30,TK-A-001,กรุงเทพฯ,216,3725
2026-04-30,TK-A-001,ภาคกลาง,158,2272
2026-04-30,TK-A-001,ภาคตะวันออก,111,1817
2026-04-30,TK-A-001,ภาคเหนือ,112,1822
2026-04-30,TK-A-001,ภาคใต้,146,1912
2026-04-30,GL-B-014,กรุงเทพฯ,1019,16349
2026-04-30,GL-B-014,ภาคกลาง,785,15226
2026-04-30,GL-B-014,ภาคตะวันออก,656,9708
2026-04-30,GL-B-014,ภาคเหนือ,577,9994
2026-04-30,GL-B-014,ภาคใต้,696,11152
2026-04-30,MK-C-028,กรุงเทพฯ,705,10772
2026-04-30,MK-C-028,ภาคกลาง,644,8405
2026-04-30,MK-C-028,ภาคตะวันออก,430,6615
2026-04-30,MK-C-028,ภาคเหนือ,414,6175
2026-04-30,MK-C-028,ภาคใต้,532,8623
2026-04-30,SY-D-039,กรุงเทพฯ,500,8152
2026-04-30,SY-D-039,ภาคกลาง,415,5797
2026-04-30,SY-D-039,ภาคตะวันออก,295,4152
2026-04-30,SY-D-039,ภาคเหนือ,289,4632
2026-04-30,SY-D-039,ภาคใต้,329,4989
2026-04-30,AG-E-052,กรุงเทพฯ,156,2720
2026-04-30,AG-E-052,ภาคกลาง,130,1927
2026-04-30,AG-E-052,ภาคตะวันออก,92,1448
2026-04-30,AG-E-052,ภาคเหนือ,78,1454
2026-04-30,AG-E-052,ภาคใต้,95,1755
2026-05-01,TK-A-001,กรุงเทพฯ,220,3258
2026-05-01,TK-A-001,ภาคกลาง,168,2394
2026-05-01,TK-A-001,ภาคตะวันออก,128,1737
2026-05-01,TK-A-001,ภาคเหนือ,118,1543
2026-05-01,TK-A-001,ภาคใต้,128,2357
2026-05-01,GL-B-014,กรุงเทพฯ,1025,17926
2026-05-01,GL-B-014,ภาคกลาง,830,12803
2026-05-01,GL-B-014,ภาคตะวันออก,583,10693
2026-05-01,GL-B-014,ภาคเหนือ,537,9968
2026-05-01,GL-B-014,ภาคใต้,699,12520
2026-05-01,MK-C-028,กรุงเทพฯ,819,12191
2026-05-01,MK-C-028,ภาคกลาง,661,9765
2026-05-01,MK-C-028,ภาคตะวันออก,431,7003
2026-05-01,MK-C-028,ภาคเหนือ,431,6346
2026-05-01,MK-C-028,ภาคใต้,484,7123
2026-05-01,SY-D-039,กรุงเทพฯ,462,7728
2026-05-01,SY-D-039,ภาคกลาง,378,5640
2026-05-01,SY-D-039,ภาคตะวันออก,314,5185
2026-05-01,SY-D-039,ภาคเหนือ,282,3753
2026-05-01,SY-D-039,ภาคใต้,330,5959
2026-05-01,AG-E-052,กรุงเทพฯ,165,2276
2026-05-01,AG-E-052,ภาคกลาง,115,1950
2026-05-01,AG-E-052,ภาคตะวันออก,97,1615
2026-05-01,AG-E-052,ภาคเหนือ,81,1136
2026-05-01,AG-E-052,ภาคใต้,110,1438
2026-05-02,TK-A-001,กรุงเทพฯ,207,3709
2026-05-02,TK-A-001,ภาคกลาง,162,2620
2026-05-02,TK-A-001,ภาคตะวันออก,128,2101
2026-05-02,TK-A-001,ภาคเหนือ,108,1907
2026-05-02,TK-A-001,ภาคใต้,137,2155
2026-05-02,GL-B-014,กรุงเทพฯ,959,18759
2026-05-02,GL-B-014,ภาคกลาง,850,15144
2026-05-02,GL-B-014,ภาคตะวันออก,599,9505
2026-05-02,GL-B-014,ภาคเหนือ,571,9804
2026-05-02,GL-B-014,ภาคใต้,762,11975
2026-05-02,MK-C-028,กรุงเทพฯ,689,11384
2026-05-02,MK-C-028,ภาคกลาง,582,9833
2026-05-02,MK-C-028,ภาคตะวันออก,420,6268
2026-05-02,MK-C-028,ภาคเหนือ,382,5715
2026-05-02,MK-C-028,ภาคใต้,539,6989
2026-05-02,SY-D-039,กรุงเทพฯ,467,7275
2026-05-02,SY-D-039,ภาคกลาง,437,7087
2026-05-02,SY-D-039,ภาคตะวันออก,323,5069
2026-05-02,SY-D-039,ภาคเหนือ,271,4119
2026-05-02,SY-D-039,ภาคใต้,324,4834
2026-05-02,AG-E-052,กรุงเทพฯ,145,2414
2026-05-02,AG-E-052,ภาคกลาง,133,1665
2026-05-02,AG-E-052,ภาคตะวันออก,83,1357
2026-05-02,AG-E-052,ภาคเหนือ,77,1283
2026-05-02,AG-E-052,ภาคใต้,94,1606
2026-05-03,TK-A-001,กรุงเทพฯ,223,3137
2026-05-03,TK-A-001,ภาคกลาง,170,2485
2026-05-03,TK-A-001,ภาคตะวันออก,121,2124
2026-05-03,TK-A-001,ภาคเหนือ,109,1696
2026-05-03,TK-A-001,ภาคใต้,150,2441
2026-05-03,GL-B-014,กรุงเทพฯ,976,18002
2026-05-03,GL-B-014,ภาคกลาง,867,13142
2026-05-03,GL-B-014,ภาคตะวันออก,621,11185
2026-05-03,GL-B-014,ภาคเหนือ,599,8725
2026-05-03,GL-B-014,ภาคใต้,638,12246
2026-05-03,MK-C-028,กรุงเทพฯ,821,10502
2026-05-03,MK-C-028,ภาคกลาง,554,9264
2026-05-03,MK-C-028,ภาคตะวันออก,424,8220
2026-05-03,MK-C-028,ภาคเหนือ,433,6405
2026-05-03,MK-C-028,ภาคใต้,501,8611
2026-05-03,SY-D-039,กรุงเทพฯ,465,7395
2026-05-03,SY-D-039,ภาคกลาง,421,6457
2026-05-03,SY-D-039,ภาคตะวันออก,322,5349
2026-05-03,SY-D-039,ภาคเหนือ,256,4802
2026-05-03,SY-D-039,ภาคใต้,352,4599
2026-05-03,AG-E-052,กรุงเทพฯ,155,2752
2026-05-03,AG-E-052,ภาคกลาง,122,2103
2026-05-03,AG-E-052,ภาคตะวันออก,92,1424
2026-05-03,AG-E-052,ภาคเหนือ,80,1221
2026-05-03,AG-E-052,ภาคใต้,109,1734
2026-05-04,TK-A-001,กรุงเทพฯ,212,3412
2026-05-04,TK-A-001,ภาคกลาง,180,2838
2026-05-04,TK-A-001,ภาคตะวันออก,127,1760
2026-05-04,TK-A-001,ภาคเหนือ,108,1908
2026-05-04,TK-A-001,ภาคใต้,125,1847
2026-05-04,GL-B-014,กรุงเทพฯ,1148,15597
2026-05-04,GL-B-014,ภาคกลาง,848,12333
2026-05-04,GL-B-014,ภาคตะวันออก,607,10838
2026-05-04,GL-B-014,ภาคเหนือ,621,8594
2026-05-04,GL-B-014,ภาคใต้,762,9532
2026-05-04,MK-C-028,กรุงเทพฯ,772,10876
2026-05-04,MK-C-028,ภาคกลาง,671,9711
2026-05-04,MK-C-028,ภาคตะวันออก,489,6319
2026-05-04,MK-C-028,ภาคเหนือ,436,6655
2026-05-04,MK-C-028,ภาคใต้,482,8973
2026-05-04,SY-D-039,กรุงเทพฯ,516,8572
2026-05-04,SY-D-039,ภาคกลาง,382,6018
2026-05-04,SY-D-039,ภาคตะวันออก,280,4498
2026-05-04,SY-D-039,ภาคเหนือ,286,3984
2026-05-04,SY-D-039,ภาคใต้,357,5868
2026-05-04,AG-E-052,กรุงเทพฯ,170,2673
2026-05-04,AG-E-052,ภาคกลาง,113,1880
2026-05-04,AG-E-052,ภาคตะวันออก,96,1408
2026-05-04,AG-E-052,ภาคเหนือ,79,1189
2026-05-04,AG-E-052,ภาคใต้,105,1638
2026-05-05,TK-A-001,กรุงเทพฯ,203,2791
2026-05-05,TK-A-001,ภาคกลาง,171,2538
2026-05-05,TK-A-001,ภาคตะวันออก,114,2081
2026-05-05,TK-A-001,ภาคเหนือ,122,1958
2026-05-05,TK-A-001,ภาคใต้,141,2120
2026-05-05,GL-B-014,กรุงเทพฯ,1062,18969
2026-05-05,GL-B-014,ภาคกลาง,905,14162
2026-05-05,GL-B-014,ภาคตะวันออก,667,11045
2026-05-05,GL-B-014,ภาคเหนือ,627,9366
2026-05-05,GL-B-014,ภาคใต้,697,12461
2026-05-05,MK-C-028,กรุงเทพฯ,784,12205
2026-05-05,MK-C-028,ภาคกลาง,661,8827
2026-05-05,MK-C-028,ภาคตะวันออก,456,6884
2026-05-05,MK-C-028,ภาคเหนือ,381,5771
2026-05-05,MK-C-028,ภาคใต้,540,7225
2026-05-05,SY-D-039,กรุงเทพฯ,502,8754
2026-05-05,SY-D-039,ภาคกลาง,394,6020
2026-05-05,SY-D-039,ภาคตะวันออก,307,4924
2026-05-05,SY-D-039,ภาคเหนือ,294,4386
2026-05-05,SY-D-039,ภาคใต้,381,4858
2026-05-05,AG-E-052,กรุงเทพฯ,143,2412
2026-05-05,AG-E-052,ภาคกลาง,112,2006
2026-05-05,AG-E-052,ภาคตะวันออก,101,1405
2026-05-05,AG-E-052,ภาคเหนือ,91,1307
2026-05-05,AG-E-052,ภาคใต้,101,1804
2026-05-06,TK-A-001,กรุงเทพฯ,214,3383
2026-05-06,TK-A-001,ภาคกลาง,163,2636
2026-05-06,TK-A-001,ภาคตะวันออก,126,2106
2026-05-06,TK-A-001,ภาคเหนือ,106,1631
2026-05-06,TK-A-001,ภาคใต้,136,2225
2026-05-06,GL-B-014,กรุงเทพฯ,1105,14459
2026-05-06,GL-B-014,ภาคกลาง,834,13016
2026-05-06,GL-B-014,ภาคตะวันออก,647,10114
2026-05-06,GL-B-014,ภาคเหนือ,619,8475
2026-05-06,GL-B-014,ภาคใต้,743,11532
2026-05-06,MK-C-028,กรุงเทพฯ,798,13410
2026-05-06,MK-C-028,ภาคกลาง,640,8922
2026-05-06,MK-C-028,ภาคตะวันออก,505,7358
2026-05-06,MK-C-028,ภาคเหนือ,425,6816
2026-05-06,MK-C-028,ภาคใต้,487,7814
2026-05-06,SY-D-039,กรุงเทพฯ,495,7468
2026-05-06,SY-D-039,ภาคกลาง,381,5849
2026-05-06,SY-D-039,ภาคตะวันออก,310,4440
2026-05-06,SY-D-039,ภาคเหนือ,266,4515
2026-05-06,SY-D-039,ภาคใต้,336,5678
2026-05-06,AG-E-052,กรุงเทพฯ,155,2457
2026-05-06,AG-E-052,ภาคกลาง,128,2086
2026-05-06,AG-E-052,ภาคตะวันออก,88,1536
2026-05-06,AG-E-052,ภาคเหนือ,88,1167
2026-05-06,AG-E-052,ภาคใต้,109,1751
2026-05-07,TK-A-001,กรุงเทพฯ,193,3089
2026-05-07,TK-A-001,ภาคกลาง,170,2589
2026-05-07,TK-A-001,ภาคตะวันออก,125,1789
2026-05-07,TK-A-001,ภาคเหนือ,107,1494
2026-05-07,TK-A-001,ภาคใต้,145,2327
2026-05-07,GL-B-014,กรุงเทพฯ,1147,15827
2026-05-07,GL-B-014,ภาคกลาง,841,13809
2026-05-07,GL-B-014,ภาคตะวันออก,590,9362
2026-05-07,GL-B-014,ภาคเหนือ,622,9042
2026-05-07,GL-B-014,ภาคใต้,795,10397
2026-05-07,MK-C-028,กรุงเทพฯ,738,12829
2026-05-07,MK-C-028,ภาคกลาง,612,9266
2026-05-07,MK-C-028,ภาคตะวันออก,470,6849
2026-05-07,MK-C-028,ภาคเหนือ,456,6869
2026-05-07,MK-C-028,ภาคใต้,511,7038
2026-05-07,SY-D-039,กรุงเทพฯ,517,9269
2026-05-07,SY-D-039,ภาคกลาง,406,7351
2026-05-07,SY-D-039,ภาคตะวันออก,322,4160
2026-05-07,SY-D-039,ภาคเหนือ,257,3741
2026-05-07,SY-D-039,ภาคใต้,356,4790
2026-05-07,AG-E-052,กรุงเทพฯ,157,2127
2026-05-07,AG-E-052,ภาคกลาง,135,1739
2026-05-07,AG-E-052,ภาคตะวันออก,103,1390
2026-05-07,AG-E-052,ภาคเหนือ,85,1445
2026-05-07,AG-E-052,ภาคใต้,106,1560
2026-05-08,TK-A-001,กรุงเทพฯ,218,3231
2026-05-08,TK-A-001,ภาคกลาง,171,2726
2026-05-08,TK-A-001,ภาคตะวันออก,123,1687
2026-05-08,TK-A-001,ภาคเหนือ,111,1491
2026-05-08,TK-A-001,ภาคใต้,129,2149
2026-05-08,GL-B-014,กรุงเทพฯ,985,17185
2026-05-08,GL-B-014,ภาคกลาง,802,12292
2026-05-08,GL-B-014,ภาคตะวันออก,650,9686
2026-05-08,GL-B-014,ภาคเหนือ,575,9495
2026-05-08,GL-B-014,ภาคใต้,657,10351
2026-05-08,MK-C-028,กรุงเทพฯ,792,11664
2026-05-08,MK-C-028,ภาคกลาง,646,9331
2026-05-08,MK-C-028,ภาคตะวันออก,516,7462
2026-05-08,MK-C-028,ภาคเหนือ,450,6185
2026-05-08,MK-C-028,ภาคใต้,520,7086
2026-05-08,SY-D-039,กรุงเทพฯ,497,7637
2026-05-08,SY-D-039,ภาคกลาง,394,6569
2026-05-08,SY-D-039,ภาคตะวันออก,302,5533
2026-05-08,SY-D-039,ภาคเหนือ,308,4141
2026-05-08,SY-D-039,ภาคใต้,318,5523
2026-05-08,AG-E-052,กรุงเทพฯ,162,2742
2026-05-08,AG-E-052,ภาคกลาง,117,2027
2026-05-08,AG-E-052,ภาคตะวันออก,97,1636
2026-05-08,AG-E-052,ภาคเหนือ,83,1246
2026-05-08,AG-E-052,ภาคใต้,110,1501
2026-05-09,TK-A-001,กรุงเทพฯ,226,3178
2026-05-09,TK-A-001,ภาคกลาง,181,2224
2026-05-09,TK-A-001,ภาคตะวันออก,139,1993
2026-05-09,TK-A-001,ภาคเหนือ,122,1574
2026-05-09,TK-A-001,ภาคใต้,141,1850
2026-05-09,GL-B-014,กรุงเทพฯ,994,14715
2026-05-09,GL-B-014,ภาคกลาง,867,14191
2026-05-09,GL-B-014,ภาคตะวันออก,643,8739
2026-05-09,GL-B-014,ภาคเหนือ,546,9994
2026-05-09,GL-B-014,ภาคใต้,783,11397
2026-05-09,MK-C-028,กรุงเทพฯ,724,13097
2026-05-09,MK-C-028,ภาคกลาง,688,10658
2026-05-09,MK-C-028,ภาคตะวันออก,491,7585
2026-05-09,MK-C-028,ภาคเหนือ,420,6603
2026-05-09,MK-C-028,ภาคใต้,570,7882
2026-05-09,SY-D-039,กรุงเทพฯ,577,8654
2026-05-09,SY-D-039,ภาคกลาง,395,5878
2026-05-09,SY-D-039,ภาคตะวันออก,323,5579
2026-05-09,SY-D-039,ภาคเหนือ,299,4949
2026-05-09,SY-D-039,ภาคใต้,324,5410
2026-05-09,AG-E-052,กรุงเทพฯ,170,2273
2026-05-09,AG-E-052,ภาคกลาง,129,1820
2026-05-09,AG-E-052,ภาคตะวันออก,98,1533
2026-05-09,AG-E-052,ภาคเหนือ,79,1131
2026-05-09,AG-E-052,ภาคใต้,100,1787
2026-05-10,TK-A-001,กรุงเทพฯ,230,3382
2026-05-10,TK-A-001,ภาคกลาง,177,2766
2026-05-10,TK-A-001,ภาคตะวันออก,137,2146
2026-05-10,TK-A-001,ภาคเหนือ,105,1726
2026-05-10,TK-A-001,ภาคใต้,154,2406
2026-05-10,GL-B-014,กรุงเทพฯ,1088,18026
2026-05-10,GL-B-014,ภาคกลาง,920,13768
2026-05-10,GL-B-014,ภาคตะวันออก,700,8961
2026-05-10,GL-B-014,ภาคเหนือ,648,9722
2026-05-10,GL-B-014,ภาคใต้,763,9754
2026-05-10,MK-C-028,กรุงเทพฯ,789,13482
2026-05-10,MK-C-028,ภาคกลาง,645,9933
2026-05-10,MK-C-028,ภาคตะวันออก,511,6536
2026-05-10,MK-C-028,ภาคเหนือ,471,5732
2026-05-10,MK-C-028,ภาคใต้,498,9269
2026-05-10,SY-D-039,กรุงเทพฯ,531,7312
2026-05-10,SY-D-039,ภาคกลาง,400,5875
2026-05-10,SY-D-039,ภาคตะวันออก,316,5388
2026-05-10,SY-D-039,ภาคเหนือ,299,4418
2026-05-10,SY-D-039,ภาคใต้,367,5672
2026-05-10,AG-E-052,กรุงเทพฯ,175,2562
2026-05-10,AG-E-052,ภาคกลาง,128,1905
2026-05-10,AG-E-052,ภาคตะวันออก,97,1550
2026-05-10,AG-E-052,ภาคเหนือ,86,1460
2026-05-10,AG-E-052,ภาคใต้,108,1672
2026-05-11,TK-A-001,กรุงเทพฯ,218,3382
2026-05-11,TK-A-001,ภาคกลาง,161,2628
2026-05-11,TK-A-001,ภาคตะวันออก,134,2141
2026-05-11,TK-A-001,ภาคเหนือ,112,1648
2026-05-11,TK-A-001,ภาคใต้,147,2283
2026-05-11,GL-B-014,กรุงเทพฯ,1046,17180
2026-05-11,GL-B-014,ภาคกลาง,803,12536
2026-05-11,GL-B-014,ภาคตะวันออก,734,9864
2026-05-11,GL-B-014,ภาคเหนือ,547,9829
2026-05-11,GL-B-014,ภาคใต้,722,11054
2026-05-11,MK-C-028,กรุงเทพฯ,879,10729
2026-05-11,MK-C-028,ภาคกลาง,609,10967
2026-05-11,MK-C-028,ภาคตะวันออก,459,6698
2026-05-11,MK-C-028,ภาคเหนือ,458,6136
2026-05-11,MK-C-028,ภาคใต้,512,7331
2026-05-11,SY-D-039,กรุงเทพฯ,579,7464
2026-05-11,SY-D-039,ภาคกลาง,446,6923
2026-05-11,SY-D-039,ภาคตะวันออก,296,5163
2026-05-11,SY-D-039,ภาคเหนือ,261,4378
2026-05-11,SY-D-039,ภาคใต้,360,5635
2026-05-11,AG-E-052,กรุงเทพฯ,158,2660
2026-05-11,AG-E-052,ภาคกลาง,141,1703
2026-05-11,AG-E-052,ภาคตะวันออก,88,1495
2026-05-11,AG-E-052,ภาคเหนือ,92,1211
2026-05-11,AG-E-052,ภาคใต้,116,1655
2026-05-12,TK-A-001,กรุงเทพฯ,237,3608
2026-05-12,TK-A-001,ภาคกลาง,166,2434
2026-05-12,TK-A-001,ภาคตะวันออก,119,2076
2026-05-12,TK-A-001,ภาคเหนือ,122,1832
2026-05-12,TK-A-001,ภาคใต้,158,1883
2026-05-12,GL-B-014,กรุงเทพฯ,1230,17206
2026-05-12,GL-B-014,ภาคกลาง,951,11949
2026-05-12,GL-B-014,ภาคตะวันออก,682,10444
2026-05-12,GL-B-014,ภาคเหนือ,580,8652
2026-05-12,GL-B-014,ภาคใต้,809,11757
2026-05-12,MK-C-028,กรุงเทพฯ,762,13881
2026-05-12,MK-C-028,ภาคกลาง,713,10247
2026-05-12,MK-C-028,ภาคตะวันออก,535,6330
2026-05-12,MK-C-028,ภาคเหนือ,463,6470
2026-05-12,MK-C-028,ภาคใต้,539,7461
2026-05-12,SY-D-039,กรุงเทพฯ,512,7513
2026-05-12,SY-D-039,ภาคกลาง,406,5604
2026-05-12,SY-D-039,ภาคตะวันออก,326,4452
2026-05-12,SY-D-039,ภาคเหนือ,293,4091
2026-05-12,SY-D-039,ภาคใต้,391,4859
2026-05-12,AG-E-052,กรุงเทพฯ,159,2783
2026-05-12,AG-E-052,ภาคกลาง,137,2137
2026-05-12,AG-E-052,ภาคตะวันออก,96,1418
2026-05-12,AG-E-052,ภาคเหนือ,81,1465
2026-05-12,AG-E-052,ภาคใต้,112,1645
2026-05-13,TK-A-001,กรุงเทพฯ,205,3469
2026-05-13,TK-A-001,ภาคกลาง,159,2516
2026-05-13,TK-A-001,ภาคตะวันออก,143,1791
2026-05-13,TK-A-001,ภาคเหนือ,126,1720
2026-05-13,TK-A-001,ภาคใต้,153,2131
2026-05-13,GL-B-014,กรุงเทพฯ,1175,16582
2026-05-13,GL-B-014,ภาคกลาง,982,12810
2026-05-13,GL-B-014,ภาคตะวันออก,631,8883
2026-05-13,GL-B-014,ภาคเหนือ,546,8617
2026-05-13,GL-B-014,ภาคใต้,748,9828
2026-05-13,MK-C-028,กรุงเทพฯ,802,12926
2026-05-13,MK-C-028,ภาคกลาง,633,9662
2026-05-13,MK-C-028,ภาคตะวันออก,515,7501
2026-05-13,MK-C-028,ภาคเหนือ,472,7012
2026-05-13,MK-C-028,ภาคใต้,562,8042
2026-05-13,SY-D-039,กรุงเทพฯ,499,6891
2026-05-13,SY-D-039,ภาคกลาง,422,6928
2026-05-13,SY-D-039,ภาคตะวันออก,326,4325
2026-05-13,SY-D-039,ภาคเหนือ,302,3939
2026-05-13,SY-D-039,ภาคใต้,348,5761
2026-05-13,AG-E-052,กรุงเทพฯ,153,2738
2026-05-13,AG-E-052,ภาคกลาง,136,2107
2026-05-13,AG-E-052,ภาคตะวันออก,92,1495
2026-05-13,AG-E-052,ภาคเหนือ,87,1140
2026-05-13,AG-E-052,ภาคใต้,118,1771
2026-05-14,TK-A-001,กรุงเทพฯ,209,3328
2026-05-14,TK-A-001,ภาคกลาง,185,2353
2026-05-14,TK-A-001,ภาคตะวันออก,121,1867
2026-05-14,TK-A-001,ภาคเหนือ,108,1780
2026-05-14,TK-A-001,ภาคใต้,155,2232
2026-05-14,GL-B-014,กรุงเทพฯ,1156,16037
2026-05-14,GL-B-014,ภาคกลาง,849,13266
2026-05-14,GL-B-014,ภาคตะวันออก,667,9117
2026-05-14,GL-B-014,ภาคเหนือ,608,8967
2026-05-14,GL-B-014,ภาคใต้,735,9722
2026-05-14,MK-C-028,กรุงเทพฯ,833,12259
2026-05-14,MK-C-028,ภาคกลาง,678,9328
2026-05-14,MK-C-028,ภาคตะวันออก,518,7545
2026-05-14,MK-C-028,ภาคเหนือ,431,7325
2026-05-14,MK-C-028,ภาคใต้,519,9116
2026-05-14,SY-D-039,กรุงเทพฯ,567,6976
2026-05-14,SY-D-039,ภาคกลาง,405,6393
2026-05-14,SY-D-039,ภาคตะวันออก,319,4456
2026-05-14,SY-D-039,ภาคเหนือ,313,4772
2026-05-14,SY-D-039,ภาคใต้,342,5520
2026-05-14,AG-E-052,กรุงเทพฯ,172,2748
2026-05-14,AG-E-052,ภาคกลาง,142,2211
2026-05-14,AG-E-052,ภาคตะวันออก,108,1484
2026-05-14,AG-E-052,ภาคเหนือ,79,1166
2026-05-14,AG-E-052,ภาคใต้,120,1393
2026-05-15,TK-A-001,กรุงเทพฯ,199,2832
2026-05-15,TK-A-001,ภาคกลาง,166,2243
2026-05-15,TK-A-001,ภาคตะวันออก,139,1811
2026-05-15,TK-A-001,ภาคเหนือ,114,1501
2026-05-15,TK-A-001,ภาคใต้,144,2264
2026-05-15,GL-B-014,กรุงเทพฯ,1214,16121
2026-05-15,GL-B-014,ภาคกลาง,913,11856
2026-05-15,GL-B-014,ภาคตะวันออก,737,10058
2026-05-15,GL-B-014,ภาคเหนือ,590,8086
2026-05-15,GL-B-014,ภาคใต้,803,11204
2026-05-15,MK-C-028,กรุงเทพฯ,793,11272
2026-05-15,MK-C-028,ภาคกลาง,667,9439
2026-05-15,MK-C-028,ภาคตะวันออก,519,8184
2026-05-15,MK-C-028,ภาคเหนือ,481,7023
2026-05-15,MK-C-028,ภาคใต้,535,7403
2026-05-15,SY-D-039,กรุงเทพฯ,530,7660
2026-05-15,SY-D-039,ภาคกลาง,438,5998
2026-05-15,SY-D-039,ภาคตะวันออก,335,5331
2026-05-15,SY-D-039,ภาคเหนือ,270,3860
2026-05-15,SY-D-039,ภาคใต้,349,5958
2026-05-15,AG-E-052,กรุงเทพฯ,159,2269
2026-05-15,AG-E-052,ภาคกลาง,126,1753
2026-05-15,AG-E-052,ภาคตะวันออก,92,1510
2026-05-15,AG-E-052,ภาคเหนือ,82,1368
2026-05-15,AG-E-052,ภาคใต้,117,1489
2026-05-16,TK-A-001,กรุงเทพฯ,200,3087
2026-05-16,TK-A-001,ภาคกลาง,192,2527
2026-05-16,TK-A-001,ภาคตะวันออก,128,1833
2026-05-16,TK-A-001,ภาคเหนือ,122,1527
2026-05-16,TK-A-001,ภาคใต้,133,2171
2026-05-16,GL-B-014,กรุงเทพฯ,1082,16284
2026-05-16,GL-B-014,ภาคกลาง,953,11940
2026-05-16,GL-B-014,ภาคตะวันออก,678,9642
2026-05-16,GL-B-014,ภาคเหนือ,552,9658
2026-05-16,GL-B-014,ภาคใต้,757,11161
2026-05-16,MK-C-028,กรุงเทพฯ,802,11521
2026-05-16,MK-C-028,ภาคกลาง,672,9950
2026-05-16,MK-C-028,ภาคตะวันออก,536,8145
2026-05-16,MK-C-028,ภาคเหนือ,481,6726
2026-05-16,MK-C-028,ภาคใต้,525,7103
2026-05-16,SY-D-039,กรุงเทพฯ,554,7541
2026-05-16,SY-D-039,ภาคกลาง,454,6889
2026-05-16,SY-D-039,ภาคตะวันออก,337,5330
2026-05-16,SY-D-039,ภาคเหนือ,285,4438
2026-05-16,SY-D-039,ภาคใต้,370,5787
2026-05-16,AG-E-052,กรุงเทพฯ,167,2105
2026-05-16,AG-E-052,ภาคกลาง,145,1854
2026-05-16,AG-E-052,ภาคตะวันออก,90,1415
2026-05-16,AG-E-052,ภาคเหนือ,87,1479
2026-05-16,AG-E-052,ภาคใต้,119,1483
2026-05-17,TK-A-001,กรุงเทพฯ,229,3602
2026-05-17,TK-A-001,ภาคกลาง,186,2607
2026-05-17,TK-A-001,ภาคตะวันออก,145,2008
2026-05-17,TK-A-001,ภาคเหนือ,120,1474
2026-05-17,TK-A-001,ภาคใต้,155,2315
2026-05-17,GL-B-014,กรุงเทพฯ,1051,18972
2026-05-17,GL-B-014,ภาคกลาง,859,15344
2026-05-17,GL-B-014,ภาคตะวันออก,707,9677
2026-05-17,GL-B-014,ภาคเหนือ,659,8302
2026-05-17,GL-B-014,ภาคใต้,697,12246
2026-05-17,MK-C-028,กรุงเทพฯ,836,11133
2026-05-17,MK-C-028,ภาคกลาง,644,9915
2026-05-17,MK-C-028,ภาคตะวันออก,504,6485
2026-05-17,MK-C-028,ภาคเหนือ,480,5817
2026-05-17,MK-C-028,ภาคใต้,582,7804
2026-05-17,SY-D-039,กรุงเทพฯ,540,8987
2026-05-17,SY-D-039,ภาคกลาง,450,7082
2026-05-17,SY-D-039,ภาคตะวันออก,352,4230
2026-05-17,SY-D-039,ภาคเหนือ,299,4561
2026-05-17,SY-D-039,ภาคใต้,381,6048
2026-05-17,AG-E-052,กรุงเทพฯ,151,2118
2026-05-17,AG-E-052,ภาคกลาง,130,2014
2026-05-17,AG-E-052,ภาคตะวันออก,96,1599
2026-05-17,AG-E-052,ภาคเหนือ,98,1296
2026-05-17,AG-E-052,ภาคใต้,111,1647
2026-05-18,TK-A-001,กรุงเทพฯ,208,2976
2026-05-18,TK-A-001,ภาคกลาง,167,2404
2026-05-18,TK-A-001,ภาคตะวันออก,139,1721
2026-05-18,TK-A-001,ภาคเหนือ,118,1671
2026-05-18,TK-A-001,ภาคใต้,151,2225
2026-05-18,GL-B-014,กรุงเทพฯ,1170,17573
2026-05-18,GL-B-014,ภาคกลาง,958,14658
2026-05-18,GL-B-014,ภาคตะวันออก,646,11179
2026-05-18,GL-B-014,ภาคเหนือ,675,8288
2026-05-18,GL-B-014,ภาคใต้,816,10801
2026-05-18,MK-C-028,กรุงเทพฯ,891,13308
2026-05-18,MK-C-028,ภาคกลาง,722,9012
2026-05-18,MK-C-028,ภาคตะวันออก,503,7572
2026-05-18,MK-C-028,ภาคเหนือ,418,7435
2026-05-18,MK-C-028,ภาคใต้,577,8389
2026-05-18,SY-D-039,กรุงเทพฯ,522,8136
2026-05-18,SY-D-039,ภาคกลาง,446,6793
2026-05-18,SY-D-039,ภาคตะวันออก,324,5319
2026-05-18,SY-D-039,ภาคเหนือ,288,4525
2026-05-18,SY-D-039,ภาคใต้,391,5007
2026-05-18,AG-E-052,กรุงเทพฯ,152,2107
2026-05-18,AG-E-052,ภาคกลาง,145,2048
2026-05-18,AG-E-052,ภาคตะวันออก,91,1483
2026-05-18,AG-E-052,ภาคเหนือ,89,1356
2026-05-18,AG-E-052,ภาคใต้,103,1390
2026-05-19,TK-A-001,กรุงเทพฯ,225,3315
2026-05-19,TK-A-001,ภาคกลาง,173,2913
2026-05-19,TK-A-001,ภาคตะวันออก,146,1909
2026-05-19,TK-A-001,ภาคเหนือ,122,1791
2026-05-19,TK-A-001,ภาคใต้,165,2140
2026-05-19,GL-B-014,กรุงเทพฯ,1164,17599
2026-05-19,GL-B-014,ภาคกลาง,981,15317
2026-05-19,GL-B-014,ภาคตะวันออก,652,10412
2026-05-19,GL-B-014,ภาคเหนือ,579,7917
2026-05-19,GL-B-014,ภาคใต้,768,9609
2026-05-19,MK-C-028,กรุงเทพฯ,783,11749
2026-05-19,MK-C-028,ภาคกลาง,742,8267
2026-05-19,MK-C-028,ภาคตะวันออก,511,6252
2026-05-19,MK-C-028,ภาคเหนือ,445,7392
2026-05-19,MK-C-028,ภาคใต้,584,8677
2026-05-19,SY-D-039,กรุงเทพฯ,508,9160
2026-05-19,SY-D-039,ภาคกลาง,468,6191
2026-05-19,SY-D-039,ภาคตะวันออก,359,4462
2026-05-19,SY-D-039,ภาคเหนือ,290,4040
2026-05-19,SY-D-039,ภาคใต้,366,5220
2026-05-19,AG-E-052,กรุงเทพฯ,177,2792
2026-05-19,AG-E-052,ภาคกลาง,132,2224
2026-05-19,AG-E-052,ภาคตะวันออก,95,1591
2026-05-19,AG-E-052,ภาคเหนือ,90,1199
2026-05-19,AG-E-052,ภาคใต้,106,1706
2026-05-20,TK-A-001,กรุงเทพฯ,235,3713
2026-05-20,TK-A-001,ภาคกลาง,195,2948
2026-05-20,TK-A-001,ภาคตะวันออก,146,1679
2026-05-20,TK-A-001,ภาคเหนือ,113,1511
2026-05-20,TK-A-001,ภาคใต้,137,2046
2026-05-20,GL-B-014,กรุงเทพฯ,1276,17938
2026-05-20,GL-B-014,ภาคกลาง,1013,12180
2026-05-20,GL-B-014,ภาคตะวันออก,751,8824
2026-05-20,GL-B-014,ภาคเหนือ,613,9435
2026-05-20,GL-B-014,ภาคใต้,849,12721
2026-05-20,MK-C-028,กรุงเทพฯ,836,13484
2026-05-20,MK-C-028,ภาคกลาง,641,8509
2026-05-20,MK-C-028,ภาคตะวันออก,466,6775
2026-05-20,MK-C-028,ภาคเหนือ,451,7173
2026-05-20,MK-C-028,ภาคใต้,612,7681
2026-05-20,SY-D-039,กรุงเทพฯ,537,7470
2026-05-20,SY-D-039,ภาคกลาง,421,5772
2026-05-20,SY-D-039,ภาคตะวันออก,360,5073
2026-05-20,SY-D-039,ภาคเหนือ,316,4893
2026-05-20,SY-D-039,ภาคใต้,359,6189
2026-05-20,AG-E-052,กรุงเทพฯ,182,2271
2026-05-20,AG-E-052,ภาคกลาง,138,1818
2026-05-20,AG-E-052,ภาคตะวันออก,94,1530
2026-05-20,AG-E-052,ภาคเหนือ,94,1278
2026-05-20,AG-E-052,ภาคใต้,118,1436
2026-05-21,TK-A-001,กรุงเทพฯ,210,2929
2026-05-21,TK-A-001,ภาคกลาง,197,2300
2026-05-21,TK-A-001,ภาคตะวันออก,125,1655
2026-05-21,TK-A-001,ภาคเหนือ,117,1795
2026-05-21,TK-A-001,ภาคใต้,156,1851
2026-05-21,GL-B-014,กรุงเทพฯ,1089,15604
2026-05-21,GL-B-014,ภาคกลาง,936,14758
2026-05-21,GL-B-014,ภาคตะวันออก,684,11548
2026-05-21,GL-B-014,ภาคเหนือ,600,9348
2026-05-21,GL-B-014,ภาคใต้,769,11445
2026-05-21,MK-C-028,กรุงเทพฯ,784,12696
2026-05-21,MK-C-028,ภาคกลาง,727,10871
2026-05-21,MK-C-028,ภาคตะวันออก,556,6233
2026-05-21,MK-C-028,ภาคเหนือ,426,7111
2026-05-21,MK-C-028,ภาคใต้,543,7702
2026-05-21,SY-D-039,กรุงเทพฯ,588,7460
2026-05-21,SY-D-039,ภาคกลาง,479,5771
2026-05-21,SY-D-039,ภาคตะวันออก,358,4684
2026-05-21,SY-D-039,ภาคเหนือ,320,4704
2026-05-21,SY-D-039,ภาคใต้,405,5513
2026-05-21,AG-E-052,กรุงเทพฯ,183,2215
2026-05-21,AG-E-052,ภาคกลาง,124,1740
2026-05-21,AG-E-052,ภาคตะวันออก,100,1576
2026-05-21,AG-E-052,ภาคเหนือ,87,1485
2026-05-21,AG-E-052,ภาคใต้,110,1720
2026-05-22,TK-A-001,กรุงเทพฯ,224,2763
2026-05-22,TK-A-001,ภาคกลาง,195,2779
2026-05-22,TK-A-001,ภาคตะวันออก,148,2005
2026-05-22,TK-A-001,ภาคเหนือ,120,1777
2026-05-22,TK-A-001,ภาคใต้,163,2362
2026-05-22,GL-B-014,กรุงเทพฯ,1070,18846
2026-05-22,GL-B-014,ภาคกลาง,1004,13941
2026-05-22,GL-B-014,ภาคตะวันออก,699,10212
2026-05-22,GL-B-014,ภาคเหนือ,634,10227
2026-05-22,GL-B-014,ภาคใต้,805,10372
2026-05-22,MK-C-028,กรุงเทพฯ,815,13888
2026-05-22,MK-C-028,ภาคกลาง,670,9187
2026-05-22,MK-C-028,ภาคตะวันออก,542,7641
2026-05-22,MK-C-028,ภาคเหนือ,481,6646
2026-05-22,MK-C-028,ภาคใต้,567,7835
2026-05-22,SY-D-039,กรุงเทพฯ,570,6950
2026-05-22,SY-D-039,ภาคกลาง,494,6263
2026-05-22,SY-D-039,ภาคตะวันออก,336,5148
2026-05-22,SY-D-039,ภาคเหนือ,329,3992
2026-05-22,SY-D-039,ภาคใต้,390,5712
2026-05-22,AG-E-052,กรุงเทพฯ,156,2357
2026-05-22,AG-E-052,ภาคกลาง,142,2028
2026-05-22,AG-E-052,ภาคตะวันออก,94,1596
2026-05-22,AG-E-052,ภาคเหนือ,86,1367
2026-05-22,AG-E-052,ภาคใต้,116,1589
2026-05-23,TK-A-001,กรุงเทพฯ,240,3706
2026-05-23,TK-A-001,ภาคกลาง,172,2302
2026-05-23,TK-A-001,ภาคตะวันออก,137,1822
2026-05-23,TK-A-001,ภาคเหนือ,125,1545
2026-05-23,TK-A-001,ภาคใต้,162,1910
2026-05-23,GL-B-014,กรุงเทพฯ,1241,16267
2026-05-23,GL-B-014,ภาคกลาง,1026,12859
2026-05-23,GL-B-014,ภาคตะวันออก,762,8656
2026-05-23,GL-B-014,ภาคเหนือ,648,9528
2026-05-23,GL-B-014,ภาคใต้,824,9630
2026-05-23,MK-C-028,กรุงเทพฯ,787,13969
2026-05-23,MK-C-028,ภาคกลาง,749,11175
2026-05-23,MK-C-028,ภาคตะวันออก,493,6675
2026-05-23,MK-C-028,ภาคเหนือ,485,5809
2026-05-23,MK-C-028,ภาคใต้,607,7544
2026-05-23,SY-D-039,กรุงเทพฯ,623,7782
2026-05-23,SY-D-039,ภาคกลาง,418,6049
2026-05-23,SY-D-039,ภาคตะวันออก,322,5139
2026-05-23,SY-D-039,ภาคเหนือ,309,3770
2026-05-23,SY-D-039,ภาคใต้,421,5550
2026-05-23,AG-E-052,กรุงเทพฯ,186,2391
2026-05-23,AG-E-052,ภาคกลาง,137,1716
2026-05-23,AG-E-052,ภาคตะวันออก,99,1673
2026-05-23,AG-E-052,ภาคเหนือ,98,1264
2026-05-23,AG-E-052,ภาคใต้,106,1760
2026-05-24,TK-A-001,กรุงเทพฯ,212,3345
2026-05-24,TK-A-001,ภาคกลาง,183,2374
2026-05-24,TK-A-001,ภาคตะวันออก,149,2040
2026-05-24,TK-A-001,ภาคเหนือ,116,1788
2026-05-24,TK-A-001,ภาคใต้,163,2440
2026-05-24,GL-B-014,กรุงเทพฯ,1170,17210
2026-05-24,GL-B-014,ภาคกลาง,907,13634
2026-05-24,GL-B-014,ภาคตะวันออก,698,9324
2026-05-24,GL-B-014,ภาคเหนือ,665,9538
2026-05-24,GL-B-014,ภาคใต้,724,11604
2026-05-24,MK-C-028,กรุงเทพฯ,902,12594
2026-05-24,MK-C-028,ภาคกลาง,751,10989
2026-05-24,MK-C-028,ภาคตะวันออก,514,7224
2026-05-24,MK-C-028,ภาคเหนือ,503,6825
2026-05-24,MK-C-028,ภาคใต้,544,7176
2026-05-24,SY-D-039,กรุงเทพฯ,552,8405
2026-05-24,SY-D-039,ภาคกลาง,489,7349
2026-05-24,SY-D-039,ภาคตะวันออก,351,4242
2026-05-24,SY-D-039,ภาคเหนือ,304,3792
2026-05-24,SY-D-039,ภาคใต้,362,4705
2026-05-24,AG-E-052,กรุงเทพฯ,171,2292
2026-05-24,AG-E-052,ภาคกลาง,150,1907
2026-05-24,AG-E-052,ภาคตะวันออก,94,1645
2026-05-24,AG-E-052,ภาคเหนือ,89,1411
2026-05-24,AG-E-052,ภาคใต้,111,1711
2026-05-25,TK-A-001,กรุงเทพฯ,234,3669
2026-05-25,TK-A-001,ภาคกลาง,191,2592
2026-05-25,TK-A-001,ภาคตะวันออก,153,1771
2026-05-25,TK-A-001,ภาคเหนือ,136,1650
2026-05-25,TK-A-001,ภาคใต้,162,2304
2026-05-25,GL-B-014,กรุงเทพฯ,1313,18667
2026-05-25,GL-B-014,ภาคกลาง,947,14338
2026-05-25,GL-B-014,ภาคตะวันออก,718,9909
2026-05-25,GL-B-014,ภาคเหนือ,599,8403
2026-05-25,GL-B-014,ภาคใต้,777,11549
2026-05-25,MK-C-028,กรุงเทพฯ,834,10663
2026-05-25,MK-C-028,ภาคกลาง,681,9274
2026-05-25,MK-C-028,ภาคตะวันออก,545,6423
2026-05-25,MK-C-028,ภาคเหนือ,446,6531
2026-05-25,MK-C-028,ภาคใต้,558,8139
2026-05-25,SY-D-039,กรุงเทพฯ,566,7881
2026-05-25,SY-D-039,ภาคกลาง,476,7442
2026-05-25,SY-D-039,ภาคตะวันออก,375,4322
2026-05-25,SY-D-039,ภาคเหนือ,312,3851
2026-05-25,SY-D-039,ภาคใต้,408,5396
2026-05-25,AG-E-052,กรุงเทพฯ,162,2747
2026-05-25,AG-E-052,ภาคกลาง,149,1995
2026-05-25,AG-E-052,ภาคตะวันออก,108,1407
2026-05-25,AG-E-052,ภาคเหนือ,99,1459
2026-05-25,AG-E-052,ภาคใต้,110,1696
2026-05-26,TK-A-001,กรุงเทพฯ,239,2959
2026-05-26,TK-A-001,ภาคกลาง,200,2551
2026-05-26,TK-A-001,ภาคตะวันออก,151,2228
2026-05-26,TK-A-001,ภาคเหนือ,132,1683
2026-05-26,TK-A-001,ภาคใต้,170,2197
2026-05-26,GL-B-014,กรุงเทพฯ,1234,18345
2026-05-26,GL-B-014,ภาคกลาง,916,11898
2026-05-26,GL-B-014,ภาคตะวันออก,652,10961
2026-05-26,GL-B-014,ภาคเหนือ,680,7757
2026-05-26,GL-B-014,ภาคใต้,782,12468
2026-05-26,MK-C-028,กรุงเทพฯ,958,12360
2026-05-26,MK-C-028,ภาคกลาง,653,10136
2026-05-26,MK-C-028,ภาคตะวันออก,504,6742
2026-05-26,MK-C-028,ภาคเหนือ,506,6678
2026-05-26,MK-C-028,ภาคใต้,573,8140
2026-05-26,SY-D-039,กรุงเทพฯ,611,9067
2026-05-26,SY-D-039,ภาคกลาง,455,6469
2026-05-26,SY-D-039,ภาคตะวันออก,355,4380
2026-05-26,SY-D-039,ภาคเหนือ,315,3761
2026-05-26,SY-D-039,ภาคใต้,408,5722
2026-05-26,AG-E-052,กรุงเทพฯ,177,2327
2026-05-26,AG-E-052,ภาคกลาง,136,2160
2026-05-26,AG-E-052,ภาคตะวันออก,100,1442
2026-05-26,AG-E-052,ภาคเหนือ,93,1255
2026-05-26,AG-E-052,ภาคใต้,125,1611
2026-05-27,TK-A-001,กรุงเทพฯ,239,3609
2026-05-27,TK-A-001,ภาคกลาง,177,2251
2026-05-27,TK-A-001,ภาคตะวันออก,138,2053
2026-05-27,TK-A-001,ภาคเหนือ,123,1484
2026-05-27,TK-A-001,ภาคใต้,170,1957
2026-05-27,GL-B-014,กรุงเทพฯ,1278,18314
2026-05-27,GL-B-014,ภาคกลาง,1011,14659
2026-05-27,GL-B-014,ภาคตะวันออก,656,10715
2026-05-27,GL-B-014,ภาคเหนือ,646,9101
2026-05-27,GL-B-014,ภาคใต้,808,10554
2026-05-27,MK-C-028,กรุงเทพฯ,914,13280
2026-05-27,MK-C-028,ภาคกลาง,672,9459
2026-05-27,MK-C-028,ภาคตะวันออก,517,7507
2026-05-27,MK-C-028,ภาคเหนือ,488,6345
2026-05-27,MK-C-028,ภาคใต้,627,8847
2026-05-27,SY-D-039,กรุงเทพฯ,621,7401
2026-05-27,SY-D-039,ภาคกลาง,483,7042
2026-05-27,SY-D-039,ภาคตะวันออก,359,4760
2026-05-27,SY-D-039,ภาคเหนือ,287,4224
2026-05-27,SY-D-039,ภาคใต้,357,4956
2026-05-27,AG-E-052,กรุงเทพฯ,169,2577
2026-05-27,AG-E-052,ภาคกลาง,139,2101
2026-05-27,AG-E-052,ภาคตะวันออก,102,1330
2026-05-27,AG-E-052,ภาคเหนือ,86,1410
2026-05-27,AG-E-052,ภาคใต้,128,1472
2026-05-28,TK-A-001,กรุงเทพฯ,225,3100
2026-05-28,TK-A-001,ภาคกลาง,184,2291
2026-05-28,TK-A-001,ภาคตะวันออก,129,1846
2026-05-28,TK-A-001,ภาคเหนือ,127,1832
2026-05-28,TK-A-001,ภาคใต้,166,2115
2026-05-28,GL-B-014,กรุงเทพฯ,1118,14726
2026-05-28,GL-B-014,ภาคกลาง,985,14300
2026-05-28,GL-B-014,ภาคตะวันออก,703,10249
2026-05-28,GL-B-014,ภาคเหนือ,665,10218
2026-05-28,GL-B-014,ภาคใต้,883,11937
2026-05-28,MK-C-028,กรุงเทพฯ,929,11354
2026-05-28,MK-C-028,ภาคกลาง,701,9646
2026-05-28,MK-C-028,ภาคตะวันออก,565,7796
2026-05-28,MK-C-028,ภาคเหนือ,500,7229
2026-05-28,MK-C-028,ภาคใต้,578,7482
2026-05-28,SY-D-039,กรุงเทพฯ,612,9060
2026-05-28,SY-D-039,ภาคกลาง,507,6848
2026-05-28,SY-D-039,ภาคตะวันออก,324,4843
2026-05-28,SY-D-039,ภาคเหนือ,319,4819
2026-05-28,SY-D-039,ภาคใต้,380,5621
2026-05-28,AG-E-052,กรุงเทพฯ,183,2254
2026-05-28,AG-E-052,ภาคกลาง,133,1852
2026-05-28,AG-E-052,ภาคตะวันออก,101,1296
2026-05-28,AG-E-052,ภาคเหนือ,98,1269
2026-05-28,AG-E-052,ภาคใต้,113,1822
2026-05-29,TK-A-001,กรุงเทพฯ,228,3721
2026-05-29,TK-A-001,ภาคกลาง,199,2807
2026-05-29,TK-A-001,ภาคตะวันออก,145,2002
2026-05-29,TK-A-001,ภาคเหนือ,123,1697
2026-05-29,TK-A-001,ภาคใต้,156,2278
2026-05-29,GL-B-014,กรุงเทพฯ,1325,15521
2026-05-29,GL-B-014,ภาคกลาง,1010,14442
2026-05-29,GL-B-014,ภาคตะวันออก,776,10700
2026-05-29,GL-B-014,ภาคเหนือ,680,8480
2026-05-29,GL-B-014,ภาคใต้,757,12736
2026-05-29,MK-C-028,กรุงเทพฯ,838,12634
2026-05-29,MK-C-028,ภาคกลาง,719,8554
2026-05-29,MK-C-028,ภาคตะวันออก,509,7561
2026-05-29,MK-C-028,ภาคเหนือ,447,5844
2026-05-29,MK-C-028,ภาคใต้,554,8975
2026-05-29,SY-D-039,กรุงเทพฯ,533,7687
2026-05-29,SY-D-039,ภาคกลาง,441,5737
2026-05-29,SY-D-039,ภาคตะวันออก,320,4761
2026-05-29,SY-D-039,ภาคเหนือ,339,4882
2026-05-29,SY-D-039,ภาคใต้,389,4632
2026-05-29,AG-E-052,กรุงเทพฯ,181,2390
2026-05-29,AG-E-052,ภาคกลาง,151,2030
2026-05-29,AG-E-052,ภาคตะวันออก,101,1308
2026-05-29,AG-E-052,ภาคเหนือ,102,1386
2026-05-29,AG-E-052,ภาคใต้,123,1648
2026-05-30,TK-A-001,กรุงเทพฯ,253,3367
2026-05-30,TK-A-001,ภาคกลาง,186,2734
2026-05-30,TK-A-001,ภาคตะวันออก,142,1961
2026-05-30,TK-A-001,ภาคเหนือ,126,1494
2026-05-30,TK-A-001,ภาคใต้,143,1995
2026-05-30,GL-B-014,กรุงเทพฯ,1243,17243
2026-05-30,GL-B-014,ภาคกลาง,1017,12220
2026-05-30,GL-B-014,ภาคตะวันออก,799,10108
2026-05-30,GL-B-014,ภาคเหนือ,608,7887
2026-05-30,GL-B-014,ภาคใต้,752,9839
2026-05-30,MK-C-028,กรุงเทพฯ,860,10358
2026-05-30,MK-C-028,ภาคกลาง,746,8355
2026-05-30,MK-C-028,ภาคตะวันออก,534,8117
2026-05-30,MK-C-028,ภาคเหนือ,432,6894
2026-05-30,MK-C-028,ภาคใต้,602,9102
2026-05-30,SY-D-039,กรุงเทพฯ,549,8326
2026-05-30,SY-D-039,ภาคกลาง,461,5603
2026-05-30,SY-D-039,ภาคตะวันออก,388,4922
2026-05-30,SY-D-039,ภาคเหนือ,317,4335
2026-05-30,SY-D-039,ภาคใต้,361,5783
2026-05-30,AG-E-052,กรุงเทพฯ,172,2340
2026-05-30,AG-E-052,ภาคกลาง,154,2039
2026-05-30,AG-E-052,ภาคตะวันออก,110,1426
2026-05-30,AG-E-052,ภาคเหนือ,99,1157
2026-05-30,AG-E-052,ภาคใต้,119,1774
2026-05-31,TK-A-001,กรุงเทพฯ,216,3244
2026-05-31,TK-A-001,ภาคกลาง,184,2436
2026-05-31,TK-A-001,ภาคตะวันออก,140,1840
2026-05-31,TK-A-001,ภาคเหนือ,128,1494
2026-05-31,TK-A-001,ภาคใต้,147,2045
2026-05-31,GL-B-014,กรุงเทพฯ,1266,15890
2026-05-31,GL-B-014,ภาคกลาง,998,12911
2026-05-31,GL-B-014,ภาคตะวันออก,694,10187
2026-05-31,GL-B-014,ภาคเหนือ,691,9563
2026-05-31,GL-B-014,ภาคใต้,838,10841
2026-05-31,MK-C-028,กรุงเทพฯ,861,13321
2026-05-31,MK-C-028,ภาคกลาง,662,8959
2026-05-31,MK-C-028,ภาคตะวันออก,552,6911
2026-05-31,MK-C-028,ภาคเหนือ,498,6975
2026-05-31,MK-C-028,ภาคใต้,560,7928
2026-05-31,SY-D-039,กรุงเทพฯ,561,8570
2026-05-31,SY-D-039,ภาคกลาง,452,6064
2026-05-31,SY-D-039,ภาคตะวันออก,365,4423
2026-05-31,SY-D-039,ภาคเหนือ,299,3941
2026-05-31,SY-D-039,ภาคใต้,416,6047
2026-05-31,AG-E-052,กรุงเทพฯ,189,2171
2026-05-31,AG-E-052,ภาคกลาง,139,2206
2026-05-31,AG-E-052,ภาคตะวันออก,101,1405
2026-05-31,AG-E-052,ภาคเหนือ,95,1331
2026-05-31,AG-E-052,ภาคใต้,120,1647
2026-06-01,TK-A-001,กรุงเทพฯ,250,3683
2026-06-01,TK-A-001,ภาคกลาง,198,2556
2026-06-01,TK-A-001,ภาคตะวันออก,145,1736
2026-06-01,TK-A-001,ภาคเหนือ,127,1538
2026-06-01,TK-A-001,ภาคใต้,147,2384
2026-06-01,GL-B-014,กรุงเทพฯ,1255,15996
2026-06-01,GL-B-014,ภาคกลาง,1076,11480
2026-06-01,GL-B-014,ภาคตะวันออก,681,9662
2026-06-01,GL-B-014,ภาคเหนือ,645,8671
2026-06-01,GL-B-014,ภาคใต้,879,11483
2026-06-01,MK-C-028,กรุงเทพฯ,823,13293
2026-06-01,MK-C-028,ภาคกลาง,742,10034
2026-06-01,MK-C-028,ภาคตะวันออก,535,7552
2026-06-01,MK-C-028,ภาคเหนือ,514,6605
2026-06-01,MK-C-028,ภาคใต้,553,8790
2026-06-01,SY-D-039,กรุงเทพฯ,642,7012
2026-06-01,SY-D-039,ภาคกลาง,506,6095
2026-06-01,SY-D-039,ภาคตะวันออก,366,5297
2026-06-01,SY-D-039,ภาคเหนือ,349,3727
2026-06-01,SY-D-039,ภาคใต้,400,6039
2026-06-01,AG-E-052,กรุงเทพฯ,182,2248
2026-06-01,AG-E-052,ภาคกลาง,149,1881
2026-06-01,AG-E-052,ภาคตะวันออก,101,1342
2026-06-01,AG-E-052,ภาคเหนือ,102,1278
2026-06-01,AG-E-052,ภาคใต้,126,1860
2026-06-02,TK-A-001,กรุงเทพฯ,218,3156
2026-06-02,TK-A-001,ภาคกลาง,203,2836
2026-06-02,TK-A-001,ภาคตะวันออก,152,1887
2026-06-02,TK-A-001,ภาคเหนือ,119,1514
2026-06-02,TK-A-001,ภาคใต้,172,2112
2026-06-02,GL-B-014,กรุงเทพฯ,1275,18607
2026-06-02,GL-B-014,ภาคกลาง,910,11576
2026-06-02,GL-B-014,ภาคตะวันออก,765,11467
2026-06-02,GL-B-014,ภาคเหนือ,683,7699
2026-06-02,GL-B-014,ภาคใต้,893,11255
2026-06-02,MK-C-028,กรุงเทพฯ,832,12809
2026-06-02,MK-C-028,ภาคกลาง,677,9447
2026-06-02,MK-C-028,ภาคตะวันออก,582,7391
2026-06-02,MK-C-028,ภาคเหนือ,444,7237
2026-06-02,MK-C-028,ภาคใต้,591,9266
2026-06-02,SY-D-039,กรุงเทพฯ,645,7961
2026-06-02,SY-D-039,ภาคกลาง,500,6670
2026-06-02,SY-D-039,ภาคตะวันออก,341,4952
2026-06-02,SY-D-039,ภาคเหนือ,314,4300
2026-06-02,SY-D-039,ภาคใต้,439,6182
2026-06-02,AG-E-052,กรุงเทพฯ,167,2774
2026-06-02,AG-E-052,ภาคกลาง,138,2084
2026-06-02,AG-E-052,ภาคตะวันออก,106,1296
2026-06-02,AG-E-052,ภาคเหนือ,88,1446
2026-06-02,AG-E-052,ภาคใต้,120,1560
2026-06-03,TK-A-001,กรุงเทพฯ,222,3566
2026-06-03,TK-A-001,ภาคกลาง,175,2852
2026-06-03,TK-A-001,ภาคตะวันออก,149,2027
2026-06-03,TK-A-001,ภาคเหนือ,120,1640
2026-06-03,TK-A-001,ภาคใต้,164,2287
2026-06-03,GL-B-014,กรุงเทพฯ,1321,15091
2026-06-03,GL-B-014,ภาคกลาง,1034,13858
2026-06-03,GL-B-014,ภาคตะวันออก,780,8852
2026-06-03,GL-B-014,ภาคเหนือ,604,8567
2026-06-03,GL-B-014,ภาคใต้,780,9750
2026-06-03,MK-C-028,กรุงเทพฯ,834,13364
2026-06-03,MK-C-028,ภาคกลาง,675,10363
2026-06-03,MK-C-028,ภาคตะวันออก,497,7104
2026-06-03,MK-C-028,ภาคเหนือ,517,6764
2026-06-03,MK-C-028,ภาคใต้,646,7738
2026-06-03,SY-D-039,กรุงเทพฯ,638,6924
2026-06-03,SY-D-039,ภาคกลาง,488,7136
2026-06-03,SY-D-039,ภาคตะวันออก,346,5531
2026-06-03,SY-D-039,ภาคเหนือ,349,3905
2026-06-03,SY-D-039,ภาคใต้,369,5841
2026-06-03,AG-E-052,กรุงเทพฯ,170,2430
2026-06-03,AG-E-052,ภาคกลาง,149,1660
2026-06-03,AG-E-052,ภาคตะวันออก,102,1575
2026-06-03,AG-E-052,ภาคเหนือ,89,1453
2026-06-03,AG-E-052,ภาคใต้,109,1457
2026-06-04,TK-A-001,กรุงเทพฯ,223,3408
2026-06-04,TK-A-001,ภาคกลาง,176,2244
2026-06-04,TK-A-001,ภาคตะวันออก,133,2067
2026-06-04,TK-A-001,ภาคเหนือ,133,1502
2026-06-04,TK-A-001,ภาคใต้,156,2301
2026-06-04,GL-B-014,กรุงเทพฯ,1301,14580
2026-06-04,GL-B-014,ภาคกลาง,973,12150
2026-06-04,GL-B-014,ภาคตะวันออก,736,8687
2026-06-04,GL-B-014,ภาคเหนือ,637,10078
2026-06-04,GL-B-014,ภาคใต้,851,9914
2026-06-04,MK-C-028,กรุงเทพฯ,952,11853
2026-06-04,MK-C-028,ภาคกลาง,680,9109
2026-06-04,MK-C-028,ภาคตะวันออก,543,6752
2026-06-04,MK-C-028,ภาคเหนือ,473,6568
2026-06-04,MK-C-028,ภาคใต้,657,9277
2026-06-04,SY-D-039,กรุงเทพฯ,565,8214
2026-06-04,SY-D-039,ภาคกลาง,479,5548
2026-06-04,SY-D-039,ภาคตะวันออก,384,5513
2026-06-04,SY-D-039,ภาคเหนือ,323,4315
2026-06-04,SY-D-039,ภาคใต้,394,6203
2026-06-04,AG-E-052,กรุงเทพฯ,180,2230
2026-06-04,AG-E-052,ภาคกลาง,139,1730
2026-06-04,AG-E-052,ภาคตะวันออก,100,1303
2026-06-04,AG-E-052,ภาคเหนือ,87,1345
2026-06-04,AG-E-052,ภาคใต้,126,1804
2026-06-05,TK-A-001,กรุงเทพฯ,248,3228
2026-06-05,TK-A-001,ภาคกลาง,208,2459
2026-06-05,TK-A-001,ภาคตะวันออก,147,1766
2026-06-05,TK-A-001,ภาคเหนือ,134,1681
2026-06-05,TK-A-001,ภาคใต้,149,2473
2026-06-05,GL-B-014,กรุงเทพฯ,1220,15966
2026-06-05,GL-B-014,ภาคกลาง,1047,14343
2026-06-05,GL-B-014,ภาคตะวันออก,802,8964
2026-06-05,GL-B-014,ภาคเหนือ,705,9504
2026-06-05,GL-B-014,ภาคใต้,869,9969
2026-06-05,MK-C-028,กรุงเทพฯ,886,12724
2026-06-05,MK-C-028,ภาคกลาง,774,10652
2026-06-05,MK-C-028,ภาคตะวันออก,514,6242
2026-06-05,MK-C-028,ภาคเหนือ,523,5775
2026-06-05,MK-C-028,ภาคใต้,661,7772
2026-06-05,SY-D-039,กรุงเทพฯ,621,7399
2026-06-05,SY-D-039,ภาคกลาง,475,5803
2026-06-05,SY-D-039,ภาคตะวันออก,378,4247
2026-06-05,SY-D-039,ภาคเหนือ,352,4294
2026-06-05,SY-D-039,ภาคใต้,393,5827
2026-06-05,AG-E-052,กรุงเทพฯ,172,2436
2026-06-05,AG-E-052,ภาคกลาง,150,1656
2026-06-05,AG-E-052,ภาคตะวันออก,100,1502
2026-06-05,AG-E-052,ภาคเหนือ,91,1227
2026-06-05,AG-E-052,ภาคใต้,131,1591
2026-06-06,TK-A-001,กรุงเทพฯ,243,2987
2026-06-06,TK-A-001,ภาคกลาง,190,2699
2026-06-06,TK-A-001,ภาคตะวันออก,152,2185
2026-06-06,TK-A-001,ภาคเหนือ,118,1783
2026-06-06,TK-A-001,ภาคใต้,172,2124
2026-06-06,GL-B-014,กรุงเทพฯ,1377,17749
2026-06-06,GL-B-014,ภาคกลาง,980,13774
2026-06-06,GL-B-014,ภาคตะวันออก,799,11255
2026-06-06,GL-B-014,ภาคเหนือ,618,9631
2026-06-06,GL-B-014,ภาคใต้,882,11350
2026-06-06,MK-C-028,กรุงเทพฯ,928,11643
2026-06-06,MK-C-028,ภาคกลาง,734,11001
2026-06-06,MK-C-028,ภาคตะวันออก,501,6199
2026-06-06,MK-C-028,ภาคเหนือ,521,6766
2026-06-06,MK-C-028,ภาคใต้,651,7154
2026-06-06,SY-D-039,กรุงเทพฯ,609,7133
2026-06-06,SY-D-039,ภาคกลาง,462,7221
2026-06-06,SY-D-039,ภาคตะวันออก,393,5105
2026-06-06,SY-D-039,ภาคเหนือ,313,4561
2026-06-06,SY-D-039,ภาคใต้,392,4838
2026-06-06,AG-E-052,กรุงเทพฯ,199,2325
2026-06-06,AG-E-052,ภาคกลาง,133,2068
2026-06-06,AG-E-052,ภาคตะวันออก,113,1661
2026-06-06,AG-E-052,ภาคเหนือ,91,1261
2026-06-06,AG-E-052,ภาคใต้,123,1856
2026-06-07,TK-A-001,กรุงเทพฯ,225,3702
2026-06-07,TK-A-001,ภาคกลาง,183,2214
2026-06-07,TK-A-001,ภาคตะวันออก,154,1934
2026-06-07,TK-A-001,ภาคเหนือ,119,1664
2026-06-07,TK-A-001,ภาคใต้,176,1850
2026-06-07,GL-B-014,กรุงเทพฯ,1228,15867
2026-06-07,GL-B-014,ภาคกลาง,991,13666
2026-06-07,GL-B-014,ภาคตะวันออก,828,10602
2026-06-07,GL-B-014,ภาคเหนือ,618,9240
2026-06-07,GL-B-014,ภาคใต้,866,9766
2026-06-07,MK-C-028,กรุงเทพฯ,923,11471
2026-06-07,MK-C-028,ภาคกลาง,730,8789
2026-06-07,MK-C-028,ภาคตะวันออก,538,6451
2026-06-07,MK-C-028,ภาคเหนือ,487,6510
2026-06-07,MK-C-028,ภาคใต้,581,7475
2026-06-07,SY-D-039,กรุงเทพฯ,553,9004
2026-06-07,SY-D-039,ภาคกลาง,512,6336
2026-06-07,SY-D-039,ภาคตะวันออก,388,4572
2026-06-07,SY-D-039,ภาคเหนือ,335,4631
2026-06-07,SY-D-039,ภาคใต้,371,4912
2026-06-07,AG-E-052,กรุงเทพฯ,173,2440
2026-06-07,AG-E-052,ภาคกลาง,152,1682
2026-06-07,AG-E-052,ภาคตะวันออก,118,1501
2026-06-07,AG-E-052,ภาคเหนือ,92,1406
2026-06-07,AG-E-052,ภาคใต้,131,1618
2026-06-08,TK-A-001,กรุงเทพฯ,246,3548
2026-06-08,TK-A-001,ภาคกลาง,180,2306
2026-06-08,TK-A-001,ภาคตะวันออก,152,1792
2026-06-08,TK-A-001,ภาคเหนือ,127,1610
2026-06-08,TK-A-001,ภาคใต้,154,2300
2026-06-08,GL-B-014,กรุงเทพฯ,1222,18506
2026-06-08,GL-B-014,ภาคกลาง,939,11625
2026-06-08,GL-B-014,ภาคตะวันออก,709,10765
2026-06-08,GL-B-014,ภาคเหนือ,734,9115
2026-06-08,GL-B-014,ภาคใต้,898,11822
2026-06-08,MK-C-028,กรุงเทพฯ,943,12324
2026-06-08,MK-C-028,ภาคกลาง,668,9872
2026-06-08,MK-C-028,ภาคตะวันออก,506,7574
2026-06-08,MK-C-028,ภาคเหนือ,496,7142
2026-06-08,MK-C-028,ภาคใต้,559,8875
2026-06-08,SY-D-039,กรุงเทพฯ,656,7992
2026-06-08,SY-D-039,ภาคกลาง,501,6215
2026-06-08,SY-D-039,ภาคตะวันออก,360,4194
2026-06-08,SY-D-039,ภาคเหนือ,351,4801
2026-06-08,SY-D-039,ภาคใต้,409,4880
2026-06-08,AG-E-052,กรุงเทพฯ,185,2282
2026-06-08,AG-E-052,ภาคกลาง,134,1992
2026-06-08,AG-E-052,ภาคตะวันออก,100,1548
2026-06-08,AG-E-052,ภาคเหนือ,100,1447
2026-06-08,AG-E-052,ภาคใต้,133,1826
2026-06-09,TK-A-001,กรุงเทพฯ,266,3470
2026-06-09,TK-A-001,ภาคกลาง,193,2607
2026-06-09,TK-A-001,ภาคตะวันออก,157,1772
2026-06-09,TK-A-001,ภาคเหนือ,122,1821
2026-06-09,TK-A-001,ภาคใต้,170,2378
2026-06-09,GL-B-014,กรุงเทพฯ,1217,19039
2026-06-09,GL-B-014,ภาคกลาง,974,14555
2026-06-09,GL-B-014,ภาคตะวันออก,744,11445
2026-06-09,GL-B-014,ภาคเหนือ,714,9925
2026-06-09,GL-B-014,ภาคใต้,846,10920
2026-06-09,MK-C-028,กรุงเทพฯ,950,12061
2026-06-09,MK-C-028,ภาคกลาง,725,9002
2026-06-09,MK-C-028,ภาคตะวันออก,560,7662
2026-06-09,MK-C-028,ภาคเหนือ,492,6433
2026-06-09,MK-C-028,ภาคใต้,664,9276
2026-06-09,SY-D-039,กรุงเทพฯ,664,7476
2026-06-09,SY-D-039,ภาคกลาง,490,6730
2026-06-09,SY-D-039,ภาคตะวันออก,337,4457
2026-06-09,SY-D-039,ภาคเหนือ,306,3911
2026-06-09,SY-D-039,ภาคใต้,434,4715
2026-06-09,AG-E-052,กรุงเทพฯ,197,2078
2026-06-09,AG-E-052,ภาคกลาง,137,2163
2026-06-09,AG-E-052,ภาคตะวันออก,104,1646
2026-06-09,AG-E-052,ภาคเหนือ,92,1346
2026-06-09,AG-E-052,ภาคใต้,123,1783
2026-06-10,TK-A-001,กรุงเทพฯ,223,3027
2026-06-10,TK-A-001,ภาคกลาง,208,2548
2026-06-10,TK-A-001,ภาคตะวันออก,140,2147
2026-06-10,TK-A-001,ภาคเหนือ,131,1594
2026-06-10,TK-A-001,ภาคใต้,175,2198
2026-06-10,GL-B-014,กรุงเทพฯ,1325,15637
2026-06-10,GL-B-014,ภาคกลาง,1091,12047
2026-06-10,GL-B-014,ภาคตะวันออก,695,10145
2026-06-10,GL-B-014,ภาคเหนือ,671,9704
2026-06-10,GL-B-014,ภาคใต้,925,12299
2026-06-10,MK-C-028,กรุงเทพฯ,883,13856
2026-06-10,MK-C-028,ภาคกลาง,678,10309
2026-06-10,MK-C-028,ภาคตะวันออก,557,7876
2026-06-10,MK-C-028,ภาคเหนือ,474,6381
2026-06-10,MK-C-028,ภาคใต้,564,7200
2026-06-10,SY-D-039,กรุงเทพฯ,660,8195
2026-06-10,SY-D-039,ภาคกลาง,446,7092
2026-06-10,SY-D-039,ภาคตะวันออก,337,4136
2026-06-10,SY-D-039,ภาคเหนือ,335,4459
2026-06-10,SY-D-039,ภาคใต้,435,5096
2026-06-10,AG-E-052,กรุงเทพฯ,201,2543
2026-06-10,AG-E-052,ภาคกลาง,142,1752
2026-06-10,AG-E-052,ภาคตะวันออก,113,1282
2026-06-10,AG-E-052,ภาคเหนือ,90,1103
2026-06-10,AG-E-052,ภาคใต้,120,1552
2026-06-11,TK-A-001,กรุงเทพฯ,232,2913
2026-06-11,TK-A-001,ภาคกลาง,184,2796
2026-06-11,TK-A-001,ภาคตะวันออก,162,1714
2026-06-11,TK-A-001,ภาคเหนือ,141,1646
2026-06-11,TK-A-001,ภาคใต้,181,1877
2026-06-11,GL-B-014,กรุงเทพฯ,1178,14259
2026-06-11,GL-B-014,ภาคกลาง,922,15322
2026-06-11,GL-B-014,ภาคตะวันออก,716,9830
2026-06-11,GL-B-014,ภาคเหนือ,736,9507
2026-06-11,GL-B-014,ภาคใต้,858,10572
2026-06-11,MK-C-028,กรุงเทพฯ,844,13212
2026-06-11,MK-C-028,ภาคกลาง,714,11126
2026-06-11,MK-C-028,ภาคตะวันออก,576,6611
2026-06-11,MK-C-028,ภาคเหนือ,516,5922
2026-06-11,MK-C-028,ภาคใต้,678,9271
2026-06-11,SY-D-039,กรุงเทพฯ,650,7106
2026-06-11,SY-D-039,ภาคกลาง,458,7036
2026-06-11,SY-D-039,ภาคตะวันออก,358,4330
2026-06-11,SY-D-039,ภาคเหนือ,325,4097
2026-06-11,SY-D-039,ภาคใต้,381,5924
2026-06-11,AG-E-052,กรุงเทพฯ,180,2521
2026-06-11,AG-E-052,ภาคกลาง,135,1981
2026-06-11,AG-E-052,ภาคตะวันออก,103,1479
2026-06-11,AG-E-052,ภาคเหนือ,93,1312
2026-06-11,AG-E-052,ภาคใต้,134,1759
2026-06-12,TK-A-001,กรุงเทพฯ,241,2811
2026-06-12,TK-A-001,ภาคกลาง,186,2573
2026-06-12,TK-A-001,ภาคตะวันออก,134,1811
2026-06-12,TK-A-001,ภาคเหนือ,134,1475
2026-06-12,TK-A-001,ภาคใต้,173,2126
2026-06-12,GL-B-014,กรุงเทพฯ,1195,18252
2026-06-12,GL-B-014,ภาคกลาง,1059,12020
2026-06-12,GL-B-014,ภาคตะวันออก,727,11492
2026-06-12,GL-B-014,ภาคเหนือ,622,7671
2026-06-12,GL-B-014,ภาคใต้,926,10705
2026-06-12,MK-C-028,กรุงเทพฯ,1021,13798
2026-06-12,MK-C-028,ภาคกลาง,705,8640
2026-06-12,MK-C-028,ภาคตะวันออก,562,8100
2026-06-12,MK-C-028,ภาคเหนือ,475,5543
2026-06-12,MK-C-028,ภาคใต้,665,8294
2026-06-12,SY-D-039,กรุงเทพฯ,665,7013
2026-06-12,SY-D-039,ภาคกลาง,517,5769
2026-06-12,SY-D-039,ภาคตะวันออก,379,4209
2026-06-12,SY-D-039,ภาคเหนือ,342,4673
2026-06-12,SY-D-039,ภาคใต้,405,5324
2026-06-12,AG-E-052,กรุงเทพฯ,200,2434
2026-06-12,AG-E-052,ภาคกลาง,162,1760
2026-06-12,AG-E-052,ภาคตะวันออก,104,1568
2026-06-12,AG-E-052,ภาคเหนือ,92,1358
2026-06-12,AG-E-052,ภาคใต้,133,1695
2026-06-13,TK-A-001,กรุงเทพฯ,240,2849
2026-06-13,TK-A-001,ภาคกลาง,203,2968
2026-06-13,TK-A-001,ภาคตะวันออก,138,2069
2026-06-13,TK-A-001,ภาคเหนือ,120,1865
2026-06-13,TK-A-001,ภาคใต้,168,2200
2026-06-13,GL-B-014,กรุงเทพฯ,1181,19230
2026-06-13,GL-B-014,ภาคกลาง,1087,11394
2026-06-13,GL-B-014,ภาคตะวันออก,780,8962
2026-06-13,GL-B-014,ภาคเหนือ,637,7870
2026-06-13,GL-B-014,ภาคใต้,859,10315
2026-06-13,MK-C-028,กรุงเทพฯ,890,12037
2026-06-13,MK-C-028,ภาคกลาง,720,10757
2026-06-13,MK-C-028,ภาคตะวันออก,569,6738
2026-06-13,MK-C-028,ภาคเหนือ,494,5654
2026-06-13,MK-C-028,ภาคใต้,649,7808
2026-06-13,SY-D-039,กรุงเทพฯ,642,8044
2026-06-13,SY-D-039,ภาคกลาง,542,6097
2026-06-13,SY-D-039,ภาคตะวันออก,389,5139
2026-06-13,SY-D-039,ภาคเหนือ,316,4521
2026-06-13,SY-D-039,ภาคใต้,435,5963
2026-06-13,AG-E-052,กรุงเทพฯ,205,2604
2026-06-13,AG-E-052,ภาคกลาง,160,1799
2026-06-13,AG-E-052,ภาคตะวันออก,120,1571
2026-06-13,AG-E-052,ภาคเหนือ,94,1465
2026-06-13,AG-E-052,ภาคใต้,116,1425
2026-06-14,TK-A-001,กรุงเทพฯ,241,3704
2026-06-14,TK-A-001,ภาคกลาง,219,2325
2026-06-14,TK-A-001,ภาคตะวันออก,164,2080
2026-06-14,TK-A-001,ภาคเหนือ,129,1725
2026-06-14,TK-A-001,ภาคใต้,176,2063
2026-06-14,GL-B-014,กรุงเทพฯ,1164,15901
2026-06-14,GL-B-014,ภาคกลาง,1064,12345
2026-06-14,GL-B-014,ภาคตะวันออก,789,10482
2026-06-14,GL-B-014,ภาคเหนือ,711,8555
2026-06-14,GL-B-014,ภาคใต้,869,10719
2026-06-14,MK-C-028,กรุงเทพฯ,1006,12102
2026-06-14,MK-C-028,ภาคกลาง,747,9715
2026-06-14,MK-C-028,ภาคตะวันออก,524,7999
2026-06-14,MK-C-028,ภาคเหนือ,503,5675
2026-06-14,MK-C-028,ภาคใต้,596,8430
2026-06-14,SY-D-039,กรุงเทพฯ,606,7851
2026-06-14,SY-D-039,ภาคกลาง,499,6977
2026-06-14,SY-D-039,ภาคตะวันออก,345,5231
2026-06-14,SY-D-039,ภาคเหนือ,343,3848
2026-06-14,SY-D-039,ภาคใต้,408,5920
2026-06-14,AG-E-052,กรุงเทพฯ,186,2658
2026-06-14,AG-E-052,ภาคกลาง,144,1859
2026-06-14,AG-E-052,ภาคตะวันออก,110,1653
2026-06-14,AG-E-052,ภาคเหนือ,100,1366
2026-06-14,AG-E-052,ภาคใต้,122,1764
2026-06-15,TK-A-001,กรุงเทพฯ,257,3155
2026-06-15,TK-A-001,ภาคกลาง,193,2837
2026-06-15,TK-A-001,ภาคตะวันออก,165,1759
2026-06-15,TK-A-001,ภาคเหนือ,124,1577
2026-06-15,TK-A-001,ภาคใต้,163,2089
2026-06-15,GL-B-014,กรุงเทพฯ,1356,17403
2026-06-15,GL-B-014,ภาคกลาง,1138,12388
2026-06-15,GL-B-014,ภาคตะวันออก,848,11233
2026-06-15,GL-B-014,ภาคเหนือ,734,9300
2026-06-15,GL-B-014,ภาคใต้,934,12270
2026-06-15,MK-C-028,กรุงเทพฯ,1015,12199
2026-06-15,MK-C-028,ภาคกลาง,815,10351
2026-06-15,MK-C-028,ภาคตะวันออก,510,8210
2026-06-15,MK-C-028,ภาคเหนือ,526,7188
2026-06-15,MK-C-028,ภาคใต้,612,8962
2026-06-15,SY-D-039,กรุงเทพฯ,605,7647
2026-06-15,SY-D-039,ภาคกลาง,533,6453
2026-06-15,SY-D-039,ภาคตะวันออก,402,5195
2026-06-15,SY-D-039,ภาคเหนือ,325,4348
2026-06-15,SY-D-039,ภาคใต้,379,6074
2026-06-15,AG-E-052,กรุงเทพฯ,179,2588
2026-06-15,AG-E-052,ภาคกลาง,162,1988
2026-06-15,AG-E-052,ภาคตะวันออก,118,1589
2026-06-15,AG-E-052,ภาคเหนือ,95,1187
2026-06-15,AG-E-052,ภาคใต้,115,1537
2026-06-16,TK-A-001,กรุงเทพฯ,237,3095
2026-06-16,TK-A-001,ภาคกลาง,219,2397
2026-06-16,TK-A-001,ภาคตะวันออก,155,1843
2026-06-16,TK-A-001,ภาคเหนือ,144,1545
2026-06-16,TK-A-001,ภาคใต้,181,2180
2026-06-16,GL-B-014,กรุงเทพฯ,1262,16767
2026-06-16,GL-B-014,ภาคกลาง,1058,14395
2026-06-16,GL-B-014,ภาคตะวันออก,724,9825
2026-06-16,GL-B-014,ภาคเหนือ,632,9991
2026-06-16,GL-B-014,ภาคใต้,853,11623
2026-06-16,MK-C-028,กรุงเทพฯ,861,12042
2026-06-16,MK-C-028,ภาคกลาง,701,10454
2026-06-16,MK-C-028,ภาคตะวันออก,543,7038
2026-06-16,MK-C-028,ภาคเหนือ,522,5657
2026-06-16,MK-C-028,ภาคใต้,628,7062
2026-06-16,SY-D-039,กรุงเทพฯ,629,8064
2026-06-16,SY-D-039,ภาคกลาง,532,7436
2026-06-16,SY-D-039,ภาคตะวันออก,383,4269
2026-06-16,SY-D-039,ภาคเหนือ,313,4876
2026-06-16,SY-D-039,ภาคใต้,436,5873
2026-06-16,AG-E-052,กรุงเทพฯ,186,2610
2026-06-16,AG-E-052,ภาคกลาง,137,2154
2026-06-16,AG-E-052,ภาคตะวันออก,120,1437
2026-06-16,AG-E-052,ภาคเหนือ,98,1186
2026-06-16,AG-E-052,ภาคใต้,123,1739
2026-06-17,TK-A-001,กรุงเทพฯ,275,2799
2026-06-17,TK-A-001,ภาคกลาง,206,2525
2026-06-17,TK-A-001,ภาคตะวันออก,145,2133
2026-06-17,TK-A-001,ภาคเหนือ,147,1595
2026-06-17,TK-A-001,ภาคใต้,166,1840
2026-06-17,GL-B-014,กรุงเทพฯ,1267,15793
2026-06-17,GL-B-014,ภาคกลาง,1030,15024
2026-06-17,GL-B-014,ภาคตะวันออก,820,10994
2026-06-17,GL-B-014,ภาคเหนือ,736,8951
2026-06-17,GL-B-014,ภาคใต้,811,12235
2026-06-17,MK-C-028,กรุงเทพฯ,964,11247
2026-06-17,MK-C-028,ภาคกลาง,701,9948
2026-06-17,MK-C-028,ภาคตะวันออก,564,6276
2026-06-17,MK-C-028,ภาคเหนือ,477,6070
2026-06-17,MK-C-028,ภาคใต้,678,9251
2026-06-17,SY-D-039,กรุงเทพฯ,574,8028
2026-06-17,SY-D-039,ภาคกลาง,524,6767
2026-06-17,SY-D-039,ภาคตะวันออก,347,4571
2026-06-17,SY-D-039,ภาคเหนือ,309,4838
2026-06-17,SY-D-039,ภาคใต้,387,5561
2026-06-17,AG-E-052,กรุงเทพฯ,171,2358
2026-06-17,AG-E-052,ภาคกลาง,140,1833
2026-06-17,AG-E-052,ภาคตะวันออก,123,1473
2026-06-17,AG-E-052,ภาคเหนือ,91,1355
2026-06-17,AG-E-052,ภาคใต้,128,1542
2026-06-18,TK-A-001,กรุงเทพฯ,246,3063
2026-06-18,TK-A-001,ภาคกลาง,216,2643
2026-06-18,TK-A-001,ภาคตะวันออก,143,1861
2026-06-18,TK-A-001,ภาคเหนือ,126,1492
2026-06-18,TK-A-001,ภาคใต้,173,2250
2026-06-18,GL-B-014,กรุงเทพฯ,1398,19047
2026-06-18,GL-B-014,ภาคกลาง,973,11517
2026-06-18,GL-B-014,ภาคตะวันออก,755,10760
2026-06-18,GL-B-014,ภาคเหนือ,631,9484
2026-06-18,GL-B-014,ภาคใต้,821,11458
2026-06-18,MK-C-028,กรุงเทพฯ,921,10946
2026-06-18,MK-C-028,ภาคกลาง,820,11077
2026-06-18,MK-C-028,ภาคตะวันออก,581,8284
2026-06-18,MK-C-028,ภาคเหนือ,526,6377
2026-06-18,MK-C-028,ภาคใต้,604,7108
2026-06-18,SY-D-039,กรุงเทพฯ,667,8898
2026-06-18,SY-D-039,ภาคกลาง,509,6964
2026-06-18,SY-D-039,ภาคตะวันออก,408,4731
2026-06-18,SY-D-039,ภาคเหนือ,317,4556
2026-06-18,SY-D-039,ภาคใต้,385,5857
2026-06-18,AG-E-052,กรุงเทพฯ,186,2357
2026-06-18,AG-E-052,ภาคกลาง,140,1988
2026-06-18,AG-E-052,ภาคตะวันออก,116,1310
2026-06-18,AG-E-052,ภาคเหนือ,100,1102
2026-06-18,AG-E-052,ภาคใต้,114,1484
2026-06-19,TK-A-001,กรุงเทพฯ,252,2890
2026-06-19,TK-A-001,ภาคกลาง,208,2929
2026-06-19,TK-A-001,ภาคตะวันออก,138,1824
2026-06-19,TK-A-001,ภาคเหนือ,128,1807
2026-06-19,TK-A-001,ภาคใต้,159,2400
2026-06-19,GL-B-014,กรุงเทพฯ,1221,16730
2026-06-19,GL-B-014,ภาคกลาง,1007,13805
2026-06-19,GL-B-014,ภาคตะวันออก,797,9926
2026-06-19,GL-B-014,ภาคเหนือ,689,7881
2026-06-19,GL-B-014,ภาคใต้,948,10879
2026-06-19,MK-C-028,กรุงเทพฯ,971,10478
2026-06-19,MK-C-028,ภาคกลาง,762,11127
2026-06-19,MK-C-028,ภาคตะวันออก,541,6992
2026-06-19,MK-C-028,ภาคเหนือ,468,6180
2026-06-19,MK-C-028,ภาคใต้,655,8126
2026-06-19,SY-D-039,กรุงเทพฯ,658,7955
2026-06-19,SY-D-039,ภาคกลาง,545,6369
2026-06-19,SY-D-039,ภาคตะวันออก,356,4332
2026-06-19,SY-D-039,ภาคเหนือ,358,4803
2026-06-19,SY-D-039,ภาคใต้,384,5110
2026-06-19,AG-E-052,กรุงเทพฯ,194,2185
2026-06-19,AG-E-052,ภาคกลาง,138,2232
2026-06-19,AG-E-052,ภาคตะวันออก,125,1539
2026-06-19,AG-E-052,ภาคเหนือ,100,1418
2026-06-19,AG-E-052,ภาคใต้,123,1678
2026-06-20,TK-A-001,กรุงเทพฯ,257,3422
2026-06-20,TK-A-001,ภาคกลาง,209,2594
2026-06-20,TK-A-001,ภาคตะวันออก,152,1837
2026-06-20,TK-A-001,ภาคเหนือ,134,1473
2026-06-20,TK-A-001,ภาคใต้,162,2384
2026-06-20,GL-B-014,กรุงเทพฯ,1323,17922
2026-06-20,GL-B-014,ภาคกลาง,1118,15362
2026-06-20,GL-B-014,ภาคตะวันออก,820,8622
2026-06-20,GL-B-014,ภาคเหนือ,714,8377
2026-06-20,GL-B-014,ภาคใต้,793,9743
2026-06-20,MK-C-028,กรุงเทพฯ,966,11780
2026-06-20,MK-C-028,ภาคกลาง,794,10687
2026-06-20,MK-C-028,ภาคตะวันออก,533,7228
2026-06-20,MK-C-028,ภาคเหนือ,509,6451
2026-06-20,MK-C-028,ภาคใต้,590,7341
2026-06-20,SY-D-039,กรุงเทพฯ,671,8199
2026-06-20,SY-D-039,ภาคกลาง,516,7242
2026-06-20,SY-D-039,ภาคตะวันออก,380,5204
2026-06-20,SY-D-039,ภาคเหนือ,335,4765
2026-06-20,SY-D-039,ภาคใต้,442,5124
2026-06-20,AG-E-052,กรุงเทพฯ,189,2563
2026-06-20,AG-E-052,ภาคกลาง,154,1962
2026-06-20,AG-E-052,ภาคตะวันออก,108,1460
2026-06-20,AG-E-052,ภาคเหนือ,99,1127
2026-06-20,AG-E-052,ภาคใต้,134,1465
2026-06-21,TK-A-001,กรุงเทพฯ,231,2923
2026-06-21,TK-A-001,ภาคกลาง,223,2852
2026-06-21,TK-A-001,ภาคตะวันออก,141,1954
2026-06-21,TK-A-001,ภาคเหนือ,138,1773
2026-06-21,TK-A-001,ภาคใต้,176,2358
2026-06-21,GL-B-014,กรุงเทพฯ,1401,19114
2026-06-21,GL-B-014,ภาคกลาง,1151,11853
2026-06-21,GL-B-014,ภาคตะวันออก,842,10613
2026-06-21,GL-B-014,ภาคเหนือ,761,8136
2026-06-21,GL-B-014,ภาคใต้,803,11241
2026-06-21,MK-C-028,กรุงเทพฯ,989,11401
2026-06-21,MK-C-028,ภาคกลาง,824,10152
2026-06-21,MK-C-028,ภาคตะวันออก,530,6511
2026-06-21,MK-C-028,ภาคเหนือ,542,6735
2026-06-21,MK-C-028,ภาคใต้,642,7783
2026-06-21,SY-D-039,กรุงเทพฯ,698,8923
2026-06-21,SY-D-039,ภาคกลาง,514,6132
2026-06-21,SY-D-039,ภาคตะวันออก,344,4272
2026-06-21,SY-D-039,ภาคเหนือ,310,3680
2026-06-21,SY-D-039,ภาคใต้,394,5821
2026-06-21,AG-E-052,กรุงเทพฯ,177,2678
2026-06-21,AG-E-052,ภาคกลาง,158,1989
2026-06-21,AG-E-052,ภาคตะวันออก,113,1339
2026-06-21,AG-E-052,ภาคเหนือ,101,1103
2026-06-21,AG-E-052,ภาคใต้,119,1504
2026-06-22,TK-A-001,กรุงเทพฯ,263,3563
2026-06-22,TK-A-001,ภาคกลาง,212,2208
2026-06-22,TK-A-001,ภาคตะวันออก,157,1825
2026-06-22,TK-A-001,ภาคเหนือ,141,1579
2026-06-22,TK-A-001,ภาคใต้,172,1861
2026-06-22,GL-B-014,กรุงเทพฯ,1199,16186
2026-06-22,GL-B-014,ภาคกลาง,1109,13708
2026-06-22,GL-B-014,ภาคตะวันออก,834,10243
2026-06-22,GL-B-014,ภาคเหนือ,766,8038
2026-06-22,GL-B-014,ภาคใต้,883,10227
2026-06-22,MK-C-028,กรุงเทพฯ,975,10985
2026-06-22,MK-C-028,ภาคกลาง,764,8755
2026-06-22,MK-C-028,ภาคตะวันออก,622,7130
2026-06-22,MK-C-028,ภาคเหนือ,544,6284
2026-06-22,MK-C-028,ภาคใต้,695,6960
2026-06-22,SY-D-039,กรุงเทพฯ,687,7244
2026-06-22,SY-D-039,ภาคกลาง,464,6984
2026-06-22,SY-D-039,ภาคตะวันออก,409,5167
2026-06-22,SY-D-039,ภาคเหนือ,342,4899
2026-06-22,SY-D-039,ภาคใต้,434,5830
2026-06-22,AG-E-052,กรุงเทพฯ,192,2363
2026-06-22,AG-E-052,ภาคกลาง,167,1781
2026-06-22,AG-E-052,ภาคตะวันออก,104,1665
2026-06-22,AG-E-052,ภาคเหนือ,99,1431
2026-06-22,AG-E-052,ภาคใต้,133,1642
2026-06-23,TK-A-001,กรุงเทพฯ,238,2977
2026-06-23,TK-A-001,ภาคกลาง,203,2826
2026-06-23,TK-A-001,ภาคตะวันออก,149,2101
2026-06-23,TK-A-001,ภาคเหนือ,149,1966
2026-06-23,TK-A-001,ภาคใต้,157,2349
2026-06-23,GL-B-014,กรุงเทพฯ,1218,15357
2026-06-23,GL-B-014,ภาคกลาง,1000,15400
2026-06-23,GL-B-014,ภาคตะวันออก,817,10977
2026-06-23,GL-B-014,ภาคเหนือ,758,9712
2026-06-23,GL-B-014,ภาคใต้,846,11783
2026-06-23,MK-C-028,กรุงเทพฯ,891,11134
2026-06-23,MK-C-028,ภาคกลาง,817,9536
2026-06-23,MK-C-028,ภาคตะวันออก,573,7495
2026-06-23,MK-C-028,ภาคเหนือ,557,7190
2026-06-23,MK-C-028,ภาคใต้,632,9303
2026-06-23,SY-D-039,กรุงเทพฯ,673,7476
2026-06-23,SY-D-039,ภาคกลาง,491,5967
2026-06-23,SY-D-039,ภาคตะวันออก,355,4628
2026-06-23,SY-D-039,ภาคเหนือ,323,3675
2026-06-23,SY-D-039,ภาคใต้,398,5613
2026-06-23,AG-E-052,กรุงเทพฯ,187,2218
2026-06-23,AG-E-052,ภาคกลาง,140,1832
2026-06-23,AG-E-052,ภาคตะวันออก,121,1607
2026-06-23,AG-E-052,ภาคเหนือ,102,1104
2026-06-23,AG-E-052,ภาคใต้,122,1756
2026-06-24,TK-A-001,กรุงเทพฯ,256,3110
2026-06-24,TK-A-001,ภาคกลาง,209,2506
2026-06-24,TK-A-001,ภาคตะวันออก,159,2141
2026-06-24,TK-A-001,ภาคเหนือ,126,1928
2026-06-24,TK-A-001,ภาคใต้,159,2068
2026-06-24,GL-B-014,กรุงเทพฯ,1338,17886
2026-06-24,GL-B-014,ภาคกลาง,984,14562
2026-06-24,GL-B-014,ภาคตะวันออก,726,10312
2026-06-24,GL-B-014,ภาคเหนือ,744,8350
2026-06-24,GL-B-014,ภาคใต้,907,11578
2026-06-24,MK-C-028,กรุงเทพฯ,882,13656
2026-06-24,MK-C-028,ภาคกลาง,829,8545
2026-06-24,MK-C-028,ภาคตะวันออก,554,6790
2026-06-24,MK-C-028,ภาคเหนือ,517,6650
2026-06-24,MK-C-028,ภาคใต้,598,9037
2026-06-24,SY-D-039,กรุงเทพฯ,601,7708
2026-06-24,SY-D-039,ภาคกลาง,506,6682
2026-06-24,SY-D-039,ภาคตะวันออก,357,4819
2026-06-24,SY-D-039,ภาคเหนือ,335,4113
2026-06-24,SY-D-039,ภาคใต้,428,4767
2026-06-24,AG-E-052,กรุงเทพฯ,191,2665
2026-06-24,AG-E-052,ภาคกลาง,160,2036
2026-06-24,AG-E-052,ภาคตะวันออก,115,1342
2026-06-24,AG-E-052,ภาคเหนือ,97,1403
2026-06-24,AG-E-052,ภาคใต้,126,1805
2026-06-25,TK-A-001,กรุงเทพฯ,231,3515
2026-06-25,TK-A-001,ภาคกลาง,197,2429
2026-06-25,TK-A-001,ภาคตะวันออก,145,1967
2026-06-25,TK-A-001,ภาคเหนือ,140,1659
2026-06-25,TK-A-001,ภาคใต้,156,1864
2026-06-25,GL-B-014,กรุงเทพฯ,1409,16745
2026-06-25,GL-B-014,ภาคกลาง,1065,12496
2026-06-25,GL-B-014,ภาคตะวันออก,772,10896
2026-06-25,GL-B-014,ภาคเหนือ,776,7744
2026-06-25,GL-B-014,ภาคใต้,856,11788
2026-06-25,MK-C-028,กรุงเทพฯ,968,13684
2026-06-25,MK-C-028,ภาคกลาง,711,10878
2026-06-25,MK-C-028,ภาคตะวันออก,565,6817
2026-06-25,MK-C-028,ภาคเหนือ,562,5766
2026-06-25,MK-C-028,ภาคใต้,604,7909
2026-06-25,SY-D-039,กรุงเทพฯ,697,7244
2026-06-25,SY-D-039,ภาคกลาง,533,5529
2026-06-25,SY-D-039,ภาคตะวันออก,379,4520
2026-06-25,SY-D-039,ภาคเหนือ,311,4013
2026-06-25,SY-D-039,ภาคใต้,393,4775
2026-06-25,AG-E-052,กรุงเทพฯ,182,2727
2026-06-25,AG-E-052,ภาคกลาง,144,1898
2026-06-25,AG-E-052,ภาคตะวันออก,123,1477
2026-06-25,AG-E-052,ภาคเหนือ,97,1121
2026-06-25,AG-E-052,ภาคใต้,121,1440
2026-06-26,TK-A-001,กรุงเทพฯ,280,3376
2026-06-26,TK-A-001,ภาคกลาง,195,2683
2026-06-26,TK-A-001,ภาคตะวันออก,159,1934
2026-06-26,TK-A-001,ภาคเหนือ,137,1987
2026-06-26,TK-A-001,ภาคใต้,168,2201
2026-06-26,GL-B-014,กรุงเทพฯ,1258,15727
2026-06-26,GL-B-014,ภาคกลาง,1165,14857
2026-06-26,GL-B-014,ภาคตะวันออก,729,9253
2026-06-26,GL-B-014,ภาคเหนือ,670,8549
2026-06-26,GL-B-014,ภาคใต้,848,11608
2026-06-26,MK-C-028,กรุงเทพฯ,909,11418
2026-06-26,MK-C-028,ภาคกลาง,766,10490
2026-06-26,MK-C-028,ภาคตะวันออก,590,7790
2026-06-26,MK-C-028,ภาคเหนือ,503,5948
2026-06-26,MK-C-028,ภาคใต้,697,7668
2026-06-26,SY-D-039,กรุงเทพฯ,698,7028
2026-06-26,SY-D-039,ภาคกลาง,541,7400
2026-06-26,SY-D-039,ภาคตะวันออก,416,4324
2026-06-26,SY-D-039,ภาคเหนือ,370,4643
2026-06-26,SY-D-039,ภาคใต้,422,4729
2026-06-26,AG-E-052,กรุงเทพฯ,178,2151
2026-06-26,AG-E-052,ภาคกลาง,144,1836
2026-06-26,AG-E-052,ภาคตะวันออก,106,1493
2026-06-26,AG-E-052,ภาคเหนือ,102,1405
2026-06-26,AG-E-052,ภาคใต้,129,1425
2026-06-27,TK-A-001,กรุงเทพฯ,236,3394
2026-06-27,TK-A-001,ภาคกลาง,216,2960
2026-06-27,TK-A-001,ภาคตะวันออก,158,1706
2026-06-27,TK-A-001,ภาคเหนือ,150,1482
2026-06-27,TK-A-001,ภาคใต้,162,2196
2026-06-27,GL-B-014,กรุงเทพฯ,1225,15622
2026-06-27,GL-B-014,ภาคกลาง,985,13830
2026-06-27,GL-B-014,ภาคตะวันออก,777,9979
2026-06-27,GL-B-014,ภาคเหนือ,638,7713
2026-06-27,GL-B-014,ภาคใต้,814,9916
2026-06-27,MK-C-028,กรุงเทพฯ,1059,12941
2026-06-27,MK-C-028,ภาคกลาง,705,10895
2026-06-27,MK-C-028,ภาคตะวันออก,594,7332
2026-06-27,MK-C-028,ภาคเหนือ,522,6684
2026-06-27,MK-C-028,ภาคใต้,588,7723
2026-06-27,SY-D-039,กรุงเทพฯ,606,6979
2026-06-27,SY-D-039,ภาคกลาง,540,7422
2026-06-27,SY-D-039,ภาคตะวันออก,410,4789
2026-06-27,SY-D-039,ภาคเหนือ,377,4010
2026-06-27,SY-D-039,ภาคใต้,448,5278
2026-06-27,AG-E-052,กรุงเทพฯ,211,2724
2026-06-27,AG-E-052,ภาคกลาง,148,1863
2026-06-27,AG-E-052,ภาคตะวันออก,123,1648
2026-06-27,AG-E-052,ภาคเหนือ,102,1476
2026-06-27,AG-E-052,ภาคใต้,121,1657
2026-06-28,TK-A-001,กรุงเทพฯ,269,3066
2026-06-28,TK-A-001,ภาคกลาง,204,2946
2026-06-28,TK-A-001,ภาคตะวันออก,163,1969
2026-06-28,TK-A-001,ภาคเหนือ,148,1523
2026-06-28,TK-A-001,ภาคใต้,175,1848
2026-06-28,GL-B-014,กรุงเทพฯ,1232,14393
2026-06-28,GL-B-014,ภาคกลาง,1011,14360
2026-06-28,GL-B-014,ภาคตะวันออก,847,11252
2026-06-28,GL-B-014,ภาคเหนือ,756,8439
2026-06-28,GL-B-014,ภาคใต้,858,11252
2026-06-28,MK-C-028,กรุงเทพฯ,1054,12364
2026-06-28,MK-C-028,ภาคกลาง,700,10528
2026-06-28,MK-C-028,ภาคตะวันออก,611,7913
2026-06-28,MK-C-028,ภาคเหนือ,554,6627
2026-06-28,MK-C-028,ภาคใต้,681,7483
2026-06-28,SY-D-039,กรุงเทพฯ,629,8294
2026-06-28,SY-D-039,ภาคกลาง,531,6073
2026-06-28,SY-D-039,ภาคตะวันออก,392,5234
2026-06-28,SY-D-039,ภาคเหนือ,329,3901
2026-06-28,SY-D-039,ภาคใต้,463,5237
2026-06-28,AG-E-052,กรุงเทพฯ,181,2550
2026-06-28,AG-E-052,ภาคกลาง,163,1846
2026-06-28,AG-E-052,ภาคตะวันออก,120,1583
2026-06-28,AG-E-052,ภาคเหนือ,113,1232
2026-06-28,AG-E-052,ภาคใต้,130,1580
2026-06-29,TK-A-001,กรุงเทพฯ,277,2795
2026-06-29,TK-A-001,ภาคกลาง,198,2649
2026-06-29,TK-A-001,ภาคตะวันออก,155,2137
2026-06-29,TK-A-001,ภาคเหนือ,144,1741
2026-06-29,TK-A-001,ภาคใต้,163,2141
2026-06-29,GL-B-014,กรุงเทพฯ,1254,15081
2026-06-29,GL-B-014,ภาคกลาง,1095,13620
2026-06-29,GL-B-014,ภาคตะวันออก,728,9350
2026-06-29,GL-B-014,ภาคเหนือ,713,10173
2026-06-29,GL-B-014,ภาคใต้,857,11020
2026-06-29,MK-C-028,กรุงเทพฯ,946,13524
2026-06-29,MK-C-028,ภาคกลาง,716,8710
2026-06-29,MK-C-028,ภาคตะวันออก,541,6466
2026-06-29,MK-C-028,ภาคเหนือ,531,7005
2026-06-29,MK-C-028,ภาคใต้,608,8971
2026-06-29,SY-D-039,กรุงเทพฯ,593,8993
2026-06-29,SY-D-039,ภาคกลาง,488,7153
2026-06-29,SY-D-039,ภาคตะวันออก,420,4324
2026-06-29,SY-D-039,ภาคเหนือ,324,4780
2026-06-29,SY-D-039,ภาคใต้,401,5115
2026-06-29,AG-E-052,กรุงเทพฯ,203,2754
2026-06-29,AG-E-052,ภาคกลาง,158,1994
2026-06-29,AG-E-052,ภาคตะวันออก,110,1522
2026-06-29,AG-E-052,ภาคเหนือ,102,1394
2026-06-29,AG-E-052,ภาคใต้,140,1530
2026-06-30,TK-A-001,กรุงเทพฯ,238,3296
2026-06-30,TK-A-001,ภาคกลาง,217,2320
2026-06-30,TK-A-001,ภาคตะวันออก,142,2153
2026-06-30,TK-A-001,ภาคเหนือ,133,1820
2026-06-30,TK-A-001,ภาคใต้,167,2033
2026-06-30,GL-B-014,กรุงเทพฯ,1374,17643
2026-06-30,GL-B-014,ภาคกลาง,1144,11561
2026-06-30,GL-B-014,ภาคตะวันออก,809,11154
2026-06-30,GL-B-014,ภาคเหนือ,736,8693
2026-06-30,GL-B-014,ภาคใต้,913,12108
2026-06-30,MK-C-028,กรุงเทพฯ,1037,12843
2026-06-30,MK-C-028,ภาคกลาง,720,10338
2026-06-30,MK-C-028,ภาคตะวันออก,526,6991
2026-06-30,MK-C-028,ภาคเหนือ,534,6734
2026-06-30,MK-C-028,ภาคใต้,660,8107
2026-06-30,SY-D-039,กรุงเทพฯ,697,7939
2026-06-30,SY-D-039,ภาคกลาง,515,5819
2026-06-30,SY-D-039,ภาคตะวันออก,357,5547
2026-06-30,SY-D-039,ภาคเหนือ,346,4867
2026-06-30,SY-D-039,ภาคใต้,409,5649
2026-06-30,AG-E-052,กรุงเทพฯ,177,2077
2026-06-30,AG-E-052,ภาคกลาง,158,2031
2026-06-30,AG-E-052,ภาคตะวันออก,118,1499
2026-06-30,AG-E-052,ภาคเหนือ,101,1464
2026-06-30,AG-E-052,ภาคใต้,139,1429
2026-07-01,TK-A-001,กรุงเทพฯ,282,3424
2026-07-01,TK-A-001,ภาคกลาง,205,2900
2026-07-01,TK-A-001,ภาคตะวันออก,146,2166
2026-07-01,TK-A-001,ภาคเหนือ,138,1670
2026-07-01,TK-A-001,ภาคใต้,177,2438
2026-07-01,GL-B-014,กรุงเทพฯ,1405,16975
2026-07-01,GL-B-014,ภาคกลาง,1170,14750
2026-07-01,GL-B-014,ภาคตะวันออก,857,9946
2026-07-01,GL-B-014,ภาคเหนือ,675,8215
2026-07-01,GL-B-014,ภาคใต้,937,10323
2026-07-01,MK-C-028,กรุงเทพฯ,1060,10715
2026-07-01,MK-C-028,ภาคกลาง,725,9857
2026-07-01,MK-C-028,ภาคตะวันออก,599,6766
2026-07-01,MK-C-028,ภาคเหนือ,505,6333
2026-07-01,MK-C-028,ภาคใต้,685,8701
2026-07-01,SY-D-039,กรุงเทพฯ,643,7918
2026-07-01,SY-D-039,ภาคกลาง,477,7036
2026-07-01,SY-D-039,ภาคตะวันออก,385,5563
2026-07-01,SY-D-039,ภาคเหนือ,354,4898
2026-07-01,SY-D-039,ภาคใต้,403,5497
2026-07-01,AG-E-052,กรุงเทพฯ,176,2505
2026-07-01,AG-E-052,ภาคกลาง,151,1756
2026-07-01,AG-E-052,ภาคตะวันออก,108,1648
2026-07-01,AG-E-052,ภาคเหนือ,97,1178
2026-07-01,AG-E-052,ภาคใต้,133,1850
2026-07-02,TK-A-001,กรุงเทพฯ,281,3253
2026-07-02,TK-A-001,ภาคกลาง,201,2574
2026-07-02,TK-A-001,ภาคตะวันออก,143,1977
2026-07-02,TK-A-001,ภาคเหนือ,138,1802
2026-07-02,TK-A-001,ภาคใต้,176,2298
2026-07-02,GL-B-014,กรุงเทพฯ,1262,18840
2026-07-02,GL-B-014,ภาคกลาง,965,11753
2026-07-02,GL-B-014,ภาคตะวันออก,833,9831
2026-07-02,GL-B-014,ภาคเหนือ,661,9603
2026-07-02,GL-B-014,ภาคใต้,815,12158
2026-07-02,MK-C-028,กรุงเทพฯ,935,13225
2026-07-02,MK-C-028,ภาคกลาง,846,9300
2026-07-02,MK-C-028,ภาคตะวันออก,554,8284
2026-07-02,MK-C-028,ภาคเหนือ,558,5551
2026-07-02,MK-C-028,ภาคใต้,587,8294
2026-07-02,SY-D-039,กรุงเทพฯ,656,7766
2026-07-02,SY-D-039,ภาคกลาง,568,5803
2026-07-02,SY-D-039,ภาคตะวันออก,374,5003
2026-07-02,SY-D-039,ภาคเหนือ,336,4604
2026-07-02,SY-D-039,ภาคใต้,401,5514
2026-07-02,AG-E-052,กรุงเทพฯ,176,2723
2026-07-02,AG-E-052,ภาคกลาง,158,2199
2026-07-02,AG-E-052,ภาคตะวันออก,118,1391
2026-07-02,AG-E-052,ภาคเหนือ,93,1146
2026-07-02,AG-E-052,ภาคใต้,132,1755
2026-07-03,TK-A-001,กรุงเทพฯ,239,3448
2026-07-03,TK-A-001,ภาคกลาง,195,2223
2026-07-03,TK-A-001,ภาคตะวันออก,161,1962
2026-07-03,TK-A-001,ภาคเหนือ,140,1832
2026-07-03,TK-A-001,ภาคใต้,158,2023
2026-07-03,GL-B-014,กรุงเทพฯ,1356,16065
2026-07-03,GL-B-014,ภาคกลาง,1157,14271
2026-07-03,GL-B-014,ภาคตะวันออก,838,9641
2026-07-03,GL-B-014,ภาคเหนือ,740,9449
2026-07-03,GL-B-014,ภาคใต้,904,11908
2026-07-03,MK-C-028,กรุงเทพฯ,1010,11989
2026-07-03,MK-C-028,ภาคกลาง,806,10299
2026-07-03,MK-C-028,ภาคตะวันออก,557,6611
2026-07-03,MK-C-028,ภาคเหนือ,554,7351
2026-07-03,MK-C-028,ภาคใต้,595,8039
2026-07-03,SY-D-039,กรุงเทพฯ,694,7839
2026-07-03,SY-D-039,ภาคกลาง,500,6214
2026-07-03,SY-D-039,ภาคตะวันออก,368,4420
2026-07-03,SY-D-039,ภาคเหนือ,362,3813
2026-07-03,SY-D-039,ภาคใต้,454,5414
2026-07-03,AG-E-052,กรุงเทพฯ,178,2658
2026-07-03,AG-E-052,ภาคกลาง,155,2129
2026-07-03,AG-E-052,ภาคตะวันออก,111,1457
2026-07-03,AG-E-052,ภาคเหนือ,109,1151
2026-07-03,AG-E-052,ภาคใต้,122,1562
2026-07-04,TK-A-001,กรุงเทพฯ,253,3021
2026-07-04,TK-A-001,ภาคกลาง,209,2478
2026-07-04,TK-A-001,ภาคตะวันออก,170,1696
2026-07-04,TK-A-001,ภาคเหนือ,128,1960
2026-07-04,TK-A-001,ภาคใต้,158,1943
2026-07-04,GL-B-014,กรุงเทพฯ,1381,15683
2026-07-04,GL-B-014,ภาคกลาง,1101,14199
2026-07-04,GL-B-014,ภาคตะวันออก,757,10964
2026-07-04,GL-B-014,ภาคเหนือ,766,8330
2026-07-04,GL-B-014,ภาคใต้,952,11887
2026-07-04,MK-C-028,กรุงเทพฯ,1002,12992
2026-07-04,MK-C-028,ภาคกลาง,810,9913
2026-07-04,MK-C-028,ภาคตะวันออก,535,7760
2026-07-04,MK-C-028,ภาคเหนือ,567,6085
2026-07-04,MK-C-028,ภาคใต้,652,7294
2026-07-04,SY-D-039,กรุงเทพฯ,669,8489
2026-07-04,SY-D-039,ภาคกลาง,524,5690
2026-07-04,SY-D-039,ภาคตะวันออก,365,5526
2026-07-04,SY-D-039,ภาคเหนือ,353,4019
2026-07-04,SY-D-039,ภาคใต้,427,5205
2026-07-04,AG-E-052,กรุงเทพฯ,179,2638
2026-07-04,AG-E-052,ภาคกลาง,143,1929
2026-07-04,AG-E-052,ภาคตะวันออก,118,1488
2026-07-04,AG-E-052,ภาคเหนือ,98,1292
2026-07-04,AG-E-052,ภาคใต้,133,1493
2026-07-05,TK-A-001,กรุงเทพฯ,278,3356
2026-07-05,TK-A-001,ภาคกลาง,202,2974
2026-07-05,TK-A-001,ภาคตะวันออก,147,1890
2026-07-05,TK-A-001,ภาคเหนือ,131,1652
2026-07-05,TK-A-001,ภาคใต้,157,2388
2026-07-05,GL-B-014,กรุงเทพฯ,1293,19202
2026-07-05,GL-B-014,ภาคกลาง,1118,15119
2026-07-05,GL-B-014,ภาคตะวันออก,872,11301
2026-07-05,GL-B-014,ภาคเหนือ,710,9201
2026-07-05,GL-B-014,ภาคใต้,914,12111
2026-07-05,MK-C-028,กรุงเทพฯ,1059,12290
2026-07-05,MK-C-028,ภาคกลาง,755,8591
2026-07-05,MK-C-028,ภาคตะวันออก,594,6391
2026-07-05,MK-C-028,ภาคเหนือ,477,6732
2026-07-05,MK-C-028,ภาคใต้,689,7517
2026-07-05,SY-D-039,กรุงเทพฯ,605,7080
2026-07-05,SY-D-039,ภาคกลาง,565,6907
2026-07-05,SY-D-039,ภาคตะวันออก,379,4385
2026-07-05,SY-D-039,ภาคเหนือ,335,3788
2026-07-05,SY-D-039,ภาคใต้,425,5469
2026-07-05,AG-E-052,กรุงเทพฯ,184,2097
2026-07-05,AG-E-052,ภาคกลาง,148,2153
2026-07-05,AG-E-052,ภาคตะวันออก,129,1666
2026-07-05,AG-E-052,ภาคเหนือ,101,1295
2026-07-05,AG-E-052,ภาคใต้,124,1505
2026-07-06,TK-A-001,กรุงเทพฯ,254,3135
2026-07-06,TK-A-001,ภาคกลาง,221,2492
2026-07-06,TK-A-001,ภาคตะวันออก,165,2215
2026-07-06,TK-A-001,ภาคเหนือ,150,1640
2026-07-06,TK-A-001,ภาคใต้,172,2019
2026-07-06,GL-B-014,กรุงเทพฯ,1292,15963
2026-07-06,GL-B-014,ภาคกลาง,1001,14637
2026-07-06,GL-B-014,ภาคตะวันออก,788,10242
2026-07-06,GL-B-014,ภาคเหนือ,707,8750
2026-07-06,GL-B-014,ภาคใต้,847,10331
2026-07-06,MK-C-028,กรุงเทพฯ,996,12551
2026-07-06,MK-C-028,ภาคกลาง,846,10848
2026-07-06,MK-C-028,ภาคตะวันออก,549,7956
2026-07-06,MK-C-028,ภาคเหนือ,482,7402
2026-07-06,MK-C-028,ภาคใต้,707,8345
2026-07-06,SY-D-039,กรุงเทพฯ,694,8245
2026-07-06,SY-D-039,ภาคกลาง,532,5754
2026-07-06,SY-D-039,ภาคตะวันออก,407,5176
2026-07-06,SY-D-039,ภาคเหนือ,312,4549
2026-07-06,SY-D-039,ภาคใต้,444,5458
2026-07-06,AG-E-052,กรุงเทพฯ,207,2568
2026-07-06,AG-E-052,ภาคกลาง,142,1867
2026-07-06,AG-E-052,ภาคตะวันออก,114,1437
2026-07-06,AG-E-052,ภาคเหนือ,109,1235
2026-07-06,AG-E-052,ภาคใต้,135,1468
2026-07-07,TK-A-001,กรุงเทพฯ,261,3171
2026-07-07,TK-A-001,ภาคกลาง,207,2512
2026-07-07,TK-A-001,ภาคตะวันออก,150,1970
2026-07-07,TK-A-001,ภาคเหนือ,152,1793
2026-07-07,TK-A-001,ภาคใต้,179,2156
2026-07-07,GL-B-014,กรุงเทพฯ,1386,14292
2026-07-07,GL-B-014,ภาคกลาง,1075,14378
2026-07-07,GL-B-014,ภาคตะวันออก,780,9408
2026-07-07,GL-B-014,ภาคเหนือ,754,8393
2026-07-07,GL-B-014,ภาคใต้,831,9810
2026-07-07,MK-C-028,กรุงเทพฯ,1063,11011
2026-07-07,MK-C-028,ภาคกลาง,703,10544
2026-07-07,MK-C-028,ภาคตะวันออก,564,6945
2026-07-07,MK-C-028,ภาคเหนือ,543,5608
2026-07-07,MK-C-028,ภาคใต้,675,9026
2026-07-07,SY-D-039,กรุงเทพฯ,658,7175
2026-07-07,SY-D-039,ภาคกลาง,497,5592
2026-07-07,SY-D-039,ภาคตะวันออก,363,4511
2026-07-07,SY-D-039,ภาคเหนือ,323,4079
2026-07-07,SY-D-039,ภาคใต้,402,6020
2026-07-07,AG-E-052,กรุงเทพฯ,178,2424
2026-07-07,AG-E-052,ภาคกลาง,161,1962
2026-07-07,AG-E-052,ภาคตะวันออก,125,1554
2026-07-07,AG-E-052,ภาคเหนือ,112,1275
2026-07-07,AG-E-052,ภาคใต้,129,1737
2026-07-08,TK-A-001,กรุงเทพฯ,282,3329
2026-07-08,TK-A-001,ภาคกลาง,222,2907
2026-07-08,TK-A-001,ภาคตะวันออก,167,1802
2026-07-08,TK-A-001,ภาคเหนือ,134,1816
2026-07-08,TK-A-001,ภาคใต้,158,2265
2026-07-08,GL-B-014,กรุงเทพฯ,1260,17468
2026-07-08,GL-B-014,ภาคกลาง,1146,12101
2026-07-08,GL-B-014,ภาคตะวันออก,733,9765
2026-07-08,GL-B-014,ภาคเหนือ,707,7789
2026-07-08,GL-B-014,ภาคใต้,816,11620
2026-07-08,MK-C-028,กรุงเทพฯ,900,13631
2026-07-08,MK-C-028,ภาคกลาง,831,9187
2026-07-08,MK-C-028,ภาคตะวันออก,551,8316
2026-07-08,MK-C-028,ภาคเหนือ,532,5546
2026-07-08,MK-C-028,ภาคใต้,715,7930
2026-07-08,SY-D-039,กรุงเทพฯ,699,8218
2026-07-08,SY-D-039,ภาคกลาง,534,5587
2026-07-08,SY-D-039,ภาคตะวันออก,421,4785
2026-07-08,SY-D-039,ภาคเหนือ,372,4413
2026-07-08,SY-D-039,ภาคใต้,415,4827
2026-07-08,AG-E-052,กรุงเทพฯ,193,2325
2026-07-08,AG-E-052,ภาคกลาง,151,2087
2026-07-08,AG-E-052,ภาคตะวันออก,119,1493
2026-07-08,AG-E-052,ภาคเหนือ,110,1384
2026-07-08,AG-E-052,ภาคใต้,134,1488
2026-07-09,TK-A-001,กรุงเทพฯ,246,2847
2026-07-09,TK-A-001,ภาคกลาง,193,2817
2026-07-09,TK-A-001,ภาคตะวันออก,151,2066
2026-07-09,TK-A-001,ภาคเหนือ,140,1551
2026-07-09,TK-A-001,ภาคใต้,185,2370
2026-07-09,GL-B-014,กรุงเทพฯ,1378,15929
2026-07-09,GL-B-014,ภาคกลาง,1058,11871
2026-07-09,GL-B-014,ภาคตะวันออก,755,11075
2026-07-09,GL-B-014,ภาคเหนือ,717,9517
2026-07-09,GL-B-014,ภาคใต้,897,12686
2026-07-09,MK-C-028,กรุงเทพฯ,935,13811
2026-07-09,MK-C-028,ภาคกลาง,852,8909
2026-07-09,MK-C-028,ภาคตะวันออก,586,8228
2026-07-09,MK-C-028,ภาคเหนือ,496,7073
2026-07-09,MK-C-028,ภาคใต้,710,7115
2026-07-09,SY-D-039,กรุงเทพฯ,682,8402
2026-07-09,SY-D-039,ภาคกลาง,533,6305
2026-07-09,SY-D-039,ภาคตะวันออก,374,4702
2026-07-09,SY-D-039,ภาคเหนือ,379,4706
2026-07-09,SY-D-039,ภาคใต้,399,6123
2026-07-09,AG-E-052,กรุงเทพฯ,201,2761
2026-07-09,AG-E-052,ภาคกลาง,145,1964
2026-07-09,AG-E-052,ภาคตะวันออก,106,1568
2026-07-09,AG-E-052,ภาคเหนือ,94,1455
2026-07-09,AG-E-052,ภาคใต้,135,1747
2026-07-10,TK-A-001,กรุงเทพฯ,286,3144
2026-07-10,TK-A-001,ภาคกลาง,206,2727
2026-07-10,TK-A-001,ภาคตะวันออก,164,1865
2026-07-10,TK-A-001,ภาคเหนือ,130,1773
2026-07-10,TK-A-001,ภาคใต้,178,2224
2026-07-10,GL-B-014,กรุงเทพฯ,1325,16731
2026-07-10,GL-B-014,ภาคกลาง,1007,14133
2026-07-10,GL-B-014,ภาคตะวันออก,869,9873
2026-07-10,GL-B-014,ภาคเหนือ,713,8492
2026-07-10,GL-B-014,ภาคใต้,808,9835
2026-07-10,MK-C-028,กรุงเทพฯ,938,11028
2026-07-10,MK-C-028,ภาคกลาง,778,10794
2026-07-10,MK-C-028,ภาคตะวันออก,549,7613
2026-07-10,MK-C-028,ภาคเหนือ,472,6706
2026-07-10,MK-C-028,ภาคใต้,609,8501
2026-07-10,SY-D-039,กรุงเทพฯ,613,8723
2026-07-10,SY-D-039,ภาคกลาง,508,6800
2026-07-10,SY-D-039,ภาคตะวันออก,414,4517
2026-07-10,SY-D-039,ภาคเหนือ,318,4840
2026-07-10,SY-D-039,ภาคใต้,403,5806
2026-07-10,AG-E-052,กรุงเทพฯ,204,2775
2026-07-10,AG-E-052,ภาคกลาง,158,2126
2026-07-10,AG-E-052,ภาคตะวันออก,107,1390
2026-07-10,AG-E-052,ภาคเหนือ,101,1179
2026-07-10,AG-E-052,ภาคใต้,127,1386
2026-07-11,TK-A-001,กรุงเทพฯ,274,3278
2026-07-11,TK-A-001,ภาคกลาง,216,2805
2026-07-11,TK-A-001,ภาคตะวันออก,169,2042
2026-07-11,TK-A-001,ภาคเหนือ,147,1765
2026-07-11,TK-A-001,ภาคใต้,166,2348
2026-07-11,GL-B-014,กรุงเทพฯ,1285,14520
2026-07-11,GL-B-014,ภาคกลาง,1080,11492
2026-07-11,GL-B-014,ภาคตะวันออก,818,9352
2026-07-11,GL-B-014,ภาคเหนือ,694,7822
2026-07-11,GL-B-014,ภาคใต้,856,12727
2026-07-11,MK-C-028,กรุงเทพฯ,941,10656
2026-07-11,MK-C-028,ภาคกลาง,858,8864
2026-07-11,MK-C-028,ภาคตะวันออก,539,7957
2026-07-11,MK-C-028,ภาคเหนือ,471,5612
2026-07-11,MK-C-028,ภาคใต้,602,8876
2026-07-11,SY-D-039,กรุงเทพฯ,667,8319
2026-07-11,SY-D-039,ภาคกลาง,512,6295
2026-07-11,SY-D-039,ภาคตะวันออก,420,4981
2026-07-11,SY-D-039,ภาคเหนือ,361,3793
2026-07-11,SY-D-039,ภาคใต้,413,5349
2026-07-11,AG-E-052,กรุงเทพฯ,178,2236
2026-07-11,AG-E-052,ภาคกลาง,157,1970
2026-07-11,AG-E-052,ภาคตะวันออก,123,1256
2026-07-11,AG-E-052,ภาคเหนือ,99,1299
2026-07-11,AG-E-052,ภาคใต้,143,1808
2026-07-12,TK-A-001,กรุงเทพฯ,272,3450
2026-07-12,TK-A-001,ภาคกลาง,223,2916
2026-07-12,TK-A-001,ภาคตะวันออก,146,2143
2026-07-12,TK-A-001,ภาคเหนือ,135,1538
2026-07-12,TK-A-001,ภาคใต้,167,2342
2026-07-12,GL-B-014,กรุงเทพฯ,1457,17193
2026-07-12,GL-B-014,ภาคกลาง,1085,15302
2026-07-12,GL-B-014,ภาคตะวันออก,752,9723
2026-07-12,GL-B-014,ภาคเหนือ,723,9005
2026-07-12,GL-B-014,ภาคใต้,965,11254
2026-07-12,MK-C-028,กรุงเทพฯ,929,13106
2026-07-12,MK-C-028,ภาคกลาง,713,10597
2026-07-12,MK-C-028,ภาคตะวันออก,604,6419
2026-07-12,MK-C-028,ภาคเหนือ,553,6273
2026-07-12,MK-C-028,ภาคใต้,592,7933
2026-07-12,SY-D-039,กรุงเทพฯ,679,8838
2026-07-12,SY-D-039,ภาคกลาง,562,6110
2026-07-12,SY-D-039,ภาคตะวันออก,357,4399
2026-07-12,SY-D-039,ภาคเหนือ,335,4561
2026-07-12,SY-D-039,ภาคใต้,477,5146
2026-07-12,AG-E-052,กรุงเทพฯ,205,2071
2026-07-12,AG-E-052,ภาคกลาง,147,2198
2026-07-12,AG-E-052,ภาคตะวันออก,114,1616
2026-07-12,AG-E-052,ภาคเหนือ,96,1330
2026-07-12,AG-E-052,ภาคใต้,129,1637
2026-07-13,TK-A-001,กรุงเทพฯ,267,3720
2026-07-13,TK-A-001,ภาคกลาง,219,2316
2026-07-13,TK-A-001,ภาคตะวันออก,156,1789
2026-07-13,TK-A-001,ภาคเหนือ,127,1582
2026-07-13,TK-A-001,ภาคใต้,164,2380
2026-07-13,GL-B-014,กรุงเทพฯ,1281,18556
2026-07-13,GL-B-014,ภาคกลาง,1033,12846
2026-07-13,GL-B-014,ภาคตะวันออก,787,11346
2026-07-13,GL-B-014,ภาคเหนือ,724,8882
2026-07-13,GL-B-014,ภาคใต้,958,12216
2026-07-13,MK-C-028,กรุงเทพฯ,914,13519
2026-07-13,MK-C-028,ภาคกลาง,811,10399
2026-07-13,MK-C-028,ภาคตะวันออก,544,7119
2026-07-13,MK-C-028,ภาคเหนือ,480,6872
2026-07-13,MK-C-028,ภาคใต้,636,8009
2026-07-13,SY-D-039,กรุงเทพฯ,650,8201
2026-07-13,SY-D-039,ภาคกลาง,507,5807
2026-07-13,SY-D-039,ภาคตะวันออก,357,4969
2026-07-13,SY-D-039,ภาคเหนือ,377,3888
2026-07-13,SY-D-039,ภาคใต้,446,6047
2026-07-13,AG-E-052,กรุงเทพฯ,185,2255
2026-07-13,AG-E-052,ภาคกลาง,144,1877
2026-07-13,AG-E-052,ภาคตะวันออก,119,1453
2026-07-13,AG-E-052,ภาคเหนือ,110,1405
2026-07-13,AG-E-052,ภาคใต้,118,1401
2026-07-14,TK-A-001,กรุงเทพฯ,258,3308
2026-07-14,TK-A-001,ภาคกลาง,209,2249
2026-07-14,TK-A-001,ภาคตะวันออก,145,1927
2026-07-14,TK-A-001,ภาคเหนือ,142,1860
2026-07-14,TK-A-001,ภาคใต้,180,2299
2026-07-14,GL-B-014,กรุงเทพฯ,1472,18656
2026-07-14,GL-B-014,ภาคกลาง,1087,13406
2026-07-14,GL-B-014,ภาคตะวันออก,837,9477
2026-07-14,GL-B-014,ภาคเหนือ,765,8322
2026-07-14,GL-B-014,ภาคใต้,900,9901
2026-07-14,MK-C-028,กรุงเทพฯ,1058,12762
2026-07-14,MK-C-028,ภาคกลาง,840,10258
2026-07-14,MK-C-028,ภาคตะวันออก,604,6968
2026-07-14,MK-C-028,ภาคเหนือ,501,6450
2026-07-14,MK-C-028,ภาคใต้,694,7049
2026-07-14,SY-D-039,กรุงเทพฯ,649,8718
2026-07-14,SY-D-039,ภาคกลาง,490,6584
2026-07-14,SY-D-039,ภาคตะวันออก,357,4296
2026-07-14,SY-D-039,ภาคเหนือ,355,3994
2026-07-14,SY-D-039,ภาคใต้,404,5853
2026-07-14,AG-E-052,กรุงเทพฯ,205,2711
2026-07-14,AG-E-052,ภาคกลาง,168,1711
2026-07-14,AG-E-052,ภาคตะวันออก,120,1411
2026-07-14,AG-E-052,ภาคเหนือ,102,1262
2026-07-14,AG-E-052,ภาคใต้,143,1732
2026-07-15,TK-A-001,กรุงเทพฯ,274,3261
2026-07-15,TK-A-001,ภาคกลาง,228,2640
2026-07-15,TK-A-001,ภาคตะวันออก,165,1814
2026-07-15,TK-A-001,ภาคเหนือ,145,1926
2026-07-15,TK-A-001,ภาคใต้,163,1871
2026-07-15,GL-B-014,กรุงเทพฯ,1294,14338
2026-07-15,GL-B-014,ภาคกลาง,980,11846
2026-07-15,GL-B-014,ภาคตะวันออก,803,10464
2026-07-15,GL-B-014,ภาคเหนือ,696,7987
2026-07-15,GL-B-014,ภาคใต้,851,11539
2026-07-15,MK-C-028,กรุงเทพฯ,895,12100
2026-07-15,MK-C-028,ภาคกลาง,834,11069
2026-07-15,MK-C-028,ภาคตะวันออก,530,7865
2026-07-15,MK-C-028,ภาคเหนือ,555,5881
2026-07-15,MK-C-028,ภาคใต้,653,6985
2026-07-15,SY-D-039,กรุงเทพฯ,703,8580
2026-07-15,SY-D-039,ภาคกลาง,537,6799
2026-07-15,SY-D-039,ภาคตะวันออก,388,4323
2026-07-15,SY-D-039,ภาคเหนือ,334,4123
2026-07-15,SY-D-039,ภาคใต้,393,5977
2026-07-15,AG-E-052,กรุงเทพฯ,212,2276
2026-07-15,AG-E-052,ภาคกลาง,144,2170
2026-07-15,AG-E-052,ภาคตะวันออก,108,1365
2026-07-15,AG-E-052,ภาคเหนือ,114,1476
2026-07-15,AG-E-052,ภาคใต้,125,1458
2026-07-16,TK-A-001,กรุงเทพฯ,273,3362
2026-07-16,TK-A-001,ภาคกลาง,202,2205
2026-07-16,TK-A-001,ภาคตะวันออก,150,1923
2026-07-16,TK-A-001,ภาคเหนือ,134,1939
2026-07-16,TK-A-001,ภาคใต้,166,2424
2026-07-16,GL-B-014,กรุงเทพฯ,1277,16355
2026-07-16,GL-B-014,ภาคกลาง,993,12174
2026-07-16,GL-B-014,ภาคตะวันออก,830,10793
2026-07-16,GL-B-014,ภาคเหนือ,737,8788
2026-07-16,GL-B-014,ภาคใต้,909,10639
2026-07-16,MK-C-028,กรุงเทพฯ,891,13694
2026-07-16,MK-C-028,ภาคกลาง,719,10212
2026-07-16,MK-C-028,ภาคตะวันออก,543,8220
2026-07-16,MK-C-028,ภาคเหนือ,491,5633
2026-07-16,MK-C-028,ภาคใต้,682,9139
2026-07-16,SY-D-039,กรุงเทพฯ,637,7027
2026-07-16,SY-D-039,ภาคกลาง,509,7180
2026-07-16,SY-D-039,ภาคตะวันออก,401,4998
2026-07-16,SY-D-039,ภาคเหนือ,336,4540
2026-07-16,SY-D-039,ภาคใต้,443,6145
2026-07-16,AG-E-052,กรุงเทพฯ,186,2470
2026-07-16,AG-E-052,ภาคกลาง,141,1900
2026-07-16,AG-E-052,ภาคตะวันออก,120,1463
2026-07-16,AG-E-052,ภาคเหนือ,107,1437
2026-07-16,AG-E-052,ภาคใต้,125,1422
2026-07-17,TK-A-001,กรุงเทพฯ,251,3585
2026-07-17,TK-A-001,ภาคกลาง,195,2591
2026-07-17,TK-A-001,ภาคตะวันออก,150,1691
2026-07-17,TK-A-001,ภาคเหนือ,138,1681
2026-07-17,TK-A-001,ภาคใต้,161,2410
2026-07-17,GL-B-014,กรุงเทพฯ,1247,15237
2026-07-17,GL-B-014,ภาคกลาง,1067,13822
2026-07-17,GL-B-014,ภาคตะวันออก,731,9775
2026-07-17,GL-B-014,ภาคเหนือ,693,9395
2026-07-17,GL-B-014,ภาคใต้,976,11587
2026-07-17,MK-C-028,กรุงเทพฯ,1011,13016
2026-07-17,MK-C-028,ภาคกลาง,710,8751
2026-07-17,MK-C-028,ภาคตะวันออก,579,7407
2026-07-17,MK-C-028,ภาคเหนือ,539,5888
2026-07-17,MK-C-028,ภาคใต้,709,9273
2026-07-17,SY-D-039,กรุงเทพฯ,699,7296
2026-07-17,SY-D-039,ภาคกลาง,476,6693
2026-07-17,SY-D-039,ภาคตะวันออก,396,5240
2026-07-17,SY-D-039,ภาคเหนือ,315,4638
2026-07-17,SY-D-039,ภาคใต้,404,5615
2026-07-17,AG-E-052,กรุงเทพฯ,210,2668
2026-07-17,AG-E-052,ภาคกลาง,167,2070
2026-07-17,AG-E-052,ภาคตะวันออก,125,1451
2026-07-17,AG-E-052,ภาคเหนือ,96,1445
2026-07-17,AG-E-052,ภาคใต้,130,1761
2026-07-18,TK-A-001,กรุงเทพฯ,283,2899
2026-07-18,TK-A-001,ภาคกลาง,200,2553
2026-07-18,TK-A-001,ภาคตะวันออก,142,2116
2026-07-18,TK-A-001,ภาคเหนือ,135,1964
2026-07-18,TK-A-001,ภาคใต้,187,1876
2026-07-18,GL-B-014,กรุงเทพฯ,1319,19139
2026-07-18,GL-B-014,ภาคกลาง,1035,12546
2026-07-18,GL-B-014,ภาคตะวันออก,885,9981
2026-07-18,GL-B-014,ภาคเหนือ,675,9345
2026-07-18,GL-B-014,ภาคใต้,951,10686
2026-07-18,MK-C-028,กรุงเทพฯ,961,13609
2026-07-18,MK-C-028,ภาคกลาง,790,10031
2026-07-18,MK-C-028,ภาคตะวันออก,634,7670
2026-07-18,MK-C-028,ภาคเหนือ,499,6005
2026-07-18,MK-C-028,ภาคใต้,669,7864
2026-07-18,SY-D-039,กรุงเทพฯ,712,8426
2026-07-18,SY-D-039,ภาคกลาง,470,7090
2026-07-18,SY-D-039,ภาคตะวันออก,364,5142
2026-07-18,SY-D-039,ภาคเหนือ,363,4323
2026-07-18,SY-D-039,ภาคใต้,457,5273
2026-07-18,AG-E-052,กรุงเทพฯ,184,2208
2026-07-18,AG-E-052,ภาคกลาง,149,2006
2026-07-18,AG-E-052,ภาคตะวันออก,109,1496
2026-07-18,AG-E-052,ภาคเหนือ,114,1286
2026-07-18,AG-E-052,ภาคใต้,141,1812
2026-07-19,TK-A-001,กรุงเทพฯ,235,3677
2026-07-19,TK-A-001,ภาคกลาง,209,2619
2026-07-19,TK-A-001,ภาคตะวันออก,159,1993
2026-07-19,TK-A-001,ภาคเหนือ,143,1748
2026-07-19,TK-A-001,ภาคใต้,159,2078
2026-07-19,GL-B-014,กรุงเทพฯ,1266,17277
2026-07-19,GL-B-014,ภาคกลาง,1011,11529
2026-07-19,GL-B-014,ภาคตะวันออก,832,11444
2026-07-19,GL-B-014,ภาคเหนือ,777,8820
2026-07-19,GL-B-014,ภาคใต้,925,10722
2026-07-19,MK-C-028,กรุงเทพฯ,1057,11705
2026-07-19,MK-C-028,ภาคกลาง,843,11010
2026-07-19,MK-C-028,ภาคตะวันออก,555,7331
2026-07-19,MK-C-028,ภาคเหนือ,530,6878
2026-07-19,MK-C-028,ภาคใต้,661,8695
2026-07-19,SY-D-039,กรุงเทพฯ,637,9202
2026-07-19,SY-D-039,ภาคกลาง,476,7363
2026-07-19,SY-D-039,ภาคตะวันออก,411,5408
2026-07-19,SY-D-039,ภาคเหนือ,352,4652
2026-07-19,SY-D-039,ภาคใต้,457,4654
2026-07-19,AG-E-052,กรุงเทพฯ,209,2200
2026-07-19,AG-E-052,ภาคกลาง,172,2031
2026-07-19,AG-E-052,ภาคตะวันออก,115,1663
2026-07-19,AG-E-052,ภาคเหนือ,97,1378
2026-07-19,AG-E-052,ภาคใต้,122,1439
2026-07-20,TK-A-001,กรุงเทพฯ,257,3231
2026-07-20,TK-A-001,ภาคกลาง,197,2899
2026-07-20,TK-A-001,ภาคตะวันออก,157,2187
2026-07-20,TK-A-001,ภาคเหนือ,138,1601
2026-07-20,TK-A-001,ภาคใต้,166,2360
2026-07-20,GL-B-014,กรุงเทพฯ,1254,17167
2026-07-20,GL-B-014,ภาคกลาง,988,11685
2026-07-20,GL-B-014,ภาคตะวันออก,776,9131
2026-07-20,GL-B-014,ภาคเหนือ,731,8326
2026-07-20,GL-B-014,ภาคใต้,851,12045
2026-07-20,MK-C-028,กรุงเทพฯ,927,10965
2026-07-20,MK-C-028,ภาคกลาง,827,10950
2026-07-20,MK-C-028,ภาคตะวันออก,614,6639
2026-07-20,MK-C-028,ภาคเหนือ,516,6565
2026-07-20,MK-C-028,ภาคใต้,679,9143
2026-07-20,SY-D-039,กรุงเทพฯ,657,8022
2026-07-20,SY-D-039,ภาคกลาง,551,7411
2026-07-20,SY-D-039,ภาคตะวันออก,380,5128
2026-07-20,SY-D-039,ภาคเหนือ,315,4964
2026-07-20,SY-D-039,ภาคใต้,442,4987
2026-07-20,AG-E-052,กรุงเทพฯ,196,2484
2026-07-20,AG-E-052,ภาคกลาง,162,1901
2026-07-20,AG-E-052,ภาคตะวันออก,113,1356
2026-07-20,AG-E-052,ภาคเหนือ,115,1449
2026-07-20,AG-E-052,ภาคใต้,130,1427
2026-07-21,TK-A-001,กรุงเทพฯ,267,3618
2026-07-21,TK-A-001,ภาคกลาง,205,2363
2026-07-21,TK-A-001,ภาคตะวันออก,155,2068
2026-07-21,TK-A-001,ภาคเหนือ,146,1702
2026-07-21,TK-A-001,ภาคใต้,190,1845
2026-07-21,GL-B-014,กรุงเทพฯ,1285,15528
2026-07-21,GL-B-014,ภาคกลาง,1076,13962
2026-07-21,GL-B-014,ภาคตะวันออก,806,11433
2026-07-21,GL-B-014,ภาคเหนือ,665,7839
2026-07-21,GL-B-014,ภาคใต้,926,10586
2026-07-21,MK-C-028,กรุงเทพฯ,1007,13282
2026-07-21,MK-C-028,ภาคกลาง,728,8836
2026-07-21,MK-C-028,ภาคตะวันออก,630,8042
2026-07-21,MK-C-028,ภาคเหนือ,495,6100
2026-07-21,MK-C-028,ภาคใต้,640,8469
2026-07-21,SY-D-039,กรุงเทพฯ,594,8692
2026-07-21,SY-D-039,ภาคกลาง,562,5607
2026-07-21,SY-D-039,ภาคตะวันออก,428,5092
2026-07-21,SY-D-039,ภาคเหนือ,376,4417
2026-07-21,SY-D-039,ภาคใต้,391,4740
2026-07-21,AG-E-052,กรุงเทพฯ,186,2630
2026-07-21,AG-E-052,ภาคกลาง,161,1714
2026-07-21,AG-E-052,ภาคตะวันออก,117,1328
2026-07-21,AG-E-052,ภาคเหนือ,102,1327
2026-07-21,AG-E-052,ภาคใต้,133,1434
2026-07-22,TK-A-001,กรุงเทพฯ,285,3066
2026-07-22,TK-A-001,ภาคกลาง,196,2331
2026-07-22,TK-A-001,ภาคตะวันออก,162,1876
2026-07-22,TK-A-001,ภาคเหนือ,128,1754
2026-07-22,TK-A-001,ภาคใต้,185,2306
2026-07-22,GL-B-014,กรุงเทพฯ,1408,16579
2026-07-22,GL-B-014,ภาคกลาง,1166,13786
2026-07-22,GL-B-014,ภาคตะวันออก,800,10982
2026-07-22,GL-B-014,ภาคเหนือ,772,8470
2026-07-22,GL-B-014,ภาคใต้,921,10875
2026-07-22,MK-C-028,กรุงเทพฯ,1057,11601
2026-07-22,MK-C-028,ภาคกลาง,755,9307
2026-07-22,MK-C-028,ภาคตะวันออก,583,7605
2026-07-22,MK-C-028,ภาคเหนือ,470,5682
2026-07-22,MK-C-028,ภาคใต้,648,9297
2026-07-22,SY-D-039,กรุงเทพฯ,586,7818
2026-07-22,SY-D-039,ภาคกลาง,561,6774
2026-07-22,SY-D-039,ภาคตะวันออก,367,4726
2026-07-22,SY-D-039,ภาคเหนือ,318,4141
2026-07-22,SY-D-039,ภาคใต้,437,5236
2026-07-22,AG-E-052,กรุงเทพฯ,209,2673
2026-07-22,AG-E-052,ภาคกลาง,144,2078
2026-07-22,AG-E-052,ภาคตะวันออก,124,1275
2026-07-22,AG-E-052,ภาคเหนือ,113,1247
2026-07-22,AG-E-052,ภาคใต้,129,1510
2026-07-23,TK-A-001,กรุงเทพฯ,265,2783
2026-07-23,TK-A-001,ภาคกลาง,211,2943
2026-07-23,TK-A-001,ภาคตะวันออก,168,1909
2026-07-23,TK-A-001,ภาคเหนือ,131,1889
2026-07-23,TK-A-001,ภาคใต้,170,2250
2026-07-23,GL-B-014,กรุงเทพฯ,1404,16111
2026-07-23,GL-B-014,ภาคกลาง,1137,12063
2026-07-23,GL-B-014,ภาคตะวันออก,826,9320
2026-07-23,GL-B-014,ภาคเหนือ,654,9024
2026-07-23,GL-B-014,ภาคใต้,982,12396
2026-07-23,MK-C-028,กรุงเทพฯ,1060,11739
2026-07-23,MK-C-028,ภาคกลาง,853,10305
2026-07-23,MK-C-028,ภาคตะวันออก,603,6668
2026-07-23,MK-C-028,ภาคเหนือ,523,6729
2026-07-23,MK-C-028,ภาคใต้,590,8291
2026-07-23,SY-D-039,กรุงเทพฯ,629,8869
2026-07-23,SY-D-039,ภาคกลาง,487,5722
2026-07-23,SY-D-039,ภาคตะวันออก,397,4346
2026-07-23,SY-D-039,ภาคเหนือ,336,4757
2026-07-23,SY-D-039,ภาคใต้,402,5086
2026-07-23,AG-E-052,กรุงเทพฯ,213,2483
2026-07-23,AG-E-052,ภาคกลาง,148,2186
2026-07-23,AG-E-052,ภาคตะวันออก,120,1408
2026-07-23,AG-E-052,ภาคเหนือ,109,1239
2026-07-23,AG-E-052,ภาคใต้,135,1586
2026-07-24,TK-A-001,กรุงเทพฯ,262,2913
2026-07-24,TK-A-001,ภาคกลาง,221,2709
2026-07-24,TK-A-001,ภาคตะวันออก,159,1747
2026-07-24,TK-A-001,ภาคเหนือ,136,1518
2026-07-24,TK-A-001,ภาคใต้,189,2279
2026-07-24,GL-B-014,กรุงเทพฯ,1438,18808
2026-07-24,GL-B-014,ภาคกลาง,1077,13588
2026-07-24,GL-B-014,ภาคตะวันออก,767,9240
2026-07-24,GL-B-014,ภาคเหนือ,674,9466
2026-07-24,GL-B-014,ภาคใต้,953,11175
2026-07-24,MK-C-028,กรุงเทพฯ,952,12524
2026-07-24,MK-C-028,ภาคกลาง,857,8280
2026-07-24,MK-C-028,ภาคตะวันออก,548,7987
2026-07-24,MK-C-028,ภาคเหนือ,501,6646
2026-07-24,MK-C-028,ภาคใต้,603,7874
2026-07-24,SY-D-039,กรุงเทพฯ,635,8995
2026-07-24,SY-D-039,ภาคกลาง,521,5537
2026-07-24,SY-D-039,ภาคตะวันออก,384,4808
2026-07-24,SY-D-039,ภาคเหนือ,315,4736
2026-07-24,SY-D-039,ภาคใต้,424,6093
2026-07-24,AG-E-052,กรุงเทพฯ,179,2583
2026-07-24,AG-E-052,ภาคกลาง,158,1942
2026-07-24,AG-E-052,ภาคตะวันออก,112,1382
2026-07-24,AG-E-052,ภาคเหนือ,96,1440
2026-07-24,AG-E-052,ภาคใต้,122,1810
2026-07-25,TK-A-001,กรุงเทพฯ,241,3278
2026-07-25,TK-A-001,ภาคกลาง,224,2929
2026-07-25,TK-A-001,ภาคตะวันออก,164,1911
2026-07-25,TK-A-001,ภาคเหนือ,148,1628
2026-07-25,TK-A-001,ภาคใต้,190,2461
2026-07-25,GL-B-014,กรุงเทพฯ,1214,15017
2026-07-25,GL-B-014,ภาคกลาง,1175,13444
2026-07-25,GL-B-014,ภาคตะวันออก,763,10682
2026-07-25,GL-B-014,ภาคเหนือ,740,8249
2026-07-25,GL-B-014,ภาคใต้,878,9630
2026-07-25,MK-C-028,กรุงเทพฯ,986,12746
2026-07-25,MK-C-028,ภาคกลาง,847,8807
2026-07-25,MK-C-028,ภาคตะวันออก,594,6411
2026-07-25,MK-C-028,ภาคเหนือ,494,6030
2026-07-25,MK-C-028,ภาคใต้,660,7809
2026-07-25,SY-D-039,กรุงเทพฯ,712,8134
2026-07-25,SY-D-039,ภาคกลาง,552,5853
2026-07-25,SY-D-039,ภาคตะวันออก,385,4567
2026-07-25,SY-D-039,ภาคเหนือ,340,4685
2026-07-25,SY-D-039,ภาคใต้,434,5587
2026-07-25,AG-E-052,กรุงเทพฯ,209,2326
2026-07-25,AG-E-052,ภาคกลาง,170,2007
2026-07-25,AG-E-052,ภาคตะวันออก,121,1642
2026-07-25,AG-E-052,ภาคเหนือ,107,1124
2026-07-25,AG-E-052,ภาคใต้,121,1647
2026-07-26,TK-A-001,กรุงเทพฯ,266,3689
2026-07-26,TK-A-001,ภาคกลาง,222,2704
2026-07-26,TK-A-001,ภาคตะวันออก,160,2008
2026-07-26,TK-A-001,ภาคเหนือ,139,1532
2026-07-26,TK-A-001,ภาคใต้,170,2331
2026-07-26,GL-B-014,กรุงเทพฯ,1422,14307
2026-07-26,GL-B-014,ภาคกลาง,1067,14916
2026-07-26,GL-B-014,ภาคตะวันออก,735,10945
2026-07-26,GL-B-014,ภาคเหนือ,734,8833
2026-07-26,GL-B-014,ภาคใต้,826,10510
2026-07-26,MK-C-028,กรุงเทพฯ,997,13963
2026-07-26,MK-C-028,ภาคกลาง,763,8965
2026-07-26,MK-C-028,ภาคตะวันออก,614,6261
2026-07-26,MK-C-028,ภาคเหนือ,486,6554
2026-07-26,MK-C-028,ภาคใต้,609,7779
2026-07-26,SY-D-039,กรุงเทพฯ,619,7099
2026-07-26,SY-D-039,ภาคกลาง,517,6433
2026-07-26,SY-D-039,ภาคตะวันออก,358,5005
2026-07-26,SY-D-039,ภาคเหนือ,337,4302
2026-07-26,SY-D-039,ภาคใต้,406,5581
2026-07-26,AG-E-052,กรุงเทพฯ,177,2404
2026-07-26,AG-E-052,ภาคกลาง,155,2188
2026-07-26,AG-E-052,ภาคตะวันออก,110,1595
2026-07-26,AG-E-052,ภาคเหนือ,111,1460
2026-07-26,AG-E-052,ภาคใต้,140,1844
2026-07-27,TK-A-001,กรุงเทพฯ,284,3428
2026-07-27,TK-A-001,ภาคกลาง,214,2763
2026-07-27,TK-A-001,ภาคตะวันออก,149,2078
2026-07-27,TK-A-001,ภาคเหนือ,143,1965
2026-07-27,TK-A-001,ภาคใต้,178,2291
2026-07-27,GL-B-014,กรุงเทพฯ,1467,16637
2026-07-27,GL-B-014,ภาคกลาง,1174,14132
2026-07-27,GL-B-014,ภาคตะวันออก,812,9288
2026-07-27,GL-B-014,ภาคเหนือ,663,9340
2026-07-27,GL-B-014,ภาคใต้,881,10635
2026-07-27,MK-C-028,กรุงเทพฯ,994,11265
2026-07-27,MK-C-028,ภาคกลาง,815,9102
2026-07-27,MK-C-028,ภาคตะวันออก,609,6456
2026-07-27,MK-C-028,ภาคเหนือ,497,6789
2026-07-27,MK-C-028,ภาคใต้,683,7383
2026-07-27,SY-D-039,กรุงเทพฯ,645,7097
2026-07-27,SY-D-039,ภาคกลาง,467,5530
2026-07-27,SY-D-039,ภาคตะวันออก,363,4227
2026-07-27,SY-D-039,ภาคเหนือ,338,4427
2026-07-27,SY-D-039,ภาคใต้,409,4901
2026-07-27,AG-E-052,กรุงเทพฯ,200,2532
2026-07-27,AG-E-052,ภาคกลาง,160,2085
2026-07-27,AG-E-052,ภาคตะวันออก,106,1381
2026-07-27,AG-E-052,ภาคเหนือ,99,1378
2026-07-27,AG-E-052,ภาคใต้,136,1532
2026-07-28,TK-A-001,กรุงเทพฯ,242,3456
2026-07-28,TK-A-001,ภาคกลาง,187,2502
2026-07-28,TK-A-001,ภาคตะวันออก,154,1897
2026-07-28,TK-A-001,ภาคเหนือ,127,1750
2026-07-28,TK-A-001,ภาคใต้,170,2013
2026-07-28,GL-B-014,กรุงเทพฯ,1252,16484
2026-07-28,GL-B-014,ภาคกลาง,1064,15017
2026-07-28,GL-B-014,ภาคตะวันออก,760,10701
2026-07-28,GL-B-014,ภาคเหนือ,759,8485
2026-07-28,GL-B-014,ภาคใต้,942,10140
2026-07-28,MK-C-028,กรุงเทพฯ,927,13242
2026-07-28,MK-C-028,ภาคกลาง,742,9633
2026-07-28,MK-C-028,ภาคตะวันออก,570,6239
2026-07-28,MK-C-028,ภาคเหนือ,559,5753
2026-07-28,MK-C-028,ภาคใต้,696,7028
2026-07-28,SY-D-039,กรุงเทพฯ,670,8096
2026-07-28,SY-D-039,ภาคกลาง,466,5855
2026-07-28,SY-D-039,ภาคตะวันออก,412,5533
2026-07-28,SY-D-039,ภาคเหนือ,342,4068
2026-07-28,SY-D-039,ภาคใต้,447,4591
2026-07-28,AG-E-052,กรุงเทพฯ,208,2086
2026-07-28,AG-E-052,ภาคกลาง,143,1999
2026-07-28,AG-E-052,ภาคตะวันออก,124,1345
2026-07-28,AG-E-052,ภาคเหนือ,106,1359
2026-07-28,AG-E-052,ภาคใต้,125,1786
2026-07-29,TK-A-001,กรุงเทพฯ,271,3344
2026-07-29,TK-A-001,ภาคกลาง,227,2291
2026-07-29,TK-A-001,ภาคตะวันออก,140,1770
2026-07-29,TK-A-001,ภาคเหนือ,126,1828
2026-07-29,TK-A-001,ภาคใต้,179,2064
2026-07-29,GL-B-014,กรุงเทพฯ,1323,15494
2026-07-29,GL-B-014,ภาคกลาง,1085,13336
2026-07-29,GL-B-014,ภาคตะวันออก,795,9398
2026-07-29,GL-B-014,ภาคเหนือ,731,9186
2026-07-29,GL-B-014,ภาคใต้,864,11709
2026-07-29,MK-C-028,กรุงเทพฯ,1048,11054
2026-07-29,MK-C-028,ภาคกลาง,766,10637
2026-07-29,MK-C-028,ภาคตะวันออก,559,7774
2026-07-29,MK-C-028,ภาคเหนือ,486,6851
2026-07-29,MK-C-028,ภาคใต้,586,7088
2026-07-29,SY-D-039,กรุงเทพฯ,643,9108
2026-07-29,SY-D-039,ภาคกลาง,542,6473
2026-07-29,SY-D-039,ภาคตะวันออก,417,5195
2026-07-29,SY-D-039,ภาคเหนือ,366,4624
2026-07-29,SY-D-039,ภาคใต้,474,5661
2026-07-29,AG-E-052,กรุงเทพฯ,184,2361
2026-07-29,AG-E-052,ภาคกลาง,168,1663
2026-07-29,AG-E-052,ภาคตะวันออก,107,1662
2026-07-29,AG-E-052,ภาคเหนือ,96,1347
2026-07-29,AG-E-052,ภาคใต้,125,1639
2026-07-30,TK-A-001,กรุงเทพฯ,235,3215
2026-07-30,TK-A-001,ภาคกลาง,216,2773
2026-07-30,TK-A-001,ภาคตะวันออก,158,1673
2026-07-30,TK-A-001,ภาคเหนือ,130,1496
2026-07-30,TK-A-001,ภาคใต้,163,2234
2026-07-30,GL-B-014,กรุงเทพฯ,1299,17300
2026-07-30,GL-B-014,ภาคกลาง,993,15008
2026-07-30,GL-B-014,ภาคตะวันออก,794,9088
2026-07-30,GL-B-014,ภาคเหนือ,755,8964
2026-07-30,GL-B-014,ภาคใต้,816,12361
2026-07-30,MK-C-028,กรุงเทพฯ,909,11545
2026-07-30,MK-C-028,ภาคกลาง,717,10667
2026-07-30,MK-C-028,ภาคตะวันออก,637,8050
2026-07-30,MK-C-028,ภาคเหนือ,548,5540
2026-07-30,MK-C-028,ภาคใต้,665,8876
2026-07-30,SY-D-039,กรุงเทพฯ,697,8533
2026-07-30,SY-D-039,ภาคกลาง,550,7417
2026-07-30,SY-D-039,ภาคตะวันออก,390,4256
2026-07-30,SY-D-039,ภาคเหนือ,330,4464
2026-07-30,SY-D-039,ภาคใต้,471,6130
2026-07-30,AG-E-052,กรุงเทพฯ,187,2164
2026-07-30,AG-E-052,ภาคกลาง,153,1808
2026-07-30,AG-E-052,ภาคตะวันออก,112,1311
2026-07-30,AG-E-052,ภาคเหนือ,110,1345
2026-07-30,AG-E-052,ภาคใต้,140,1665
2026-07-31,TK-A-001,กรุงเทพฯ,269,3001
2026-07-31,TK-A-001,ภาคกลาง,192,2701
2026-07-31,TK-A-001,ภาคตะวันออก,157,1824
2026-07-31,TK-A-001,ภาคเหนือ,130,1469
2026-07-31,TK-A-001,ภาคใต้,164,1901
2026-07-31,GL-B-014,กรุงเทพฯ,1411,16584
2026-07-31,GL-B-014,ภาคกลาง,1090,13573
2026-07-31,GL-B-014,ภาคตะวันออก,759,10647
2026-07-31,GL-B-014,ภาคเหนือ,662,9291
2026-07-31,GL-B-014,ภาคใต้,826,12758
2026-07-31,MK-C-028,กรุงเทพฯ,957,13674
2026-07-31,MK-C-028,ภาคกลาง,802,8682
2026-07-31,MK-C-028,ภาคตะวันออก,638,7206
2026-07-31,MK-C-028,ภาคเหนือ,567,5661
2026-07-31,MK-C-028,ภาคใต้,689,7925
2026-07-31,SY-D-039,กรุงเทพฯ,673,7766
2026-07-31,SY-D-039,ภาคกลาง,465,6468
2026-07-31,SY-D-039,ภาคตะวันออก,351,4165
2026-07-31,SY-D-039,ภาคเหนือ,348,4500
2026-07-31,SY-D-039,ภาคใต้,391,5399
2026-07-31,AG-E-052,กรุงเทพฯ,211,2120
2026-07-31,AG-E-052,ภาคกลาง,151,1778
2026-07-31,AG-E-052,ภาคตะวันออก,125,1375
2026-07-31,AG-E-052,ภาคเหนือ,98,1259
2026-07-31,AG-E-052,ภาคใต้,139,1692
2026-08-01,TK-A-001,กรุงเทพฯ,247,2837
2026-08-01,TK-A-001,ภาคกลาง,193,2669
2026-08-01,TK-A-001,ภาคตะวันออก,150,1826
2026-08-01,TK-A-001,ภาคเหนือ,145,1986
2026-08-01,TK-A-001,ภาคใต้,165,1860
2026-08-01,GL-B-014,กรุงเทพฯ,1432,18392
2026-08-01,GL-B-014,ภาคกลาง,965,13324
2026-08-01,GL-B-014,ภาคตะวันออก,836,8652
2026-08-01,GL-B-014,ภาคเหนือ,709,8773
2026-08-01,GL-B-014,ภาคใต้,924,12236
2026-08-01,MK-C-028,กรุงเทพฯ,995,10815
2026-08-01,MK-C-028,ภาคกลาง,746,8808
2026-08-01,MK-C-028,ภาคตะวันออก,557,7744
2026-08-01,MK-C-028,ภาคเหนือ,505,7036
2026-08-01,MK-C-028,ภาคใต้,581,7228
2026-08-01,SY-D-039,กรุงเทพฯ,645,7569
2026-08-01,SY-D-039,ภาคกลาง,514,6291
2026-08-01,SY-D-039,ภาคตะวันออก,381,5264
2026-08-01,SY-D-039,ภาคเหนือ,326,3698
2026-08-01,SY-D-039,ภาคใต้,425,4696
2026-08-01,AG-E-052,กรุงเทพฯ,191,2393
2026-08-01,AG-E-052,ภาคกลาง,152,2067
2026-08-01,AG-E-052,ภาคตะวันออก,105,1624
2026-08-01,AG-E-052,ภาคเหนือ,95,1195
2026-08-01,AG-E-052,ภาคใต้,137,1558
2026-08-02,TK-A-001,กรุงเทพฯ,252,3673
2026-08-02,TK-A-001,ภาคกลาง,189,2560
2026-08-02,TK-A-001,ภาคตะวันออก,163,1697
2026-08-02,TK-A-001,ภาคเหนือ,139,1787
2026-08-02,TK-A-001,ภาคใต้,188,2111
2026-08-02,GL-B-014,กรุงเทพฯ,1239,15314
2026-08-02,GL-B-014,ภาคกลาง,997,13724
2026-08-02,GL-B-014,ภาคตะวันออก,719,11283
2026-08-02,GL-B-014,ภาคเหนือ,662,8601
2026-08-02,GL-B-014,ภาคใต้,806,11148
2026-08-02,MK-C-028,กรุงเทพฯ,990,11239
2026-08-02,MK-C-028,ภาคกลาง,795,10414
2026-08-02,MK-C-028,ภาคตะวันออก,536,7502
2026-08-02,MK-C-028,ภาคเหนือ,478,6957
2026-08-02,MK-C-028,ภาคใต้,688,7721
2026-08-02,SY-D-039,กรุงเทพฯ,689,8834
2026-08-02,SY-D-039,ภาคกลาง,534,6009
2026-08-02,SY-D-039,ภาคตะวันออก,365,5288
2026-08-02,SY-D-039,ภาคเหนือ,356,4668
2026-08-02,SY-D-039,ภาคใต้,400,5584
2026-08-02,AG-E-052,กรุงเทพฯ,199,2297
2026-08-02,AG-E-052,ภาคกลาง,157,1772
2026-08-02,AG-E-052,ภาคตะวันออก,118,1454
2026-08-02,AG-E-052,ภาคเหนือ,108,1144
2026-08-02,AG-E-052,ภาคใต้,117,1604
2026-08-03,TK-A-001,กรุงเทพฯ,247,3416
2026-08-03,TK-A-001,ภาคกลาง,222,2611
2026-08-03,TK-A-001,ภาคตะวันออก,148,1853
2026-08-03,TK-A-001,ภาคเหนือ,149,1806
2026-08-03,TK-A-001,ภาคใต้,162,2183
2026-08-03,GL-B-014,กรุงเทพฯ,1205,16653
2026-08-03,GL-B-014,ภาคกลาง,964,12346
2026-08-03,GL-B-014,ภาคตะวันออก,771,8970
2026-08-03,GL-B-014,ภาคเหนือ,750,8192
2026-08-03,GL-B-014,ภาคใต้,853,11780
2026-08-03,MK-C-028,กรุงเทพฯ,925,11808
2026-08-03,MK-C-028,ภาคกลาง,805,8843
2026-08-03,MK-C-028,ภาคตะวันออก,574,8266
2026-08-03,MK-C-028,ภาคเหนือ,546,7131
2026-08-03,MK-C-028,ภาคใต้,606,6910
2026-08-03,SY-D-039,กรุงเทพฯ,635,7491
2026-08-03,SY-D-039,ภาคกลาง,504,6076
2026-08-03,SY-D-039,ภาคตะวันออก,410,4501
2026-08-03,SY-D-039,ภาคเหนือ,364,4605
2026-08-03,SY-D-039,ภาคใต้,467,5681
2026-08-03,AG-E-052,กรุงเทพฯ,190,2776
2026-08-03,AG-E-052,ภาคกลาง,147,2050
2026-08-03,AG-E-052,ภาคตะวันออก,113,1548
2026-08-03,AG-E-052,ภาคเหนือ,110,1152
2026-08-03,AG-E-052,ภาคใต้,124,1671
2026-08-04,TK-A-001,กรุงเทพฯ,280,3371
2026-08-04,TK-A-001,ภาคกลาง,191,2750
2026-08-04,TK-A-001,ภาคตะวันออก,157,1912
2026-08-04,TK-A-001,ภาคเหนือ,134,1753
2026-08-04,TK-A-001,ภาคใต้,168,2053
2026-08-04,GL-B-014,กรุงเทพฯ,1302,14953
2026-08-04,GL-B-014,ภาคกลาง,1043,11678
2026-08-04,GL-B-014,ภาคตะวันออก,797,10992
2026-08-04,GL-B-014,ภาคเหนือ,755,8105
2026-08-04,GL-B-014,ภาคใต้,915,10623
2026-08-04,MK-C-028,กรุงเทพฯ,957,10737
2026-08-04,MK-C-028,ภาคกลาง,718,8405
2026-08-04,MK-C-028,ภาคตะวันออก,590,8065
2026-08-04,MK-C-028,ภาคเหนือ,506,6942
2026-08-04,MK-C-028,ภาคใต้,619,9028
2026-08-04,SY-D-039,กรุงเทพฯ,593,8226
2026-08-04,SY-D-039,ภาคกลาง,546,7098
2026-08-04,SY-D-039,ภาคตะวันออก,349,4474
2026-08-04,SY-D-039,ภาคเหนือ,375,3759
2026-08-04,SY-D-039,ภาคใต้,406,5203
2026-08-04,AG-E-052,กรุงเทพฯ,190,2504
2026-08-04,AG-E-052,ภาคกลาง,169,1977
2026-08-04,AG-E-052,ภาคตะวันออก,121,1425
2026-08-04,AG-E-052,ภาคเหนือ,106,1295
2026-08-04,AG-E-052,ภาคใต้,126,1613
2026-08-05,TK-A-001,กรุงเทพฯ,256,3423
2026-08-05,TK-A-001,ภาคกลาง,185,2243
2026-08-05,TK-A-001,ภาคตะวันออก,146,1661
2026-08-05,TK-A-001,ภาคเหนือ,137,1888
2026-08-05,TK-A-001,ภาคใต้,167,2087
2026-08-05,GL-B-014,กรุงเทพฯ,1377,15281
2026-08-05,GL-B-014,ภาคกลาง,1044,13176
2026-08-05,GL-B-014,ภาคตะวันออก,724,11024
2026-08-05,GL-B-014,ภาคเหนือ,676,9584
2026-08-05,GL-B-014,ภาคใต้,917,11908
2026-08-05,MK-C-028,กรุงเทพฯ,907,10607
2026-08-05,MK-C-028,ภาคกลาง,741,8659
2026-08-05,MK-C-028,ภาคตะวันออก,532,7959
2026-08-05,MK-C-028,ภาคเหนือ,554,7324
2026-08-05,MK-C-028,ภาคใต้,670,7759
2026-08-05,SY-D-039,กรุงเทพฯ,696,8517
2026-08-05,SY-D-039,ภาคกลาง,554,6028
2026-08-05,SY-D-039,ภาคตะวันออก,367,4448
2026-08-05,SY-D-039,ภาคเหนือ,365,4177
2026-08-05,SY-D-039,ภาคใต้,465,4978
2026-08-05,AG-E-052,กรุงเทพฯ,211,2230
2026-08-05,AG-E-052,ภาคกลาง,155,1688
2026-08-05,AG-E-052,ภาคตะวันออก,110,1431
2026-08-05,AG-E-052,ภาคเหนือ,108,1350
2026-08-05,AG-E-052,ภาคใต้,125,1859
2026-08-06,TK-A-001,กรุงเทพฯ,273,3443
2026-08-06,TK-A-001,ภาคกลาง,219,2627
2026-08-06,TK-A-001,ภาคตะวันออก,168,1845
2026-08-06,TK-A-001,ภาคเหนือ,139,1972
2026-08-06,TK-A-001,ภาคใต้,156,2075
2026-08-06,GL-B-014,กรุงเทพฯ,1286,15129
2026-08-06,GL-B-014,ภาคกลาง,1109,14095
2026-08-06,GL-B-014,ภาคตะวันออก,817,10332
2026-08-06,GL-B-014,ภาคเหนือ,660,10200
2026-08-06,GL-B-014,ภาคใต้,852,12703
2026-08-06,MK-C-028,กรุงเทพฯ,920,13006
2026-08-06,MK-C-028,ภาคกลาง,773,9238
2026-08-06,MK-C-028,ภาคตะวันออก,530,7341
2026-08-06,MK-C-028,ภาคเหนือ,504,6366
2026-08-06,MK-C-028,ภาคใต้,588,8416
2026-08-06,SY-D-039,กรุงเทพฯ,683,8716
2026-08-06,SY-D-039,ภาคกลาง,527,7373
2026-08-06,SY-D-039,ภาคตะวันออก,346,5516
2026-08-06,SY-D-039,ภาคเหนือ,363,4274
2026-08-06,SY-D-039,ภาคใต้,450,5631
2026-08-06,AG-E-052,กรุงเทพฯ,178,2530
2026-08-06,AG-E-052,ภาคกลาง,141,1947
2026-08-06,AG-E-052,ภาคตะวันออก,107,1595
2026-08-06,AG-E-052,ภาคเหนือ,104,1182
2026-08-06,AG-E-052,ภาคใต้,137,1539
2026-08-07,TK-A-001,กรุงเทพฯ,257,3510
2026-08-07,TK-A-001,ภาคกลาง,201,2803
2026-08-07,TK-A-001,ภาคตะวันออก,167,1836
2026-08-07,TK-A-001,ภาคเหนือ,133,1898
2026-08-07,TK-A-001,ภาคใต้,175,1924
2026-08-07,GL-B-014,กรุงเทพฯ,1188,17054
2026-08-07,GL-B-014,ภาคกลาง,1004,14674
2026-08-07,GL-B-014,ภาคตะวันออก,811,8699
2026-08-07,GL-B-014,ภาคเหนือ,757,9536
2026-08-07,GL-B-014,ภาคใต้,903,11878
2026-08-07,MK-C-028,กรุงเทพฯ,980,13710
2026-08-07,MK-C-028,ภาคกลาง,793,10564
2026-08-07,MK-C-028,ภาคตะวันออก,545,7614
2026-08-07,MK-C-028,ภาคเหนือ,499,7058
2026-08-07,MK-C-028,ภาคใต้,639,8458
2026-08-07,SY-D-039,กรุงเทพฯ,657,9161
2026-08-07,SY-D-039,ภาคกลาง,516,5816
2026-08-07,SY-D-039,ภาคตะวันออก,390,5179
2026-08-07,SY-D-039,ภาคเหนือ,353,4036
2026-08-07,SY-D-039,ภาคใต้,392,5149
2026-08-07,AG-E-052,กรุงเทพฯ,186,2770
2026-08-07,AG-E-052,ภาคกลาง,153,1996
2026-08-07,AG-E-052,ภาคตะวันออก,111,1675
2026-08-07,AG-E-052,ภาคเหนือ,101,1183
2026-08-07,AG-E-052,ภาคใต้,140,1656
2026-08-08,TK-A-001,กรุงเทพฯ,266,2892
2026-08-08,TK-A-001,ภาคกลาง,208,2554
2026-08-08,TK-A-001,ภาคตะวันออก,168,1662
2026-08-08,TK-A-001,ภาคเหนือ,149,1825
2026-08-08,TK-A-001,ภาคใต้,176,2304
2026-08-08,GL-B-014,กรุงเทพฯ,1310,16660
2026-08-08,GL-B-014,ภาคกลาง,958,11688
2026-08-08,GL-B-014,ภาคตะวันออก,839,10597
2026-08-08,GL-B-014,ภาคเหนือ,716,9825
2026-08-08,GL-B-014,ภาคใต้,929,12379
2026-08-08,MK-C-028,กรุงเทพฯ,976,12461
2026-08-08,MK-C-028,ภาคกลาง,832,8685
2026-08-08,MK-C-028,ภาคตะวันออก,569,6754
2026-08-08,MK-C-028,ภาคเหนือ,540,5715
2026-08-08,MK-C-028,ภาคใต้,694,7574
2026-08-08,SY-D-039,กรุงเทพฯ,596,7998
2026-08-08,SY-D-039,ภาคกลาง,539,6874
2026-08-08,SY-D-039,ภาคตะวันออก,409,4642
2026-08-08,SY-D-039,ภาคเหนือ,309,4516
2026-08-08,SY-D-039,ภาคใต้,407,5349
2026-08-08,AG-E-052,กรุงเทพฯ,179,2124
2026-08-08,AG-E-052,ภาคกลาง,153,1826
2026-08-08,AG-E-052,ภาคตะวันออก,121,1536
2026-08-08,AG-E-052,ภาคเหนือ,93,1180
2026-08-08,AG-E-052,ภาคใต้,131,1508
2026-08-09,TK-A-001,กรุงเทพฯ,276,2960
2026-08-09,TK-A-001,ภาคกลาง,183,2358
2026-08-09,TK-A-001,ภาคตะวันออก,154,2030
2026-08-09,TK-A-001,ภาคเหนือ,145,1725
2026-08-09,TK-A-001,ภาคใต้,170,2477
2026-08-09,GL-B-014,กรุงเทพฯ,1251,18129
2026-08-09,GL-B-014,ภาคกลาง,1078,13825
2026-08-09,GL-B-014,ภาคตะวันออก,718,9262
2026-08-09,GL-B-014,ภาคเหนือ,633,8340
2026-08-09,GL-B-014,ภาคใต้,888,10031
2026-08-09,MK-C-028,กรุงเทพฯ,862,12508
2026-08-09,MK-C-028,ภาคกลาง,836,10449
2026-08-09,MK-C-028,ภาคตะวันออก,599,7686
2026-08-09,MK-C-028,ภาคเหนือ,542,6122
2026-08-09,MK-C-028,ภาคใต้,627,8891
2026-08-09,SY-D-039,กรุงเทพฯ,619,7038
2026-08-09,SY-D-039,ภาคกลาง,486,7423
2026-08-09,SY-D-039,ภาคตะวันออก,350,5561
2026-08-09,SY-D-039,ภาคเหนือ,315,3954
2026-08-09,SY-D-039,ภาคใต้,419,5611
2026-08-09,AG-E-052,กรุงเทพฯ,187,2428
2026-08-09,AG-E-052,ภาคกลาง,157,2135
2026-08-09,AG-E-052,ภาคตะวันออก,122,1467
2026-08-09,AG-E-052,ภาคเหนือ,94,1292
2026-08-09,AG-E-052,ภาคใต้,123,1577
2026-08-10,TK-A-001,กรุงเทพฯ,276,2914
2026-08-10,TK-A-001,ภาคกลาง,215,2556
2026-08-10,TK-A-001,ภาคตะวันออก,142,1654
2026-08-10,TK-A-001,ภาคเหนือ,132,1598
2026-08-10,TK-A-001,ภาคใต้,162,1963
2026-08-10,GL-B-014,กรุงเทพฯ,1261,18925
2026-08-10,GL-B-014,ภาคกลาง,1134,11968
2026-08-10,GL-B-014,ภาคตะวันออก,808,9630
2026-08-10,GL-B-014,ภาคเหนือ,681,9894
2026-08-10,GL-B-014,ภาคใต้,884,10698
2026-08-10,MK-C-028,กรุงเทพฯ,867,11720
2026-08-10,MK-C-028,ภาคกลาง,752,9718
2026-08-10,MK-C-028,ภาคตะวันออก,582,6675
2026-08-10,MK-C-028,ภาคเหนือ,524,7367
2026-08-10,MK-C-028,ภาคใต้,586,7079
2026-08-10,SY-D-039,กรุงเทพฯ,656,7924
2026-08-10,SY-D-039,ภาคกลาง,484,6305
2026-08-10,SY-D-039,ภาคตะวันออก,350,4385
2026-08-10,SY-D-039,ภาคเหนือ,355,4318
2026-08-10,SY-D-039,ภาคใต้,438,5604
2026-08-10,AG-E-052,กรุงเทพฯ,190,2190
2026-08-10,AG-E-052,ภาคกลาง,151,1754
2026-08-10,AG-E-052,ภาคตะวันออก,122,1388
2026-08-10,AG-E-052,ภาคเหนือ,99,1116
2026-08-10,AG-E-052,ภาคใต้,115,1821
2026-08-11,TK-A-001,กรุงเทพฯ,249,3098
2026-08-11,TK-A-001,ภาคกลาง,200,2868
2026-08-11,TK-A-001,ภาคตะวันออก,158,2166
2026-08-11,TK-A-001,ภาคเหนือ,143,1660
2026-08-11,TK-A-001,ภาคใต้,160,2448
2026-08-11,GL-B-014,กรุงเทพฯ,1326,16863
2026-08-11,GL-B-014,ภาคกลาง,1026,13520
2026-08-11,GL-B-014,ภาคตะวันออก,761,10926
2026-08-11,GL-B-014,ภาคเหนือ,660,9374
2026-08-11,GL-B-014,ภาคใต้,906,10458
2026-08-11,MK-C-028,กรุงเทพฯ,862,11992
2026-08-11,MK-C-028,ภาคกลาง,687,10394
2026-08-11,MK-C-028,ภาคตะวันออก,617,7188
2026-08-11,MK-C-028,ภาคเหนือ,471,6199
2026-08-11,MK-C-028,ภาคใต้,625,7418
2026-08-11,SY-D-039,กรุงเทพฯ,570,7743
2026-08-11,SY-D-039,ภาคกลาง,477,5963
2026-08-11,SY-D-039,ภาคตะวันออก,363,4926
2026-08-11,SY-D-039,ภาคเหนือ,328,4376
2026-08-11,SY-D-039,ภาคใต้,394,5142
2026-08-11,AG-E-052,กรุงเทพฯ,173,2633
2026-08-11,AG-E-052,ภาคกลาง,151,1788
2026-08-11,AG-E-052,ภาคตะวันออก,114,1432
2026-08-11,AG-E-052,ภาคเหนือ,105,1236
2026-08-11,AG-E-052,ภาคใต้,122,1670
2026-08-12,TK-A-001,กรุงเทพฯ,274,3552
2026-08-12,TK-A-001,ภาคกลาง,217,2513
2026-08-12,TK-A-001,ภาคตะวันออก,154,1658
2026-08-12,TK-A-001,ภาคเหนือ,125,1961
2026-08-12,TK-A-001,ภาคใต้,163,2353
2026-08-12,GL-B-014,กรุงเทพฯ,1263,17404
2026-08-12,GL-B-014,ภาคกลาง,1122,13527
2026-08-12,GL-B-014,ภาคตะวันออก,738,10966
2026-08-12,GL-B-014,ภาคเหนือ,658,8505
2026-08-12,GL-B-014,ภาคใต้,891,10832
2026-08-12,MK-C-028,กรุงเทพฯ,998,13376
2026-08-12,MK-C-028,ภาคกลาง,823,8305
2026-08-12,MK-C-028,ภาคตะวันออก,543,7291
2026-08-12,MK-C-028,ภาคเหนือ,513,6260
2026-08-12,MK-C-028,ภาคใต้,634,7484
2026-08-12,SY-D-039,กรุงเทพฯ,615,7910
2026-08-12,SY-D-039,ภาคกลาง,489,7301
2026-08-12,SY-D-039,ภาคตะวันออก,396,4313
2026-08-12,SY-D-039,ภาคเหนือ,313,4679
2026-08-12,SY-D-039,ภาคใต้,447,4755
2026-08-12,AG-E-052,กรุงเทพฯ,183,2181
2026-08-12,AG-E-052,ภาคกลาง,142,1954
2026-08-12,AG-E-052,ภาคตะวันออก,124,1655
2026-08-12,AG-E-052,ภาคเหนือ,102,1351
2026-08-12,AG-E-052,ภาคใต้,136,1631
2026-08-13,TK-A-001,กรุงเทพฯ,267,3131
2026-08-13,TK-A-001,ภาคกลาง,219,2358
2026-08-13,TK-A-001,ภาคตะวันออก,137,1932
2026-08-13,TK-A-001,ภาคเหนือ,145,1738
2026-08-13,TK-A-001,ภาคใต้,175,1912
2026-08-13,GL-B-014,กรุงเทพฯ,1362,18290
2026-08-13,GL-B-014,ภาคกลาง,963,12690
2026-08-13,GL-B-014,ภาคตะวันออก,818,11005
2026-08-13,GL-B-014,ภาคเหนือ,649,8463
2026-08-13,GL-B-014,ภาคใต้,930,10985
2026-08-13,MK-C-028,กรุงเทพฯ,856,12586
2026-08-13,MK-C-028,ภาคกลาง,756,10658
2026-08-13,MK-C-028,ภาคตะวันออก,583,7572
2026-08-13,MK-C-028,ภาคเหนือ,483,5976
2026-08-13,MK-C-028,ภาคใต้,594,7064
2026-08-13,SY-D-039,กรุงเทพฯ,670,8726
2026-08-13,SY-D-039,ภาคกลาง,482,6382
2026-08-13,SY-D-039,ภาคตะวันออก,350,4730
2026-08-13,SY-D-039,ภาคเหนือ,356,4012
2026-08-13,SY-D-039,ภาคใต้,434,5181
2026-08-13,AG-E-052,กรุงเทพฯ,195,2720
2026-08-13,AG-E-052,ภาคกลาง,165,1937
2026-08-13,AG-E-052,ภาคตะวันออก,107,1363
2026-08-13,AG-E-052,ภาคเหนือ,109,1150
2026-08-13,AG-E-052,ภาคใต้,136,1721
2026-08-14,TK-A-001,กรุงเทพฯ,230,2828
2026-08-14,TK-A-001,ภาคกลาง,187,2573
2026-08-14,TK-A-001,ภาคตะวันออก,156,1689
2026-08-14,TK-A-001,ภาคเหนือ,120,1594
2026-08-14,TK-A-001,ภาคใต้,170,1952
2026-08-14,GL-B-014,กรุงเทพฯ,1414,15270
2026-08-14,GL-B-014,ภาคกลาง,1043,11808
2026-08-14,GL-B-014,ภาคตะวันออก,783,10194
2026-08-14,GL-B-014,ภาคเหนือ,636,7850
2026-08-14,GL-B-014,ภาคใต้,790,11891
2026-08-14,MK-C-028,กรุงเทพฯ,928,10365
2026-08-14,MK-C-028,ภาคกลาง,785,9739
2026-08-14,MK-C-028,ภาคตะวันออก,564,8129
2026-08-14,MK-C-028,ภาคเหนือ,461,5562
2026-08-14,MK-C-028,ภาคใต้,642,8941
2026-08-14,SY-D-039,กรุงเทพฯ,647,9290
2026-08-14,SY-D-039,ภาคกลาง,488,6200
2026-08-14,SY-D-039,ภาคตะวันออก,409,5452
2026-08-14,SY-D-039,ภาคเหนือ,313,3732
2026-08-14,SY-D-039,ภาคใต้,381,4815
2026-08-14,AG-E-052,กรุงเทพฯ,178,2564
2026-08-14,AG-E-052,ภาคกลาง,147,2182
2026-08-14,AG-E-052,ภาคตะวันออก,112,1247
2026-08-14,AG-E-052,ภาคเหนือ,92,1361
2026-08-14,AG-E-052,ภาคใต้,131,1631
2026-08-15,TK-A-001,กรุงเทพฯ,272,3210
2026-08-15,TK-A-001,ภาคกลาง,197,2448
2026-08-15,TK-A-001,ภาคตะวันออก,157,1791
2026-08-15,TK-A-001,ภาคเหนือ,131,1848
2026-08-15,TK-A-001,ภาคใต้,151,1876
2026-08-15,GL-B-014,กรุงเทพฯ,1297,16122
2026-08-15,GL-B-014,ภาคกลาง,986,15035
2026-08-15,GL-B-014,ภาคตะวันออก,771,10414
2026-08-15,GL-B-014,ภาคเหนือ,672,8706
2026-08-15,GL-B-014,ภาคใต้,897,12257
2026-08-15,MK-C-028,กรุงเทพฯ,888,12610
2026-08-15,MK-C-028,ภาคกลาง,735,10628
2026-08-15,MK-C-028,ภาคตะวันออก,611,7968
2026-08-15,MK-C-028,ภาคเหนือ,459,6155
2026-08-15,MK-C-028,ภาคใต้,634,8817
2026-08-15,SY-D-039,กรุงเทพฯ,580,8327
2026-08-15,SY-D-039,ภาคกลาง,539,6289
2026-08-15,SY-D-039,ภาคตะวันออก,366,4173
2026-08-15,SY-D-039,ภาคเหนือ,311,4844
2026-08-15,SY-D-039,ภาคใต้,405,6061
2026-08-15,AG-E-052,กรุงเทพฯ,173,2539
2026-08-15,AG-E-052,ภาคกลาง,143,1947
2026-08-15,AG-E-052,ภาคตะวันออก,116,1334
2026-08-15,AG-E-052,ภาคเหนือ,97,1433
2026-08-15,AG-E-052,ภาคใต้,134,1755
2026-08-16,TK-A-001,กรุงเทพฯ,248,3098
2026-08-16,TK-A-001,ภาคกลาง,201,2609
2026-08-16,TK-A-001,ภาคตะวันออก,161,2096
2026-08-16,TK-A-001,ภาคเหนือ,143,1630
2026-08-16,TK-A-001,ภาคใต้,173,2021
2026-08-16,GL-B-014,กรุงเทพฯ,1335,18972
2026-08-16,GL-B-014,ภาคกลาง,1061,14815
2026-08-16,GL-B-014,ภาคตะวันออก,802,10551
2026-08-16,GL-B-014,ภาคเหนือ,681,9718
2026-08-16,GL-B-014,ภาคใต้,782,12269
2026-08-16,MK-C-028,กรุงเทพฯ,997,11910
2026-08-16,MK-C-028,ภาคกลาง,715,10662
2026-08-16,MK-C-028,ภาคตะวันออก,555,7083
2026-08-16,MK-C-028,ภาคเหนือ,526,6835
2026-08-16,MK-C-028,ภาคใต้,587,8488
2026-08-16,SY-D-039,กรุงเทพฯ,573,6942
2026-08-16,SY-D-039,ภาคกลาง,460,6406
2026-08-16,SY-D-039,ภาคตะวันออก,375,4362
2026-08-16,SY-D-039,ภาคเหนือ,314,4803
2026-08-16,SY-D-039,ภาคใต้,401,5522
2026-08-16,AG-E-052,กรุงเทพฯ,194,2426
2026-08-16,AG-E-052,ภาคกลาง,140,1734
2026-08-16,AG-E-052,ภาคตะวันออก,118,1455
2026-08-16,AG-E-052,ภาคเหนือ,99,1369
2026-08-16,AG-E-052,ภาคใต้,119,1448
2026-08-17,TK-A-001,กรุงเทพฯ,224,3590
2026-08-17,TK-A-001,ภาคกลาง,216,2568
2026-08-17,TK-A-001,ภาคตะวันออก,143,1873
2026-08-17,TK-A-001,ภาคเหนือ,136,1804
2026-08-17,TK-A-001,ภาคใต้,173,1893
2026-08-17,GL-B-014,กรุงเทพฯ,1255,15752
2026-08-17,GL-B-014,ภาคกลาง,948,13210
2026-08-17,GL-B-014,ภาคตะวันออก,806,11186
2026-08-17,GL-B-014,ภาคเหนือ,660,8627
2026-08-17,GL-B-014,ภาคใต้,882,11577
2026-08-17,MK-C-028,กรุงเทพฯ,870,12268
2026-08-17,MK-C-028,ภาคกลาง,713,11109
2026-08-17,MK-C-028,ภาคตะวันออก,610,7124
2026-08-17,MK-C-028,ภาคเหนือ,471,6158
2026-08-17,MK-C-028,ภาคใต้,640,7228
2026-08-17,SY-D-039,กรุงเทพฯ,675,8106
2026-08-17,SY-D-039,ภาคกลาง,468,6187
2026-08-17,SY-D-039,ภาคตะวันออก,375,4586
2026-08-17,SY-D-039,ภาคเหนือ,349,4813
2026-08-17,SY-D-039,ภาคใต้,397,4893
2026-08-17,AG-E-052,กรุงเทพฯ,191,2236
2026-08-17,AG-E-052,ภาคกลาง,148,2049
2026-08-17,AG-E-052,ภาคตะวันออก,106,1519
2026-08-17,AG-E-052,ภาคเหนือ,107,1189
2026-08-17,AG-E-052,ภาคใต้,129,1656
2026-08-18,TK-A-001,กรุงเทพฯ,228,3373
2026-08-18,TK-A-001,ภาคกลาง,186,2886
2026-08-18,TK-A-001,ภาคตะวันออก,155,1729
2026-08-18,TK-A-001,ภาคเหนือ,143,1911
2026-08-18,TK-A-001,ภาคใต้,180,2386
2026-08-18,GL-B-014,กรุงเทพฯ,1156,19155
2026-08-18,GL-B-014,ภาคกลาง,1112,12110
2026-08-18,GL-B-014,ภาคตะวันออก,755,9053
2026-08-18,GL-B-014,ภาคเหนือ,630,8669
2026-08-18,GL-B-014,ภาคใต้,780,11678
2026-08-18,MK-C-028,กรุงเทพฯ,1005,11696
2026-08-18,MK-C-028,ภาคกลาง,776,10980
2026-08-18,MK-C-028,ภาคตะวันออก,526,6914
2026-08-18,MK-C-028,ภาคเหนือ,467,6298
2026-08-18,MK-C-028,ภาคใต้,628,6898
2026-08-18,SY-D-039,กรุงเทพฯ,671,8336
2026-08-18,SY-D-039,ภาคกลาง,470,6814
2026-08-18,SY-D-039,ภาคตะวันออก,404,4238
2026-08-18,SY-D-039,ภาคเหนือ,311,4652
2026-08-18,SY-D-039,ภาคใต้,377,5397
2026-08-18,AG-E-052,กรุงเทพฯ,170,2171
2026-08-18,AG-E-052,ภาคกลาง,154,1898
2026-08-18,AG-E-052,ภาคตะวันออก,106,1407
2026-08-18,AG-E-052,ภาคเหนือ,108,1380
2026-08-18,AG-E-052,ภาคใต้,135,1535
2026-08-19,TK-A-001,กรุงเทพฯ,245,3528
2026-08-19,TK-A-001,ภาคกลาง,212,2942
2026-08-19,TK-A-001,ภาคตะวันออก,142,1661
2026-08-19,TK-A-001,ภาคเหนือ,135,1690
2026-08-19,TK-A-001,ภาคใต้,148,2391
2026-08-19,GL-B-014,กรุงเทพฯ,1213,17357
2026-08-19,GL-B-014,ภาคกลาง,1100,14822
2026-08-19,GL-B-014,ภาคตะวันออก,747,10434
2026-08-19,GL-B-014,ภาคเหนือ,726,8514
2026-08-19,GL-B-014,ภาคใต้,910,9599
2026-08-19,MK-C-028,กรุงเทพฯ,926,11962
2026-08-19,MK-C-028,ภาคกลาง,804,11090
2026-08-19,MK-C-028,ภาคตะวันออก,502,8255
2026-08-19,MK-C-028,ภาคเหนือ,481,5911
2026-08-19,MK-C-028,ภาคใต้,656,9035
2026-08-19,SY-D-039,กรุงเทพฯ,556,8825
2026-08-19,SY-D-039,ภาคกลาง,447,5829
2026-08-19,SY-D-039,ภาคตะวันออก,375,4194
2026-08-19,SY-D-039,ภาคเหนือ,345,4097
2026-08-19,SY-D-039,ภาคใต้,443,5878
2026-08-19,AG-E-052,กรุงเทพฯ,202,2323
2026-08-19,AG-E-052,ภาคกลาง,158,1866
2026-08-19,AG-E-052,ภาคตะวันออก,101,1354
2026-08-19,AG-E-052,ภาคเหนือ,100,1316
2026-08-19,AG-E-052,ภาคใต้,114,1710
2026-08-20,TK-A-001,กรุงเทพฯ,258,3279
2026-08-20,TK-A-001,ภาคกลาง,193,2831
2026-08-20,TK-A-001,ภาคตะวันออก,134,2069
2026-08-20,TK-A-001,ภาคเหนือ,140,1618
2026-08-20,TK-A-001,ภาคใต้,152,2248
2026-08-20,GL-B-014,กรุงเทพฯ,1251,14738
2026-08-20,GL-B-014,ภาคกลาง,1097,14138
2026-08-20,GL-B-014,ภาคตะวันออก,785,9699
2026-08-20,GL-B-014,ภาคเหนือ,647,8053
2026-08-20,GL-B-014,ภาคใต้,845,11935
2026-08-20,MK-C-028,กรุงเทพฯ,896,13584
2026-08-20,MK-C-028,ภาคกลาง,776,9789
2026-08-20,MK-C-028,ภาคตะวันออก,577,7109
2026-08-20,MK-C-028,ภาคเหนือ,489,5977
2026-08-20,MK-C-028,ภาคใต้,626,8401
2026-08-20,SY-D-039,กรุงเทพฯ,659,8957
2026-08-20,SY-D-039,ภาคกลาง,535,5976
2026-08-20,SY-D-039,ภาคตะวันออก,405,5143
2026-08-20,SY-D-039,ภาคเหนือ,303,4204
2026-08-20,SY-D-039,ภาคใต้,386,5359
2026-08-20,AG-E-052,กรุงเทพฯ,199,2463
2026-08-20,AG-E-052,ภาคกลาง,159,1827
2026-08-20,AG-E-052,ภาคตะวันออก,121,1672
2026-08-20,AG-E-052,ภาคเหนือ,90,1432
2026-08-20,AG-E-052,ภาคใต้,118,1500
2026-08-21,TK-A-001,กรุงเทพฯ,225,2855
2026-08-21,TK-A-001,ภาคกลาง,202,2843
2026-08-21,TK-A-001,ภาคตะวันออก,144,1806
2026-08-21,TK-A-001,ภาคเหนือ,135,1908
2026-08-21,TK-A-001,ภาคใต้,171,2315
2026-08-21,GL-B-014,กรุงเทพฯ,1358,15065
2026-08-21,GL-B-014,ภาคกลาง,1100,12869
2026-08-21,GL-B-014,ภาคตะวันออก,747,10021
2026-08-21,GL-B-014,ภาคเหนือ,688,8242
2026-08-21,GL-B-014,ภาคใต้,787,11919
2026-08-21,MK-C-028,กรุงเทพฯ,924,13161
2026-08-21,MK-C-028,ภาคกลาง,728,10313
2026-08-21,MK-C-028,ภาคตะวันออก,590,8233
2026-08-21,MK-C-028,ภาคเหนือ,473,7172
2026-08-21,MK-C-028,ภาคใต้,651,8612
2026-08-21,SY-D-039,กรุงเทพฯ,650,8300
2026-08-21,SY-D-039,ภาคกลาง,456,6163
2026-08-21,SY-D-039,ภาคตะวันออก,372,4602
2026-08-21,SY-D-039,ภาคเหนือ,306,4622
2026-08-21,SY-D-039,ภาคใต้,448,5589
2026-08-21,AG-E-052,กรุงเทพฯ,167,2222
2026-08-21,AG-E-052,ภาคกลาง,149,2028
2026-08-21,AG-E-052,ภาคตะวันออก,100,1470
2026-08-21,AG-E-052,ภาคเหนือ,91,1118
2026-08-21,AG-E-052,ภาคใต้,126,1672
2026-08-22,TK-A-001,กรุงเทพฯ,233,3703
2026-08-22,TK-A-001,ภาคกลาง,197,2778
2026-08-22,TK-A-001,ภาคตะวันออก,133,2100
2026-08-22,TK-A-001,ภาคเหนือ,131,1968
2026-08-22,TK-A-001,ภาคใต้,168,2203
2026-08-22,GL-B-014,กรุงเทพฯ,1210,18719
2026-08-22,GL-B-014,ภาคกลาง,913,14820
2026-08-22,GL-B-014,ภาคตะวันออก,738,9560
2026-08-22,GL-B-014,ภาคเหนือ,615,9672
2026-08-22,GL-B-014,ภาคใต้,888,10685
2026-08-22,MK-C-028,กรุงเทพฯ,894,12439
2026-08-22,MK-C-028,ภาคกลาง,687,10136
2026-08-22,MK-C-028,ภาคตะวันออก,551,7646
2026-08-22,MK-C-028,ภาคเหนือ,516,6241
2026-08-22,MK-C-028,ภาคใต้,668,6954
2026-08-22,SY-D-039,กรุงเทพฯ,618,9190
2026-08-22,SY-D-039,ภาคกลาง,520,5723
2026-08-22,SY-D-039,ภาคตะวันออก,353,4377
2026-08-22,SY-D-039,ภาคเหนือ,319,4040
2026-08-22,SY-D-039,ภาคใต้,431,6012
2026-08-22,AG-E-052,กรุงเทพฯ,182,2465
2026-08-22,AG-E-052,ภาคกลาง,153,1702
2026-08-22,AG-E-052,ภาคตะวันออก,100,1307
2026-08-22,AG-E-052,ภาคเหนือ,98,1115
2026-08-22,AG-E-052,ภาคใต้,119,1478
2026-08-23,TK-A-001,กรุงเทพฯ,227,3561
2026-08-23,TK-A-001,ภาคกลาง,177,2575
2026-08-23,TK-A-001,ภาคตะวันออก,146,1951
2026-08-23,TK-A-001,ภาคเหนือ,125,1970
2026-08-23,TK-A-001,ภาคใต้,162,2317
2026-08-23,GL-B-014,กรุงเทพฯ,1333,19145
2026-08-23,GL-B-014,ภาคกลาง,1097,13200
2026-08-23,GL-B-014,ภาคตะวันออก,731,10715
2026-08-23,GL-B-014,ภาคเหนือ,636,7967
2026-08-23,GL-B-014,ภาคใต้,860,11805
2026-08-23,MK-C-028,กรุงเทพฯ,1001,12783
2026-08-23,MK-C-028,ภาคกลาง,793,9323
2026-08-23,MK-C-028,ภาคตะวันออก,505,7813
2026-08-23,MK-C-028,ภาคเหนือ,534,7365
2026-08-23,MK-C-028,ภาคใต้,597,7770
2026-08-23,SY-D-039,กรุงเทพฯ,657,7564
2026-08-23,SY-D-039,ภาคกลาง,502,5715
2026-08-23,SY-D-039,ภาคตะวันออก,372,5514
2026-08-23,SY-D-039,ภาคเหนือ,350,4749
2026-08-23,SY-D-039,ภาคใต้,383,5305
2026-08-23,AG-E-052,กรุงเทพฯ,179,2217
2026-08-23,AG-E-052,ภาคกลาง,144,2127
2026-08-23,AG-E-052,ภาคตะวันออก,108,1377
2026-08-23,AG-E-052,ภาคเหนือ,99,1120
2026-08-23,AG-E-052,ภาคใต้,111,1861
2026-08-24,TK-A-001,กรุงเทพฯ,236,3068
2026-08-24,TK-A-001,ภาคกลาง,178,2875
2026-08-24,TK-A-001,ภาคตะวันออก,157,2074
2026-08-24,TK-A-001,ภาคเหนือ,126,1507
2026-08-24,TK-A-001,ภาคใต้,173,1914
2026-08-24,GL-B-014,กรุงเทพฯ,1378,15642
2026-08-24,GL-B-014,ภาคกลาง,948,12563
2026-08-24,GL-B-014,ภาคตะวันออก,811,9772
2026-08-24,GL-B-014,ภาคเหนือ,619,8962
2026-08-24,GL-B-014,ภาคใต้,903,9886
2026-08-24,MK-C-028,กรุงเทพฯ,855,10742
2026-08-24,MK-C-028,ภาคกลาง,728,8628
2026-08-24,MK-C-028,ภาคตะวันออก,557,8035
2026-08-24,MK-C-028,ภาคเหนือ,507,6961
2026-08-24,MK-C-028,ภาคใต้,612,9208
2026-08-24,SY-D-039,กรุงเทพฯ,642,7708
2026-08-24,SY-D-039,ภาคกลาง,502,6274
2026-08-24,SY-D-039,ภาคตะวันออก,373,4828
2026-08-24,SY-D-039,ภาคเหนือ,349,4280
2026-08-24,SY-D-039,ภาคใต้,375,4709
2026-08-24,AG-E-052,กรุงเทพฯ,186,2724
2026-08-24,AG-E-052,ภาคกลาง,139,2094
2026-08-24,AG-E-052,ภาคตะวันออก,102,1325
2026-08-24,AG-E-052,ภาคเหนือ,103,1190
2026-08-24,AG-E-052,ภาคใต้,113,1662
2026-08-25,TK-A-001,กรุงเทพฯ,247,3157
2026-08-25,TK-A-001,ภาคกลาง,210,2321
2026-08-25,TK-A-001,ภาคตะวันออก,150,2010
2026-08-25,TK-A-001,ภาคเหนือ,117,1864
2026-08-25,TK-A-001,ภาคใต้,165,2472
2026-08-25,GL-B-014,กรุงเทพฯ,1210,19079
2026-08-25,GL-B-014,ภาคกลาง,1069,11546
2026-08-25,GL-B-014,ภาคตะวันออก,682,8589
2026-08-25,GL-B-014,ภาคเหนือ,698,7755
2026-08-25,GL-B-014,ภาคใต้,792,11469
2026-08-25,MK-C-028,กรุงเทพฯ,995,12107
2026-08-25,MK-C-028,ภาคกลาง,686,11042
2026-08-25,MK-C-028,ภาคตะวันออก,526,7899
2026-08-25,MK-C-028,ภาคเหนือ,508,6618
2026-08-25,MK-C-028,ภาคใต้,637,7654
2026-08-25,SY-D-039,กรุงเทพฯ,631,8046
2026-08-25,SY-D-039,ภาคกลาง,499,6034
2026-08-25,SY-D-039,ภาคตะวันออก,381,5386
2026-08-25,SY-D-039,ภาคเหนือ,331,4389
2026-08-25,SY-D-039,ภาคใต้,396,5671
2026-08-25,AG-E-052,กรุงเทพฯ,199,2255
2026-08-25,AG-E-052,ภาคกลาง,141,1787
2026-08-25,AG-E-052,ภาคตะวันออก,118,1344
2026-08-25,AG-E-052,ภาคเหนือ,96,1177
2026-08-25,AG-E-052,ภาคใต้,112,1705
2026-08-26,TK-A-001,กรุงเทพฯ,262,2967
2026-08-26,TK-A-001,ภาคกลาง,183,2852
2026-08-26,TK-A-001,ภาคตะวันออก,148,1830
2026-08-26,TK-A-001,ภาคเหนือ,124,1649
2026-08-26,TK-A-001,ภาคใต้,150,2254
2026-08-26,GL-B-014,กรุงเทพฯ,1201,17711
2026-08-26,GL-B-014,ภาคกลาง,940,12911
2026-08-26,GL-B-014,ภาคตะวันออก,718,10812
2026-08-26,GL-B-014,ภาคเหนือ,702,9441
2026-08-26,GL-B-014,ภาคใต้,890,11475
2026-08-26,MK-C-028,กรุงเทพฯ,875,10470
2026-08-26,MK-C-028,ภาคกลาง,759,10717
2026-08-26,MK-C-028,ภาคตะวันออก,503,7397
2026-08-26,MK-C-028,ภาคเหนือ,438,6159
2026-08-26,MK-C-028,ภาคใต้,585,8860
2026-08-26,SY-D-039,กรุงเทพฯ,552,9060
2026-08-26,SY-D-039,ภาคกลาง,493,6713
2026-08-26,SY-D-039,ภาคตะวันออก,334,4704
2026-08-26,SY-D-039,ภาคเหนือ,326,4169
2026-08-26,SY-D-039,ภาคใต้,401,5370
2026-08-26,AG-E-052,กรุงเทพฯ,194,2272
2026-08-26,AG-E-052,ภาคกลาง,143,2028
2026-08-26,AG-E-052,ภาคตะวันออก,110,1406
2026-08-26,AG-E-052,ภาคเหนือ,94,1277
2026-08-26,AG-E-052,ภาคใต้,128,1490
2026-08-27,TK-A-001,กรุงเทพฯ,250,2900
2026-08-27,TK-A-001,ภาคกลาง,188,2786
2026-08-27,TK-A-001,ภาคตะวันออก,158,1655
2026-08-27,TK-A-001,ภาคเหนือ,127,1653
2026-08-27,TK-A-001,ภาคใต้,163,2482
2026-08-27,GL-B-014,กรุงเทพฯ,1260,17542
2026-08-27,GL-B-014,ภาคกลาง,981,14648
2026-08-27,GL-B-014,ภาคตะวันออก,770,9145
2026-08-27,GL-B-014,ภาคเหนือ,675,8153
2026-08-27,GL-B-014,ภาคใต้,896,9516
2026-08-27,MK-C-028,กรุงเทพฯ,835,11106
2026-08-27,MK-C-028,ภาคกลาง,710,11163
2026-08-27,MK-C-028,ภาคตะวันออก,532,7774
2026-08-27,MK-C-028,ภาคเหนือ,441,6404
2026-08-27,MK-C-028,ภาคใต้,569,8005
2026-08-27,SY-D-039,กรุงเทพฯ,573,7400
2026-08-27,SY-D-039,ภาคกลาง,467,6290
2026-08-27,SY-D-039,ภาคตะวันออก,330,4219
2026-08-27,SY-D-039,ภาคเหนือ,335,3721
2026-08-27,SY-D-039,ภาคใต้,386,5767
2026-08-27,AG-E-052,กรุงเทพฯ,171,2183
2026-08-27,AG-E-052,ภาคกลาง,143,1889
2026-08-27,AG-E-052,ภาคตะวันออก,111,1255
2026-08-27,AG-E-052,ภาคเหนือ,90,1302
2026-08-27,AG-E-052,ภาคใต้,121,1426
2026-08-28,TK-A-001,กรุงเทพฯ,235,3131
2026-08-28,TK-A-001,ภาคกลาง,197,2665
2026-08-28,TK-A-001,ภาคตะวันออก,149,2192
2026-08-28,TK-A-001,ภาคเหนือ,137,1852
2026-08-28,TK-A-001,ภาคใต้,163,2150
2026-08-28,GL-B-014,กรุงเทพฯ,1333,16226
2026-08-28,GL-B-014,ภาคกลาง,967,13398
2026-08-28,GL-B-014,ภาคตะวันออก,788,9423
2026-08-28,GL-B-014,ภาคเหนือ,712,9266
2026-08-28,GL-B-014,ภาคใต้,779,10319
2026-08-28,MK-C-028,กรุงเทพฯ,964,11720
2026-08-28,MK-C-028,ภาคกลาง,648,8331
2026-08-28,MK-C-028,ภาคตะวันออก,569,7544
2026-08-28,MK-C-028,ภาคเหนือ,501,6845
2026-08-28,MK-C-028,ภาคใต้,655,7499
2026-08-28,SY-D-039,กรุงเทพฯ,604,8443
2026-08-28,SY-D-039,ภาคกลาง,503,5742
2026-08-28,SY-D-039,ภาคตะวันออก,361,5130
2026-08-28,SY-D-039,ภาคเหนือ,333,4792
2026-08-28,SY-D-039,ภาคใต้,412,5857
2026-08-28,AG-E-052,กรุงเทพฯ,175,2221
2026-08-28,AG-E-052,ภาคกลาง,155,1882
2026-08-28,AG-E-052,ภาคตะวันออก,98,1288
2026-08-28,AG-E-052,ภาคเหนือ,103,1311
2026-08-28,AG-E-052,ภาคใต้,114,1615
2026-08-29,TK-A-001,กรุงเทพฯ,248,3687
2026-08-29,TK-A-001,ภาคกลาง,190,2732
2026-08-29,TK-A-001,ภาคตะวันออก,137,1682
2026-08-29,TK-A-001,ภาคเหนือ,134,1854
2026-08-29,TK-A-001,ภาคใต้,152,2100
2026-08-29,GL-B-014,กรุงเทพฯ,1232,15450
2026-08-29,GL-B-014,ภาคกลาง,921,12090
2026-08-29,GL-B-014,ภาคตะวันออก,754,9123
2026-08-29,GL-B-014,ภาคเหนือ,631,9114
2026-08-29,GL-B-014,ภาคใต้,852,10287
2026-08-29,MK-C-028,กรุงเทพฯ,829,11042
2026-08-29,MK-C-028,ภาคกลาง,661,9121
2026-08-29,MK-C-028,ภาคตะวันออก,521,6402
2026-08-29,MK-C-028,ภาคเหนือ,509,5886
2026-08-29,MK-C-028,ภาคใต้,565,8366
2026-08-29,SY-D-039,กรุงเทพฯ,607,7099
2026-08-29,SY-D-039,ภาคกลาง,479,6499
2026-08-29,SY-D-039,ภาคตะวันออก,377,5033
2026-08-29,SY-D-039,ภาคเหนือ,330,4934
2026-08-29,SY-D-039,ภาคใต้,369,4806
2026-08-29,AG-E-052,กรุงเทพฯ,177,2320
2026-08-29,AG-E-052,ภาคกลาง,157,1920
2026-08-29,AG-E-052,ภาคตะวันออก,112,1595
2026-08-29,AG-E-052,ภาคเหนือ,97,1487
2026-08-29,AG-E-052,ภาคใต้,122,1543
2026-08-30,TK-A-001,กรุงเทพฯ,216,2871
2026-08-30,TK-A-001,ภาคกลาง,203,2666
2026-08-30,TK-A-001,ภาคตะวันออก,156,1810
2026-08-30,TK-A-001,ภาคเหนือ,114,1812
2026-08-30,TK-A-001,ภาคใต้,144,1863
2026-08-30,GL-B-014,กรุงเทพฯ,1194,18005
2026-08-30,GL-B-014,ภาคกลาง,919,12366
2026-08-30,GL-B-014,ภาคตะวันออก,674,9293
2026-08-30,GL-B-014,ภาคเหนือ,653,9834
2026-08-30,GL-B-014,ภาคใต้,780,12123
2026-08-30,MK-C-028,กรุงเทพฯ,977,10405
2026-08-30,MK-C-028,ภาคกลาง,780,8795
2026-08-30,MK-C-028,ภาคตะวันออก,511,6226
2026-08-30,MK-C-028,ภาคเหนือ,460,6347
2026-08-30,MK-C-028,ภาคใต้,559,7565
2026-08-30,SY-D-039,กรุงเทพฯ,550,7159
2026-08-30,SY-D-039,ภาคกลาง,471,5931
2026-08-30,SY-D-039,ภาคตะวันออก,371,5382
2026-08-30,SY-D-039,ภาคเหนือ,321,4411
2026-08-30,SY-D-039,ภาคใต้,365,5848
2026-08-30,AG-E-052,กรุงเทพฯ,185,2127
2026-08-30,AG-E-052,ภาคกลาง,145,2220
2026-08-30,AG-E-052,ภาคตะวันออก,104,1316
2026-08-30,AG-E-052,ภาคเหนือ,102,1317
2026-08-30,AG-E-052,ภาคใต้,122,1678
2026-08-31,TK-A-001,กรุงเทพฯ,229,3488
2026-08-31,TK-A-001,ภาคกลาง,205,2618
2026-08-31,TK-A-001,ภาคตะวันออก,134,1707
2026-08-31,TK-A-001,ภาคเหนือ,114,1551
2026-08-31,TK-A-001,ภาคใต้,142,2269
2026-08-31,GL-B-014,กรุงเทพฯ,1111,15349
2026-08-31,GL-B-014,ภาคกลาง,1011,11428
2026-08-31,GL-B-014,ภาคตะวันออก,769,11196
2026-08-31,GL-B-014,ภาคเหนือ,585,7938
2026-08-31,GL-B-014,ภาคใต้,888,11216
2026-08-31,MK-C-028,กรุงเทพฯ,897,12622
2026-08-31,MK-C-028,ภาคกลาง,706,10882
2026-08-31,MK-C-028,ภาคตะวันออก,479,6297
2026-08-31,MK-C-028,ภาคเหนือ,456,6456
2026-08-31,MK-C-028,ภาคใต้,588,8833
2026-08-31,SY-D-039,กรุงเทพฯ,580,9032
2026-08-31,SY-D-039,ภาคกลาง,478,6291
2026-08-31,SY-D-039,ภาคตะวันออก,319,5130
2026-08-31,SY-D-039,ภาคเหนือ,289,4688
2026-08-31,SY-D-039,ภาคใต้,397,5057
2026-08-31,AG-E-052,กรุงเทพฯ,179,2744
2026-08-31,AG-E-052,ภาคกลาง,143,1869
2026-08-31,AG-E-052,ภาคตะวันออก,98,1317
2026-08-31,AG-E-052,ภาคเหนือ,103,1142
2026-08-31,AG-E-052,ภาคใต้,112,1776
2026-09-01,TK-A-001,กรุงเทพฯ,244,3066
2026-09-01,TK-A-001,ภาคกลาง,199,2927
2026-09-01,TK-A-001,ภาคตะวันออก,149,1767
2026-09-01,TK-A-001,ภาคเหนือ,129,1733
2026-09-01,TK-A-001,ภาคใต้,151,1951
2026-09-01,GL-B-014,กรุงเทพฯ,1228,16219
2026-09-01,GL-B-014,ภาคกลาง,912,12153
2026-09-01,GL-B-014,ภาคตะวันออก,791,10119
2026-09-01,GL-B-014,ภาคเหนือ,674,8623
2026-09-01,GL-B-014,ภาคใต้,733,11061
2026-09-01,MK-C-028,กรุงเทพฯ,932,13744
2026-09-01,MK-C-028,ภาคกลาง,714,9405
2026-09-01,MK-C-028,ภาคตะวันออก,493,7661
2026-09-01,MK-C-028,ภาคเหนือ,456,7011
2026-09-01,MK-C-028,ภาคใต้,565,8142
2026-09-01,SY-D-039,กรุงเทพฯ,575,8361
2026-09-01,SY-D-039,ภาคกลาง,488,5675
2026-09-01,SY-D-039,ภาคตะวันออก,375,5449
2026-09-01,SY-D-039,ภาคเหนือ,330,4752
2026-09-01,SY-D-039,ภาคใต้,372,5676
2026-09-01,AG-E-052,กรุงเทพฯ,175,2528
2026-09-01,AG-E-052,ภาคกลาง,150,2092
2026-09-01,AG-E-052,ภาคตะวันออก,107,1566
2026-09-01,AG-E-052,ภาคเหนือ,99,1171
2026-09-01,AG-E-052,ภาคใต้,129,1587
2026-09-02,TK-A-001,กรุงเทพฯ,216,3614
2026-09-02,TK-A-001,ภาคกลาง,187,2810
2026-09-02,TK-A-001,ภาคตะวันออก,141,2229
2026-09-02,TK-A-001,ภาคเหนือ,118,1701
2026-09-02,TK-A-001,ภาคใต้,154,2464
2026-09-02,GL-B-014,กรุงเทพฯ,1154,16203
2026-09-02,GL-B-014,ภาคกลาง,997,13110
2026-09-02,GL-B-014,ภาคตะวันออก,716,10963
2026-09-02,GL-B-014,ภาคเหนือ,611,8366
2026-09-02,GL-B-014,ภาคใต้,754,12180
2026-09-02,MK-C-028,กรุงเทพฯ,873,12504
2026-09-02,MK-C-028,ภาคกลาง,754,10117
2026-09-02,MK-C-028,ภาคตะวันออก,482,6864
2026-09-02,MK-C-028,ภาคเหนือ,457,6266
2026-09-02,MK-C-028,ภาคใต้,605,8562
2026-09-02,SY-D-039,กรุงเทพฯ,556,8133
2026-09-02,SY-D-039,ภาคกลาง,422,6046
2026-09-02,SY-D-039,ภาคตะวันออก,323,5053
2026-09-02,SY-D-039,ภาคเหนือ,326,4220
2026-09-02,SY-D-039,ภาคใต้,358,5292
2026-09-02,AG-E-052,กรุงเทพฯ,173,2763
2026-09-02,AG-E-052,ภาคกลาง,140,2028
2026-09-02,AG-E-052,ภาคตะวันออก,107,1456
2026-09-02,AG-E-052,ภาคเหนือ,99,1242
2026-09-02,AG-E-052,ภาคใต้,111,1545
2026-09-03,TK-A-001,กรุงเทพฯ,236,2993
2026-09-03,TK-A-001,ภาคกลาง,196,2302
2026-09-03,TK-A-001,ภาคตะวันออก,143,1857
2026-09-03,TK-A-001,ภาคเหนือ,117,1727
2026-09-03,TK-A-001,ภาคใต้,158,2229
2026-09-03,GL-B-014,กรุงเทพฯ,1246,17485
2026-09-03,GL-B-014,ภาคกลาง,935,12222
2026-09-03,GL-B-014,ภาคตะวันออก,781,9767
2026-09-03,GL-B-014,ภาคเหนือ,665,8795
2026-09-03,GL-B-014,ภาคใต้,766,10042
2026-09-03,MK-C-028,กรุงเทพฯ,790,13015
2026-09-03,MK-C-028,ภาคกลาง,706,11007
2026-09-03,MK-C-028,ภาคตะวันออก,561,8003
2026-09-03,MK-C-028,ภาคเหนือ,426,6049
2026-09-03,MK-C-028,ภาคใต้,532,8176
2026-09-03,SY-D-039,กรุงเทพฯ,591,8932
2026-09-03,SY-D-039,ภาคกลาง,433,6351
2026-09-03,SY-D-039,ภาคตะวันออก,343,5385
2026-09-03,SY-D-039,ภาคเหนือ,320,4112
2026-09-03,SY-D-039,ภาคใต้,366,5881
2026-09-03,AG-E-052,กรุงเทพฯ,173,2444
2026-09-03,AG-E-052,ภาคกลาง,127,2182
2026-09-03,AG-E-052,ภาคตะวันออก,107,1671
2026-09-03,AG-E-052,ภาคเหนือ,95,1319
2026-09-03,AG-E-052,ภาคใต้,107,1538
2026-09-04,TK-A-001,กรุงเทพฯ,215,3192
2026-09-04,TK-A-001,ภาคกลาง,177,2877
2026-09-04,TK-A-001,ภาคตะวันออก,126,1735
2026-09-04,TK-A-001,ภาคเหนือ,121,1537
2026-09-04,TK-A-001,ภาคใต้,150,2170
2026-09-04,GL-B-014,กรุงเทพฯ,1098,19142
2026-09-04,GL-B-014,ภาคกลาง,973,11651
2026-09-04,GL-B-014,ภาคตะวันออก,767,10903
2026-09-04,GL-B-014,ภาคเหนือ,641,8032
2026-09-04,GL-B-014,ภาคใต้,719,11332
2026-09-04,MK-C-028,กรุงเทพฯ,801,12802
2026-09-04,MK-C-028,ภาคกลาง,669,10872
2026-09-04,MK-C-028,ภาคตะวันออก,516,7493
2026-09-04,MK-C-028,ภาคเหนือ,490,5917
2026-09-04,MK-C-028,ภาคใต้,578,8164
2026-09-04,SY-D-039,กรุงเทพฯ,616,8127
2026-09-04,SY-D-039,ภาคกลาง,423,6049
2026-09-04,SY-D-039,ภาคตะวันออก,316,5174
2026-09-04,SY-D-039,ภาคเหนือ,290,4705
2026-09-04,SY-D-039,ภาคใต้,374,5232
2026-09-04,AG-E-052,กรุงเทพฯ,189,2220
2026-09-04,AG-E-052,ภาคกลาง,127,1803
2026-09-04,AG-E-052,ภาคตะวันออก,97,1599
2026-09-04,AG-E-052,ภาคเหนือ,88,1435
2026-09-04,AG-E-052,ภาคใต้,105,1462
2026-09-05,TK-A-001,กรุงเทพฯ,233,3073
2026-09-05,TK-A-001,ภาคกลาง,203,2699
2026-09-05,TK-A-001,ภาคตะวันออก,147,1732
2026-09-05,TK-A-001,ภาคเหนือ,130,1514
2026-09-05,TK-A-001,ภาคใต้,141,1919
2026-09-05,GL-B-014,กรุงเทพฯ,1192,17334
2026-09-05,GL-B-014,ภาคกลาง,881,12867
2026-09-05,GL-B-014,ภาคตะวันออก,741,9784
2026-09-05,GL-B-014,ภาคเหนือ,629,9118
2026-09-05,GL-B-014,ภาคใต้,789,10012
2026-09-05,MK-C-028,กรุงเทพฯ,813,10679
2026-09-05,MK-C-028,ภาคกลาง,723,10118
2026-09-05,MK-C-028,ภาคตะวันออก,540,7988
2026-09-05,MK-C-028,ภาคเหนือ,491,6336
2026-09-05,MK-C-028,ภาคใต้,607,7736
2026-09-05,SY-D-039,กรุงเทพฯ,599,8799
2026-09-05,SY-D-039,ภาคกลาง,432,6287
2026-09-05,SY-D-039,ภาคตะวันออก,318,4401
2026-09-05,SY-D-039,ภาคเหนือ,326,4052
2026-09-05,SY-D-039,ภาคใต้,377,4662
2026-09-05,AG-E-052,กรุงเทพฯ,163,2710
2026-09-05,AG-E-052,ภาคกลาง,129,2038
2026-09-05,AG-E-052,ภาคตะวันออก,112,1425
2026-09-05,AG-E-052,ภาคเหนือ,90,1253
2026-09-05,AG-E-052,ภาคใต้,118,1431
2026-09-06,TK-A-001,กรุงเทพฯ,221,3231
2026-09-06,TK-A-001,ภาคกลาง,188,2474
2026-09-06,TK-A-001,ภาคตะวันออก,149,1842
2026-09-06,TK-A-001,ภาคเหนือ,114,1985
2026-09-06,TK-A-001,ภาคใต้,157,2298
2026-09-06,GL-B-014,กรุงเทพฯ,1152,14737
2026-09-06,GL-B-014,ภาคกลาง,877,14065
2026-09-06,GL-B-014,ภาคตะวันออก,742,11225
2026-09-06,GL-B-014,ภาคเหนือ,656,9852
2026-09-06,GL-B-014,ภาคใต้,750,9647
2026-09-06,MK-C-028,กรุงเทพฯ,926,11724
2026-09-06,MK-C-028,ภาคกลาง,651,9745
2026-09-06,MK-C-028,ภาคตะวันออก,528,8383
2026-09-06,MK-C-028,ภาคเหนือ,489,6160
2026-09-06,MK-C-028,ภาคใต้,572,8099
2026-09-06,SY-D-039,กรุงเทพฯ,579,7858
2026-09-06,SY-D-039,ภาคกลาง,442,5666
2026-09-06,SY-D-039,ภาคตะวันออก,344,5454
2026-09-06,SY-D-039,ภาคเหนือ,336,3773
2026-09-06,SY-D-039,ภาคใต้,344,4618
2026-09-06,AG-E-052,กรุงเทพฯ,162,2090
2026-09-06,AG-E-052,ภาคกลาง,145,1705
2026-09-06,AG-E-052,ภาคตะวันออก,108,1346
2026-09-06,AG-E-052,ภาคเหนือ,99,1224
2026-09-06,AG-E-052,ภาคใต้,106,1454
2026-09-07,TK-A-001,กรุงเทพฯ,224,3464
2026-09-07,TK-A-001,ภาคกลาง,170,2426
2026-09-07,TK-A-001,ภาคตะวันออก,144,2192
2026-09-07,TK-A-001,ภาคเหนือ,122,1722
2026-09-07,TK-A-001,ภาคใต้,143,2420
2026-09-07,GL-B-014,กรุงเทพฯ,1068,18297
2026-09-07,GL-B-014,ภาคกลาง,901,14998
2026-09-07,GL-B-014,ภาคตะวันออก,653,9222
2026-09-07,GL-B-014,ภาคเหนือ,678,8053
2026-09-07,GL-B-014,ภาคใต้,844,12709
2026-09-07,MK-C-028,กรุงเทพฯ,824,10334
2026-09-07,MK-C-028,ภาคกลาง,728,9001
2026-09-07,MK-C-028,ภาคตะวันออก,511,7156
2026-09-07,MK-C-028,ภาคเหนือ,482,6896
2026-09-07,MK-C-028,ภาคใต้,572,8274
2026-09-07,SY-D-039,กรุงเทพฯ,606,8548
2026-09-07,SY-D-039,ภาคกลาง,473,6107
2026-09-07,SY-D-039,ภาคตะวันออก,343,4428
2026-09-07,SY-D-039,ภาคเหนือ,324,4901
2026-09-07,SY-D-039,ภาคใต้,351,5403
2026-09-07,AG-E-052,กรุงเทพฯ,157,2113
2026-09-07,AG-E-052,ภาคกลาง,149,1738
2026-09-07,AG-E-052,ภาคตะวันออก,108,1439
2026-09-07,AG-E-052,ภาคเหนือ,90,1196
2026-09-07,AG-E-052,ภาคใต้,104,1466
2026-09-08,TK-A-001,กรุงเทพฯ,236,3056
2026-09-08,TK-A-001,ภาคกลาง,185,2948
2026-09-08,TK-A-001,ภาคตะวันออก,129,2091
2026-09-08,TK-A-001,ภาคเหนือ,123,1679
2026-09-08,TK-A-001,ภาคใต้,146,1860
2026-09-08,GL-B-014,กรุงเทพฯ,1102,19037
2026-09-08,GL-B-014,ภาคกลาง,897,15372
2026-09-08,GL-B-014,ภาคตะวันออก,735,9709
2026-09-08,GL-B-014,ภาคเหนือ,632,9865
2026-09-08,GL-B-014,ภาคใต้,842,10427
2026-09-08,MK-C-028,กรุงเทพฯ,814,13712
2026-09-08,MK-C-028,ภาคกลาง,641,10904
2026-09-08,MK-C-028,ภาคตะวันออก,557,6429
2026-09-08,MK-C-028,ภาคเหนือ,490,6113
2026-09-08,MK-C-028,ภาคใต้,517,8002
2026-09-08,SY-D-039,กรุงเทพฯ,569,8382
2026-09-08,SY-D-039,ภาคกลาง,409,6906
2026-09-08,SY-D-039,ภาคตะวันออก,359,5276
2026-09-08,SY-D-039,ภาคเหนือ,324,4225
2026-09-08,SY-D-039,ภาคใต้,410,5229
2026-09-08,AG-E-052,กรุงเทพฯ,164,2751
2026-09-08,AG-E-052,ภาคกลาง,139,1744
2026-09-08,AG-E-052,ภาคตะวันออก,94,1533
2026-09-08,AG-E-052,ภาคเหนือ,88,1188
2026-09-08,AG-E-052,ภาคใต้,106,1477
2026-09-09,TK-A-001,กรุงเทพฯ,244,3258
2026-09-09,TK-A-001,ภาคกลาง,178,2338
2026-09-09,TK-A-001,ภาคตะวันออก,122,2029
2026-09-09,TK-A-001,ภาคเหนือ,124,1493
2026-09-09,TK-A-001,ภาคใต้,152,1896
2026-09-09,GL-B-014,กรุงเทพฯ,1254,15347
2026-09-09,GL-B-014,ภาคกลาง,1011,14563
2026-09-09,GL-B-014,ภาคตะวันออก,718,8696
2026-09-09,GL-B-014,ภาคเหนือ,598,8322
2026-09-09,GL-B-014,ภาคใต้,799,11794
2026-09-09,MK-C-028,กรุงเทพฯ,772,13774
2026-09-09,MK-C-028,ภาคกลาง,668,10933
2026-09-09,MK-C-028,ภาคตะวันออก,487,6731
2026-09-09,MK-C-028,ภาคเหนือ,497,6145
2026-09-09,MK-C-028,ภาคใต้,574,8582
2026-09-09,SY-D-039,กรุงเทพฯ,584,8143
2026-09-09,SY-D-039,ภาคกลาง,429,5794
2026-09-09,SY-D-039,ภาคตะวันออก,343,4357
2026-09-09,SY-D-039,ภาคเหนือ,310,4512
2026-09-09,SY-D-039,ภาคใต้,372,4737
2026-09-09,AG-E-052,กรุงเทพฯ,170,2665
2026-09-09,AG-E-052,ภาคกลาง,145,2173
2026-09-09,AG-E-052,ภาคตะวันออก,95,1532
2026-09-09,AG-E-052,ภาคเหนือ,94,1272
2026-09-09,AG-E-052,ภาคใต้,102,1428
2026-09-10,TK-A-001,กรุงเทพฯ,207,3209
2026-09-10,TK-A-001,ภาคกลาง,171,2781
2026-09-10,TK-A-001,ภาคตะวันออก,128,1782
2026-09-10,TK-A-001,ภาคเหนือ,128,1825
2026-09-10,TK-A-001,ภาคใต้,154,2210
2026-09-10,GL-B-014,กรุงเทพฯ,1205,15971
2026-09-10,GL-B-014,ภาคกลาง,948,12578
2026-09-10,GL-B-014,ภาคตะวันออก,734,10171
2026-09-10,GL-B-014,ภาคเหนือ,588,8420
2026-09-10,GL-B-014,ภาคใต้,848,10875
2026-09-10,MK-C-028,กรุงเทพฯ,847,10811
2026-09-10,MK-C-028,ภาคกลาง,688,10918
2026-09-10,MK-C-028,ภาคตะวันออก,555,8052
2026-09-10,MK-C-028,ภาคเหนือ,434,7161
2026-09-10,MK-C-028,ภาคใต้,596,7553
2026-09-10,SY-D-039,กรุงเทพฯ,535,8949
2026-09-10,SY-D-039,ภาคกลาง,440,5910
2026-09-10,SY-D-039,ภาคตะวันออก,333,5019
2026-09-10,SY-D-039,ภาคเหนือ,282,4815
2026-09-10,SY-D-039,ภาคใต้,391,5142
2026-09-10,AG-E-052,กรุงเทพฯ,183,2106
2026-09-10,AG-E-052,ภาคกลาง,124,1850
2026-09-10,AG-E-052,ภาคตะวันออก,109,1380
2026-09-10,AG-E-052,ภาคเหนือ,95,1479
2026-09-10,AG-E-052,ภาคใต้,116,1664
2026-09-11,TK-A-001,กรุงเทพฯ,225,3328
2026-09-11,TK-A-001,ภาคกลาง,196,2847
2026-09-11,TK-A-001,ภาคตะวันออก,134,1746
2026-09-11,TK-A-001,ภาคเหนือ,117,1718
2026-09-11,TK-A-001,ภาคใต้,156,2209
2026-09-11,GL-B-014,กรุงเทพฯ,1199,15326
2026-09-11,GL-B-014,ภาคกลาง,977,15278
2026-09-11,GL-B-014,ภาคตะวันออก,649,11141
2026-09-11,GL-B-014,ภาคเหนือ,590,8950
2026-09-11,GL-B-014,ภาคใต้,768,11781
2026-09-11,MK-C-028,กรุงเทพฯ,820,11979
2026-09-11,MK-C-028,ภาคกลาง,695,9466
2026-09-11,MK-C-028,ภาคตะวันออก,497,7262
2026-09-11,MK-C-028,ภาคเหนือ,469,6742
2026-09-11,MK-C-028,ภาคใต้,611,8317
2026-09-11,SY-D-039,กรุงเทพฯ,558,8009
2026-09-11,SY-D-039,ภาคกลาง,456,7371
2026-09-11,SY-D-039,ภาคตะวันออก,347,5001
2026-09-11,SY-D-039,ภาคเหนือ,321,4662
2026-09-11,SY-D-039,ภาคใต้,361,4913
2026-09-11,AG-E-052,กรุงเทพฯ,179,2596
2026-09-11,AG-E-052,ภาคกลาง,135,1767
2026-09-11,AG-E-052,ภาคตะวันออก,107,1597
2026-09-11,AG-E-052,ภาคเหนือ,94,1457
2026-09-11,AG-E-052,ภาคใต้,104,1642
2026-09-12,TK-A-001,กรุงเทพฯ,206,2936
2026-09-12,TK-A-001,ภาคกลาง,169,2718
2026-09-12,TK-A-001,ภาคตะวันออก,145,1837
2026-09-12,TK-A-001,ภาคเหนือ,121,1595
2026-09-12,TK-A-001,ภาคใต้,156,2189
2026-09-12,GL-B-014,กรุงเทพฯ,1171,16473
2026-09-12,GL-B-014,ภาคกลาง,844,15032
2026-09-12,GL-B-014,ภาคตะวันออก,637,9877
2026-09-12,GL-B-014,ภาคเหนือ,593,9274
2026-09-12,GL-B-014,ภาคใต้,748,10502
2026-09-12,MK-C-028,กรุงเทพฯ,755,11887
2026-09-12,MK-C-028,ภาคกลาง,649,10681
2026-09-12,MK-C-028,ภาคตะวันออก,531,7073
2026-09-12,MK-C-028,ภาคเหนือ,404,6748
2026-09-12,MK-C-028,ภาคใต้,606,7734
2026-09-12,SY-D-039,กรุงเทพฯ,510,9231
2026-09-12,SY-D-039,ภาคกลาง,403,6882
2026-09-12,SY-D-039,ภาคตะวันออก,343,5581
2026-09-12,SY-D-039,ภาคเหนือ,309,4253
2026-09-12,SY-D-039,ภาคใต้,376,5723
2026-09-12,AG-E-052,กรุงเทพฯ,178,2522
2026-09-12,AG-E-052,ภาคกลาง,128,1933
2026-09-12,AG-E-052,ภาคตะวันออก,97,1426
2026-09-12,AG-E-052,ภาคเหนือ,94,1146
2026-09-12,AG-E-052,ภาคใต้,111,1803
2026-09-13,TK-A-001,กรุงเทพฯ,225,3486
2026-09-13,TK-A-001,ภาคกลาง,188,2674
2026-09-13,TK-A-001,ภาคตะวันออก,125,1677
2026-09-13,TK-A-001,ภาคเหนือ,114,1618
2026-09-13,TK-A-001,ภาคใต้,150,2201
2026-09-13,GL-B-014,กรุงเทพฯ,1074,17612
2026-09-13,GL-B-014,ภาคกลาง,981,12003
2026-09-13,GL-B-014,ภาคตะวันออก,738,9535
2026-09-13,GL-B-014,ภาคเหนือ,655,9924
2026-09-13,GL-B-014,ภาคใต้,713,11174
2026-09-13,MK-C-028,กรุงเทพฯ,855,12478
2026-09-13,MK-C-028,ภาคกลาง,623,10358
2026-09-13,MK-C-028,ภาคตะวันออก,465,7340
2026-09-13,MK-C-028,ภาคเหนือ,460,5568
2026-09-13,MK-C-028,ภาคใต้,596,7305
2026-09-13,SY-D-039,กรุงเทพฯ,555,7029
2026-09-13,SY-D-039,ภาคกลาง,399,6438
2026-09-13,SY-D-039,ภาคตะวันออก,305,4404
2026-09-13,SY-D-039,ภาคเหนือ,294,3896
2026-09-13,SY-D-039,ภาคใต้,349,5531
2026-09-13,AG-E-052,กรุงเทพฯ,151,2517
2026-09-13,AG-E-052,ภาคกลาง,133,2183
2026-09-13,AG-E-052,ภาคตะวันออก,109,1519
2026-09-13,AG-E-052,ภาคเหนือ,83,1456
2026-09-13,AG-E-052,ภาคใต้,104,1427
2026-09-14,TK-A-001,กรุงเทพฯ,221,2947
2026-09-14,TK-A-001,ภาคกลาง,168,2428
2026-09-14,TK-A-001,ภาคตะวันออก,129,2194
2026-09-14,TK-A-001,ภาคเหนือ,124,1619
2026-09-14,TK-A-001,ภาคใต้,138,1999
2026-09-14,GL-B-014,กรุงเทพฯ,1154,19089
2026-09-14,GL-B-014,ภาคกลาง,927,14039
2026-09-14,GL-B-014,ภาคตะวันออก,635,9240
2026-09-14,GL-B-014,ภาคเหนือ,597,9316
2026-09-14,GL-B-014,ภาคใต้,756,11706
2026-09-14,MK-C-028,กรุงเทพฯ,906,11305
2026-09-14,MK-C-028,ภาคกลาง,650,10360
2026-09-14,MK-C-028,ภาคตะวันออก,493,7494
2026-09-14,MK-C-028,ภาคเหนือ,442,5674
2026-09-14,MK-C-028,ภาคใต้,539,7045
2026-09-14,SY-D-039,กรุงเทพฯ,590,9039
2026-09-14,SY-D-039,ภาคกลาง,401,6012
2026-09-14,SY-D-039,ภาคตะวันออก,306,5313
2026-09-14,SY-D-039,ภาคเหนือ,279,4483
2026-09-14,SY-D-039,ภาคใต้,342,5229
2026-09-14,AG-E-052,กรุงเทพฯ,165,2161
2026-09-14,AG-E-052,ภาคกลาง,134,2228
2026-09-14,AG-E-052,ภาคตะวันออก,104,1647
2026-09-14,AG-E-052,ภาคเหนือ,87,1165
2026-09-14,AG-E-052,ภาคใต้,107,1602
2026-09-15,TK-A-001,กรุงเทพฯ,229,3336
2026-09-15,TK-A-001,ภาคกลาง,171,2673
2026-09-15,TK-A-001,ภาคตะวันออก,124,2044
2026-09-15,TK-A-001,ภาคเหนือ,111,1873
2026-09-15,TK-A-001,ภาคใต้,144,2032
2026-09-15,GL-B-014,กรุงเทพฯ,1155,15114
2026-09-15,GL-B-014,ภาคกลาง,996,14658
2026-09-15,GL-B-014,ภาคตะวันออก,630,9837
2026-09-15,GL-B-014,ภาคเหนือ,549,9761
2026-09-15,GL-B-014,ภาคใต้,685,10986
2026-09-15,MK-C-028,กรุงเทพฯ,862,11553
2026-09-15,MK-C-028,ภาคกลาง,694,8942
2026-09-15,MK-C-028,ภาคตะวันออก,484,8072
2026-09-15,MK-C-028,ภาคเหนือ,470,7234
2026-09-15,MK-C-028,ภาคใต้,526,8841
2026-09-15,SY-D-039,กรุงเทพฯ,552,7242
2026-09-15,SY-D-039,ภาคกลาง,476,6881
2026-09-15,SY-D-039,ภาคตะวันออก,332,4287
2026-09-15,SY-D-039,ภาคเหนือ,288,3892
2026-09-15,SY-D-039,ภาคใต้,370,4646
2026-09-15,AG-E-052,กรุงเทพฯ,158,2239
2026-09-15,AG-E-052,ภาคกลาง,141,1881
2026-09-15,AG-E-052,ภาคตะวันออก,103,1620
2026-09-15,AG-E-052,ภาคเหนือ,83,1286
2026-09-15,AG-E-052,ภาคใต้,101,1662
2026-09-16,TK-A-001,กรุงเทพฯ,208,3043
2026-09-16,TK-A-001,ภาคกลาง,173,2598
2026-09-16,TK-A-001,ภาคตะวันออก,139,2021
2026-09-16,TK-A-001,ภาคเหนือ,110,1649
2026-09-16,TK-A-001,ภาคใต้,148,2037
2026-09-16,GL-B-014,กรุงเทพฯ,1022,14657
2026-09-16,GL-B-014,ภาคกลาง,943,12233
2026-09-16,GL-B-014,ภาคตะวันออก,610,9597
2026-09-16,GL-B-014,ภาคเหนือ,652,9100
2026-09-16,GL-B-014,ภาคใต้,732,12176
2026-09-16,MK-C-028,กรุงเทพฯ,860,11948
2026-09-16,MK-C-028,ภาคกลาง,638,11121
2026-09-16,MK-C-028,ภาคตะวันออก,444,7566
2026-09-16,MK-C-028,ภาคเหนือ,405,6332
2026-09-16,MK-C-028,ภาคใต้,580,7280
2026-09-16,SY-D-039,กรุงเทพฯ,554,7059
2026-09-16,SY-D-039,ภาคกลาง,465,6175
2026-09-16,SY-D-039,ภาคตะวันออก,341,4410
2026-09-16,SY-D-039,ภาคเหนือ,319,4866
2026-09-16,SY-D-039,ภาคใต้,393,5188
2026-09-16,AG-E-052,กรุงเทพฯ,162,2609
2026-09-16,AG-E-052,ภาคกลาง,143,1840
2026-09-16,AG-E-052,ภาคตะวันออก,103,1323
2026-09-16,AG-E-052,ภาคเหนือ,80,1312
2026-09-16,AG-E-052,ภาคใต้,105,1389
2026-09-17,TK-A-001,กรุงเทพฯ,236,2802
2026-09-17,TK-A-001,ภาคกลาง,181,2676
2026-09-17,TK-A-001,ภาคตะวันออก,134,2096
2026-09-17,TK-A-001,ภาคเหนือ,121,1759
2026-09-17,TK-A-001,ภาคใต้,137,1991
2026-09-17,GL-B-014,กรุงเทพฯ,1133,15678
2026-09-17,GL-B-014,ภาคกลาง,975,14782
2026-09-17,GL-B-014,ภาคตะวันออก,724,8590
2026-09-17,GL-B-014,ภาคเหนือ,572,9088
2026-09-17,GL-B-014,ภาคใต้,702,10179
2026-09-17,MK-C-028,กรุงเทพฯ,738,13863
2026-09-17,MK-C-028,ภาคกลาง,684,9742
2026-09-17,MK-C-028,ภาคตะวันออก,473,6682
2026-09-17,MK-C-028,ภาคเหนือ,431,6741
2026-09-17,MK-C-028,ภาคใต้,541,9129
2026-09-17,SY-D-039,กรุงเทพฯ,571,8845
2026-09-17,SY-D-039,ภาคกลาง,429,6043
2026-09-17,SY-D-039,ภาคตะวันออก,353,5065
2026-09-17,SY-D-039,ภาคเหนือ,307,4901
2026-09-17,SY-D-039,ภาคใต้,364,5624
2026-09-17,AG-E-052,กรุงเทพฯ,148,2407
2026-09-17,AG-E-052,ภาคกลาง,120,2037
2026-09-17,AG-E-052,ภาคตะวันออก,105,1295
2026-09-17,AG-E-052,ภาคเหนือ,95,1110
2026-09-17,AG-E-052,ภาคใต้,108,1706
2026-09-18,TK-A-001,กรุงเทพฯ,237,2864
2026-09-18,TK-A-001,ภาคกลาง,187,2468
2026-09-18,TK-A-001,ภาคตะวันออก,134,2045
2026-09-18,TK-A-001,ภาคเหนือ,112,1928
2026-09-18,TK-A-001,ภาคใต้,154,1905
2026-09-18,GL-B-014,กรุงเทพฯ,1166,18177
2026-09-18,GL-B-014,ภาคกลาง,939,13356
2026-09-18,GL-B-014,ภาคตะวันออก,684,10768
2026-09-18,GL-B-014,ภาคเหนือ,585,8053
2026-09-18,GL-B-014,ภาคใต้,706,9666
2026-09-18,MK-C-028,กรุงเทพฯ,844,10589
2026-09-18,MK-C-028,ภาคกลาง,637,10177
2026-09-18,MK-C-028,ภาคตะวันออก,458,6406
2026-09-18,MK-C-028,ภาคเหนือ,406,7009
2026-09-18,MK-C-028,ภาคใต้,585,7655
2026-09-18,SY-D-039,กรุงเทพฯ,488,8091
2026-09-18,SY-D-039,ภาคกลาง,427,7020
2026-09-18,SY-D-039,ภาคตะวันออก,325,5316
2026-09-18,SY-D-039,ภาคเหนือ,274,3786
2026-09-18,SY-D-039,ภาคใต้,337,5888
2026-09-18,AG-E-052,กรุงเทพฯ,146,2201
2026-09-18,AG-E-052,ภาคกลาง,131,1686
2026-09-18,AG-E-052,ภาคตะวันออก,89,1644
2026-09-18,AG-E-052,ภาคเหนือ,89,1333
2026-09-18,AG-E-052,ภาคใต้,115,1548
2026-09-19,TK-A-001,กรุงเทพฯ,196,3463
2026-09-19,TK-A-001,ภาคกลาง,170,2854
2026-09-19,TK-A-001,ภาคตะวันออก,124,2083
2026-09-19,TK-A-001,ภาคเหนือ,120,1696
2026-09-19,TK-A-001,ภาคใต้,131,2018
2026-09-19,GL-B-014,กรุงเทพฯ,1204,14920
2026-09-19,GL-B-014,ภาคกลาง,815,14853
2026-09-19,GL-B-014,ภาคตะวันออก,631,11118
2026-09-19,GL-B-014,ภาคเหนือ,600,9888
2026-09-19,GL-B-014,ภาคใต้,704,10689
2026-09-19,MK-C-028,กรุงเทพฯ,874,13424
2026-09-19,MK-C-028,ภาคกลาง,578,9636
2026-09-19,MK-C-028,ภาคตะวันออก,520,6871
2026-09-19,MK-C-028,ภาคเหนือ,450,5945
2026-09-19,MK-C-028,ภาคใต้,511,9017
2026-09-19,SY-D-039,กรุงเทพฯ,527,8929
2026-09-19,SY-D-039,ภาคกลาง,389,6998
2026-09-19,SY-D-039,ภาคตะวันออก,337,5119
2026-09-19,SY-D-039,ภาคเหนือ,287,3723
2026-09-19,SY-D-039,ภาคใต้,365,5460
2026-09-19,AG-E-052,กรุงเทพฯ,169,2645
2026-09-19,AG-E-052,ภาคกลาง,128,2223
2026-09-19,AG-E-052,ภาคตะวันออก,93,1464
2026-09-19,AG-E-052,ภาคเหนือ,88,1303
2026-09-19,AG-E-052,ภาคใต้,106,1421
2026-09-20,TK-A-001,กรุงเทพฯ,207,3594
2026-09-20,TK-A-001,ภาคกลาง,176,2437
2026-09-20,TK-A-001,ภาคตะวันออก,116,1986
2026-09-20,TK-A-001,ภาคเหนือ,122,1857
2026-09-20,TK-A-001,ภาคใต้,135,2333
2026-09-20,GL-B-014,กรุงเทพฯ,1107,16841
2026-09-20,GL-B-014,ภาคกลาง,952,14664
2026-09-20,GL-B-014,ภาคตะวันออก,684,8834
2026-09-20,GL-B-014,ภาคเหนือ,571,7857
2026-09-20,GL-B-014,ภาคใต้,786,10406
2026-09-20,MK-C-028,กรุงเทพฯ,843,11291
2026-09-20,MK-C-028,ภาคกลาง,668,8530
2026-09-20,MK-C-028,ภาคตะวันออก,474,7512
2026-09-20,MK-C-028,ภาคเหนือ,457,5650
2026-09-20,MK-C-028,ภาคใต้,523,7976
2026-09-20,SY-D-039,กรุงเทพฯ,506,7515
2026-09-20,SY-D-039,ภาคกลาง,386,6950
2026-09-20,SY-D-039,ภาคตะวันออก,312,5320
2026-09-20,SY-D-039,ภาคเหนือ,282,3822
2026-09-20,SY-D-039,ภาคใต้,380,4958
2026-09-20,AG-E-052,กรุงเทพฯ,153,2209
2026-09-20,AG-E-052,ภาคกลาง,116,1853
2026-09-20,AG-E-052,ภาคตะวันออก,99,1665
2026-09-20,AG-E-052,ภาคเหนือ,80,1412
2026-09-20,AG-E-052,ภาคใต้,117,1561
2026-09-21,TK-A-001,กรุงเทพฯ,193,3290
2026-09-21,TK-A-001,ภาคกลาง,164,2595
2026-09-21,TK-A-001,ภาคตะวันออก,131,1999
2026-09-21,TK-A-001,ภาคเหนือ,123,1487
2026-09-21,TK-A-001,ภาคใต้,132,1874
2026-09-21,GL-B-014,กรุงเทพฯ,987,18499
2026-09-21,GL-B-014,ภาคกลาง,926,12434
2026-09-21,GL-B-014,ภาคตะวันออก,665,11248
2026-09-21,GL-B-014,ภาคเหนือ,533,8786
2026-09-21,GL-B-014,ภาคใต้,740,11980
2026-09-21,MK-C-028,กรุงเทพฯ,769,11192
2026-09-21,MK-C-028,ภาคกลาง,692,9500
2026-09-21,MK-C-028,ภาคตะวันออก,501,6330
2026-09-21,MK-C-028,ภาคเหนือ,440,6513
2026-09-21,MK-C-028,ภาคใต้,527,7079
2026-09-21,SY-D-039,กรุงเทพฯ,484,8228
2026-09-21,SY-D-039,ภาคกลาง,450,6221
2026-09-21,SY-D-039,ภาคตะวันออก,315,4359
2026-09-21,SY-D-039,ภาคเหนือ,282,4143
2026-09-21,SY-D-039,ภาคใต้,351,5513
2026-09-21,AG-E-052,กรุงเทพฯ,152,2705
2026-09-21,AG-E-052,ภาคกลาง,125,1908
2026-09-21,AG-E-052,ภาคตะวันออก,97,1296
2026-09-21,AG-E-052,ภาคเหนือ,78,1105
2026-09-21,AG-E-052,ภาคใต้,109,1687
2026-09-22,TK-A-001,กรุงเทพฯ,225,2869
2026-09-22,TK-A-001,ภาคกลาง,155,2911
2026-09-22,TK-A-001,ภาคตะวันออก,130,2017
2026-09-22,TK-A-001,ภาคเหนือ,106,1611
2026-09-22,TK-A-001,ภาคใต้,139,1950
2026-09-22,GL-B-014,กรุงเทพฯ,1009,15728
2026-09-22,GL-B-014,ภาคกลาง,941,13096
2026-09-22,GL-B-014,ภาคตะวันออก,688,10371
2026-09-22,GL-B-014,ภาคเหนือ,563,7957
2026-09-22,GL-B-014,ภาคใต้,696,9827
2026-09-22,MK-C-028,กรุงเทพฯ,844,13121
2026-09-22,MK-C-028,ภาคกลาง,654,10673
2026-09-22,MK-C-028,ภาคตะวันออก,442,7175
2026-09-22,MK-C-028,ภาคเหนือ,446,5587
2026-09-22,MK-C-028,ภาคใต้,539,8121
2026-09-22,SY-D-039,กรุงเทพฯ,473,7416
2026-09-22,SY-D-039,ภาคกลาง,444,7276
2026-09-22,SY-D-039,ภาคตะวันออก,291,4157
2026-09-22,SY-D-039,ภาคเหนือ,258,3987
2026-09-22,SY-D-039,ภาคใต้,340,5362
2026-09-22,AG-E-052,กรุงเทพฯ,145,2204
2026-09-22,AG-E-052,ภาคกลาง,126,2206
2026-09-22,AG-E-052,ภาคตะวันออก,97,1489
2026-09-22,AG-E-052,ภาคเหนือ,85,1317
2026-09-22,AG-E-052,ภาคใต้,101,1562
2026-09-23,TK-A-001,กรุงเทพฯ,204,2902
2026-09-23,TK-A-001,ภาคกลาง,158,2552
2026-09-23,TK-A-001,ภาคตะวันออก,118,1708
2026-09-23,TK-A-001,ภาคเหนือ,110,1792
2026-09-23,TK-A-001,ภาคใต้,136,2036
2026-09-23,GL-B-014,กรุงเทพฯ,1165,17244
2026-09-23,GL-B-014,ภาคกลาง,941,13054
2026-09-23,GL-B-014,ภาคตะวันออก,709,10973
2026-09-23,GL-B-014,ภาคเหนือ,575,10200
2026-09-23,GL-B-014,ภาคใต้,701,12775
2026-09-23,MK-C-028,กรุงเทพฯ,782,10516
2026-09-23,MK-C-028,ภาคกลาง,596,9177
2026-09-23,MK-C-028,ภาคตะวันออก,478,7654
2026-09-23,MK-C-028,ภาคเหนือ,393,6132
2026-09-23,MK-C-028,ภาคใต้,544,9011
2026-09-23,SY-D-039,กรุงเทพฯ,550,8902
2026-09-23,SY-D-039,ภาคกลาง,395,6476
2026-09-23,SY-D-039,ภาคตะวันออก,288,5162
2026-09-23,SY-D-039,ภาคเหนือ,266,4663
2026-09-23,SY-D-039,ภาคใต้,376,4966
2026-09-23,AG-E-052,กรุงเทพฯ,172,2349
2026-09-23,AG-E-052,ภาคกลาง,126,1800
2026-09-23,AG-E-052,ภาคตะวันออก,90,1608
2026-09-23,AG-E-052,ภาคเหนือ,77,1304
2026-09-23,AG-E-052,ภาคใต้,106,1782
2026-09-24,TK-A-001,กรุงเทพฯ,222,3548
2026-09-24,TK-A-001,ภาคกลาง,166,2417
2026-09-24,TK-A-001,ภาคตะวันออก,117,2131
2026-09-24,TK-A-001,ภาคเหนือ,102,1587
2026-09-24,TK-A-001,ภาคใต้,135,2341
2026-09-24,GL-B-014,กรุงเทพฯ,1125,17387
2026-09-24,GL-B-014,ภาคกลาง,794,13198
2026-09-24,GL-B-014,ภาคตะวันออก,653,10837
2026-09-24,GL-B-014,ภาคเหนือ,540,9991
2026-09-24,GL-B-014,ภาคใต้,739,12171
2026-09-24,MK-C-028,กรุงเทพฯ,839,10516
2026-09-24,MK-C-028,ภาคกลาง,668,10830
2026-09-24,MK-C-028,ภาคตะวันออก,421,6641
2026-09-24,MK-C-028,ภาคเหนือ,433,6489
2026-09-24,MK-C-028,ภาคใต้,564,8743
2026-09-24,SY-D-039,กรุงเทพฯ,569,7591
2026-09-24,SY-D-039,ภาคกลาง,394,7424
2026-09-24,SY-D-039,ภาคตะวันออก,322,4583
2026-09-24,SY-D-039,ภาคเหนือ,293,4314
2026-09-24,SY-D-039,ภาคใต้,342,5484
2026-09-24,AG-E-052,กรุงเทพฯ,165,2659
2026-09-24,AG-E-052,ภาคกลาง,115,1808
2026-09-24,AG-E-052,ภาคตะวันออก,102,1337
2026-09-24,AG-E-052,ภาคเหนือ,80,1184
2026-09-24,AG-E-052,ภาคใต้,109,1688
2026-09-25,TK-A-001,กรุงเทพฯ,212,2821
2026-09-25,TK-A-001,ภาคกลาง,157,2497
2026-09-25,TK-A-001,ภาคตะวันออก,113,1955
2026-09-25,TK-A-001,ภาคเหนือ,112,1961
2026-09-25,TK-A-001,ภาคใต้,150,2352
2026-09-25,GL-B-014,กรุงเทพฯ,1020,15634
2026-09-25,GL-B-014,ภาคกลาง,840,14111
2026-09-25,GL-B-014,ภาคตะวันออก,654,11526
2026-09-25,GL-B-014,ภาคเหนือ,595,8163
2026-09-25,GL-B-014,ภาคใต้,697,11639
2026-09-25,MK-C-028,กรุงเทพฯ,817,12857
2026-09-25,MK-C-028,ภาคกลาง,666,8427
2026-09-25,MK-C-028,ภาคตะวันออก,440,7571
2026-09-25,MK-C-028,ภาคเหนือ,445,5777
2026-09-25,MK-C-028,ภาคใต้,520,8713
2026-09-25,SY-D-039,กรุงเทพฯ,478,8879
2026-09-25,SY-D-039,ภาคกลาง,448,6122
2026-09-25,SY-D-039,ภาคตะวันออก,307,4161
2026-09-25,SY-D-039,ภาคเหนือ,265,3910
2026-09-25,SY-D-039,ภาคใต้,332,5816
2026-09-25,AG-E-052,กรุงเทพฯ,160,2434
2026-09-25,AG-E-052,ภาคกลาง,113,2129
2026-09-25,AG-E-052,ภาคตะวันออก,100,1666
2026-09-25,AG-E-052,ภาคเหนือ,79,1337
2026-09-25,AG-E-052,ภาคใต้,111,1831
2026-09-26,TK-A-001,กรุงเทพฯ,187,2833
2026-09-26,TK-A-001,ภาคกลาง,177,2867
2026-09-26,TK-A-001,ภาคตะวันออก,133,2181
2026-09-26,TK-A-001,ภาคเหนือ,109,1960
2026-09-26,TK-A-001,ภาคใต้,140,1971
2026-09-26,GL-B-014,กรุงเทพฯ,1080,18888
2026-09-26,GL-B-014,ภาคกลาง,791,13770
2026-09-26,GL-B-014,ภาคตะวันออก,659,9094
2026-09-26,GL-B-014,ภาคเหนือ,569,8409
2026-09-26,GL-B-014,ภาคใต้,644,12472
2026-09-26,MK-C-028,กรุงเทพฯ,725,12726
2026-09-26,MK-C-028,ภาคกลาง,602,10620
2026-09-26,MK-C-028,ภาคตะวันออก,439,6510
2026-09-26,MK-C-028,ภาคเหนือ,412,7053
2026-09-26,MK-C-028,ภาคใต้,467,8980
2026-09-26,SY-D-039,กรุงเทพฯ,538,7625
2026-09-26,SY-D-039,ภาคกลาง,393,5789
2026-09-26,SY-D-039,ภาคตะวันออก,300,4670
2026-09-26,SY-D-039,ภาคเหนือ,297,4355
2026-09-26,SY-D-039,ภาคใต้,321,5958
2026-09-26,AG-E-052,กรุงเทพฯ,166,2398
2026-09-26,AG-E-052,ภาคกลาง,111,2192
2026-09-26,AG-E-052,ภาคตะวันออก,101,1404
2026-09-26,AG-E-052,ภาคเหนือ,83,1183
2026-09-26,AG-E-052,ภาคใต้,94,1415
2026-09-27,TK-A-001,กรุงเทพฯ,200,3536
2026-09-27,TK-A-001,ภาคกลาง,179,2553
2026-09-27,TK-A-001,ภาคตะวันออก,128,1811
2026-09-27,TK-A-001,ภาคเหนือ,118,1491
2026-09-27,TK-A-001,ภาคใต้,142,2093
2026-09-27,GL-B-014,กรุงเทพฯ,1127,14540
2026-09-27,GL-B-014,ภาคกลาง,834,11606
2026-09-27,GL-B-014,ภาคตะวันออก,605,10592
2026-09-27,GL-B-014,ภาคเหนือ,552,9522
2026-09-27,GL-B-014,ภาคใต้,762,12327
2026-09-27,MK-C-028,กรุงเทพฯ,783,11542
2026-09-27,MK-C-028,ภาคกลาง,624,10963
2026-09-27,MK-C-028,ภาคตะวันออก,456,7450
2026-09-27,MK-C-028,ภาคเหนือ,445,7169
2026-09-27,MK-C-028,ภาคใต้,517,8853
2026-09-27,SY-D-039,กรุงเทพฯ,488,8565
2026-09-27,SY-D-039,ภาคกลาง,384,5935
2026-09-27,SY-D-039,ภาคตะวันออก,289,5143
2026-09-27,SY-D-039,ภาคเหนือ,253,4781
2026-09-27,SY-D-039,ภาคใต้,322,5101
2026-09-27,AG-E-052,กรุงเทพฯ,139,2558
2026-09-27,AG-E-052,ภาคกลาง,112,2103
2026-09-27,AG-E-052,ภาคตะวันออก,92,1591
2026-09-27,AG-E-052,ภาคเหนือ,86,1125
2026-09-27,AG-E-052,ภาคใต้,111,1635
2026-09-28,TK-A-001,กรุงเทพฯ,208,3305
2026-09-28,TK-A-001,ภาคกลาง,178,2838
2026-09-28,TK-A-001,ภาคตะวันออก,125,2045
2026-09-28,TK-A-001,ภาคเหนือ,117,1644
2026-09-28,TK-A-001,ภาคใต้,146,2467
2026-09-28,GL-B-014,กรุงเทพฯ,1007,15746
2026-09-28,GL-B-014,ภาคกลาง,908,11469
2026-09-28,GL-B-014,ภาคตะวันออก,690,10284
2026-09-28,GL-B-014,ภาคเหนือ,543,9516
2026-09-28,GL-B-014,ภาคใต้,644,12521
2026-09-28,MK-C-028,กรุงเทพฯ,744,13149
2026-09-28,MK-C-028,ภาคกลาง,578,8764
2026-09-28,MK-C-028,ภาคตะวันออก,447,7999
2026-09-28,MK-C-028,ภาคเหนือ,366,5624
2026-09-28,MK-C-028,ภาคใต้,555,7268
2026-09-28,SY-D-039,กรุงเทพฯ,521,8234
2026-09-28,SY-D-039,ภาคกลาง,413,5784
2026-09-28,SY-D-039,ภาคตะวันออก,304,4261
2026-09-28,SY-D-039,ภาคเหนือ,247,4669
2026-09-28,SY-D-039,ภาคใต้,338,5124
2026-09-28,AG-E-052,กรุงเทพฯ,166,2760
2026-09-28,AG-E-052,ภาคกลาง,127,2171
2026-09-28,AG-E-052,ภาคตะวันออก,88,1439
2026-09-28,AG-E-052,ภาคเหนือ,73,1282
2026-09-28,AG-E-052,ภาคใต้,104,1678
2026-09-29,TK-A-001,กรุงเทพฯ,183,2914
2026-09-29,TK-A-001,ภาคกลาง,167,2397
2026-09-29,TK-A-001,ภาคตะวันออก,117,1690
2026-09-29,TK-A-001,ภาคเหนือ,115,1633
2026-09-29,TK-A-001,ภาคใต้,130,1980
2026-09-29,GL-B-014,กรุงเทพฯ,1117,16103
2026-09-29,GL-B-014,ภาคกลาง,885,14192
2026-09-29,GL-B-014,ภาคตะวันออก,594,10952
2026-09-29,GL-B-014,ภาคเหนือ,530,8485
2026-09-29,GL-B-014,ภาคใต้,755,10504
2026-09-29,MK-C-028,กรุงเทพฯ,759,11407
2026-09-29,MK-C-028,ภาคกลาง,603,9045
2026-09-29,MK-C-028,ภาคตะวันออก,433,7656
2026-09-29,MK-C-028,ภาคเหนือ,395,7256
2026-09-29,MK-C-028,ภาคใต้,473,8335
2026-09-29,SY-D-039,กรุงเทพฯ,463,7506
2026-09-29,SY-D-039,ภาคกลาง,385,6987
2026-09-29,SY-D-039,ภาคตะวันออก,303,4987
2026-09-29,SY-D-039,ภาคเหนือ,270,3894
2026-09-29,SY-D-039,ภาคใต้,353,5582
2026-09-29,AG-E-052,กรุงเทพฯ,149,2489
2026-09-29,AG-E-052,ภาคกลาง,130,2013
2026-09-29,AG-E-052,ภาคตะวันออก,91,1241
2026-09-29,AG-E-052,ภาคเหนือ,86,1311
2026-09-29,AG-E-052,ภาคใต้,99,1440
2026-09-30,TK-A-001,กรุงเทพฯ,197,3123
2026-09-30,TK-A-001,ภาคกลาง,161,2691
2026-09-30,TK-A-001,ภาคตะวันออก,115,2043
2026-09-30,TK-A-001,ภาคเหนือ,114,1791
2026-09-30,TK-A-001,ภาคใต้,138,2336
2026-09-30,GL-B-014,กรุงเทพฯ,974,18437
2026-09-30,GL-B-014,ภาคกลาง,853,12389
2026-09-30,GL-B-014,ภาคตะวันออก,577,9184
2026-09-30,GL-B-014,ภาคเหนือ,531,9329
2026-09-30,GL-B-014,ภาคใต้,643,12680
2026-09-30,MK-C-028,กรุงเทพฯ,793,11570
2026-09-30,MK-C-028,ภาคกลาง,615,9185
2026-09-30,MK-C-028,ภาคตะวันออก,409,6899
2026-09-30,MK-C-028,ภาคเหนือ,402,6775
2026-09-30,MK-C-028,ภาคใต้,492,7147
2026-09-30,SY-D-039,กรุงเทพฯ,544,7952
2026-09-30,SY-D-039,ภาคกลาง,422,5734
2026-09-30,SY-D-039,ภาคตะวันออก,287,4648
2026-09-30,SY-D-039,ภาคเหนือ,261,3889
2026-09-30,SY-D-039,ภาคใต้,349,5604
2026-09-30,AG-E-052,กรุงเทพฯ,142,2073
2026-09-30,AG-E-052,ภาคกลาง,118,1764
2026-09-30,AG-E-052,ภาคตะวันออก,82,1675
2026-09-30,AG-E-052,ภาคเหนือ,87,1272
2026-09-30,AG-E-052,ภาคใต้,103,1529
