sale_date,product_code,region,sales_quantity,inventory
2024-10-01,TK-A-001,กรุงเทพฯ,174,3191
2024-10-01,TK-A-001,ภาคกลาง,146,2896
2024-10-01,TK-A-001,ภาคตะวันออก,116,2078
2024-10-01,TK-A-001,ภาคเหนือ,96,1481
2024-10-01,TK-A-001,ภาคใต้,131,2372
2024-10-01,GL-B-014,กรุงเทพฯ,994,14534
2024-10-01,GL-B-014,ภาคกลาง,736,13275
2024-10-01,GL-B-014,ภาคตะวันออก,573,8755
2024-10-01,GL-B-014,ภาคเหนือ,523,8033
2024-10-01,GL-B-014,ภาคใต้,641,12830
2024-10-01,MK-C-028,กรุงเทพฯ,723,12818
2024-10-01,MK-C-028,ภาคกลาง,538,10917
2024-10-01,MK-C-028,ภาคตะวันออก,408,7570
2024-10-01,MK-C-028,ภาคเหนือ,369,7386
2024-10-01,MK-C-028,ภาคใต้,480,8486
2024-10-01,SY-D-039,กรุงเทพฯ,408,8796
2024-10-01,SY-D-039,ภาคกลาง,394,5875
2024-10-01,SY-D-039,ภาคตะวันออก,247,4411
2024-10-01,SY-D-039,ภาคเหนือ,251,4510
2024-10-01,SY-D-039,ภาคใต้,297,5412
2024-10-01,AG-E-052,กรุงเทพฯ,136,2523
2024-10-01,AG-E-052,ภาคกลาง,99,2169
2024-10-01,AG-E-052,ภาคตะวันออก,82,1460
2024-10-01,AG-E-052,ภาคเหนือ,73,1240
2024-10-01,AG-E-052,ภาคใต้,87,1542
2024-10-02,TK-A-001,กรุงเทพฯ,194,3295
2024-10-02,TK-A-001,ภาคกลาง,135,2329
2024-10-02,TK-A-001,ภาคตะวันออก,113,1841
2024-10-02,TK-A-001,ภาคเหนือ,89,1962
2024-10-02,TK-A-001,ภาคใต้,132,2257
2024-10-02,GL-B-014,กรุงเทพฯ,973,18719
2024-10-02,GL-B-014,ภาคกลาง,775,13961
2024-10-02,GL-B-014,ภาคตะวันออก,529,10802
2024-10-02,GL-B-014,ภาคเหนือ,521,8913
2024-10-02,GL-B-014,ภาคใต้,636,10857
2024-10-02,MK-C-028,กรุงเทพฯ,672,12668
2024-10-02,MK-C-028,ภาคกลาง,582,11001
2024-10-02,MK-C-028,ภาคตะวันออก,405,7426
2024-10-02,MK-C-028,ภาคเหนือ,339,6973
2024-10-02,MK-C-028,ภาคใต้,419,9129
2024-10-02,SY-D-039,กรุงเทพฯ,416,8531
2024-10-02,SY-D-039,ภาคกลาง,352,5585
2024-10-02,SY-D-039,ภาคตะวันออก,247,4157
2024-10-02,SY-D-039,ภาคเหนือ,224,4743
2024-10-02,SY-D-039,ภาคใต้,277,6148
2024-10-02,AG-E-052,กรุงเทพฯ,137,2586
2024-10-02,AG-E-052,ภาคกลาง,109,2159
2024-10-02,AG-E-052,ภาคตะวันออก,75,1338
2024-10-02,AG-E-052,ภาคเหนือ,72,1220
2024-10-02,AG-E-052,ภาคใต้,84,1458
2024-10-03,TK-A-001,กรุงเทพฯ,173,3610
2024-10-03,TK-A-001,ภาคกลาง,136,2697
2024-10-03,TK-A-001,ภาคตะวันออก,111,1785
2024-10-03,TK-A-001,ภาคเหนือ,98,1620
2024-10-03,TK-A-001,ภาคใต้,108,2285
2024-10-03,GL-B-014,กรุงเทพฯ,853,17357
2024-10-03,GL-B-014,ภาคกลาง,687,13671
2024-10-03,GL-B-014,ภาคตะวันออก,579,8864
2024-10-03,GL-B-014,ภาคเหนือ,542,10173
2024-10-03,GL-B-014,ภาคใต้,619,11287
2024-10-03,MK-C-028,กรุงเทพฯ,618,12522
2024-10-03,MK-C-028,ภาคกลาง,491,10883
2024-10-03,MK-C-028,ภาคตะวันออก,431,6546
2024-10-03,MK-C-028,ภาคเหนือ,342,6586
2024-10-03,MK-C-028,ภาคใต้,487,9233
2024-10-03,SY-D-039,กรุงเทพฯ,433,8488
2024-10-03,SY-D-039,ภาคกลาง,361,5753
2024-10-03,SY-D-039,ภาคตะวันออก,294,4164
2024-10-03,SY-D-039,ภาคเหนือ,251,4207
2024-10-03,SY-D-039,ภาคใต้,319,5977
2024-10-03,AG-E-052,กรุงเทพฯ,122,2430
2024-10-03,AG-E-052,ภาคกลาง,100,1732
2024-10-03,AG-E-052,ภาคตะวันออก,75,1398
2024-10-03,AG-E-052,ภาคเหนือ,75,1296
2024-10-03,AG-E-052,ภาคใต้,88,1824
2024-10-04,TK-A-001,กรุงเทพฯ,165,3638
2024-10-04,TK-A-001,ภาคกลาง,152,2412
2024-10-04,TK-A-001,ภาคตะวันออก,119,1958
2024-10-04,TK-A-001,ภาคเหนือ,100,1494
2024-10-04,TK-A-001,ภาคใต้,111,2142
2024-10-04,GL-B-014,กรุงเทพฯ,906,18288
2024-10-04,GL-B-014,ภาคกลาง,753,13378
2024-10-04,GL-B-014,ภาคตะวันออก,507,9789
2024-10-04,GL-B-014,ภาคเหนือ,507,9376
2024-10-04,GL-B-014,ภาคใต้,595,12391
2024-10-04,MK-C-028,กรุงเทพฯ,657,12559
2024-10-04,MK-C-028,ภาคกลาง,578,8439
2024-10-04,MK-C-028,ภาคตะวันออก,378,8319
2024-10-04,MK-C-028,ภาคเหนือ,373,6195
2024-10-04,MK-C-028,ภาคใต้,481,6950
2024-10-04,SY-D-039,กรุงเทพฯ,488,6897
2024-10-04,SY-D-039,ภาคกลาง,392,6907
2024-10-04,SY-D-039,ภาคตะวันออก,258,5314
2024-10-04,SY-D-039,ภาคเหนือ,260,4304
2024-10-04,SY-D-039,ภาคใต้,313,5433
2024-10-04,AG-E-052,กรุงเทพฯ,123,2541
2024-10-04,AG-E-052,ภาคกลาง,110,2152
2024-10-04,AG-E-052,ภาคตะวันออก,84,1363
2024-10-04,AG-E-052,ภาคเหนือ,74,1187
2024-10-04,AG-E-052,ภาคใต้,95,1747
2024-10-05,TK-A-001,กรุงเทพฯ,190,3159
2024-10-05,TK-A-001,ภาคกลาง,143,2589
2024-10-05,TK-A-001,ภาคตะวันออก,110,2211
2024-10-05,TK-A-001,ภาคเหนือ,91,1709
2024-10-05,TK-A-001,ภาคใต้,110,2351
2024-10-05,GL-B-014,กรุงเทพฯ,970,17167
2024-10-05,GL-B-014,ภาคกลาง,680,13565
2024-10-05,GL-B-014,ภาคตะวันออก,582,8758
2024-10-05,GL-B-014,ภาคเหนือ,535,9012
2024-10-05,GL-B-014,ภาคใต้,580,10370
2024-10-05,MK-C-028,กรุงเทพฯ,611,11278
2024-10-05,MK-C-028,ภาคกลาง,524,9995
2024-10-05,MK-C-028,ภาคตะวันออก,442,6387
2024-10-05,MK-C-028,ภาคเหนือ,381,6867
2024-10-05,MK-C-028,ภาคใต้,423,7412
2024-10-05,SY-D-039,กรุงเทพฯ,469,8894
2024-10-05,SY-D-039,ภาคกลาง,387,6170
2024-10-05,SY-D-039,ภาคตะวันออก,252,4162
2024-10-05,SY-D-039,ภาคเหนือ,257,4298
2024-10-05,SY-D-039,ภาคใต้,306,5855
2024-10-05,AG-E-052,กรุงเทพฯ,134,2716
2024-10-05,AG-E-052,ภาคกลาง,107,1737
2024-10-05,AG-E-052,ภาคตะวันออก,80,1266
2024-10-05,AG-E-052,ภาคเหนือ,75,1259
2024-10-05,AG-E-052,ภาคใต้,85,1467
2024-10-06,TK-A-001,กรุงเทพฯ,163,3635
2024-10-06,TK-A-001,ภาคกลาง,137,2717
2024-10-06,TK-A-001,ภาคตะวันออก,109,2018
2024-10-06,TK-A-001,ภาคเหนือ,100,1693
2024-10-06,TK-A-001,ภาคใต้,120,2165
2024-10-06,GL-B-014,กรุงเทพฯ,923,15650
2024-10-06,GL-B-014,ภาคกลาง,701,14235
2024-10-06,GL-B-014,ภาคตะวันออก,565,9653
2024-10-06,GL-B-014,ภาคเหนือ,487,8342
2024-10-06,GL-B-014,ภาคใต้,656,11578
2024-10-06,MK-C-028,กรุงเทพฯ,679,13657
2024-10-06,MK-C-028,ภาคกลาง,553,10603
2024-10-06,MK-C-028,ภาคตะวันออก,408,7849
2024-10-06,MK-C-028,ภาคเหนือ,362,6071
2024-10-06,MK-C-028,ภาคใต้,479,8045
2024-10-06,SY-D-039,กรุงเทพฯ,408,9268
2024-10-06,SY-D-039,ภาคกลาง,367,5596
2024-10-06,SY-D-039,ภาคตะวันออก,272,5316
2024-10-06,SY-D-039,ภาคเหนือ,230,4849
2024-10-06,SY-D-039,ภาคใต้,323,5852
2024-10-06,AG-E-052,กรุงเทพฯ,139,2464
2024-10-06,AG-E-052,ภาคกลาง,104,1944
2024-10-06,AG-E-052,ภาคตะวันออก,86,1496
2024-10-06,AG-E-052,ภาคเหนือ,66,1370
2024-10-06,AG-E-052,ภาคใต้,82,1837
2024-10-07,TK-A-001,กรุงเทพฯ,164,2832
2024-10-07,TK-A-001,ภาคกลาง,144,2734
2024-10-07,TK-A-001,ภาคตะวันออก,101,2024
2024-10-07,TK-A-001,ภาคเหนือ,103,1751
2024-10-07,TK-A-001,ภาคใต้,108,1941
2024-10-07,GL-B-014,กรุงเทพฯ,959,16139
2024-10-07,GL-B-014,ภาคกลาง,748,13714
2024-10-07,GL-B-014,ภาคตะวันออก,610,11225
2024-10-07,GL-B-014,ภาคเหนือ,500,8967
2024-10-07,GL-B-014,ภาคใต้,603,10901
2024-10-07,MK-C-028,กรุงเทพฯ,627,13832
2024-10-07,MK-C-028,ภาคกลาง,558,10396
2024-10-07,MK-C-028,ภาคตะวันออก,409,6535
2024-10-07,MK-C-028,ภาคเหนือ,370,7383
2024-10-07,MK-C-028,ภาคใต้,483,9173
2024-10-07,SY-D-039,กรุงเทพฯ,481,7529
2024-10-07,SY-D-039,ภาคกลาง,383,5988
2024-10-07,SY-D-039,ภาคตะวันออก,250,5208
2024-10-07,SY-D-039,ภาคเหนือ,240,4267
2024-10-07,SY-D-039,ภาคใต้,311,5754
2024-10-07,AG-E-052,กรุงเทพฯ,134,2659
2024-10-07,AG-E-052,ภาคกลาง,106,1963
2024-10-07,AG-E-052,ภาคตะวันออก,74,1282
2024-10-07,AG-E-052,ภาคเหนือ,65,1192
2024-10-07,AG-E-052,ภาคใต้,89,1506
2024-10-08,TK-A-001,กรุงเทพฯ,188,3709
2024-10-08,TK-A-001,ภาคกลาง,131,2803
2024-10-08,TK-A-001,ภาคตะวันออก,102,1687
2024-10-08,TK-A-001,ภาคเหนือ,88,1849
2024-10-08,TK-A-001,ภาคใต้,119,2272
2024-10-08,GL-B-014,กรุงเทพฯ,975,15299
2024-10-08,GL-B-014,ภาคกลาง,727,11641
2024-10-08,GL-B-014,ภาคตะวันออก,588,9217
2024-10-08,GL-B-014,ภาคเหนือ,465,9082
2024-10-08,GL-B-014,ภาคใต้,649,10446
2024-10-08,MK-C-028,กรุงเทพฯ,700,12371
2024-10-08,MK-C-028,ภาคกลาง,545,9968
2024-10-08,MK-C-028,ภาคตะวันออก,438,7688
2024-10-08,MK-C-028,ภาคเหนือ,343,5708
2024-10-08,MK-C-028,ภาคใต้,464,7943
2024-10-08,SY-D-039,กรุงเทพฯ,491,7534
2024-10-08,SY-D-039,ภาคกลาง,353,5955
2024-10-08,SY-D-039,ภาคตะวันออก,287,5520
2024-10-08,SY-D-039,ภาคเหนือ,234,4449
2024-10-08,SY-D-039,ภาคใต้,319,6092
2024-10-08,AG-E-052,กรุงเทพฯ,142,2703
2024-10-08,AG-E-052,ภาคกลาง,113,1682
2024-10-08,AG-E-052,ภาคตะวันออก,76,1567
2024-10-08,AG-E-052,ภาคเหนือ,66,1421
2024-10-08,AG-E-052,ภาคใต้,91,1593
2024-10-09,TK-A-001,กรุงเทพฯ,190,2841
2024-10-09,TK-A-001,ภาคกลาง,155,2539
2024-10-09,TK-A-001,ภาคตะวันออก,116,1663
2024-10-09,TK-A-001,ภาคเหนือ,99,1936
2024-10-09,TK-A-001,ภาคใต้,109,2235
2024-10-09,GL-B-014,กรุงเทพฯ,931,16449
2024-10-09,GL-B-014,ภาคกลาง,708,13096
2024-10-09,GL-B-014,ภาคตะวันออก,575,10448
2024-10-09,GL-B-014,ภาคเหนือ,499,8130
2024-10-09,GL-B-014,ภาคใต้,645,11181
2024-10-09,MK-C-028,กรุงเทพฯ,691,12624
2024-10-09,MK-C-028,ภาคกลาง,541,8430
2024-10-09,MK-C-028,ภาคตะวันออก,371,7181
2024-10-09,MK-C-028,ภาคเหนือ,375,6095
2024-10-09,MK-C-028,ภาคใต้,453,8198
2024-10-09,SY-D-039,กรุงเทพฯ,427,8182
2024-10-09,SY-D-039,ภาคกลาง,348,7047
2024-10-09,SY-D-039,ภาคตะวันออก,284,5260
2024-10-09,SY-D-039,ภาคเหนือ,220,4785
2024-10-09,SY-D-039,ภาคใต้,320,5555
2024-10-09,AG-E-052,กรุงเทพฯ,138,2146
2024-10-09,AG-E-052,ภาคกลาง,102,2105
2024-10-09,AG-E-052,ภาคตะวันออก,74,1393
2024-10-09,AG-E-052,ภาคเหนือ,77,1293
2024-10-09,AG-E-052,ภาคใต้,99,1460
2024-10-10,TK-A-001,กรุงเทพฯ,164,2761
2024-10-10,TK-A-001,ภาคกลาง,141,2934
2024-10-10,TK-A-001,ภาคตะวันออก,107,1675
2024-10-10,TK-A-001,ภาคเหนือ,94,1917
2024-10-10,TK-A-001,ภาคใต้,113,2020
2024-10-10,GL-B-014,กรุงเทพฯ,892,17216
2024-10-10,GL-B-014,ภาคกลาง,739,14541
2024-10-10,GL-B-014,ภาคตะวันออก,592,9350
2024-10-10,GL-B-014,ภาคเหนือ,459,7870
2024-10-10,GL-B-014,ภาคใต้,669,9676
2024-10-10,MK-C-028,กรุงเทพฯ,627,12131
2024-10-10,MK-C-028,ภาคกลาง,525,9760
2024-10-10,MK-C-028,ภาคตะวันออก,385,7368
2024-10-10,MK-C-028,ภาคเหนือ,374,6202
2024-10-10,MK-C-028,ภาคใต้,440,9145
2024-10-10,SY-D-039,กรุงเทพฯ,472,8001
2024-10-10,SY-D-039,ภาคกลาง,375,6305
2024-10-10,SY-D-039,ภาคตะวันออก,250,4360
2024-10-10,SY-D-039,ภาคเหนือ,263,4922
2024-10-10,SY-D-039,ภาคใต้,299,4909
2024-10-10,AG-E-052,กรุงเทพฯ,145,2675
2024-10-10,AG-E-052,ภาคกลาง,100,2176
2024-10-10,AG-E-052,ภาคตะวันออก,81,1673
2024-10-10,AG-E-052,ภาคเหนือ,71,1239
2024-10-10,AG-E-052,ภาคใต้,85,1387
2024-10-11,TK-A-001,กรุงเทพฯ,197,3495
2024-10-11,TK-A-001,ภาคกลาง,131,2715
2024-10-11,TK-A-001,ภาคตะวันออก,98,1773
2024-10-11,TK-A-001,ภาคเหนือ,87,1677
2024-10-11,TK-A-001,ภาคใต้,128,2131
2024-10-11,GL-B-014,กรุงเทพฯ,839,18756
2024-10-11,GL-B-014,ภาคกลาง,692,13897
2024-10-11,GL-B-014,ภาคตะวันออก,540,8838
2024-10-11,GL-B-014,ภาคเหนือ,517,9690
2024-10-11,GL-B-014,ภาคใต้,681,10511
2024-10-11,MK-C-028,กรุงเทพฯ,668,13258
2024-10-11,MK-C-028,ภาคกลาง,569,10226
2024-10-11,MK-C-028,ภาคตะวันออก,392,6339
2024-10-11,MK-C-028,ภาคเหนือ,386,7001
2024-10-11,MK-C-028,ภาคใต้,415,8888
2024-10-11,SY-D-039,กรุงเทพฯ,461,7356
2024-10-11,SY-D-039,ภาคกลาง,327,6154
2024-10-11,SY-D-039,ภาคตะวันออก,273,4820
2024-10-11,SY-D-039,ภาคเหนือ,244,3704
2024-10-11,SY-D-039,ภาคใต้,317,5609
2024-10-11,AG-E-052,กรุงเทพฯ,142,2332
2024-10-11,AG-E-052,ภาคกลาง,107,1762
2024-10-11,AG-E-052,ภาคตะวันออก,78,1318
2024-10-11,AG-E-052,ภาคเหนือ,65,1312
2024-10-11,AG-E-052,ภาคใต้,84,1634
2024-10-12,TK-A-001,กรุงเทพฯ,168,3596
2024-10-12,TK-A-001,ภาคกลาง,148,2589
2024-10-12,TK-A-001,ภาคตะวันออก,117,1707
2024-10-12,TK-A-001,ภาคเหนือ,99,1685
2024-10-12,TK-A-001,ภาคใต้,110,2200
2024-10-12,GL-B-014,กรุงเทพฯ,959,16338
2024-10-12,GL-B-014,ภาคกลาง,725,12909
2024-10-12,GL-B-014,ภาคตะวันออก,590,9513
2024-10-12,GL-B-014,ภาคเหนือ,487,9342
2024-10-12,GL-B-014,ภาคใต้,589,10329
2024-10-12,MK-C-028,กรุงเทพฯ,704,10519
2024-10-12,MK-C-028,ภาคกลาง,514,9751
2024-10-12,MK-C-028,ภาคตะวันออก,415,7072
2024-10-12,MK-C-028,ภาคเหนือ,329,6641
2024-10-12,MK-C-028,ภาคใต้,419,7547
2024-10-12,SY-D-039,กรุงเทพฯ,439,7618
2024-10-12,SY-D-039,ภาคกลาง,377,7014
2024-10-12,SY-D-039,ภาคตะวันออก,278,4915
2024-10-12,SY-D-039,ภาคเหนือ,221,4926
2024-10-12,SY-D-039,ภาคใต้,294,6176
2024-10-12,AG-E-052,กรุงเทพฯ,147,2536
2024-10-12,AG-E-052,ภาคกลาง,109,2136
2024-10-12,AG-E-052,ภาคตะวันออก,87,1418
2024-10-12,AG-E-052,ภาคเหนือ,79,1295
2024-10-12,AG-E-052,ภาคใต้,97,1497
2024-10-13,TK-A-001,กรุงเทพฯ,182,3366
2024-10-13,TK-A-001,ภาคกลาง,154,2270
2024-10-13,TK-A-001,ภาคตะวันออก,111,1660
2024-10-13,TK-A-001,ภาคเหนือ,98,1975
2024-10-13,TK-A-001,ภาคใต้,110,1999
2024-10-13,GL-B-014,กรุงเทพฯ,955,18834
2024-10-13,GL-B-014,ภาคกลาง,733,12242
2024-10-13,GL-B-014,ภาคตะวันออก,573,10009
2024-10-13,GL-B-014,ภาคเหนือ,485,9312
2024-10-13,GL-B-014,ภาคใต้,577,11997
2024-10-13,MK-C-028,กรุงเทพฯ,658,12057
2024-10-13,MK-C-028,ภาคกลาง,519,8619
2024-10-13,MK-C-028,ภาคตะวันออก,365,7712
2024-10-13,MK-C-028,ภาคเหนือ,386,5871
2024-10-13,MK-C-028,ภาคใต้,437,8880
2024-10-13,SY-D-039,กรุงเทพฯ,410,8397
2024-10-13,SY-D-039,ภาคกลาง,342,6188
2024-10-13,SY-D-039,ภาคตะวันออก,253,5178
2024-10-13,SY-D-039,ภาคเหนือ,252,4583
2024-10-13,SY-D-039,ภาคใต้,304,4883
2024-10-13,AG-E-052,กรุงเทพฯ,142,2470
2024-10-13,AG-E-052,ภาคกลาง,112,1752
2024-10-13,AG-E-052,ภาคตะวันออก,78,1494
2024-10-13,AG-E-052,ภาคเหนือ,70,1410
2024-10-13,AG-E-052,ภาคใต้,81,1855
2024-10-14,TK-A-001,กรุงเทพฯ,186,3210
2024-10-14,TK-A-001,ภาคกลาง,156,2463
2024-10-14,TK-A-001,ภาคตะวันออก,101,2190
2024-10-14,TK-A-001,ภาคเหนือ,89,1784
2024-10-14,TK-A-001,ภาคใต้,121,2292
2024-10-14,GL-B-014,กรุงเทพฯ,964,16533
2024-10-14,GL-B-014,ภาคกลาง,735,13308
2024-10-14,GL-B-014,ภาคตะวันออก,545,8717
2024-10-14,GL-B-014,ภาคเหนือ,496,8981
2024-10-14,GL-B-014,ภาคใต้,668,9851
2024-10-14,MK-C-028,กรุงเทพฯ,723,10727
2024-10-14,MK-C-028,ภาคกลาง,511,10632
2024-10-14,MK-C-028,ภาคตะวันออก,436,7971
2024-10-14,MK-C-028,ภาคเหนือ,396,7307
2024-10-14,MK-C-028,ภาคใต้,422,8836
2024-10-14,SY-D-039,กรุงเทพฯ,490,7326
2024-10-14,SY-D-039,ภาคกลาง,338,6935
2024-10-14,SY-D-039,ภาคตะวันออก,288,5136
2024-10-14,SY-D-039,ภาคเหนือ,251,4715
2024-10-14,SY-D-039,ภาคใต้,309,4789
2024-10-14,AG-E-052,กรุงเทพฯ,135,2083
2024-10-14,AG-E-052,ภาคกลาง,113,2109
2024-10-14,AG-E-052,ภาคตะวันออก,78,1609
2024-10-14,AG-E-052,ภาคเหนือ,68,1435
2024-10-14,AG-E-052,ภาคใต้,91,1687
2024-10-15,TK-A-001,กรุงเทพฯ,195,3207
2024-10-15,TK-A-001,ภาคกลาง,157,2736
2024-10-15,TK-A-001,ภาคตะวันออก,107,1829
2024-10-15,TK-A-001,ภาคเหนือ,92,1827
2024-10-15,TK-A-001,ภาคใต้,122,2462
2024-10-15,GL-B-014,กรุงเทพฯ,999,19051
2024-10-15,GL-B-014,ภาคกลาง,797,12636
2024-10-15,GL-B-014,ภาคตะวันออก,519,10736
2024-10-15,GL-B-014,ภาคเหนือ,497,8597
2024-10-15,GL-B-014,ภาคใต้,592,10675
2024-10-15,MK-C-028,กรุงเทพฯ,633,13017
2024-10-15,MK-C-028,ภาคกลาง,560,9111
2024-10-15,MK-C-028,ภาคตะวันออก,393,6997
2024-10-15,MK-C-028,ภาคเหนือ,370,5663
2024-10-15,MK-C-028,ภาคใต้,442,7606
2024-10-15,SY-D-039,กรุงเทพฯ,491,8820
2024-10-15,SY-D-039,ภาคกลาง,338,6891
2024-10-15,SY-D-039,ภาคตะวันออก,271,5090
2024-10-15,SY-D-039,ภาคเหนือ,220,3997
2024-10-15,SY-D-039,ภาคใต้,288,5795
2024-10-15,AG-E-052,กรุงเทพฯ,125,2525
2024-10-15,AG-E-052,ภาคกลาง,117,1673
2024-10-15,AG-E-052,ภาคตะวันออก,84,1635
2024-10-15,AG-E-052,ภาคเหนือ,77,1188
2024-10-15,AG-E-052,ภาคใต้,96,1831
2024-10-16,TK-A-001,กรุงเทพฯ,170,3715
2024-10-16,TK-A-001,ภาคกลาง,131,2910
2024-10-16,TK-A-001,ภาคตะวันออก,107,2076
2024-10-16,TK-A-001,ภาคเหนือ,92,1980
2024-10-16,TK-A-001,ภาคใต้,129,2395
2024-10-16,GL-B-014,กรุงเทพฯ,968,16146
2024-10-16,GL-B-014,ภาคกลาง,701,12587
2024-10-16,GL-B-014,ภาคตะวันออก,571,10000
2024-10-16,GL-B-014,ภาคเหนือ,471,9213
2024-10-16,GL-B-014,ภาคใต้,637,12297
2024-10-16,MK-C-028,กรุงเทพฯ,701,13895
2024-10-16,MK-C-028,ภาคกลาง,559,8397
2024-10-16,MK-C-028,ภาคตะวันออก,395,6469
2024-10-16,MK-C-028,ภาคเหนือ,374,7337
2024-10-16,MK-C-028,ภาคใต้,449,8223
2024-10-16,SY-D-039,กรุงเทพฯ,420,8352
2024-10-16,SY-D-039,ภาคกลาง,338,7351
2024-10-16,SY-D-039,ภาคตะวันออก,259,4194
2024-10-16,SY-D-039,ภาคเหนือ,240,4484
2024-10-16,SY-D-039,ภาคใต้,296,5601
2024-10-16,AG-E-052,กรุงเทพฯ,128,2218
2024-10-16,AG-E-052,ภาคกลาง,102,1986
2024-10-16,AG-E-052,ภาคตะวันออก,85,1252
2024-10-16,AG-E-052,ภาคเหนือ,73,1153
2024-10-16,AG-E-052,ภาคใต้,82,1833
2024-10-17,TK-A-001,กรุงเทพฯ,173,2952
2024-10-17,TK-A-001,ภาคกลาง,149,2580
2024-10-17,TK-A-001,ภาคตะวันออก,104,1970
2024-10-17,TK-A-001,ภาคเหนือ,88,1809
2024-10-17,TK-A-001,ภาคใต้,115,2391
2024-10-17,GL-B-014,กรุงเทพฯ,869,17436
2024-10-17,GL-B-014,ภาคกลาง,732,12711
2024-10-17,GL-B-014,ภาคตะวันออก,600,9452
2024-10-17,GL-B-014,ภาคเหนือ,530,8932
2024-10-17,GL-B-014,ภาคใต้,681,10735
2024-10-17,MK-C-028,กรุงเทพฯ,689,12009
2024-10-17,MK-C-028,ภาคกลาง,547,9602
2024-10-17,MK-C-028,ภาคตะวันออก,392,7900
2024-10-17,MK-C-028,ภาคเหนือ,381,6371
2024-10-17,MK-C-028,ภาคใต้,490,8575
2024-10-17,SY-D-039,กรุงเทพฯ,410,9040
2024-10-17,SY-D-039,ภาคกลาง,330,6342
2024-10-17,SY-D-039,ภาคตะวันออก,285,4756
2024-10-17,SY-D-039,ภาคเหนือ,225,4530
2024-10-17,SY-D-039,ภาคใต้,290,5213
2024-10-17,AG-E-052,กรุงเทพฯ,129,2459
2024-10-17,AG-E-052,ภาคกลาง,116,2226
2024-10-17,AG-E-052,ภาคตะวันออก,73,1573
2024-10-17,AG-E-052,ภาคเหนือ,67,1473
2024-10-17,AG-E-052,ภาคใต้,86,1668
2024-10-18,TK-A-001,กรุงเทพฯ,178,3162
2024-10-18,TK-A-001,ภาคกลาง,148,2892
2024-10-18,TK-A-001,ภาคตะวันออก,103,1816
2024-10-18,TK-A-001,ภาคเหนือ,99,1659
2024-10-18,TK-A-001,ภาคใต้,122,2213
2024-10-18,GL-B-014,กรุงเทพฯ,876,18886
2024-10-18,GL-B-014,ภาคกลาง,720,13459
2024-10-18,GL-B-014,ภาคตะวันออก,586,10218
2024-10-18,GL-B-014,ภาคเหนือ,449,7736
2024-10-18,GL-B-014,ภาคใต้,602,9936
2024-10-18,MK-C-028,กรุงเทพฯ,638,11757
2024-10-18,MK-C-028,ภาคกลาง,558,9228
2024-10-18,MK-C-028,ภาคตะวันออก,405,7646
2024-10-18,MK-C-028,ภาคเหนือ,388,5997
2024-10-18,MK-C-028,ภาคใต้,405,8415
2024-10-18,SY-D-039,กรุงเทพฯ,406,8346
2024-10-18,SY-D-039,ภาคกลาง,380,6091
2024-10-18,SY-D-039,ภาคตะวันออก,268,4839
2024-10-18,SY-D-039,ภาคเหนือ,239,4541
2024-10-18,SY-D-039,ภาคใต้,278,4841
2024-10-18,AG-E-052,กรุงเทพฯ,126,2109
2024-10-18,AG-E-052,ภาคกลาง,103,1816
2024-10-18,AG-E-052,ภาคตะวันออก,77,1554
2024-10-18,AG-E-052,ภาคเหนือ,76,1328
2024-10-18,AG-E-052,ภาคใต้,94,1711
2024-10-19,TK-A-001,กรุงเทพฯ,198,3633
2024-10-19,TK-A-001,ภาคกลาง,141,2273
2024-10-19,TK-A-001,ภาคตะวันออก,113,1668
2024-10-19,TK-A-001,ภาคเหนือ,101,1640
2024-10-19,TK-A-001,ภาคใต้,120,2388
2024-10-19,GL-B-014,กรุงเทพฯ,948,18661
2024-10-19,GL-B-014,ภาคกลาง,696,14317
2024-10-19,GL-B-014,ภาคตะวันออก,532,10425
2024-10-19,GL-B-014,ภาคเหนือ,539,7734
2024-10-19,GL-B-014,ภาคใต้,675,12680
2024-10-19,MK-C-028,กรุงเทพฯ,724,11835
2024-10-19,MK-C-028,ภาคกลาง,544,8468
2024-10-19,MK-C-028,ภาคตะวันออก,416,8186
2024-10-19,MK-C-028,ภาคเหนือ,347,5919
2024-10-19,MK-C-028,ภาคใต้,454,7985
2024-10-19,SY-D-039,กรุงเทพฯ,465,8645
2024-10-19,SY-D-039,ภาคกลาง,342,5731
2024-10-19,SY-D-039,ภาคตะวันออก,254,4445
2024-10-19,SY-D-039,ภาคเหนือ,262,4804
2024-10-19,SY-D-039,ภาคใต้,293,4948
2024-10-19,AG-E-052,กรุงเทพฯ,143,2298
2024-10-19,AG-E-052,ภาคกลาง,102,1709
2024-10-19,AG-E-052,ภาคตะวันออก,85,1309
2024-10-19,AG-E-052,ภาคเหนือ,74,1136
2024-10-19,AG-E-052,ภาคใต้,99,1662
2024-10-20,TK-A-001,กรุงเทพฯ,163,3516
2024-10-20,TK-A-001,ภาคกลาง,138,2877
2024-10-20,TK-A-001,ภาคตะวันออก,108,1878
2024-10-20,TK-A-001,ภาคเหนือ,91,1819
2024-10-20,TK-A-001,ภาคใต้,110,2188
2024-10-20,GL-B-014,กรุงเทพฯ,841,14556
2024-10-20,GL-B-014,ภาคกลาง,811,13985
2024-10-20,GL-B-014,ภาคตะวันออก,533,8879
2024-10-20,GL-B-014,ภาคเหนือ,501,9832
2024-10-20,GL-B-014,ภาคใต้,585,11400
2024-10-20,MK-C-028,กรุงเทพฯ,726,10853
2024-10-20,MK-C-028,ภาคกลาง,518,8599
2024-10-20,MK-C-028,ภาคตะวันออก,385,7256
2024-10-20,MK-C-028,ภาคเหนือ,347,5532
2024-10-20,MK-C-028,ภาคใต้,490,7994
2024-10-20,SY-D-039,กรุงเทพฯ,450,7574
2024-10-20,SY-D-039,ภาคกลาง,379,5781
2024-10-20,SY-D-039,ภาคตะวันออก,250,5141
2024-10-20,SY-D-039,ภาคเหนือ,256,4136
2024-10-20,SY-D-039,ภาคใต้,305,4813
2024-10-20,AG-E-052,กรุงเทพฯ,129,2131
2024-10-20,AG-E-052,ภาคกลาง,99,1813
2024-10-20,AG-E-052,ภาคตะวันออก,75,1245
2024-10-20,AG-E-052,ภาคเหนือ,69,1277
2024-10-20,AG-E-052,ภาคใต้,82,1547
2024-10-21,TK-A-001,กรุงเทพฯ,182,3022
2024-10-21,TK-A-001,ภาคกลาง,149,2584
2024-10-21,TK-A-001,ภาคตะวันออก,118,1888
2024-10-21,TK-A-001,ภาคเหนือ,92,1513
2024-10-21,TK-A-001,ภาคใต้,118,2077
2024-10-21,GL-B-014,กรุงเทพฯ,964,17112
2024-10-21,GL-B-014,ภาคกลาง,738,13573
2024-10-21,GL-B-014,ภาคตะวันออก,592,9543
2024-10-21,GL-B-014,ภาคเหนือ,476,8984
2024-10-21,GL-B-014,ภาคใต้,578,12543
2024-10-21,MK-C-028,กรุงเทพฯ,697,12381
2024-10-21,MK-C-028,ภาคกลาง,575,8423
2024-10-21,MK-C-028,ภาคตะวันออก,385,8137
2024-10-21,MK-C-028,ภาคเหนือ,332,6398
2024-10-21,MK-C-028,ภาคใต้,441,9027
2024-10-21,SY-D-039,กรุงเทพฯ,489,8045
2024-10-21,SY-D-039,ภาคกลาง,349,6661
2024-10-21,SY-D-039,ภาคตะวันออก,250,4459
2024-10-21,SY-D-039,ภาคเหนือ,231,3741
2024-10-21,SY-D-039,ภาคใต้,275,5830
2024-10-21,AG-E-052,กรุงเทพฯ,128,2263
2024-10-21,AG-E-052,ภาคกลาง,112,1866
2024-10-21,AG-E-052,ภาคตะวันออก,86,1667
2024-10-21,AG-E-052,ภาคเหนือ,71,1102
2024-10-21,AG-E-052,ภาคใต้,82,1589
2024-10-22,TK-A-001,กรุงเทพฯ,162,3297
2024-10-22,TK-A-001,ภาคกลาง,130,2919
2024-10-22,TK-A-001,ภาคตะวันออก,113,1927
2024-10-22,TK-A-001,ภาคเหนือ,105,1812
2024-10-22,TK-A-001,ภาคใต้,113,2286
2024-10-22,GL-B-014,กรุงเทพฯ,1005,16039
2024-10-22,GL-B-014,ภาคกลาง,680,12467
2024-10-22,GL-B-014,ภาคตะวันออก,520,10295
2024-10-22,GL-B-014,ภาคเหนือ,489,9987
2024-10-22,GL-B-014,ภาคใต้,606,11598
2024-10-22,MK-C-028,กรุงเทพฯ,664,11141
2024-10-22,MK-C-028,ภาคกลาง,572,10287
2024-10-22,MK-C-028,ภาคตะวันออก,386,8028
2024-10-22,MK-C-028,ภาคเหนือ,360,6260
2024-10-22,MK-C-028,ภาคใต้,466,7146
2024-10-22,SY-D-039,กรุงเทพฯ,483,9251
2024-10-22,SY-D-039,ภาคกลาง,380,6244
2024-10-22,SY-D-039,ภาคตะวันออก,279,5415
2024-10-22,SY-D-039,ภาคเหนือ,226,3925
2024-10-22,SY-D-039,ภาคใต้,285,5096
2024-10-22,AG-E-052,กรุงเทพฯ,124,2439
2024-10-22,AG-E-052,ภาคกลาง,97,1681
2024-10-22,AG-E-052,ภาคตะวันออก,89,1286
2024-10-22,AG-E-052,ภาคเหนือ,77,1397
2024-10-22,AG-E-052,ภาคใต้,94,1681
2024-10-23,TK-A-001,กรุงเทพฯ,188,3153
2024-10-23,TK-A-001,ภาคกลาง,138,2966
2024-10-23,TK-A-001,ภาคตะวันออก,115,1991
2024-10-23,TK-A-001,ภาคเหนือ,87,1503
2024-10-23,TK-A-001,ภาคใต้,121,2346
2024-10-23,GL-B-014,กรุงเทพฯ,844,18984
2024-10-23,GL-B-014,ภาคกลาง,743,11883
2024-10-23,GL-B-014,ภาคตะวันออก,590,8648
2024-10-23,GL-B-014,ภาคเหนือ,464,9781
2024-10-23,GL-B-014,ภาคใต้,621,12560
2024-10-23,MK-C-028,กรุงเทพฯ,616,12160
2024-10-23,MK-C-028,ภาคกลาง,586,10551
2024-10-23,MK-C-028,ภาคตะวันออก,442,6870
2024-10-23,MK-C-028,ภาคเหนือ,383,6865
2024-10-23,MK-C-028,ภาคใต้,463,7102
2024-10-23,SY-D-039,กรุงเทพฯ,492,7165
2024-10-23,SY-D-039,ภาคกลาง,353,6226
2024-10-23,SY-D-039,ภาคตะวันออก,289,4703
2024-10-23,SY-D-039,ภาคเหนือ,254,4740
2024-10-23,SY-D-039,ภาคใต้,329,4933
2024-10-23,AG-E-052,กรุงเทพฯ,147,2351
2024-10-23,AG-E-052,ภาคกลาง,114,1735
2024-10-23,AG-E-052,ภาคตะวันออก,88,1384
2024-10-23,AG-E-052,ภาคเหนือ,68,1402
2024-10-23,AG-E-052,ภาคใต้,92,1771
2024-10-24,TK-A-001,กรุงเทพฯ,166,2905
2024-10-24,TK-A-001,ภาคกลาง,130,2866
2024-10-24,TK-A-001,ภาคตะวันออก,100,1919
2024-10-24,TK-A-001,ภาคเหนือ,87,1834
2024-10-24,TK-A-001,ภาคใต้,117,1886
2024-10-24,GL-B-014,กรุงเทพฯ,995,19207
2024-10-24,GL-B-014,ภาคกลาง,683,13979
2024-10-24,GL-B-014,ภาคตะวันออก,611,9097
2024-10-24,GL-B-014,ภาคเหนือ,482,9294
2024-10-24,GL-B-014,ภาคใต้,562,10383
2024-10-24,MK-C-028,กรุงเทพฯ,690,12194
2024-10-24,MK-C-028,ภาคกลาง,559,10063
2024-10-24,MK-C-028,ภาคตะวันออก,425,7595
2024-10-24,MK-C-028,ภาคเหนือ,363,6460
2024-10-24,MK-C-028,ภาคใต้,422,7873
2024-10-24,SY-D-039,กรุงเทพฯ,456,8442
2024-10-24,SY-D-039,ภาคกลาง,366,5998
2024-10-24,SY-D-039,ภาคตะวันออก,272,5492
2024-10-24,SY-D-039,ภาคเหนือ,245,4394
2024-10-24,SY-D-039,ภาคใต้,296,4605
2024-10-24,AG-E-052,กรุงเทพฯ,124,2509
2024-10-24,AG-E-052,ภาคกลาง,101,1850
2024-10-24,AG-E-052,ภาคตะวันออก,87,1272
2024-10-24,AG-E-052,ภาคเหนือ,73,1196
2024-10-24,AG-E-052,ภาคใต้,85,1728
2024-10-25,TK-A-001,กรุงเทพฯ,183,3445
2024-10-25,TK-A-001,ภาคกลาง,150,2422
2024-10-25,TK-A-001,ภาคตะวันออก,115,1703
2024-10-25,TK-A-001,ภาคเหนือ,95,1842
2024-10-25,TK-A-001,ภาคใต้,127,2452
2024-10-25,GL-B-014,กรุงเทพฯ,958,15912
2024-10-25,GL-B-014,ภาคกลาง,688,14557
2024-10-25,GL-B-014,ภาคตะวันออก,577,9682
2024-10-25,GL-B-014,ภาคเหนือ,524,8315
2024-10-25,GL-B-014,ภาคใต้,631,10116
2024-10-25,MK-C-028,กรุงเทพฯ,678,11030
2024-10-25,MK-C-028,ภาคกลาง,493,11131
2024-10-25,MK-C-028,ภาคตะวันออก,408,7194
2024-10-25,MK-C-028,ภาคเหนือ,392,7141
2024-10-25,MK-C-028,ภาคใต้,469,8404
2024-10-25,SY-D-039,กรุงเทพฯ,492,8066
2024-10-25,SY-D-039,ภาคกลาง,342,7270
2024-10-25,SY-D-039,ภาคตะวันออก,269,5462
2024-10-25,SY-D-039,ภาคเหนือ,235,4478
2024-10-25,SY-D-039,ภาคใต้,274,6193
2024-10-25,AG-E-052,กรุงเทพฯ,136,2440
2024-10-25,AG-E-052,ภาคกลาง,108,1963
2024-10-25,AG-E-052,ภาคตะวันออก,88,1435
2024-10-25,AG-E-052,ภาคเหนือ,68,1311
2024-10-25,AG-E-052,ภาคใต้,94,1544
2024-10-26,TK-A-001,กรุงเทพฯ,189,3271
2024-10-26,TK-A-001,ภาคกลาง,147,2538
2024-10-26,TK-A-001,ภาคตะวันออก,118,1783
2024-10-26,TK-A-001,ภาคเหนือ,89,1533
2024-10-26,TK-A-001,ภาคใต้,130,2454
2024-10-26,GL-B-014,กรุงเทพฯ,949,14844
2024-10-26,GL-B-014,ภาคกลาง,718,13762
2024-10-26,GL-B-014,ภาคตะวันออก,572,10216
2024-10-26,GL-B-014,ภาคเหนือ,498,9940
2024-10-26,GL-B-014,ภาคใต้,620,10326
2024-10-26,MK-C-028,กรุงเทพฯ,655,11718
2024-10-26,MK-C-028,ภาคกลาง,580,9537
2024-10-26,MK-C-028,ภาคตะวันออก,400,7408
2024-10-26,MK-C-028,ภาคเหนือ,327,6482
2024-10-26,MK-C-028,ภาคใต้,432,8245
2024-10-26,SY-D-039,กรุงเทพฯ,412,8297
2024-10-26,SY-D-039,ภาคกลาง,334,7159
2024-10-26,SY-D-039,ภาคตะวันออก,294,4280
2024-10-26,SY-D-039,ภาคเหนือ,226,4550
2024-10-26,SY-D-039,ภาคใต้,299,5518
2024-10-26,AG-E-052,กรุงเทพฯ,128,2072
2024-10-26,AG-E-052,ภาคกลาง,116,1784
2024-10-26,AG-E-052,ภาคตะวันออก,75,1473
2024-10-26,AG-E-052,ภาคเหนือ,65,1227
2024-10-26,AG-E-052,ภาคใต้,96,1730
2024-10-27,TK-A-001,กรุงเทพฯ,169,2952
2024-10-27,TK-A-001,ภาคกลาง,151,2326
2024-10-27,TK-A-001,ภาคตะวันออก,99,1902
2024-10-27,TK-A-001,ภาคเหนือ,90,1743
2024-10-27,TK-A-001,ภาคใต้,112,2190
2024-10-27,GL-B-014,กรุงเทพฯ,839,14717
2024-10-27,GL-B-014,ภาคกลาง,713,12865
2024-10-27,GL-B-014,ภาคตะวันออก,522,9981
2024-10-27,GL-B-014,ภาคเหนือ,541,9699
2024-10-27,GL-B-014,ภาคใต้,652,9551
2024-10-27,MK-C-028,กรุงเทพฯ,641,12112
2024-10-27,MK-C-028,ภาคกลาง,512,8775
2024-10-27,MK-C-028,ภาคตะวันออก,416,6483
2024-10-27,MK-C-028,ภาคเหนือ,344,6738
2024-10-27,MK-C-028,ภาคใต้,458,8855
2024-10-27,SY-D-039,กรุงเทพฯ,474,7092
2024-10-27,SY-D-039,ภาคกลาง,364,7282
2024-10-27,SY-D-039,ภาคตะวันออก,260,5459
2024-10-27,SY-D-039,ภาคเหนือ,258,4512
2024-10-27,SY-D-039,ภาคใต้,283,4864
2024-10-27,AG-E-052,กรุงเทพฯ,134,2707
2024-10-27,AG-E-052,ภาคกลาง,111,2024
2024-10-27,AG-E-052,ภาคตะวันออก,83,1259
2024-10-27,AG-E-052,ภาคเหนือ,75,1427
2024-10-27,AG-E-052,ภาคใต้,98,1510
2024-10-28,TK-A-001,กรุงเทพฯ,171,3002
2024-10-28,TK-A-001,ภาคกลาง,143,2212
2024-10-28,TK-A-001,ภาคตะวันออก,101,1771
2024-10-28,TK-A-001,ภาคเหนือ,98,1850
2024-10-28,TK-A-001,ภาคใต้,131,1860
2024-10-28,GL-B-014,กรุงเทพฯ,869,17187
2024-10-28,GL-B-014,ภาคกลาง,690,14036
2024-10-28,GL-B-014,ภาคตะวันออก,583,8584
2024-10-28,GL-B-014,ภาคเหนือ,523,9082
2024-10-28,GL-B-014,ภาคใต้,565,11874
2024-10-28,MK-C-028,กรุงเทพฯ,609,13101
2024-10-28,MK-C-028,ภาคกลาง,554,9718
2024-10-28,MK-C-028,ภาคตะวันออก,418,7275
2024-10-28,MK-C-028,ภาคเหนือ,331,7254
2024-10-28,MK-C-028,ภาคใต้,487,7904
2024-10-28,SY-D-039,กรุงเทพฯ,431,8213
2024-10-28,SY-D-039,ภาคกลาง,395,6903
2024-10-28,SY-D-039,ภาคตะวันออก,263,5195
2024-10-28,SY-D-039,ภาคเหนือ,222,4215
2024-10-28,SY-D-039,ภาคใต้,327,5627
2024-10-28,AG-E-052,กรุงเทพฯ,133,2592
2024-10-28,AG-E-052,ภาคกลาง,106,1753
2024-10-28,AG-E-052,ภาคตะวันออก,74,1342
2024-10-28,AG-E-052,ภาคเหนือ,77,1238
2024-10-28,AG-E-052,ภาคใต้,90,1545
2024-10-29,TK-A-001,กรุงเทพฯ,190,3425
2024-10-29,TK-A-001,ภาคกลาง,155,2335
2024-10-29,TK-A-001,ภาคตะวันออก,115,1716
2024-10-29,TK-A-001,ภาคเหนือ,98,1886
2024-10-29,TK-A-001,ภาคใต้,119,1949
2024-10-29,GL-B-014,กรุงเทพฯ,918,18235
2024-10-29,GL-B-014,ภาคกลาง,725,14590
2024-10-29,GL-B-014,ภาคตะวันออก,599,8740
2024-10-29,GL-B-014,ภาคเหนือ,496,9437
2024-10-29,GL-B-014,ภาคใต้,578,11920
2024-10-29,MK-C-028,กรุงเทพฯ,657,10875
2024-10-29,MK-C-028,ภาคกลาง,488,9712
2024-10-29,MK-C-028,ภาคตะวันออก,425,6271
2024-10-29,MK-C-028,ภาคเหนือ,334,6817
2024-10-29,MK-C-028,ภาคใต้,492,9220
2024-10-29,SY-D-039,กรุงเทพฯ,441,8944
2024-10-29,SY-D-039,ภาคกลาง,359,5705
2024-10-29,SY-D-039,ภาคตะวันออก,244,5357
2024-10-29,SY-D-039,ภาคเหนือ,251,3821
2024-10-29,SY-D-039,ภาคใต้,284,5472
2024-10-29,AG-E-052,กรุงเทพฯ,128,2116
2024-10-29,AG-E-052,ภาคกลาง,103,2016
2024-10-29,AG-E-052,ภาคตะวันออก,83,1424
2024-10-29,AG-E-052,ภาคเหนือ,72,1215
2024-10-29,AG-E-052,ภาคใต้,93,1566
2024-10-30,TK-A-001,กรุงเทพฯ,168,3347
2024-10-30,TK-A-001,ภาคกลาง,132,2415
2024-10-30,TK-A-001,ภาคตะวันออก,104,2232
2024-10-30,TK-A-001,ภาคเหนือ,92,1777
2024-10-30,TK-A-001,ภาคใต้,115,2428
2024-10-30,GL-B-014,กรุงเทพฯ,902,14693
2024-10-30,GL-B-014,ภาคกลาง,698,15275
2024-10-30,GL-B-014,ภาคตะวันออก,595,11310
2024-10-30,GL-B-014,ภาคเหนือ,500,9720
2024-10-30,GL-B-014,ภาคใต้,636,11579
2024-10-30,MK-C-028,กรุงเทพฯ,655,12174
2024-10-30,MK-C-028,ภาคกลาง,572,10400
2024-10-30,MK-C-028,ภาคตะวันออก,426,7564
2024-10-30,MK-C-028,ภาคเหนือ,353,5541
2024-10-30,MK-C-028,ภาคใต้,494,8614
2024-10-30,SY-D-039,กรุงเทพฯ,485,8775
2024-10-30,SY-D-039,ภาคกลาง,390,5761
2024-10-30,SY-D-039,ภาคตะวันออก,287,5177
2024-10-30,SY-D-039,ภาคเหนือ,263,4543
2024-10-30,SY-D-039,ภาคใต้,274,4965
2024-10-30,AG-E-052,กรุงเทพฯ,144,2775
2024-10-30,AG-E-052,ภาคกลาง,100,1765
2024-10-30,AG-E-052,ภาคตะวันออก,75,1650
2024-10-30,AG-E-052,ภาคเหนือ,76,1325
2024-10-30,AG-E-052,ภาคใต้,89,1685
2024-10-31,TK-A-001,กรุงเทพฯ,170,3194
2024-10-31,TK-A-001,ภาคกลาง,158,2451
2024-10-31,TK-A-001,ภาคตะวันออก,100,1809
2024-10-31,TK-A-001,ภาคเหนือ,101,1786
2024-10-31,TK-A-001,ภาคใต้,112,2083
2024-10-31,GL-B-014,กรุงเทพฯ,887,19091
2024-10-31,GL-B-014,ภาคกลาง,748,12429
2024-10-31,GL-B-014,ภาคตะวันออก,519,11328
2024-10-31,GL-B-014,ภาคเหนือ,527,9998
2024-10-31,GL-B-014,ภาคใต้,660,12243
2024-10-31,MK-C-028,กรุงเทพฯ,703,11328
2024-10-31,MK-C-028,ภาคกลาง,539,11031
2024-10-31,MK-C-028,ภาคตะวันออก,405,8201
2024-10-31,MK-C-028,ภาคเหนือ,331,6129
2024-10-31,MK-C-028,ภาคใต้,448,9177
2024-10-31,SY-D-039,กรุงเทพฯ,459,8185
2024-10-31,SY-D-039,ภาคกลาง,382,5725
2024-10-31,SY-D-039,ภาคตะวันออก,256,4762
2024-10-31,SY-D-039,ภาคเหนือ,223,4623
2024-10-31,SY-D-039,ภาคใต้,291,5345
2024-10-31,AG-E-052,กรุงเทพฯ,132,2445
2024-10-31,AG-E-052,ภาคกลาง,114,1674
2024-10-31,AG-E-052,ภาคตะวันออก,75,1543
2024-10-31,AG-E-052,ภาคเหนือ,71,1185
2024-10-31,AG-E-052,ภาคใต้,97,1831
2024-11-01,TK-A-001,กรุงเทพฯ,191,3304
2024-11-01,TK-A-001,ภาคกลาง,150,2208
2024-11-01,TK-A-001,ภาคตะวันออก,106,1663
2024-11-01,TK-A-001,ภาคเหนือ,99,1529
2024-11-01,TK-A-001,ภาคใต้,124,2481
2024-11-01,GL-B-014,กรุงเทพฯ,922,16045
2024-11-01,GL-B-014,ภาคกลาง,788,12407
2024-11-01,GL-B-014,ภาคตะวันออก,515,11013
2024-11-01,GL-B-014,ภาคเหนือ,489,7942
2024-11-01,GL-B-014,ภาคใต้,608,9942
2024-11-01,MK-C-028,กรุงเทพฯ,629,10887
2024-11-01,MK-C-028,ภาคกลาง,543,10128
2024-11-01,MK-C-028,ภาคตะวันออก,420,6672
2024-11-01,MK-C-028,ภาคเหนือ,370,6262
2024-11-01,MK-C-028,ภาคใต้,420,8812
2024-11-01,SY-D-039,กรุงเทพฯ,425,8449
2024-11-01,SY-D-039,ภาคกลาง,325,7148
2024-11-01,SY-D-039,ภาคตะวันออก,258,5098
2024-11-01,SY-D-039,ภาคเหนือ,219,4228
2024-11-01,SY-D-039,ภาคใต้,320,5970
2024-11-01,AG-E-052,กรุงเทพฯ,123,2199
2024-11-01,AG-E-052,ภาคกลาง,107,2012
2024-11-01,AG-E-052,ภาคตะวันออก,84,1295
2024-11-01,AG-E-052,ภาคเหนือ,71,1297
2024-11-01,AG-E-052,ภาคใต้,98,1633
2024-11-02,TK-A-001,กรุงเทพฯ,172,3181
2024-11-02,TK-A-001,ภาคกลาง,133,2759
2024-11-02,TK-A-001,ภาคตะวันออก,98,1740
2024-11-02,TK-A-001,ภาคเหนือ,100,1542
2024-11-02,TK-A-001,ภาคใต้,110,1905
2024-11-02,GL-B-014,กรุงเทพฯ,986,14396
2024-11-02,GL-B-014,ภาคกลาง,774,13589
2024-11-02,GL-B-014,ภาคตะวันออก,581,9840
2024-11-02,GL-B-014,ภาคเหนือ,491,8753
2024-11-02,GL-B-014,ภาคใต้,603,11209
2024-11-02,MK-C-028,กรุงเทพฯ,642,11724
2024-11-02,MK-C-028,ภาคกลาง,491,9502
2024-11-02,MK-C-028,ภาคตะวันออก,399,8267
2024-11-02,MK-C-028,ภาคเหนือ,384,5639
2024-11-02,MK-C-028,ภาคใต้,460,8786
2024-11-02,SY-D-039,กรุงเทพฯ,438,8230
2024-11-02,SY-D-039,ภาคกลาง,389,6592
2024-11-02,SY-D-039,ภาคตะวันออก,273,4526
2024-11-02,SY-D-039,ภาคเหนือ,235,4531
2024-11-02,SY-D-039,ภาคใต้,287,5828
2024-11-02,AG-E-052,กรุงเทพฯ,146,2114
2024-11-02,AG-E-052,ภาคกลาง,109,2170
2024-11-02,AG-E-052,ภาคตะวันออก,83,1623
2024-11-02,AG-E-052,ภาคเหนือ,68,1465
2024-11-02,AG-E-052,ภาคใต้,98,1601
2024-11-03,TK-A-001,กรุงเทพฯ,183,3418
2024-11-03,TK-A-001,ภาคกลาง,135,2340
2024-11-03,TK-A-001,ภาคตะวันออก,100,1999
2024-11-03,TK-A-001,ภาคเหนือ,100,1493
2024-11-03,TK-A-001,ภาคใต้,124,2201
2024-11-03,GL-B-014,กรุงเทพฯ,1008,19179
2024-11-03,GL-B-014,ภาคกลาง,726,15320
2024-11-03,GL-B-014,ภาคตะวันออก,522,9625
2024-11-03,GL-B-014,ภาคเหนือ,467,7639
2024-11-03,GL-B-014,ภาคใต้,579,12819
2024-11-03,MK-C-028,กรุงเทพฯ,666,11689
2024-11-03,MK-C-028,ภาคกลาง,564,10990
2024-11-03,MK-C-028,ภาคตะวันออก,409,8135
2024-11-03,MK-C-028,ภาคเหนือ,378,6590
2024-11-03,MK-C-028,ภาคใต้,419,8774
2024-11-03,SY-D-039,กรุงเทพฯ,439,8928
2024-11-03,SY-D-039,ภาคกลาง,355,6330
2024-11-03,SY-D-039,ภาคตะวันออก,290,5439
2024-11-03,SY-D-039,ภาคเหนือ,239,4826
2024-11-03,SY-D-039,ภาคใต้,316,4688
2024-11-03,AG-E-052,กรุงเทพฯ,137,2565
2024-11-03,AG-E-052,ภาคกลาง,102,1737
2024-11-03,AG-E-052,ภาคตะวันออก,86,1414
2024-11-03,AG-E-052,ภาคเหนือ,76,1363
2024-11-03,AG-E-052,ภาคใต้,85,1491
2024-11-04,TK-A-001,กรุงเทพฯ,192,2916
2024-11-04,TK-A-001,ภาคกลาง,154,2656
2024-11-04,TK-A-001,ภาคตะวันออก,107,2141
2024-11-04,TK-A-001,ภาคเหนือ,103,1540
2024-11-04,TK-A-001,ภาคใต้,120,1979
2024-11-04,GL-B-014,กรุงเทพฯ,853,15348
2024-11-04,GL-B-014,ภาคกลาง,815,13873
2024-11-04,GL-B-014,ภาคตะวันออก,606,9432
2024-11-04,GL-B-014,ภาคเหนือ,509,8706
2024-11-04,GL-B-014,ภาคใต้,657,12304
2024-11-04,MK-C-028,กรุงเทพฯ,668,12474
2024-11-04,MK-C-028,ภาคกลาง,565,8497
2024-11-04,MK-C-028,ภาคตะวันออก,431,8366
2024-11-04,MK-C-028,ภาคเหนือ,372,5967
2024-11-04,MK-C-028,ภาคใต้,414,7524
2024-11-04,SY-D-039,กรุงเทพฯ,409,7545
2024-11-04,SY-D-039,ภาคกลาง,393,6283
2024-11-04,SY-D-039,ภาคตะวันออก,290,4616
2024-11-04,SY-D-039,ภาคเหนือ,232,4125
2024-11-04,SY-D-039,ภาคใต้,292,5120
2024-11-04,AG-E-052,กรุงเทพฯ,139,2215
2024-11-04,AG-E-052,ภาคกลาง,115,1860
2024-11-04,AG-E-052,ภาคตะวันออก,86,1589
2024-11-04,AG-E-052,ภาคเหนือ,73,1471
2024-11-04,AG-E-052,ภาคใต้,94,1771
2024-11-05,TK-A-001,กรุงเทพฯ,180,3049
2024-11-05,TK-A-001,ภาคกลาง,153,2735
2024-11-05,TK-A-001,ภาคตะวันออก,103,2220
2024-11-05,TK-A-001,ภาคเหนือ,99,1970
2024-11-05,TK-A-001,ภาคใต้,109,2315
2024-11-05,GL-B-014,กรุงเทพฯ,907,18572
2024-11-05,GL-B-014,ภาคกลาง,767,13647
2024-11-05,GL-B-014,ภาคตะวันออก,513,8889
2024-11-05,GL-B-014,ภาคเหนือ,492,9986
2024-11-05,GL-B-014,ภาคใต้,650,11154
2024-11-05,MK-C-028,กรุงเทพฯ,730,12948
2024-11-05,MK-C-028,ภาคกลาง,558,9862
2024-11-05,MK-C-028,ภาคตะวันออก,395,6397
2024-11-05,MK-C-028,ภาคเหนือ,376,6164
2024-11-05,MK-C-028,ภาคใต้,422,7132
2024-11-05,SY-D-039,กรุงเทพฯ,450,7746
2024-11-05,SY-D-039,ภาคกลาง,367,6401
2024-11-05,SY-D-039,ภาคตะวันออก,253,5372
2024-11-05,SY-D-039,ภาคเหนือ,226,3891
2024-11-05,SY-D-039,ภาคใต้,272,4926
2024-11-05,AG-E-052,กรุงเทพฯ,127,2785
2024-11-05,AG-E-052,ภาคกลาง,109,1744
2024-11-05,AG-E-052,ภาคตะวันออก,78,1510
2024-11-05,AG-E-052,ภาคเหนือ,76,1471
2024-11-05,AG-E-052,ภาคใต้,85,1799
2024-11-06,TK-A-001,กรุงเทพฯ,178,3500
2024-11-06,TK-A-001,ภาคกลาง,135,2324
2024-11-06,TK-A-001,ภาคตะวันออก,106,2231
2024-11-06,TK-A-001,ภาคเหนือ,101,1558
2024-11-06,TK-A-001,ภาคใต้,115,1926
2024-11-06,GL-B-014,กรุงเทพฯ,841,17007
2024-11-06,GL-B-014,ภาคกลาง,710,13506
2024-11-06,GL-B-014,ภาคตะวันออก,591,11018
2024-11-06,GL-B-014,ภาคเหนือ,463,7720
2024-11-06,GL-B-014,ภาคใต้,612,9643
2024-11-06,MK-C-028,กรุงเทพฯ,728,12364
2024-11-06,MK-C-028,ภาคกลาง,548,10848
2024-11-06,MK-C-028,ภาคตะวันออก,393,7894
2024-11-06,MK-C-028,ภาคเหนือ,375,5565
2024-11-06,MK-C-028,ภาคใต้,467,8657
2024-11-06,SY-D-039,กรุงเทพฯ,442,7314
2024-11-06,SY-D-039,ภาคกลาง,352,5684
2024-11-06,SY-D-039,ภาคตะวันออก,285,4216
2024-11-06,SY-D-039,ภาคเหนือ,226,4944
2024-11-06,SY-D-039,ภาคใต้,282,4865
2024-11-06,AG-E-052,กรุงเทพฯ,146,2113
2024-11-06,AG-E-052,ภาคกลาง,112,1758
2024-11-06,AG-E-052,ภาคตะวันออก,79,1246
2024-11-06,AG-E-052,ภาคเหนือ,71,1193
2024-11-06,AG-E-052,ภาคใต้,92,1712
2024-11-07,TK-A-001,กรุงเทพฯ,189,3306
2024-11-07,TK-A-001,ภาคกลาง,148,2644
2024-11-07,TK-A-001,ภาคตะวันออก,112,1754
2024-11-07,TK-A-001,ภาคเหนือ,92,1628
2024-11-07,TK-A-001,ภาคใต้,130,2133
2024-11-07,GL-B-014,กรุงเทพฯ,899,16689
2024-11-07,GL-B-014,ภาคกลาง,806,11690
2024-11-07,GL-B-014,ภาคตะวันออก,597,11122
2024-11-07,GL-B-014,ภาคเหนือ,465,8728
2024-11-07,GL-B-014,ภาคใต้,568,11709
2024-11-07,MK-C-028,กรุงเทพฯ,619,12084
2024-11-07,MK-C-028,ภาคกลาง,560,10975
2024-11-07,MK-C-028,ภาคตะวันออก,386,8256
2024-11-07,MK-C-028,ภาคเหนือ,338,6875
2024-11-07,MK-C-028,ภาคใต้,441,8981
2024-11-07,SY-D-039,กรุงเทพฯ,465,8433
2024-11-07,SY-D-039,ภาคกลาง,383,6030
2024-11-07,SY-D-039,ภาคตะวันออก,254,4832
2024-11-07,SY-D-039,ภาคเหนือ,225,4206
2024-11-07,SY-D-039,ภาคใต้,304,5064
2024-11-07,AG-E-052,กรุงเทพฯ,132,2541
2024-11-07,AG-E-052,ภาคกลาง,105,1926
2024-11-07,AG-E-052,ภาคตะวันออก,77,1305
2024-11-07,AG-E-052,ภาคเหนือ,69,1455
2024-11-07,AG-E-052,ภาคใต้,95,1782
2024-11-08,TK-A-001,กรุงเทพฯ,177,3621
2024-11-08,TK-A-001,ภาคกลาง,156,2465
2024-11-08,TK-A-001,ภาคตะวันออก,108,1945
2024-11-08,TK-A-001,ภาคเหนือ,88,1919
2024-11-08,TK-A-001,ภาคใต้,110,2276
2024-11-08,GL-B-014,กรุงเทพฯ,906,15250
2024-11-08,GL-B-014,ภาคกลาง,777,12227
2024-11-08,GL-B-014,ภาคตะวันออก,528,9338
2024-11-08,GL-B-014,ภาคเหนือ,448,8268
2024-11-08,GL-B-014,ภาคใต้,675,12806
2024-11-08,MK-C-028,กรุงเทพฯ,643,11149
2024-11-08,MK-C-028,ภาคกลาง,594,9526
2024-11-08,MK-C-028,ภาคตะวันออก,401,6436
2024-11-08,MK-C-028,ภาคเหนือ,369,6107
2024-11-08,MK-C-028,ภาคใต้,457,8197
2024-11-08,SY-D-039,กรุงเทพฯ,481,7947
2024-11-08,SY-D-039,ภาคกลาง,337,5932
2024-11-08,SY-D-039,ภาคตะวันออก,260,5282
2024-11-08,SY-D-039,ภาคเหนือ,264,4321
2024-11-08,SY-D-039,ภาคใต้,271,4708
2024-11-08,AG-E-052,กรุงเทพฯ,134,2239
2024-11-08,AG-E-052,ภาคกลาง,109,1700
2024-11-08,AG-E-052,ภาคตะวันออก,80,1318
2024-11-08,AG-E-052,ภาคเหนือ,71,1200
2024-11-08,AG-E-052,ภาคใต้,82,1640
2024-11-09,TK-A-001,กรุงเทพฯ,195,2882
2024-11-09,TK-A-001,ภาคกลาง,134,2633
2024-11-09,TK-A-001,ภาคตะวันออก,119,2062
2024-11-09,TK-A-001,ภาคเหนือ,90,1497
2024-11-09,TK-A-001,ภาคใต้,128,2347
2024-11-09,GL-B-014,กรุงเทพฯ,963,16729
2024-11-09,GL-B-014,ภาคกลาง,745,15279
2024-11-09,GL-B-014,ภาคตะวันออก,594,11252
2024-11-09,GL-B-014,ภาคเหนือ,454,9525
2024-11-09,GL-B-014,ภาคใต้,635,11495
2024-11-09,MK-C-028,กรุงเทพฯ,636,13045
2024-11-09,MK-C-028,ภาคกลาง,564,10810
2024-11-09,MK-C-028,ภาคตะวันออก,432,7621
2024-11-09,MK-C-028,ภาคเหนือ,375,7004
2024-11-09,MK-C-028,ภาคใต้,476,8107
2024-11-09,SY-D-039,กรุงเทพฯ,474,8595
2024-11-09,SY-D-039,ภาคกลาง,337,7220
2024-11-09,SY-D-039,ภาคตะวันออก,285,5113
2024-11-09,SY-D-039,ภาคเหนือ,216,4242
2024-11-09,SY-D-039,ภาคใต้,287,4833
2024-11-09,AG-E-052,กรุงเทพฯ,129,2183
2024-11-09,AG-E-052,ภาคกลาง,117,2226
2024-11-09,AG-E-052,ภาคตะวันออก,86,1564
2024-11-09,AG-E-052,ภาคเหนือ,70,1452
2024-11-09,AG-E-052,ภาคใต้,83,1790
2024-11-10,TK-A-001,กรุงเทพฯ,182,3168
2024-11-10,TK-A-001,ภาคกลาง,137,2324
2024-11-10,TK-A-001,ภาคตะวันออก,103,1819
2024-11-10,TK-A-001,ภาคเหนือ,100,1672
2024-11-10,TK-A-001,ภาคใต้,126,2262
2024-11-10,GL-B-014,กรุงเทพฯ,938,18573
2024-11-10,GL-B-014,ภาคกลาง,696,14604
2024-11-10,GL-B-014,ภาคตะวันออก,503,8879
2024-11-10,GL-B-014,ภาคเหนือ,494,10114
2024-11-10,GL-B-014,ภาคใต้,565,11835
2024-11-10,MK-C-028,กรุงเทพฯ,660,11961
2024-11-10,MK-C-028,ภาคกลาง,500,9188
2024-11-10,MK-C-028,ภาคตะวันออก,435,7619
2024-11-10,MK-C-028,ภาคเหนือ,379,6761
2024-11-10,MK-C-028,ภาคใต้,425,9028
2024-11-10,SY-D-039,กรุงเทพฯ,454,8606
2024-11-10,SY-D-039,ภาคกลาง,379,6593
2024-11-10,SY-D-039,ภาคตะวันออก,251,5074
2024-11-10,SY-D-039,ภาคเหนือ,244,4161
2024-11-10,SY-D-039,ภาคใต้,295,4776
2024-11-10,AG-E-052,กรุงเทพฯ,123,2775
2024-11-10,AG-E-052,ภาคกลาง,115,2100
2024-11-10,AG-E-052,ภาคตะวันออก,85,1502
2024-11-10,AG-E-052,ภาคเหนือ,76,1309
2024-11-10,AG-E-052,ภาคใต้,87,1700
2024-11-11,TK-A-001,กรุงเทพฯ,183,3360
2024-11-11,TK-A-001,ภาคกลาง,136,2360
2024-11-11,TK-A-001,ภาคตะวันออก,99,1934
2024-11-11,TK-A-001,ภาคเหนือ,94,1783
2024-11-11,TK-A-001,ภาคใต้,111,1929
2024-11-11,GL-B-014,กรุงเทพฯ,929,15286
2024-11-11,GL-B-014,ภาคกลาง,746,14064
2024-11-11,GL-B-014,ภาคตะวันออก,607,10134
2024-11-11,GL-B-014,ภาคเหนือ,469,9318
2024-11-11,GL-B-014,ภาคใต้,570,10328
2024-11-11,MK-C-028,กรุงเทพฯ,701,13810
2024-11-11,MK-C-028,ภาคกลาง,518,9144
2024-11-11,MK-C-028,ภาคตะวันออก,417,6674
2024-11-11,MK-C-028,ภาคเหนือ,365,6616
2024-11-11,MK-C-028,ภาคใต้,405,8523
2024-11-11,SY-D-039,กรุงเทพฯ,421,7132
2024-11-11,SY-D-039,ภาคกลาง,351,6323
2024-11-11,SY-D-039,ภาคตะวันออก,270,5396
2024-11-11,SY-D-039,ภาคเหนือ,240,3943
2024-11-11,SY-D-039,ภาคใต้,304,5255
2024-11-11,AG-E-052,กรุงเทพฯ,138,2273
2024-11-11,AG-E-052,ภาคกลาง,112,2210
2024-11-11,AG-E-052,ภาคตะวันออก,79,1643
2024-11-11,AG-E-052,ภาคเหนือ,73,1423
2024-11-11,AG-E-052,ภาคใต้,86,1695
2024-11-12,TK-A-001,กรุงเทพฯ,172,2966
2024-11-12,TK-A-001,ภาคกลาง,158,2499
2024-11-12,TK-A-001,ภาคตะวันออก,108,2049
2024-11-12,TK-A-001,ภาคเหนือ,105,1884
2024-11-12,TK-A-001,ภาคใต้,111,2406
2024-11-12,GL-B-014,กรุงเทพฯ,906,18718
2024-11-12,GL-B-014,ภาคกลาง,767,13244
2024-11-12,GL-B-014,ภาคตะวันออก,575,9682
2024-11-12,GL-B-014,ภาคเหนือ,538,7873
2024-11-12,GL-B-014,ภาคใต้,612,10740
2024-11-12,MK-C-028,กรุงเทพฯ,714,10610
2024-11-12,MK-C-028,ภาคกลาง,581,10282
2024-11-12,MK-C-028,ภาคตะวันออก,430,8150
2024-11-12,MK-C-028,ภาคเหนือ,372,6475
2024-11-12,MK-C-028,ภาคใต้,490,9044
2024-11-12,SY-D-039,กรุงเทพฯ,441,7501
2024-11-12,SY-D-039,ภาคกลาง,368,7038
2024-11-12,SY-D-039,ภาคตะวันออก,266,4396
2024-11-12,SY-D-039,ภาคเหนือ,257,4445
2024-11-12,SY-D-039,ภาคใต้,301,5687
2024-11-12,AG-E-052,กรุงเทพฯ,134,2362
2024-11-12,AG-E-052,ภาคกลาง,112,1875
2024-11-12,AG-E-052,ภาคตะวันออก,75,1640
2024-11-12,AG-E-052,ภาคเหนือ,79,1442
2024-11-12,AG-E-052,ภาคใต้,86,1756
2024-11-13,TK-A-001,กรุงเทพฯ,180,2936
2024-11-13,TK-A-001,ภาคกลาง,149,2260
2024-11-13,TK-A-001,ภาคตะวันออก,106,1984
2024-11-13,TK-A-001,ภาคเหนือ,95,1726
2024-11-13,TK-A-001,ภาคใต้,131,1995
2024-11-13,GL-B-014,กรุงเทพฯ,845,14766
2024-11-13,GL-B-014,ภาคกลาง,693,11792
2024-11-13,GL-B-014,ภาคตะวันออก,571,10569
2024-11-13,GL-B-014,ภาคเหนือ,515,8883
2024-11-13,GL-B-014,ภาคใต้,675,12816
2024-11-13,MK-C-028,กรุงเทพฯ,615,12476
2024-11-13,MK-C-028,ภาคกลาง,503,10378
2024-11-13,MK-C-028,ภาคตะวันออก,436,6531
2024-11-13,MK-C-028,ภาคเหนือ,379,6635
2024-11-13,MK-C-028,ภาคใต้,439,7746
2024-11-13,SY-D-039,กรุงเทพฯ,430,9201
2024-11-13,SY-D-039,ภาคกลาง,326,5864
2024-11-13,SY-D-039,ภาคตะวันออก,250,4592
2024-11-13,SY-D-039,ภาคเหนือ,244,4567
2024-11-13,SY-D-039,ภาคใต้,313,6123
2024-11-13,AG-E-052,กรุงเทพฯ,123,2682
2024-11-13,AG-E-052,ภาคกลาง,111,2135
2024-11-13,AG-E-052,ภาคตะวันออก,81,1649
2024-11-13,AG-E-052,ภาคเหนือ,76,1411
2024-11-13,AG-E-052,ภาคใต้,84,1733
2024-11-14,TK-A-001,กรุงเทพฯ,181,3017
2024-11-14,TK-A-001,ภาคกลาง,134,2869
2024-11-14,TK-A-001,ภาคตะวันออก,104,1722
2024-11-14,TK-A-001,ภาคเหนือ,88,1496
2024-11-14,TK-A-001,ภาคใต้,119,2176
2024-11-14,GL-B-014,กรุงเทพฯ,872,15946
2024-11-14,GL-B-014,ภาคกลาง,777,14988
2024-11-14,GL-B-014,ภาคตะวันออก,606,9218
2024-11-14,GL-B-014,ภาคเหนือ,480,8073
2024-11-14,GL-B-014,ภาคใต้,643,10890
2024-11-14,MK-C-028,กรุงเทพฯ,629,10782
2024-11-14,MK-C-028,ภาคกลาง,579,10614
2024-11-14,MK-C-028,ภาคตะวันออก,390,6957
2024-11-14,MK-C-028,ภาคเหนือ,373,6619
2024-11-14,MK-C-028,ภาคใต้,466,7552
2024-11-14,SY-D-039,กรุงเทพฯ,482,8611
2024-11-14,SY-D-039,ภาคกลาง,373,6040
2024-11-14,SY-D-039,ภาคตะวันออก,258,4677
2024-11-14,SY-D-039,ภาคเหนือ,241,4414
2024-11-14,SY-D-039,ภาคใต้,297,5810
2024-11-14,AG-E-052,กรุงเทพฯ,146,2632
2024-11-14,AG-E-052,ภาคกลาง,101,1910
2024-11-14,AG-E-052,ภาคตะวันออก,80,1276
2024-11-14,AG-E-052,ภาคเหนือ,76,1299
2024-11-14,AG-E-052,ภาคใต้,94,1616
2024-11-15,TK-A-001,กรุงเทพฯ,194,3424
2024-11-15,TK-A-001,ภาคกลาง,155,2683
2024-11-15,TK-A-001,ภาคตะวันออก,106,1924
2024-11-15,TK-A-001,ภาคเหนือ,93,1946
2024-11-15,TK-A-001,ภาคใต้,119,2420
2024-11-15,GL-B-014,กรุงเทพฯ,992,16401
2024-11-15,GL-B-014,ภาคกลาง,732,13473
2024-11-15,GL-B-014,ภาคตะวันออก,579,9460
2024-11-15,GL-B-014,ภาคเหนือ,527,9248
2024-11-15,GL-B-014,ภาคใต้,670,12065
2024-11-15,MK-C-028,กรุงเทพฯ,664,13080
2024-11-15,MK-C-028,ภาคกลาง,543,9182
2024-11-15,MK-C-028,ภาคตะวันออก,406,6936
2024-11-15,MK-C-028,ภาคเหนือ,334,5875
2024-11-15,MK-C-028,ภาคใต้,480,8217
2024-11-15,SY-D-039,กรุงเทพฯ,493,8169
2024-11-15,SY-D-039,ภาคกลาง,344,5540
2024-11-15,SY-D-039,ภาคตะวันออก,272,5170
2024-11-15,SY-D-039,ภาคเหนือ,259,4951
2024-11-15,SY-D-039,ภาคใต้,321,5804
2024-11-15,AG-E-052,กรุงเทพฯ,147,2720
2024-11-15,AG-E-052,ภาคกลาง,115,2117
2024-11-15,AG-E-052,ภาคตะวันออก,75,1501
2024-11-15,AG-E-052,ภาคเหนือ,67,1150
2024-11-15,AG-E-052,ภาคใต้,81,1690
2024-11-16,TK-A-001,กรุงเทพฯ,165,2856
2024-11-16,TK-A-001,ภาคกลาง,143,2504
2024-11-16,TK-A-001,ภาคตะวันออก,109,1693
2024-11-16,TK-A-001,ภาคเหนือ,100,1878
2024-11-16,TK-A-001,ภาคใต้,125,1894
2024-11-16,GL-B-014,กรุงเทพฯ,1007,15214
2024-11-16,GL-B-014,ภาคกลาง,680,11475
2024-11-16,GL-B-014,ภาคตะวันออก,590,10019
2024-11-16,GL-B-014,ภาคเหนือ,470,8666
2024-11-16,GL-B-014,ภาคใต้,639,10700
2024-11-16,MK-C-028,กรุงเทพฯ,694,13949
2024-11-16,MK-C-028,ภาคกลาง,550,10035
2024-11-16,MK-C-028,ภาคตะวันออก,380,6412
2024-11-16,MK-C-028,ภาคเหนือ,390,6877
2024-11-16,MK-C-028,ภาคใต้,487,9157
2024-11-16,SY-D-039,กรุงเทพฯ,406,7082
2024-11-16,SY-D-039,ภาคกลาง,338,6806
2024-11-16,SY-D-039,ภาคตะวันออก,258,5307
2024-11-16,SY-D-039,ภาคเหนือ,263,4870
2024-11-16,SY-D-039,ภาคใต้,315,5619
2024-11-16,AG-E-052,กรุงเทพฯ,122,2699
2024-11-16,AG-E-052,ภาคกลาง,109,2019
2024-11-16,AG-E-052,ภาคตะวันออก,77,1309
2024-11-16,AG-E-052,ภาคเหนือ,69,1407
2024-11-16,AG-E-052,ภาคใต้,93,1563
2024-11-17,TK-A-001,กรุงเทพฯ,168,3157
2024-11-17,TK-A-001,ภาคกลาง,139,2797
2024-11-17,TK-A-001,ภาคตะวันออก,104,1746
2024-11-17,TK-A-001,ภาคเหนือ,97,1609
2024-11-17,TK-A-001,ภาคใต้,117,2439
2024-11-17,GL-B-014,กรุงเทพฯ,851,16245
2024-11-17,GL-B-014,ภาคกลาง,799,11942
2024-11-17,GL-B-014,ภาคตะวันออก,605,9311
2024-11-17,GL-B-014,ภาคเหนือ,507,10261
2024-11-17,GL-B-014,ภาคใต้,621,11891
2024-11-17,MK-C-028,กรุงเทพฯ,730,13214
2024-11-17,MK-C-028,ภาคกลาง,579,10627
2024-11-17,MK-C-028,ภาคตะวันออก,431,6957
2024-11-17,MK-C-028,ภาคเหนือ,394,6632
2024-11-17,MK-C-028,ภาคใต้,445,7244
2024-11-17,SY-D-039,กรุงเทพฯ,491,7004
2024-11-17,SY-D-039,ภาคกลาง,325,7048
2024-11-17,SY-D-039,ภาคตะวันออก,260,4309
2024-11-17,SY-D-039,ภาคเหนือ,232,4661
2024-11-17,SY-D-039,ภาคใต้,304,5317
2024-11-17,AG-E-052,กรุงเทพฯ,139,2573
2024-11-17,AG-E-052,ภาคกลาง,98,2024
2024-11-17,AG-E-052,ภาคตะวันออก,81,1504
2024-11-17,AG-E-052,ภาคเหนือ,71,1246
2024-11-17,AG-E-052,ภาคใต้,88,1753
2024-11-18,TK-A-001,กรุงเทพฯ,186,2988
2024-11-18,TK-A-001,ภาคกลาง,156,2400
2024-11-18,TK-A-001,ภาคตะวันออก,100,1888
2024-11-18,TK-A-001,ภาคเหนือ,97,1567
2024-11-18,TK-A-001,ภาคใต้,109,2075
2024-11-18,GL-B-014,กรุงเทพฯ,1016,16260
2024-11-18,GL-B-014,ภาคกลาง,791,13413
2024-11-18,GL-B-014,ภาคตะวันออก,613,11464
2024-11-18,GL-B-014,ภาคเหนือ,516,7825
2024-11-18,GL-B-014,ภาคใต้,600,11820
2024-11-18,MK-C-028,กรุงเทพฯ,716,13872
2024-11-18,MK-C-028,ภาคกลาง,559,10440
2024-11-18,MK-C-028,ภาคตะวันออก,399,6662
2024-11-18,MK-C-028,ภาคเหนือ,378,7155
2024-11-18,MK-C-028,ภาคใต้,442,7405
2024-11-18,SY-D-039,กรุงเทพฯ,472,8772
2024-11-18,SY-D-039,ภาคกลาง,377,5968
2024-11-18,SY-D-039,ภาคตะวันออก,293,4268
2024-11-18,SY-D-039,ภาคเหนือ,250,4111
2024-11-18,SY-D-039,ภาคใต้,281,5095
2024-11-18,AG-E-052,กรุงเทพฯ,134,2122
2024-11-18,AG-E-052,ภาคกลาง,104,2213
2024-11-18,AG-E-052,ภาคตะวันออก,80,1482
2024-11-18,AG-E-052,ภาคเหนือ,79,1202
2024-11-18,AG-E-052,ภาคใต้,88,1684
2024-11-19,TK-A-001,กรุงเทพฯ,176,3070
2024-11-19,TK-A-001,ภาคกลาง,156,2503
2024-11-19,TK-A-001,ภาคตะวันออก,116,1744
2024-11-19,TK-A-001,ภาคเหนือ,90,1545
2024-11-19,TK-A-001,ภาคใต้,115,2359
2024-11-19,GL-B-014,กรุงเทพฯ,852,17698
2024-11-19,GL-B-014,ภาคกลาง,795,13291
2024-11-19,GL-B-014,ภาคตะวันออก,585,9749
2024-11-19,GL-B-014,ภาคเหนือ,482,8831
2024-11-19,GL-B-014,ภาคใต้,620,11190
2024-11-19,MK-C-028,กรุงเทพฯ,708,11073
2024-11-19,MK-C-028,ภาคกลาง,542,10302
2024-11-19,MK-C-028,ภาคตะวันออก,441,7944
2024-11-19,MK-C-028,ภาคเหนือ,364,6878
2024-11-19,MK-C-028,ภาคใต้,494,8795
2024-11-19,SY-D-039,กรุงเทพฯ,417,8526
2024-11-19,SY-D-039,ภาคกลาง,390,5678
2024-11-19,SY-D-039,ภาคตะวันออก,274,4761
2024-11-19,SY-D-039,ภาคเหนือ,237,4101
2024-11-19,SY-D-039,ภาคใต้,296,6072
2024-11-19,AG-E-052,กรุงเทพฯ,142,2071
2024-11-19,AG-E-052,ภาคกลาง,101,1892
2024-11-19,AG-E-052,ภาคตะวันออก,74,1312
2024-11-19,AG-E-052,ภาคเหนือ,72,1252
2024-11-19,AG-E-052,ภาคใต้,84,1665
2024-11-20,TK-A-001,กรุงเทพฯ,177,2767
2024-11-20,TK-A-001,ภาคกลาง,157,2736
2024-11-20,TK-A-001,ภาคตะวันออก,114,2054
2024-11-20,TK-A-001,ภาคเหนือ,89,1718
2024-11-20,TK-A-001,ภาคใต้,117,1944
2024-11-20,GL-B-014,กรุงเทพฯ,878,16822
2024-11-20,GL-B-014,ภาคกลาง,712,11770
2024-11-20,GL-B-014,ภาคตะวันออก,587,10050
2024-11-20,GL-B-014,ภาคเหนือ,492,7754
2024-11-20,GL-B-014,ภาคใต้,570,12830
2024-11-20,MK-C-028,กรุงเทพฯ,695,11944
2024-11-20,MK-C-028,ภาคกลาง,557,9866
2024-11-20,MK-C-028,ภาคตะวันออก,437,7695
2024-11-20,MK-C-028,ภาคเหนือ,385,7406
2024-11-20,MK-C-028,ภาคใต้,456,8817
2024-11-20,SY-D-039,กรุงเทพฯ,457,8795
2024-11-20,SY-D-039,ภาคกลาง,352,5801
2024-11-20,SY-D-039,ภาคตะวันออก,250,5441
2024-11-20,SY-D-039,ภาคเหนือ,221,4898
2024-11-20,SY-D-039,ภาคใต้,271,4827
2024-11-20,AG-E-052,กรุงเทพฯ,140,2687
2024-11-20,AG-E-052,ภาคกลาง,118,1792
2024-11-20,AG-E-052,ภาคตะวันออก,74,1556
2024-11-20,AG-E-052,ภาคเหนือ,67,1166
2024-11-20,AG-E-052,ภาคใต้,85,1584
2024-11-21,TK-A-001,กรุงเทพฯ,172,2968
2024-11-21,TK-A-001,ภาคกลาง,145,2291
2024-11-21,TK-A-001,ภาคตะวันออก,104,1717
2024-11-21,TK-A-001,ภาคเหนือ,87,1744
2024-11-21,TK-A-001,ภาคใต้,130,2393
2024-11-21,GL-B-014,กรุงเทพฯ,892,15145
2024-11-21,GL-B-014,ภาคกลาง,713,13114
2024-11-21,GL-B-014,ภาคตะวันออก,543,9820
2024-11-21,GL-B-014,ภาคเหนือ,475,8441
2024-11-21,GL-B-014,ภาคใต้,625,12265
2024-11-21,MK-C-028,กรุงเทพฯ,709,12192
2024-11-21,MK-C-028,ภาคกลาง,562,9370
2024-11-21,MK-C-028,ภาคตะวันออก,423,7445
2024-11-21,MK-C-028,ภาคเหนือ,359,6173
2024-11-21,MK-C-028,ภาคใต้,466,8712
2024-11-21,SY-D-039,กรุงเทพฯ,461,9029
2024-11-21,SY-D-039,ภาคกลาง,326,6250
2024-11-21,SY-D-039,ภาคตะวันออก,247,5237
2024-11-21,SY-D-039,ภาคเหนือ,220,4901
2024-11-21,SY-D-039,ภาคใต้,321,5667
2024-11-21,AG-E-052,กรุงเทพฯ,147,2500
2024-11-21,AG-E-052,ภาคกลาง,114,1686
2024-11-21,AG-E-052,ภาคตะวันออก,79,1673
2024-11-21,AG-E-052,ภาคเหนือ,69,1313
2024-11-21,AG-E-052,ภาคใต้,82,1739
2024-11-22,TK-A-001,กรุงเทพฯ,178,2901
2024-11-22,TK-A-001,ภาคกลาง,138,2882
2024-11-22,TK-A-001,ภาคตะวันออก,102,1693
2024-11-22,TK-A-001,ภาคเหนือ,87,1966
2024-11-22,TK-A-001,ภาคใต้,113,2280
2024-11-22,GL-B-014,กรุงเทพฯ,906,14300
2024-11-22,GL-B-014,ภาคกลาง,720,15344
2024-11-22,GL-B-014,ภาคตะวันออก,508,9140
2024-11-22,GL-B-014,ภาคเหนือ,494,9371
2024-11-22,GL-B-014,ภาคใต้,566,12485
2024-11-22,MK-C-028,กรุงเทพฯ,627,12185
2024-11-22,MK-C-028,ภาคกลาง,589,10589
2024-11-22,MK-C-028,ภาคตะวันออก,436,8133
2024-11-22,MK-C-028,ภาคเหนือ,341,5521
2024-11-22,MK-C-028,ภาคใต้,424,7898
2024-11-22,SY-D-039,กรุงเทพฯ,462,7635
2024-11-22,SY-D-039,ภาคกลาง,357,5844
2024-11-22,SY-D-039,ภาคตะวันออก,267,4282
2024-11-22,SY-D-039,ภาคเหนือ,243,4895
2024-11-22,SY-D-039,ภาคใต้,312,5687
2024-11-22,AG-E-052,กรุงเทพฯ,144,2389
2024-11-22,AG-E-052,ภาคกลาง,110,2109
2024-11-22,AG-E-052,ภาคตะวันออก,75,1458
2024-11-22,AG-E-052,ภาคเหนือ,75,1381
2024-11-22,AG-E-052,ภาคใต้,86,1656
2024-11-23,TK-A-001,กรุงเทพฯ,174,3110
2024-11-23,TK-A-001,ภาคกลาง,135,2350
2024-11-23,TK-A-001,ภาคตะวันออก,117,2178
2024-11-23,TK-A-001,ภาคเหนือ,91,1510
2024-11-23,TK-A-001,ภาคใต้,126,1900
2024-11-23,GL-B-014,กรุงเทพฯ,845,15013
2024-11-23,GL-B-014,ภาคกลาง,818,13260
2024-11-23,GL-B-014,ภาคตะวันออก,553,10377
2024-11-23,GL-B-014,ภาคเหนือ,449,9344
2024-11-23,GL-B-014,ภาคใต้,621,11928
2024-11-23,MK-C-028,กรุงเทพฯ,680,13344
2024-11-23,MK-C-028,ภาคกลาง,541,9017
2024-11-23,MK-C-028,ภาคตะวันออก,380,8310
2024-11-23,MK-C-028,ภาคเหนือ,376,6260
2024-11-23,MK-C-028,ภาคใต้,485,7630
2024-11-23,SY-D-039,กรุงเทพฯ,426,8530
2024-11-23,SY-D-039,ภาคกลาง,385,6191
2024-11-23,SY-D-039,ภาคตะวันออก,288,4906
2024-11-23,SY-D-039,ภาคเหนือ,221,3898
2024-11-23,SY-D-039,ภาคใต้,285,4604
2024-11-23,AG-E-052,กรุงเทพฯ,126,2769
2024-11-23,AG-E-052,ภาคกลาง,115,1698
2024-11-23,AG-E-052,ภาคตะวันออก,84,1242
2024-11-23,AG-E-052,ภาคเหนือ,73,1348
2024-11-23,AG-E-052,ภาคใต้,93,1648
2024-11-24,TK-A-001,กรุงเทพฯ,176,3585
2024-11-24,TK-A-001,ภาคกลาง,147,2468
2024-11-24,TK-A-001,ภาคตะวันออก,105,2076
2024-11-24,TK-A-001,ภาคเหนือ,92,1755
2024-11-24,TK-A-001,ภาคใต้,130,2365
2024-11-24,GL-B-014,กรุงเทพฯ,891,17578
2024-11-24,GL-B-014,ภาคกลาง,725,13878
2024-11-24,GL-B-014,ภาคตะวันออก,550,9799
2024-11-24,GL-B-014,ภาคเหนือ,486,7769
2024-11-24,GL-B-014,ภาคใต้,659,11865
2024-11-24,MK-C-028,กรุงเทพฯ,618,13956
2024-11-24,MK-C-028,ภาคกลาง,494,9372
2024-11-24,MK-C-028,ภาคตะวันออก,412,7731
2024-11-24,MK-C-028,ภาคเหนือ,384,5582
2024-11-24,MK-C-028,ภาคใต้,431,8991
2024-11-24,SY-D-039,กรุงเทพฯ,481,7908
2024-11-24,SY-D-039,ภาคกลาง,329,6389
2024-11-24,SY-D-039,ภาคตะวันออก,245,5551
2024-11-24,SY-D-039,ภาคเหนือ,222,4184
2024-11-24,SY-D-039,ภาคใต้,298,5571
2024-11-24,AG-E-052,กรุงเทพฯ,134,2181
2024-11-24,AG-E-052,ภาคกลาง,100,2134
2024-11-24,AG-E-052,ภาคตะวันออก,73,1460
2024-11-24,AG-E-052,ภาคเหนือ,76,1380
2024-11-24,AG-E-052,ภาคใต้,94,1392
2024-11-25,TK-A-001,กรุงเทพฯ,181,3174
2024-11-25,TK-A-001,ภาคกลาง,149,2448
2024-11-25,TK-A-001,ภาคตะวันออก,108,1769
2024-11-25,TK-A-001,ภาคเหนือ,93,1857
2024-11-25,TK-A-001,ภาคใต้,116,1841
2024-11-25,GL-B-014,กรุงเทพฯ,878,16156
2024-11-25,GL-B-014,ภาคกลาง,676,13106
2024-11-25,GL-B-014,ภาคตะวันออก,600,9622
2024-11-25,GL-B-014,ภาคเหนือ,461,8431
2024-11-25,GL-B-014,ภาคใต้,607,12051
2024-11-25,MK-C-028,กรุงเทพฯ,701,11308
2024-11-25,MK-C-028,ภาคกลาง,508,11140
2024-11-25,MK-C-028,ภาคตะวันออก,393,6505
2024-11-25,MK-C-028,ภาคเหนือ,374,7221
2024-11-25,MK-C-028,ภาคใต้,461,9240
2024-11-25,SY-D-039,กรุงเทพฯ,424,7757
2024-11-25,SY-D-039,ภาคกลาง,386,5682
2024-11-25,SY-D-039,ภาคตะวันออก,280,4415
2024-11-25,SY-D-039,ภาคเหนือ,255,4134
2024-11-25,SY-D-039,ภาคใต้,283,4828
2024-11-25,AG-E-052,กรุงเทพฯ,138,2563
2024-11-25,AG-E-052,ภาคกลาง,105,2069
2024-11-25,AG-E-052,ภาคตะวันออก,82,1391
2024-11-25,AG-E-052,ภาคเหนือ,75,1146
2024-11-25,AG-E-052,ภาคใต้,88,1755
2024-11-26,TK-A-001,กรุงเทพฯ,180,3040
2024-11-26,TK-A-001,ภาคกลาง,138,2797
2024-11-26,TK-A-001,ภาคตะวันออก,117,1698
2024-11-26,TK-A-001,ภาคเหนือ,95,1622
2024-11-26,TK-A-001,ภาคใต้,115,2325
2024-11-26,GL-B-014,กรุงเทพฯ,902,16643
2024-11-26,GL-B-014,ภาคกลาง,773,14164
2024-11-26,GL-B-014,ภาคตะวันออก,568,9327
2024-11-26,GL-B-014,ภาคเหนือ,506,9776
2024-11-26,GL-B-014,ภาคใต้,665,12363
2024-11-26,MK-C-028,กรุงเทพฯ,637,10408
2024-11-26,MK-C-028,ภาคกลาง,570,8736
2024-11-26,MK-C-028,ภาคตะวันออก,435,8035
2024-11-26,MK-C-028,ภาคเหนือ,366,6511
2024-11-26,MK-C-028,ภาคใต้,488,9208
2024-11-26,SY-D-039,กรุงเทพฯ,431,8355
2024-11-26,SY-D-039,ภาคกลาง,362,6261
2024-11-26,SY-D-039,ภาคตะวันออก,245,4700
2024-11-26,SY-D-039,ภาคเหนือ,237,4209
2024-11-26,SY-D-039,ภาคใต้,306,5078
2024-11-26,AG-E-052,กรุงเทพฯ,144,2492
2024-11-26,AG-E-052,ภาคกลาง,106,1730
2024-11-26,AG-E-052,ภาคตะวันออก,83,1403
2024-11-26,AG-E-052,ภาคเหนือ,74,1240
2024-11-26,AG-E-052,ภาคใต้,93,1530
2024-11-27,TK-A-001,กรุงเทพฯ,191,3529
2024-11-27,TK-A-001,ภาคกลาง,143,2753
2024-11-27,TK-A-001,ภาคตะวันออก,110,2162
2024-11-27,TK-A-001,ภาคเหนือ,92,1571
2024-11-27,TK-A-001,ภาคใต้,113,2392
2024-11-27,GL-B-014,กรุงเทพฯ,922,18409
2024-11-27,GL-B-014,ภาคกลาง,764,14872
2024-11-27,GL-B-014,ภาคตะวันออก,539,9761
2024-11-27,GL-B-014,ภาคเหนือ,451,8996
2024-11-27,GL-B-014,ภาคใต้,637,10077
2024-11-27,MK-C-028,กรุงเทพฯ,695,12148
2024-11-27,MK-C-028,ภาคกลาง,567,9092
2024-11-27,MK-C-028,ภาคตะวันออก,372,7035
2024-11-27,MK-C-028,ภาคเหนือ,384,6384
2024-11-27,MK-C-028,ภาคใต้,492,8361
2024-11-27,SY-D-039,กรุงเทพฯ,481,8773
2024-11-27,SY-D-039,ภาคกลาง,339,6163
2024-11-27,SY-D-039,ภาคตะวันออก,244,5205
2024-11-27,SY-D-039,ภาคเหนือ,238,4410
2024-11-27,SY-D-039,ภาคใต้,289,5680
2024-11-27,AG-E-052,กรุงเทพฯ,134,2701
2024-11-27,AG-E-052,ภาคกลาง,113,1880
2024-11-27,AG-E-052,ภาคตะวันออก,77,1443
2024-11-27,AG-E-052,ภาคเหนือ,73,1360
2024-11-27,AG-E-052,ภาคใต้,96,1681
2024-11-28,TK-A-001,กรุงเทพฯ,174,3485
2024-11-28,TK-A-001,ภาคกลาง,131,2637
2024-11-28,TK-A-001,ภาคตะวันออก,111,1779
2024-11-28,TK-A-001,ภาคเหนือ,97,1610
2024-11-28,TK-A-001,ภาคใต้,128,2271
2024-11-28,GL-B-014,กรุงเทพฯ,991,14622
2024-11-28,GL-B-014,ภาคกลาง,804,12361
2024-11-28,GL-B-014,ภาคตะวันออก,508,10717
2024-11-28,GL-B-014,ภาคเหนือ,452,9862
2024-11-28,GL-B-014,ภาคใต้,605,10606
2024-11-28,MK-C-028,กรุงเทพฯ,609,12548
2024-11-28,MK-C-028,ภาคกลาง,503,10108
2024-11-28,MK-C-028,ภาคตะวันออก,415,8343
2024-11-28,MK-C-028,ภาคเหนือ,336,5754
2024-11-28,MK-C-028,ภาคใต้,455,7933
2024-11-28,SY-D-039,กรุงเทพฯ,431,7426
2024-11-28,SY-D-039,ภาคกลาง,356,6927
2024-11-28,SY-D-039,ภาคตะวันออก,291,4824
2024-11-28,SY-D-039,ภาคเหนือ,236,3930
2024-11-28,SY-D-039,ภาคใต้,325,5261
2024-11-28,AG-E-052,กรุงเทพฯ,135,2423
2024-11-28,AG-E-052,ภาคกลาง,109,2037
2024-11-28,AG-E-052,ภาคตะวันออก,79,1549
2024-11-28,AG-E-052,ภาคเหนือ,75,1210
2024-11-28,AG-E-052,ภาคใต้,93,1855
2024-11-29,TK-A-001,กรุงเทพฯ,164,3316
2024-11-29,TK-A-001,ภาคกลาง,147,2826
2024-11-29,TK-A-001,ภาคตะวันออก,100,2118
2024-11-29,TK-A-001,ภาคเหนือ,99,1811
2024-11-29,TK-A-001,ภาคใต้,120,2098
2024-11-29,GL-B-014,กรุงเทพฯ,933,18875
2024-11-29,GL-B-014,ภาคกลาง,782,15121
2024-11-29,GL-B-014,ภาคตะวันออก,596,11257
2024-11-29,GL-B-014,ภาคเหนือ,538,9126
2024-11-29,GL-B-014,ภาคใต้,585,11176
2024-11-29,MK-C-028,กรุงเทพฯ,622,10339
2024-11-29,MK-C-028,ภาคกลาง,522,8442
2024-11-29,MK-C-028,ภาคตะวันออก,408,6356
2024-11-29,MK-C-028,ภาคเหนือ,362,5738
2024-11-29,MK-C-028,ภาคใต้,484,7870
2024-11-29,SY-D-039,กรุงเทพฯ,409,7584
2024-11-29,SY-D-039,ภาคกลาง,378,5584
2024-11-29,SY-D-039,ภาคตะวันออก,280,4852
2024-11-29,SY-D-039,ภาคเหนือ,262,4447
2024-11-29,SY-D-039,ภาคใต้,316,4887
2024-11-29,AG-E-052,กรุงเทพฯ,136,2563
2024-11-29,AG-E-052,ภาคกลาง,105,1839
2024-11-29,AG-E-052,ภาคตะวันออก,88,1431
2024-11-29,AG-E-052,ภาคเหนือ,71,1205
2024-11-29,AG-E-052,ภาคใต้,90,1624
2024-11-30,TK-A-001,กรุงเทพฯ,179,3586
2024-11-30,TK-A-001,ภาคกลาง,158,2834
2024-11-30,TK-A-001,ภาคตะวันออก,104,1796
2024-11-30,TK-A-001,ภาคเหนือ,95,1916
2024-11-30,TK-A-001,ภาคใต้,118,2078
2024-11-30,GL-B-014,กรุงเทพฯ,973,17146
2024-11-30,GL-B-014,ภาคกลาง,717,11808
2024-11-30,GL-B-014,ภาคตะวันออก,555,10904
2024-11-30,GL-B-014,ภาคเหนือ,450,8639
2024-11-30,GL-B-014,ภาคใต้,589,12318
2024-11-30,MK-C-028,กรุงเทพฯ,667,10371
2024-11-30,MK-C-028,ภาคกลาง,566,8765
2024-11-30,MK-C-028,ภาคตะวันออก,426,7820
2024-11-30,MK-C-028,ภาคเหนือ,383,6508
2024-11-30,MK-C-028,ภาคใต้,419,6934
2024-11-30,SY-D-039,กรุงเทพฯ,470,7514
2024-11-30,SY-D-039,ภาคกลาง,389,6347
2024-11-30,SY-D-039,ภาคตะวันออก,258,4407
2024-11-30,SY-D-039,ภาคเหนือ,259,4454
2024-11-30,SY-D-039,ภาคใต้,271,5249
2024-11-30,AG-E-052,กรุงเทพฯ,146,2304
2024-11-30,AG-E-052,ภาคกลาง,114,1864
2024-11-30,AG-E-052,ภาคตะวันออก,84,1672
2024-11-30,AG-E-052,ภาคเหนือ,76,1184
2024-11-30,AG-E-052,ภาคใต้,94,1691
2024-12-01,TK-A-001,กรุงเทพฯ,177,3658
2024-12-01,TK-A-001,ภาคกลาง,149,2444
2024-12-01,TK-A-001,ภาคตะวันออก,111,2186
2024-12-01,TK-A-001,ภาคเหนือ,90,1610
2024-12-01,TK-A-001,ภาคใต้,132,1840
2024-12-01,GL-B-014,กรุงเทพฯ,1011,17070
2024-12-01,GL-B-014,ภาคกลาง,695,11926
2024-12-01,GL-B-014,ภาคตะวันออก,549,11133
2024-12-01,GL-B-014,ภาคเหนือ,509,7764
2024-12-01,GL-B-014,ภาคใต้,573,10829
2024-12-01,MK-C-028,กรุงเทพฯ,625,13638
2024-12-01,MK-C-028,ภาคกลาง,545,10550
2024-12-01,MK-C-028,ภาคตะวันออก,445,7045
2024-12-01,MK-C-028,ภาคเหนือ,348,6852
2024-12-01,MK-C-028,ภาคใต้,488,6985
2024-12-01,SY-D-039,กรุงเทพฯ,415,8990
2024-12-01,SY-D-039,ภาคกลาง,383,7098
2024-12-01,SY-D-039,ภาคตะวันออก,296,5506
2024-12-01,SY-D-039,ภาคเหนือ,260,4679
2024-12-01,SY-D-039,ภาคใต้,320,6116
2024-12-01,AG-E-052,กรุงเทพฯ,128,2675
2024-12-01,AG-E-052,ภาคกลาง,113,1949
2024-12-01,AG-E-052,ภาคตะวันออก,76,1578
2024-12-01,AG-E-052,ภาคเหนือ,69,1191
2024-12-01,AG-E-052,ภาคใต้,91,1836
2024-12-02,TK-A-001,กรุงเทพฯ,180,3344
2024-12-02,TK-A-001,ภาคกลาง,153,2513
2024-12-02,TK-A-001,ภาคตะวันออก,112,1948
2024-12-02,TK-A-001,ภาคเหนือ,98,1660
2024-12-02,TK-A-001,ภาคใต้,120,1946
2024-12-02,GL-B-014,กรุงเทพฯ,980,15862
2024-12-02,GL-B-014,ภาคกลาง,786,11826
2024-12-02,GL-B-014,ภาคตะวันออก,574,8703
2024-12-02,GL-B-014,ภาคเหนือ,486,8882
2024-12-02,GL-B-014,ภาคใต้,617,11008
2024-12-02,MK-C-028,กรุงเทพฯ,702,13018
2024-12-02,MK-C-028,ภาคกลาง,581,8285
2024-12-02,MK-C-028,ภาคตะวันออก,407,7630
2024-12-02,MK-C-028,ภาคเหนือ,375,5784
2024-12-02,MK-C-028,ภาคใต้,491,7059
2024-12-02,SY-D-039,กรุงเทพฯ,452,9107
2024-12-02,SY-D-039,ภาคกลาง,328,7242
2024-12-02,SY-D-039,ภาคตะวันออก,254,5208
2024-12-02,SY-D-039,ภาคเหนือ,238,3938
2024-12-02,SY-D-039,ภาคใต้,293,4745
2024-12-02,AG-E-052,กรุงเทพฯ,132,2490
2024-12-02,AG-E-052,ภาคกลาง,115,1911
2024-12-02,AG-E-052,ภาคตะวันออก,83,1629
2024-12-02,AG-E-052,ภาคเหนือ,65,1399
2024-12-02,AG-E-052,ภาคใต้,89,1475
2024-12-03,TK-A-001,กรุงเทพฯ,172,3213
2024-12-03,TK-A-001,ภาคกลาง,145,2669
2024-12-03,TK-A-001,ภาคตะวันออก,108,2004
2024-12-03,TK-A-001,ภาคเหนือ,92,1479
2024-12-03,TK-A-001,ภาคใต้,116,2180
2024-12-03,GL-B-014,กรุงเทพฯ,874,16130
2024-12-03,GL-B-014,ภาคกลาง,786,13935
2024-12-03,GL-B-014,ภาคตะวันออก,541,10440
2024-12-03,GL-B-014,ภาคเหนือ,510,9236
2024-12-03,GL-B-014,ภาคใต้,647,11314
2024-12-03,MK-C-028,กรุงเทพฯ,657,11932
2024-12-03,MK-C-028,ภาคกลาง,511,9120
2024-12-03,MK-C-028,ภาคตะวันออก,386,6423
2024-12-03,MK-C-028,ภาคเหนือ,378,5855
2024-12-03,MK-C-028,ภาคใต้,488,8465
2024-12-03,SY-D-039,กรุงเทพฯ,425,7066
2024-12-03,SY-D-039,ภาคกลาง,356,5860
2024-12-03,SY-D-039,ภาคตะวันออก,290,4741
2024-12-03,SY-D-039,ภาคเหนือ,225,4680
2024-12-03,SY-D-039,ภาคใต้,271,5908
2024-12-03,AG-E-052,กรุงเทพฯ,128,2477
2024-12-03,AG-E-052,ภาคกลาง,98,1998
2024-12-03,AG-E-052,ภาคตะวันออก,82,1392
2024-12-03,AG-E-052,ภาคเหนือ,71,1453
2024-12-03,AG-E-052,ภาคใต้,91,1642
2024-12-04,TK-A-001,กรุงเทพฯ,167,2898
2024-12-04,TK-A-001,ภาคกลาง,131,2475
2024-12-04,TK-A-001,ภาคตะวันออก,104,2160
2024-12-04,TK-A-001,ภาคเหนือ,103,1646
2024-12-04,TK-A-001,ภาคใต้,122,2088
2024-12-04,GL-B-014,กรุงเทพฯ,888,19202
2024-12-04,GL-B-014,ภาคกลาง,712,14526
2024-12-04,GL-B-014,ภาคตะวันออก,530,10834
2024-12-04,GL-B-014,ภาคเหนือ,543,7695
2024-12-04,GL-B-014,ภาคใต้,601,12069
2024-12-04,MK-C-028,กรุงเทพฯ,709,11992
2024-12-04,MK-C-028,ภาคกลาง,524,8820
2024-12-04,MK-C-028,ภาคตะวันออก,427,7533
2024-12-04,MK-C-028,ภาคเหนือ,388,7205
2024-12-04,MK-C-028,ภาคใต้,491,8067
2024-12-04,SY-D-039,กรุงเทพฯ,457,9008
2024-12-04,SY-D-039,ภาคกลาง,334,6640
2024-12-04,SY-D-039,ภาคตะวันออก,261,5370
2024-12-04,SY-D-039,ภาคเหนือ,260,3775
2024-12-04,SY-D-039,ภาคใต้,274,5433
2024-12-04,AG-E-052,กรุงเทพฯ,143,2354
2024-12-04,AG-E-052,ภาคกลาง,115,2027
2024-12-04,AG-E-052,ภาคตะวันออก,85,1549
2024-12-04,AG-E-052,ภาคเหนือ,66,1189
2024-12-04,AG-E-052,ภาคใต้,97,1504
2024-12-05,TK-A-001,กรุงเทพฯ,190,3627
2024-12-05,TK-A-001,ภาคกลาง,144,2646
2024-12-05,TK-A-001,ภาคตะวันออก,100,2055
2024-12-05,TK-A-001,ภาคเหนือ,104,1874
2024-12-05,TK-A-001,ภาคใต้,128,2229
2024-12-05,GL-B-014,กรุงเทพฯ,1012,18584
2024-12-05,GL-B-014,ภาคกลาง,728,14485
2024-12-05,GL-B-014,ภาคตะวันออก,602,9667
2024-12-05,GL-B-014,ภาคเหนือ,492,7711
2024-12-05,GL-B-014,ภาคใต้,599,12480
2024-12-05,MK-C-028,กรุงเทพฯ,738,11540
2024-12-05,MK-C-028,ภาคกลาง,521,9793
2024-12-05,MK-C-028,ภาคตะวันออก,389,6293
2024-12-05,MK-C-028,ภาคเหนือ,334,7324
2024-12-05,MK-C-028,ภาคใต้,456,7864
2024-12-05,SY-D-039,กรุงเทพฯ,443,8920
2024-12-05,SY-D-039,ภาคกลาง,376,6580
2024-12-05,SY-D-039,ภาคตะวันออก,262,5552
2024-12-05,SY-D-039,ภาคเหนือ,253,4534
2024-12-05,SY-D-039,ภาคใต้,289,6061
2024-12-05,AG-E-052,กรุงเทพฯ,126,2447
2024-12-05,AG-E-052,ภาคกลาง,98,1788
2024-12-05,AG-E-052,ภาคตะวันออก,87,1345
2024-12-05,AG-E-052,ภาคเหนือ,70,1103
2024-12-05,AG-E-052,ภาคใต้,82,1435
2024-12-06,TK-A-001,กรุงเทพฯ,192,3231
2024-12-06,TK-A-001,ภาคกลาง,137,2824
2024-12-06,TK-A-001,ภาคตะวันออก,105,1976
2024-12-06,TK-A-001,ภาคเหนือ,91,1577
2024-12-06,TK-A-001,ภาคใต้,124,2000
2024-12-06,GL-B-014,กรุงเทพฯ,895,19069
2024-12-06,GL-B-014,ภาคกลาง,694,13274
2024-12-06,GL-B-014,ภาคตะวันออก,586,9148
2024-12-06,GL-B-014,ภาคเหนือ,480,9463
2024-12-06,GL-B-014,ภาคใต้,563,9662
2024-12-06,MK-C-028,กรุงเทพฯ,614,11221
2024-12-06,MK-C-028,ภาคกลาง,565,8779
2024-12-06,MK-C-028,ภาคตะวันออก,395,7226
2024-12-06,MK-C-028,ภาคเหนือ,329,5723
2024-12-06,MK-C-028,ภาคใต้,422,9069
2024-12-06,SY-D-039,กรุงเทพฯ,426,7684
2024-12-06,SY-D-039,ภาคกลาง,380,5987
2024-12-06,SY-D-039,ภาคตะวันออก,260,4520
2024-12-06,SY-D-039,ภาคเหนือ,232,4605
2024-12-06,SY-D-039,ภาคใต้,273,5771
2024-12-06,AG-E-052,กรุงเทพฯ,147,2178
2024-12-06,AG-E-052,ภาคกลาง,101,1885
2024-12-06,AG-E-052,ภาคตะวันออก,80,1598
2024-12-06,AG-E-052,ภาคเหนือ,77,1257
2024-12-06,AG-E-052,ภาคใต้,91,1851
2024-12-07,TK-A-001,กรุงเทพฯ,175,2865
2024-12-07,TK-A-001,ภาคกลาง,143,2593
2024-12-07,TK-A-001,ภาคตะวันออก,100,2061
2024-12-07,TK-A-001,ภาคเหนือ,98,1560
2024-12-07,TK-A-001,ภาคใต้,110,1860
2024-12-07,GL-B-014,กรุงเทพฯ,1007,16471
2024-12-07,GL-B-014,ภาคกลาง,725,11445
2024-12-07,GL-B-014,ภาคตะวันออก,557,10779
2024-12-07,GL-B-014,ภาคเหนือ,458,8695
2024-12-07,GL-B-014,ภาคใต้,561,11838
2024-12-07,MK-C-028,กรุงเทพฯ,624,13154
2024-12-07,MK-C-028,ภาคกลาง,498,10691
2024-12-07,MK-C-028,ภาคตะวันออก,376,6262
2024-12-07,MK-C-028,ภาคเหนือ,353,6468
2024-12-07,MK-C-028,ภาคใต้,445,8765
2024-12-07,SY-D-039,กรุงเทพฯ,410,7454
2024-12-07,SY-D-039,ภาคกลาง,381,6364
2024-12-07,SY-D-039,ภาคตะวันออก,251,5354
2024-12-07,SY-D-039,ภาคเหนือ,260,4710
2024-12-07,SY-D-039,ภาคใต้,322,5638
2024-12-07,AG-E-052,กรุงเทพฯ,128,2433
2024-12-07,AG-E-052,ภาคกลาง,114,2226
2024-12-07,AG-E-052,ภาคตะวันออก,78,1499
2024-12-07,AG-E-052,ภาคเหนือ,69,1400
2024-12-07,AG-E-052,ภาคใต้,87,1495
2024-12-08,TK-A-001,กรุงเทพฯ,177,3378
2024-12-08,TK-A-001,ภาคกลาง,150,2278
2024-12-08,TK-A-001,ภาคตะวันออก,116,1762
2024-12-08,TK-A-001,ภาคเหนือ,92,1472
2024-12-08,TK-A-001,ภาคใต้,129,1874
2024-12-08,GL-B-014,กรุงเทพฯ,885,14365
2024-12-08,GL-B-014,ภาคกลาง,671,11837
2024-12-08,GL-B-014,ภาคตะวันออก,508,11397
2024-12-08,GL-B-014,ภาคเหนือ,447,9925
2024-12-08,GL-B-014,ภาคใต้,623,12057
2024-12-08,MK-C-028,กรุงเทพฯ,723,13539
2024-12-08,MK-C-028,ภาคกลาง,588,10668
2024-12-08,MK-C-028,ภาคตะวันออก,426,7945
2024-12-08,MK-C-028,ภาคเหนือ,342,6600
2024-12-08,MK-C-028,ภาคใต้,462,7626
2024-12-08,SY-D-039,กรุงเทพฯ,424,7096
2024-12-08,SY-D-039,ภาคกลาง,378,5761
2024-12-08,SY-D-039,ภาคตะวันออก,291,4159
2024-12-08,SY-D-039,ภาคเหนือ,234,4735
2024-12-08,SY-D-039,ภาคใต้,326,5081
2024-12-08,AG-E-052,กรุงเทพฯ,136,2088
2024-12-08,AG-E-052,ภาคกลาง,107,2203
2024-12-08,AG-E-052,ภาคตะวันออก,81,1437
2024-12-08,AG-E-052,ภาคเหนือ,72,1447
2024-12-08,AG-E-052,ภาคใต้,84,1702
2024-12-09,TK-A-001,กรุงเทพฯ,171,3208
2024-12-09,TK-A-001,ภาคกลาง,152,2655
2024-12-09,TK-A-001,ภาคตะวันออก,114,1736
2024-12-09,TK-A-001,ภาคเหนือ,99,1541
2024-12-09,TK-A-001,ภาคใต้,128,2153
2024-12-09,GL-B-014,กรุงเทพฯ,992,16979
2024-12-09,GL-B-014,ภาคกลาง,774,13823
2024-12-09,GL-B-014,ภาคตะวันออก,567,9173
2024-12-09,GL-B-014,ภาคเหนือ,516,8790
2024-12-09,GL-B-014,ภาคใต้,599,9601
2024-12-09,MK-C-028,กรุงเทพฯ,662,12978
2024-12-09,MK-C-028,ภาคกลาง,571,10834
2024-12-09,MK-C-028,ภาคตะวันออก,415,7045
2024-12-09,MK-C-028,ภาคเหนือ,376,6073
2024-12-09,MK-C-028,ภาคใต้,417,8906
2024-12-09,SY-D-039,กรุงเทพฯ,412,8713
2024-12-09,SY-D-039,ภาคกลาง,350,6171
2024-12-09,SY-D-039,ภาคตะวันออก,260,4356
2024-12-09,SY-D-039,ภาคเหนือ,240,4224
2024-12-09,SY-D-039,ภาคใต้,270,4915
2024-12-09,AG-E-052,กรุงเทพฯ,122,2086
2024-12-09,AG-E-052,ภาคกลาง,104,2171
2024-12-09,AG-E-052,ภาคตะวันออก,79,1586
2024-12-09,AG-E-052,ภาคเหนือ,75,1250
2024-12-09,AG-E-052,ภาคใต้,82,1799
2024-12-10,TK-A-001,กรุงเทพฯ,197,3568
2024-12-10,TK-A-001,ภาคกลาง,137,2912
2024-12-10,TK-A-001,ภาคตะวันออก,114,1672
2024-12-10,TK-A-001,ภาคเหนือ,99,1623
2024-12-10,TK-A-001,ภาคใต้,127,2405
2024-12-10,GL-B-014,กรุงเทพฯ,944,17657
2024-12-10,GL-B-014,ภาคกลาง,726,11761
2024-12-10,GL-B-014,ภาคตะวันออก,603,9782
2024-12-10,GL-B-014,ภาคเหนือ,516,9487
2024-12-10,GL-B-014,ภาคใต้,670,11064
2024-12-10,MK-C-028,กรุงเทพฯ,620,10808
2024-12-10,MK-C-028,ภาคกลาง,511,10907
2024-12-10,MK-C-028,ภาคตะวันออก,403,8226
2024-12-10,MK-C-028,ภาคเหนือ,350,7376
2024-12-10,MK-C-028,ภาคใต้,417,8331
2024-12-10,SY-D-039,กรุงเทพฯ,473,7703
2024-12-10,SY-D-039,ภาคกลาง,325,7334
2024-12-10,SY-D-039,ภาคตะวันออก,253,4595
2024-12-10,SY-D-039,ภาคเหนือ,238,4792
2024-12-10,SY-D-039,ภาคใต้,327,5712
2024-12-10,AG-E-052,กรุงเทพฯ,145,2548
2024-12-10,AG-E-052,ภาคกลาง,99,2045
2024-12-10,AG-E-052,ภาคตะวันออก,73,1293
2024-12-10,AG-E-052,ภาคเหนือ,78,1212
2024-12-10,AG-E-052,ภาคใต้,93,1404
2024-12-11,TK-A-001,กรุงเทพฯ,163,3634
2024-12-11,TK-A-001,ภาคกลาง,130,2232
2024-12-11,TK-A-001,ภาคตะวันออก,102,2197
2024-12-11,TK-A-001,ภาคเหนือ,101,1709
2024-12-11,TK-A-001,ภาคใต้,122,2326
2024-12-11,GL-B-014,กรุงเทพฯ,882,15501
2024-12-11,GL-B-014,ภาคกลาง,742,13376
2024-12-11,GL-B-014,ภาคตะวันออก,583,10812
2024-12-11,GL-B-014,ภาคเหนือ,544,8223
2024-12-11,GL-B-014,ภาคใต้,625,11837
2024-12-11,MK-C-028,กรุงเทพฯ,630,12760
2024-12-11,MK-C-028,ภาคกลาง,507,9118
2024-12-11,MK-C-028,ภาคตะวันออก,413,6984
2024-12-11,MK-C-028,ภาคเหนือ,339,6904
2024-12-11,MK-C-028,ภาคใต้,424,7200
2024-12-11,SY-D-039,กรุงเทพฯ,452,8616
2024-12-11,SY-D-039,ภาคกลาง,393,5861
2024-12-11,SY-D-039,ภาคตะวันออก,274,5548
2024-12-11,SY-D-039,ภาคเหนือ,224,4961
2024-12-11,SY-D-039,ภาคใต้,307,5399
2024-12-11,AG-E-052,กรุงเทพฯ,135,2176
2024-12-11,AG-E-052,ภาคกลาง,110,1777
2024-12-11,AG-E-052,ภาคตะวันออก,86,1485
2024-12-11,AG-E-052,ภาคเหนือ,77,1257
2024-12-11,AG-E-052,ภาคใต้,92,1758
2024-12-12,TK-A-001,กรุงเทพฯ,179,3561
2024-12-12,TK-A-001,ภาคกลาง,142,2512
2024-12-12,TK-A-001,ภาคตะวันออก,117,2019
2024-12-12,TK-A-001,ภาคเหนือ,99,1797
2024-12-12,TK-A-001,ภาคใต้,118,1975
2024-12-12,GL-B-014,กรุงเทพฯ,956,17791
2024-12-12,GL-B-014,ภาคกลาง,814,14982
2024-12-12,GL-B-014,ภาคตะวันออก,505,10289
2024-12-12,GL-B-014,ภาคเหนือ,487,10124
2024-12-12,GL-B-014,ภาคใต้,636,9658
2024-12-12,MK-C-028,กรุงเทพฯ,677,11213
2024-12-12,MK-C-028,ภาคกลาง,508,9573
2024-12-12,MK-C-028,ภาคตะวันออก,370,7917
2024-12-12,MK-C-028,ภาคเหนือ,340,6154
2024-12-12,MK-C-028,ภาคใต้,465,8576
2024-12-12,SY-D-039,กรุงเทพฯ,421,9091
2024-12-12,SY-D-039,ภาคกลาง,361,6452
2024-12-12,SY-D-039,ภาคตะวันออก,259,4329
2024-12-12,SY-D-039,ภาคเหนือ,231,4613
2024-12-12,SY-D-039,ภาคใต้,297,5734
2024-12-12,AG-E-052,กรุงเทพฯ,132,2356
2024-12-12,AG-E-052,ภาคกลาง,115,1860
2024-12-12,AG-E-052,ภาคตะวันออก,78,1470
2024-12-12,AG-E-052,ภาคเหนือ,74,1185
2024-12-12,AG-E-052,ภาคใต้,97,1826
2024-12-13,TK-A-001,กรุงเทพฯ,182,2897
2024-12-13,TK-A-001,ภาคกลาง,156,2283
2024-12-13,TK-A-001,ภาคตะวันออก,108,1815
2024-12-13,TK-A-001,ภาคเหนือ,101,1850
2024-12-13,TK-A-001,ภาคใต้,110,1952
2024-12-13,GL-B-014,กรุงเทพฯ,1021,15054
2024-12-13,GL-B-014,ภาคกลาง,805,12912
2024-12-13,GL-B-014,ภาคตะวันออก,574,11117
2024-12-13,GL-B-014,ภาคเหนือ,506,8156
2024-12-13,GL-B-014,ภาคใต้,631,12320
2024-12-13,MK-C-028,กรุงเทพฯ,719,10780
2024-12-13,MK-C-028,ภาคกลาง,499,9751
2024-12-13,MK-C-028,ภาคตะวันออก,393,8347
2024-12-13,MK-C-028,ภาคเหนือ,353,5961
2024-12-13,MK-C-028,ภาคใต้,432,6936
2024-12-13,SY-D-039,กรุงเทพฯ,413,8870
2024-12-13,SY-D-039,ภาคกลาง,345,6286
2024-12-13,SY-D-039,ภาคตะวันออก,261,5142
2024-12-13,SY-D-039,ภาคเหนือ,254,4445
2024-12-13,SY-D-039,ภาคใต้,274,5039
2024-12-13,AG-E-052,กรุงเทพฯ,138,2104
2024-12-13,AG-E-052,ภาคกลาง,100,1671
2024-12-13,AG-E-052,ภาคตะวันออก,76,1591
2024-12-13,AG-E-052,ภาคเหนือ,74,1134
2024-12-13,AG-E-052,ภาคใต้,93,1394
2024-12-14,TK-A-001,กรุงเทพฯ,198,3196
2024-12-14,TK-A-001,ภาคกลาง,137,2792
2024-12-14,TK-A-001,ภาคตะวันออก,116,1794
2024-12-14,TK-A-001,ภาคเหนือ,99,1511
2024-12-14,TK-A-001,ภาคใต้,120,2056
2024-12-14,GL-B-014,กรุงเทพฯ,979,18071
2024-12-14,GL-B-014,ภาคกลาง,812,13380
2024-12-14,GL-B-014,ภาคตะวันออก,565,8566
2024-12-14,GL-B-014,ภาคเหนือ,473,9810
2024-12-14,GL-B-014,ภาคใต้,571,11794
2024-12-14,MK-C-028,กรุงเทพฯ,694,10619
2024-12-14,MK-C-028,ภาคกลาง,589,9678
2024-12-14,MK-C-028,ภาคตะวันออก,435,6696
2024-12-14,MK-C-028,ภาคเหนือ,362,6696
2024-12-14,MK-C-028,ภาคใต้,407,7531
2024-12-14,SY-D-039,กรุงเทพฯ,419,7111
2024-12-14,SY-D-039,ภาคกลาง,382,5930
2024-12-14,SY-D-039,ภาคตะวันออก,289,5308
2024-12-14,SY-D-039,ภาคเหนือ,227,4632
2024-12-14,SY-D-039,ภาคใต้,273,5755
2024-12-14,AG-E-052,กรุงเทพฯ,134,2705
2024-12-14,AG-E-052,ภาคกลาง,116,1677
2024-12-14,AG-E-052,ภาคตะวันออก,75,1583
2024-12-14,AG-E-052,ภาคเหนือ,72,1199
2024-12-14,AG-E-052,ภาคใต้,85,1635
2024-12-15,TK-A-001,กรุงเทพฯ,167,2920
2024-12-15,TK-A-001,ภาคกลาง,141,2411
2024-12-15,TK-A-001,ภาคตะวันออก,101,1993
2024-12-15,TK-A-001,ภาคเหนือ,98,1669
2024-12-15,TK-A-001,ภาคใต้,122,1873
2024-12-15,GL-B-014,กรุงเทพฯ,856,16483
2024-12-15,GL-B-014,ภาคกลาง,689,15201
2024-12-15,GL-B-014,ภาคตะวันออก,535,8556
2024-12-15,GL-B-014,ภาคเหนือ,483,9732
2024-12-15,GL-B-014,ภาคใต้,672,11512
2024-12-15,MK-C-028,กรุงเทพฯ,714,12312
2024-12-15,MK-C-028,ภาคกลาง,556,9959
2024-12-15,MK-C-028,ภาคตะวันออก,409,6795
2024-12-15,MK-C-028,ภาคเหนือ,331,6397
2024-12-15,MK-C-028,ภาคใต้,459,8046
2024-12-15,SY-D-039,กรุงเทพฯ,477,6931
2024-12-15,SY-D-039,ภาคกลาง,340,7420
2024-12-15,SY-D-039,ภาคตะวันออก,272,4737
2024-12-15,SY-D-039,ภาคเหนือ,225,3718
2024-12-15,SY-D-039,ภาคใต้,279,5950
2024-12-15,AG-E-052,กรุงเทพฯ,126,2234
2024-12-15,AG-E-052,ภาคกลาง,117,2023
2024-12-15,AG-E-052,ภาคตะวันออก,74,1348
2024-12-15,AG-E-052,ภาคเหนือ,76,1449
2024-12-15,AG-E-052,ภาคใต้,85,1665
2024-12-16,TK-A-001,กรุงเทพฯ,164,3617
2024-12-16,TK-A-001,ภาคกลาง,158,2811
2024-12-16,TK-A-001,ภาคตะวันออก,117,2171
2024-12-16,TK-A-001,ภาคเหนือ,105,1837
2024-12-16,TK-A-001,ภาคใต้,132,1992
2024-12-16,GL-B-014,กรุงเทพฯ,983,14849
2024-12-16,GL-B-014,ภาคกลาง,744,14278
2024-12-16,GL-B-014,ภาคตะวันออก,536,9733
2024-12-16,GL-B-014,ภาคเหนือ,494,9068
2024-12-16,GL-B-014,ภาคใต้,655,9834
2024-12-16,MK-C-028,กรุงเทพฯ,732,12620
2024-12-16,MK-C-028,ภาคกลาง,509,8397
2024-12-16,MK-C-028,ภาคตะวันออก,393,7901
2024-12-16,MK-C-028,ภาคเหนือ,381,6893
2024-12-16,MK-C-028,ภาคใต้,455,7273
2024-12-16,SY-D-039,กรุงเทพฯ,443,7784
2024-12-16,SY-D-039,ภาคกลาง,394,5690
2024-12-16,SY-D-039,ภาคตะวันออก,278,4473
2024-12-16,SY-D-039,ภาคเหนือ,245,4890
2024-12-16,SY-D-039,ภาคใต้,293,5292
2024-12-16,AG-E-052,กรุงเทพฯ,143,2661
2024-12-16,AG-E-052,ภาคกลาง,105,2059
2024-12-16,AG-E-052,ภาคตะวันออก,88,1354
2024-12-16,AG-E-052,ภาคเหนือ,65,1105
2024-12-16,AG-E-052,ภาคใต้,98,1455
2024-12-17,TK-A-001,กรุงเทพฯ,187,3367
2024-12-17,TK-A-001,ภาคกลาง,152,2588
2024-12-17,TK-A-001,ภาคตะวันออก,115,1796
2024-12-17,TK-A-001,ภาคเหนือ,104,1878
2024-12-17,TK-A-001,ภาคใต้,121,1926
2024-12-17,GL-B-014,กรุงเทพฯ,1017,15644
2024-12-17,GL-B-014,ภาคกลาง,768,13967
2024-12-17,GL-B-014,ภาคตะวันออก,529,9086
2024-12-17,GL-B-014,ภาคเหนือ,512,8352
2024-12-17,GL-B-014,ภาคใต้,643,11417
2024-12-17,MK-C-028,กรุงเทพฯ,633,11590
2024-12-17,MK-C-028,ภาคกลาง,512,10651
2024-12-17,MK-C-028,ภาคตะวันออก,442,7922
2024-12-17,MK-C-028,ภาคเหนือ,369,6439
2024-12-17,MK-C-028,ภาคใต้,459,8700
2024-12-17,SY-D-039,กรุงเทพฯ,492,7312
2024-12-17,SY-D-039,ภาคกลาง,360,5581
2024-12-17,SY-D-039,ภาคตะวันออก,250,5419
2024-12-17,SY-D-039,ภาคเหนือ,224,4191
2024-12-17,SY-D-039,ภาคใต้,274,5442
2024-12-17,AG-E-052,กรุงเทพฯ,148,2361
2024-12-17,AG-E-052,ภาคกลาง,105,2203
2024-12-17,AG-E-052,ภาคตะวันออก,77,1350
2024-12-17,AG-E-052,ภาคเหนือ,76,1321
2024-12-17,AG-E-052,ภาคใต้,96,1810
2024-12-18,TK-A-001,กรุงเทพฯ,181,3091
2024-12-18,TK-A-001,ภาคกลาง,156,2348
2024-12-18,TK-A-001,ภาคตะวันออก,115,2141
2024-12-18,TK-A-001,ภาคเหนือ,100,1502
2024-12-18,TK-A-001,ภาคใต้,114,2097
2024-12-18,GL-B-014,กรุงเทพฯ,1011,18573
2024-12-18,GL-B-014,ภาคกลาง,777,15342
2024-12-18,GL-B-014,ภาคตะวันออก,578,9510
2024-12-18,GL-B-014,ภาคเหนือ,536,10112
2024-12-18,GL-B-014,ภาคใต้,640,12530
2024-12-18,MK-C-028,กรุงเทพฯ,723,13256
2024-12-18,MK-C-028,ภาคกลาง,500,9631
2024-12-18,MK-C-028,ภาคตะวันออก,371,6267
2024-12-18,MK-C-028,ภาคเหนือ,338,6224
2024-12-18,MK-C-028,ภาคใต้,460,7141
2024-12-18,SY-D-039,กรุงเทพฯ,482,8326
2024-12-18,SY-D-039,ภาคกลาง,328,6480
2024-12-18,SY-D-039,ภาคตะวันออก,257,4882
2024-12-18,SY-D-039,ภาคเหนือ,252,4203
2024-12-18,SY-D-039,ภาคใต้,272,5024
2024-12-18,AG-E-052,กรุงเทพฯ,132,2264
2024-12-18,AG-E-052,ภาคกลาง,109,2204
2024-12-18,AG-E-052,ภาคตะวันออก,85,1428
2024-12-18,AG-E-052,ภาคเหนือ,74,1126
2024-12-18,AG-E-052,ภาคใต้,91,1631
2024-12-19,TK-A-001,กรุงเทพฯ,190,3726
2024-12-19,TK-A-001,ภาคกลาง,135,2506
2024-12-19,TK-A-001,ภาคตะวันออก,105,1864
2024-12-19,TK-A-001,ภาคเหนือ,96,1799
2024-12-19,TK-A-001,ภาคใต้,109,2151
2024-12-19,GL-B-014,กรุงเทพฯ,878,14850
2024-12-19,GL-B-014,ภาคกลาง,709,13411
2024-12-19,GL-B-014,ภาคตะวันออก,583,11517
2024-12-19,GL-B-014,ภาคเหนือ,450,9529
2024-12-19,GL-B-014,ภาคใต้,572,9592
2024-12-19,MK-C-028,กรุงเทพฯ,719,11142
2024-12-19,MK-C-028,ภาคกลาง,560,9801
2024-12-19,MK-C-028,ภาคตะวันออก,417,8164
2024-12-19,MK-C-028,ภาคเหนือ,384,7079
2024-12-19,MK-C-028,ภาคใต้,459,7889
2024-12-19,SY-D-039,กรุงเทพฯ,491,7316
2024-12-19,SY-D-039,ภาคกลาง,336,6921
2024-12-19,SY-D-039,ภาคตะวันออก,283,4135
2024-12-19,SY-D-039,ภาคเหนือ,240,3930
2024-12-19,SY-D-039,ภาคใต้,274,4669
2024-12-19,AG-E-052,กรุงเทพฯ,123,2379
2024-12-19,AG-E-052,ภาคกลาง,103,1880
2024-12-19,AG-E-052,ภาคตะวันออก,82,1379
2024-12-19,AG-E-052,ภาคเหนือ,72,1284
2024-12-19,AG-E-052,ภาคใต้,85,1394
2024-12-20,TK-A-001,กรุงเทพฯ,186,2899
2024-12-20,TK-A-001,ภาคกลาง,139,2850
2024-12-20,TK-A-001,ภาคตะวันออก,114,2128
2024-12-20,TK-A-001,ภาคเหนือ,87,1970
2024-12-20,TK-A-001,ภาคใต้,108,2395
2024-12-20,GL-B-014,กรุงเทพฯ,976,14764
2024-12-20,GL-B-014,ภาคกลาง,768,12049
2024-12-20,GL-B-014,ภาคตะวันออก,572,11474
2024-12-20,GL-B-014,ภาคเหนือ,537,8441
2024-12-20,GL-B-014,ภาคใต้,647,10045
2024-12-20,MK-C-028,กรุงเทพฯ,624,13119
2024-12-20,MK-C-028,ภาคกลาง,496,9296
2024-12-20,MK-C-028,ภาคตะวันออก,414,6476
2024-12-20,MK-C-028,ภาคเหนือ,328,6116
2024-12-20,MK-C-028,ภาคใต้,481,7614
2024-12-20,SY-D-039,กรุงเทพฯ,486,8078
2024-12-20,SY-D-039,ภาคกลาง,394,5826
2024-12-20,SY-D-039,ภาคตะวันออก,251,4234
2024-12-20,SY-D-039,ภาคเหนือ,234,4942
2024-12-20,SY-D-039,ภาคใต้,276,5744
2024-12-20,AG-E-052,กรุงเทพฯ,137,2647
2024-12-20,AG-E-052,ภาคกลาง,100,1917
2024-12-20,AG-E-052,ภาคตะวันออก,83,1435
2024-12-20,AG-E-052,ภาคเหนือ,66,1278
2024-12-20,AG-E-052,ภาคใต้,97,1845
2024-12-21,TK-A-001,กรุงเทพฯ,185,3274
2024-12-21,TK-A-001,ภาคกลาง,133,2581
2024-12-21,TK-A-001,ภาคตะวันออก,113,2084
2024-12-21,TK-A-001,ภาคเหนือ,96,1477
2024-12-21,TK-A-001,ภาคใต้,108,2051
2024-12-21,GL-B-014,กรุงเทพฯ,976,16957
2024-12-21,GL-B-014,ภาคกลาง,719,15285
2024-12-21,GL-B-014,ภาคตะวันออก,542,9822
2024-12-21,GL-B-014,ภาคเหนือ,480,10263
2024-12-21,GL-B-014,ภาคใต้,574,9734
2024-12-21,MK-C-028,กรุงเทพฯ,609,10446
2024-12-21,MK-C-028,ภาคกลาง,501,9036
2024-12-21,MK-C-028,ภาคตะวันออก,420,6950
2024-12-21,MK-C-028,ภาคเหนือ,347,6844
2024-12-21,MK-C-028,ภาคใต้,456,8597
2024-12-21,SY-D-039,กรุงเทพฯ,465,8135
2024-12-21,SY-D-039,ภาคกลาง,337,6773
2024-12-21,SY-D-039,ภาคตะวันออก,270,4292
2024-12-21,SY-D-039,ภาคเหนือ,219,4184
2024-12-21,SY-D-039,ภาคใต้,294,4888
2024-12-21,AG-E-052,กรุงเทพฯ,137,2652
2024-12-21,AG-E-052,ภาคกลาง,113,2215
2024-12-21,AG-E-052,ภาคตะวันออก,88,1317
2024-12-21,AG-E-052,ภาคเหนือ,78,1197
2024-12-21,AG-E-052,ภาคใต้,87,1742
2024-12-22,TK-A-001,กรุงเทพฯ,188,3094
2024-12-22,TK-A-001,ภาคกลาง,143,2320
2024-12-22,TK-A-001,ภาคตะวันออก,108,1870
2024-12-22,TK-A-001,ภาคเหนือ,91,1597
2024-12-22,TK-A-001,ภาคใต้,127,1999
2024-12-22,GL-B-014,กรุงเทพฯ,895,14703
2024-12-22,GL-B-014,ภาคกลาง,807,13422
2024-12-22,GL-B-014,ภาคตะวันออก,588,11361
2024-12-22,GL-B-014,ภาคเหนือ,517,9586
2024-12-22,GL-B-014,ภาคใต้,674,11018
2024-12-22,MK-C-028,กรุงเทพฯ,741,11112
2024-12-22,MK-C-028,ภาคกลาง,569,10420
2024-12-22,MK-C-028,ภาคตะวันออก,429,6266
2024-12-22,MK-C-028,ภาคเหนือ,334,6760
2024-12-22,MK-C-028,ภาคใต้,446,9018
2024-12-22,SY-D-039,กรุงเทพฯ,486,8199
2024-12-22,SY-D-039,ภาคกลาง,388,6023
2024-12-22,SY-D-039,ภาคตะวันออก,289,5032
2024-12-22,SY-D-039,ภาคเหนือ,254,4555
2024-12-22,SY-D-039,ภาคใต้,300,4921
2024-12-22,AG-E-052,กรุงเทพฯ,137,2218
2024-12-22,AG-E-052,ภาคกลาง,112,2130
2024-12-22,AG-E-052,ภาคตะวันออก,75,1426
2024-12-22,AG-E-052,ภาคเหนือ,66,1450
2024-12-22,AG-E-052,ภาคใต้,85,1717
2024-12-23,TK-A-001,กรุงเทพฯ,191,3136
2024-12-23,TK-A-001,ภาคกลาง,138,2318
2024-12-23,TK-A-001,ภาคตะวันออก,108,2073
2024-12-23,TK-A-001,ภาคเหนือ,96,1944
2024-12-23,TK-A-001,ภาคใต้,125,2308
2024-12-23,GL-B-014,กรุงเทพฯ,955,16931
2024-12-23,GL-B-014,ภาคกลาง,711,14035
2024-12-23,GL-B-014,ภาคตะวันออก,542,9978
2024-12-23,GL-B-014,ภาคเหนือ,463,8430
2024-12-23,GL-B-014,ภาคใต้,604,10168
2024-12-23,MK-C-028,กรุงเทพฯ,622,13399
2024-12-23,MK-C-028,ภาคกลาง,558,9236
2024-12-23,MK-C-028,ภาคตะวันออก,373,8173
2024-12-23,MK-C-028,ภาคเหนือ,367,6895
2024-12-23,MK-C-028,ภาคใต้,439,7157
2024-12-23,SY-D-039,กรุงเทพฯ,454,8057
2024-12-23,SY-D-039,ภาคกลาง,376,7443
2024-12-23,SY-D-039,ภาคตะวันออก,272,4816
2024-12-23,SY-D-039,ภาคเหนือ,243,4852
2024-12-23,SY-D-039,ภาคใต้,322,5391
2024-12-23,AG-E-052,กรุงเทพฯ,132,2517
2024-12-23,AG-E-052,ภาคกลาง,115,1881
2024-12-23,AG-E-052,ภาคตะวันออก,74,1449
2024-12-23,AG-E-052,ภาคเหนือ,77,1433
2024-12-23,AG-E-052,ภาคใต้,83,1594
2024-12-24,TK-A-001,กรุงเทพฯ,194,3149
2024-12-24,TK-A-001,ภาคกลาง,145,2485
2024-12-24,TK-A-001,ภาคตะวันออก,112,1712
2024-12-24,TK-A-001,ภาคเหนือ,92,1572
2024-12-24,TK-A-001,ภาคใต้,115,2327
2024-12-24,GL-B-014,กรุงเทพฯ,856,15433
2024-12-24,GL-B-014,ภาคกลาง,691,14635
2024-12-24,GL-B-014,ภาคตะวันออก,550,9699
2024-12-24,GL-B-014,ภาคเหนือ,472,7925
2024-12-24,GL-B-014,ภาคใต้,641,9652
2024-12-24,MK-C-028,กรุงเทพฯ,674,11575
2024-12-24,MK-C-028,ภาคกลาง,505,9235
2024-12-24,MK-C-028,ภาคตะวันออก,379,7414
2024-12-24,MK-C-028,ภาคเหนือ,336,6371
2024-12-24,MK-C-028,ภาคใต้,419,7993
2024-12-24,SY-D-039,กรุงเทพฯ,486,8223
2024-12-24,SY-D-039,ภาคกลาง,340,5912
2024-12-24,SY-D-039,ภาคตะวันออก,253,4925
2024-12-24,SY-D-039,ภาคเหนือ,248,4571
2024-12-24,SY-D-039,ภาคใต้,325,5217
2024-12-24,AG-E-052,กรุงเทพฯ,148,2725
2024-12-24,AG-E-052,ภาคกลาง,102,1663
2024-12-24,AG-E-052,ภาคตะวันออก,82,1501
2024-12-24,AG-E-052,ภาคเหนือ,69,1107
2024-12-24,AG-E-052,ภาคใต้,85,1625
2024-12-25,TK-A-001,กรุงเทพฯ,177,3198
2024-12-25,TK-A-001,ภาคกลาง,143,2779
2024-12-25,TK-A-001,ภาคตะวันออก,100,2069
2024-12-25,TK-A-001,ภาคเหนือ,98,1523
2024-12-25,TK-A-001,ภาคใต้,109,1889
2024-12-25,GL-B-014,กรุงเทพฯ,844,17017
2024-12-25,GL-B-014,ภาคกลาง,750,13357
2024-12-25,GL-B-014,ภาคตะวันออก,566,11498
2024-12-25,GL-B-014,ภาคเหนือ,480,9587
2024-12-25,GL-B-014,ภาคใต้,585,12799
2024-12-25,MK-C-028,กรุงเทพฯ,737,13880
2024-12-25,MK-C-028,ภาคกลาง,516,9589
2024-12-25,MK-C-028,ภาคตะวันออก,365,6767
2024-12-25,MK-C-028,ภาคเหนือ,347,7393
2024-12-25,MK-C-028,ภาคใต้,433,8484
2024-12-25,SY-D-039,กรุงเทพฯ,452,8038
2024-12-25,SY-D-039,ภาคกลาง,342,5567
2024-12-25,SY-D-039,ภาคตะวันออก,262,5115
2024-12-25,SY-D-039,ภาคเหนือ,240,4238
2024-12-25,SY-D-039,ภาคใต้,317,4692
2024-12-25,AG-E-052,กรุงเทพฯ,133,2793
2024-12-25,AG-E-052,ภาคกลาง,103,2016
2024-12-25,AG-E-052,ภาคตะวันออก,82,1440
2024-12-25,AG-E-052,ภาคเหนือ,70,1317
2024-12-25,AG-E-052,ภาคใต้,84,1816
2024-12-26,TK-A-001,กรุงเทพฯ,178,3314
2024-12-26,TK-A-001,ภาคกลาง,143,2435
2024-12-26,TK-A-001,ภาคตะวันออก,107,2036
2024-12-26,TK-A-001,ภาคเหนือ,90,1916
2024-12-26,TK-A-001,ภาคใต้,131,1997
2024-12-26,GL-B-014,กรุงเทพฯ,865,16360
2024-12-26,GL-B-014,ภาคกลาง,734,12667
2024-12-26,GL-B-014,ภาคตะวันออก,564,9274
2024-12-26,GL-B-014,ภาคเหนือ,476,9814
2024-12-26,GL-B-014,ภาคใต้,638,12828
2024-12-26,MK-C-028,กรุงเทพฯ,629,11810
2024-12-26,MK-C-028,ภาคกลาง,534,10805
2024-12-26,MK-C-028,ภาคตะวันออก,421,6932
2024-12-26,MK-C-028,ภาคเหนือ,342,7406
2024-12-26,MK-C-028,ภาคใต้,428,7383
2024-12-26,SY-D-039,กรุงเทพฯ,472,8176
2024-12-26,SY-D-039,ภาคกลาง,394,6952
2024-12-26,SY-D-039,ภาคตะวันออก,275,4895
2024-12-26,SY-D-039,ภาคเหนือ,243,4605
2024-12-26,SY-D-039,ภาคใต้,325,5877
2024-12-26,AG-E-052,กรุงเทพฯ,124,2765
2024-12-26,AG-E-052,ภาคกลาง,99,2088
2024-12-26,AG-E-052,ภาคตะวันออก,82,1590
2024-12-26,AG-E-052,ภาคเหนือ,73,1161
2024-12-26,AG-E-052,ภาคใต้,98,1668
2024-12-27,TK-A-001,กรุงเทพฯ,164,3463
2024-12-27,TK-A-001,ภาคกลาง,157,2257
2024-12-27,TK-A-001,ภาคตะวันออก,112,1924
2024-12-27,TK-A-001,ภาคเหนือ,89,1765
2024-12-27,TK-A-001,ภาคใต้,118,2412
2024-12-27,GL-B-014,กรุงเทพฯ,887,17562
2024-12-27,GL-B-014,ภาคกลาง,672,14282
2024-12-27,GL-B-014,ภาคตะวันออก,608,9985
2024-12-27,GL-B-014,ภาคเหนือ,514,9313
2024-12-27,GL-B-014,ภาคใต้,617,12157
2024-12-27,MK-C-028,กรุงเทพฯ,692,10710
2024-12-27,MK-C-028,ภาคกลาง,511,10693
2024-12-27,MK-C-028,ภาคตะวันออก,368,7046
2024-12-27,MK-C-028,ภาคเหนือ,376,5756
2024-12-27,MK-C-028,ภาคใต้,452,7824
2024-12-27,SY-D-039,กรุงเทพฯ,438,7064
2024-12-27,SY-D-039,ภาคกลาง,355,7037
2024-12-27,SY-D-039,ภาคตะวันออก,250,5493
2024-12-27,SY-D-039,ภาคเหนือ,218,4474
2024-12-27,SY-D-039,ภาคใต้,292,5259
2024-12-27,AG-E-052,กรุงเทพฯ,136,2339
2024-12-27,AG-E-052,ภาคกลาง,110,1721
2024-12-27,AG-E-052,ภาคตะวันออก,86,1303
2024-12-27,AG-E-052,ภาคเหนือ,65,1290
2024-12-27,AG-E-052,ภาคใต้,85,1610
2024-12-28,TK-A-001,กรุงเทพฯ,191,2757
2024-12-28,TK-A-001,ภาคกลาง,136,2920
2024-12-28,TK-A-001,ภาคตะวันออก,98,2122
2024-12-28,TK-A-001,ภาคเหนือ,98,1696
2024-12-28,TK-A-001,ภาคใต้,110,2459
2024-12-28,GL-B-014,กรุงเทพฯ,905,15011
2024-12-28,GL-B-014,ภาคกลาง,715,11584
2024-12-28,GL-B-014,ภาคตะวันออก,560,9004
2024-12-28,GL-B-014,ภาคเหนือ,489,9835
2024-12-28,GL-B-014,ภาคใต้,667,10310
2024-12-28,MK-C-028,กรุงเทพฯ,649,10847
2024-12-28,MK-C-028,ภาคกลาง,570,10998
2024-12-28,MK-C-028,ภาคตะวันออก,427,6641
2024-12-28,MK-C-028,ภาคเหนือ,389,5606
2024-12-28,MK-C-028,ภาคใต้,435,7255
2024-12-28,SY-D-039,กรุงเทพฯ,478,8531
2024-12-28,SY-D-039,ภาคกลาง,391,6283
2024-12-28,SY-D-039,ภาคตะวันออก,293,4790
2024-12-28,SY-D-039,ภาคเหนือ,218,3684
2024-12-28,SY-D-039,ภาคใต้,328,5103
2024-12-28,AG-E-052,กรุงเทพฯ,147,2369
2024-12-28,AG-E-052,ภาคกลาง,99,1797
2024-12-28,AG-E-052,ภาคตะวันออก,88,1252
2024-12-28,AG-E-052,ภาคเหนือ,69,1353
2024-12-28,AG-E-052,ภาคใต้,88,1656
2024-12-29,TK-A-001,กรุงเทพฯ,194,3088
2024-12-29,TK-A-001,ภาคกลาง,153,2398
2024-12-29,TK-A-001,ภาคตะวันออก,117,1892
2024-12-29,TK-A-001,ภาคเหนือ,96,1476
2024-12-29,TK-A-001,ภาคใต้,129,2007
2024-12-29,GL-B-014,กรุงเทพฯ,951,17171
2024-12-29,GL-B-014,ภาคกลาง,702,14265
2024-12-29,GL-B-014,ภาคตะวันออก,612,8547
2024-12-29,GL-B-014,ภาคเหนือ,492,10209
2024-12-29,GL-B-014,ภาคใต้,675,12117
2024-12-29,MK-C-028,กรุงเทพฯ,739,13129
2024-12-29,MK-C-028,ภาคกลาง,490,8440
2024-12-29,MK-C-028,ภาคตะวันออก,399,6259
2024-12-29,MK-C-028,ภาคเหนือ,387,5920
2024-12-29,MK-C-028,ภาคใต้,473,9084
2024-12-29,SY-D-039,กรุงเทพฯ,425,9033
2024-12-29,SY-D-039,ภาคกลาง,336,7418
2024-12-29,SY-D-039,ภาคตะวันออก,283,4752
2024-12-29,SY-D-039,ภาคเหนือ,236,4910
2024-12-29,SY-D-039,ภาคใต้,323,4739
2024-12-29,AG-E-052,กรุงเทพฯ,129,2205
2024-12-29,AG-E-052,ภาคกลาง,98,1996
2024-12-29,AG-E-052,ภาคตะวันออก,78,1635
2024-12-29,AG-E-052,ภาคเหนือ,77,1407
2024-12-29,AG-E-052,ภาคใต้,96,1796
2024-12-30,TK-A-001,กรุงเทพฯ,175,3413
2024-12-30,TK-A-001,ภาคกลาง,134,2880
2024-12-30,TK-A-001,ภาคตะวันออก,102,2187
2024-12-30,TK-A-001,ภาคเหนือ,90,1698
2024-12-30,TK-A-001,ภาคใต้,118,2164
2024-12-30,GL-B-014,กรุงเทพฯ,873,16225
2024-12-30,GL-B-014,ภาคกลาง,673,13252
2024-12-30,GL-B-014,ภาคตะวันออก,529,9488
2024-12-30,GL-B-014,ภาคเหนือ,448,9099
2024-12-30,GL-B-014,ภาคใต้,591,9682
2024-12-30,MK-C-028,กรุงเทพฯ,628,11921
2024-12-30,MK-C-028,ภาคกลาง,542,10640
2024-12-30,MK-C-028,ภาคตะวันออก,391,7661
2024-12-30,MK-C-028,ภาคเหนือ,334,6228
2024-12-30,MK-C-028,ภาคใต้,428,8517
2024-12-30,SY-D-039,กรุงเทพฯ,454,8209
2024-12-30,SY-D-039,ภาคกลาง,393,6345
2024-12-30,SY-D-039,ภาคตะวันออก,275,4165
2024-12-30,SY-D-039,ภาคเหนือ,249,4265
2024-12-30,SY-D-039,ภาคใต้,326,4607
2024-12-30,AG-E-052,กรุงเทพฯ,128,2444
2024-12-30,AG-E-052,ภาคกลาง,117,1899
2024-12-30,AG-E-052,ภาคตะวันออก,82,1663
2024-12-30,AG-E-052,ภาคเหนือ,79,1324
2024-12-30,AG-E-052,ภาคใต้,91,1747
2024-12-31,TK-A-001,กรุงเทพฯ,170,3277
2024-12-31,TK-A-001,ภาคกลาง,155,2592
2024-12-31,TK-A-001,ภาคตะวันออก,116,2059
2024-12-31,TK-A-001,ภาคเหนือ,100,1488
2024-12-31,TK-A-001,ภาคใต้,129,1887
2024-12-31,GL-B-014,กรุงเทพฯ,947,16920
2024-12-31,GL-B-014,ภาคกลาง,725,13568
2024-12-31,GL-B-014,ภาคตะวันออก,546,11529
2024-12-31,GL-B-014,ภาคเหนือ,455,10161
2024-12-31,GL-B-014,ภาคใต้,667,11533
2024-12-31,MK-C-028,กรุงเทพฯ,628,13367
2024-12-31,MK-C-028,ภาคกลาง,550,9908
2024-12-31,MK-C-028,ภาคตะวันออก,403,6426
2024-12-31,MK-C-028,ภาคเหนือ,357,7442
2024-12-31,MK-C-028,ภาคใต้,465,7022
2024-12-31,SY-D-039,กรุงเทพฯ,431,7663
2024-12-31,SY-D-039,ภาคกลาง,366,6559
2024-12-31,SY-D-039,ภาคตะวันออก,293,4398
2024-12-31,SY-D-039,ภาคเหนือ,242,4937
2024-12-31,SY-D-039,ภาคใต้,328,5574
2024-12-31,AG-E-052,กรุงเทพฯ,144,2662
2024-12-31,AG-E-052,ภาคกลาง,99,1774
2024-12-31,AG-E-052,ภาคตะวันออก,82,1439
2024-12-31,AG-E-052,ภาคเหนือ,70,1303
2024-12-31,AG-E-052,ภาคใต้,82,1736
2025-01-01,TK-A-001,กรุงเทพฯ,180,3491
2025-01-01,TK-A-001,ภาคกลาง,137,2663
2025-01-01,TK-A-001,ภาคตะวันออก,103,2035
2025-01-01,TK-A-001,ภาคเหนือ,95,1676
2025-01-01,TK-A-001,ภาคใต้,108,1902
2025-01-01,GL-B-014,กรุงเทพฯ,1017,15016
2025-01-01,GL-B-014,ภาคกลาง,692,14366
2025-01-01,GL-B-014,ภาคตะวันออก,544,10156
2025-01-01,GL-B-014,ภาคเหนือ,479,9851
2025-01-01,GL-B-014,ภาคใต้,631,10721
2025-01-01,MK-C-028,กรุงเทพฯ,649,13957
2025-01-01,MK-C-028,ภาคกลาง,539,8863
2025-01-01,MK-C-028,ภาคตะวันออก,419,7230
2025-01-01,MK-C-028,ภาคเหนือ,375,7363
2025-01-01,MK-C-028,ภาคใต้,458,7754
2025-01-01,SY-D-039,กรุงเทพฯ,453,8703
2025-01-01,SY-D-039,ภาคกลาง,360,6929
2025-01-01,SY-D-039,ภาคตะวันออก,269,4915
2025-01-01,SY-D-039,ภาคเหนือ,238,4339
2025-01-01,SY-D-039,ภาคใต้,308,4730
2025-01-01,AG-E-052,กรุงเทพฯ,130,2649
2025-01-01,AG-E-052,ภาคกลาง,118,1848
2025-01-01,AG-E-052,ภาคตะวันออก,75,1561
2025-01-01,AG-E-052,ภาคเหนือ,68,1230
2025-01-01,AG-E-052,ภาคใต้,89,1520
2025-01-02,TK-A-001,กรุงเทพฯ,162,2921
2025-01-02,TK-A-001,ภาคกลาง,146,2609
2025-01-02,TK-A-001,ภาคตะวันออก,106,2054
2025-01-02,TK-A-001,ภาคเหนือ,89,1502
2025-01-02,TK-A-001,ภาคใต้,128,2350
2025-01-02,GL-B-014,กรุงเทพฯ,980,14598
2025-01-02,GL-B-014,ภาคกลาง,705,14204
2025-01-02,GL-B-014,ภาคตะวันออก,519,11000
2025-01-02,GL-B-014,ภาคเหนือ,447,8951
2025-01-02,GL-B-014,ภาคใต้,561,11358
2025-01-02,MK-C-028,กรุงเทพฯ,735,13163
2025-01-02,MK-C-028,ภาคกลาง,513,9869
2025-01-02,MK-C-028,ภาคตะวันออก,369,6493
2025-01-02,MK-C-028,ภาคเหนือ,336,5913
2025-01-02,MK-C-028,ภาคใต้,434,7006
2025-01-02,SY-D-039,กรุงเทพฯ,493,8819
2025-01-02,SY-D-039,ภาคกลาง,370,6010
2025-01-02,SY-D-039,ภาคตะวันออก,296,4437
2025-01-02,SY-D-039,ภาคเหนือ,233,4374
2025-01-02,SY-D-039,ภาคใต้,325,5678
2025-01-02,AG-E-052,กรุงเทพฯ,131,2650
2025-01-02,AG-E-052,ภาคกลาง,111,1901
2025-01-02,AG-E-052,ภาคตะวันออก,81,1521
2025-01-02,AG-E-052,ภาคเหนือ,78,1396
2025-01-02,AG-E-052,ภาคใต้,97,1823
2025-01-03,TK-A-001,กรุงเทพฯ,171,3644
2025-01-03,TK-A-001,ภาคกลาง,142,2911
2025-01-03,TK-A-001,ภาคตะวันออก,107,2102
2025-01-03,TK-A-001,ภาคเหนือ,89,1560
2025-01-03,TK-A-001,ภาคใต้,115,2014
2025-01-03,GL-B-014,กรุงเทพฯ,959,14996
2025-01-03,GL-B-014,ภาคกลาง,776,11647
2025-01-03,GL-B-014,ภาคตะวันออก,530,8779
2025-01-03,GL-B-014,ภาคเหนือ,487,9691
2025-01-03,GL-B-014,ภาคใต้,581,12382
2025-01-03,MK-C-028,กรุงเทพฯ,653,13746
2025-01-03,MK-C-028,ภาคกลาง,486,10859
2025-01-03,MK-C-028,ภาคตะวันออก,444,7024
2025-01-03,MK-C-028,ภาคเหนือ,342,7351
2025-01-03,MK-C-028,ภาคใต้,463,8689
2025-01-03,SY-D-039,กรุงเทพฯ,415,8716
2025-01-03,SY-D-039,ภาคกลาง,391,6306
2025-01-03,SY-D-039,ภาคตะวันออก,261,5226
2025-01-03,SY-D-039,ภาคเหนือ,231,4743
2025-01-03,SY-D-039,ภาคใต้,293,4837
2025-01-03,AG-E-052,กรุงเทพฯ,135,2247
2025-01-03,AG-E-052,ภาคกลาง,113,1900
2025-01-03,AG-E-052,ภาคตะวันออก,87,1359
2025-01-03,AG-E-052,ภาคเหนือ,72,1361
2025-01-03,AG-E-052,ภาคใต้,84,1706
2025-01-04,TK-A-001,กรุงเทพฯ,195,3327
2025-01-04,TK-A-001,ภาคกลาง,141,2560
2025-01-04,TK-A-001,ภาคตะวันออก,97,1679
2025-01-04,TK-A-001,ภาคเหนือ,97,1521
2025-01-04,TK-A-001,ภาคใต้,112,2038
2025-01-04,GL-B-014,กรุงเทพฯ,893,16341
2025-01-04,GL-B-014,ภาคกลาง,737,13742
2025-01-04,GL-B-014,ภาคตะวันออก,548,10273
2025-01-04,GL-B-014,ภาคเหนือ,539,8643
2025-01-04,GL-B-014,ภาคใต้,681,9625
2025-01-04,MK-C-028,กรุงเทพฯ,672,13405
2025-01-04,MK-C-028,ภาคกลาง,573,10167
2025-01-04,MK-C-028,ภาคตะวันออก,427,8341
2025-01-04,MK-C-028,ภาคเหนือ,383,5586
2025-01-04,MK-C-028,ภาคใต้,481,8410
2025-01-04,SY-D-039,กรุงเทพฯ,411,6930
2025-01-04,SY-D-039,ภาคกลาง,377,6431
2025-01-04,SY-D-039,ภาคตะวันออก,292,5269
2025-01-04,SY-D-039,ภาคเหนือ,259,4101
2025-01-04,SY-D-039,ภาคใต้,275,6146
2025-01-04,AG-E-052,กรุงเทพฯ,134,2622
2025-01-04,AG-E-052,ภาคกลาง,102,2172
2025-01-04,AG-E-052,ภาคตะวันออก,84,1486
2025-01-04,AG-E-052,ภาคเหนือ,73,1353
2025-01-04,AG-E-052,ภาคใต้,94,1747
2025-01-05,TK-A-001,กรุงเทพฯ,178,3425
2025-01-05,TK-A-001,ภาคกลาง,141,2284
2025-01-05,TK-A-001,ภาคตะวันออก,103,1774
2025-01-05,TK-A-001,ภาคเหนือ,97,1604
2025-01-05,TK-A-001,ภาคใต้,115,2124
2025-01-05,GL-B-014,กรุงเทพฯ,983,14970
2025-01-05,GL-B-014,ภาคกลาง,744,13973
2025-01-05,GL-B-014,ภาคตะวันออก,605,8856
2025-01-05,GL-B-014,ภาคเหนือ,489,8680
2025-01-05,GL-B-014,ภาคใต้,641,12470
2025-01-05,MK-C-028,กรุงเทพฯ,667,12273
2025-01-05,MK-C-028,ภาคกลาง,496,10185
2025-01-05,MK-C-028,ภาคตะวันออก,439,7736
2025-01-05,MK-C-028,ภาคเหนือ,351,6308
2025-01-05,MK-C-028,ภาคใต้,470,8238
2025-01-05,SY-D-039,กรุงเทพฯ,439,8351
2025-01-05,SY-D-039,ภาคกลาง,348,5512
2025-01-05,SY-D-039,ภาคตะวันออก,273,5391
2025-01-05,SY-D-039,ภาคเหนือ,261,4758
2025-01-05,SY-D-039,ภาคใต้,305,4651
2025-01-05,AG-E-052,กรุงเทพฯ,126,2075
2025-01-05,AG-E-052,ภาคกลาง,110,2230
2025-01-05,AG-E-052,ภาคตะวันออก,78,1281
2025-01-05,AG-E-052,ภาคเหนือ,78,1451
2025-01-05,AG-E-052,ภาคใต้,86,1762
2025-01-06,TK-A-001,กรุงเทพฯ,185,3675
2025-01-06,TK-A-001,ภาคกลาง,142,2668
2025-01-06,TK-A-001,ภาคตะวันออก,109,2051
2025-01-06,TK-A-001,ภาคเหนือ,92,1918
2025-01-06,TK-A-001,ภาคใต้,110,2115
2025-01-06,GL-B-014,กรุงเทพฯ,983,18998
2025-01-06,GL-B-014,ภาคกลาง,759,13390
2025-01-06,GL-B-014,ภาคตะวันออก,517,9011
2025-01-06,GL-B-014,ภาคเหนือ,521,7949
2025-01-06,GL-B-014,ภาคใต้,669,11741
2025-01-06,MK-C-028,กรุงเทพฯ,736,11812
2025-01-06,MK-C-028,ภาคกลาง,566,10386
2025-01-06,MK-C-028,ภาคตะวันออก,406,7292
2025-01-06,MK-C-028,ภาคเหนือ,392,6693
2025-01-06,MK-C-028,ภาคใต้,432,7114
2025-01-06,SY-D-039,กรุงเทพฯ,456,7722
2025-01-06,SY-D-039,ภาคกลาง,365,7060
2025-01-06,SY-D-039,ภาคตะวันออก,288,4321
2025-01-06,SY-D-039,ภาคเหนือ,263,4773
2025-01-06,SY-D-039,ภาคใต้,293,5947
2025-01-06,AG-E-052,กรุงเทพฯ,127,2434
2025-01-06,AG-E-052,ภาคกลาง,100,1750
2025-01-06,AG-E-052,ภาคตะวันออก,78,1614
2025-01-06,AG-E-052,ภาคเหนือ,66,1214
2025-01-06,AG-E-052,ภาคใต้,84,1379
2025-01-07,TK-A-001,กรุงเทพฯ,170,2798
2025-01-07,TK-A-001,ภาคกลาง,142,2823
2025-01-07,TK-A-001,ภาคตะวันออก,107,1668
2025-01-07,TK-A-001,ภาคเหนือ,98,1778
2025-01-07,TK-A-001,ภาคใต้,114,1923
2025-01-07,GL-B-014,กรุงเทพฯ,987,18071
2025-01-07,GL-B-014,ภาคกลาง,690,13086
2025-01-07,GL-B-014,ภาคตะวันออก,566,11016
2025-01-07,GL-B-014,ภาคเหนือ,501,8439
2025-01-07,GL-B-014,ภาคใต้,592,11147
2025-01-07,MK-C-028,กรุงเทพฯ,689,12254
2025-01-07,MK-C-028,ภาคกลาง,593,8532
2025-01-07,MK-C-028,ภาคตะวันออก,422,6757
2025-01-07,MK-C-028,ภาคเหนือ,362,7277
2025-01-07,MK-C-028,ภาคใต้,419,8071
2025-01-07,SY-D-039,กรุงเทพฯ,437,8441
2025-01-07,SY-D-039,ภาคกลาง,396,6455
2025-01-07,SY-D-039,ภาคตะวันออก,263,5533
2025-01-07,SY-D-039,ภาคเหนือ,218,4702
2025-01-07,SY-D-039,ภาคใต้,322,5852
2025-01-07,AG-E-052,กรุงเทพฯ,139,2298
2025-01-07,AG-E-052,ภาคกลาง,103,2125
2025-01-07,AG-E-052,ภาคตะวันออก,83,1390
2025-01-07,AG-E-052,ภาคเหนือ,67,1286
2025-01-07,AG-E-052,ภาคใต้,88,1641
2025-01-08,TK-A-001,กรุงเทพฯ,193,3039
2025-01-08,TK-A-001,ภาคกลาง,146,2440
2025-01-08,TK-A-001,ภาคตะวันออก,111,1787
2025-01-08,TK-A-001,ภาคเหนือ,104,1970
2025-01-08,TK-A-001,ภาคใต้,119,2304
2025-01-08,GL-B-014,กรุงเทพฯ,859,18207
2025-01-08,GL-B-014,ภาคกลาง,716,12535
2025-01-08,GL-B-014,ภาคตะวันออก,544,10764
2025-01-08,GL-B-014,ภาคเหนือ,528,10223
2025-01-08,GL-B-014,ภาคใต้,626,10743
2025-01-08,MK-C-028,กรุงเทพฯ,631,10776
2025-01-08,MK-C-028,ภาคกลาง,499,9756
2025-01-08,MK-C-028,ภาคตะวันออก,424,8286
2025-01-08,MK-C-028,ภาคเหนือ,354,6236
2025-01-08,MK-C-028,ภาคใต้,431,7589
2025-01-08,SY-D-039,กรุงเทพฯ,433,7856
2025-01-08,SY-D-039,ภาคกลาง,383,5967
2025-01-08,SY-D-039,ภาคตะวันออก,250,5563
2025-01-08,SY-D-039,ภาคเหนือ,228,4369
2025-01-08,SY-D-039,ภาคใต้,313,5806
2025-01-08,AG-E-052,กรุงเทพฯ,134,2200
2025-01-08,AG-E-052,ภาคกลาง,108,1767
2025-01-08,AG-E-052,ภาคตะวันออก,79,1356
2025-01-08,AG-E-052,ภาคเหนือ,72,1390
2025-01-08,AG-E-052,ภาคใต้,89,1510
2025-01-09,TK-A-001,กรุงเทพฯ,170,3301
2025-01-09,TK-A-001,ภาคกลาง,138,2424
2025-01-09,TK-A-001,ภาคตะวันออก,99,2101
2025-01-09,TK-A-001,ภาคเหนือ,93,1862
2025-01-09,TK-A-001,ภาคใต้,124,2311
2025-01-09,GL-B-014,กรุงเทพฯ,877,18642
2025-01-09,GL-B-014,ภาคกลาง,688,14102
2025-01-09,GL-B-014,ภาคตะวันออก,606,10498
2025-01-09,GL-B-014,ภาคเหนือ,497,9823
2025-01-09,GL-B-014,ภาคใต้,653,10173
2025-01-09,MK-C-028,กรุงเทพฯ,680,13114
2025-01-09,MK-C-028,ภาคกลาง,586,8308
2025-01-09,MK-C-028,ภาคตะวันออก,411,7611
2025-01-09,MK-C-028,ภาคเหนือ,346,7415
2025-01-09,MK-C-028,ภาคใต้,447,8431
2025-01-09,SY-D-039,กรุงเทพฯ,459,8270
2025-01-09,SY-D-039,ภาคกลาง,369,6683
2025-01-09,SY-D-039,ภาคตะวันออก,290,4852
2025-01-09,SY-D-039,ภาคเหนือ,239,4772
2025-01-09,SY-D-039,ภาคใต้,289,5561
2025-01-09,AG-E-052,กรุงเทพฯ,130,2499
2025-01-09,AG-E-052,ภาคกลาง,111,2196
2025-01-09,AG-E-052,ภาคตะวันออก,86,1402
2025-01-09,AG-E-052,ภาคเหนือ,73,1175
2025-01-09,AG-E-052,ภาคใต้,83,1661
2025-01-10,TK-A-001,กรุงเทพฯ,163,2760
2025-01-10,TK-A-001,ภาคกลาง,141,2877
2025-01-10,TK-A-001,ภาคตะวันออก,108,2098
2025-01-10,TK-A-001,ภาคเหนือ,94,1492
2025-01-10,TK-A-001,ภาคใต้,114,2425
2025-01-10,GL-B-014,กรุงเทพฯ,927,18114
2025-01-10,GL-B-014,ภาคกลาง,697,15162
2025-01-10,GL-B-014,ภาคตะวันออก,564,9142
2025-01-10,GL-B-014,ภาคเหนือ,493,9107
2025-01-10,GL-B-014,ภาคใต้,663,10186
2025-01-10,MK-C-028,กรุงเทพฯ,625,12853
2025-01-10,MK-C-028,ภาคกลาง,487,8511
2025-01-10,MK-C-028,ภาคตะวันออก,419,6672
2025-01-10,MK-C-028,ภาคเหนือ,337,6835
2025-01-10,MK-C-028,ภาคใต้,469,8913
2025-01-10,SY-D-039,กรุงเทพฯ,460,7880
2025-01-10,SY-D-039,ภาคกลาง,381,6073
2025-01-10,SY-D-039,ภาคตะวันออก,282,5036
2025-01-10,SY-D-039,ภาคเหนือ,261,4717
2025-01-10,SY-D-039,ภาคใต้,319,4982
2025-01-10,AG-E-052,กรุงเทพฯ,140,2508
2025-01-10,AG-E-052,ภาคกลาง,113,2062
2025-01-10,AG-E-052,ภาคตะวันออก,86,1580
2025-01-10,AG-E-052,ภาคเหนือ,66,1298
2025-01-10,AG-E-052,ภาคใต้,90,1809
2025-01-11,TK-A-001,กรุงเทพฯ,167,2769
2025-01-11,TK-A-001,ภาคกลาง,140,2263
2025-01-11,TK-A-001,ภาคตะวันออก,102,1819
2025-01-11,TK-A-001,ภาคเหนือ,101,1770
2025-01-11,TK-A-001,ภาคใต้,115,1844
2025-01-11,GL-B-014,กรุงเทพฯ,852,18717
2025-01-11,GL-B-014,ภาคกลาง,816,15162
2025-01-11,GL-B-014,ภาคตะวันออก,579,11511
2025-01-11,GL-B-014,ภาคเหนือ,504,8366
2025-01-11,GL-B-014,ภาคใต้,569,10637
2025-01-11,MK-C-028,กรุงเทพฯ,661,10493
2025-01-11,MK-C-028,ภาคกลาง,550,10339
2025-01-11,MK-C-028,ภาคตะวันออก,397,6584
2025-01-11,MK-C-028,ภาคเหนือ,375,7086
2025-01-11,MK-C-028,ภาคใต้,456,7195
2025-01-11,SY-D-039,กรุงเทพฯ,438,7930
2025-01-11,SY-D-039,ภาคกลาง,389,5769
2025-01-11,SY-D-039,ภาคตะวันออก,279,5035
2025-01-11,SY-D-039,ภาคเหนือ,226,3965
2025-01-11,SY-D-039,ภาคใต้,316,6128
2025-01-11,AG-E-052,กรุงเทพฯ,123,2769
2025-01-11,AG-E-052,ภาคกลาง,118,1655
2025-01-11,AG-E-052,ภาคตะวันออก,80,1353
2025-01-11,AG-E-052,ภาคเหนือ,68,1336
2025-01-11,AG-E-052,ภาคใต้,90,1787
2025-01-12,TK-A-001,กรุงเทพฯ,162,3152
2025-01-12,TK-A-001,ภาคกลาง,144,2370
2025-01-12,TK-A-001,ภาคตะวันออก,103,2199
2025-01-12,TK-A-001,ภาคเหนือ,100,1549
2025-01-12,TK-A-001,ภาคใต้,126,1893
2025-01-12,GL-B-014,กรุงเทพฯ,948,14858
2025-01-12,GL-B-014,ภาคกลาง,700,14332
2025-01-12,GL-B-014,ภาคตะวันออก,520,8945
2025-01-12,GL-B-014,ภาคเหนือ,541,7636
2025-01-12,GL-B-014,ภาคใต้,672,12483
2025-01-12,MK-C-028,กรุงเทพฯ,738,11505
2025-01-12,MK-C-028,ภาคกลาง,531,9281
2025-01-12,MK-C-028,ภาคตะวันออก,386,6488
2025-01-12,MK-C-028,ภาคเหนือ,359,7273
2025-01-12,MK-C-028,ภาคใต้,483,7419
2025-01-12,SY-D-039,กรุงเทพฯ,444,9204
2025-01-12,SY-D-039,ภาคกลาง,386,7187
2025-01-12,SY-D-039,ภาคตะวันออก,254,4804
2025-01-12,SY-D-039,ภาคเหนือ,233,3767
2025-01-12,SY-D-039,ภาคใต้,322,5874
2025-01-12,AG-E-052,กรุงเทพฯ,134,2785
2025-01-12,AG-E-052,ภาคกลาง,98,1660
2025-01-12,AG-E-052,ภาคตะวันออก,76,1644
2025-01-12,AG-E-052,ภาคเหนือ,71,1215
2025-01-12,AG-E-052,ภาคใต้,84,1763
2025-01-13,TK-A-001,กรุงเทพฯ,166,2978
2025-01-13,TK-A-001,ภาคกลาง,158,2812
2025-01-13,TK-A-001,ภาคตะวันออก,106,1755
2025-01-13,TK-A-001,ภาคเหนือ,98,1766
2025-01-13,TK-A-001,ภาคใต้,128,2400
2025-01-13,GL-B-014,กรุงเทพฯ,1000,16756
2025-01-13,GL-B-014,ภาคกลาง,672,15382
2025-01-13,GL-B-014,ภาคตะวันออก,607,9725
2025-01-13,GL-B-014,ภาคเหนือ,491,8801
2025-01-13,GL-B-014,ภาคใต้,561,12801
2025-01-13,MK-C-028,กรุงเทพฯ,626,11991
2025-01-13,MK-C-028,ภาคกลาง,593,8892
2025-01-13,MK-C-028,ภาคตะวันออก,370,7849
2025-01-13,MK-C-028,ภาคเหนือ,341,6879
2025-01-13,MK-C-028,ภาคใต้,478,8295
2025-01-13,SY-D-039,กรุงเทพฯ,445,7617
2025-01-13,SY-D-039,ภาคกลาง,344,5752
2025-01-13,SY-D-039,ภาคตะวันออก,290,4842
2025-01-13,SY-D-039,ภาคเหนือ,264,4529
2025-01-13,SY-D-039,ภาคใต้,285,6122
2025-01-13,AG-E-052,กรุงเทพฯ,137,2498
2025-01-13,AG-E-052,ภาคกลาง,107,2057
2025-01-13,AG-E-052,ภาคตะวันออก,78,1259
2025-01-13,AG-E-052,ภาคเหนือ,75,1303
2025-01-13,AG-E-052,ภาคใต้,96,1769
2025-01-14,TK-A-001,กรุงเทพฯ,188,3372
2025-01-14,TK-A-001,ภาคกลาง,152,2756
2025-01-14,TK-A-001,ภาคตะวันออก,100,2126
2025-01-14,TK-A-001,ภาคเหนือ,87,1870
2025-01-14,TK-A-001,ภาคใต้,115,2065
2025-01-14,GL-B-014,กรุงเทพฯ,995,17642
2025-01-14,GL-B-014,ภาคกลาง,678,14275
2025-01-14,GL-B-014,ภาคตะวันออก,583,9816
2025-01-14,GL-B-014,ภาคเหนือ,452,9398
2025-01-14,GL-B-014,ภาคใต้,584,10228
2025-01-14,MK-C-028,กรุงเทพฯ,741,11058
2025-01-14,MK-C-028,ภาคกลาง,586,11091
2025-01-14,MK-C-028,ภาคตะวันออก,421,7528
2025-01-14,MK-C-028,ภาคเหนือ,384,7225
2025-01-14,MK-C-028,ภาคใต้,471,8287
2025-01-14,SY-D-039,กรุงเทพฯ,480,7114
2025-01-14,SY-D-039,ภาคกลาง,346,5581
2025-01-14,SY-D-039,ภาคตะวันออก,246,4605
2025-01-14,SY-D-039,ภาคเหนือ,232,3852
2025-01-14,SY-D-039,ภาคใต้,308,6115
2025-01-14,AG-E-052,กรุงเทพฯ,126,2597
2025-01-14,AG-E-052,ภาคกลาง,111,2219
2025-01-14,AG-E-052,ภาคตะวันออก,80,1265
2025-01-14,AG-E-052,ภาคเหนือ,72,1462
2025-01-14,AG-E-052,ภาคใต้,87,1698
2025-01-15,TK-A-001,กรุงเทพฯ,165,3218
2025-01-15,TK-A-001,ภาคกลาง,140,2682
2025-01-15,TK-A-001,ภาคตะวันออก,107,1858
2025-01-15,TK-A-001,ภาคเหนือ,97,1804
2025-01-15,TK-A-001,ภาคใต้,126,2481
2025-01-15,GL-B-014,กรุงเทพฯ,982,17977
2025-01-15,GL-B-014,ภาคกลาง,754,14764
2025-01-15,GL-B-014,ภาคตะวันออก,508,9434
2025-01-15,GL-B-014,ภาคเหนือ,473,8317
2025-01-15,GL-B-014,ภาคใต้,638,12461
2025-01-15,MK-C-028,กรุงเทพฯ,715,12449
2025-01-15,MK-C-028,ภาคกลาง,541,9043
2025-01-15,MK-C-028,ภาคตะวันออก,431,7386
2025-01-15,MK-C-028,ภาคเหนือ,329,5804
2025-01-15,MK-C-028,ภาคใต้,441,7814
2025-01-15,SY-D-039,กรุงเทพฯ,490,8914
2025-01-15,SY-D-039,ภาคกลาง,373,5999
2025-01-15,SY-D-039,ภาคตะวันออก,272,5294
2025-01-15,SY-D-039,ภาคเหนือ,217,4372
2025-01-15,SY-D-039,ภาคใต้,328,5859
2025-01-15,AG-E-052,กรุงเทพฯ,140,2479
2025-01-15,AG-E-052,ภาคกลาง,112,1667
2025-01-15,AG-E-052,ภาคตะวันออก,73,1470
2025-01-15,AG-E-052,ภาคเหนือ,74,1335
2025-01-15,AG-E-052,ภาคใต้,94,1730
2025-01-16,TK-A-001,กรุงเทพฯ,191,2832
2025-01-16,TK-A-001,ภาคกลาง,150,2573
2025-01-16,TK-A-001,ภาคตะวันออก,116,2226
2025-01-16,TK-A-001,ภาคเหนือ,96,1564
2025-01-16,TK-A-001,ภาคใต้,125,2269
2025-01-16,GL-B-014,กรุงเทพฯ,841,16728
2025-01-16,GL-B-014,ภาคกลาง,738,14083
2025-01-16,GL-B-014,ภาคตะวันออก,508,10268
2025-01-16,GL-B-014,ภาคเหนือ,472,9412
2025-01-16,GL-B-014,ภาคใต้,640,12135
2025-01-16,MK-C-028,กรุงเทพฯ,691,12407
2025-01-16,MK-C-028,ภาคกลาง,563,9693
2025-01-16,MK-C-028,ภาคตะวันออก,404,6729
2025-01-16,MK-C-028,ภาคเหนือ,386,6636
2025-01-16,MK-C-028,ภาคใต้,410,7377
2025-01-16,SY-D-039,กรุงเทพฯ,471,7048
2025-01-16,SY-D-039,ภาคกลาง,337,5631
2025-01-16,SY-D-039,ภาคตะวันออก,290,5377
2025-01-16,SY-D-039,ภาคเหนือ,249,4280
2025-01-16,SY-D-039,ภาคใต้,286,5209
2025-01-16,AG-E-052,กรุงเทพฯ,126,2136
2025-01-16,AG-E-052,ภาคกลาง,112,2195
2025-01-16,AG-E-052,ภาคตะวันออก,87,1554
2025-01-16,AG-E-052,ภาคเหนือ,69,1363
2025-01-16,AG-E-052,ภาคใต้,99,1633
2025-01-17,TK-A-001,กรุงเทพฯ,188,3544
2025-01-17,TK-A-001,ภาคกลาง,135,2312
2025-01-17,TK-A-001,ภาคตะวันออก,108,1861
2025-01-17,TK-A-001,ภาคเหนือ,92,1499
2025-01-17,TK-A-001,ภาคใต้,122,2087
2025-01-17,GL-B-014,กรุงเทพฯ,983,16469
2025-01-17,GL-B-014,ภาคกลาง,767,14901
2025-01-17,GL-B-014,ภาคตะวันออก,587,10085
2025-01-17,GL-B-014,ภาคเหนือ,544,8670
2025-01-17,GL-B-014,ภาคใต้,602,12481
2025-01-17,MK-C-028,กรุงเทพฯ,654,11551
2025-01-17,MK-C-028,ภาคกลาง,530,10478
2025-01-17,MK-C-028,ภาคตะวันออก,408,6830
2025-01-17,MK-C-028,ภาคเหนือ,366,6688
2025-01-17,MK-C-028,ภาคใต้,445,9271
2025-01-17,SY-D-039,กรุงเทพฯ,476,9136
2025-01-17,SY-D-039,ภาคกลาง,385,7000
2025-01-17,SY-D-039,ภาคตะวันออก,255,4426
2025-01-17,SY-D-039,ภาคเหนือ,228,4276
2025-01-17,SY-D-039,ภาคใต้,298,6132
2025-01-17,AG-E-052,กรุงเทพฯ,134,2273
2025-01-17,AG-E-052,ภาคกลาง,111,2088
2025-01-17,AG-E-052,ภาคตะวันออก,86,1649
2025-01-17,AG-E-052,ภาคเหนือ,67,1271
2025-01-17,AG-E-052,ภาคใต้,82,1504
2025-01-18,TK-A-001,กรุงเทพฯ,165,2763
2025-01-18,TK-A-001,ภาคกลาง,140,2935
2025-01-18,TK-A-001,ภาคตะวันออก,109,2123
2025-01-18,TK-A-001,ภาคเหนือ,95,1542
2025-01-18,TK-A-001,ภาคใต้,116,1861
2025-01-18,GL-B-014,กรุงเทพฯ,963,14915
2025-01-18,GL-B-014,ภาคกลาง,725,14589
2025-01-18,GL-B-014,ภาคตะวันออก,602,9349
2025-01-18,GL-B-014,ภาคเหนือ,459,7708
2025-01-18,GL-B-014,ภาคใต้,631,12211
2025-01-18,MK-C-028,กรุงเทพฯ,659,11200
2025-01-18,MK-C-028,ภาคกลาง,540,9907
2025-01-18,MK-C-028,ภาคตะวันออก,431,7505
2025-01-18,MK-C-028,ภาคเหนือ,369,5972
2025-01-18,MK-C-028,ภาคใต้,470,7280
2025-01-18,SY-D-039,กรุงเทพฯ,435,6930
2025-01-18,SY-D-039,ภาคกลาง,395,5778
2025-01-18,SY-D-039,ภาคตะวันออก,272,5299
2025-01-18,SY-D-039,ภาคเหนือ,257,3950
2025-01-18,SY-D-039,ภาคใต้,329,4595
2025-01-18,AG-E-052,กรุงเทพฯ,130,2647
2025-01-18,AG-E-052,ภาคกลาง,99,2222
2025-01-18,AG-E-052,ภาคตะวันออก,74,1409
2025-01-18,AG-E-052,ภาคเหนือ,65,1252
2025-01-18,AG-E-052,ภาคใต้,86,1636
2025-01-19,TK-A-001,กรุงเทพฯ,188,2856
2025-01-19,TK-A-001,ภาคกลาง,148,2252
2025-01-19,TK-A-001,ภาคตะวันออก,107,1926
2025-01-19,TK-A-001,ภาคเหนือ,105,1767
2025-01-19,TK-A-001,ภาคใต้,118,2466
2025-01-19,GL-B-014,กรุงเทพฯ,895,16009
2025-01-19,GL-B-014,ภาคกลาง,723,14277
2025-01-19,GL-B-014,ภาคตะวันออก,513,9109
2025-01-19,GL-B-014,ภาคเหนือ,501,8176
2025-01-19,GL-B-014,ภาคใต้,645,12127
2025-01-19,MK-C-028,กรุงเทพฯ,694,11581
2025-01-19,MK-C-028,ภาคกลาง,494,10442
2025-01-19,MK-C-028,ภาคตะวันออก,433,7391
2025-01-19,MK-C-028,ภาคเหนือ,389,6038
2025-01-19,MK-C-028,ภาคใต้,460,8443
2025-01-19,SY-D-039,กรุงเทพฯ,476,7153
2025-01-19,SY-D-039,ภาคกลาง,352,6956
2025-01-19,SY-D-039,ภาคตะวันออก,293,4699
2025-01-19,SY-D-039,ภาคเหนือ,255,3925
2025-01-19,SY-D-039,ภาคใต้,271,5119
2025-01-19,AG-E-052,กรุงเทพฯ,139,2453
2025-01-19,AG-E-052,ภาคกลาง,108,1653
2025-01-19,AG-E-052,ภาคตะวันออก,88,1617
2025-01-19,AG-E-052,ภาคเหนือ,69,1352
2025-01-19,AG-E-052,ภาคใต้,92,1475
2025-01-20,TK-A-001,กรุงเทพฯ,185,2912
2025-01-20,TK-A-001,ภาคกลาง,146,2660
2025-01-20,TK-A-001,ภาคตะวันออก,109,2135
2025-01-20,TK-A-001,ภาคเหนือ,88,1515
2025-01-20,TK-A-001,ภาคใต้,120,2065
2025-01-20,GL-B-014,กรุงเทพฯ,905,14261
2025-01-20,GL-B-014,ภาคกลาง,798,14597
2025-01-20,GL-B-014,ภาคตะวันออก,588,11077
2025-01-20,GL-B-014,ภาคเหนือ,458,7638
2025-01-20,GL-B-014,ภาคใต้,677,12479
2025-01-20,MK-C-028,กรุงเทพฯ,664,12454
2025-01-20,MK-C-028,ภาคกลาง,559,9763
2025-01-20,MK-C-028,ภาคตะวันออก,406,7110
2025-01-20,MK-C-028,ภาคเหนือ,329,6288
2025-01-20,MK-C-028,ภาคใต้,445,8252
2025-01-20,SY-D-039,กรุงเทพฯ,449,8007
2025-01-20,SY-D-039,ภาคกลาง,346,7057
2025-01-20,SY-D-039,ภาคตะวันออก,279,4293
2025-01-20,SY-D-039,ภาคเหนือ,218,3745
2025-01-20,SY-D-039,ภาคใต้,270,4680
2025-01-20,AG-E-052,กรุงเทพฯ,124,2694
2025-01-20,AG-E-052,ภาคกลาง,102,2183
2025-01-20,AG-E-052,ภาคตะวันออก,80,1328
2025-01-20,AG-E-052,ภาคเหนือ,74,1184
2025-01-20,AG-E-052,ภาคใต้,85,1656
2025-01-21,TK-A-001,กรุงเทพฯ,196,3403
2025-01-21,TK-A-001,ภาคกลาง,156,2321
2025-01-21,TK-A-001,ภาคตะวันออก,118,2073
2025-01-21,TK-A-001,ภาคเหนือ,90,1599
2025-01-21,TK-A-001,ภาคใต้,111,2312
2025-01-21,GL-B-014,กรุงเทพฯ,868,17170
2025-01-21,GL-B-014,ภาคกลาง,727,13033
2025-01-21,GL-B-014,ภาคตะวันออก,565,11496
2025-01-21,GL-B-014,ภาคเหนือ,514,8241
2025-01-21,GL-B-014,ภาคใต้,596,11260
2025-01-21,MK-C-028,กรุงเทพฯ,711,10679
2025-01-21,MK-C-028,ภาคกลาง,555,9305
2025-01-21,MK-C-028,ภาคตะวันออก,395,6703
2025-01-21,MK-C-028,ภาคเหนือ,355,6468
2025-01-21,MK-C-028,ภาคใต้,426,7769
2025-01-21,SY-D-039,กรุงเทพฯ,436,8130
2025-01-21,SY-D-039,ภาคกลาง,365,6623
2025-01-21,SY-D-039,ภาคตะวันออก,281,5469
2025-01-21,SY-D-039,ภาคเหนือ,262,3872
2025-01-21,SY-D-039,ภาคใต้,328,5359
2025-01-21,AG-E-052,กรุงเทพฯ,141,2592
2025-01-21,AG-E-052,ภาคกลาง,99,2195
2025-01-21,AG-E-052,ภาคตะวันออก,74,1312
2025-01-21,AG-E-052,ภาคเหนือ,70,1427
2025-01-21,AG-E-052,ภาคใต้,82,1507
2025-01-22,TK-A-001,กรุงเทพฯ,179,3165
2025-01-22,TK-A-001,ภาคกลาง,146,2256
2025-01-22,TK-A-001,ภาคตะวันออก,112,2077
2025-01-22,TK-A-001,ภาคเหนือ,93,1628
2025-01-22,TK-A-001,ภาคใต้,122,2117
2025-01-22,GL-B-014,กรุงเทพฯ,898,16844
2025-01-22,GL-B-014,ภาคกลาง,785,11836
2025-01-22,GL-B-014,ภาคตะวันออก,556,10406
2025-01-22,GL-B-014,ภาคเหนือ,478,9849
2025-01-22,GL-B-014,ภาคใต้,574,9558
2025-01-22,MK-C-028,กรุงเทพฯ,609,11744
2025-01-22,MK-C-028,ภาคกลาง,559,10228
2025-01-22,MK-C-028,ภาคตะวันออก,415,7052
2025-01-22,MK-C-028,ภาคเหนือ,387,6575
2025-01-22,MK-C-028,ภาคใต้,473,7624
2025-01-22,SY-D-039,กรุงเทพฯ,410,7907
2025-01-22,SY-D-039,ภาคกลาง,396,7426
2025-01-22,SY-D-039,ภาคตะวันออก,280,4170
2025-01-22,SY-D-039,ภาคเหนือ,235,3914
2025-01-22,SY-D-039,ภาคใต้,317,6080
2025-01-22,AG-E-052,กรุงเทพฯ,137,2323
2025-01-22,AG-E-052,ภาคกลาง,102,2004
2025-01-22,AG-E-052,ภาคตะวันออก,88,1452
2025-01-22,AG-E-052,ภาคเหนือ,65,1401
2025-01-22,AG-E-052,ภาคใต้,94,1850
2025-01-23,TK-A-001,กรุงเทพฯ,196,3466
2025-01-23,TK-A-001,ภาคกลาง,132,2688
2025-01-23,TK-A-001,ภาคตะวันออก,100,1858
2025-01-23,TK-A-001,ภาคเหนือ,90,1647
2025-01-23,TK-A-001,ภาคใต้,121,1888
2025-01-23,GL-B-014,กรุงเทพฯ,842,15037
2025-01-23,GL-B-014,ภาคกลาง,766,14962
2025-01-23,GL-B-014,ภาคตะวันออก,594,10206
2025-01-23,GL-B-014,ภาคเหนือ,476,8221
2025-01-23,GL-B-014,ภาคใต้,638,10423
2025-01-23,MK-C-028,กรุงเทพฯ,709,11466
2025-01-23,MK-C-028,ภาคกลาง,591,8753
2025-01-23,MK-C-028,ภาคตะวันออก,421,6710
2025-01-23,MK-C-028,ภาคเหนือ,351,6617
2025-01-23,MK-C-028,ภาคใต้,435,9167
2025-01-23,SY-D-039,กรุงเทพฯ,428,7915
2025-01-23,SY-D-039,ภาคกลาง,389,7256
2025-01-23,SY-D-039,ภาคตะวันออก,275,4329
2025-01-23,SY-D-039,ภาคเหนือ,236,4937
2025-01-23,SY-D-039,ภาคใต้,329,5785
2025-01-23,AG-E-052,กรุงเทพฯ,132,2786
2025-01-23,AG-E-052,ภาคกลาง,109,1657
2025-01-23,AG-E-052,ภาคตะวันออก,83,1598
2025-01-23,AG-E-052,ภาคเหนือ,68,1308
2025-01-23,AG-E-052,ภาคใต้,93,1454
2025-01-24,TK-A-001,กรุงเทพฯ,194,3607
2025-01-24,TK-A-001,ภาคกลาง,145,2341
2025-01-24,TK-A-001,ภาคตะวันออก,102,1867
2025-01-24,TK-A-001,ภาคเหนือ,88,1855
2025-01-24,TK-A-001,ภาคใต้,127,1922
2025-01-24,GL-B-014,กรุงเทพฯ,893,19233
2025-01-24,GL-B-014,ภาคกลาง,766,12969
2025-01-24,GL-B-014,ภาคตะวันออก,558,9559
2025-01-24,GL-B-014,ภาคเหนือ,503,8158
2025-01-24,GL-B-014,ภาคใต้,589,10198
2025-01-24,MK-C-028,กรุงเทพฯ,635,10706
2025-01-24,MK-C-028,ภาคกลาง,513,8848
2025-01-24,MK-C-028,ภาคตะวันออก,430,6802
2025-01-24,MK-C-028,ภาคเหนือ,359,6099
2025-01-24,MK-C-028,ภาคใต้,481,7877
2025-01-24,SY-D-039,กรุงเทพฯ,414,8012
2025-01-24,SY-D-039,ภาคกลาง,342,5858
2025-01-24,SY-D-039,ภาคตะวันออก,276,5093
2025-01-24,SY-D-039,ภาคเหนือ,246,3701
2025-01-24,SY-D-039,ภาคใต้,284,4853
2025-01-24,AG-E-052,กรุงเทพฯ,123,2624
2025-01-24,AG-E-052,ภาคกลาง,110,2097
2025-01-24,AG-E-052,ภาคตะวันออก,73,1310
2025-01-24,AG-E-052,ภาคเหนือ,69,1129
2025-01-24,AG-E-052,ภาคใต้,94,1604
2025-01-25,TK-A-001,กรุงเทพฯ,181,2934
2025-01-25,TK-A-001,ภาคกลาง,154,2632
2025-01-25,TK-A-001,ภาคตะวันออก,107,1857
2025-01-25,TK-A-001,ภาคเหนือ,96,1585
2025-01-25,TK-A-001,ภาคใต้,121,2089
2025-01-25,GL-B-014,กรุงเทพฯ,986,17985
2025-01-25,GL-B-014,ภาคกลาง,795,11467
2025-01-25,GL-B-014,ภาคตะวันออก,555,10694
2025-01-25,GL-B-014,ภาคเหนือ,530,8552
2025-01-25,GL-B-014,ภาคใต้,614,12089
2025-01-25,MK-C-028,กรุงเทพฯ,671,11139
2025-01-25,MK-C-028,ภาคกลาง,497,10867
2025-01-25,MK-C-028,ภาคตะวันออก,418,6229
2025-01-25,MK-C-028,ภาคเหนือ,387,5661
2025-01-25,MK-C-028,ภาคใต้,474,7651
2025-01-25,SY-D-039,กรุงเทพฯ,436,8929
2025-01-25,SY-D-039,ภาคกลาง,355,6421
2025-01-25,SY-D-039,ภาคตะวันออก,289,5245
2025-01-25,SY-D-039,ภาคเหนือ,259,4676
2025-01-25,SY-D-039,ภาคใต้,294,6110
2025-01-25,AG-E-052,กรุงเทพฯ,145,2126
2025-01-25,AG-E-052,ภาคกลาง,108,1766
2025-01-25,AG-E-052,ภาคตะวันออก,76,1635
2025-01-25,AG-E-052,ภาคเหนือ,79,1234
2025-01-25,AG-E-052,ภาคใต้,86,1537
2025-01-26,TK-A-001,กรุงเทพฯ,191,3589
2025-01-26,TK-A-001,ภาคกลาง,149,2485
2025-01-26,TK-A-001,ภาคตะวันออก,99,2099
2025-01-26,TK-A-001,ภาคเหนือ,100,1717
2025-01-26,TK-A-001,ภาคใต้,111,2210
2025-01-26,GL-B-014,กรุงเทพฯ,937,16740
2025-01-26,GL-B-014,ภาคกลาง,734,13814
2025-01-26,GL-B-014,ภาคตะวันออก,548,8823
2025-01-26,GL-B-014,ภาคเหนือ,448,7611
2025-01-26,GL-B-014,ภาคใต้,673,11193
2025-01-26,MK-C-028,กรุงเทพฯ,671,11541
2025-01-26,MK-C-028,ภาคกลาง,517,9238
2025-01-26,MK-C-028,ภาคตะวันออก,435,7220
2025-01-26,MK-C-028,ภาคเหนือ,359,6268
2025-01-26,MK-C-028,ภาคใต้,475,7462
2025-01-26,SY-D-039,กรุงเทพฯ,423,7066
2025-01-26,SY-D-039,ภาคกลาง,373,5644
2025-01-26,SY-D-039,ภาคตะวันออก,254,5184
2025-01-26,SY-D-039,ภาคเหนือ,227,4270
2025-01-26,SY-D-039,ภาคใต้,307,5948
2025-01-26,AG-E-052,กรุงเทพฯ,124,2189
2025-01-26,AG-E-052,ภาคกลาง,100,1800
2025-01-26,AG-E-052,ภาคตะวันออก,82,1396
2025-01-26,AG-E-052,ภาคเหนือ,67,1313
2025-01-26,AG-E-052,ภาคใต้,82,1438
2025-01-27,TK-A-001,กรุงเทพฯ,177,3045
2025-01-27,TK-A-001,ภาคกลาง,152,2320
2025-01-27,TK-A-001,ภาคตะวันออก,106,1683
2025-01-27,TK-A-001,ภาคเหนือ,88,1660
2025-01-27,TK-A-001,ภาคใต้,109,2459
2025-01-27,GL-B-014,กรุงเทพฯ,942,18849
2025-01-27,GL-B-014,ภาคกลาง,709,13606
2025-01-27,GL-B-014,ภาคตะวันออก,614,10925
2025-01-27,GL-B-014,ภาคเหนือ,544,7978
2025-01-27,GL-B-014,ภาคใต้,677,12459
2025-01-27,MK-C-028,กรุงเทพฯ,633,12974
2025-01-27,MK-C-028,ภาคกลาง,532,9555
2025-01-27,MK-C-028,ภาคตะวันออก,381,7082
2025-01-27,MK-C-028,ภาคเหนือ,328,5555
2025-01-27,MK-C-028,ภาคใต้,471,8705
2025-01-27,SY-D-039,กรุงเทพฯ,456,8189
2025-01-27,SY-D-039,ภาคกลาง,382,6648
2025-01-27,SY-D-039,ภาคตะวันออก,272,5535
2025-01-27,SY-D-039,ภาคเหนือ,241,3802
2025-01-27,SY-D-039,ภาคใต้,316,5846
2025-01-27,AG-E-052,กรุงเทพฯ,127,2282
2025-01-27,AG-E-052,ภาคกลาง,111,1786
2025-01-27,AG-E-052,ภาคตะวันออก,78,1317
2025-01-27,AG-E-052,ภาคเหนือ,73,1485
2025-01-27,AG-E-052,ภาคใต้,88,1464
2025-01-28,TK-A-001,กรุงเทพฯ,191,3512
2025-01-28,TK-A-001,ภาคกลาง,156,2771
2025-01-28,TK-A-001,ภาคตะวันออก,102,1690
2025-01-28,TK-A-001,ภาคเหนือ,92,1983
2025-01-28,TK-A-001,ภาคใต้,126,2394
2025-01-28,GL-B-014,กรุงเทพฯ,891,14739
2025-01-28,GL-B-014,ภาคกลาง,673,12348
2025-01-28,GL-B-014,ภาคตะวันออก,611,10107
2025-01-28,GL-B-014,ภาคเหนือ,460,8040
2025-01-28,GL-B-014,ภาคใต้,662,10456
2025-01-28,MK-C-028,กรุงเทพฯ,737,12667
2025-01-28,MK-C-028,ภาคกลาง,523,9099
2025-01-28,MK-C-028,ภาคตะวันออก,366,6921
2025-01-28,MK-C-028,ภาคเหนือ,359,7087
2025-01-28,MK-C-028,ภาคใต้,493,7340
2025-01-28,SY-D-039,กรุงเทพฯ,442,7056
2025-01-28,SY-D-039,ภาคกลาง,359,6868
2025-01-28,SY-D-039,ภาคตะวันออก,243,4700
2025-01-28,SY-D-039,ภาคเหนือ,259,4681
2025-01-28,SY-D-039,ภาคใต้,272,4995
2025-01-28,AG-E-052,กรุงเทพฯ,125,2392
2025-01-28,AG-E-052,ภาคกลาง,105,1910
2025-01-28,AG-E-052,ภาคตะวันออก,86,1595
2025-01-28,AG-E-052,ภาคเหนือ,70,1472
2025-01-28,AG-E-052,ภาคใต้,82,1860
2025-01-29,TK-A-001,กรุงเทพฯ,170,3132
2025-01-29,TK-A-001,ภาคกลาง,132,2205
2025-01-29,TK-A-001,ภาคตะวันออก,115,1664
2025-01-29,TK-A-001,ภาคเหนือ,91,1845
2025-01-29,TK-A-001,ภาคใต้,112,2339
2025-01-29,GL-B-014,กรุงเทพฯ,1005,16806
2025-01-29,GL-B-014,ภาคกลาง,735,14497
2025-01-29,GL-B-014,ภาคตะวันออก,590,8656
2025-01-29,GL-B-014,ภาคเหนือ,498,8128
2025-01-29,GL-B-014,ภาคใต้,604,10852
2025-01-29,MK-C-028,กรุงเทพฯ,616,12595
2025-01-29,MK-C-028,ภาคกลาง,536,10299
2025-01-29,MK-C-028,ภาคตะวันออก,428,6337
2025-01-29,MK-C-028,ภาคเหนือ,338,6303
2025-01-29,MK-C-028,ภาคใต้,494,7948
2025-01-29,SY-D-039,กรุงเทพฯ,490,8092
2025-01-29,SY-D-039,ภาคกลาง,345,5736
2025-01-29,SY-D-039,ภาคตะวันออก,293,5545
2025-01-29,SY-D-039,ภาคเหนือ,218,4691
2025-01-29,SY-D-039,ภาคใต้,304,4972
2025-01-29,AG-E-052,กรุงเทพฯ,122,2677
2025-01-29,AG-E-052,ภาคกลาง,114,2036
2025-01-29,AG-E-052,ภาคตะวันออก,80,1654
2025-01-29,AG-E-052,ภาคเหนือ,75,1109
2025-01-29,AG-E-052,ภาคใต้,86,1674
2025-01-30,TK-A-001,กรุงเทพฯ,193,3584
2025-01-30,TK-A-001,ภาคกลาง,131,2788
2025-01-30,TK-A-001,ภาคตะวันออก,108,2148
2025-01-30,TK-A-001,ภาคเหนือ,97,1841
2025-01-30,TK-A-001,ภาคใต้,116,2330
2025-01-30,GL-B-014,กรุงเทพฯ,883,15390
2025-01-30,GL-B-014,ภาคกลาง,758,13625
2025-01-30,GL-B-014,ภาคตะวันออก,560,8989
2025-01-30,GL-B-014,ภาคเหนือ,516,9552
2025-01-30,GL-B-014,ภาคใต้,608,9767
2025-01-30,MK-C-028,กรุงเทพฯ,728,10381
2025-01-30,MK-C-028,ภาคกลาง,590,8917
2025-01-30,MK-C-028,ภาคตะวันออก,438,8147
2025-01-30,MK-C-028,ภาคเหนือ,390,7349
2025-01-30,MK-C-028,ภาคใต้,430,8546
2025-01-30,SY-D-039,กรุงเทพฯ,471,6925
2025-01-30,SY-D-039,ภาคกลาง,325,5693
2025-01-30,SY-D-039,ภาคตะวันออก,276,4839
2025-01-30,SY-D-039,ภาคเหนือ,250,4282
2025-01-30,SY-D-039,ภาคใต้,327,5563
2025-01-30,AG-E-052,กรุงเทพฯ,129,2200
2025-01-30,AG-E-052,ภาคกลาง,100,1825
2025-01-30,AG-E-052,ภาคตะวันออก,88,1629
2025-01-30,AG-E-052,ภาคเหนือ,66,1145
2025-01-30,AG-E-052,ภาคใต้,98,1649
2025-01-31,TK-A-001,กรุงเทพฯ,174,3348
2025-01-31,TK-A-001,ภาคกลาง,151,2626
2025-01-31,TK-A-001,ภาคตะวันออก,101,2010
2025-01-31,TK-A-001,ภาคเหนือ,98,1504
2025-01-31,TK-A-001,ภาคใต้,128,2377
2025-01-31,GL-B-014,กรุงเทพฯ,990,18805
2025-01-31,GL-B-014,ภาคกลาง,715,14490
2025-01-31,GL-B-014,ภาคตะวันออก,597,9109
2025-01-31,GL-B-014,ภาคเหนือ,495,9934
2025-01-31,GL-B-014,ภาคใต้,579,11007
2025-01-31,MK-C-028,กรุงเทพฯ,687,11672
2025-01-31,MK-C-028,ภาคกลาง,589,9907
2025-01-31,MK-C-028,ภาคตะวันออก,378,6839
2025-01-31,MK-C-028,ภาคเหนือ,395,5571
2025-01-31,MK-C-028,ภาคใต้,486,8304
2025-01-31,SY-D-039,กรุงเทพฯ,468,8827
2025-01-31,SY-D-039,ภาคกลาง,345,6033
2025-01-31,SY-D-039,ภาคตะวันออก,256,5052
2025-01-31,SY-D-039,ภาคเหนือ,225,3843
2025-01-31,SY-D-039,ภาคใต้,327,5581
2025-01-31,AG-E-052,กรุงเทพฯ,140,2341
2025-01-31,AG-E-052,ภาคกลาง,112,1888
2025-01-31,AG-E-052,ภาคตะวันออก,74,1321
2025-01-31,AG-E-052,ภาคเหนือ,76,1208
2025-01-31,AG-E-052,ภาคใต้,87,1461
2025-02-01,TK-A-001,กรุงเทพฯ,185,2778
2025-02-01,TK-A-001,ภาคกลาง,138,2303
2025-02-01,TK-A-001,ภาคตะวันออก,102,1867
2025-02-01,TK-A-001,ภาคเหนือ,93,1776
2025-02-01,TK-A-001,ภาคใต้,108,2065
2025-02-01,GL-B-014,กรุงเทพฯ,971,14722
2025-02-01,GL-B-014,ภาคกลาง,710,14891
2025-02-01,GL-B-014,ภาคตะวันออก,582,9036
2025-02-01,GL-B-014,ภาคเหนือ,468,8704
2025-02-01,GL-B-014,ภาคใต้,636,10713
2025-02-01,MK-C-028,กรุงเทพฯ,741,12263
2025-02-01,MK-C-028,ภาคกลาง,543,8391
2025-02-01,MK-C-028,ภาคตะวันออก,399,7718
2025-02-01,MK-C-028,ภาคเหนือ,381,6513
2025-02-01,MK-C-028,ภาคใต้,464,8238
2025-02-01,SY-D-039,กรุงเทพฯ,487,8920
2025-02-01,SY-D-039,ภาคกลาง,358,6935
2025-02-01,SY-D-039,ภาคตะวันออก,254,4774
2025-02-01,SY-D-039,ภาคเหนือ,252,4506
2025-02-01,SY-D-039,ภาคใต้,282,5014
2025-02-01,AG-E-052,กรุงเทพฯ,131,2101
2025-02-01,AG-E-052,ภาคกลาง,98,1735
2025-02-01,AG-E-052,ภาคตะวันออก,80,1364
2025-02-01,AG-E-052,ภาคเหนือ,66,1337
2025-02-01,AG-E-052,ภาคใต้,83,1553
2025-02-02,TK-A-001,กรุงเทพฯ,181,3097
2025-02-02,TK-A-001,ภาคกลาง,148,2523
2025-02-02,TK-A-001,ภาคตะวันออก,116,1655
2025-02-02,TK-A-001,ภาคเหนือ,99,1544
2025-02-02,TK-A-001,ภาคใต้,112,2469
2025-02-02,GL-B-014,กรุงเทพฯ,954,15910
2025-02-02,GL-B-014,ภาคกลาง,805,13498
2025-02-02,GL-B-014,ภาคตะวันออก,580,9925
2025-02-02,GL-B-014,ภาคเหนือ,511,8441
2025-02-02,GL-B-014,ภาคใต้,580,9527
2025-02-02,MK-C-028,กรุงเทพฯ,712,10602
2025-02-02,MK-C-028,ภาคกลาง,534,8677
2025-02-02,MK-C-028,ภาคตะวันออก,370,6528
2025-02-02,MK-C-028,ภาคเหนือ,348,6703
2025-02-02,MK-C-028,ภาคใต้,482,7135
2025-02-02,SY-D-039,กรุงเทพฯ,409,7530
2025-02-02,SY-D-039,ภาคกลาง,335,6638
2025-02-02,SY-D-039,ภาคตะวันออก,281,4733
2025-02-02,SY-D-039,ภาคเหนือ,254,3845
2025-02-02,SY-D-039,ภาคใต้,286,6112
2025-02-02,AG-E-052,กรุงเทพฯ,137,2598
2025-02-02,AG-E-052,ภาคกลาง,104,2221
2025-02-02,AG-E-052,ภาคตะวันออก,74,1284
2025-02-02,AG-E-052,ภาคเหนือ,79,1262
2025-02-02,AG-E-052,ภาคใต้,86,1488
2025-02-03,TK-A-001,กรุงเทพฯ,163,3412
2025-02-03,TK-A-001,ภาคกลาง,148,2599
2025-02-03,TK-A-001,ภาคตะวันออก,118,1936
2025-02-03,TK-A-001,ภาคเหนือ,103,1739
2025-02-03,TK-A-001,ภาคใต้,120,2174
2025-02-03,GL-B-014,กรุงเทพฯ,941,16089
2025-02-03,GL-B-014,ภาคกลาง,773,12366
2025-02-03,GL-B-014,ภาคตะวันออก,502,11535
2025-02-03,GL-B-014,ภาคเหนือ,534,8337
2025-02-03,GL-B-014,ภาคใต้,662,9518
2025-02-03,MK-C-028,กรุงเทพฯ,626,10678
2025-02-03,MK-C-028,ภาคกลาง,504,10877
2025-02-03,MK-C-028,ภาคตะวันออก,420,8225
2025-02-03,MK-C-028,ภาคเหนือ,336,6741
2025-02-03,MK-C-028,ภาคใต้,455,7190
2025-02-03,SY-D-039,กรุงเทพฯ,406,7098
2025-02-03,SY-D-039,ภาคกลาง,371,6320
2025-02-03,SY-D-039,ภาคตะวันออก,289,5211
2025-02-03,SY-D-039,ภาคเหนือ,249,4658
2025-02-03,SY-D-039,ภาคใต้,280,5557
2025-02-03,AG-E-052,กรุงเทพฯ,146,2608
2025-02-03,AG-E-052,ภาคกลาง,113,1843
2025-02-03,AG-E-052,ภาคตะวันออก,80,1568
2025-02-03,AG-E-052,ภาคเหนือ,77,1486
2025-02-03,AG-E-052,ภาคใต้,95,1536
2025-02-04,TK-A-001,กรุงเทพฯ,166,3641
2025-02-04,TK-A-001,ภาคกลาง,140,2561
2025-02-04,TK-A-001,ภาคตะวันออก,115,1972
2025-02-04,TK-A-001,ภาคเหนือ,89,1840
2025-02-04,TK-A-001,ภาคใต้,131,2088
2025-02-04,GL-B-014,กรุงเทพฯ,917,16558
2025-02-04,GL-B-014,ภาคกลาง,818,12477
2025-02-04,GL-B-014,ภาคตะวันออก,541,10322
2025-02-04,GL-B-014,ภาคเหนือ,449,9344
2025-02-04,GL-B-014,ภาคใต้,617,11075
2025-02-04,MK-C-028,กรุงเทพฯ,682,12791
2025-02-04,MK-C-028,ภาคกลาง,571,8539
2025-02-04,MK-C-028,ภาคตะวันออก,432,6395
2025-02-04,MK-C-028,ภาคเหนือ,346,6602
2025-02-04,MK-C-028,ภาคใต้,477,7890
2025-02-04,SY-D-039,กรุงเทพฯ,477,7993
2025-02-04,SY-D-039,ภาคกลาง,337,7118
2025-02-04,SY-D-039,ภาคตะวันออก,255,5154
2025-02-04,SY-D-039,ภาคเหนือ,227,4593
2025-02-04,SY-D-039,ภาคใต้,292,6123
2025-02-04,AG-E-052,กรุงเทพฯ,129,2677
2025-02-04,AG-E-052,ภาคกลาง,101,2013
2025-02-04,AG-E-052,ภาคตะวันออก,84,1505
2025-02-04,AG-E-052,ภาคเหนือ,69,1155
2025-02-04,AG-E-052,ภาคใต้,86,1784
2025-02-05,TK-A-001,กรุงเทพฯ,177,3691
2025-02-05,TK-A-001,ภาคกลาง,139,2211
2025-02-05,TK-A-001,ภาคตะวันออก,117,1926
2025-02-05,TK-A-001,ภาคเหนือ,96,1981
2025-02-05,TK-A-001,ภาคใต้,130,2345
2025-02-05,GL-B-014,กรุงเทพฯ,857,17096
2025-02-05,GL-B-014,ภาคกลาง,728,11942
2025-02-05,GL-B-014,ภาคตะวันออก,523,9869
2025-02-05,GL-B-014,ภาคเหนือ,449,8455
2025-02-05,GL-B-014,ภาคใต้,665,10697
2025-02-05,MK-C-028,กรุงเทพฯ,690,11421
2025-02-05,MK-C-028,ภาคกลาง,583,10186
2025-02-05,MK-C-028,ภาคตะวันออก,441,6440
2025-02-05,MK-C-028,ภาคเหนือ,377,6226
2025-02-05,MK-C-028,ภาคใต้,456,8260
2025-02-05,SY-D-039,กรุงเทพฯ,420,8280
2025-02-05,SY-D-039,ภาคกลาง,374,6274
2025-02-05,SY-D-039,ภาคตะวันออก,274,5303
2025-02-05,SY-D-039,ภาคเหนือ,233,4755
2025-02-05,SY-D-039,ภาคใต้,284,5475
2025-02-05,AG-E-052,กรุงเทพฯ,137,2688
2025-02-05,AG-E-052,ภาคกลาง,106,1779
2025-02-05,AG-E-052,ภาคตะวันออก,86,1428
2025-02-05,AG-E-052,ภาคเหนือ,76,1158
2025-02-05,AG-E-052,ภาคใต้,87,1695
2025-02-06,TK-A-001,กรุงเทพฯ,195,3174
2025-02-06,TK-A-001,ภาคกลาง,140,2621
2025-02-06,TK-A-001,ภาคตะวันออก,111,2078
2025-02-06,TK-A-001,ภาคเหนือ,99,1878
2025-02-06,TK-A-001,ภาคใต้,112,2026
2025-02-06,GL-B-014,กรุงเทพฯ,854,19106
2025-02-06,GL-B-014,ภาคกลาง,804,14836
2025-02-06,GL-B-014,ภาคตะวันออก,572,10818
2025-02-06,GL-B-014,ภาคเหนือ,459,8165
2025-02-06,GL-B-014,ภาคใต้,636,10311
2025-02-06,MK-C-028,กรุงเทพฯ,696,12129
2025-02-06,MK-C-028,ภาคกลาง,508,9806
2025-02-06,MK-C-028,ภาคตะวันออก,403,7417
2025-02-06,MK-C-028,ภาคเหนือ,333,7377
2025-02-06,MK-C-028,ภาคใต้,409,6958
2025-02-06,SY-D-039,กรุงเทพฯ,471,8947
2025-02-06,SY-D-039,ภาคกลาง,349,7075
2025-02-06,SY-D-039,ภาคตะวันออก,274,4855
2025-02-06,SY-D-039,ภาคเหนือ,233,3843
2025-02-06,SY-D-039,ภาคใต้,319,5933
2025-02-06,AG-E-052,กรุงเทพฯ,126,2476
2025-02-06,AG-E-052,ภาคกลาง,113,1666
2025-02-06,AG-E-052,ภาคตะวันออก,75,1409
2025-02-06,AG-E-052,ภาคเหนือ,75,1441
2025-02-06,AG-E-052,ภาคใต้,92,1550
2025-02-07,TK-A-001,กรุงเทพฯ,183,3558
2025-02-07,TK-A-001,ภาคกลาง,139,2798
2025-02-07,TK-A-001,ภาคตะวันออก,105,2179
2025-02-07,TK-A-001,ภาคเหนือ,96,1603
2025-02-07,TK-A-001,ภาคใต้,119,2446
2025-02-07,GL-B-014,กรุงเทพฯ,966,18719
2025-02-07,GL-B-014,ภาคกลาง,682,14974
2025-02-07,GL-B-014,ภาคตะวันออก,605,9508
2025-02-07,GL-B-014,ภาคเหนือ,503,7844
2025-02-07,GL-B-014,ภาคใต้,667,9989
2025-02-07,MK-C-028,กรุงเทพฯ,679,13008
2025-02-07,MK-C-028,ภาคกลาง,514,10642
2025-02-07,MK-C-028,ภาคตะวันออก,381,8323
2025-02-07,MK-C-028,ภาคเหนือ,394,6589
2025-02-07,MK-C-028,ภาคใต้,452,7844
2025-02-07,SY-D-039,กรุงเทพฯ,439,7586
2025-02-07,SY-D-039,ภาคกลาง,361,7035
2025-02-07,SY-D-039,ภาคตะวันออก,292,4853
2025-02-07,SY-D-039,ภาคเหนือ,230,4182
2025-02-07,SY-D-039,ภาคใต้,319,5291
2025-02-07,AG-E-052,กรุงเทพฯ,141,2181
2025-02-07,AG-E-052,ภาคกลาง,117,1790
2025-02-07,AG-E-052,ภาคตะวันออก,78,1503
2025-02-07,AG-E-052,ภาคเหนือ,67,1401
2025-02-07,AG-E-052,ภาคใต้,82,1536
2025-02-08,TK-A-001,กรุงเทพฯ,165,3018
2025-02-08,TK-A-001,ภาคกลาง,147,2468
2025-02-08,TK-A-001,ภาคตะวันออก,101,1737
2025-02-08,TK-A-001,ภาคเหนือ,90,1802
2025-02-08,TK-A-001,ภาคใต้,112,2139
2025-02-08,GL-B-014,กรุงเทพฯ,994,18223
2025-02-08,GL-B-014,ภาคกลาง,756,11509
2025-02-08,GL-B-014,ภาคตะวันออก,509,9754
2025-02-08,GL-B-014,ภาคเหนือ,542,7656
2025-02-08,GL-B-014,ภาคใต้,659,11989
2025-02-08,MK-C-028,กรุงเทพฯ,620,12688
2025-02-08,MK-C-028,ภาคกลาง,564,11117
2025-02-08,MK-C-028,ภาคตะวันออก,392,6766
2025-02-08,MK-C-028,ภาคเหนือ,354,6704
2025-02-08,MK-C-028,ภาคใต้,430,9058
2025-02-08,SY-D-039,กรุงเทพฯ,419,7531
2025-02-08,SY-D-039,ภาคกลาง,388,5875
2025-02-08,SY-D-039,ภาคตะวันออก,265,5306
2025-02-08,SY-D-039,ภาคเหนือ,216,3796
2025-02-08,SY-D-039,ภาคใต้,276,5307
2025-02-08,AG-E-052,กรุงเทพฯ,145,2739
2025-02-08,AG-E-052,ภาคกลาง,109,1875
2025-02-08,AG-E-052,ภาคตะวันออก,75,1482
2025-02-08,AG-E-052,ภาคเหนือ,69,1119
2025-02-08,AG-E-052,ภาคใต้,84,1813
2025-02-09,TK-A-001,กรุงเทพฯ,177,2793
2025-02-09,TK-A-001,ภาคกลาง,136,2923
2025-02-09,TK-A-001,ภาคตะวันออก,101,1854
2025-02-09,TK-A-001,ภาคเหนือ,91,1921
2025-02-09,TK-A-001,ภาคใต้,125,2097
2025-02-09,GL-B-014,กรุงเทพฯ,907,16195
2025-02-09,GL-B-014,ภาคกลาง,721,11632
2025-02-09,GL-B-014,ภาคตะวันออก,520,10931
2025-02-09,GL-B-014,ภาคเหนือ,453,9248
2025-02-09,GL-B-014,ภาคใต้,679,11706
2025-02-09,MK-C-028,กรุงเทพฯ,668,11610
2025-02-09,MK-C-028,ภาคกลาง,579,9531
2025-02-09,MK-C-028,ภาคตะวันออก,422,6824
2025-02-09,MK-C-028,ภาคเหนือ,374,7027
2025-02-09,MK-C-028,ภาคใต้,463,7242
2025-02-09,SY-D-039,กรุงเทพฯ,424,8962
2025-02-09,SY-D-039,ภาคกลาง,344,6816
2025-02-09,SY-D-039,ภาคตะวันออก,265,5209
2025-02-09,SY-D-039,ภาคเหนือ,249,4686
2025-02-09,SY-D-039,ภาคใต้,289,5690
2025-02-09,AG-E-052,กรุงเทพฯ,134,2255
2025-02-09,AG-E-052,ภาคกลาง,102,2184
2025-02-09,AG-E-052,ภาคตะวันออก,81,1652
2025-02-09,AG-E-052,ภาคเหนือ,77,1174
2025-02-09,AG-E-052,ภาคใต้,86,1668
2025-02-10,TK-A-001,กรุงเทพฯ,186,3045
2025-02-10,TK-A-001,ภาคกลาง,143,2929
2025-02-10,TK-A-001,ภาคตะวันออก,104,1775
2025-02-10,TK-A-001,ภาคเหนือ,95,1714
2025-02-10,TK-A-001,ภาคใต้,125,2218
2025-02-10,GL-B-014,กรุงเทพฯ,1013,15385
2025-02-10,GL-B-014,ภาคกลาง,775,14797
2025-02-10,GL-B-014,ภาคตะวันออก,515,9678
2025-02-10,GL-B-014,ภาคเหนือ,451,7636
2025-02-10,GL-B-014,ภาคใต้,652,10782
2025-02-10,MK-C-028,กรุงเทพฯ,716,13953
2025-02-10,MK-C-028,ภาคกลาง,513,9181
2025-02-10,MK-C-028,ภาคตะวันออก,399,6322
2025-02-10,MK-C-028,ภาคเหนือ,395,5938
2025-02-10,MK-C-028,ภาคใต้,478,8503
2025-02-10,SY-D-039,กรุงเทพฯ,434,9045
2025-02-10,SY-D-039,ภาคกลาง,390,7274
2025-02-10,SY-D-039,ภาคตะวันออก,264,4605
2025-02-10,SY-D-039,ภาคเหนือ,264,3885
2025-02-10,SY-D-039,ภาคใต้,278,5771
2025-02-10,AG-E-052,กรุงเทพฯ,132,2653
2025-02-10,AG-E-052,ภาคกลาง,106,2172
2025-02-10,AG-E-052,ภาคตะวันออก,79,1254
2025-02-10,AG-E-052,ภาคเหนือ,70,1185
2025-02-10,AG-E-052,ภาคใต้,97,1445
2025-02-11,TK-A-001,กรุงเทพฯ,189,3570
2025-02-11,TK-A-001,ภาคกลาง,143,2851
2025-02-11,TK-A-001,ภาคตะวันออก,111,1956
2025-02-11,TK-A-001,ภาคเหนือ,92,1669
2025-02-11,TK-A-001,ภาคใต้,117,2016
2025-02-11,GL-B-014,กรุงเทพฯ,849,17922
2025-02-11,GL-B-014,ภาคกลาง,706,15254
2025-02-11,GL-B-014,ภาคตะวันออก,592,11090
2025-02-11,GL-B-014,ภาคเหนือ,473,8247
2025-02-11,GL-B-014,ภาคใต้,580,12540
2025-02-11,MK-C-028,กรุงเทพฯ,631,12782
2025-02-11,MK-C-028,ภาคกลาง,559,8894
2025-02-11,MK-C-028,ภาคตะวันออก,422,7949
2025-02-11,MK-C-028,ภาคเหนือ,391,6983
2025-02-11,MK-C-028,ภาคใต้,412,8273
2025-02-11,SY-D-039,กรุงเทพฯ,484,9172
2025-02-11,SY-D-039,ภาคกลาง,394,6278
2025-02-11,SY-D-039,ภาคตะวันออก,274,5465
2025-02-11,SY-D-039,ภาคเหนือ,238,4526
2025-02-11,SY-D-039,ภาคใต้,325,5247
2025-02-11,AG-E-052,กรุงเทพฯ,142,2485
2025-02-11,AG-E-052,ภาคกลาง,109,1712
2025-02-11,AG-E-052,ภาคตะวันออก,83,1512
2025-02-11,AG-E-052,ภาคเหนือ,75,1462
2025-02-11,AG-E-052,ภาคใต้,82,1858
2025-02-12,TK-A-001,กรุงเทพฯ,185,3508
2025-02-12,TK-A-001,ภาคกลาง,135,2788
2025-02-12,TK-A-001,ภาคตะวันออก,104,1977
2025-02-12,TK-A-001,ภาคเหนือ,101,1840
2025-02-12,TK-A-001,ภาคใต้,110,2216
2025-02-12,GL-B-014,กรุงเทพฯ,1014,15039
2025-02-12,GL-B-014,ภาคกลาง,709,14224
2025-02-12,GL-B-014,ภาคตะวันออก,564,11222
2025-02-12,GL-B-014,ภาคเหนือ,537,9355
2025-02-12,GL-B-014,ภาคใต้,631,10623
2025-02-12,MK-C-028,กรุงเทพฯ,633,12442
2025-02-12,MK-C-028,ภาคกลาง,549,10183
2025-02-12,MK-C-028,ภาคตะวันออก,385,7673
2025-02-12,MK-C-028,ภาคเหนือ,381,7448
2025-02-12,MK-C-028,ภาคใต้,421,7876
2025-02-12,SY-D-039,กรุงเทพฯ,466,7937
2025-02-12,SY-D-039,ภาคกลาง,371,7017
2025-02-12,SY-D-039,ภาคตะวันออก,293,4478
2025-02-12,SY-D-039,ภาคเหนือ,256,4337
2025-02-12,SY-D-039,ภาคใต้,273,5345
2025-02-12,AG-E-052,กรุงเทพฯ,136,2268
2025-02-12,AG-E-052,ภาคกลาง,104,1669
2025-02-12,AG-E-052,ภาคตะวันออก,82,1317
2025-02-12,AG-E-052,ภาคเหนือ,73,1388
2025-02-12,AG-E-052,ภาคใต้,95,1470
2025-02-13,TK-A-001,กรุงเทพฯ,166,2755
2025-02-13,TK-A-001,ภาคกลาง,151,2455
2025-02-13,TK-A-001,ภาคตะวันออก,112,1738
2025-02-13,TK-A-001,ภาคเหนือ,90,1763
2025-02-13,TK-A-001,ภาคใต้,122,2190
2025-02-13,GL-B-014,กรุงเทพฯ,868,14275
2025-02-13,GL-B-014,ภาคกลาง,791,11482
2025-02-13,GL-B-014,ภาคตะวันออก,508,10470
2025-02-13,GL-B-014,ภาคเหนือ,470,8217
2025-02-13,GL-B-014,ภาคใต้,617,11931
2025-02-13,MK-C-028,กรุงเทพฯ,646,13824
2025-02-13,MK-C-028,ภาคกลาง,498,10583
2025-02-13,MK-C-028,ภาคตะวันออก,377,7392
2025-02-13,MK-C-028,ภาคเหนือ,361,6570
2025-02-13,MK-C-028,ภาคใต้,492,9134
2025-02-13,SY-D-039,กรุงเทพฯ,406,7713
2025-02-13,SY-D-039,ภาคกลาง,338,7275
2025-02-13,SY-D-039,ภาคตะวันออก,294,4142
2025-02-13,SY-D-039,ภาคเหนือ,232,4625
2025-02-13,SY-D-039,ภาคใต้,287,4747
2025-02-13,AG-E-052,กรุงเทพฯ,138,2103
2025-02-13,AG-E-052,ภาคกลาง,115,2177
2025-02-13,AG-E-052,ภาคตะวันออก,75,1587
2025-02-13,AG-E-052,ภาคเหนือ,67,1413
2025-02-13,AG-E-052,ภาคใต้,84,1703
2025-02-14,TK-A-001,กรุงเทพฯ,172,3535
2025-02-14,TK-A-001,ภาคกลาง,149,2345
2025-02-14,TK-A-001,ภาคตะวันออก,109,1833
2025-02-14,TK-A-001,ภาคเหนือ,88,1683
2025-02-14,TK-A-001,ภาคใต้,112,2133
2025-02-14,GL-B-014,กรุงเทพฯ,944,14355
2025-02-14,GL-B-014,ภาคกลาง,808,13938
2025-02-14,GL-B-014,ภาคตะวันออก,526,9015
2025-02-14,GL-B-014,ภาคเหนือ,543,10135
2025-02-14,GL-B-014,ภาคใต้,572,10164
2025-02-14,MK-C-028,กรุงเทพฯ,696,13174
2025-02-14,MK-C-028,ภาคกลาง,592,10099
2025-02-14,MK-C-028,ภาคตะวันออก,408,7732
2025-02-14,MK-C-028,ภาคเหนือ,337,6196
2025-02-14,MK-C-028,ภาคใต้,478,7819
2025-02-14,SY-D-039,กรุงเทพฯ,482,7632
2025-02-14,SY-D-039,ภาคกลาง,325,6052
2025-02-14,SY-D-039,ภาคตะวันออก,287,4424
2025-02-14,SY-D-039,ภาคเหนือ,243,3915
2025-02-14,SY-D-039,ภาคใต้,291,5655
2025-02-14,AG-E-052,กรุงเทพฯ,144,2076
2025-02-14,AG-E-052,ภาคกลาง,100,1759
2025-02-14,AG-E-052,ภาคตะวันออก,79,1376
2025-02-14,AG-E-052,ภาคเหนือ,74,1363
2025-02-14,AG-E-052,ภาคใต้,95,1586
2025-02-15,TK-A-001,กรุงเทพฯ,163,3145
2025-02-15,TK-A-001,ภาคกลาง,138,2469
2025-02-15,TK-A-001,ภาคตะวันออก,110,2074
2025-02-15,TK-A-001,ภาคเหนือ,87,1724
2025-02-15,TK-A-001,ภาคใต้,117,2410
2025-02-15,GL-B-014,กรุงเทพฯ,906,15384
2025-02-15,GL-B-014,ภาคกลาง,761,14312
2025-02-15,GL-B-014,ภาคตะวันออก,532,10533
2025-02-15,GL-B-014,ภาคเหนือ,508,8012
2025-02-15,GL-B-014,ภาคใต้,565,9507
2025-02-15,MK-C-028,กรุงเทพฯ,724,12641
2025-02-15,MK-C-028,ภาคกลาง,495,10492
2025-02-15,MK-C-028,ภาคตะวันออก,384,6467
2025-02-15,MK-C-028,ภาคเหนือ,377,6102
2025-02-15,MK-C-028,ภาคใต้,410,7368
2025-02-15,SY-D-039,กรุงเทพฯ,410,8520
2025-02-15,SY-D-039,ภาคกลาง,362,6024
2025-02-15,SY-D-039,ภาคตะวันออก,259,5160
2025-02-15,SY-D-039,ภาคเหนือ,257,3801
2025-02-15,SY-D-039,ภาคใต้,282,5885
2025-02-15,AG-E-052,กรุงเทพฯ,122,2179
2025-02-15,AG-E-052,ภาคกลาง,113,2163
2025-02-15,AG-E-052,ภาคตะวันออก,87,1393
2025-02-15,AG-E-052,ภาคเหนือ,70,1259
2025-02-15,AG-E-052,ภาคใต้,89,1511
2025-02-16,TK-A-001,กรุงเทพฯ,190,3280
2025-02-16,TK-A-001,ภาคกลาง,134,2226
2025-02-16,TK-A-001,ภาคตะวันออก,113,2070
2025-02-16,TK-A-001,ภาคเหนือ,95,1547
2025-02-16,TK-A-001,ภาคใต้,129,2003
2025-02-16,GL-B-014,กรุงเทพฯ,886,15832
2025-02-16,GL-B-014,ภาคกลาง,705,14841
2025-02-16,GL-B-014,ภาคตะวันออก,543,10961
2025-02-16,GL-B-014,ภาคเหนือ,515,7591
2025-02-16,GL-B-014,ภาคใต้,672,12363
2025-02-16,MK-C-028,กรุงเทพฯ,648,12531
2025-02-16,MK-C-028,ภาคกลาง,519,9736
2025-02-16,MK-C-028,ภาคตะวันออก,382,7429
2025-02-16,MK-C-028,ภาคเหนือ,340,6315
2025-02-16,MK-C-028,ภาคใต้,443,9109
2025-02-16,SY-D-039,กรุงเทพฯ,411,8953
2025-02-16,SY-D-039,ภาคกลาง,367,7010
2025-02-16,SY-D-039,ภาคตะวันออก,265,5377
2025-02-16,SY-D-039,ภาคเหนือ,258,4097
2025-02-16,SY-D-039,ภาคใต้,275,4829
2025-02-16,AG-E-052,กรุงเทพฯ,127,2438
2025-02-16,AG-E-052,ภาคกลาง,101,1909
2025-02-16,AG-E-052,ภาคตะวันออก,82,1295
2025-02-16,AG-E-052,ภาคเหนือ,75,1143
2025-02-16,AG-E-052,ภาคใต้,92,1648
2025-02-17,TK-A-001,กรุงเทพฯ,181,3170
2025-02-17,TK-A-001,ภาคกลาง,153,2471
2025-02-17,TK-A-001,ภาคตะวันออก,105,2152
2025-02-17,TK-A-001,ภาคเหนือ,102,1592
2025-02-17,TK-A-001,ภาคใต้,117,2480
2025-02-17,GL-B-014,กรุงเทพฯ,885,17016
2025-02-17,GL-B-014,ภาคกลาง,754,12444
2025-02-17,GL-B-014,ภาคตะวันออก,540,11201
2025-02-17,GL-B-014,ภาคเหนือ,489,8794
2025-02-17,GL-B-014,ภาคใต้,669,11197
2025-02-17,MK-C-028,กรุงเทพฯ,673,12409
2025-02-17,MK-C-028,ภาคกลาง,551,8591
2025-02-17,MK-C-028,ภาคตะวันออก,427,7934
2025-02-17,MK-C-028,ภาคเหนือ,327,6601
2025-02-17,MK-C-028,ภาคใต้,426,7706
2025-02-17,SY-D-039,กรุงเทพฯ,414,9106
2025-02-17,SY-D-039,ภาคกลาง,328,6598
2025-02-17,SY-D-039,ภาคตะวันออก,268,5451
2025-02-17,SY-D-039,ภาคเหนือ,223,4587
2025-02-17,SY-D-039,ภาคใต้,322,5478
2025-02-17,AG-E-052,กรุงเทพฯ,127,2784
2025-02-17,AG-E-052,ภาคกลาง,108,2024
2025-02-17,AG-E-052,ภาคตะวันออก,81,1663
2025-02-17,AG-E-052,ภาคเหนือ,77,1203
2025-02-17,AG-E-052,ภาคใต้,93,1612
2025-02-18,TK-A-001,กรุงเทพฯ,177,3366
2025-02-18,TK-A-001,ภาคกลาง,154,2561
2025-02-18,TK-A-001,ภาคตะวันออก,109,2126
2025-02-18,TK-A-001,ภาคเหนือ,92,1701
2025-02-18,TK-A-001,ภาคใต้,118,1968
2025-02-18,GL-B-014,กรุงเทพฯ,984,17967
2025-02-18,GL-B-014,ภาคกลาง,719,14617
2025-02-18,GL-B-014,ภาคตะวันออก,563,9561
2025-02-18,GL-B-014,ภาคเหนือ,473,9277
2025-02-18,GL-B-014,ภาคใต้,625,9929
2025-02-18,MK-C-028,กรุงเทพฯ,656,13403
2025-02-18,MK-C-028,ภาคกลาง,564,8602
2025-02-18,MK-C-028,ภาคตะวันออก,412,7139
2025-02-18,MK-C-028,ภาคเหนือ,378,6483
2025-02-18,MK-C-028,ภาคใต้,409,8088
2025-02-18,SY-D-039,กรุงเทพฯ,432,9204
2025-02-18,SY-D-039,ภาคกลาง,346,6486
2025-02-18,SY-D-039,ภาคตะวันออก,254,4759
2025-02-18,SY-D-039,ภาคเหนือ,260,3752
2025-02-18,SY-D-039,ภาคใต้,272,5060
2025-02-18,AG-E-052,กรุงเทพฯ,127,2100
2025-02-18,AG-E-052,ภาคกลาง,114,2030
2025-02-18,AG-E-052,ภาคตะวันออก,80,1315
2025-02-18,AG-E-052,ภาคเหนือ,74,1170
2025-02-18,AG-E-052,ภาคใต้,90,1529
2025-02-19,TK-A-001,กรุงเทพฯ,173,3521
2025-02-19,TK-A-001,ภาคกลาง,151,2343
2025-02-19,TK-A-001,ภาคตะวันออก,98,2203
2025-02-19,TK-A-001,ภาคเหนือ,99,1549
2025-02-19,TK-A-001,ภาคใต้,124,2142
2025-02-19,GL-B-014,กรุงเทพฯ,984,16121
2025-02-19,GL-B-014,ภาคกลาง,815,12125
2025-02-19,GL-B-014,ภาคตะวันออก,586,9748
2025-02-19,GL-B-014,ภาคเหนือ,499,9402
2025-02-19,GL-B-014,ภาคใต้,588,9546
2025-02-19,MK-C-028,กรุงเทพฯ,672,10477
2025-02-19,MK-C-028,ภาคกลาง,561,8376
2025-02-19,MK-C-028,ภาคตะวันออก,443,7182
2025-02-19,MK-C-028,ภาคเหนือ,361,5821
2025-02-19,MK-C-028,ภาคใต้,470,8847
2025-02-19,SY-D-039,กรุงเทพฯ,472,7376
2025-02-19,SY-D-039,ภาคกลาง,334,7279
2025-02-19,SY-D-039,ภาคตะวันออก,294,4589
2025-02-19,SY-D-039,ภาคเหนือ,239,4772
2025-02-19,SY-D-039,ภาคใต้,304,6182
2025-02-19,AG-E-052,กรุงเทพฯ,145,2481
2025-02-19,AG-E-052,ภาคกลาง,119,2179
2025-02-19,AG-E-052,ภาคตะวันออก,75,1602
2025-02-19,AG-E-052,ภาคเหนือ,67,1121
2025-02-19,AG-E-052,ภาคใต้,93,1849
2025-02-20,TK-A-001,กรุงเทพฯ,178,3278
2025-02-20,TK-A-001,ภาคกลาง,136,2396
2025-02-20,TK-A-001,ภาคตะวันออก,118,1698
2025-02-20,TK-A-001,ภาคเหนือ,95,1796
2025-02-20,TK-A-001,ภาคใต้,127,1912
2025-02-20,GL-B-014,กรุงเทพฯ,962,15748
2025-02-20,GL-B-014,ภาคกลาง,783,15391
2025-02-20,GL-B-014,ภาคตะวันออก,563,9464
2025-02-20,GL-B-014,ภาคเหนือ,496,9483
2025-02-20,GL-B-014,ภาคใต้,612,9637
2025-02-20,MK-C-028,กรุงเทพฯ,619,10480
2025-02-20,MK-C-028,ภาคกลาง,539,9909
2025-02-20,MK-C-028,ภาคตะวันออก,413,6789
2025-02-20,MK-C-028,ภาคเหนือ,378,7193
2025-02-20,MK-C-028,ภาคใต้,429,8404
2025-02-20,SY-D-039,กรุงเทพฯ,443,8492
2025-02-20,SY-D-039,ภาคกลาง,328,5874
2025-02-20,SY-D-039,ภาคตะวันออก,243,4549
2025-02-20,SY-D-039,ภาคเหนือ,254,3698
2025-02-20,SY-D-039,ภาคใต้,319,5798
2025-02-20,AG-E-052,กรุงเทพฯ,133,2497
2025-02-20,AG-E-052,ภาคกลาง,100,1685
2025-02-20,AG-E-052,ภาคตะวันออก,83,1613
2025-02-20,AG-E-052,ภาคเหนือ,79,1245
2025-02-20,AG-E-052,ภาคใต้,88,1631
2025-02-21,TK-A-001,กรุงเทพฯ,179,3309
2025-02-21,TK-A-001,ภาคกลาง,148,2523
2025-02-21,TK-A-001,ภาคตะวันออก,97,1829
2025-02-21,TK-A-001,ภาคเหนือ,96,1927
2025-02-21,TK-A-001,ภาคใต้,121,2231
2025-02-21,GL-B-014,กรุงเทพฯ,1021,18034
2025-02-21,GL-B-014,ภาคกลาง,722,14108
2025-02-21,GL-B-014,ภาคตะวันออก,508,9229
2025-02-21,GL-B-014,ภาคเหนือ,517,8556
2025-02-21,GL-B-014,ภาคใต้,660,11727
2025-02-21,MK-C-028,กรุงเทพฯ,732,11899
2025-02-21,MK-C-028,ภาคกลาง,550,9251
2025-02-21,MK-C-028,ภาคตะวันออก,386,7924
2025-02-21,MK-C-028,ภาคเหนือ,376,6241
2025-02-21,MK-C-028,ภาคใต้,473,7036
2025-02-21,SY-D-039,กรุงเทพฯ,413,8406
2025-02-21,SY-D-039,ภาคกลาง,348,6082
2025-02-21,SY-D-039,ภาคตะวันออก,266,4311
2025-02-21,SY-D-039,ภาคเหนือ,229,4589
2025-02-21,SY-D-039,ภาคใต้,314,5153
2025-02-21,AG-E-052,กรุงเทพฯ,142,2570
2025-02-21,AG-E-052,ภาคกลาง,109,1962
2025-02-21,AG-E-052,ภาคตะวันออก,73,1470
2025-02-21,AG-E-052,ภาคเหนือ,79,1347
2025-02-21,AG-E-052,ภาคใต้,88,1621
2025-02-22,TK-A-001,กรุงเทพฯ,175,3518
2025-02-22,TK-A-001,ภาคกลาง,133,2515
2025-02-22,TK-A-001,ภาคตะวันออก,109,1836
2025-02-22,TK-A-001,ภาคเหนือ,87,1757
2025-02-22,TK-A-001,ภาคใต้,123,2243
2025-02-22,GL-B-014,กรุงเทพฯ,859,18913
2025-02-22,GL-B-014,ภาคกลาง,770,13749
2025-02-22,GL-B-014,ภาคตะวันออก,595,11288
2025-02-22,GL-B-014,ภาคเหนือ,492,8032
2025-02-22,GL-B-014,ภาคใต้,623,12106
2025-02-22,MK-C-028,กรุงเทพฯ,634,12038
2025-02-22,MK-C-028,ภาคกลาง,526,8501
2025-02-22,MK-C-028,ภาคตะวันออก,401,7252
2025-02-22,MK-C-028,ภาคเหนือ,383,6080
2025-02-22,MK-C-028,ภาคใต้,479,7049
2025-02-22,SY-D-039,กรุงเทพฯ,420,8273
2025-02-22,SY-D-039,ภาคกลาง,363,5667
2025-02-22,SY-D-039,ภาคตะวันออก,247,4780
2025-02-22,SY-D-039,ภาคเหนือ,239,4552
2025-02-22,SY-D-039,ภาคใต้,323,5783
2025-02-22,AG-E-052,กรุงเทพฯ,126,2154
2025-02-22,AG-E-052,ภาคกลาง,101,1713
2025-02-22,AG-E-052,ภาคตะวันออก,84,1538
2025-02-22,AG-E-052,ภาคเหนือ,79,1470
2025-02-22,AG-E-052,ภาคใต้,90,1608
2025-02-23,TK-A-001,กรุงเทพฯ,178,3345
2025-02-23,TK-A-001,ภาคกลาง,155,2406
2025-02-23,TK-A-001,ภาคตะวันออก,118,1694
2025-02-23,TK-A-001,ภาคเหนือ,95,1781
2025-02-23,TK-A-001,ภาคใต้,110,2251
2025-02-23,GL-B-014,กรุงเทพฯ,873,18798
2025-02-23,GL-B-014,ภาคกลาง,728,12408
2025-02-23,GL-B-014,ภาคตะวันออก,529,9208
2025-02-23,GL-B-014,ภาคเหนือ,536,8753
2025-02-23,GL-B-014,ภาคใต้,641,12145
2025-02-23,MK-C-028,กรุงเทพฯ,742,10457
2025-02-23,MK-C-028,ภาคกลาง,547,10657
2025-02-23,MK-C-028,ภาคตะวันออก,436,6807
2025-02-23,MK-C-028,ภาคเหนือ,334,7232
2025-02-23,MK-C-028,ภาคใต้,482,8717
2025-02-23,SY-D-039,กรุงเทพฯ,495,9184
2025-02-23,SY-D-039,ภาคกลาง,326,6174
2025-02-23,SY-D-039,ภาคตะวันออก,289,5495
2025-02-23,SY-D-039,ภาคเหนือ,254,4039
2025-02-23,SY-D-039,ภาคใต้,303,5127
2025-02-23,AG-E-052,กรุงเทพฯ,148,2654
2025-02-23,AG-E-052,ภาคกลาง,100,1791
2025-02-23,AG-E-052,ภาคตะวันออก,81,1270
2025-02-23,AG-E-052,ภาคเหนือ,67,1424
2025-02-23,AG-E-052,ภาคใต้,83,1531
2025-02-24,TK-A-001,กรุงเทพฯ,175,2975
2025-02-24,TK-A-001,ภาคกลาง,135,2585
2025-02-24,TK-A-001,ภาคตะวันออก,101,1739
2025-02-24,TK-A-001,ภาคเหนือ,90,1851
2025-02-24,TK-A-001,ภาคใต้,124,2405
2025-02-24,GL-B-014,กรุงเทพฯ,981,16788
2025-02-24,GL-B-014,ภาคกลาง,714,13081
2025-02-24,GL-B-014,ภาคตะวันออก,584,9212
2025-02-24,GL-B-014,ภาคเหนือ,451,10032
2025-02-24,GL-B-014,ภาคใต้,640,11717
2025-02-24,MK-C-028,กรุงเทพฯ,612,12397
2025-02-24,MK-C-028,ภาคกลาง,550,10053
2025-02-24,MK-C-028,ภาคตะวันออก,383,8013
2025-02-24,MK-C-028,ภาคเหนือ,328,6213
2025-02-24,MK-C-028,ภาคใต้,457,8025
2025-02-24,SY-D-039,กรุงเทพฯ,449,7175
2025-02-24,SY-D-039,ภาคกลาง,382,6959
2025-02-24,SY-D-039,ภาคตะวันออก,289,4809
2025-02-24,SY-D-039,ภาคเหนือ,247,4936
2025-02-24,SY-D-039,ภาคใต้,322,5133
2025-02-24,AG-E-052,กรุงเทพฯ,131,2093
2025-02-24,AG-E-052,ภาคกลาง,100,1783
2025-02-24,AG-E-052,ภาคตะวันออก,80,1547
2025-02-24,AG-E-052,ภาคเหนือ,70,1322
2025-02-24,AG-E-052,ภาคใต้,91,1771
2025-02-25,TK-A-001,กรุงเทพฯ,167,3239
2025-02-25,TK-A-001,ภาคกลาง,143,2717
2025-02-25,TK-A-001,ภาคตะวันออก,117,1919
2025-02-25,TK-A-001,ภาคเหนือ,98,1559
2025-02-25,TK-A-001,ภาคใต้,128,2032
2025-02-25,GL-B-014,กรุงเทพฯ,987,17601
2025-02-25,GL-B-014,ภาคกลาง,725,15177
2025-02-25,GL-B-014,ภาคตะวันออก,539,9516
2025-02-25,GL-B-014,ภาคเหนือ,457,9333
2025-02-25,GL-B-014,ภาคใต้,678,11587
2025-02-25,MK-C-028,กรุงเทพฯ,683,12190
2025-02-25,MK-C-028,ภาคกลาง,568,9587
2025-02-25,MK-C-028,ภาคตะวันออก,404,7801
2025-02-25,MK-C-028,ภาคเหนือ,339,6559
2025-02-25,MK-C-028,ภาคใต้,417,8739
2025-02-25,SY-D-039,กรุงเทพฯ,440,7994
2025-02-25,SY-D-039,ภาคกลาง,347,6261
2025-02-25,SY-D-039,ภาคตะวันออก,280,4730
2025-02-25,SY-D-039,ภาคเหนือ,257,4077
2025-02-25,SY-D-039,ภาคใต้,319,5326
2025-02-25,AG-E-052,กรุงเทพฯ,139,2716
2025-02-25,AG-E-052,ภาคกลาง,113,2185
2025-02-25,AG-E-052,ภาคตะวันออก,79,1666
2025-02-25,AG-E-052,ภาคเหนือ,68,1155
2025-02-25,AG-E-052,ภาคใต้,93,1411
2025-02-26,TK-A-001,กรุงเทพฯ,173,3614
2025-02-26,TK-A-001,ภาคกลาง,154,2419
2025-02-26,TK-A-001,ภาคตะวันออก,98,2186
2025-02-26,TK-A-001,ภาคเหนือ,96,1833
2025-02-26,TK-A-001,ภาคใต้,113,2249
2025-02-26,GL-B-014,กรุงเทพฯ,956,15664
2025-02-26,GL-B-014,ภาคกลาง,765,14898
2025-02-26,GL-B-014,ภาคตะวันออก,505,9338
2025-02-26,GL-B-014,ภาคเหนือ,518,7792
2025-02-26,GL-B-014,ภาคใต้,571,11940
2025-02-26,MK-C-028,กรุงเทพฯ,615,12374
2025-02-26,MK-C-028,ภาคกลาง,547,11058
2025-02-26,MK-C-028,ภาคตะวันออก,373,7562
2025-02-26,MK-C-028,ภาคเหนือ,367,6423
2025-02-26,MK-C-028,ภาคใต้,479,8253
2025-02-26,SY-D-039,กรุงเทพฯ,481,7048
2025-02-26,SY-D-039,ภาคกลาง,332,7409
2025-02-26,SY-D-039,ภาคตะวันออก,254,4464
2025-02-26,SY-D-039,ภาคเหนือ,257,4853
2025-02-26,SY-D-039,ภาคใต้,274,5603
2025-02-26,AG-E-052,กรุงเทพฯ,142,2542
2025-02-26,AG-E-052,ภาคกลาง,116,2051
2025-02-26,AG-E-052,ภาคตะวันออก,79,1369
2025-02-26,AG-E-052,ภาคเหนือ,74,1256
2025-02-26,AG-E-052,ภาคใต้,98,1553
2025-02-27,TK-A-001,กรุงเทพฯ,174,3580
2025-02-27,TK-A-001,ภาคกลาง,157,2273
2025-02-27,TK-A-001,ภาคตะวันออก,112,1746
2025-02-27,TK-A-001,ภาคเหนือ,93,1568
2025-02-27,TK-A-001,ภาคใต้,118,2336
2025-02-27,GL-B-014,กรุงเทพฯ,920,15148
2025-02-27,GL-B-014,ภาคกลาง,772,12675
2025-02-27,GL-B-014,ภาคตะวันออก,518,10325
2025-02-27,GL-B-014,ภาคเหนือ,539,9016
2025-02-27,GL-B-014,ภาคใต้,599,11626
2025-02-27,MK-C-028,กรุงเทพฯ,620,13322
2025-02-27,MK-C-028,ภาคกลาง,593,8843
2025-02-27,MK-C-028,ภาคตะวันออก,381,7475
2025-02-27,MK-C-028,ภาคเหนือ,375,5809
2025-02-27,MK-C-028,ภาคใต้,435,7783
2025-02-27,SY-D-039,กรุงเทพฯ,405,7941
2025-02-27,SY-D-039,ภาคกลาง,332,6234
2025-02-27,SY-D-039,ภาคตะวันออก,277,4620
2025-02-27,SY-D-039,ภาคเหนือ,234,4944
2025-02-27,SY-D-039,ภาคใต้,315,6129
2025-02-27,AG-E-052,กรุงเทพฯ,140,2279
2025-02-27,AG-E-052,ภาคกลาง,107,2109
2025-02-27,AG-E-052,ภาคตะวันออก,86,1605
2025-02-27,AG-E-052,ภาคเหนือ,70,1439
2025-02-27,AG-E-052,ภาคใต้,86,1834
2025-02-28,TK-A-001,กรุงเทพฯ,167,3722
2025-02-28,TK-A-001,ภาคกลาง,150,2545
2025-02-28,TK-A-001,ภาคตะวันออก,114,2141
2025-02-28,TK-A-001,ภาคเหนือ,94,1829
2025-02-28,TK-A-001,ภาคใต้,125,1892
2025-02-28,GL-B-014,กรุงเทพฯ,971,14750
2025-02-28,GL-B-014,ภาคกลาง,778,15019
2025-02-28,GL-B-014,ภาคตะวันออก,595,10318
2025-02-28,GL-B-014,ภาคเหนือ,528,8385
2025-02-28,GL-B-014,ภาคใต้,680,11949
2025-02-28,MK-C-028,กรุงเทพฯ,648,11028
2025-02-28,MK-C-028,ภาคกลาง,551,9807
2025-02-28,MK-C-028,ภาคตะวันออก,383,6959
2025-02-28,MK-C-028,ภาคเหนือ,362,7346
2025-02-28,MK-C-028,ภาคใต้,414,7845
2025-02-28,SY-D-039,กรุงเทพฯ,444,8776
2025-02-28,SY-D-039,ภาคกลาง,358,6641
2025-02-28,SY-D-039,ภาคตะวันออก,253,4800
2025-02-28,SY-D-039,ภาคเหนือ,252,3786
2025-02-28,SY-D-039,ภาคใต้,310,5879
2025-02-28,AG-E-052,กรุงเทพฯ,137,2743
2025-02-28,AG-E-052,ภาคกลาง,101,2146
2025-02-28,AG-E-052,ภาคตะวันออก,78,1608
2025-02-28,AG-E-052,ภาคเหนือ,77,1245
2025-02-28,AG-E-052,ภาคใต้,94,1707
2025-03-01,TK-A-001,กรุงเทพฯ,167,3302
2025-03-01,TK-A-001,ภาคกลาง,152,2328
2025-03-01,TK-A-001,ภาคตะวันออก,114,1685
2025-03-01,TK-A-001,ภาคเหนือ,89,1507
2025-03-01,TK-A-001,ภาคใต้,125,2036
2025-03-01,GL-B-014,กรุงเทพฯ,990,15323
2025-03-01,GL-B-014,ภาคกลาง,719,15201
2025-03-01,GL-B-014,ภาคตะวันออก,506,10661
2025-03-01,GL-B-014,ภาคเหนือ,536,9416
2025-03-01,GL-B-014,ภาคใต้,597,10888
2025-03-01,MK-C-028,กรุงเทพฯ,675,13067
2025-03-01,MK-C-028,ภาคกลาง,525,10384
2025-03-01,MK-C-028,ภาคตะวันออก,422,6570
2025-03-01,MK-C-028,ภาคเหนือ,330,7002
2025-03-01,MK-C-028,ภาคใต้,435,7248
2025-03-01,SY-D-039,กรุงเทพฯ,492,9038
2025-03-01,SY-D-039,ภาคกลาง,361,6354
2025-03-01,SY-D-039,ภาคตะวันออก,281,4209
2025-03-01,SY-D-039,ภาคเหนือ,227,4347
2025-03-01,SY-D-039,ภาคใต้,306,5158
2025-03-01,AG-E-052,กรุงเทพฯ,147,2733
2025-03-01,AG-E-052,ภาคกลาง,104,2139
2025-03-01,AG-E-052,ภาคตะวันออก,88,1650
2025-03-01,AG-E-052,ภาคเหนือ,65,1245
2025-03-01,AG-E-052,ภาคใต้,88,1739
2025-03-02,TK-A-001,กรุงเทพฯ,186,3001
2025-03-02,TK-A-001,ภาคกลาง,155,2594
2025-03-02,TK-A-001,ภาคตะวันออก,103,2076
2025-03-02,TK-A-001,ภาคเหนือ,104,1978
2025-03-02,TK-A-001,ภาคใต้,127,2262
2025-03-02,GL-B-014,กรุงเทพฯ,914,19033
2025-03-02,GL-B-014,ภาคกลาง,796,11495
2025-03-02,GL-B-014,ภาคตะวันออก,614,8982
2025-03-02,GL-B-014,ภาคเหนือ,486,7641
2025-03-02,GL-B-014,ภาคใต้,598,11677
2025-03-02,MK-C-028,กรุงเทพฯ,608,13161
2025-03-02,MK-C-028,ภาคกลาง,535,8500
2025-03-02,MK-C-028,ภาคตะวันออก,421,6623
2025-03-02,MK-C-028,ภาคเหนือ,394,7079
2025-03-02,MK-C-028,ภาคใต้,423,7577
2025-03-02,SY-D-039,กรุงเทพฯ,436,7145
2025-03-02,SY-D-039,ภาคกลาง,374,7395
2025-03-02,SY-D-039,ภาคตะวันออก,248,4226
2025-03-02,SY-D-039,ภาคเหนือ,240,4158
2025-03-02,SY-D-039,ภาคใต้,278,5415
2025-03-02,AG-E-052,กรุงเทพฯ,131,2747
2025-03-02,AG-E-052,ภาคกลาง,99,1880
2025-03-02,AG-E-052,ภาคตะวันออก,74,1640
2025-03-02,AG-E-052,ภาคเหนือ,73,1228
2025-03-02,AG-E-052,ภาคใต้,98,1456
2025-03-03,TK-A-001,กรุงเทพฯ,192,3011
2025-03-03,TK-A-001,ภาคกลาง,153,2323
2025-03-03,TK-A-001,ภาคตะวันออก,98,1917
2025-03-03,TK-A-001,ภาคเหนือ,91,1834
2025-03-03,TK-A-001,ภาคใต้,113,1962
2025-03-03,GL-B-014,กรุงเทพฯ,986,18585
2025-03-03,GL-B-014,ภาคกลาง,751,11621
2025-03-03,GL-B-014,ภาคตะวันออก,519,11242
2025-03-03,GL-B-014,ภาคเหนือ,538,9026
2025-03-03,GL-B-014,ภาคใต้,585,10575
2025-03-03,MK-C-028,กรุงเทพฯ,637,11467
2025-03-03,MK-C-028,ภาคกลาง,593,9672
2025-03-03,MK-C-028,ภาคตะวันออก,384,7569
2025-03-03,MK-C-028,ภาคเหนือ,392,5637
2025-03-03,MK-C-028,ภาคใต้,439,7918
2025-03-03,SY-D-039,กรุงเทพฯ,417,8194
2025-03-03,SY-D-039,ภาคกลาง,393,5965
2025-03-03,SY-D-039,ภาคตะวันออก,267,4838
2025-03-03,SY-D-039,ภาคเหนือ,227,3677
2025-03-03,SY-D-039,ภาคใต้,303,4945
2025-03-03,AG-E-052,กรุงเทพฯ,126,2296
2025-03-03,AG-E-052,ภาคกลาง,110,1788
2025-03-03,AG-E-052,ภาคตะวันออก,89,1554
2025-03-03,AG-E-052,ภาคเหนือ,72,1226
2025-03-03,AG-E-052,ภาคใต้,89,1422
2025-03-04,TK-A-001,กรุงเทพฯ,184,3174
2025-03-04,TK-A-001,ภาคกลาง,151,2420
2025-03-04,TK-A-001,ภาคตะวันออก,101,2023
2025-03-04,TK-A-001,ภาคเหนือ,98,1690
2025-03-04,TK-A-001,ภาคใต้,113,2287
2025-03-04,GL-B-014,กรุงเทพฯ,964,17875
2025-03-04,GL-B-014,ภาคกลาง,762,12014
2025-03-04,GL-B-014,ภาคตะวันออก,529,10137
2025-03-04,GL-B-014,ภาคเหนือ,484,10203
2025-03-04,GL-B-014,ภาคใต้,570,9602
2025-03-04,MK-C-028,กรุงเทพฯ,673,10508
2025-03-04,MK-C-028,ภาคกลาง,526,11090
2025-03-04,MK-C-028,ภาคตะวันออก,431,6639
2025-03-04,MK-C-028,ภาคเหนือ,377,5571
2025-03-04,MK-C-028,ภาคใต้,488,8025
2025-03-04,SY-D-039,กรุงเทพฯ,421,9273
2025-03-04,SY-D-039,ภาคกลาง,391,6972
2025-03-04,SY-D-039,ภาคตะวันออก,291,5042
2025-03-04,SY-D-039,ภาคเหนือ,245,3904
2025-03-04,SY-D-039,ภาคใต้,326,4786
2025-03-04,AG-E-052,กรุงเทพฯ,124,2597
2025-03-04,AG-E-052,ภาคกลาง,117,1850
2025-03-04,AG-E-052,ภาคตะวันออก,85,1668
2025-03-04,AG-E-052,ภาคเหนือ,74,1177
2025-03-04,AG-E-052,ภาคใต้,83,1395
2025-03-05,TK-A-001,กรุงเทพฯ,178,2924
2025-03-05,TK-A-001,ภาคกลาง,134,2949
2025-03-05,TK-A-001,ภาคตะวันออก,100,1960
2025-03-05,TK-A-001,ภาคเหนือ,93,1623
2025-03-05,TK-A-001,ภาคใต้,109,2337
2025-03-05,GL-B-014,กรุงเทพฯ,926,16934
2025-03-05,GL-B-014,ภาคกลาง,671,13553
2025-03-05,GL-B-014,ภาคตะวันออก,546,10197
2025-03-05,GL-B-014,ภาคเหนือ,496,9980
2025-03-05,GL-B-014,ภาคใต้,599,10667
2025-03-05,MK-C-028,กรุงเทพฯ,701,12600
2025-03-05,MK-C-028,ภาคกลาง,540,10557
2025-03-05,MK-C-028,ภาคตะวันออก,415,6638
2025-03-05,MK-C-028,ภาคเหนือ,370,7306
2025-03-05,MK-C-028,ภาคใต้,445,7716
2025-03-05,SY-D-039,กรุงเทพฯ,413,7568
2025-03-05,SY-D-039,ภาคกลาง,372,6251
2025-03-05,SY-D-039,ภาคตะวันออก,295,4370
2025-03-05,SY-D-039,ภาคเหนือ,251,4892
2025-03-05,SY-D-039,ภาคใต้,294,5797
2025-03-05,AG-E-052,กรุงเทพฯ,130,2462
2025-03-05,AG-E-052,ภาคกลาง,117,2043
2025-03-05,AG-E-052,ภาคตะวันออก,77,1315
2025-03-05,AG-E-052,ภาคเหนือ,68,1214
2025-03-05,AG-E-052,ภาคใต้,82,1841
2025-03-06,TK-A-001,กรุงเทพฯ,184,3580
2025-03-06,TK-A-001,ภาคกลาง,140,2534
2025-03-06,TK-A-001,ภาคตะวันออก,112,1769
2025-03-06,TK-A-001,ภาคเหนือ,96,1511
2025-03-06,TK-A-001,ภาคใต้,113,2393
2025-03-06,GL-B-014,กรุงเทพฯ,921,15105
2025-03-06,GL-B-014,ภาคกลาง,797,13489
2025-03-06,GL-B-014,ภาคตะวันออก,593,11377
2025-03-06,GL-B-014,ภาคเหนือ,501,8483
2025-03-06,GL-B-014,ภาคใต้,595,11970
2025-03-06,MK-C-028,กรุงเทพฯ,727,12055
2025-03-06,MK-C-028,ภาคกลาง,486,10520
2025-03-06,MK-C-028,ภาคตะวันออก,426,8286
2025-03-06,MK-C-028,ภาคเหนือ,361,6223
2025-03-06,MK-C-028,ภาคใต้,476,8430
2025-03-06,SY-D-039,กรุงเทพฯ,466,6911
2025-03-06,SY-D-039,ภาคกลาง,393,7096
2025-03-06,SY-D-039,ภาคตะวันออก,259,4999
2025-03-06,SY-D-039,ภาคเหนือ,240,4964
2025-03-06,SY-D-039,ภาคใต้,295,5516
2025-03-06,AG-E-052,กรุงเทพฯ,125,2506
2025-03-06,AG-E-052,ภาคกลาง,114,2216
2025-03-06,AG-E-052,ภาคตะวันออก,88,1583
2025-03-06,AG-E-052,ภาคเหนือ,73,1284
2025-03-06,AG-E-052,ภาคใต้,96,1664
2025-03-07,TK-A-001,กรุงเทพฯ,193,2790
2025-03-07,TK-A-001,ภาคกลาง,132,2294
2025-03-07,TK-A-001,ภาคตะวันออก,115,2074
2025-03-07,TK-A-001,ภาคเหนือ,92,1700
2025-03-07,TK-A-001,ภาคใต้,131,2283
2025-03-07,GL-B-014,กรุงเทพฯ,887,16545
2025-03-07,GL-B-014,ภาคกลาง,687,13747
2025-03-07,GL-B-014,ภาคตะวันออก,525,11107
2025-03-07,GL-B-014,ภาคเหนือ,517,9678
2025-03-07,GL-B-014,ภาคใต้,595,12546
2025-03-07,MK-C-028,กรุงเทพฯ,649,10674
2025-03-07,MK-C-028,ภาคกลาง,572,10990
2025-03-07,MK-C-028,ภาคตะวันออก,436,6358
2025-03-07,MK-C-028,ภาคเหนือ,386,6067
2025-03-07,MK-C-028,ภาคใต้,428,9086
2025-03-07,SY-D-039,กรุงเทพฯ,407,8130
2025-03-07,SY-D-039,ภาคกลาง,350,6504
2025-03-07,SY-D-039,ภาคตะวันออก,292,4146
2025-03-07,SY-D-039,ภาคเหนือ,242,4291
2025-03-07,SY-D-039,ภาคใต้,308,4824
2025-03-07,AG-E-052,กรุงเทพฯ,147,2636
2025-03-07,AG-E-052,ภาคกลาง,97,2142
2025-03-07,AG-E-052,ภาคตะวันออก,85,1477
2025-03-07,AG-E-052,ภาคเหนือ,70,1105
2025-03-07,AG-E-052,ภาคใต้,94,1477
2025-03-08,TK-A-001,กรุงเทพฯ,196,3130
2025-03-08,TK-A-001,ภาคกลาง,139,2905
2025-03-08,TK-A-001,ภาคตะวันออก,107,1992
2025-03-08,TK-A-001,ภาคเหนือ,100,1949
2025-03-08,TK-A-001,ภาคใต้,113,2131
2025-03-08,GL-B-014,กรุงเทพฯ,995,16844
2025-03-08,GL-B-014,ภาคกลาง,749,11887
2025-03-08,GL-B-014,ภาคตะวันออก,568,9840
2025-03-08,GL-B-014,ภาคเหนือ,514,8103
2025-03-08,GL-B-014,ภาคใต้,574,12672
2025-03-08,MK-C-028,กรุงเทพฯ,681,10339
2025-03-08,MK-C-028,ภาคกลาง,531,9335
2025-03-08,MK-C-028,ภาคตะวันออก,389,6301
2025-03-08,MK-C-028,ภาคเหนือ,372,5628
2025-03-08,MK-C-028,ภาคใต้,483,8813
2025-03-08,SY-D-039,กรุงเทพฯ,433,8525
2025-03-08,SY-D-039,ภาคกลาง,381,6589
2025-03-08,SY-D-039,ภาคตะวันออก,282,4236
2025-03-08,SY-D-039,ภาคเหนือ,264,3962
2025-03-08,SY-D-039,ภาคใต้,304,4650
2025-03-08,AG-E-052,กรุงเทพฯ,136,2734
2025-03-08,AG-E-052,ภาคกลาง,118,2185
2025-03-08,AG-E-052,ภาคตะวันออก,74,1639
2025-03-08,AG-E-052,ภาคเหนือ,69,1350
2025-03-08,AG-E-052,ภาคใต้,87,1573
2025-03-09,TK-A-001,กรุงเทพฯ,185,3617
2025-03-09,TK-A-001,ภาคกลาง,148,2927
2025-03-09,TK-A-001,ภาคตะวันออก,109,1795
2025-03-09,TK-A-001,ภาคเหนือ,96,1762
2025-03-09,TK-A-001,ภาคใต้,120,2260
2025-03-09,GL-B-014,กรุงเทพฯ,879,15046
2025-03-09,GL-B-014,ภาคกลาง,733,13671
2025-03-09,GL-B-014,ภาคตะวันออก,589,9336
2025-03-09,GL-B-014,ภาคเหนือ,535,8959
2025-03-09,GL-B-014,ภาคใต้,584,11146
2025-03-09,MK-C-028,กรุงเทพฯ,623,13944
2025-03-09,MK-C-028,ภาคกลาง,529,9738
2025-03-09,MK-C-028,ภาคตะวันออก,430,6216
2025-03-09,MK-C-028,ภาคเหนือ,373,7084
2025-03-09,MK-C-028,ภาคใต้,493,8234
2025-03-09,SY-D-039,กรุงเทพฯ,425,7104
2025-03-09,SY-D-039,ภาคกลาง,348,7175
2025-03-09,SY-D-039,ภาคตะวันออก,260,5280
2025-03-09,SY-D-039,ภาคเหนือ,264,4047
2025-03-09,SY-D-039,ภาคใต้,326,4715
2025-03-09,AG-E-052,กรุงเทพฯ,137,2183
2025-03-09,AG-E-052,ภาคกลาง,104,1961
2025-03-09,AG-E-052,ภาคตะวันออก,86,1611
2025-03-09,AG-E-052,ภาคเหนือ,69,1125
2025-03-09,AG-E-052,ภาคใต้,88,1841
2025-03-10,TK-A-001,กรุงเทพฯ,182,3712
2025-03-10,TK-A-001,ภาคกลาง,142,2561
2025-03-10,TK-A-001,ภาคตะวันออก,107,1801
2025-03-10,TK-A-001,ภาคเหนือ,93,1501
2025-03-10,TK-A-001,ภาคใต้,121,1969
2025-03-10,GL-B-014,กรุงเทพฯ,877,15117
2025-03-10,GL-B-014,ภาคกลาง,715,12992
2025-03-10,GL-B-014,ภาคตะวันออก,561,9320
2025-03-10,GL-B-014,ภาคเหนือ,511,8632
2025-03-10,GL-B-014,ภาคใต้,654,11021
2025-03-10,MK-C-028,กรุงเทพฯ,739,12033
2025-03-10,MK-C-028,ภาคกลาง,581,10453
2025-03-10,MK-C-028,ภาคตะวันออก,389,7853
2025-03-10,MK-C-028,ภาคเหนือ,339,5607
2025-03-10,MK-C-028,ภาคใต้,430,7351
2025-03-10,SY-D-039,กรุงเทพฯ,484,9233
2025-03-10,SY-D-039,ภาคกลาง,347,5963
2025-03-10,SY-D-039,ภาคตะวันออก,297,4399
2025-03-10,SY-D-039,ภาคเหนือ,230,4195
2025-03-10,SY-D-039,ภาคใต้,271,5656
2025-03-10,AG-E-052,กรุงเทพฯ,127,2751
2025-03-10,AG-E-052,ภาคกลาง,105,1700
2025-03-10,AG-E-052,ภาคตะวันออก,73,1320
2025-03-10,AG-E-052,ภาคเหนือ,76,1227
2025-03-10,AG-E-052,ภาคใต้,91,1621
2025-03-11,TK-A-001,กรุงเทพฯ,172,3518
2025-03-11,TK-A-001,ภาคกลาง,158,2847
2025-03-11,TK-A-001,ภาคตะวันออก,118,2190
2025-03-11,TK-A-001,ภาคเหนือ,97,1555
2025-03-11,TK-A-001,ภาคใต้,111,2025
2025-03-11,GL-B-014,กรุงเทพฯ,867,17301
2025-03-11,GL-B-014,ภาคกลาง,699,15145
2025-03-11,GL-B-014,ภาคตะวันออก,559,10750
2025-03-11,GL-B-014,ภาคเหนือ,510,10233
2025-03-11,GL-B-014,ภาคใต้,627,10798
2025-03-11,MK-C-028,กรุงเทพฯ,616,12896
2025-03-11,MK-C-028,ภาคกลาง,532,9163
2025-03-11,MK-C-028,ภาคตะวันออก,417,7125
2025-03-11,MK-C-028,ภาคเหนือ,344,7448
2025-03-11,MK-C-028,ภาคใต้,462,7124
2025-03-11,SY-D-039,กรุงเทพฯ,466,8940
2025-03-11,SY-D-039,ภาคกลาง,349,6256
2025-03-11,SY-D-039,ภาคตะวันออก,264,4785
2025-03-11,SY-D-039,ภาคเหนือ,223,4318
2025-03-11,SY-D-039,ภาคใต้,313,5441
2025-03-11,AG-E-052,กรุงเทพฯ,123,2258
2025-03-11,AG-E-052,ภาคกลาง,117,2222
2025-03-11,AG-E-052,ภาคตะวันออก,78,1276
2025-03-11,AG-E-052,ภาคเหนือ,78,1465
2025-03-11,AG-E-052,ภาคใต้,92,1752
2025-03-12,TK-A-001,กรุงเทพฯ,194,3594
2025-03-12,TK-A-001,ภาคกลาง,137,2547
2025-03-12,TK-A-001,ภาคตะวันออก,103,1687
2025-03-12,TK-A-001,ภาคเหนือ,92,1955
2025-03-12,TK-A-001,ภาคใต้,122,1899
2025-03-12,GL-B-014,กรุงเทพฯ,1017,16606
2025-03-12,GL-B-014,ภาคกลาง,736,11763
2025-03-12,GL-B-014,ภาคตะวันออก,519,9873
2025-03-12,GL-B-014,ภาคเหนือ,502,9805
2025-03-12,GL-B-014,ภาคใต้,586,11601
2025-03-12,MK-C-028,กรุงเทพฯ,709,10546
2025-03-12,MK-C-028,ภาคกลาง,526,8964
2025-03-12,MK-C-028,ภาคตะวันออก,445,7606
2025-03-12,MK-C-028,ภาคเหนือ,347,6399
2025-03-12,MK-C-028,ภาคใต้,411,7450
2025-03-12,SY-D-039,กรุงเทพฯ,459,8136
2025-03-12,SY-D-039,ภาคกลาง,395,6806
2025-03-12,SY-D-039,ภาคตะวันออก,248,4767
2025-03-12,SY-D-039,ภาคเหนือ,264,4180
2025-03-12,SY-D-039,ภาคใต้,286,6105
2025-03-12,AG-E-052,กรุงเทพฯ,146,2389
2025-03-12,AG-E-052,ภาคกลาง,112,1745
2025-03-12,AG-E-052,ภาคตะวันออก,74,1622
2025-03-12,AG-E-052,ภาคเหนือ,69,1191
2025-03-12,AG-E-052,ภาคใต้,98,1699
2025-03-13,TK-A-001,กรุงเทพฯ,190,3536
2025-03-13,TK-A-001,ภาคกลาง,153,2551
2025-03-13,TK-A-001,ภาคตะวันออก,103,1695
2025-03-13,TK-A-001,ภาคเหนือ,94,1821
2025-03-13,TK-A-001,ภาคใต้,119,2441
2025-03-13,GL-B-014,กรุงเทพฯ,896,19168
2025-03-13,GL-B-014,ภาคกลาง,756,12491
2025-03-13,GL-B-014,ภาคตะวันออก,557,11107
2025-03-13,GL-B-014,ภาคเหนือ,508,9151
2025-03-13,GL-B-014,ภาคใต้,587,12702
2025-03-13,MK-C-028,กรุงเทพฯ,685,11433
2025-03-13,MK-C-028,ภาคกลาง,569,10305
2025-03-13,MK-C-028,ภาคตะวันออก,432,7712
2025-03-13,MK-C-028,ภาคเหนือ,356,6998
2025-03-13,MK-C-028,ภาคใต้,466,7109
2025-03-13,SY-D-039,กรุงเทพฯ,492,8963
2025-03-13,SY-D-039,ภาคกลาง,392,7113
2025-03-13,SY-D-039,ภาคตะวันออก,265,5324
2025-03-13,SY-D-039,ภาคเหนือ,260,3915
2025-03-13,SY-D-039,ภาคใต้,310,5956
2025-03-13,AG-E-052,กรุงเทพฯ,125,2221
2025-03-13,AG-E-052,ภาคกลาง,113,1940
2025-03-13,AG-E-052,ภาคตะวันออก,89,1322
2025-03-13,AG-E-052,ภาคเหนือ,66,1363
2025-03-13,AG-E-052,ภาคใต้,92,1429
2025-03-14,TK-A-001,กรุงเทพฯ,191,3602
2025-03-14,TK-A-001,ภาคกลาง,130,2600
2025-03-14,TK-A-001,ภาคตะวันออก,100,1789
2025-03-14,TK-A-001,ภาคเหนือ,98,1699
2025-03-14,TK-A-001,ภาคใต้,116,2032
2025-03-14,GL-B-014,กรุงเทพฯ,976,16507
2025-03-14,GL-B-014,ภาคกลาง,683,13437
2025-03-14,GL-B-014,ภาคตะวันออก,562,11046
2025-03-14,GL-B-014,ภาคเหนือ,467,9613
2025-03-14,GL-B-014,ภาคใต้,596,11468
2025-03-14,MK-C-028,กรุงเทพฯ,711,12543
2025-03-14,MK-C-028,ภาคกลาง,581,10681
2025-03-14,MK-C-028,ภาคตะวันออก,380,6240
2025-03-14,MK-C-028,ภาคเหนือ,369,6417
2025-03-14,MK-C-028,ภาคใต้,456,8309
2025-03-14,SY-D-039,กรุงเทพฯ,440,8238
2025-03-14,SY-D-039,ภาคกลาง,382,6847
2025-03-14,SY-D-039,ภาคตะวันออก,261,5008
2025-03-14,SY-D-039,ภาคเหนือ,244,3822
2025-03-14,SY-D-039,ภาคใต้,295,5578
2025-03-14,AG-E-052,กรุงเทพฯ,127,2771
2025-03-14,AG-E-052,ภาคกลาง,102,2129
2025-03-14,AG-E-052,ภาคตะวันออก,86,1650
2025-03-14,AG-E-052,ภาคเหนือ,79,1214
2025-03-14,AG-E-052,ภาคใต้,85,1521
2025-03-15,TK-A-001,กรุงเทพฯ,176,3600
2025-03-15,TK-A-001,ภาคกลาง,137,2314
2025-03-15,TK-A-001,ภาคตะวันออก,104,1736
2025-03-15,TK-A-001,ภาคเหนือ,92,1872
2025-03-15,TK-A-001,ภาคใต้,125,2098
2025-03-15,GL-B-014,กรุงเทพฯ,947,15485
2025-03-15,GL-B-014,ภาคกลาง,670,14653
2025-03-15,GL-B-014,ภาคตะวันออก,572,9807
2025-03-15,GL-B-014,ภาคเหนือ,456,8128
2025-03-15,GL-B-014,ภาคใต้,574,9879
2025-03-15,MK-C-028,กรุงเทพฯ,702,11102
2025-03-15,MK-C-028,ภาคกลาง,523,8853
2025-03-15,MK-C-028,ภาคตะวันออก,386,7864
2025-03-15,MK-C-028,ภาคเหนือ,363,6770
2025-03-15,MK-C-028,ภาคใต้,442,9297
2025-03-15,SY-D-039,กรุงเทพฯ,469,9148
2025-03-15,SY-D-039,ภาคกลาง,392,5869
2025-03-15,SY-D-039,ภาคตะวันออก,255,4603
2025-03-15,SY-D-039,ภาคเหนือ,231,4114
2025-03-15,SY-D-039,ภาคใต้,295,6099
2025-03-15,AG-E-052,กรุงเทพฯ,143,2333
2025-03-15,AG-E-052,ภาคกลาง,117,1961
2025-03-15,AG-E-052,ภาคตะวันออก,75,1277
2025-03-15,AG-E-052,ภาคเหนือ,77,1310
2025-03-15,AG-E-052,ภาคใต้,96,1625
2025-03-16,TK-A-001,กรุงเทพฯ,174,3449
2025-03-16,TK-A-001,ภาคกลาง,132,2285
2025-03-16,TK-A-001,ภาคตะวันออก,113,1885
2025-03-16,TK-A-001,ภาคเหนือ,94,1961
2025-03-16,TK-A-001,ภาคใต้,128,2067
2025-03-16,GL-B-014,กรุงเทพฯ,930,14536
2025-03-16,GL-B-014,ภาคกลาง,698,13803
2025-03-16,GL-B-014,ภาคตะวันออก,580,9376
2025-03-16,GL-B-014,ภาคเหนือ,464,9538
2025-03-16,GL-B-014,ภาคใต้,652,10962
2025-03-16,MK-C-028,กรุงเทพฯ,704,12515
2025-03-16,MK-C-028,ภาคกลาง,585,10612
2025-03-16,MK-C-028,ภาคตะวันออก,390,7265
2025-03-16,MK-C-028,ภาคเหนือ,324,7272
2025-03-16,MK-C-028,ภาคใต้,449,9208
2025-03-16,SY-D-039,กรุงเทพฯ,491,7640
2025-03-16,SY-D-039,ภาคกลาง,346,5682
2025-03-16,SY-D-039,ภาคตะวันออก,262,5540
2025-03-16,SY-D-039,ภาคเหนือ,223,4841
2025-03-16,SY-D-039,ภาคใต้,304,4776
2025-03-16,AG-E-052,กรุงเทพฯ,128,2780
2025-03-16,AG-E-052,ภาคกลาง,111,2204
2025-03-16,AG-E-052,ภาคตะวันออก,80,1548
2025-03-16,AG-E-052,ภาคเหนือ,68,1284
2025-03-16,AG-E-052,ภาคใต้,85,1686
2025-03-17,TK-A-001,กรุงเทพฯ,190,3032
2025-03-17,TK-A-001,ภาคกลาง,133,2868
2025-03-17,TK-A-001,ภาคตะวันออก,106,1796
2025-03-17,TK-A-001,ภาคเหนือ,97,1675
2025-03-17,TK-A-001,ภาคใต้,123,1929
2025-03-17,GL-B-014,กรุงเทพฯ,951,14482
2025-03-17,GL-B-014,ภาคกลาง,775,15233
2025-03-17,GL-B-014,ภาคตะวันออก,568,8904
2025-03-17,GL-B-014,ภาคเหนือ,486,8410
2025-03-17,GL-B-014,ภาคใต้,575,9518
2025-03-17,MK-C-028,กรุงเทพฯ,615,10595
2025-03-17,MK-C-028,ภาคกลาง,511,10122
2025-03-17,MK-C-028,ภาคตะวันออก,432,7125
2025-03-17,MK-C-028,ภาคเหนือ,361,5685
2025-03-17,MK-C-028,ภาคใต้,491,8467
2025-03-17,SY-D-039,กรุงเทพฯ,405,6963
2025-03-17,SY-D-039,ภาคกลาง,367,6575
2025-03-17,SY-D-039,ภาคตะวันออก,257,5185
2025-03-17,SY-D-039,ภาคเหนือ,219,4048
2025-03-17,SY-D-039,ภาคใต้,295,5772
2025-03-17,AG-E-052,กรุงเทพฯ,135,2784
2025-03-17,AG-E-052,ภาคกลาง,112,2029
2025-03-17,AG-E-052,ภาคตะวันออก,77,1410
2025-03-17,AG-E-052,ภาคเหนือ,69,1256
2025-03-17,AG-E-052,ภาคใต้,86,1601
2025-03-18,TK-A-001,กรุงเทพฯ,163,3701
2025-03-18,TK-A-001,ภาคกลาง,147,2762
2025-03-18,TK-A-001,ภาคตะวันออก,106,2035
2025-03-18,TK-A-001,ภาคเหนือ,100,1782
2025-03-18,TK-A-001,ภาคใต้,126,1875
2025-03-18,GL-B-014,กรุงเทพฯ,898,15752
2025-03-18,GL-B-014,ภาคกลาง,756,13809
2025-03-18,GL-B-014,ภาคตะวันออก,566,10739
2025-03-18,GL-B-014,ภาคเหนือ,509,8070
2025-03-18,GL-B-014,ภาคใต้,681,11571
2025-03-18,MK-C-028,กรุงเทพฯ,705,10908
2025-03-18,MK-C-028,ภาคกลาง,587,11043
2025-03-18,MK-C-028,ภาคตะวันออก,397,6245
2025-03-18,MK-C-028,ภาคเหนือ,376,5740
2025-03-18,MK-C-028,ภาคใต้,416,7386
2025-03-18,SY-D-039,กรุงเทพฯ,423,8332
2025-03-18,SY-D-039,ภาคกลาง,389,5509
2025-03-18,SY-D-039,ภาคตะวันออก,258,4163
2025-03-18,SY-D-039,ภาคเหนือ,229,4397
2025-03-18,SY-D-039,ภาคใต้,306,6076
2025-03-18,AG-E-052,กรุงเทพฯ,140,2335
2025-03-18,AG-E-052,ภาคกลาง,109,1931
2025-03-18,AG-E-052,ภาคตะวันออก,83,1563
2025-03-18,AG-E-052,ภาคเหนือ,68,1164
2025-03-18,AG-E-052,ภาคใต้,89,1454
2025-03-19,TK-A-001,กรุงเทพฯ,190,2757
2025-03-19,TK-A-001,ภาคกลาง,138,2642
2025-03-19,TK-A-001,ภาคตะวันออก,113,2175
2025-03-19,TK-A-001,ภาคเหนือ,101,1941
2025-03-19,TK-A-001,ภาคใต้,108,1992
2025-03-19,GL-B-014,กรุงเทพฯ,859,16936
2025-03-19,GL-B-014,ภาคกลาง,741,14204
2025-03-19,GL-B-014,ภาคตะวันออก,569,9278
2025-03-19,GL-B-014,ภาคเหนือ,506,7675
2025-03-19,GL-B-014,ภาคใต้,614,9756
2025-03-19,MK-C-028,กรุงเทพฯ,661,10792
2025-03-19,MK-C-028,ภาคกลาง,505,8925
2025-03-19,MK-C-028,ภาคตะวันออก,432,7959
2025-03-19,MK-C-028,ภาคเหนือ,340,6552
2025-03-19,MK-C-028,ภาคใต้,424,9297
2025-03-19,SY-D-039,กรุงเทพฯ,462,8202
2025-03-19,SY-D-039,ภาคกลาง,347,6031
2025-03-19,SY-D-039,ภาคตะวันออก,295,4171
2025-03-19,SY-D-039,ภาคเหนือ,235,4956
2025-03-19,SY-D-039,ภาคใต้,325,5394
2025-03-19,AG-E-052,กรุงเทพฯ,148,2373
2025-03-19,AG-E-052,ภาคกลาง,118,1706
2025-03-19,AG-E-052,ภาคตะวันออก,82,1503
2025-03-19,AG-E-052,ภาคเหนือ,75,1421
2025-03-19,AG-E-052,ภาคใต้,89,1804
2025-03-20,TK-A-001,กรุงเทพฯ,181,2901
2025-03-20,TK-A-001,ภาคกลาง,149,2456
2025-03-20,TK-A-001,ภาคตะวันออก,105,1824
2025-03-20,TK-A-001,ภาคเหนือ,89,1727
2025-03-20,TK-A-001,ภาคใต้,110,2347
2025-03-20,GL-B-014,กรุงเทพฯ,895,15309
2025-03-20,GL-B-014,ภาคกลาง,815,12062
2025-03-20,GL-B-014,ภาคตะวันออก,612,9558
2025-03-20,GL-B-014,ภาคเหนือ,504,9821
2025-03-20,GL-B-014,ภาคใต้,565,11963
2025-03-20,MK-C-028,กรุงเทพฯ,667,11850
2025-03-20,MK-C-028,ภาคกลาง,525,10927
2025-03-20,MK-C-028,ภาคตะวันออก,435,6767
2025-03-20,MK-C-028,ภาคเหนือ,334,7343
2025-03-20,MK-C-028,ภาคใต้,462,8808
2025-03-20,SY-D-039,กรุงเทพฯ,411,8740
2025-03-20,SY-D-039,ภาคกลาง,334,7273
2025-03-20,SY-D-039,ภาคตะวันออก,279,5484
2025-03-20,SY-D-039,ภาคเหนือ,246,4563
2025-03-20,SY-D-039,ภาคใต้,298,5141
2025-03-20,AG-E-052,กรุงเทพฯ,132,2791
2025-03-20,AG-E-052,ภาคกลาง,107,2025
2025-03-20,AG-E-052,ภาคตะวันออก,89,1602
2025-03-20,AG-E-052,ภาคเหนือ,71,1182
2025-03-20,AG-E-052,ภาคใต้,81,1605
2025-03-21,TK-A-001,กรุงเทพฯ,181,3704
2025-03-21,TK-A-001,ภาคกลาง,131,2799
2025-03-21,TK-A-001,ภาคตะวันออก,114,1969
2025-03-21,TK-A-001,ภาคเหนือ,95,1546
2025-03-21,TK-A-001,ภาคใต้,129,1969
2025-03-21,GL-B-014,กรุงเทพฯ,929,15097
2025-03-21,GL-B-014,ภาคกลาง,689,15296
2025-03-21,GL-B-014,ภาคตะวันออก,599,10617
2025-03-21,GL-B-014,ภาคเหนือ,465,9419
2025-03-21,GL-B-014,ภาคใต้,631,12741
2025-03-21,MK-C-028,กรุงเทพฯ,689,12877
2025-03-21,MK-C-028,ภาคกลาง,573,9312
2025-03-21,MK-C-028,ภาคตะวันออก,425,8182
2025-03-21,MK-C-028,ภาคเหนือ,389,6029
2025-03-21,MK-C-028,ภาคใต้,482,9178
2025-03-21,SY-D-039,กรุงเทพฯ,421,8410
2025-03-21,SY-D-039,ภาคกลาง,339,7186
2025-03-21,SY-D-039,ภาคตะวันออก,287,4258
2025-03-21,SY-D-039,ภาคเหนือ,253,4596
2025-03-21,SY-D-039,ภาคใต้,329,5498
2025-03-21,AG-E-052,กรุงเทพฯ,141,2569
2025-03-21,AG-E-052,ภาคกลาง,102,2198
2025-03-21,AG-E-052,ภาคตะวันออก,84,1620
2025-03-21,AG-E-052,ภาคเหนือ,70,1117
2025-03-21,AG-E-052,ภาคใต้,95,1701
2025-03-22,TK-A-001,กรุงเทพฯ,168,2921
2025-03-22,TK-A-001,ภาคกลาง,137,2608
2025-03-22,TK-A-001,ภาคตะวันออก,110,2112
2025-03-22,TK-A-001,ภาคเหนือ,93,1722
2025-03-22,TK-A-001,ภาคใต้,127,1953
2025-03-22,GL-B-014,กรุงเทพฯ,962,17758
2025-03-22,GL-B-014,ภาคกลาง,809,12190
2025-03-22,GL-B-014,ภาคตะวันออก,520,11211
2025-03-22,GL-B-014,ภาคเหนือ,545,8599
2025-03-22,GL-B-014,ภาคใต้,647,10851
2025-03-22,MK-C-028,กรุงเทพฯ,627,10334
2025-03-22,MK-C-028,ภาคกลาง,560,9823
2025-03-22,MK-C-028,ภาคตะวันออก,401,6207
2025-03-22,MK-C-028,ภาคเหนือ,339,7245
2025-03-22,MK-C-028,ภาคใต้,435,8598
2025-03-22,SY-D-039,กรุงเทพฯ,449,7564
2025-03-22,SY-D-039,ภาคกลาง,364,6984
2025-03-22,SY-D-039,ภาคตะวันออก,245,4602
2025-03-22,SY-D-039,ภาคเหนือ,235,4825
2025-03-22,SY-D-039,ภาคใต้,311,5692
2025-03-22,AG-E-052,กรุงเทพฯ,134,2225
2025-03-22,AG-E-052,ภาคกลาง,114,2068
2025-03-22,AG-E-052,ภาคตะวันออก,76,1365
2025-03-22,AG-E-052,ภาคเหนือ,66,1438
2025-03-22,AG-E-052,ภาคใต้,84,1420
2025-03-23,TK-A-001,กรุงเทพฯ,196,2937
2025-03-23,TK-A-001,ภาคกลาง,134,2735
2025-03-23,TK-A-001,ภาคตะวันออก,118,2060
2025-03-23,TK-A-001,ภาคเหนือ,99,1601
2025-03-23,TK-A-001,ภาคใต้,120,2199
2025-03-23,GL-B-014,กรุงเทพฯ,912,17404
2025-03-23,GL-B-014,ภาคกลาง,695,12403
2025-03-23,GL-B-014,ภาคตะวันออก,520,10532
2025-03-23,GL-B-014,ภาคเหนือ,491,8151
2025-03-23,GL-B-014,ภาคใต้,621,12751
2025-03-23,MK-C-028,กรุงเทพฯ,633,12542
2025-03-23,MK-C-028,ภาคกลาง,535,11129
2025-03-23,MK-C-028,ภาคตะวันออก,406,6810
2025-03-23,MK-C-028,ภาคเหนือ,393,5872
2025-03-23,MK-C-028,ภาคใต้,436,9181
2025-03-23,SY-D-039,กรุงเทพฯ,415,7182
2025-03-23,SY-D-039,ภาคกลาง,367,5885
2025-03-23,SY-D-039,ภาคตะวันออก,286,4891
2025-03-23,SY-D-039,ภาคเหนือ,255,4932
2025-03-23,SY-D-039,ภาคใต้,270,5428
2025-03-23,AG-E-052,กรุงเทพฯ,143,2408
2025-03-23,AG-E-052,ภาคกลาง,103,2221
2025-03-23,AG-E-052,ภาคตะวันออก,76,1523
2025-03-23,AG-E-052,ภาคเหนือ,75,1203
2025-03-23,AG-E-052,ภาคใต้,97,1794
2025-03-24,TK-A-001,กรุงเทพฯ,187,2814
2025-03-24,TK-A-001,ภาคกลาง,145,2378
2025-03-24,TK-A-001,ภาคตะวันออก,100,1671
2025-03-24,TK-A-001,ภาคเหนือ,96,1879
2025-03-24,TK-A-001,ภาคใต้,110,2098
2025-03-24,GL-B-014,กรุงเทพฯ,1003,17225
2025-03-24,GL-B-014,ภาคกลาง,814,14751
2025-03-24,GL-B-014,ภาคตะวันออก,591,8967
2025-03-24,GL-B-014,ภาคเหนือ,476,7936
2025-03-24,GL-B-014,ภาคใต้,653,12742
2025-03-24,MK-C-028,กรุงเทพฯ,674,12420
2025-03-24,MK-C-028,ภาคกลาง,559,9117
2025-03-24,MK-C-028,ภาคตะวันออก,417,6385
2025-03-24,MK-C-028,ภาคเหนือ,371,7163
2025-03-24,MK-C-028,ภาคใต้,422,7833
2025-03-24,SY-D-039,กรุงเทพฯ,455,8159
2025-03-24,SY-D-039,ภาคกลาง,338,7191
2025-03-24,SY-D-039,ภาคตะวันออก,267,4588
2025-03-24,SY-D-039,ภาคเหนือ,244,4805
2025-03-24,SY-D-039,ภาคใต้,317,5740
2025-03-24,AG-E-052,กรุงเทพฯ,138,2535
2025-03-24,AG-E-052,ภาคกลาง,105,2016
2025-03-24,AG-E-052,ภาคตะวันออก,74,1259
2025-03-24,AG-E-052,ภาคเหนือ,72,1229
2025-03-24,AG-E-052,ภาคใต้,89,1780
2025-03-25,TK-A-001,กรุงเทพฯ,176,2896
2025-03-25,TK-A-001,ภาคกลาง,154,2328
2025-03-25,TK-A-001,ภาคตะวันออก,101,2110
2025-03-25,TK-A-001,ภาคเหนือ,91,1742
2025-03-25,TK-A-001,ภาคใต้,113,2210
2025-03-25,GL-B-014,กรุงเทพฯ,988,15914
2025-03-25,GL-B-014,ภาคกลาง,773,11555
2025-03-25,GL-B-014,ภาคตะวันออก,592,10980
2025-03-25,GL-B-014,ภาคเหนือ,536,8884
2025-03-25,GL-B-014,ภาคใต้,644,12741
2025-03-25,MK-C-028,กรุงเทพฯ,720,12429
2025-03-25,MK-C-028,ภาคกลาง,537,10647
2025-03-25,MK-C-028,ภาคตะวันออก,369,6532
2025-03-25,MK-C-028,ภาคเหนือ,329,5523
2025-03-25,MK-C-028,ภาคใต้,455,8408
2025-03-25,SY-D-039,กรุงเทพฯ,457,8449
2025-03-25,SY-D-039,ภาคกลาง,353,6998
2025-03-25,SY-D-039,ภาคตะวันออก,274,5542
2025-03-25,SY-D-039,ภาคเหนือ,250,4676
2025-03-25,SY-D-039,ภาคใต้,320,4680
2025-03-25,AG-E-052,กรุงเทพฯ,127,2700
2025-03-25,AG-E-052,ภาคกลาง,99,2141
2025-03-25,AG-E-052,ภาคตะวันออก,78,1601
2025-03-25,AG-E-052,ภาคเหนือ,77,1109
2025-03-25,AG-E-052,ภาคใต้,98,1461
2025-03-26,TK-A-001,กรุงเทพฯ,165,3475
2025-03-26,TK-A-001,ภาคกลาง,144,2212
2025-03-26,TK-A-001,ภาคตะวันออก,112,1675
2025-03-26,TK-A-001,ภาคเหนือ,102,1803
2025-03-26,TK-A-001,ภาคใต้,127,2122
2025-03-26,GL-B-014,กรุงเทพฯ,973,16681
2025-03-26,GL-B-014,ภาคกลาง,737,12583
2025-03-26,GL-B-014,ภาคตะวันออก,581,11358
2025-03-26,GL-B-014,ภาคเหนือ,539,9292
2025-03-26,GL-B-014,ภาคใต้,563,10063
2025-03-26,MK-C-028,กรุงเทพฯ,624,12657
2025-03-26,MK-C-028,ภาคกลาง,551,8560
2025-03-26,MK-C-028,ภาคตะวันออก,430,6390
2025-03-26,MK-C-028,ภาคเหนือ,355,7194
2025-03-26,MK-C-028,ภาคใต้,415,7666
2025-03-26,SY-D-039,กรุงเทพฯ,471,8463
2025-03-26,SY-D-039,ภาคกลาง,333,6580
2025-03-26,SY-D-039,ภาคตะวันออก,297,5169
2025-03-26,SY-D-039,ภาคเหนือ,226,4476
2025-03-26,SY-D-039,ภาคใต้,284,6024
2025-03-26,AG-E-052,กรุงเทพฯ,134,2441
2025-03-26,AG-E-052,ภาคกลาง,112,2202
2025-03-26,AG-E-052,ภาคตะวันออก,80,1337
2025-03-26,AG-E-052,ภาคเหนือ,69,1329
2025-03-26,AG-E-052,ภาคใต้,98,1747
2025-03-27,TK-A-001,กรุงเทพฯ,174,3691
2025-03-27,TK-A-001,ภาคกลาง,155,2548
2025-03-27,TK-A-001,ภาคตะวันออก,98,2219
2025-03-27,TK-A-001,ภาคเหนือ,105,1850
2025-03-27,TK-A-001,ภาคใต้,127,2311
2025-03-27,GL-B-014,กรุงเทพฯ,1014,15466
2025-03-27,GL-B-014,ภาคกลาง,766,11405
2025-03-27,GL-B-014,ภาคตะวันออก,505,10717
2025-03-27,GL-B-014,ภาคเหนือ,542,8808
2025-03-27,GL-B-014,ภาคใต้,574,9768
2025-03-27,MK-C-028,กรุงเทพฯ,672,13922
2025-03-27,MK-C-028,ภาคกลาง,535,10748
2025-03-27,MK-C-028,ภาคตะวันออก,436,7508
2025-03-27,MK-C-028,ภาคเหนือ,347,6579
2025-03-27,MK-C-028,ภาคใต้,439,8033
2025-03-27,SY-D-039,กรุงเทพฯ,444,9053
2025-03-27,SY-D-039,ภาคกลาง,338,5927
2025-03-27,SY-D-039,ภาคตะวันออก,294,5357
2025-03-27,SY-D-039,ภาคเหนือ,253,4331
2025-03-27,SY-D-039,ภาคใต้,325,6009
2025-03-27,AG-E-052,กรุงเทพฯ,127,2481
2025-03-27,AG-E-052,ภาคกลาง,102,1669
2025-03-27,AG-E-052,ภาคตะวันออก,76,1311
2025-03-27,AG-E-052,ภาคเหนือ,75,1309
2025-03-27,AG-E-052,ภาคใต้,88,1423
2025-03-28,TK-A-001,กรุงเทพฯ,179,2902
2025-03-28,TK-A-001,ภาคกลาง,141,2507
2025-03-28,TK-A-001,ภาคตะวันออก,107,1961
2025-03-28,TK-A-001,ภาคเหนือ,102,1802
2025-03-28,TK-A-001,ภาคใต้,120,1911
2025-03-28,GL-B-014,กรุงเทพฯ,876,15155
2025-03-28,GL-B-014,ภาคกลาง,808,13513
2025-03-28,GL-B-014,ภาคตะวันออก,563,8747
2025-03-28,GL-B-014,ภาคเหนือ,451,8672
2025-03-28,GL-B-014,ภาคใต้,642,9711
2025-03-28,MK-C-028,กรุงเทพฯ,633,10561
2025-03-28,MK-C-028,ภาคกลาง,508,8569
2025-03-28,MK-C-028,ภาคตะวันออก,385,7520
2025-03-28,MK-C-028,ภาคเหนือ,388,7212
2025-03-28,MK-C-028,ภาคใต้,480,7387
2025-03-28,SY-D-039,กรุงเทพฯ,469,8250
2025-03-28,SY-D-039,ภาคกลาง,344,6964
2025-03-28,SY-D-039,ภาคตะวันออก,265,5397
2025-03-28,SY-D-039,ภาคเหนือ,236,3768
2025-03-28,SY-D-039,ภาคใต้,315,5950
2025-03-28,AG-E-052,กรุงเทพฯ,144,2399
2025-03-28,AG-E-052,ภาคกลาง,102,1731
2025-03-28,AG-E-052,ภาคตะวันออก,86,1296
2025-03-28,AG-E-052,ภาคเหนือ,75,1392
2025-03-28,AG-E-052,ภาคใต้,82,1820
2025-03-29,TK-A-001,กรุงเทพฯ,173,3077
2025-03-29,TK-A-001,ภาคกลาง,147,2440
2025-03-29,TK-A-001,ภาคตะวันออก,105,2026
2025-03-29,TK-A-001,ภาคเหนือ,105,1789
2025-03-29,TK-A-001,ภาคใต้,122,2303
2025-03-29,GL-B-014,กรุงเทพฯ,1005,18887
2025-03-29,GL-B-014,ภาคกลาง,774,14872
2025-03-29,GL-B-014,ภาคตะวันออก,572,8548
2025-03-29,GL-B-014,ภาคเหนือ,513,8977
2025-03-29,GL-B-014,ภาคใต้,627,11056
2025-03-29,MK-C-028,กรุงเทพฯ,734,12257
2025-03-29,MK-C-028,ภาคกลาง,566,10649
2025-03-29,MK-C-028,ภาคตะวันออก,369,7440
2025-03-29,MK-C-028,ภาคเหนือ,330,5701
2025-03-29,MK-C-028,ภาคใต้,453,8217
2025-03-29,SY-D-039,กรุงเทพฯ,472,7712
2025-03-29,SY-D-039,ภาคกลาง,386,6125
2025-03-29,SY-D-039,ภาคตะวันออก,260,4214
2025-03-29,SY-D-039,ภาคเหนือ,219,3749
2025-03-29,SY-D-039,ภาคใต้,315,5248
2025-03-29,AG-E-052,กรุงเทพฯ,126,2141
2025-03-29,AG-E-052,ภาคกลาง,100,2136
2025-03-29,AG-E-052,ภาคตะวันออก,82,1284
2025-03-29,AG-E-052,ภาคเหนือ,74,1198
2025-03-29,AG-E-052,ภาคใต้,98,1749
2025-03-30,TK-A-001,กรุงเทพฯ,175,2899
2025-03-30,TK-A-001,ภาคกลาง,142,2696
2025-03-30,TK-A-001,ภาคตะวันออก,99,1735
2025-03-30,TK-A-001,ภาคเหนือ,94,1756
2025-03-30,TK-A-001,ภาคใต้,125,2354
2025-03-30,GL-B-014,กรุงเทพฯ,844,18499
2025-03-30,GL-B-014,ภาคกลาง,671,14905
2025-03-30,GL-B-014,ภาคตะวันออก,516,9625
2025-03-30,GL-B-014,ภาคเหนือ,508,8209
2025-03-30,GL-B-014,ภาคใต้,630,12228
2025-03-30,MK-C-028,กรุงเทพฯ,674,10402
2025-03-30,MK-C-028,ภาคกลาง,557,9024
2025-03-30,MK-C-028,ภาคตะวันออก,404,8383
2025-03-30,MK-C-028,ภาคเหนือ,383,6344
2025-03-30,MK-C-028,ภาคใต้,435,6924
2025-03-30,SY-D-039,กรุงเทพฯ,453,7777
2025-03-30,SY-D-039,ภาคกลาง,364,5515
2025-03-30,SY-D-039,ภาคตะวันออก,257,5082
2025-03-30,SY-D-039,ภาคเหนือ,231,3773
2025-03-30,SY-D-039,ภาคใต้,274,6198
2025-03-30,AG-E-052,กรุงเทพฯ,128,2462
2025-03-30,AG-E-052,ภาคกลาง,114,1716
2025-03-30,AG-E-052,ภาคตะวันออก,84,1635
2025-03-30,AG-E-052,ภาคเหนือ,73,1153
2025-03-30,AG-E-052,ภาคใต้,84,1471
2025-03-31,TK-A-001,กรุงเทพฯ,166,3686
2025-03-31,TK-A-001,ภาคกลาง,148,2366
2025-03-31,TK-A-001,ภาคตะวันออก,103,1801
2025-03-31,TK-A-001,ภาคเหนือ,101,1717
2025-03-31,TK-A-001,ภาคใต้,120,1899
2025-03-31,GL-B-014,กรุงเทพฯ,1007,14463
2025-03-31,GL-B-014,ภาคกลาง,752,13002
2025-03-31,GL-B-014,ภาคตะวันออก,523,9661
2025-03-31,GL-B-014,ภาคเหนือ,471,9359
2025-03-31,GL-B-014,ภาคใต้,602,12754
2025-03-31,MK-C-028,กรุงเทพฯ,623,12549
2025-03-31,MK-C-028,ภาคกลาง,495,10014
2025-03-31,MK-C-028,ภาคตะวันออก,421,8072
2025-03-31,MK-C-028,ภาคเหนือ,372,5540
2025-03-31,MK-C-028,ภาคใต้,432,8415
2025-03-31,SY-D-039,กรุงเทพฯ,487,8738
2025-03-31,SY-D-039,ภาคกลาง,376,5690
2025-03-31,SY-D-039,ภาคตะวันออก,251,4749
2025-03-31,SY-D-039,ภาคเหนือ,229,4940
2025-03-31,SY-D-039,ภาคใต้,297,5015
2025-03-31,AG-E-052,กรุงเทพฯ,146,2375
2025-03-31,AG-E-052,ภาคกลาง,108,1816
2025-03-31,AG-E-052,ภาคตะวันออก,83,1364
2025-03-31,AG-E-052,ภาคเหนือ,72,1122
2025-03-31,AG-E-052,ภาคใต้,84,1530
2025-04-01,TK-A-001,กรุงเทพฯ,185,3620
2025-04-01,TK-A-001,ภาคกลาง,149,2951
2025-04-01,TK-A-001,ภาคตะวันออก,106,1763
2025-04-01,TK-A-001,ภาคเหนือ,87,1836
2025-04-01,TK-A-001,ภาคใต้,128,1838
2025-04-01,GL-B-014,กรุงเทพฯ,848,15111
2025-04-01,GL-B-014,ภาคกลาง,808,12219
2025-04-01,GL-B-014,ภาคตะวันออก,546,9797
2025-04-01,GL-B-014,ภาคเหนือ,491,9791
2025-04-01,GL-B-014,ภาคใต้,581,9982
2025-04-01,MK-C-028,กรุงเทพฯ,726,11401
2025-04-01,MK-C-028,ภาคกลาง,578,10639
2025-04-01,MK-C-028,ภาคตะวันออก,380,8080
2025-04-01,MK-C-028,ภาคเหนือ,334,6970
2025-04-01,MK-C-028,ภาคใต้,410,7586
2025-04-01,SY-D-039,กรุงเทพฯ,472,8942
2025-04-01,SY-D-039,ภาคกลาง,337,6637
2025-04-01,SY-D-039,ภาคตะวันออก,246,4759
2025-04-01,SY-D-039,ภาคเหนือ,223,4300
2025-04-01,SY-D-039,ภาคใต้,303,5161
2025-04-01,AG-E-052,กรุงเทพฯ,124,2692
2025-04-01,AG-E-052,ภาคกลาง,102,1900
2025-04-01,AG-E-052,ภาคตะวันออก,84,1351
2025-04-01,AG-E-052,ภาคเหนือ,78,1375
2025-04-01,AG-E-052,ภาคใต้,91,1505
2025-04-02,TK-A-001,กรุงเทพฯ,183,3059
2025-04-02,TK-A-001,ภาคกลาง,131,2574
2025-04-02,TK-A-001,ภาคตะวันออก,106,2088
2025-04-02,TK-A-001,ภาคเหนือ,90,1540
2025-04-02,TK-A-001,ภาคใต้,131,2401
2025-04-02,GL-B-014,กรุงเทพฯ,959,18161
2025-04-02,GL-B-014,ภาคกลาง,738,11655
2025-04-02,GL-B-014,ภาคตะวันออก,548,10061
2025-04-02,GL-B-014,ภาคเหนือ,511,8204
2025-04-02,GL-B-014,ภาคใต้,678,11533
2025-04-02,MK-C-028,กรุงเทพฯ,646,12357
2025-04-02,MK-C-028,ภาคกลาง,528,10551
2025-04-02,MK-C-028,ภาคตะวันออก,430,6976
2025-04-02,MK-C-028,ภาคเหนือ,387,5662
2025-04-02,MK-C-028,ภาคใต้,418,7618
2025-04-02,SY-D-039,กรุงเทพฯ,485,7630
2025-04-02,SY-D-039,ภาคกลาง,341,7160
2025-04-02,SY-D-039,ภาคตะวันออก,289,5096
2025-04-02,SY-D-039,ภาคเหนือ,223,4682
2025-04-02,SY-D-039,ภาคใต้,313,5655
2025-04-02,AG-E-052,กรุงเทพฯ,140,2093
2025-04-02,AG-E-052,ภาคกลาง,105,2055
2025-04-02,AG-E-052,ภาคตะวันออก,85,1400
2025-04-02,AG-E-052,ภาคเหนือ,70,1424
2025-04-02,AG-E-052,ภาคใต้,81,1570
2025-04-03,TK-A-001,กรุงเทพฯ,174,3386
2025-04-03,TK-A-001,ภาคกลาง,150,2334
2025-04-03,TK-A-001,ภาคตะวันออก,111,1759
2025-04-03,TK-A-001,ภาคเหนือ,96,1615
2025-04-03,TK-A-001,ภาคใต้,118,2039
2025-04-03,GL-B-014,กรุงเทพฯ,951,14928
2025-04-03,GL-B-014,ภาคกลาง,747,12267
2025-04-03,GL-B-014,ภาคตะวันออก,613,11431
2025-04-03,GL-B-014,ภาคเหนือ,526,9348
2025-04-03,GL-B-014,ภาคใต้,679,11310
2025-04-03,MK-C-028,กรุงเทพฯ,731,10971
2025-04-03,MK-C-028,ภาคกลาง,553,11104
2025-04-03,MK-C-028,ภาคตะวันออก,410,7542
2025-04-03,MK-C-028,ภาคเหนือ,396,6895
2025-04-03,MK-C-028,ภาคใต้,452,7902
2025-04-03,SY-D-039,กรุงเทพฯ,486,8835
2025-04-03,SY-D-039,ภาคกลาง,356,6741
2025-04-03,SY-D-039,ภาคตะวันออก,282,4292
2025-04-03,SY-D-039,ภาคเหนือ,254,4523
2025-04-03,SY-D-039,ภาคใต้,305,5946
2025-04-03,AG-E-052,กรุงเทพฯ,138,2094
2025-04-03,AG-E-052,ภาคกลาง,116,2074
2025-04-03,AG-E-052,ภาคตะวันออก,88,1664
2025-04-03,AG-E-052,ภาคเหนือ,78,1365
2025-04-03,AG-E-052,ภาคใต้,86,1484
2025-04-04,TK-A-001,กรุงเทพฯ,169,3491
2025-04-04,TK-A-001,ภาคกลาง,130,2709
2025-04-04,TK-A-001,ภาคตะวันออก,110,2080
2025-04-04,TK-A-001,ภาคเหนือ,102,1790
2025-04-04,TK-A-001,ภาคใต้,117,2258
2025-04-04,GL-B-014,กรุงเทพฯ,1012,18463
2025-04-04,GL-B-014,ภาคกลาง,688,11946
2025-04-04,GL-B-014,ภาคตะวันออก,537,10191
2025-04-04,GL-B-014,ภาคเหนือ,501,8625
2025-04-04,GL-B-014,ภาคใต้,663,9536
2025-04-04,MK-C-028,กรุงเทพฯ,608,13927
2025-04-04,MK-C-028,ภาคกลาง,579,10582
2025-04-04,MK-C-028,ภาคตะวันออก,393,6500
2025-04-04,MK-C-028,ภาคเหนือ,340,5957
2025-04-04,MK-C-028,ภาคใต้,418,8976
2025-04-04,SY-D-039,กรุงเทพฯ,444,7042
2025-04-04,SY-D-039,ภาคกลาง,361,5919
2025-04-04,SY-D-039,ภาคตะวันออก,256,4482
2025-04-04,SY-D-039,ภาคเหนือ,220,4570
2025-04-04,SY-D-039,ภาคใต้,329,4944
2025-04-04,AG-E-052,กรุงเทพฯ,122,2287
2025-04-04,AG-E-052,ภาคกลาง,101,1872
2025-04-04,AG-E-052,ภาคตะวันออก,84,1648
2025-04-04,AG-E-052,ภาคเหนือ,74,1231
2025-04-04,AG-E-052,ภาคใต้,96,1415
2025-04-05,TK-A-001,กรุงเทพฯ,190,3016
2025-04-05,TK-A-001,ภาคกลาง,140,2224
2025-04-05,TK-A-001,ภาคตะวันออก,118,1985
2025-04-05,TK-A-001,ภาคเหนือ,93,1494
2025-04-05,TK-A-001,ภาคใต้,129,2079
2025-04-05,GL-B-014,กรุงเทพฯ,838,15224
2025-04-05,GL-B-014,ภาคกลาง,685,14822
2025-04-05,GL-B-014,ภาคตะวันออก,504,10869
2025-04-05,GL-B-014,ภาคเหนือ,528,8413
2025-04-05,GL-B-014,ภาคใต้,595,11368
2025-04-05,MK-C-028,กรุงเทพฯ,641,11695
2025-04-05,MK-C-028,ภาคกลาง,582,9350
2025-04-05,MK-C-028,ภาคตะวันออก,383,8371
2025-04-05,MK-C-028,ภาคเหนือ,372,6554
2025-04-05,MK-C-028,ภาคใต้,408,9024
2025-04-05,SY-D-039,กรุงเทพฯ,463,7716
2025-04-05,SY-D-039,ภาคกลาง,365,6743
2025-04-05,SY-D-039,ภาคตะวันออก,289,4974
2025-04-05,SY-D-039,ภาคเหนือ,262,4719
2025-04-05,SY-D-039,ภาคใต้,274,5710
2025-04-05,AG-E-052,กรุงเทพฯ,148,2416
2025-04-05,AG-E-052,ภาคกลาง,117,1773
2025-04-05,AG-E-052,ภาคตะวันออก,88,1332
2025-04-05,AG-E-052,ภาคเหนือ,67,1254
2025-04-05,AG-E-052,ภาคใต้,82,1581
2025-04-06,TK-A-001,กรุงเทพฯ,163,3119
2025-04-06,TK-A-001,ภาคกลาง,158,2600
2025-04-06,TK-A-001,ภาคตะวันออก,117,1734
2025-04-06,TK-A-001,ภาคเหนือ,101,1664
2025-04-06,TK-A-001,ภาคใต้,118,1921
2025-04-06,GL-B-014,กรุงเทพฯ,964,14401
2025-04-06,GL-B-014,ภาคกลาง,726,13058
2025-04-06,GL-B-014,ภาคตะวันออก,532,10130
2025-04-06,GL-B-014,ภาคเหนือ,484,9168
2025-04-06,GL-B-014,ภาคใต้,568,10837
2025-04-06,MK-C-028,กรุงเทพฯ,687,13568
2025-04-06,MK-C-028,ภาคกลาง,500,9221
2025-04-06,MK-C-028,ภาคตะวันออก,408,6699
2025-04-06,MK-C-028,ภาคเหนือ,352,6883
2025-04-06,MK-C-028,ภาคใต้,486,7117
2025-04-06,SY-D-039,กรุงเทพฯ,422,7721
2025-04-06,SY-D-039,ภาคกลาง,373,6477
2025-04-06,SY-D-039,ภาคตะวันออก,290,4856
2025-04-06,SY-D-039,ภาคเหนือ,259,4269
2025-04-06,SY-D-039,ภาคใต้,317,6056
2025-04-06,AG-E-052,กรุงเทพฯ,129,2592
2025-04-06,AG-E-052,ภาคกลาง,112,1999
2025-04-06,AG-E-052,ภาคตะวันออก,87,1509
2025-04-06,AG-E-052,ภาคเหนือ,78,1324
2025-04-06,AG-E-052,ภาคใต้,89,1542
2025-04-07,TK-A-001,กรุงเทพฯ,195,3441
2025-04-07,TK-A-001,ภาคกลาง,155,2232
2025-04-07,TK-A-001,ภาคตะวันออก,106,1888
2025-04-07,TK-A-001,ภาคเหนือ,96,1697
2025-04-07,TK-A-001,ภาคใต้,123,2396
2025-04-07,GL-B-014,กรุงเทพฯ,914,19177
2025-04-07,GL-B-014,ภาคกลาง,748,11600
2025-04-07,GL-B-014,ภาคตะวันออก,543,10409
2025-04-07,GL-B-014,ภาคเหนือ,528,9360
2025-04-07,GL-B-014,ภาคใต้,614,12076
2025-04-07,MK-C-028,กรุงเทพฯ,735,12754
2025-04-07,MK-C-028,ภาคกลาง,574,8691
2025-04-07,MK-C-028,ภาคตะวันออก,431,6878
2025-04-07,MK-C-028,ภาคเหนือ,345,6160
2025-04-07,MK-C-028,ภาคใต้,448,8309
2025-04-07,SY-D-039,กรุงเทพฯ,417,7940
2025-04-07,SY-D-039,ภาคกลาง,343,6519
2025-04-07,SY-D-039,ภาคตะวันออก,288,4293
2025-04-07,SY-D-039,ภาคเหนือ,238,4827
2025-04-07,SY-D-039,ภาคใต้,317,5951
2025-04-07,AG-E-052,กรุงเทพฯ,136,2184
2025-04-07,AG-E-052,ภาคกลาง,106,1795
2025-04-07,AG-E-052,ภาคตะวันออก,79,1556
2025-04-07,AG-E-052,ภาคเหนือ,76,1399
2025-04-07,AG-E-052,ภาคใต้,82,1757
2025-04-08,TK-A-001,กรุงเทพฯ,169,2843
2025-04-08,TK-A-001,ภาคกลาง,140,2551
2025-04-08,TK-A-001,ภาคตะวันออก,113,1694
2025-04-08,TK-A-001,ภาคเหนือ,100,1931
2025-04-08,TK-A-001,ภาคใต้,115,1865
2025-04-08,GL-B-014,กรุงเทพฯ,858,17248
2025-04-08,GL-B-014,ภาคกลาง,716,14629
2025-04-08,GL-B-014,ภาคตะวันออก,527,8834
2025-04-08,GL-B-014,ภาคเหนือ,465,9370
2025-04-08,GL-B-014,ภาคใต้,608,11773
2025-04-08,MK-C-028,กรุงเทพฯ,648,11260
2025-04-08,MK-C-028,ภาคกลาง,584,8356
2025-04-08,MK-C-028,ภาคตะวันออก,435,6489
2025-04-08,MK-C-028,ภาคเหนือ,327,6937
2025-04-08,MK-C-028,ภาคใต้,432,7560
2025-04-08,SY-D-039,กรุงเทพฯ,409,7103
2025-04-08,SY-D-039,ภาคกลาง,363,5522
2025-04-08,SY-D-039,ภาคตะวันออก,281,5212
2025-04-08,SY-D-039,ภาคเหนือ,258,4951
2025-04-08,SY-D-039,ภาคใต้,308,6196
2025-04-08,AG-E-052,กรุงเทพฯ,144,2278
2025-04-08,AG-E-052,ภาคกลาง,116,2146
2025-04-08,AG-E-052,ภาคตะวันออก,79,1555
2025-04-08,AG-E-052,ภาคเหนือ,67,1160
2025-04-08,AG-E-052,ภาคใต้,92,1780
2025-04-09,TK-A-001,กรุงเทพฯ,193,3116
2025-04-09,TK-A-001,ภาคกลาง,137,2472
2025-04-09,TK-A-001,ภาคตะวันออก,101,2153
2025-04-09,TK-A-001,ภาคเหนือ,92,1983
2025-04-09,TK-A-001,ภาคใต้,129,2268
2025-04-09,GL-B-014,กรุงเทพฯ,1005,18429
2025-04-09,GL-B-014,ภาคกลาง,743,12472
2025-04-09,GL-B-014,ภาคตะวันออก,598,10620
2025-04-09,GL-B-014,ภาคเหนือ,453,9580
2025-04-09,GL-B-014,ภาคใต้,581,10207
2025-04-09,MK-C-028,กรุงเทพฯ,710,11137
2025-04-09,MK-C-028,ภาคกลาง,518,10323
2025-04-09,MK-C-028,ภาคตะวันออก,433,7845
2025-04-09,MK-C-028,ภาคเหนือ,354,7004
2025-04-09,MK-C-028,ภาคใต้,459,8925
2025-04-09,SY-D-039,กรุงเทพฯ,459,7648
2025-04-09,SY-D-039,ภาคกลาง,326,6004
2025-04-09,SY-D-039,ภาคตะวันออก,293,4997
2025-04-09,SY-D-039,ภาคเหนือ,245,4940
2025-04-09,SY-D-039,ภาคใต้,297,4968
2025-04-09,AG-E-052,กรุงเทพฯ,128,2287
2025-04-09,AG-E-052,ภาคกลาง,103,1912
2025-04-09,AG-E-052,ภาคตะวันออก,80,1442
2025-04-09,AG-E-052,ภาคเหนือ,70,1448
2025-04-09,AG-E-052,ภาคใต้,84,1548
2025-04-10,TK-A-001,กรุงเทพฯ,190,3634
2025-04-10,TK-A-001,ภาคกลาง,157,2318
2025-04-10,TK-A-001,ภาคตะวันออก,107,2232
2025-04-10,TK-A-001,ภาคเหนือ,89,1967
2025-04-10,TK-A-001,ภาคใต้,111,2397
2025-04-10,GL-B-014,กรุงเทพฯ,931,18140
2025-04-10,GL-B-014,ภาคกลาง,764,13017
2025-04-10,GL-B-014,ภาคตะวันออก,566,9536
2025-04-10,GL-B-014,ภาคเหนือ,520,8430
2025-04-10,GL-B-014,ภาคใต้,579,11774
2025-04-10,MK-C-028,กรุงเทพฯ,690,11623
2025-04-10,MK-C-028,ภาคกลาง,537,10112
2025-04-10,MK-C-028,ภาคตะวันออก,413,7149
2025-04-10,MK-C-028,ภาคเหนือ,329,6013
2025-04-10,MK-C-028,ภาคใต้,426,9162
2025-04-10,SY-D-039,กรุงเทพฯ,419,7287
2025-04-10,SY-D-039,ภาคกลาง,391,5575
2025-04-10,SY-D-039,ภาคตะวันออก,287,4548
2025-04-10,SY-D-039,ภาคเหนือ,239,4888
2025-04-10,SY-D-039,ภาคใต้,324,5088
2025-04-10,AG-E-052,กรุงเทพฯ,144,2255
2025-04-10,AG-E-052,ภาคกลาง,97,1674
2025-04-10,AG-E-052,ภาคตะวันออก,73,1665
2025-04-10,AG-E-052,ภาคเหนือ,74,1220
2025-04-10,AG-E-052,ภาคใต้,86,1692
2025-04-11,TK-A-001,กรุงเทพฯ,186,2964
2025-04-11,TK-A-001,ภาคกลาง,140,2927
2025-04-11,TK-A-001,ภาคตะวันออก,119,2148
2025-04-11,TK-A-001,ภาคเหนือ,104,1712
2025-04-11,TK-A-001,ภาคใต้,132,2292
2025-04-11,GL-B-014,กรุงเทพฯ,915,17896
2025-04-11,GL-B-014,ภาคกลาง,783,13356
2025-04-11,GL-B-014,ภาคตะวันออก,504,9767
2025-04-11,GL-B-014,ภาคเหนือ,526,7875
2025-04-11,GL-B-014,ภาคใต้,669,10826
2025-04-11,MK-C-028,กรุงเทพฯ,641,13370
2025-04-11,MK-C-028,ภาคกลาง,546,9796
2025-04-11,MK-C-028,ภาคตะวันออก,405,6490
2025-04-11,MK-C-028,ภาคเหนือ,393,6398
2025-04-11,MK-C-028,ภาคใต้,410,8290
2025-04-11,SY-D-039,กรุงเทพฯ,429,8253
2025-04-11,SY-D-039,ภาคกลาง,371,7014
2025-04-11,SY-D-039,ภาคตะวันออก,279,5018
2025-04-11,SY-D-039,ภาคเหนือ,225,4119
2025-04-11,SY-D-039,ภาคใต้,311,5459
2025-04-11,AG-E-052,กรุงเทพฯ,147,2279
2025-04-11,AG-E-052,ภาคกลาง,116,2093
2025-04-11,AG-E-052,ภาคตะวันออก,76,1386
2025-04-11,AG-E-052,ภาคเหนือ,73,1358
2025-04-11,AG-E-052,ภาคใต้,82,1393
2025-04-12,TK-A-001,กรุงเทพฯ,186,3066
2025-04-12,TK-A-001,ภาคกลาง,140,2817
2025-04-12,TK-A-001,ภาคตะวันออก,117,1983
2025-04-12,TK-A-001,ภาคเหนือ,99,1493
2025-04-12,TK-A-001,ภาคใต้,122,2408
2025-04-12,GL-B-014,กรุงเทพฯ,1010,15553
2025-04-12,GL-B-014,ภาคกลาง,749,14832
2025-04-12,GL-B-014,ภาคตะวันออก,547,10068
2025-04-12,GL-B-014,ภาคเหนือ,541,7909
2025-04-12,GL-B-014,ภาคใต้,616,11883
2025-04-12,MK-C-028,กรุงเทพฯ,631,13799
2025-04-12,MK-C-028,ภาคกลาง,488,11112
2025-04-12,MK-C-028,ภาคตะวันออก,393,6357
2025-04-12,MK-C-028,ภาคเหนือ,337,6302
2025-04-12,MK-C-028,ภาคใต้,430,7491
2025-04-12,SY-D-039,กรุงเทพฯ,454,7962
2025-04-12,SY-D-039,ภาคกลาง,334,6904
2025-04-12,SY-D-039,ภาคตะวันออก,264,5036
2025-04-12,SY-D-039,ภาคเหนือ,226,4466
2025-04-12,SY-D-039,ภาคใต้,297,4912
2025-04-12,AG-E-052,กรุงเทพฯ,144,2683
2025-04-12,AG-E-052,ภาคกลาง,98,1753
2025-04-12,AG-E-052,ภาคตะวันออก,74,1309
2025-04-12,AG-E-052,ภาคเหนือ,79,1304
2025-04-12,AG-E-052,ภาคใต้,99,1509
2025-04-13,TK-A-001,กรุงเทพฯ,172,3496
2025-04-13,TK-A-001,ภาคกลาง,136,2485
2025-04-13,TK-A-001,ภาคตะวันออก,109,1747
2025-04-13,TK-A-001,ภาคเหนือ,98,1636
2025-04-13,TK-A-001,ภาคใต้,131,1917
2025-04-13,GL-B-014,กรุงเทพฯ,1013,16582
2025-04-13,GL-B-014,ภาคกลาง,808,14057
2025-04-13,GL-B-014,ภาคตะวันออก,503,10611
2025-04-13,GL-B-014,ภาคเหนือ,501,10213
2025-04-13,GL-B-014,ภาคใต้,599,10237
2025-04-13,MK-C-028,กรุงเทพฯ,614,12054
2025-04-13,MK-C-028,ภาคกลาง,555,9810
2025-04-13,MK-C-028,ภาคตะวันออก,419,7988
2025-04-13,MK-C-028,ภาคเหนือ,329,7296
2025-04-13,MK-C-028,ภาคใต้,429,8991
2025-04-13,SY-D-039,กรุงเทพฯ,490,9187
2025-04-13,SY-D-039,ภาคกลาง,327,6463
2025-04-13,SY-D-039,ภาคตะวันออก,257,5211
2025-04-13,SY-D-039,ภาคเหนือ,219,4585
2025-04-13,SY-D-039,ภาคใต้,278,5761
2025-04-13,AG-E-052,กรุงเทพฯ,130,2504
2025-04-13,AG-E-052,ภาคกลาง,109,1906
2025-04-13,AG-E-052,ภาคตะวันออก,84,1669
2025-04-13,AG-E-052,ภาคเหนือ,71,1259
2025-04-13,AG-E-052,ภาคใต้,82,1728
2025-04-14,TK-A-001,กรุงเทพฯ,192,3034
2025-04-14,TK-A-001,ภาคกลาง,157,2362
2025-04-14,TK-A-001,ภาคตะวันออก,114,2054
2025-04-14,TK-A-001,ภาคเหนือ,97,1688
2025-04-14,TK-A-001,ภาคใต้,126,2109
2025-04-14,GL-B-014,กรุงเทพฯ,990,17028
2025-04-14,GL-B-014,ภาคกลาง,725,11836
2025-04-14,GL-B-014,ภาคตะวันออก,531,8858
2025-04-14,GL-B-014,ภาคเหนือ,493,8628
2025-04-14,GL-B-014,ภาคใต้,617,12544
2025-04-14,MK-C-028,กรุงเทพฯ,670,10574
2025-04-14,MK-C-028,ภาคกลาง,544,10177
2025-04-14,MK-C-028,ภาคตะวันออก,375,6399
2025-04-14,MK-C-028,ภาคเหนือ,331,6735
2025-04-14,MK-C-028,ภาคใต้,479,7184
2025-04-14,SY-D-039,กรุงเทพฯ,410,9085
2025-04-14,SY-D-039,ภาคกลาง,389,5546
2025-04-14,SY-D-039,ภาคตะวันออก,291,4388
2025-04-14,SY-D-039,ภาคเหนือ,258,4524
2025-04-14,SY-D-039,ภาคใต้,270,6056
2025-04-14,AG-E-052,กรุงเทพฯ,136,2630
2025-04-14,AG-E-052,ภาคกลาง,98,1976
2025-04-14,AG-E-052,ภาคตะวันออก,77,1593
2025-04-14,AG-E-052,ภาคเหนือ,70,1108
2025-04-14,AG-E-052,ภาคใต้,92,1831
2025-04-15,TK-A-001,กรุงเทพฯ,194,3292
2025-04-15,TK-A-001,ภาคกลาง,157,2772
2025-04-15,TK-A-001,ภาคตะวันออก,105,2128
2025-04-15,TK-A-001,ภาคเหนือ,105,1582
2025-04-15,TK-A-001,ภาคใต้,111,2354
2025-04-15,GL-B-014,กรุงเทพฯ,868,15087
2025-04-15,GL-B-014,ภาคกลาง,798,14564
2025-04-15,GL-B-014,ภาคตะวันออก,546,11438
2025-04-15,GL-B-014,ภาคเหนือ,531,9280
2025-04-15,GL-B-014,ภาคใต้,621,10651
2025-04-15,MK-C-028,กรุงเทพฯ,716,13572
2025-04-15,MK-C-028,ภาคกลาง,489,10932
2025-04-15,MK-C-028,ภาคตะวันออก,366,7890
2025-04-15,MK-C-028,ภาคเหนือ,386,5808
2025-04-15,MK-C-028,ภาคใต้,486,8923
2025-04-15,SY-D-039,กรุงเทพฯ,409,7700
2025-04-15,SY-D-039,ภาคกลาง,375,7141
2025-04-15,SY-D-039,ภาคตะวันออก,287,5101
2025-04-15,SY-D-039,ภาคเหนือ,225,4064
2025-04-15,SY-D-039,ภาคใต้,298,5256
2025-04-15,AG-E-052,กรุงเทพฯ,136,2526
2025-04-15,AG-E-052,ภาคกลาง,113,2211
2025-04-15,AG-E-052,ภาคตะวันออก,84,1609
2025-04-15,AG-E-052,ภาคเหนือ,76,1486
2025-04-15,AG-E-052,ภาคใต้,83,1504
2025-04-16,TK-A-001,กรุงเทพฯ,167,2998
2025-04-16,TK-A-001,ภาคกลาง,138,2752
2025-04-16,TK-A-001,ภาคตะวันออก,116,2010
2025-04-16,TK-A-001,ภาคเหนือ,100,1513
2025-04-16,TK-A-001,ภาคใต้,131,2062
2025-04-16,GL-B-014,กรุงเทพฯ,901,16165
2025-04-16,GL-B-014,ภาคกลาง,796,14917
2025-04-16,GL-B-014,ภาคตะวันออก,563,9873
2025-04-16,GL-B-014,ภาคเหนือ,470,8659
2025-04-16,GL-B-014,ภาคใต้,653,9647
2025-04-16,MK-C-028,กรุงเทพฯ,622,10707
2025-04-16,MK-C-028,ภาคกลาง,577,8905
2025-04-16,MK-C-028,ภาคตะวันออก,378,8322
2025-04-16,MK-C-028,ภาคเหนือ,385,6934
2025-04-16,MK-C-028,ภาคใต้,419,7609
2025-04-16,SY-D-039,กรุงเทพฯ,427,7401
2025-04-16,SY-D-039,ภาคกลาง,329,6358
2025-04-16,SY-D-039,ภาคตะวันออก,258,4690
2025-04-16,SY-D-039,ภาคเหนือ,261,4268
2025-04-16,SY-D-039,ภาคใต้,312,5089
2025-04-16,AG-E-052,กรุงเทพฯ,141,2552
2025-04-16,AG-E-052,ภาคกลาง,102,2047
2025-04-16,AG-E-052,ภาคตะวันออก,84,1318
2025-04-16,AG-E-052,ภาคเหนือ,70,1290
2025-04-16,AG-E-052,ภาคใต้,85,1398
2025-04-17,TK-A-001,กรุงเทพฯ,179,3419
2025-04-17,TK-A-001,ภาคกลาง,145,2634
2025-04-17,TK-A-001,ภาคตะวันออก,105,2012
2025-04-17,TK-A-001,ภาคเหนือ,97,1872
2025-04-17,TK-A-001,ภาคใต้,122,2048
2025-04-17,GL-B-014,กรุงเทพฯ,892,16328
2025-04-17,GL-B-014,ภาคกลาง,670,11720
2025-04-17,GL-B-014,ภาคตะวันออก,565,10202
2025-04-17,GL-B-014,ภาคเหนือ,459,9346
2025-04-17,GL-B-014,ภาคใต้,580,12429
2025-04-17,MK-C-028,กรุงเทพฯ,674,11128
2025-04-17,MK-C-028,ภาคกลาง,551,9613
2025-04-17,MK-C-028,ภาคตะวันออก,372,8242
2025-04-17,MK-C-028,ภาคเหนือ,393,5853
2025-04-17,MK-C-028,ภาคใต้,432,8205
2025-04-17,SY-D-039,กรุงเทพฯ,470,7565
2025-04-17,SY-D-039,ภาคกลาง,335,6571
2025-04-17,SY-D-039,ภาคตะวันออก,276,5369
2025-04-17,SY-D-039,ภาคเหนือ,225,4734
2025-04-17,SY-D-039,ภาคใต้,292,4617
2025-04-17,AG-E-052,กรุงเทพฯ,127,2576
2025-04-17,AG-E-052,ภาคกลาง,110,1772
2025-04-17,AG-E-052,ภาคตะวันออก,81,1645
2025-04-17,AG-E-052,ภาคเหนือ,75,1421
2025-04-17,AG-E-052,ภาคใต้,94,1844
2025-04-18,TK-A-001,กรุงเทพฯ,189,2872
2025-04-18,TK-A-001,ภาคกลาง,137,2629
2025-04-18,TK-A-001,ภาคตะวันออก,108,1752
2025-04-18,TK-A-001,ภาคเหนือ,96,1773
2025-04-18,TK-A-001,ภาคใต้,121,1929
2025-04-18,GL-B-014,กรุงเทพฯ,994,17466
2025-04-18,GL-B-014,ภาคกลาง,746,12894
2025-04-18,GL-B-014,ภาคตะวันออก,524,10570
2025-04-18,GL-B-014,ภาคเหนือ,467,10006
2025-04-18,GL-B-014,ภาคใต้,572,12114
2025-04-18,MK-C-028,กรุงเทพฯ,666,11831
2025-04-18,MK-C-028,ภาคกลาง,594,8642
2025-04-18,MK-C-028,ภาคตะวันออก,372,8040
2025-04-18,MK-C-028,ภาคเหนือ,395,5996
2025-04-18,MK-C-028,ภาคใต้,454,7005
2025-04-18,SY-D-039,กรุงเทพฯ,441,7955
2025-04-18,SY-D-039,ภาคกลาง,387,6023
2025-04-18,SY-D-039,ภาคตะวันออก,294,5549
2025-04-18,SY-D-039,ภาคเหนือ,253,4059
2025-04-18,SY-D-039,ภาคใต้,271,5009
2025-04-18,AG-E-052,กรุงเทพฯ,124,2558
2025-04-18,AG-E-052,ภาคกลาง,112,1811
2025-04-18,AG-E-052,ภาคตะวันออก,78,1315
2025-04-18,AG-E-052,ภาคเหนือ,72,1416
2025-04-18,AG-E-052,ภาคใต้,89,1599
2025-04-19,TK-A-001,กรุงเทพฯ,188,3164
2025-04-19,TK-A-001,ภาคกลาง,130,2797
2025-04-19,TK-A-001,ภาคตะวันออก,104,1709
2025-04-19,TK-A-001,ภาคเหนือ,95,1907
2025-04-19,TK-A-001,ภาคใต้,111,1843
2025-04-19,GL-B-014,กรุงเทพฯ,1014,17323
2025-04-19,GL-B-014,ภาคกลาง,682,15141
2025-04-19,GL-B-014,ภาคตะวันออก,611,9192
2025-04-19,GL-B-014,ภาคเหนือ,476,7934
2025-04-19,GL-B-014,ภาคใต้,562,10945
2025-04-19,MK-C-028,กรุงเทพฯ,639,13183
2025-04-19,MK-C-028,ภาคกลาง,577,10305
2025-04-19,MK-C-028,ภาคตะวันออก,432,6985
2025-04-19,MK-C-028,ภาคเหนือ,377,5689
2025-04-19,MK-C-028,ภาคใต้,441,7844
2025-04-19,SY-D-039,กรุงเทพฯ,452,7090
2025-04-19,SY-D-039,ภาคกลาง,353,6653
2025-04-19,SY-D-039,ภาคตะวันออก,281,5512
2025-04-19,SY-D-039,ภาคเหนือ,242,4038
2025-04-19,SY-D-039,ภาคใต้,273,4672
2025-04-19,AG-E-052,กรุงเทพฯ,143,2517
2025-04-19,AG-E-052,ภาคกลาง,113,1933
2025-04-19,AG-E-052,ภาคตะวันออก,76,1674
2025-04-19,AG-E-052,ภาคเหนือ,73,1379
2025-04-19,AG-E-052,ภาคใต้,95,1671
2025-04-20,TK-A-001,กรุงเทพฯ,176,2996
2025-04-20,TK-A-001,ภาคกลาง,151,2355
2025-04-20,TK-A-001,ภาคตะวันออก,112,1928
2025-04-20,TK-A-001,ภาคเหนือ,96,1624
2025-04-20,TK-A-001,ภาคใต้,114,1922
2025-04-20,GL-B-014,กรุงเทพฯ,1003,17145
2025-04-20,GL-B-014,ภาคกลาง,792,12119
2025-04-20,GL-B-014,ภาคตะวันออก,532,8846
2025-04-20,GL-B-014,ภาคเหนือ,501,10053
2025-04-20,GL-B-014,ภาคใต้,681,11409
2025-04-20,MK-C-028,กรุงเทพฯ,712,12619
2025-04-20,MK-C-028,ภาคกลาง,493,11005
2025-04-20,MK-C-028,ภาคตะวันออก,408,6599
2025-04-20,MK-C-028,ภาคเหนือ,370,7187
2025-04-20,MK-C-028,ภาคใต้,443,7651
2025-04-20,SY-D-039,กรุงเทพฯ,469,9172
2025-04-20,SY-D-039,ภาคกลาง,346,6447
2025-04-20,SY-D-039,ภาคตะวันออก,253,5200
2025-04-20,SY-D-039,ภาคเหนือ,224,4417
2025-04-20,SY-D-039,ภาคใต้,283,6093
2025-04-20,AG-E-052,กรุงเทพฯ,128,2700
2025-04-20,AG-E-052,ภาคกลาง,105,1779
2025-04-20,AG-E-052,ภาคตะวันออก,87,1668
2025-04-20,AG-E-052,ภาคเหนือ,68,1385
2025-04-20,AG-E-052,ภาคใต้,98,1725
2025-04-21,TK-A-001,กรุงเทพฯ,164,2814
2025-04-21,TK-A-001,ภาคกลาง,137,2262
2025-04-21,TK-A-001,ภาคตะวันออก,105,1824
2025-04-21,TK-A-001,ภาคเหนือ,105,1904
2025-04-21,TK-A-001,ภาคใต้,129,2160
2025-04-21,GL-B-014,กรุงเทพฯ,887,16315
2025-04-21,GL-B-014,ภาคกลาง,677,13917
2025-04-21,GL-B-014,ภาคตะวันออก,573,11432
2025-04-21,GL-B-014,ภาคเหนือ,465,9832
2025-04-21,GL-B-014,ภาคใต้,613,12558
2025-04-21,MK-C-028,กรุงเทพฯ,709,12303
2025-04-21,MK-C-028,ภาคกลาง,588,9602
2025-04-21,MK-C-028,ภาคตะวันออก,432,8077
2025-04-21,MK-C-028,ภาคเหนือ,340,6542
2025-04-21,MK-C-028,ภาคใต้,483,7340
2025-04-21,SY-D-039,กรุงเทพฯ,472,7965
2025-04-21,SY-D-039,ภาคกลาง,333,5581
2025-04-21,SY-D-039,ภาคตะวันออก,283,4448
2025-04-21,SY-D-039,ภาคเหนือ,234,4256
2025-04-21,SY-D-039,ภาคใต้,299,4816
2025-04-21,AG-E-052,กรุงเทพฯ,145,2471
2025-04-21,AG-E-052,ภาคกลาง,99,1788
2025-04-21,AG-E-052,ภาคตะวันออก,83,1292
2025-04-21,AG-E-052,ภาคเหนือ,74,1328
2025-04-21,AG-E-052,ภาคใต้,88,1451
2025-04-22,TK-A-001,กรุงเทพฯ,174,3473
2025-04-22,TK-A-001,ภาคกลาง,134,2895
2025-04-22,TK-A-001,ภาคตะวันออก,109,2022
2025-04-22,TK-A-001,ภาคเหนือ,100,1865
2025-04-22,TK-A-001,ภาคใต้,126,2303
2025-04-22,GL-B-014,กรุงเทพฯ,965,14996
2025-04-22,GL-B-014,ภาคกลาง,681,12581
2025-04-22,GL-B-014,ภาคตะวันออก,570,11541
2025-04-22,GL-B-014,ภาคเหนือ,456,8141
2025-04-22,GL-B-014,ภาคใต้,680,11606
2025-04-22,MK-C-028,กรุงเทพฯ,664,11637
2025-04-22,MK-C-028,ภาคกลาง,494,9408
2025-04-22,MK-C-028,ภาคตะวันออก,366,7978
2025-04-22,MK-C-028,ภาคเหนือ,393,7087
2025-04-22,MK-C-028,ภาคใต้,487,7684
2025-04-22,SY-D-039,กรุงเทพฯ,448,8160
2025-04-22,SY-D-039,ภาคกลาง,343,6691
2025-04-22,SY-D-039,ภาคตะวันออก,283,4380
2025-04-22,SY-D-039,ภาคเหนือ,221,4586
2025-04-22,SY-D-039,ภาคใต้,328,6037
2025-04-22,AG-E-052,กรุงเทพฯ,131,2254
2025-04-22,AG-E-052,ภาคกลาง,115,1799
2025-04-22,AG-E-052,ภาคตะวันออก,82,1477
2025-04-22,AG-E-052,ภาคเหนือ,78,1350
2025-04-22,AG-E-052,ภาคใต้,96,1631
2025-04-23,TK-A-001,กรุงเทพฯ,176,3260
2025-04-23,TK-A-001,ภาคกลาง,131,2474
2025-04-23,TK-A-001,ภาคตะวันออก,108,1695
2025-04-23,TK-A-001,ภาคเหนือ,92,1488
2025-04-23,TK-A-001,ภาคใต้,117,1873
2025-04-23,GL-B-014,กรุงเทพฯ,936,15515
2025-04-23,GL-B-014,ภาคกลาง,686,11407
2025-04-23,GL-B-014,ภาคตะวันออก,542,9801
2025-04-23,GL-B-014,ภาคเหนือ,453,7697
2025-04-23,GL-B-014,ภาคใต้,625,11367
2025-04-23,MK-C-028,กรุงเทพฯ,625,13638
2025-04-23,MK-C-028,ภาคกลาง,494,10260
2025-04-23,MK-C-028,ภาคตะวันออก,389,6333
2025-04-23,MK-C-028,ภาคเหนือ,334,6538
2025-04-23,MK-C-028,ภาคใต้,452,8989
2025-04-23,SY-D-039,กรุงเทพฯ,422,9259
2025-04-23,SY-D-039,ภาคกลาง,329,5980
2025-04-23,SY-D-039,ภาคตะวันออก,268,4908
2025-04-23,SY-D-039,ภาคเหนือ,246,4137
2025-04-23,SY-D-039,ภาคใต้,286,5567
2025-04-23,AG-E-052,กรุงเทพฯ,122,2183
2025-04-23,AG-E-052,ภาคกลาง,117,1944
2025-04-23,AG-E-052,ภาคตะวันออก,73,1611
2025-04-23,AG-E-052,ภาคเหนือ,70,1255
2025-04-23,AG-E-052,ภาคใต้,99,1671
2025-04-24,TK-A-001,กรุงเทพฯ,187,3407
2025-04-24,TK-A-001,ภาคกลาง,136,2341
2025-04-24,TK-A-001,ภาคตะวันออก,101,1867
2025-04-24,TK-A-001,ภาคเหนือ,101,1531
2025-04-24,TK-A-001,ภาคใต้,113,2276
2025-04-24,GL-B-014,กรุงเทพฯ,995,18160
2025-04-24,GL-B-014,ภาคกลาง,801,14217
2025-04-24,GL-B-014,ภาคตะวันออก,584,9692
2025-04-24,GL-B-014,ภาคเหนือ,518,10059
2025-04-24,GL-B-014,ภาคใต้,621,11903
2025-04-24,MK-C-028,กรุงเทพฯ,673,10493
2025-04-24,MK-C-028,ภาคกลาง,558,9388
2025-04-24,MK-C-028,ภาคตะวันออก,431,6793
2025-04-24,MK-C-028,ภาคเหนือ,386,6499
2025-04-24,MK-C-028,ภาคใต้,457,7095
2025-04-24,SY-D-039,กรุงเทพฯ,459,7916
2025-04-24,SY-D-039,ภาคกลาง,343,5663
2025-04-24,SY-D-039,ภาคตะวันออก,283,5254
2025-04-24,SY-D-039,ภาคเหนือ,260,4324
2025-04-24,SY-D-039,ภาคใต้,314,6061
2025-04-24,AG-E-052,กรุงเทพฯ,135,2425
2025-04-24,AG-E-052,ภาคกลาง,105,2059
2025-04-24,AG-E-052,ภาคตะวันออก,79,1315
2025-04-24,AG-E-052,ภาคเหนือ,70,1482
2025-04-24,AG-E-052,ภาคใต้,94,1425
2025-04-25,TK-A-001,กรุงเทพฯ,186,3077
2025-04-25,TK-A-001,ภาคกลาง,148,2766
2025-04-25,TK-A-001,ภาคตะวันออก,118,2202
2025-04-25,TK-A-001,ภาคเหนือ,96,1919
2025-04-25,TK-A-001,ภาคใต้,118,2257
2025-04-25,GL-B-014,กรุงเทพฯ,856,16109
2025-04-25,GL-B-014,ภาคกลาง,712,13442
2025-04-25,GL-B-014,ภาคตะวันออก,599,9773
2025-04-25,GL-B-014,ภาคเหนือ,521,8822
2025-04-25,GL-B-014,ภาคใต้,665,9871
2025-04-25,MK-C-028,กรุงเทพฯ,667,13489
2025-04-25,MK-C-028,ภาคกลาง,505,9878
2025-04-25,MK-C-028,ภาคตะวันออก,413,6462
2025-04-25,MK-C-028,ภาคเหนือ,382,5851
2025-04-25,MK-C-028,ภาคใต้,425,8147
2025-04-25,SY-D-039,กรุงเทพฯ,431,7437
2025-04-25,SY-D-039,ภาคกลาง,335,5633
2025-04-25,SY-D-039,ภาคตะวันออก,270,5335
2025-04-25,SY-D-039,ภาคเหนือ,231,4963
2025-04-25,SY-D-039,ภาคใต้,301,5649
2025-04-25,AG-E-052,กรุงเทพฯ,132,2161
2025-04-25,AG-E-052,ภาคกลาง,109,1924
2025-04-25,AG-E-052,ภาคตะวันออก,84,1386
2025-04-25,AG-E-052,ภาคเหนือ,65,1438
2025-04-25,AG-E-052,ภาคใต้,96,1728
2025-04-26,TK-A-001,กรุงเทพฯ,184,2808
2025-04-26,TK-A-001,ภาคกลาง,156,2506
2025-04-26,TK-A-001,ภาคตะวันออก,114,1956
2025-04-26,TK-A-001,ภาคเหนือ,87,1868
2025-04-26,TK-A-001,ภาคใต้,128,2377
2025-04-26,GL-B-014,กรุงเทพฯ,990,18990
2025-04-26,GL-B-014,ภาคกลาง,685,11572
2025-04-26,GL-B-014,ภาคตะวันออก,561,10034
2025-04-26,GL-B-014,ภาคเหนือ,450,8574
2025-04-26,GL-B-014,ภาคใต้,661,11718
2025-04-26,MK-C-028,กรุงเทพฯ,726,10615
2025-04-26,MK-C-028,ภาคกลาง,549,8317
2025-04-26,MK-C-028,ภาคตะวันออก,383,8156
2025-04-26,MK-C-028,ภาคเหนือ,371,7087
2025-04-26,MK-C-028,ภาคใต้,415,7427
2025-04-26,SY-D-039,กรุงเทพฯ,495,8680
2025-04-26,SY-D-039,ภาคกลาง,391,5516
2025-04-26,SY-D-039,ภาคตะวันออก,293,5326
2025-04-26,SY-D-039,ภาคเหนือ,225,3840
2025-04-26,SY-D-039,ภาคใต้,278,5496
2025-04-26,AG-E-052,กรุงเทพฯ,145,2501
2025-04-26,AG-E-052,ภาคกลาง,118,2038
2025-04-26,AG-E-052,ภาคตะวันออก,85,1623
2025-04-26,AG-E-052,ภาคเหนือ,78,1455
2025-04-26,AG-E-052,ภาคใต้,87,1472
2025-04-27,TK-A-001,กรุงเทพฯ,178,2779
2025-04-27,TK-A-001,ภาคกลาง,157,2724
2025-04-27,TK-A-001,ภาคตะวันออก,113,1993
2025-04-27,TK-A-001,ภาคเหนือ,88,1744
2025-04-27,TK-A-001,ภาคใต้,118,2041
2025-04-27,GL-B-014,กรุงเทพฯ,913,18465
2025-04-27,GL-B-014,ภาคกลาง,804,12945
2025-04-27,GL-B-014,ภาคตะวันออก,584,9955
2025-04-27,GL-B-014,ภาคเหนือ,451,8813
2025-04-27,GL-B-014,ภาคใต้,656,10144
2025-04-27,MK-C-028,กรุงเทพฯ,676,12553
2025-04-27,MK-C-028,ภาคกลาง,582,8972
2025-04-27,MK-C-028,ภาคตะวันออก,419,7305
2025-04-27,MK-C-028,ภาคเหนือ,375,6705
2025-04-27,MK-C-028,ภาคใต้,480,7583
2025-04-27,SY-D-039,กรุงเทพฯ,461,9262
2025-04-27,SY-D-039,ภาคกลาง,385,5698
2025-04-27,SY-D-039,ภาคตะวันออก,268,4173
2025-04-27,SY-D-039,ภาคเหนือ,248,4057
2025-04-27,SY-D-039,ภาคใต้,309,5495
2025-04-27,AG-E-052,กรุงเทพฯ,132,2557
2025-04-27,AG-E-052,ภาคกลาง,99,2039
2025-04-27,AG-E-052,ภาคตะวันออก,83,1353
2025-04-27,AG-E-052,ภาคเหนือ,66,1409
2025-04-27,AG-E-052,ภาคใต้,91,1645
2025-04-28,TK-A-001,กรุงเทพฯ,171,3350
2025-04-28,TK-A-001,ภาคกลาง,149,2396
2025-04-28,TK-A-001,ภาคตะวันออก,109,2165
2025-04-28,TK-A-001,ภาคเหนือ,92,1878
2025-04-28,TK-A-001,ภาคใต้,117,2314
2025-04-28,GL-B-014,กรุงเทพฯ,926,15819
2025-04-28,GL-B-014,ภาคกลาง,710,12266
2025-04-28,GL-B-014,ภาคตะวันออก,555,11132
2025-04-28,GL-B-014,ภาคเหนือ,506,9838
2025-04-28,GL-B-014,ภาคใต้,579,12279
2025-04-28,MK-C-028,กรุงเทพฯ,635,12161
2025-04-28,MK-C-028,ภาคกลาง,515,8737
2025-04-28,MK-C-028,ภาคตะวันออก,384,6619
2025-04-28,MK-C-028,ภาคเหนือ,383,6750
2025-04-28,MK-C-028,ภาคใต้,417,7199
2025-04-28,SY-D-039,กรุงเทพฯ,455,7640
2025-04-28,SY-D-039,ภาคกลาง,372,6193
2025-04-28,SY-D-039,ภาคตะวันออก,253,5587
2025-04-28,SY-D-039,ภาคเหนือ,224,4888
2025-04-28,SY-D-039,ภาคใต้,293,5014
2025-04-28,AG-E-052,กรุงเทพฯ,147,2280
2025-04-28,AG-E-052,ภาคกลาง,107,1879
2025-04-28,AG-E-052,ภาคตะวันออก,86,1348
2025-04-28,AG-E-052,ภาคเหนือ,72,1198
2025-04-28,AG-E-052,ภาคใต้,97,1796
2025-04-29,TK-A-001,กรุงเทพฯ,164,2826
2025-04-29,TK-A-001,ภาคกลาง,146,2367
2025-04-29,TK-A-001,ภาคตะวันออก,97,1953
2025-04-29,TK-A-001,ภาคเหนือ,101,1743
2025-04-29,TK-A-001,ภาคใต้,122,2173
2025-04-29,GL-B-014,กรุงเทพฯ,883,16637
2025-04-29,GL-B-014,ภาคกลาง,800,14958
2025-04-29,GL-B-014,ภาคตะวันออก,564,9932
2025-04-29,GL-B-014,ภาคเหนือ,509,9176
2025-04-29,GL-B-014,ภาคใต้,636,10097
2025-04-29,MK-C-028,กรุงเทพฯ,718,10818
2025-04-29,MK-C-028,ภาคกลาง,554,10944
2025-04-29,MK-C-028,ภาคตะวันออก,437,7498
2025-04-29,MK-C-028,ภาคเหนือ,384,5933
2025-04-29,MK-C-028,ภาคใต้,494,7227
2025-04-29,SY-D-039,กรุงเทพฯ,432,9160
2025-04-29,SY-D-039,ภาคกลาง,338,5700
2025-04-29,SY-D-039,ภาคตะวันออก,256,5383
2025-04-29,SY-D-039,ภาคเหนือ,257,4862
2025-04-29,SY-D-039,ภาคใต้,305,5141
2025-04-29,AG-E-052,กรุงเทพฯ,138,2500
2025-04-29,AG-E-052,ภาคกลาง,116,2038
2025-04-29,AG-E-052,ภาคตะวันออก,75,1415
2025-04-29,AG-E-052,ภาคเหนือ,76,1130
2025-04-29,AG-E-052,ภาคใต้,92,1845
2025-04-30,TK-A-001,กรุงเทพฯ,181,3438
2025-04-30,TK-A-001,ภาคกลาง,149,2257
2025-04-30,TK-A-001,ภาคตะวันออก,107,2132
2025-04-30,TK-A-001,ภาคเหนือ,96,1849
2025-04-30,TK-A-001,ภาคใต้,113,1913
2025-04-30,GL-B-014,กรุงเทพฯ,949,16133
2025-04-30,GL-B-014,ภาคกลาง,687,15307
2025-04-30,GL-B-014,ภาคตะวันออก,548,9117
2025-04-30,GL-B-014,ภาคเหนือ,484,10136
2025-04-30,GL-B-014,ภาคใต้,597,9511
2025-04-30,MK-C-028,กรุงเทพฯ,656,13517
2025-04-30,MK-C-028,ภาคกลาง,488,9039
2025-04-30,MK-C-028,ภาคตะวันออก,418,6908
2025-04-30,MK-C-028,ภาคเหนือ,375,7272
2025-04-30,MK-C-028,ภาคใต้,458,7823
2025-04-30,SY-D-039,กรุงเทพฯ,472,7482
2025-04-30,SY-D-039,ภาคกลาง,329,7295
2025-04-30,SY-D-039,ภาคตะวันออก,263,4394
2025-04-30,SY-D-039,ภาคเหนือ,231,4697
2025-04-30,SY-D-039,ภาคใต้,293,5084
2025-04-30,AG-E-052,กรุงเทพฯ,143,2619
2025-04-30,AG-E-052,ภาคกลาง,116,2091
2025-04-30,AG-E-052,ภาคตะวันออก,74,1667
2025-04-30,AG-E-052,ภาคเหนือ,73,1429
2025-04-30,AG-E-052,ภาคใต้,95,1533
2025-05-01,TK-A-001,กรุงเทพฯ,166,3605
2025-05-01,TK-A-001,ภาคกลาง,151,2950
2025-05-01,TK-A-001,ภาคตะวันออก,109,2021
2025-05-01,TK-A-001,ภาคเหนือ,93,1960
2025-05-01,TK-A-001,ภาคใต้,125,2113
2025-05-01,GL-B-014,กรุงเทพฯ,963,17687
2025-05-01,GL-B-014,ภาคกลาง,766,14520
2025-05-01,GL-B-014,ภาคตะวันออก,513,10274
2025-05-01,GL-B-014,ภาคเหนือ,499,7684
2025-05-01,GL-B-014,ภาคใต้,568,10120
2025-05-01,MK-C-028,กรุงเทพฯ,646,12188
2025-05-01,MK-C-028,ภาคกลาง,565,10543
2025-05-01,MK-C-028,ภาคตะวันออก,372,6208
2025-05-01,MK-C-028,ภาคเหนือ,344,5539
2025-05-01,MK-C-028,ภาคใต้,458,8688
2025-05-01,SY-D-039,กรุงเทพฯ,475,7196
2025-05-01,SY-D-039,ภาคกลาง,347,5638
2025-05-01,SY-D-039,ภาคตะวันออก,258,4135
2025-05-01,SY-D-039,ภาคเหนือ,233,4316
2025-05-01,SY-D-039,ภาคใต้,318,5939
2025-05-01,AG-E-052,กรุงเทพฯ,124,2744
2025-05-01,AG-E-052,ภาคกลาง,99,1851
2025-05-01,AG-E-052,ภาคตะวันออก,88,1288
2025-05-01,AG-E-052,ภาคเหนือ,66,1393
2025-05-01,AG-E-052,ภาคใต้,82,1696
2025-05-02,TK-A-001,กรุงเทพฯ,178,3690
2025-05-02,TK-A-001,ภาคกลาง,141,2402
2025-05-02,TK-A-001,ภาคตะวันออก,101,2036
2025-05-02,TK-A-001,ภาคเหนือ,92,1901
2025-05-02,TK-A-001,ภาคใต้,113,1990
2025-05-02,GL-B-014,กรุงเทพฯ,899,18161
2025-05-02,GL-B-014,ภาคกลาง,749,14848
2025-05-02,GL-B-014,ภาคตะวันออก,524,10284
2025-05-02,GL-B-014,ภาคเหนือ,480,10221
2025-05-02,GL-B-014,ภาคใต้,580,10721
2025-05-02,MK-C-028,กรุงเทพฯ,617,10750
2025-05-02,MK-C-028,ภาคกลาง,542,9257
2025-05-02,MK-C-028,ภาคตะวันออก,385,7912
2025-05-02,MK-C-028,ภาคเหนือ,349,7415
2025-05-02,MK-C-028,ภาคใต้,427,8933
2025-05-02,SY-D-039,กรุงเทพฯ,418,8141
2025-05-02,SY-D-039,ภาคกลาง,396,6741
2025-05-02,SY-D-039,ภาคตะวันออก,269,4351
2025-05-02,SY-D-039,ภาคเหนือ,242,4556
2025-05-02,SY-D-039,ภาคใต้,284,6030
2025-05-02,AG-E-052,กรุงเทพฯ,143,2704
2025-05-02,AG-E-052,ภาคกลาง,113,1689
2025-05-02,AG-E-052,ภาคตะวันออก,84,1388
2025-05-02,AG-E-052,ภาคเหนือ,69,1438
2025-05-02,AG-E-052,ภาคใต้,85,1602
2025-05-03,TK-A-001,กรุงเทพฯ,171,3200
2025-05-03,TK-A-001,ภาคกลาง,139,2792
2025-05-03,TK-A-001,ภาคตะวันออก,106,1964
2025-05-03,TK-A-001,ภาคเหนือ,87,1747
2025-05-03,TK-A-001,ภาคใต้,119,2057
2025-05-03,GL-B-014,กรุงเทพฯ,886,17173
2025-05-03,GL-B-014,ภาคกลาง,702,13573
2025-05-03,GL-B-014,ภาคตะวันออก,530,9448
2025-05-03,GL-B-014,ภาคเหนือ,518,8946
2025-05-03,GL-B-014,ภาคใต้,594,12774
2025-05-03,MK-C-028,กรุงเทพฯ,681,13144
2025-05-03,MK-C-028,ภาคกลาง,516,8946
2025-05-03,MK-C-028,ภาคตะวันออก,424,8130
2025-05-03,MK-C-028,ภาคเหนือ,371,6883
2025-05-03,MK-C-028,ภาคใต้,450,8888
2025-05-03,SY-D-039,กรุงเทพฯ,419,8301
2025-05-03,SY-D-039,ภาคกลาง,348,6828
2025-05-03,SY-D-039,ภาคตะวันออก,293,4929
2025-05-03,SY-D-039,ภาคเหนือ,261,4115
2025-05-03,SY-D-039,ภาคใต้,306,4903
2025-05-03,AG-E-052,กรุงเทพฯ,123,2314
2025-05-03,AG-E-052,ภาคกลาง,110,1675
2025-05-03,AG-E-052,ภาคตะวันออก,89,1292
2025-05-03,AG-E-052,ภาคเหนือ,73,1353
2025-05-03,AG-E-052,ภาคใต้,97,1542
2025-05-04,TK-A-001,กรุงเทพฯ,164,3250
2025-05-04,TK-A-001,ภาคกลาง,145,2236
2025-05-04,TK-A-001,ภาคตะวันออก,104,2061
2025-05-04,TK-A-001,ภาคเหนือ,92,1857
2025-05-04,TK-A-001,ภาคใต้,116,2119
2025-05-04,GL-B-014,กรุงเทพฯ,991,18334
2025-05-04,GL-B-014,ภาคกลาง,695,11618
2025-05-04,GL-B-014,ภาคตะวันออก,577,10489
2025-05-04,GL-B-014,ภาคเหนือ,473,7867
2025-05-04,GL-B-014,ภาคใต้,574,11310
2025-05-04,MK-C-028,กรุงเทพฯ,691,11892
2025-05-04,MK-C-028,ภาคกลาง,567,9251
2025-05-04,MK-C-028,ภาคตะวันออก,386,7484
2025-05-04,MK-C-028,ภาคเหนือ,356,5658
2025-05-04,MK-C-028,ภาคใต้,427,9125
2025-05-04,SY-D-039,กรุงเทพฯ,433,7779
2025-05-04,SY-D-039,ภาคกลาง,367,5605
2025-05-04,SY-D-039,ภาคตะวันออก,261,4432
2025-05-04,SY-D-039,ภาคเหนือ,217,4630
2025-05-04,SY-D-039,ภาคใต้,288,5177
2025-05-04,AG-E-052,กรุงเทพฯ,132,2306
2025-05-04,AG-E-052,ภาคกลาง,112,2034
2025-05-04,AG-E-052,ภาคตะวันออก,77,1321
2025-05-04,AG-E-052,ภาคเหนือ,65,1368
2025-05-04,AG-E-052,ภาคใต้,99,1801
2025-05-05,TK-A-001,กรุงเทพฯ,187,3609
2025-05-05,TK-A-001,ภาคกลาง,132,2979
2025-05-05,TK-A-001,ภาคตะวันออก,104,2172
2025-05-05,TK-A-001,ภาคเหนือ,105,1962
2025-05-05,TK-A-001,ภาคใต้,127,2291
2025-05-05,GL-B-014,กรุงเทพฯ,919,19072
2025-05-05,GL-B-014,ภาคกลาง,774,11433
2025-05-05,GL-B-014,ภาคตะวันออก,599,9169
2025-05-05,GL-B-014,ภาคเหนือ,522,9538
2025-05-05,GL-B-014,ภาคใต้,658,12462
2025-05-05,MK-C-028,กรุงเทพฯ,718,12647
2025-05-05,MK-C-028,ภาคกลาง,496,9765
2025-05-05,MK-C-028,ภาคตะวันออก,417,7500
2025-05-05,MK-C-028,ภาคเหนือ,345,7142
2025-05-05,MK-C-028,ภาคใต้,473,8858
2025-05-05,SY-D-039,กรุงเทพฯ,477,7193
2025-05-05,SY-D-039,ภาคกลาง,333,5577
2025-05-05,SY-D-039,ภาคตะวันออก,263,5192
2025-05-05,SY-D-039,ภาคเหนือ,240,4656
2025-05-05,SY-D-039,ภาคใต้,276,4864
2025-05-05,AG-E-052,กรุงเทพฯ,137,2601
2025-05-05,AG-E-052,ภาคกลาง,102,1761
2025-05-05,AG-E-052,ภาคตะวันออก,79,1413
2025-05-05,AG-E-052,ภาคเหนือ,78,1268
2025-05-05,AG-E-052,ภาคใต้,90,1388
2025-05-06,TK-A-001,กรุงเทพฯ,181,3504
2025-05-06,TK-A-001,ภาคกลาง,153,2735
2025-05-06,TK-A-001,ภาคตะวันออก,104,1916
2025-05-06,TK-A-001,ภาคเหนือ,99,1656
2025-05-06,TK-A-001,ภาคใต้,132,2142
2025-05-06,GL-B-014,กรุงเทพฯ,950,18028
2025-05-06,GL-B-014,ภาคกลาง,757,15279
2025-05-06,GL-B-014,ภาคตะวันออก,580,10511
2025-05-06,GL-B-014,ภาคเหนือ,473,9009
2025-05-06,GL-B-014,ภาคใต้,559,12526
2025-05-06,MK-C-028,กรุงเทพฯ,685,12568
2025-05-06,MK-C-028,ภาคกลาง,545,9337
2025-05-06,MK-C-028,ภาคตะวันออก,404,7461
2025-05-06,MK-C-028,ภาคเหนือ,339,6194
2025-05-06,MK-C-028,ภาคใต้,488,9246
2025-05-06,SY-D-039,กรุงเทพฯ,485,8000
2025-05-06,SY-D-039,ภาคกลาง,352,5671
2025-05-06,SY-D-039,ภาคตะวันออก,257,5326
2025-05-06,SY-D-039,ภาคเหนือ,248,4872
2025-05-06,SY-D-039,ภาคใต้,318,4782
2025-05-06,AG-E-052,กรุงเทพฯ,122,2146
2025-05-06,AG-E-052,ภาคกลาง,117,2205
2025-05-06,AG-E-052,ภาคตะวันออก,79,1384
2025-05-06,AG-E-052,ภาคเหนือ,71,1231
2025-05-06,AG-E-052,ภาคใต้,99,1567
2025-05-07,TK-A-001,กรุงเทพฯ,185,3245
2025-05-07,TK-A-001,ภาคกลาง,130,2971
2025-05-07,TK-A-001,ภาคตะวันออก,113,1798
2025-05-07,TK-A-001,ภาคเหนือ,89,1837
2025-05-07,TK-A-001,ภาคใต้,119,2100
2025-05-07,GL-B-014,กรุงเทพฯ,883,18922
2025-05-07,GL-B-014,ภาคกลาง,691,12826
2025-05-07,GL-B-014,ภาคตะวันออก,506,10352
2025-05-07,GL-B-014,ภาคเหนือ,470,9098
2025-05-07,GL-B-014,ภาคใต้,591,9652
2025-05-07,MK-C-028,กรุงเทพฯ,683,12117
2025-05-07,MK-C-028,ภาคกลาง,585,9326
2025-05-07,MK-C-028,ภาคตะวันออก,411,7330
2025-05-07,MK-C-028,ภาคเหนือ,347,7393
2025-05-07,MK-C-028,ภาคใต้,420,8386
2025-05-07,SY-D-039,กรุงเทพฯ,409,7796
2025-05-07,SY-D-039,ภาคกลาง,337,7297
2025-05-07,SY-D-039,ภาคตะวันออก,281,4593
2025-05-07,SY-D-039,ภาคเหนือ,237,4289
2025-05-07,SY-D-039,ภาคใต้,320,5768
2025-05-07,AG-E-052,กรุงเทพฯ,123,2646
2025-05-07,AG-E-052,ภาคกลาง,105,1792
2025-05-07,AG-E-052,ภาคตะวันออก,76,1676
2025-05-07,AG-E-052,ภาคเหนือ,72,1172
2025-05-07,AG-E-052,ภาคใต้,95,1687
2025-05-08,TK-A-001,กรุงเทพฯ,197,3012
2025-05-08,TK-A-001,ภาคกลาง,146,2634
2025-05-08,TK-A-001,ภาคตะวันออก,99,1898
2025-05-08,TK-A-001,ภาคเหนือ,103,1626
2025-05-08,TK-A-001,ภาคใต้,125,2142
2025-05-08,GL-B-014,กรุงเทพฯ,913,14286
2025-05-08,GL-B-014,ภาคกลาง,734,13896
2025-05-08,GL-B-014,ภาคตะวันออก,549,10733
2025-05-08,GL-B-014,ภาคเหนือ,499,10151
2025-05-08,GL-B-014,ภาคใต้,587,11501
2025-05-08,MK-C-028,กรุงเทพฯ,642,11626
2025-05-08,MK-C-028,ภาคกลาง,517,9591
2025-05-08,MK-C-028,ภาคตะวันออก,436,7588
2025-05-08,MK-C-028,ภาคเหนือ,374,6682
2025-05-08,MK-C-028,ภาคใต้,416,8714
2025-05-08,SY-D-039,กรุงเทพฯ,484,9237
2025-05-08,SY-D-039,ภาคกลาง,342,6178
2025-05-08,SY-D-039,ภาคตะวันออก,287,5351
2025-05-08,SY-D-039,ภาคเหนือ,257,3727
2025-05-08,SY-D-039,ภาคใต้,314,5952
2025-05-08,AG-E-052,กรุงเทพฯ,122,2249
2025-05-08,AG-E-052,ภาคกลาง,108,2217
2025-05-08,AG-E-052,ภาคตะวันออก,81,1398
2025-05-08,AG-E-052,ภาคเหนือ,67,1376
2025-05-08,AG-E-052,ภาคใต้,81,1665
2025-05-09,TK-A-001,กรุงเทพฯ,196,3368
2025-05-09,TK-A-001,ภาคกลาง,155,2903
2025-05-09,TK-A-001,ภาคตะวันออก,99,1668
2025-05-09,TK-A-001,ภาคเหนือ,97,1834
2025-05-09,TK-A-001,ภาคใต้,111,2068
2025-05-09,GL-B-014,กรุงเทพฯ,979,15872
2025-05-09,GL-B-014,ภาคกลาง,772,14125
2025-05-09,GL-B-014,ภาคตะวันออก,526,9696
2025-05-09,GL-B-014,ภาคเหนือ,496,8451
2025-05-09,GL-B-014,ภาคใต้,610,11404
2025-05-09,MK-C-028,กรุงเทพฯ,678,11691
2025-05-09,MK-C-028,ภาคกลาง,572,9877
2025-05-09,MK-C-028,ภาคตะวันออก,411,8157
2025-05-09,MK-C-028,ภาคเหนือ,394,7238
2025-05-09,MK-C-028,ภาคใต้,429,8912
2025-05-09,SY-D-039,กรุงเทพฯ,436,7460
2025-05-09,SY-D-039,ภาคกลาง,373,5554
2025-05-09,SY-D-039,ภาคตะวันออก,250,4482
2025-05-09,SY-D-039,ภาคเหนือ,254,4776
2025-05-09,SY-D-039,ภาคใต้,290,5968
2025-05-09,AG-E-052,กรุงเทพฯ,142,2353
2025-05-09,AG-E-052,ภาคกลาง,110,2231
2025-05-09,AG-E-052,ภาคตะวันออก,77,1289
2025-05-09,AG-E-052,ภาคเหนือ,73,1417
2025-05-09,AG-E-052,ภาคใต้,83,1593
2025-05-10,TK-A-001,กรุงเทพฯ,194,3660
2025-05-10,TK-A-001,ภาคกลาง,134,2862
2025-05-10,TK-A-001,ภาคตะวันออก,114,1913
2025-05-10,TK-A-001,ภาคเหนือ,95,1550
2025-05-10,TK-A-001,ภาคใต้,132,2212
2025-05-10,GL-B-014,กรุงเทพฯ,940,15710
2025-05-10,GL-B-014,ภาคกลาง,722,12303
2025-05-10,GL-B-014,ภาคตะวันออก,591,10618
2025-05-10,GL-B-014,ภาคเหนือ,473,9830
2025-05-10,GL-B-014,ภาคใต้,607,12763
2025-05-10,MK-C-028,กรุงเทพฯ,636,11457
2025-05-10,MK-C-028,ภาคกลาง,540,10597
2025-05-10,MK-C-028,ภาคตะวันออก,376,8201
2025-05-10,MK-C-028,ภาคเหนือ,374,7052
2025-05-10,MK-C-028,ภาคใต้,477,7809
2025-05-10,SY-D-039,กรุงเทพฯ,437,7105
2025-05-10,SY-D-039,ภาคกลาง,339,6710
2025-05-10,SY-D-039,ภาคตะวันออก,244,5456
2025-05-10,SY-D-039,ภาคเหนือ,255,4750
2025-05-10,SY-D-039,ภาคใต้,316,4693
2025-05-10,AG-E-052,กรุงเทพฯ,123,2716
2025-05-10,AG-E-052,ภาคกลาง,117,1929
2025-05-10,AG-E-052,ภาคตะวันออก,81,1344
2025-05-10,AG-E-052,ภาคเหนือ,78,1489
2025-05-10,AG-E-052,ภาคใต้,90,1730
2025-05-11,TK-A-001,กรุงเทพฯ,172,2906
2025-05-11,TK-A-001,ภาคกลาง,141,2316
2025-05-11,TK-A-001,ภาคตะวันออก,101,2013
2025-05-11,TK-A-001,ภาคเหนือ,94,1647
2025-05-11,TK-A-001,ภาคใต้,111,2137
2025-05-11,GL-B-014,กรุงเทพฯ,996,15099
2025-05-11,GL-B-014,ภาคกลาง,713,13810
2025-05-11,GL-B-014,ภาคตะวันออก,536,10675
2025-05-11,GL-B-014,ภาคเหนือ,456,10024
2025-05-11,GL-B-014,ภาคใต้,672,10941
2025-05-11,MK-C-028,กรุงเทพฯ,729,13549
2025-05-11,MK-C-028,ภาคกลาง,497,9307
2025-05-11,MK-C-028,ภาคตะวันออก,378,8304
2025-05-11,MK-C-028,ภาคเหนือ,385,6017
2025-05-11,MK-C-028,ภาคใต้,491,8732
2025-05-11,SY-D-039,กรุงเทพฯ,482,8163
2025-05-11,SY-D-039,ภาคกลาง,351,7135
2025-05-11,SY-D-039,ภาคตะวันออก,253,4493
2025-05-11,SY-D-039,ภาคเหนือ,230,4761
2025-05-11,SY-D-039,ภาคใต้,317,5555
2025-05-11,AG-E-052,กรุงเทพฯ,140,2112
2025-05-11,AG-E-052,ภาคกลาง,106,2003
2025-05-11,AG-E-052,ภาคตะวันออก,76,1580
2025-05-11,AG-E-052,ภาคเหนือ,78,1436
2025-05-11,AG-E-052,ภาคใต้,96,1816
2025-05-12,TK-A-001,กรุงเทพฯ,170,3542
2025-05-12,TK-A-001,ภาคกลาง,130,2855
2025-05-12,TK-A-001,ภาคตะวันออก,106,1997
2025-05-12,TK-A-001,ภาคเหนือ,91,1756
2025-05-12,TK-A-001,ภาคใต้,112,2240
2025-05-12,GL-B-014,กรุงเทพฯ,847,15496
2025-05-12,GL-B-014,ภาคกลาง,721,13106
2025-05-12,GL-B-014,ภาคตะวันออก,520,9072
2025-05-12,GL-B-014,ภาคเหนือ,452,8493
2025-05-12,GL-B-014,ภาคใต้,573,10870
2025-05-12,MK-C-028,กรุงเทพฯ,736,10598
2025-05-12,MK-C-028,ภาคกลาง,540,10412
2025-05-12,MK-C-028,ภาคตะวันออก,432,7080
2025-05-12,MK-C-028,ภาคเหนือ,364,7185
2025-05-12,MK-C-028,ภาคใต้,469,7618
2025-05-12,SY-D-039,กรุงเทพฯ,418,8461
2025-05-12,SY-D-039,ภาคกลาง,327,6177
2025-05-12,SY-D-039,ภาคตะวันออก,246,4276
2025-05-12,SY-D-039,ภาคเหนือ,250,4035
2025-05-12,SY-D-039,ภาคใต้,275,4981
2025-05-12,AG-E-052,กรุงเทพฯ,145,2778
2025-05-12,AG-E-052,ภาคกลาง,111,1767
2025-05-12,AG-E-052,ภาคตะวันออก,86,1330
2025-05-12,AG-E-052,ภาคเหนือ,74,1116
2025-05-12,AG-E-052,ภาคใต้,92,1844
2025-05-13,TK-A-001,กรุงเทพฯ,189,2985
2025-05-13,TK-A-001,ภาคกลาง,132,2405
2025-05-13,TK-A-001,ภาคตะวันออก,114,2138
2025-05-13,TK-A-001,ภาคเหนือ,87,1804
2025-05-13,TK-A-001,ภาคใต้,114,2197
2025-05-13,GL-B-014,กรุงเทพฯ,879,18485
2025-05-13,GL-B-014,ภาคกลาง,755,13815
2025-05-13,GL-B-014,ภาคตะวันออก,588,9278
2025-05-13,GL-B-014,ภาคเหนือ,513,9716
2025-05-13,GL-B-014,ภาคใต้,565,10133
2025-05-13,MK-C-028,กรุงเทพฯ,682,11147
2025-05-13,MK-C-028,ภาคกลาง,585,9146
2025-05-13,MK-C-028,ภาคตะวันออก,398,7884
2025-05-13,MK-C-028,ภาคเหนือ,393,5919
2025-05-13,MK-C-028,ภาคใต้,426,9256
2025-05-13,SY-D-039,กรุงเทพฯ,461,8087
2025-05-13,SY-D-039,ภาคกลาง,393,5833
2025-05-13,SY-D-039,ภาคตะวันออก,282,5161
2025-05-13,SY-D-039,ภาคเหนือ,248,4836
2025-05-13,SY-D-039,ภาคใต้,305,5768
2025-05-13,AG-E-052,กรุงเทพฯ,130,2075
2025-05-13,AG-E-052,ภาคกลาง,117,2169
2025-05-13,AG-E-052,ภาคตะวันออก,74,1649
2025-05-13,AG-E-052,ภาคเหนือ,79,1318
2025-05-13,AG-E-052,ภาคใต้,87,1378
2025-05-14,TK-A-001,กรุงเทพฯ,195,2927
2025-05-14,TK-A-001,ภาคกลาง,148,2908
2025-05-14,TK-A-001,ภาคตะวันออก,97,2184
2025-05-14,TK-A-001,ภาคเหนือ,93,1783
2025-05-14,TK-A-001,ภาคใต้,119,2075
2025-05-14,GL-B-014,กรุงเทพฯ,1022,15540
2025-05-14,GL-B-014,ภาคกลาง,809,11953
2025-05-14,GL-B-014,ภาคตะวันออก,542,8560
2025-05-14,GL-B-014,ภาคเหนือ,521,7730
2025-05-14,GL-B-014,ภาคใต้,604,11795
2025-05-14,MK-C-028,กรุงเทพฯ,709,11664
2025-05-14,MK-C-028,ภาคกลาง,496,10716
2025-05-14,MK-C-028,ภาคตะวันออก,372,7037
2025-05-14,MK-C-028,ภาคเหนือ,339,6503
2025-05-14,MK-C-028,ภาคใต้,439,7229
2025-05-14,SY-D-039,กรุงเทพฯ,431,8727
2025-05-14,SY-D-039,ภาคกลาง,336,5814
2025-05-14,SY-D-039,ภาคตะวันออก,256,5430
2025-05-14,SY-D-039,ภาคเหนือ,238,4240
2025-05-14,SY-D-039,ภาคใต้,306,5864
2025-05-14,AG-E-052,กรุงเทพฯ,144,2203
2025-05-14,AG-E-052,ภาคกลาง,107,2154
2025-05-14,AG-E-052,ภาคตะวันออก,83,1648
2025-05-14,AG-E-052,ภาคเหนือ,69,1303
2025-05-14,AG-E-052,ภาคใต้,90,1382
2025-05-15,TK-A-001,กรุงเทพฯ,166,2912
2025-05-15,TK-A-001,ภาคกลาง,141,2683
2025-05-15,TK-A-001,ภาคตะวันออก,101,1711
2025-05-15,TK-A-001,ภาคเหนือ,105,1929
2025-05-15,TK-A-001,ภาคใต้,131,2418
2025-05-15,GL-B-014,กรุงเทพฯ,990,17741
2025-05-15,GL-B-014,ภาคกลาง,741,11567
2025-05-15,GL-B-014,ภาคตะวันออก,509,8946
2025-05-15,GL-B-014,ภาคเหนือ,484,10231
2025-05-15,GL-B-014,ภาคใต้,580,12332
2025-05-15,MK-C-028,กรุงเทพฯ,705,13414
2025-05-15,MK-C-028,ภาคกลาง,540,10456
2025-05-15,MK-C-028,ภาคตะวันออก,414,7171
2025-05-15,MK-C-028,ภาคเหนือ,380,6931
2025-05-15,MK-C-028,ภาคใต้,486,7884
2025-05-15,SY-D-039,กรุงเทพฯ,465,7790
2025-05-15,SY-D-039,ภาคกลาง,332,6437
2025-05-15,SY-D-039,ภาคตะวันออก,247,5381
2025-05-15,SY-D-039,ภาคเหนือ,240,4065
2025-05-15,SY-D-039,ภาคใต้,312,5435
2025-05-15,AG-E-052,กรุงเทพฯ,146,2335
2025-05-15,AG-E-052,ภาคกลาง,103,2092
2025-05-15,AG-E-052,ภาคตะวันออก,84,1591
2025-05-15,AG-E-052,ภาคเหนือ,68,1176
2025-05-15,AG-E-052,ภาคใต้,81,1477
2025-05-16,TK-A-001,กรุงเทพฯ,190,3182
2025-05-16,TK-A-001,ภาคกลาง,143,2808
2025-05-16,TK-A-001,ภาคตะวันออก,113,2075
2025-05-16,TK-A-001,ภาคเหนือ,87,1672
2025-05-16,TK-A-001,ภาคใต้,127,1981
2025-05-16,GL-B-014,กรุงเทพฯ,843,15999
2025-05-16,GL-B-014,ภาคกลาง,720,11412
2025-05-16,GL-B-014,ภาคตะวันออก,571,11542
2025-05-16,GL-B-014,ภาคเหนือ,534,9720
2025-05-16,GL-B-014,ภาคใต้,574,10883
2025-05-16,MK-C-028,กรุงเทพฯ,640,13922
2025-05-16,MK-C-028,ภาคกลาง,494,10893
2025-05-16,MK-C-028,ภาคตะวันออก,437,7629
2025-05-16,MK-C-028,ภาคเหนือ,351,7311
2025-05-16,MK-C-028,ภาคใต้,472,8066
2025-05-16,SY-D-039,กรุงเทพฯ,421,8733
2025-05-16,SY-D-039,ภาคกลาง,357,7121
2025-05-16,SY-D-039,ภาคตะวันออก,286,4164
2025-05-16,SY-D-039,ภาคเหนือ,253,4119
2025-05-16,SY-D-039,ภาคใต้,320,5846
2025-05-16,AG-E-052,กรุงเทพฯ,123,2739
2025-05-16,AG-E-052,ภาคกลาง,105,2213
2025-05-16,AG-E-052,ภาคตะวันออก,73,1617
2025-05-16,AG-E-052,ภาคเหนือ,78,1213
2025-05-16,AG-E-052,ภาคใต้,93,1605
2025-05-17,TK-A-001,กรุงเทพฯ,180,3591
2025-05-17,TK-A-001,ภาคกลาง,144,2640
2025-05-17,TK-A-001,ภาคตะวันออก,99,1755
2025-05-17,TK-A-001,ภาคเหนือ,104,1772
2025-05-17,TK-A-001,ภาคใต้,129,2004
2025-05-17,GL-B-014,กรุงเทพฯ,838,15506
2025-05-17,GL-B-014,ภาคกลาง,798,11668
2025-05-17,GL-B-014,ภาคตะวันออก,516,11459
2025-05-17,GL-B-014,ภาคเหนือ,453,8868
2025-05-17,GL-B-014,ภาคใต้,643,10937
2025-05-17,MK-C-028,กรุงเทพฯ,679,11705
2025-05-17,MK-C-028,ภาคกลาง,505,8785
2025-05-17,MK-C-028,ภาคตะวันออก,387,7966
2025-05-17,MK-C-028,ภาคเหนือ,362,7387
2025-05-17,MK-C-028,ภาคใต้,423,7169
2025-05-17,SY-D-039,กรุงเทพฯ,476,7464
2025-05-17,SY-D-039,ภาคกลาง,343,6496
2025-05-17,SY-D-039,ภาคตะวันออก,257,4286
2025-05-17,SY-D-039,ภาคเหนือ,263,4414
2025-05-17,SY-D-039,ภาคใต้,318,5484
2025-05-17,AG-E-052,กรุงเทพฯ,128,2501
2025-05-17,AG-E-052,ภาคกลาง,115,2126
2025-05-17,AG-E-052,ภาคตะวันออก,74,1570
2025-05-17,AG-E-052,ภาคเหนือ,68,1155
2025-05-17,AG-E-052,ภาคใต้,95,1616
2025-05-18,TK-A-001,กรุงเทพฯ,178,3130
2025-05-18,TK-A-001,ภาคกลาง,137,2735
2025-05-18,TK-A-001,ภาคตะวันออก,116,1746
2025-05-18,TK-A-001,ภาคเหนือ,105,1687
2025-05-18,TK-A-001,ภาคใต้,112,2109
2025-05-18,GL-B-014,กรุงเทพฯ,995,16532
2025-05-18,GL-B-014,ภาคกลาง,729,14590
2025-05-18,GL-B-014,ภาคตะวันออก,544,10597
2025-05-18,GL-B-014,ภาคเหนือ,466,7738
2025-05-18,GL-B-014,ภาคใต้,607,10082
2025-05-18,MK-C-028,กรุงเทพฯ,615,11758
2025-05-18,MK-C-028,ภาคกลาง,513,10292
2025-05-18,MK-C-028,ภาคตะวันออก,400,7405
2025-05-18,MK-C-028,ภาคเหนือ,392,6755
2025-05-18,MK-C-028,ภาคใต้,494,9164
2025-05-18,SY-D-039,กรุงเทพฯ,477,8992
2025-05-18,SY-D-039,ภาคกลาง,390,5858
2025-05-18,SY-D-039,ภาคตะวันออก,276,5413
2025-05-18,SY-D-039,ภาคเหนือ,219,4800
2025-05-18,SY-D-039,ภาคใต้,295,5036
2025-05-18,AG-E-052,กรุงเทพฯ,138,2364
2025-05-18,AG-E-052,ภาคกลาง,100,1937
2025-05-18,AG-E-052,ภาคตะวันออก,76,1313
2025-05-18,AG-E-052,ภาคเหนือ,65,1166
2025-05-18,AG-E-052,ภาคใต้,97,1583
2025-05-19,TK-A-001,กรุงเทพฯ,178,3513
2025-05-19,TK-A-001,ภาคกลาง,140,2803
2025-05-19,TK-A-001,ภาคตะวันออก,108,1803
2025-05-19,TK-A-001,ภาคเหนือ,94,1960
2025-05-19,TK-A-001,ภาคใต้,119,2324
2025-05-19,GL-B-014,กรุงเทพฯ,864,15772
2025-05-19,GL-B-014,ภาคกลาง,694,14837
2025-05-19,GL-B-014,ภาคตะวันออก,599,9642
2025-05-19,GL-B-014,ภาคเหนือ,521,9881
2025-05-19,GL-B-014,ภาคใต้,645,9938
2025-05-19,MK-C-028,กรุงเทพฯ,645,13256
2025-05-19,MK-C-028,ภาคกลาง,579,8819
2025-05-19,MK-C-028,ภาคตะวันออก,395,7471
2025-05-19,MK-C-028,ภาคเหนือ,362,6860
2025-05-19,MK-C-028,ภาคใต้,464,7345
2025-05-19,SY-D-039,กรุงเทพฯ,471,8842
2025-05-19,SY-D-039,ภาคกลาง,381,7204
2025-05-19,SY-D-039,ภาคตะวันออก,275,4394
2025-05-19,SY-D-039,ภาคเหนือ,232,4893
2025-05-19,SY-D-039,ภาคใต้,316,5473
2025-05-19,AG-E-052,กรุงเทพฯ,141,2299
2025-05-19,AG-E-052,ภาคกลาง,100,1948
2025-05-19,AG-E-052,ภาคตะวันออก,77,1317
2025-05-19,AG-E-052,ภาคเหนือ,78,1132
2025-05-19,AG-E-052,ภาคใต้,86,1477
2025-05-20,TK-A-001,กรุงเทพฯ,197,3349
2025-05-20,TK-A-001,ภาคกลาง,131,2506
2025-05-20,TK-A-001,ภาคตะวันออก,105,1714
2025-05-20,TK-A-001,ภาคเหนือ,104,1637
2025-05-20,TK-A-001,ภาคใต้,118,1874
2025-05-20,GL-B-014,กรุงเทพฯ,843,16424
2025-05-20,GL-B-014,ภาคกลาง,690,12864
2025-05-20,GL-B-014,ภาคตะวันออก,565,10492
2025-05-20,GL-B-014,ภาคเหนือ,515,10109
2025-05-20,GL-B-014,ภาคใต้,663,10684
2025-05-20,MK-C-028,กรุงเทพฯ,723,13876
2025-05-20,MK-C-028,ภาคกลาง,579,10532
2025-05-20,MK-C-028,ภาคตะวันออก,366,6474
2025-05-20,MK-C-028,ภาคเหนือ,369,7419
2025-05-20,MK-C-028,ภาคใต้,467,6943
2025-05-20,SY-D-039,กรุงเทพฯ,444,7435
2025-05-20,SY-D-039,ภาคกลาง,334,7040
2025-05-20,SY-D-039,ภาคตะวันออก,243,4671
2025-05-20,SY-D-039,ภาคเหนือ,262,4409
2025-05-20,SY-D-039,ภาคใต้,277,5401
2025-05-20,AG-E-052,กรุงเทพฯ,134,2255
2025-05-20,AG-E-052,ภาคกลาง,100,1680
2025-05-20,AG-E-052,ภาคตะวันออก,78,1617
2025-05-20,AG-E-052,ภาคเหนือ,71,1104
2025-05-20,AG-E-052,ภาคใต้,95,1476
2025-05-21,TK-A-001,กรุงเทพฯ,195,2823
2025-05-21,TK-A-001,ภาคกลาง,143,2933
2025-05-21,TK-A-001,ภาคตะวันออก,118,2097
2025-05-21,TK-A-001,ภาคเหนือ,97,1514
2025-05-21,TK-A-001,ภาคใต้,113,2413
2025-05-21,GL-B-014,กรุงเทพฯ,936,16699
2025-05-21,GL-B-014,ภาคกลาง,791,15065
2025-05-21,GL-B-014,ภาคตะวันออก,576,11473
2025-05-21,GL-B-014,ภาคเหนือ,457,7690
2025-05-21,GL-B-014,ภาคใต้,662,9740
2025-05-21,MK-C-028,กรุงเทพฯ,653,10677
2025-05-21,MK-C-028,ภาคกลาง,591,10107
2025-05-21,MK-C-028,ภาคตะวันออก,383,7537
2025-05-21,MK-C-028,ภาคเหนือ,351,6704
2025-05-21,MK-C-028,ภาคใต้,458,8218
2025-05-21,SY-D-039,กรุงเทพฯ,413,9176
2025-05-21,SY-D-039,ภาคกลาง,339,6669
2025-05-21,SY-D-039,ภาคตะวันออก,284,4459
2025-05-21,SY-D-039,ภาคเหนือ,222,3816
2025-05-21,SY-D-039,ภาคใต้,330,5614
2025-05-21,AG-E-052,กรุงเทพฯ,126,2772
2025-05-21,AG-E-052,ภาคกลาง,114,1855
2025-05-21,AG-E-052,ภาคตะวันออก,83,1668
2025-05-21,AG-E-052,ภาคเหนือ,66,1223
2025-05-21,AG-E-052,ภาคใต้,84,1686
2025-05-22,TK-A-001,กรุงเทพฯ,185,2948
2025-05-22,TK-A-001,ภาคกลาง,157,2439
2025-05-22,TK-A-001,ภาคตะวันออก,116,2141
2025-05-22,TK-A-001,ภาคเหนือ,102,1561
2025-05-22,TK-A-001,ภาคใต้,116,2179
2025-05-22,GL-B-014,กรุงเทพฯ,976,17133
2025-05-22,GL-B-014,ภาคกลาง,676,15264
2025-05-22,GL-B-014,ภาคตะวันออก,515,9768
2025-05-22,GL-B-014,ภาคเหนือ,473,9446
2025-05-22,GL-B-014,ภาคใต้,622,12391
2025-05-22,MK-C-028,กรุงเทพฯ,665,11561
2025-05-22,MK-C-028,ภาคกลาง,578,10414
2025-05-22,MK-C-028,ภาคตะวันออก,421,6275
2025-05-22,MK-C-028,ภาคเหนือ,370,7104
2025-05-22,MK-C-028,ภาคใต้,420,8763
2025-05-22,SY-D-039,กรุงเทพฯ,465,7758
2025-05-22,SY-D-039,ภาคกลาง,348,6658
2025-05-22,SY-D-039,ภาคตะวันออก,264,4882
2025-05-22,SY-D-039,ภาคเหนือ,250,4793
2025-05-22,SY-D-039,ภาคใต้,315,4977
2025-05-22,AG-E-052,กรุงเทพฯ,126,2131
2025-05-22,AG-E-052,ภาคกลาง,99,1712
2025-05-22,AG-E-052,ภาคตะวันออก,76,1635
2025-05-22,AG-E-052,ภาคเหนือ,76,1462
2025-05-22,AG-E-052,ภาคใต้,98,1515
2025-05-23,TK-A-001,กรุงเทพฯ,173,3025
2025-05-23,TK-A-001,ภาคกลาง,142,2288
2025-05-23,TK-A-001,ภาคตะวันออก,118,1753
2025-05-23,TK-A-001,ภาคเหนือ,93,1768
2025-05-23,TK-A-001,ภาคใต้,108,2193
2025-05-23,GL-B-014,กรุงเทพฯ,973,14990
2025-05-23,GL-B-014,ภาคกลาง,813,12830
2025-05-23,GL-B-014,ภาคตะวันออก,537,11489
2025-05-23,GL-B-014,ภาคเหนือ,452,8473
2025-05-23,GL-B-014,ภาคใต้,643,9587
2025-05-23,MK-C-028,กรุงเทพฯ,612,13054
2025-05-23,MK-C-028,ภาคกลาง,549,9306
2025-05-23,MK-C-028,ภาคตะวันออก,397,8019
2025-05-23,MK-C-028,ภาคเหนือ,333,5943
2025-05-23,MK-C-028,ภาคใต้,423,8172
2025-05-23,SY-D-039,กรุงเทพฯ,418,6923
2025-05-23,SY-D-039,ภาคกลาง,371,7047
2025-05-23,SY-D-039,ภาคตะวันออก,260,4384
2025-05-23,SY-D-039,ภาคเหนือ,239,4580
2025-05-23,SY-D-039,ภาคใต้,311,5521
2025-05-23,AG-E-052,กรุงเทพฯ,135,2779
2025-05-23,AG-E-052,ภาคกลาง,114,1696
2025-05-23,AG-E-052,ภาคตะวันออก,75,1563
2025-05-23,AG-E-052,ภาคเหนือ,70,1169
2025-05-23,AG-E-052,ภาคใต้,88,1644
2025-05-24,TK-A-001,กรุงเทพฯ,186,3705
2025-05-24,TK-A-001,ภาคกลาง,130,2288
2025-05-24,TK-A-001,ภาคตะวันออก,104,2219
2025-05-24,TK-A-001,ภาคเหนือ,103,1564
2025-05-24,TK-A-001,ภาคใต้,126,1972
2025-05-24,GL-B-014,กรุงเทพฯ,842,16973
2025-05-24,GL-B-014,ภาคกลาง,754,15337
2025-05-24,GL-B-014,ภาคตะวันออก,587,8718
2025-05-24,GL-B-014,ภาคเหนือ,543,7838
2025-05-24,GL-B-014,ภาคใต้,626,10162
2025-05-24,MK-C-028,กรุงเทพฯ,695,11069
2025-05-24,MK-C-028,ภาคกลาง,529,10079
2025-05-24,MK-C-028,ภาคตะวันออก,400,8376
2025-05-24,MK-C-028,ภาคเหนือ,393,6593
2025-05-24,MK-C-028,ภาคใต้,464,7016
2025-05-24,SY-D-039,กรุงเทพฯ,475,7307
2025-05-24,SY-D-039,ภาคกลาง,331,6838
2025-05-24,SY-D-039,ภาคตะวันออก,258,4390
2025-05-24,SY-D-039,ภาคเหนือ,261,3865
2025-05-24,SY-D-039,ภาคใต้,290,5027
2025-05-24,AG-E-052,กรุงเทพฯ,148,2781
2025-05-24,AG-E-052,ภาคกลาง,113,1804
2025-05-24,AG-E-052,ภาคตะวันออก,78,1398
2025-05-24,AG-E-052,ภาคเหนือ,77,1466
2025-05-24,AG-E-052,ภาคใต้,98,1743
2025-05-25,TK-A-001,กรุงเทพฯ,186,2764
2025-05-25,TK-A-001,ภาคกลาง,130,2376
2025-05-25,TK-A-001,ภาคตะวันออก,106,2061
2025-05-25,TK-A-001,ภาคเหนือ,105,1572
2025-05-25,TK-A-001,ภาคใต้,110,2368
2025-05-25,GL-B-014,กรุงเทพฯ,974,17185
2025-05-25,GL-B-014,ภาคกลาง,783,13040
2025-05-25,GL-B-014,ภาคตะวันออก,517,9887
2025-05-25,GL-B-014,ภาคเหนือ,513,8300
2025-05-25,GL-B-014,ภาคใต้,670,11780
2025-05-25,MK-C-028,กรุงเทพฯ,742,13651
2025-05-25,MK-C-028,ภาคกลาง,587,9676
2025-05-25,MK-C-028,ภาคตะวันออก,413,8179
2025-05-25,MK-C-028,ภาคเหนือ,392,6301
2025-05-25,MK-C-028,ภาคใต้,410,8059
2025-05-25,SY-D-039,กรุงเทพฯ,446,7788
2025-05-25,SY-D-039,ภาคกลาง,367,7282
2025-05-25,SY-D-039,ภาคตะวันออก,265,5536
2025-05-25,SY-D-039,ภาคเหนือ,259,3844
2025-05-25,SY-D-039,ภาคใต้,321,5871
2025-05-25,AG-E-052,กรุงเทพฯ,145,2424
2025-05-25,AG-E-052,ภาคกลาง,109,2129
2025-05-25,AG-E-052,ภาคตะวันออก,86,1534
2025-05-25,AG-E-052,ภาคเหนือ,72,1451
2025-05-25,AG-E-052,ภาคใต้,87,1443
2025-05-26,TK-A-001,กรุงเทพฯ,183,3682
2025-05-26,TK-A-001,ภาคกลาง,149,2696
2025-05-26,TK-A-001,ภาคตะวันออก,115,1940
2025-05-26,TK-A-001,ภาคเหนือ,98,1818
2025-05-26,TK-A-001,ภาคใต้,115,2125
2025-05-26,GL-B-014,กรุงเทพฯ,969,19042
2025-05-26,GL-B-014,ภาคกลาง,717,13350
2025-05-26,GL-B-014,ภาคตะวันออก,537,8984
2025-05-26,GL-B-014,ภาคเหนือ,488,8504
2025-05-26,GL-B-014,ภาคใต้,634,11307
2025-05-26,MK-C-028,กรุงเทพฯ,687,12919
2025-05-26,MK-C-028,ภาคกลาง,536,9681
2025-05-26,MK-C-028,ภาคตะวันออก,404,8081
2025-05-26,MK-C-028,ภาคเหนือ,349,6620
2025-05-26,MK-C-028,ภาคใต้,467,9305
2025-05-26,SY-D-039,กรุงเทพฯ,462,6895
2025-05-26,SY-D-039,ภาคกลาง,343,7274
2025-05-26,SY-D-039,ภาคตะวันออก,282,5094
2025-05-26,SY-D-039,ภาคเหนือ,219,4464
2025-05-26,SY-D-039,ภาคใต้,297,5735
2025-05-26,AG-E-052,กรุงเทพฯ,140,2713
2025-05-26,AG-E-052,ภาคกลาง,98,2135
2025-05-26,AG-E-052,ภาคตะวันออก,73,1668
2025-05-26,AG-E-052,ภาคเหนือ,66,1261
2025-05-26,AG-E-052,ภาคใต้,90,1789
2025-05-27,TK-A-001,กรุงเทพฯ,194,3009
2025-05-27,TK-A-001,ภาคกลาง,155,2768
2025-05-27,TK-A-001,ภาคตะวันออก,113,2045
2025-05-27,TK-A-001,ภาคเหนือ,91,1944
2025-05-27,TK-A-001,ภาคใต้,131,2434
2025-05-27,GL-B-014,กรุงเทพฯ,961,14348
2025-05-27,GL-B-014,ภาคกลาง,705,13556
2025-05-27,GL-B-014,ภาคตะวันออก,506,8768
2025-05-27,GL-B-014,ภาคเหนือ,537,10060
2025-05-27,GL-B-014,ภาคใต้,573,10376
2025-05-27,MK-C-028,กรุงเทพฯ,709,10686
2025-05-27,MK-C-028,ภาคกลาง,570,8905
2025-05-27,MK-C-028,ภาคตะวันออก,388,7853
2025-05-27,MK-C-028,ภาคเหนือ,371,5590
2025-05-27,MK-C-028,ภาคใต้,447,8941
2025-05-27,SY-D-039,กรุงเทพฯ,490,8219
2025-05-27,SY-D-039,ภาคกลาง,364,6130
2025-05-27,SY-D-039,ภาคตะวันออก,276,4757
2025-05-27,SY-D-039,ภาคเหนือ,233,4807
2025-05-27,SY-D-039,ภาคใต้,325,5014
2025-05-27,AG-E-052,กรุงเทพฯ,126,2608
2025-05-27,AG-E-052,ภาคกลาง,100,2000
2025-05-27,AG-E-052,ภาคตะวันออก,74,1619
2025-05-27,AG-E-052,ภาคเหนือ,78,1322
2025-05-27,AG-E-052,ภาคใต้,92,1402
2025-05-28,TK-A-001,กรุงเทพฯ,187,3452
2025-05-28,TK-A-001,ภาคกลาง,152,2901
2025-05-28,TK-A-001,ภาคตะวันออก,111,1657
2025-05-28,TK-A-001,ภาคเหนือ,101,1790
2025-05-28,TK-A-001,ภาคใต้,108,1969
2025-05-28,GL-B-014,กรุงเทพฯ,882,14496
2025-05-28,GL-B-014,ภาคกลาง,672,11762
2025-05-28,GL-B-014,ภาคตะวันออก,610,9890
2025-05-28,GL-B-014,ภาคเหนือ,517,8244
2025-05-28,GL-B-014,ภาคใต้,652,12389
2025-05-28,MK-C-028,กรุงเทพฯ,614,11230
2025-05-28,MK-C-028,ภาคกลาง,535,9017
2025-05-28,MK-C-028,ภาคตะวันออก,400,7631
2025-05-28,MK-C-028,ภาคเหนือ,344,6601
2025-05-28,MK-C-028,ภาคใต้,488,7047
2025-05-28,SY-D-039,กรุงเทพฯ,465,7819
2025-05-28,SY-D-039,ภาคกลาง,365,5610
2025-05-28,SY-D-039,ภาคตะวันออก,274,4287
2025-05-28,SY-D-039,ภาคเหนือ,252,4832
2025-05-28,SY-D-039,ภาคใต้,315,5380
2025-05-28,AG-E-052,กรุงเทพฯ,134,2301
2025-05-28,AG-E-052,ภาคกลาง,108,1702
2025-05-28,AG-E-052,ภาคตะวันออก,86,1549
2025-05-28,AG-E-052,ภาคเหนือ,79,1136
2025-05-28,AG-E-052,ภาคใต้,87,1582
2025-05-29,TK-A-001,กรุงเทพฯ,167,3120
2025-05-29,TK-A-001,ภาคกลาง,145,2443
2025-05-29,TK-A-001,ภาคตะวันออก,106,2173
2025-05-29,TK-A-001,ภาคเหนือ,97,1714
2025-05-29,TK-A-001,ภาคใต้,116,2258
2025-05-29,GL-B-014,กรุงเทพฯ,983,18443
2025-05-29,GL-B-014,ภาคกลาง,739,15231
2025-05-29,GL-B-014,ภาคตะวันออก,579,9095
2025-05-29,GL-B-014,ภาคเหนือ,546,9410
2025-05-29,GL-B-014,ภาคใต้,673,11500
2025-05-29,MK-C-028,กรุงเทพฯ,684,12656
2025-05-29,MK-C-028,ภาคกลาง,493,9958
2025-05-29,MK-C-028,ภาคตะวันออก,408,7173
2025-05-29,MK-C-028,ภาคเหนือ,351,5884
2025-05-29,MK-C-028,ภาคใต้,495,7797
2025-05-29,SY-D-039,กรุงเทพฯ,467,6981
2025-05-29,SY-D-039,ภาคกลาง,357,5671
2025-05-29,SY-D-039,ภาคตะวันออก,280,5522
2025-05-29,SY-D-039,ภาคเหนือ,247,4029
2025-05-29,SY-D-039,ภาคใต้,271,5635
2025-05-29,AG-E-052,กรุงเทพฯ,148,2517
2025-05-29,AG-E-052,ภาคกลาง,102,2076
2025-05-29,AG-E-052,ภาคตะวันออก,87,1464
2025-05-29,AG-E-052,ภาคเหนือ,67,1435
2025-05-29,AG-E-052,ภาคใต้,92,1632
2025-05-30,TK-A-001,กรุงเทพฯ,178,3656
2025-05-30,TK-A-001,ภาคกลาง,145,2633
2025-05-30,TK-A-001,ภาคตะวันออก,108,1940
2025-05-30,TK-A-001,ภาคเหนือ,105,1519
2025-05-30,TK-A-001,ภาคใต้,122,2440
2025-05-30,GL-B-014,กรุงเทพฯ,1003,15015
2025-05-30,GL-B-014,ภาคกลาง,704,11402
2025-05-30,GL-B-014,ภาคตะวันออก,553,10422
2025-05-30,GL-B-014,ภาคเหนือ,463,9661
2025-05-30,GL-B-014,ภาคใต้,644,10277
2025-05-30,MK-C-028,กรุงเทพฯ,630,10688
2025-05-30,MK-C-028,ภาคกลาง,504,9424
2025-05-30,MK-C-028,ภาคตะวันออก,433,6526
2025-05-30,MK-C-028,ภาคเหนือ,348,6480
2025-05-30,MK-C-028,ภาคใต้,417,8448
2025-05-30,SY-D-039,กรุงเทพฯ,479,8108
2025-05-30,SY-D-039,ภาคกลาง,388,6967
2025-05-30,SY-D-039,ภาคตะวันออก,245,5463
2025-05-30,SY-D-039,ภาคเหนือ,218,4834
2025-05-30,SY-D-039,ภาคใต้,311,5314
2025-05-30,AG-E-052,กรุงเทพฯ,127,2710
2025-05-30,AG-E-052,ภาคกลาง,99,2222
2025-05-30,AG-E-052,ภาคตะวันออก,81,1262
2025-05-30,AG-E-052,ภาคเหนือ,73,1330
2025-05-30,AG-E-052,ภาคใต้,82,1587
2025-05-31,TK-A-001,กรุงเทพฯ,168,3543
2025-05-31,TK-A-001,ภาคกลาง,154,2273
2025-05-31,TK-A-001,ภาคตะวันออก,100,1874
2025-05-31,TK-A-001,ภาคเหนือ,89,1525
2025-05-31,TK-A-001,ภาคใต้,125,1876
2025-05-31,GL-B-014,กรุงเทพฯ,843,18942
2025-05-31,GL-B-014,ภาคกลาง,774,13105
2025-05-31,GL-B-014,ภาคตะวันออก,537,8616
2025-05-31,GL-B-014,ภาคเหนือ,485,9214
2025-05-31,GL-B-014,ภาคใต้,645,12709
2025-05-31,MK-C-028,กรุงเทพฯ,711,11648
2025-05-31,MK-C-028,ภาคกลาง,590,9972
2025-05-31,MK-C-028,ภาคตะวันออก,406,6385
2025-05-31,MK-C-028,ภาคเหนือ,334,6958
2025-05-31,MK-C-028,ภาคใต้,420,8127
2025-05-31,SY-D-039,กรุงเทพฯ,481,8530
2025-05-31,SY-D-039,ภาคกลาง,376,5972
2025-05-31,SY-D-039,ภาคตะวันออก,276,4420
2025-05-31,SY-D-039,ภาคเหนือ,236,4194
2025-05-31,SY-D-039,ภาคใต้,298,4879
2025-05-31,AG-E-052,กรุงเทพฯ,135,2103
2025-05-31,AG-E-052,ภาคกลาง,105,2219
2025-05-31,AG-E-052,ภาคตะวันออก,76,1269
2025-05-31,AG-E-052,ภาคเหนือ,66,1408
2025-05-31,AG-E-052,ภาคใต้,99,1728
2025-06-01,TK-A-001,กรุงเทพฯ,164,2936
2025-06-01,TK-A-001,ภาคกลาง,148,2328
2025-06-01,TK-A-001,ภาคตะวันออก,106,1743
2025-06-01,TK-A-001,ภาคเหนือ,98,1696
2025-06-01,TK-A-001,ภาคใต้,108,2145
2025-06-01,GL-B-014,กรุงเทพฯ,868,18700
2025-06-01,GL-B-014,ภาคกลาง,722,12704
2025-06-01,GL-B-014,ภาคตะวันออก,608,11427
2025-06-01,GL-B-014,ภาคเหนือ,506,8493
2025-06-01,GL-B-014,ภาคใต้,654,12041
2025-06-01,MK-C-028,กรุงเทพฯ,620,12201
2025-06-01,MK-C-028,ภาคกลาง,554,8326
2025-06-01,MK-C-028,ภาคตะวันออก,423,7941
2025-06-01,MK-C-028,ภาคเหนือ,387,5784
2025-06-01,MK-C-028,ภาคใต้,414,7246
2025-06-01,SY-D-039,กรุงเทพฯ,426,8226
2025-06-01,SY-D-039,ภาคกลาง,351,6274
2025-06-01,SY-D-039,ภาคตะวันออก,295,5026
2025-06-01,SY-D-039,ภาคเหนือ,263,4042
2025-06-01,SY-D-039,ภาคใต้,290,5702
2025-06-01,AG-E-052,กรุงเทพฯ,123,2403
2025-06-01,AG-E-052,ภาคกลาง,106,1752
2025-06-01,AG-E-052,ภาคตะวันออก,87,1366
2025-06-01,AG-E-052,ภาคเหนือ,72,1341
2025-06-01,AG-E-052,ภาคใต้,93,1739
2025-06-02,TK-A-001,กรุงเทพฯ,171,2956
2025-06-02,TK-A-001,ภาคกลาง,135,2863
2025-06-02,TK-A-001,ภาคตะวันออก,109,1788
2025-06-02,TK-A-001,ภาคเหนือ,104,1625
2025-06-02,TK-A-001,ภาคใต้,114,2046
2025-06-02,GL-B-014,กรุงเทพฯ,925,15723
2025-06-02,GL-B-014,ภาคกลาง,747,13762
2025-06-02,GL-B-014,ภาคตะวันออก,558,10759
2025-06-02,GL-B-014,ภาคเหนือ,511,10120
2025-06-02,GL-B-014,ภาคใต้,567,10314
2025-06-02,MK-C-028,กรุงเทพฯ,629,11029
2025-06-02,MK-C-028,ภาคกลาง,527,10459
2025-06-02,MK-C-028,ภาคตะวันออก,398,7847
2025-06-02,MK-C-028,ภาคเหนือ,392,6553
2025-06-02,MK-C-028,ภาคใต้,414,7026
2025-06-02,SY-D-039,กรุงเทพฯ,425,9286
2025-06-02,SY-D-039,ภาคกลาง,336,7333
2025-06-02,SY-D-039,ภาคตะวันออก,286,4852
2025-06-02,SY-D-039,ภาคเหนือ,228,4505
2025-06-02,SY-D-039,ภาคใต้,325,4900
2025-06-02,AG-E-052,กรุงเทพฯ,134,2241
2025-06-02,AG-E-052,ภาคกลาง,115,1946
2025-06-02,AG-E-052,ภาคตะวันออก,77,1476
2025-06-02,AG-E-052,ภาคเหนือ,79,1373
2025-06-02,AG-E-052,ภาคใต้,97,1781
2025-06-03,TK-A-001,กรุงเทพฯ,195,3621
2025-06-03,TK-A-001,ภาคกลาง,132,2216
2025-06-03,TK-A-001,ภาคตะวันออก,103,1782
2025-06-03,TK-A-001,ภาคเหนือ,97,1984
2025-06-03,TK-A-001,ภาคใต้,125,1921
2025-06-03,GL-B-014,กรุงเทพฯ,905,15910
2025-06-03,GL-B-014,ภาคกลาง,725,15249
2025-06-03,GL-B-014,ภาคตะวันออก,513,10372
2025-06-03,GL-B-014,ภาคเหนือ,532,8499
2025-06-03,GL-B-014,ภาคใต้,587,12555
2025-06-03,MK-C-028,กรุงเทพฯ,707,10362
2025-06-03,MK-C-028,ภาคกลาง,537,9638
2025-06-03,MK-C-028,ภาคตะวันออก,370,6441
2025-06-03,MK-C-028,ภาคเหนือ,392,6096
2025-06-03,MK-C-028,ภาคใต้,492,7091
2025-06-03,SY-D-039,กรุงเทพฯ,421,7871
2025-06-03,SY-D-039,ภาคกลาง,369,6768
2025-06-03,SY-D-039,ภาคตะวันออก,276,5481
2025-06-03,SY-D-039,ภาคเหนือ,217,4418
2025-06-03,SY-D-039,ภาคใต้,321,4904
2025-06-03,AG-E-052,กรุงเทพฯ,136,2215
2025-06-03,AG-E-052,ภาคกลาง,98,2061
2025-06-03,AG-E-052,ภาคตะวันออก,87,1629
2025-06-03,AG-E-052,ภาคเหนือ,77,1228
2025-06-03,AG-E-052,ภาคใต้,85,1791
2025-06-04,TK-A-001,กรุงเทพฯ,181,3163
2025-06-04,TK-A-001,ภาคกลาง,147,2299
2025-06-04,TK-A-001,ภาคตะวันออก,98,1973
2025-06-04,TK-A-001,ภาคเหนือ,98,1753
2025-06-04,TK-A-001,ภาคใต้,132,2471
2025-06-04,GL-B-014,กรุงเทพฯ,888,14407
2025-06-04,GL-B-014,ภาคกลาง,698,12384
2025-06-04,GL-B-014,ภาคตะวันออก,528,10110
2025-06-04,GL-B-014,ภาคเหนือ,521,8625
2025-06-04,GL-B-014,ภาคใต้,590,10636
2025-06-04,MK-C-028,กรุงเทพฯ,635,12570
2025-06-04,MK-C-028,ภาคกลาง,511,11098
2025-06-04,MK-C-028,ภาคตะวันออก,427,7531
2025-06-04,MK-C-028,ภาคเหนือ,328,6137
2025-06-04,MK-C-028,ภาคใต้,458,8461
2025-06-04,SY-D-039,กรุงเทพฯ,453,7072
2025-06-04,SY-D-039,ภาคกลาง,370,5947
2025-06-04,SY-D-039,ภาคตะวันออก,288,5193
2025-06-04,SY-D-039,ภาคเหนือ,243,4918
2025-06-04,SY-D-039,ภาคใต้,284,5099
2025-06-04,AG-E-052,กรุงเทพฯ,145,2708
2025-06-04,AG-E-052,ภาคกลาง,104,1661
2025-06-04,AG-E-052,ภาคตะวันออก,88,1414
2025-06-04,AG-E-052,ภาคเหนือ,74,1140
2025-06-04,AG-E-052,ภาคใต้,82,1655
2025-06-05,TK-A-001,กรุงเทพฯ,183,3615
2025-06-05,TK-A-001,ภาคกลาง,136,2569
2025-06-05,TK-A-001,ภาคตะวันออก,98,2076
2025-06-05,TK-A-001,ภาคเหนือ,93,1845
2025-06-05,TK-A-001,ภาคใต้,132,1928
2025-06-05,GL-B-014,กรุงเทพฯ,955,17201
2025-06-05,GL-B-014,ภาคกลาง,742,13948
2025-06-05,GL-B-014,ภาคตะวันออก,571,8851
2025-06-05,GL-B-014,ภาคเหนือ,539,9863
2025-06-05,GL-B-014,ภาคใต้,602,9972
2025-06-05,MK-C-028,กรุงเทพฯ,614,13939
2025-06-05,MK-C-028,ภาคกลาง,491,9777
2025-06-05,MK-C-028,ภาคตะวันออก,384,7985
2025-06-05,MK-C-028,ภาคเหนือ,372,6180
2025-06-05,MK-C-028,ภาคใต้,470,8194
2025-06-05,SY-D-039,กรุงเทพฯ,457,7750
2025-06-05,SY-D-039,ภาคกลาง,385,6269
2025-06-05,SY-D-039,ภาคตะวันออก,258,5479
2025-06-05,SY-D-039,ภาคเหนือ,238,4753
2025-06-05,SY-D-039,ภาคใต้,300,6061
2025-06-05,AG-E-052,กรุงเทพฯ,129,2468
2025-06-05,AG-E-052,ภาคกลาง,111,2015
2025-06-05,AG-E-052,ภาคตะวันออก,82,1562
2025-06-05,AG-E-052,ภาคเหนือ,65,1308
2025-06-05,AG-E-052,ภาคใต้,91,1541
2025-06-06,TK-A-001,กรุงเทพฯ,177,3234
2025-06-06,TK-A-001,ภาคกลาง,147,2388
2025-06-06,TK-A-001,ภาคตะวันออก,99,2007
2025-06-06,TK-A-001,ภาคเหนือ,100,1762
2025-06-06,TK-A-001,ภาคใต้,130,1857
2025-06-06,GL-B-014,กรุงเทพฯ,856,17168
2025-06-06,GL-B-014,ภาคกลาง,801,12654
2025-06-06,GL-B-014,ภาคตะวันออก,611,11178
2025-06-06,GL-B-014,ภาคเหนือ,498,7848
2025-06-06,GL-B-014,ภาคใต้,627,11985
2025-06-06,MK-C-028,กรุงเทพฯ,740,11146
2025-06-06,MK-C-028,ภาคกลาง,512,8530
2025-06-06,MK-C-028,ภาคตะวันออก,406,7634
2025-06-06,MK-C-028,ภาคเหนือ,332,5809
2025-06-06,MK-C-028,ภาคใต้,491,8558
2025-06-06,SY-D-039,กรุงเทพฯ,443,9009
2025-06-06,SY-D-039,ภาคกลาง,363,6191
2025-06-06,SY-D-039,ภาคตะวันออก,286,5282
2025-06-06,SY-D-039,ภาคเหนือ,236,3755
2025-06-06,SY-D-039,ภาคใต้,278,5734
2025-06-06,AG-E-052,กรุงเทพฯ,133,2688
2025-06-06,AG-E-052,ภาคกลาง,106,1977
2025-06-06,AG-E-052,ภาคตะวันออก,74,1560
2025-06-06,AG-E-052,ภาคเหนือ,66,1174
2025-06-06,AG-E-052,ภาคใต้,97,1406
2025-06-07,TK-A-001,กรุงเทพฯ,186,3714
2025-06-07,TK-A-001,ภาคกลาง,146,2938
2025-06-07,TK-A-001,ภาคตะวันออก,115,2016
2025-06-07,TK-A-001,ภาคเหนือ,94,1506
2025-06-07,TK-A-001,ภาคใต้,119,1997
2025-06-07,GL-B-014,กรุงเทพฯ,1019,16522
2025-06-07,GL-B-014,ภาคกลาง,741,15266
2025-06-07,GL-B-014,ภาคตะวันออก,532,8590
2025-06-07,GL-B-014,ภาคเหนือ,545,8831
2025-06-07,GL-B-014,ภาคใต้,640,9516
2025-06-07,MK-C-028,กรุงเทพฯ,673,10399
2025-06-07,MK-C-028,ภาคกลาง,516,10189
2025-06-07,MK-C-028,ภาคตะวันออก,370,6962
2025-06-07,MK-C-028,ภาคเหนือ,373,6660
2025-06-07,MK-C-028,ภาคใต้,434,9290
2025-06-07,SY-D-039,กรุงเทพฯ,405,8916
2025-06-07,SY-D-039,ภาคกลาง,366,5822
2025-06-07,SY-D-039,ภาคตะวันออก,246,4917
2025-06-07,SY-D-039,ภาคเหนือ,244,4112
2025-06-07,SY-D-039,ภาคใต้,317,5708
2025-06-07,AG-E-052,กรุงเทพฯ,142,2761
2025-06-07,AG-E-052,ภาคกลาง,102,1898
2025-06-07,AG-E-052,ภาคตะวันออก,85,1656
2025-06-07,AG-E-052,ภาคเหนือ,78,1391
2025-06-07,AG-E-052,ภาคใต้,97,1451
2025-06-08,TK-A-001,กรุงเทพฯ,174,3499
2025-06-08,TK-A-001,ภาคกลาง,142,2679
2025-06-08,TK-A-001,ภาคตะวันออก,114,2093
2025-06-08,TK-A-001,ภาคเหนือ,96,1697
2025-06-08,TK-A-001,ภาคใต้,129,2212
2025-06-08,GL-B-014,กรุงเทพฯ,863,18201
2025-06-08,GL-B-014,ภาคกลาง,725,13013
2025-06-08,GL-B-014,ภาคตะวันออก,550,11405
2025-06-08,GL-B-014,ภาคเหนือ,471,9424
2025-06-08,GL-B-014,ภาคใต้,652,12029
2025-06-08,MK-C-028,กรุงเทพฯ,650,13215
2025-06-08,MK-C-028,ภาคกลาง,496,10554
2025-06-08,MK-C-028,ภาคตะวันออก,387,8105
2025-06-08,MK-C-028,ภาคเหนือ,358,7443
2025-06-08,MK-C-028,ภาคใต้,452,8669
2025-06-08,SY-D-039,กรุงเทพฯ,453,8896
2025-06-08,SY-D-039,ภาคกลาง,394,7187
2025-06-08,SY-D-039,ภาคตะวันออก,257,5466
2025-06-08,SY-D-039,ภาคเหนือ,242,4828
2025-06-08,SY-D-039,ภาคใต้,326,6017
2025-06-08,AG-E-052,กรุงเทพฯ,130,2128
2025-06-08,AG-E-052,ภาคกลาง,98,2188
2025-06-08,AG-E-052,ภาคตะวันออก,76,1546
2025-06-08,AG-E-052,ภาคเหนือ,76,1147
2025-06-08,AG-E-052,ภาคใต้,99,1503
2025-06-09,TK-A-001,กรุงเทพฯ,169,3466
2025-06-09,TK-A-001,ภาคกลาง,158,2289
2025-06-09,TK-A-001,ภาคตะวันออก,106,2141
2025-06-09,TK-A-001,ภาคเหนือ,92,1884
2025-06-09,TK-A-001,ภาคใต้,130,1893
2025-06-09,GL-B-014,กรุงเทพฯ,1019,14968
2025-06-09,GL-B-014,ภาคกลาง,740,13544
2025-06-09,GL-B-014,ภาคตะวันออก,523,8630
2025-06-09,GL-B-014,ภาคเหนือ,535,9450
2025-06-09,GL-B-014,ภาคใต้,607,10424
2025-06-09,MK-C-028,กรุงเทพฯ,679,11433
2025-06-09,MK-C-028,ภาคกลาง,495,8857
2025-06-09,MK-C-028,ภาคตะวันออก,416,7349
2025-06-09,MK-C-028,ภาคเหนือ,353,6681
2025-06-09,MK-C-028,ภาคใต้,449,8095
2025-06-09,SY-D-039,กรุงเทพฯ,410,7725
2025-06-09,SY-D-039,ภาคกลาง,352,6352
2025-06-09,SY-D-039,ภาคตะวันออก,297,5338
2025-06-09,SY-D-039,ภาคเหนือ,241,4679
2025-06-09,SY-D-039,ภาคใต้,328,6050
2025-06-09,AG-E-052,กรุงเทพฯ,138,2104
2025-06-09,AG-E-052,ภาคกลาง,116,1707
2025-06-09,AG-E-052,ภาคตะวันออก,82,1419
2025-06-09,AG-E-052,ภาคเหนือ,73,1180
2025-06-09,AG-E-052,ภาคใต้,97,1396
2025-06-10,TK-A-001,กรุงเทพฯ,178,3319
2025-06-10,TK-A-001,ภาคกลาง,139,2917
2025-06-10,TK-A-001,ภาคตะวันออก,116,2079
2025-06-10,TK-A-001,ภาคเหนือ,101,1782
2025-06-10,TK-A-001,ภาคใต้,127,2453
2025-06-10,GL-B-014,กรุงเทพฯ,1018,14276
2025-06-10,GL-B-014,ภาคกลาง,724,12297
2025-06-10,GL-B-014,ภาคตะวันออก,556,9651
2025-06-10,GL-B-014,ภาคเหนือ,533,9157
2025-06-10,GL-B-014,ภาคใต้,584,12351
2025-06-10,MK-C-028,กรุงเทพฯ,663,12415
2025-06-10,MK-C-028,ภาคกลาง,497,9833
2025-06-10,MK-C-028,ภาคตะวันออก,413,7590
2025-06-10,MK-C-028,ภาคเหนือ,330,6778
2025-06-10,MK-C-028,ภาคใต้,471,8123
2025-06-10,SY-D-039,กรุงเทพฯ,450,7778
2025-06-10,SY-D-039,ภาคกลาง,328,7279
2025-06-10,SY-D-039,ภาคตะวันออก,258,4875
2025-06-10,SY-D-039,ภาคเหนือ,258,3887
2025-06-10,SY-D-039,ภาคใต้,288,6146
2025-06-10,AG-E-052,กรุงเทพฯ,144,2458
2025-06-10,AG-E-052,ภาคกลาง,117,2029
2025-06-10,AG-E-052,ภาคตะวันออก,85,1411
2025-06-10,AG-E-052,ภาคเหนือ,69,1246
2025-06-10,AG-E-052,ภาคใต้,88,1607
2025-06-11,TK-A-001,กรุงเทพฯ,165,3628
2025-06-11,TK-A-001,ภาคกลาง,140,2915
2025-06-11,TK-A-001,ภาคตะวันออก,101,1665
2025-06-11,TK-A-001,ภาคเหนือ,92,1881
2025-06-11,TK-A-001,ภาคใต้,125,2191
2025-06-11,GL-B-014,กรุงเทพฯ,893,15722
2025-06-11,GL-B-014,ภาคกลาง,750,13097
2025-06-11,GL-B-014,ภาคตะวันออก,603,11059
2025-06-11,GL-B-014,ภาคเหนือ,463,8791
2025-06-11,GL-B-014,ภาคใต้,652,11868
2025-06-11,MK-C-028,กรุงเทพฯ,659,11198
2025-06-11,MK-C-028,ภาคกลาง,577,8570
2025-06-11,MK-C-028,ภาคตะวันออก,399,7252
2025-06-11,MK-C-028,ภาคเหนือ,333,6543
2025-06-11,MK-C-028,ภาคใต้,418,8343
2025-06-11,SY-D-039,กรุงเทพฯ,451,6971
2025-06-11,SY-D-039,ภาคกลาง,370,6114
2025-06-11,SY-D-039,ภาคตะวันออก,295,5202
2025-06-11,SY-D-039,ภาคเหนือ,253,4718
2025-06-11,SY-D-039,ภาคใต้,319,5463
2025-06-11,AG-E-052,กรุงเทพฯ,133,2398
2025-06-11,AG-E-052,ภาคกลาง,117,1714
2025-06-11,AG-E-052,ภาคตะวันออก,81,1366
2025-06-11,AG-E-052,ภาคเหนือ,78,1249
2025-06-11,AG-E-052,ภาคใต้,94,1706
2025-06-12,TK-A-001,กรุงเทพฯ,189,3020
2025-06-12,TK-A-001,ภาคกลาง,135,2910
2025-06-12,TK-A-001,ภาคตะวันออก,115,1857
2025-06-12,TK-A-001,ภาคเหนือ,105,1815
2025-06-12,TK-A-001,ภาคใต้,117,2187
2025-06-12,GL-B-014,กรุงเทพฯ,873,16963
2025-06-12,GL-B-014,ภาคกลาง,758,12470
2025-06-12,GL-B-014,ภาคตะวันออก,537,8772
2025-06-12,GL-B-014,ภาคเหนือ,543,9027
2025-06-12,GL-B-014,ภาคใต้,665,9581
2025-06-12,MK-C-028,กรุงเทพฯ,729,13210
2025-06-12,MK-C-028,ภาคกลาง,569,10653
2025-06-12,MK-C-028,ภาคตะวันออก,383,7689
2025-06-12,MK-C-028,ภาคเหนือ,362,6215
2025-06-12,MK-C-028,ภาคใต้,421,6917
2025-06-12,SY-D-039,กรุงเทพฯ,454,8621
2025-06-12,SY-D-039,ภาคกลาง,364,6407
2025-06-12,SY-D-039,ภาคตะวันออก,247,4519
2025-06-12,SY-D-039,ภาคเหนือ,244,4867
2025-06-12,SY-D-039,ภาคใต้,301,5291
2025-06-12,AG-E-052,กรุงเทพฯ,132,2441
2025-06-12,AG-E-052,ภาคกลาง,100,1665
2025-06-12,AG-E-052,ภาคตะวันออก,76,1514
2025-06-12,AG-E-052,ภาคเหนือ,70,1396
2025-06-12,AG-E-052,ภาคใต้,92,1636
2025-06-13,TK-A-001,กรุงเทพฯ,185,3384
2025-06-13,TK-A-001,ภาคกลาง,157,2536
2025-06-13,TK-A-001,ภาคตะวันออก,108,1743
2025-06-13,TK-A-001,ภาคเหนือ,104,1974
2025-06-13,TK-A-001,ภาคใต้,117,2079
2025-06-13,GL-B-014,กรุงเทพฯ,877,17574
2025-06-13,GL-B-014,ภาคกลาง,690,14052
2025-06-13,GL-B-014,ภาคตะวันออก,551,10313
2025-06-13,GL-B-014,ภาคเหนือ,501,8763
2025-06-13,GL-B-014,ภาคใต้,646,10909
2025-06-13,MK-C-028,กรุงเทพฯ,642,10631
2025-06-13,MK-C-028,ภาคกลาง,502,10469
2025-06-13,MK-C-028,ภาคตะวันออก,384,6584
2025-06-13,MK-C-028,ภาคเหนือ,329,5537
2025-06-13,MK-C-028,ภาคใต้,410,8077
2025-06-13,SY-D-039,กรุงเทพฯ,462,8435
2025-06-13,SY-D-039,ภาคกลาง,355,6392
2025-06-13,SY-D-039,ภาคตะวันออก,254,4538
2025-06-13,SY-D-039,ภาคเหนือ,259,3751
2025-06-13,SY-D-039,ภาคใต้,312,4808
2025-06-13,AG-E-052,กรุงเทพฯ,135,2347
2025-06-13,AG-E-052,ภาคกลาง,113,2071
2025-06-13,AG-E-052,ภาคตะวันออก,87,1328
2025-06-13,AG-E-052,ภาคเหนือ,67,1362
2025-06-13,AG-E-052,ภาคใต้,85,1561
2025-06-14,TK-A-001,กรุงเทพฯ,181,3157
2025-06-14,TK-A-001,ภาคกลาง,155,2207
2025-06-14,TK-A-001,ภาคตะวันออก,110,2100
2025-06-14,TK-A-001,ภาคเหนือ,97,1720
2025-06-14,TK-A-001,ภาคใต้,117,2345
2025-06-14,GL-B-014,กรุงเทพฯ,911,19221
2025-06-14,GL-B-014,ภาคกลาง,714,13257
2025-06-14,GL-B-014,ภาคตะวันออก,579,8740
2025-06-14,GL-B-014,ภาคเหนือ,504,7933
2025-06-14,GL-B-014,ภาคใต้,625,10188
2025-06-14,MK-C-028,กรุงเทพฯ,639,12214
2025-06-14,MK-C-028,ภาคกลาง,584,10546
2025-06-14,MK-C-028,ภาคตะวันออก,417,6203
2025-06-14,MK-C-028,ภาคเหนือ,326,6653
2025-06-14,MK-C-028,ภาคใต้,489,7907
2025-06-14,SY-D-039,กรุงเทพฯ,487,8995
2025-06-14,SY-D-039,ภาคกลาง,333,6288
2025-06-14,SY-D-039,ภาคตะวันออก,270,5096
2025-06-14,SY-D-039,ภาคเหนือ,246,4004
2025-06-14,SY-D-039,ภาคใต้,312,5794
2025-06-14,AG-E-052,กรุงเทพฯ,134,2612
2025-06-14,AG-E-052,ภาคกลาง,105,1981
2025-06-14,AG-E-052,ภาคตะวันออก,79,1388
2025-06-14,AG-E-052,ภาคเหนือ,79,1463
2025-06-14,AG-E-052,ภาคใต้,96,1723
2025-06-15,TK-A-001,กรุงเทพฯ,178,3098
2025-06-15,TK-A-001,ภาคกลาง,137,2733
2025-06-15,TK-A-001,ภาคตะวันออก,104,1816
2025-06-15,TK-A-001,ภาคเหนือ,91,1887
2025-06-15,TK-A-001,ภาคใต้,127,2261
2025-06-15,GL-B-014,กรุงเทพฯ,949,15560
2025-06-15,GL-B-014,ภาคกลาง,744,13462
2025-06-15,GL-B-014,ภาคตะวันออก,546,11088
2025-06-15,GL-B-014,ภาคเหนือ,497,9185
2025-06-15,GL-B-014,ภาคใต้,594,9924
2025-06-15,MK-C-028,กรุงเทพฯ,731,10637
2025-06-15,MK-C-028,ภาคกลาง,586,8765
2025-06-15,MK-C-028,ภาคตะวันออก,435,6357
2025-06-15,MK-C-028,ภาคเหนือ,337,6054
2025-06-15,MK-C-028,ภาคใต้,414,7660
2025-06-15,SY-D-039,กรุงเทพฯ,449,8627
2025-06-15,SY-D-039,ภาคกลาง,395,6141
2025-06-15,SY-D-039,ภาคตะวันออก,272,4698
2025-06-15,SY-D-039,ภาคเหนือ,218,4870
2025-06-15,SY-D-039,ภาคใต้,271,6001
2025-06-15,AG-E-052,กรุงเทพฯ,126,2660
2025-06-15,AG-E-052,ภาคกลาง,107,1843
2025-06-15,AG-E-052,ภาคตะวันออก,74,1574
2025-06-15,AG-E-052,ภาคเหนือ,79,1166
2025-06-15,AG-E-052,ภาคใต้,95,1584
2025-06-16,TK-A-001,กรุงเทพฯ,182,3245
2025-06-16,TK-A-001,ภาคกลาง,133,2955
2025-06-16,TK-A-001,ภาคตะวันออก,112,2101
2025-06-16,TK-A-001,ภาคเหนือ,98,1974
2025-06-16,TK-A-001,ภาคใต้,120,1846
2025-06-16,GL-B-014,กรุงเทพฯ,999,15912
2025-06-16,GL-B-014,ภาคกลาง,787,14545
2025-06-16,GL-B-014,ภาคตะวันออก,611,8635
2025-06-16,GL-B-014,ภาคเหนือ,523,9203
2025-06-16,GL-B-014,ภาคใต้,568,9769
2025-06-16,MK-C-028,กรุงเทพฯ,706,11739
2025-06-16,MK-C-028,ภาคกลาง,501,8434
2025-06-16,MK-C-028,ภาคตะวันออก,390,7149
2025-06-16,MK-C-028,ภาคเหนือ,380,7211
2025-06-16,MK-C-028,ภาคใต้,424,8658
2025-06-16,SY-D-039,กรุงเทพฯ,450,8950
2025-06-16,SY-D-039,ภาคกลาง,356,6858
2025-06-16,SY-D-039,ภาคตะวันออก,290,4384
2025-06-16,SY-D-039,ภาคเหนือ,256,4592
2025-06-16,SY-D-039,ภาคใต้,285,5072
2025-06-16,AG-E-052,กรุงเทพฯ,140,2775
2025-06-16,AG-E-052,ภาคกลาง,105,2182
2025-06-16,AG-E-052,ภาคตะวันออก,85,1466
2025-06-16,AG-E-052,ภาคเหนือ,73,1281
2025-06-16,AG-E-052,ภาคใต้,95,1616
2025-06-17,TK-A-001,กรุงเทพฯ,164,3202
2025-06-17,TK-A-001,ภาคกลาง,142,2205
2025-06-17,TK-A-001,ภาคตะวันออก,109,2210
2025-06-17,TK-A-001,ภาคเหนือ,96,1531
2025-06-17,TK-A-001,ภาคใต้,108,2449
2025-06-17,GL-B-014,กรุงเทพฯ,898,18539
2025-06-17,GL-B-014,ภาคกลาง,720,13971
2025-06-17,GL-B-014,ภาคตะวันออก,610,9195
2025-06-17,GL-B-014,ภาคเหนือ,480,9785
2025-06-17,GL-B-014,ภาคใต้,664,11554
2025-06-17,MK-C-028,กรุงเทพฯ,649,12695
2025-06-17,MK-C-028,ภาคกลาง,549,9097
2025-06-17,MK-C-028,ภาคตะวันออก,418,7943
2025-06-17,MK-C-028,ภาคเหนือ,339,6396
2025-06-17,MK-C-028,ภาคใต้,438,8533
2025-06-17,SY-D-039,กรุงเทพฯ,432,7918
2025-06-17,SY-D-039,ภาคกลาง,338,5667
2025-06-17,SY-D-039,ภาคตะวันออก,265,5319
2025-06-17,SY-D-039,ภาคเหนือ,220,4519
2025-06-17,SY-D-039,ภาคใต้,323,5586
2025-06-17,AG-E-052,กรุงเทพฯ,127,2719
2025-06-17,AG-E-052,ภาคกลาง,102,2135
2025-06-17,AG-E-052,ภาคตะวันออก,78,1529
2025-06-17,AG-E-052,ภาคเหนือ,67,1412
2025-06-17,AG-E-052,ภาคใต้,87,1546
2025-06-18,TK-A-001,กรุงเทพฯ,176,3306
2025-06-18,TK-A-001,ภาคกลาง,136,2372
2025-06-18,TK-A-001,ภาคตะวันออก,108,2113
2025-06-18,TK-A-001,ภาคเหนือ,89,1775
2025-06-18,TK-A-001,ภาคใต้,125,1905
2025-06-18,GL-B-014,กรุงเทพฯ,893,18376
2025-06-18,GL-B-014,ภาคกลาง,695,15314
2025-06-18,GL-B-014,ภาคตะวันออก,548,9451
2025-06-18,GL-B-014,ภาคเหนือ,469,8600
2025-06-18,GL-B-014,ภาคใต้,609,12421
2025-06-18,MK-C-028,กรุงเทพฯ,717,13451
2025-06-18,MK-C-028,ภาคกลาง,490,9655
2025-06-18,MK-C-028,ภาคตะวันออก,414,8087
2025-06-18,MK-C-028,ภาคเหนือ,379,7137
2025-06-18,MK-C-028,ภาคใต้,416,7766
2025-06-18,SY-D-039,กรุงเทพฯ,439,8167
2025-06-18,SY-D-039,ภาคกลาง,354,5680
2025-06-18,SY-D-039,ภาคตะวันออก,259,5247
2025-06-18,SY-D-039,ภาคเหนือ,234,3704
2025-06-18,SY-D-039,ภาคใต้,282,5726
2025-06-18,AG-E-052,กรุงเทพฯ,137,2736
2025-06-18,AG-E-052,ภาคกลาง,113,1725
2025-06-18,AG-E-052,ภาคตะวันออก,76,1645
2025-06-18,AG-E-052,ภาคเหนือ,68,1416
2025-06-18,AG-E-052,ภาคใต้,94,1715
2025-06-19,TK-A-001,กรุงเทพฯ,163,3657
2025-06-19,TK-A-001,ภาคกลาง,135,2582
2025-06-19,TK-A-001,ภาคตะวันออก,102,1810
2025-06-19,TK-A-001,ภาคเหนือ,104,1547
2025-06-19,TK-A-001,ภาคใต้,121,1953
2025-06-19,GL-B-014,กรุงเทพฯ,1000,14415
2025-06-19,GL-B-014,ภาคกลาง,749,13221
2025-06-19,GL-B-014,ภาคตะวันออก,518,9028
2025-06-19,GL-B-014,ภาคเหนือ,521,9292
2025-06-19,GL-B-014,ภาคใต้,627,10258
2025-06-19,MK-C-028,กรุงเทพฯ,668,11680
2025-06-19,MK-C-028,ภาคกลาง,581,9158
2025-06-19,MK-C-028,ภาคตะวันออก,396,8113
2025-06-19,MK-C-028,ภาคเหนือ,336,6001
2025-06-19,MK-C-028,ภาคใต้,483,8375
2025-06-19,SY-D-039,กรุงเทพฯ,495,7441
2025-06-19,SY-D-039,ภาคกลาง,346,6852
2025-06-19,SY-D-039,ภาคตะวันออก,263,5368
2025-06-19,SY-D-039,ภาคเหนือ,248,4552
2025-06-19,SY-D-039,ภาคใต้,296,5922
2025-06-19,AG-E-052,กรุงเทพฯ,144,2633
2025-06-19,AG-E-052,ภาคกลาง,109,1742
2025-06-19,AG-E-052,ภาคตะวันออก,82,1486
2025-06-19,AG-E-052,ภาคเหนือ,65,1189
2025-06-19,AG-E-052,ภาคใต้,93,1741
2025-06-20,TK-A-001,กรุงเทพฯ,196,3097
2025-06-20,TK-A-001,ภาคกลาง,146,2726
2025-06-20,TK-A-001,ภาคตะวันออก,108,2019
2025-06-20,TK-A-001,ภาคเหนือ,94,1705
2025-06-20,TK-A-001,ภาคใต้,132,1926
2025-06-20,GL-B-014,กรุงเทพฯ,858,14500
2025-06-20,GL-B-014,ภาคกลาง,731,14950
2025-06-20,GL-B-014,ภาคตะวันออก,564,10417
2025-06-20,GL-B-014,ภาคเหนือ,475,10234
2025-06-20,GL-B-014,ภาคใต้,611,12635
2025-06-20,MK-C-028,กรุงเทพฯ,619,13845
2025-06-20,MK-C-028,ภาคกลาง,505,10588
2025-06-20,MK-C-028,ภาคตะวันออก,380,6739
2025-06-20,MK-C-028,ภาคเหนือ,385,6675
2025-06-20,MK-C-028,ภาคใต้,481,7287
2025-06-20,SY-D-039,กรุงเทพฯ,407,8353
2025-06-20,SY-D-039,ภาคกลาง,395,5586
2025-06-20,SY-D-039,ภาคตะวันออก,269,4865
2025-06-20,SY-D-039,ภาคเหนือ,221,3927
2025-06-20,SY-D-039,ภาคใต้,288,5109
2025-06-20,AG-E-052,กรุงเทพฯ,135,2773
2025-06-20,AG-E-052,ภาคกลาง,106,2120
2025-06-20,AG-E-052,ภาคตะวันออก,83,1256
2025-06-20,AG-E-052,ภาคเหนือ,79,1399
2025-06-20,AG-E-052,ภาคใต้,88,1695
2025-06-21,TK-A-001,กรุงเทพฯ,186,2868
2025-06-21,TK-A-001,ภาคกลาง,149,2685
2025-06-21,TK-A-001,ภาคตะวันออก,109,1935
2025-06-21,TK-A-001,ภาคเหนือ,105,1498
2025-06-21,TK-A-001,ภาคใต้,118,2258
2025-06-21,GL-B-014,กรุงเทพฯ,947,15854
2025-06-21,GL-B-014,ภาคกลาง,775,12497
2025-06-21,GL-B-014,ภาคตะวันออก,570,10475
2025-06-21,GL-B-014,ภาคเหนือ,460,9174
2025-06-21,GL-B-014,ภาคใต้,561,10424
2025-06-21,MK-C-028,กรุงเทพฯ,741,10341
2025-06-21,MK-C-028,ภาคกลาง,545,9244
2025-06-21,MK-C-028,ภาคตะวันออก,439,8058
2025-06-21,MK-C-028,ภาคเหนือ,356,6473
2025-06-21,MK-C-028,ภาคใต้,458,8653
2025-06-21,SY-D-039,กรุงเทพฯ,459,7616
2025-06-21,SY-D-039,ภาคกลาง,377,5703
2025-06-21,SY-D-039,ภาคตะวันออก,280,5270
2025-06-21,SY-D-039,ภาคเหนือ,233,3880
2025-06-21,SY-D-039,ภาคใต้,330,5437
2025-06-21,AG-E-052,กรุงเทพฯ,148,2157
2025-06-21,AG-E-052,ภาคกลาง,109,1941
2025-06-21,AG-E-052,ภาคตะวันออก,81,1425
2025-06-21,AG-E-052,ภาคเหนือ,68,1186
2025-06-21,AG-E-052,ภาคใต้,93,1616
2025-06-22,TK-A-001,กรุงเทพฯ,178,2851
2025-06-22,TK-A-001,ภาคกลาง,152,2294
2025-06-22,TK-A-001,ภาคตะวันออก,98,1671
2025-06-22,TK-A-001,ภาคเหนือ,93,1743
2025-06-22,TK-A-001,ภาคใต้,111,2183
2025-06-22,GL-B-014,กรุงเทพฯ,911,17789
2025-06-22,GL-B-014,ภาคกลาง,726,11718
2025-06-22,GL-B-014,ภาคตะวันออก,511,10372
2025-06-22,GL-B-014,ภาคเหนือ,490,8648
2025-06-22,GL-B-014,ภาคใต้,593,10249
2025-06-22,MK-C-028,กรุงเทพฯ,667,13204
2025-06-22,MK-C-028,ภาคกลาง,573,10486
2025-06-22,MK-C-028,ภาคตะวันออก,385,8221
2025-06-22,MK-C-028,ภาคเหนือ,325,6045
2025-06-22,MK-C-028,ภาคใต้,484,8141
2025-06-22,SY-D-039,กรุงเทพฯ,445,8318
2025-06-22,SY-D-039,ภาคกลาง,343,7116
2025-06-22,SY-D-039,ภาคตะวันออก,262,4643
2025-06-22,SY-D-039,ภาคเหนือ,261,3736
2025-06-22,SY-D-039,ภาคใต้,272,5379
2025-06-22,AG-E-052,กรุงเทพฯ,122,2705
2025-06-22,AG-E-052,ภาคกลาง,103,1932
2025-06-22,AG-E-052,ภาคตะวันออก,84,1616
2025-06-22,AG-E-052,ภาคเหนือ,69,1176
2025-06-22,AG-E-052,ภาคใต้,99,1553
2025-06-23,TK-A-001,กรุงเทพฯ,180,2914
2025-06-23,TK-A-001,ภาคกลาง,143,2361
2025-06-23,TK-A-001,ภาคตะวันออก,116,2020
2025-06-23,TK-A-001,ภาคเหนือ,96,1634
2025-06-23,TK-A-001,ภาคใต้,128,2255
2025-06-23,GL-B-014,กรุงเทพฯ,1021,14257
2025-06-23,GL-B-014,ภาคกลาง,789,11762
2025-06-23,GL-B-014,ภาคตะวันออก,524,10317
2025-06-23,GL-B-014,ภาคเหนือ,525,8859
2025-06-23,GL-B-014,ภาคใต้,571,11462
2025-06-23,MK-C-028,กรุงเทพฯ,615,12904
2025-06-23,MK-C-028,ภาคกลาง,582,10310
2025-06-23,MK-C-028,ภาคตะวันออก,436,7051
2025-06-23,MK-C-028,ภาคเหนือ,329,5889
2025-06-23,MK-C-028,ภาคใต้,420,7424
2025-06-23,SY-D-039,กรุงเทพฯ,417,8187
2025-06-23,SY-D-039,ภาคกลาง,360,6536
2025-06-23,SY-D-039,ภาคตะวันออก,255,4590
2025-06-23,SY-D-039,ภาคเหนือ,252,3832
2025-06-23,SY-D-039,ภาคใต้,296,5928
2025-06-23,AG-E-052,กรุงเทพฯ,132,2739
2025-06-23,AG-E-052,ภาคกลาง,110,2146
2025-06-23,AG-E-052,ภาคตะวันออก,79,1259
2025-06-23,AG-E-052,ภาคเหนือ,75,1284
2025-06-23,AG-E-052,ภาคใต้,91,1538
2025-06-24,TK-A-001,กรุงเทพฯ,180,2808
2025-06-24,TK-A-001,ภาคกลาง,131,2590
2025-06-24,TK-A-001,ภาคตะวันออก,111,2025
2025-06-24,TK-A-001,ภาคเหนือ,104,1660
2025-06-24,TK-A-001,ภาคใต้,119,2065
2025-06-24,GL-B-014,กรุงเทพฯ,937,18775
2025-06-24,GL-B-014,ภาคกลาง,741,14281
2025-06-24,GL-B-014,ภาคตะวันออก,530,11416
2025-06-24,GL-B-014,ภาคเหนือ,540,9943
2025-06-24,GL-B-014,ภาคใต้,641,12718
2025-06-24,MK-C-028,กรุงเทพฯ,650,10532
2025-06-24,MK-C-028,ภาคกลาง,488,8480
2025-06-24,MK-C-028,ภาคตะวันออก,377,8177
2025-06-24,MK-C-028,ภาคเหนือ,380,6116
2025-06-24,MK-C-028,ภาคใต้,490,8089
2025-06-24,SY-D-039,กรุงเทพฯ,457,8949
2025-06-24,SY-D-039,ภาคกลาง,329,5607
2025-06-24,SY-D-039,ภาคตะวันออก,262,4855
2025-06-24,SY-D-039,ภาคเหนือ,241,4672
2025-06-24,SY-D-039,ภาคใต้,324,6085
2025-06-24,AG-E-052,กรุงเทพฯ,133,2285
2025-06-24,AG-E-052,ภาคกลาง,107,1812
2025-06-24,AG-E-052,ภาคตะวันออก,79,1536
2025-06-24,AG-E-052,ภาคเหนือ,65,1163
2025-06-24,AG-E-052,ภาคใต้,96,1791
2025-06-25,TK-A-001,กรุงเทพฯ,181,2955
2025-06-25,TK-A-001,ภาคกลาง,152,2257
2025-06-25,TK-A-001,ภาคตะวันออก,117,2029
2025-06-25,TK-A-001,ภาคเหนือ,101,1860
2025-06-25,TK-A-001,ภาคใต้,130,2219
2025-06-25,GL-B-014,กรุงเทพฯ,1016,17522
2025-06-25,GL-B-014,ภาคกลาง,675,11499
2025-06-25,GL-B-014,ภาคตะวันออก,591,9693
2025-06-25,GL-B-014,ภาคเหนือ,534,9382
2025-06-25,GL-B-014,ภาคใต้,560,11616
2025-06-25,MK-C-028,กรุงเทพฯ,639,10822
2025-06-25,MK-C-028,ภาคกลาง,487,10336
2025-06-25,MK-C-028,ภาคตะวันออก,371,6602
2025-06-25,MK-C-028,ภาคเหนือ,391,5742
2025-06-25,MK-C-028,ภาคใต้,454,9140
2025-06-25,SY-D-039,กรุงเทพฯ,415,7836
2025-06-25,SY-D-039,ภาคกลาง,384,5952
2025-06-25,SY-D-039,ภาคตะวันออก,281,4681
2025-06-25,SY-D-039,ภาคเหนือ,227,4657
2025-06-25,SY-D-039,ภาคใต้,324,5665
2025-06-25,AG-E-052,กรุงเทพฯ,143,2360
2025-06-25,AG-E-052,ภาคกลาง,108,2171
2025-06-25,AG-E-052,ภาคตะวันออก,83,1655
2025-06-25,AG-E-052,ภาคเหนือ,74,1127
2025-06-25,AG-E-052,ภาคใต้,85,1528
2025-06-26,TK-A-001,กรุงเทพฯ,193,2971
2025-06-26,TK-A-001,ภาคกลาง,136,2725
2025-06-26,TK-A-001,ภาคตะวันออก,113,2211
2025-06-26,TK-A-001,ภาคเหนือ,100,1640
2025-06-26,TK-A-001,ภาคใต้,109,2298
2025-06-26,GL-B-014,กรุงเทพฯ,1003,14909
2025-06-26,GL-B-014,ภาคกลาง,675,14849
2025-06-26,GL-B-014,ภาคตะวันออก,585,10757
2025-06-26,GL-B-014,ภาคเหนือ,467,10127
2025-06-26,GL-B-014,ภาคใต้,674,9884
2025-06-26,MK-C-028,กรุงเทพฯ,698,12556
2025-06-26,MK-C-028,ภาคกลาง,544,8564
2025-06-26,MK-C-028,ภาคตะวันออก,368,6389
2025-06-26,MK-C-028,ภาคเหนือ,347,7013
2025-06-26,MK-C-028,ภาคใต้,465,7642
2025-06-26,SY-D-039,กรุงเทพฯ,460,6979
2025-06-26,SY-D-039,ภาคกลาง,331,7405
2025-06-26,SY-D-039,ภาคตะวันออก,247,5251
2025-06-26,SY-D-039,ภาคเหนือ,249,3828
2025-06-26,SY-D-039,ภาคใต้,319,4953
2025-06-26,AG-E-052,กรุงเทพฯ,130,2119
2025-06-26,AG-E-052,ภาคกลาง,109,2077
2025-06-26,AG-E-052,ภาคตะวันออก,87,1603
2025-06-26,AG-E-052,ภาคเหนือ,65,1400
2025-06-26,AG-E-052,ภาคใต้,94,1474
2025-06-27,TK-A-001,กรุงเทพฯ,195,2757
2025-06-27,TK-A-001,ภาคกลาง,148,2418
2025-06-27,TK-A-001,ภาคตะวันออก,106,2160
2025-06-27,TK-A-001,ภาคเหนือ,104,1519
2025-06-27,TK-A-001,ภาคใต้,122,2313
2025-06-27,GL-B-014,กรุงเทพฯ,992,16935
2025-06-27,GL-B-014,ภาคกลาง,804,14624
2025-06-27,GL-B-014,ภาคตะวันออก,614,10918
2025-06-27,GL-B-014,ภาคเหนือ,533,8251
2025-06-27,GL-B-014,ภาคใต้,612,12759
2025-06-27,MK-C-028,กรุงเทพฯ,739,11097
2025-06-27,MK-C-028,ภาคกลาง,510,10519
2025-06-27,MK-C-028,ภาคตะวันออก,396,7797
2025-06-27,MK-C-028,ภาคเหนือ,385,5636
2025-06-27,MK-C-028,ภาคใต้,421,8551
2025-06-27,SY-D-039,กรุงเทพฯ,483,6902
2025-06-27,SY-D-039,ภาคกลาง,395,6034
2025-06-27,SY-D-039,ภาคตะวันออก,293,4191
2025-06-27,SY-D-039,ภาคเหนือ,252,4597
2025-06-27,SY-D-039,ภาคใต้,277,5749
2025-06-27,AG-E-052,กรุงเทพฯ,129,2176
2025-06-27,AG-E-052,ภาคกลาง,101,1867
2025-06-27,AG-E-052,ภาคตะวันออก,83,1629
2025-06-27,AG-E-052,ภาคเหนือ,67,1107
2025-06-27,AG-E-052,ภาคใต้,92,1623
2025-06-28,TK-A-001,กรุงเทพฯ,165,2768
2025-06-28,TK-A-001,ภาคกลาง,156,2564
2025-06-28,TK-A-001,ภาคตะวันออก,117,1851
2025-06-28,TK-A-001,ภาคเหนือ,99,1599
2025-06-28,TK-A-001,ภาคใต้,115,2185
2025-06-28,GL-B-014,กรุงเทพฯ,878,15144
2025-06-28,GL-B-014,ภาคกลาง,761,14171
2025-06-28,GL-B-014,ภาคตะวันออก,591,9614
2025-06-28,GL-B-014,ภาคเหนือ,455,10243
2025-06-28,GL-B-014,ภาคใต้,583,11059
2025-06-28,MK-C-028,กรุงเทพฯ,675,12858
2025-06-28,MK-C-028,ภาคกลาง,545,9470
2025-06-28,MK-C-028,ภาคตะวันออก,429,7559
2025-06-28,MK-C-028,ภาคเหนือ,388,7255
2025-06-28,MK-C-028,ภาคใต้,430,7985
2025-06-28,SY-D-039,กรุงเทพฯ,413,8143
2025-06-28,SY-D-039,ภาคกลาง,344,6321
2025-06-28,SY-D-039,ภาคตะวันออก,270,5563
2025-06-28,SY-D-039,ภาคเหนือ,233,3998
2025-06-28,SY-D-039,ภาคใต้,273,5348
2025-06-28,AG-E-052,กรุงเทพฯ,136,2376
2025-06-28,AG-E-052,ภาคกลาง,116,1814
2025-06-28,AG-E-052,ภาคตะวันออก,76,1257
2025-06-28,AG-E-052,ภาคเหนือ,78,1209
2025-06-28,AG-E-052,ภาคใต้,86,1822
2025-06-29,TK-A-001,กรุงเทพฯ,177,3534
2025-06-29,TK-A-001,ภาคกลาง,148,2777
2025-06-29,TK-A-001,ภาคตะวันออก,98,2232
2025-06-29,TK-A-001,ภาคเหนือ,100,1640
2025-06-29,TK-A-001,ภาคใต้,120,2331
2025-06-29,GL-B-014,กรุงเทพฯ,939,16032
2025-06-29,GL-B-014,ภาคกลาง,691,14748
2025-06-29,GL-B-014,ภาคตะวันออก,514,8775
2025-06-29,GL-B-014,ภาคเหนือ,522,9186
2025-06-29,GL-B-014,ภาคใต้,585,12625
2025-06-29,MK-C-028,กรุงเทพฯ,685,12670
2025-06-29,MK-C-028,ภาคกลาง,578,8572
2025-06-29,MK-C-028,ภาคตะวันออก,409,6898
2025-06-29,MK-C-028,ภาคเหนือ,394,6047
2025-06-29,MK-C-028,ภาคใต้,475,8400
2025-06-29,SY-D-039,กรุงเทพฯ,417,7624
2025-06-29,SY-D-039,ภาคกลาง,340,5907
2025-06-29,SY-D-039,ภาคตะวันออก,288,4868
2025-06-29,SY-D-039,ภาคเหนือ,248,4245
2025-06-29,SY-D-039,ภาคใต้,329,5759
2025-06-29,AG-E-052,กรุงเทพฯ,146,2610
2025-06-29,AG-E-052,ภาคกลาง,103,1910
2025-06-29,AG-E-052,ภาคตะวันออก,79,1500
2025-06-29,AG-E-052,ภาคเหนือ,68,1331
2025-06-29,AG-E-052,ภาคใต้,96,1844
2025-06-30,TK-A-001,กรุงเทพฯ,163,3515
2025-06-30,TK-A-001,ภาคกลาง,149,2292
2025-06-30,TK-A-001,ภาคตะวันออก,110,1746
2025-06-30,TK-A-001,ภาคเหนือ,90,1980
2025-06-30,TK-A-001,ภาคใต้,126,1895
2025-06-30,GL-B-014,กรุงเทพฯ,978,17071
2025-06-30,GL-B-014,ภาคกลาง,789,12808
2025-06-30,GL-B-014,ภาคตะวันออก,569,11547
2025-06-30,GL-B-014,ภาคเหนือ,470,9215
2025-06-30,GL-B-014,ภาคใต้,669,10775
2025-06-30,MK-C-028,กรุงเทพฯ,710,11162
2025-06-30,MK-C-028,ภาคกลาง,504,9548
2025-06-30,MK-C-028,ภาคตะวันออก,373,8088
2025-06-30,MK-C-028,ภาคเหนือ,351,6486
2025-06-30,MK-C-028,ภาคใต้,480,7487
2025-06-30,SY-D-039,กรุงเทพฯ,407,8256
2025-06-30,SY-D-039,ภาคกลาง,394,5752
2025-06-30,SY-D-039,ภาคตะวันออก,252,4566
2025-06-30,SY-D-039,ภาคเหนือ,223,4156
2025-06-30,SY-D-039,ภาคใต้,297,5046
2025-06-30,AG-E-052,กรุงเทพฯ,136,2517
2025-06-30,AG-E-052,ภาคกลาง,99,2150
2025-06-30,AG-E-052,ภาคตะวันออก,88,1661
2025-06-30,AG-E-052,ภาคเหนือ,74,1231
2025-06-30,AG-E-052,ภาคใต้,94,1672
2025-07-01,TK-A-001,กรุงเทพฯ,178,3268
2025-07-01,TK-A-001,ภาคกลาง,133,2583
2025-07-01,TK-A-001,ภาคตะวันออก,118,2097
2025-07-01,TK-A-001,ภาคเหนือ,103,1594
2025-07-01,TK-A-001,ภาคใต้,121,2385
2025-07-01,GL-B-014,กรุงเทพฯ,941,14491
2025-07-01,GL-B-014,ภาคกลาง,780,14263
2025-07-01,GL-B-014,ภาคตะวันออก,514,9307
2025-07-01,GL-B-014,ภาคเหนือ,476,9439
2025-07-01,GL-B-014,ภาคใต้,662,11940
2025-07-01,MK-C-028,กรุงเทพฯ,692,12283
2025-07-01,MK-C-028,ภาคกลาง,548,9588
2025-07-01,MK-C-028,ภาคตะวันออก,434,7974
2025-07-01,MK-C-028,ภาคเหนือ,381,6933
2025-07-01,MK-C-028,ภาคใต้,464,7329
2025-07-01,SY-D-039,กรุงเทพฯ,488,6939
2025-07-01,SY-D-039,ภาคกลาง,360,6784
2025-07-01,SY-D-039,ภาคตะวันออก,254,4627
2025-07-01,SY-D-039,ภาคเหนือ,250,4917
2025-07-01,SY-D-039,ภาคใต้,316,5626
2025-07-01,AG-E-052,กรุงเทพฯ,126,2424
2025-07-01,AG-E-052,ภาคกลาง,111,2064
2025-07-01,AG-E-052,ภาคตะวันออก,82,1484
2025-07-01,AG-E-052,ภาคเหนือ,67,1264
2025-07-01,AG-E-052,ภาคใต้,93,1797
2025-07-02,TK-A-001,กรุงเทพฯ,164,3173
2025-07-02,TK-A-001,ภาคกลาง,147,2525
2025-07-02,TK-A-001,ภาคตะวันออก,105,2026
2025-07-02,TK-A-001,ภาคเหนือ,89,1650
2025-07-02,TK-A-001,ภาคใต้,132,2462
2025-07-02,GL-B-014,กรุงเทพฯ,1019,16015
2025-07-02,GL-B-014,ภาคกลาง,704,12681
2025-07-02,GL-B-014,ภาคตะวันออก,570,10439
2025-07-02,GL-B-014,ภาคเหนือ,462,9802
2025-07-02,GL-B-014,ภาคใต้,600,11520
2025-07-02,MK-C-028,กรุงเทพฯ,628,12442
2025-07-02,MK-C-028,ภาคกลาง,542,10839
2025-07-02,MK-C-028,ภาคตะวันออก,424,7541
2025-07-02,MK-C-028,ภาคเหนือ,341,5633
2025-07-02,MK-C-028,ภาคใต้,472,8846
2025-07-02,SY-D-039,กรุงเทพฯ,424,8024
2025-07-02,SY-D-039,ภาคกลาง,341,7181
2025-07-02,SY-D-039,ภาคตะวันออก,243,5444
2025-07-02,SY-D-039,ภาคเหนือ,251,4545
2025-07-02,SY-D-039,ภาคใต้,318,6121
2025-07-02,AG-E-052,กรุงเทพฯ,142,2555
2025-07-02,AG-E-052,ภาคกลาง,101,1935
2025-07-02,AG-E-052,ภาคตะวันออก,86,1647
2025-07-02,AG-E-052,ภาคเหนือ,75,1254
2025-07-02,AG-E-052,ภาคใต้,83,1471
2025-07-03,TK-A-001,กรุงเทพฯ,180,3345
2025-07-03,TK-A-001,ภาคกลาง,151,2233
2025-07-03,TK-A-001,ภาคตะวันออก,112,1678
2025-07-03,TK-A-001,ภาคเหนือ,88,1929
2025-07-03,TK-A-001,ภาคใต้,122,1853
2025-07-03,GL-B-014,กรุงเทพฯ,856,17118
2025-07-03,GL-B-014,ภาคกลาง,727,12324
2025-07-03,GL-B-014,ภาคตะวันออก,588,10406
2025-07-03,GL-B-014,ภาคเหนือ,544,8433
2025-07-03,GL-B-014,ภาคใต้,649,11183
2025-07-03,MK-C-028,กรุงเทพฯ,696,12740
2025-07-03,MK-C-028,ภาคกลาง,581,9892
2025-07-03,MK-C-028,ภาคตะวันออก,437,6262
2025-07-03,MK-C-028,ภาคเหนือ,373,5953
2025-07-03,MK-C-028,ภาคใต้,417,9212
2025-07-03,SY-D-039,กรุงเทพฯ,432,9045
2025-07-03,SY-D-039,ภาคกลาง,358,5881
2025-07-03,SY-D-039,ภาคตะวันออก,267,4774
2025-07-03,SY-D-039,ภาคเหนือ,246,4412
2025-07-03,SY-D-039,ภาคใต้,299,5136
2025-07-03,AG-E-052,กรุงเทพฯ,138,2118
2025-07-03,AG-E-052,ภาคกลาง,104,2134
2025-07-03,AG-E-052,ภาคตะวันออก,88,1663
2025-07-03,AG-E-052,ภาคเหนือ,66,1300
2025-07-03,AG-E-052,ภาคใต้,88,1524
2025-07-04,TK-A-001,กรุงเทพฯ,186,3282
2025-07-04,TK-A-001,ภาคกลาง,141,2311
2025-07-04,TK-A-001,ภาคตะวันออก,109,1677
2025-07-04,TK-A-001,ภาคเหนือ,105,1616
2025-07-04,TK-A-001,ภาคใต้,119,2186
2025-07-04,GL-B-014,กรุงเทพฯ,949,16361
2025-07-04,GL-B-014,ภาคกลาง,796,13657
2025-07-04,GL-B-014,ภาคตะวันออก,519,11306
2025-07-04,GL-B-014,ภาคเหนือ,495,9380
2025-07-04,GL-B-014,ภาคใต้,589,11648
2025-07-04,MK-C-028,กรุงเทพฯ,625,12068
2025-07-04,MK-C-028,ภาคกลาง,535,10174
2025-07-04,MK-C-028,ภาคตะวันออก,382,7537
2025-07-04,MK-C-028,ภาคเหนือ,330,6587
2025-07-04,MK-C-028,ภาคใต้,463,8177
2025-07-04,SY-D-039,กรุงเทพฯ,469,8914
2025-07-04,SY-D-039,ภาคกลาง,336,6751
2025-07-04,SY-D-039,ภาคตะวันออก,274,4997
2025-07-04,SY-D-039,ภาคเหนือ,244,3981
2025-07-04,SY-D-039,ภาคใต้,291,5174
2025-07-04,AG-E-052,กรุงเทพฯ,138,2175
2025-07-04,AG-E-052,ภาคกลาง,102,2216
2025-07-04,AG-E-052,ภาคตะวันออก,89,1274
2025-07-04,AG-E-052,ภาคเหนือ,66,1365
2025-07-04,AG-E-052,ภาคใต้,87,1404
2025-07-05,TK-A-001,กรุงเทพฯ,174,2777
2025-07-05,TK-A-001,ภาคกลาง,153,2614
2025-07-05,TK-A-001,ภาคตะวันออก,105,1686
2025-07-05,TK-A-001,ภาคเหนือ,95,1960
2025-07-05,TK-A-001,ภาคใต้,116,2458
2025-07-05,GL-B-014,กรุงเทพฯ,1004,18719
2025-07-05,GL-B-014,ภาคกลาง,681,12248
2025-07-05,GL-B-014,ภาคตะวันออก,508,8857
2025-07-05,GL-B-014,ภาคเหนือ,515,9791
2025-07-05,GL-B-014,ภาคใต้,584,12726
2025-07-05,MK-C-028,กรุงเทพฯ,628,11090
2025-07-05,MK-C-028,ภาคกลาง,531,9122
2025-07-05,MK-C-028,ภาคตะวันออก,408,8027
2025-07-05,MK-C-028,ภาคเหนือ,392,6455
2025-07-05,MK-C-028,ภาคใต้,454,8538
2025-07-05,SY-D-039,กรุงเทพฯ,473,7824
2025-07-05,SY-D-039,ภาคกลาง,363,5584
2025-07-05,SY-D-039,ภาคตะวันออก,286,4729
2025-07-05,SY-D-039,ภาคเหนือ,255,4177
2025-07-05,SY-D-039,ภาคใต้,288,5873
2025-07-05,AG-E-052,กรุงเทพฯ,138,2227
2025-07-05,AG-E-052,ภาคกลาง,104,1656
2025-07-05,AG-E-052,ภาคตะวันออก,77,1271
2025-07-05,AG-E-052,ภาคเหนือ,71,1376
2025-07-05,AG-E-052,ภาคใต้,83,1473
2025-07-06,TK-A-001,กรุงเทพฯ,171,3486
2025-07-06,TK-A-001,ภาคกลาง,147,2672
2025-07-06,TK-A-001,ภาคตะวันออก,116,1747
2025-07-06,TK-A-001,ภาคเหนือ,94,1659
2025-07-06,TK-A-001,ภาคใต้,131,1869
2025-07-06,GL-B-014,กรุงเทพฯ,889,16607
2025-07-06,GL-B-014,ภาคกลาง,775,15012
2025-07-06,GL-B-014,ภาคตะวันออก,550,10361
2025-07-06,GL-B-014,ภาคเหนือ,538,9594
2025-07-06,GL-B-014,ภาคใต้,597,11457
2025-07-06,MK-C-028,กรุงเทพฯ,739,10554
2025-07-06,MK-C-028,ภาคกลาง,523,9613
2025-07-06,MK-C-028,ภาคตะวันออก,399,7249
2025-07-06,MK-C-028,ภาคเหนือ,369,6214
2025-07-06,MK-C-028,ภาคใต้,473,8481
2025-07-06,SY-D-039,กรุงเทพฯ,409,8515
2025-07-06,SY-D-039,ภาคกลาง,324,7102
2025-07-06,SY-D-039,ภาคตะวันออก,245,4339
2025-07-06,SY-D-039,ภาคเหนือ,250,4833
2025-07-06,SY-D-039,ภาคใต้,277,6150
2025-07-06,AG-E-052,กรุงเทพฯ,128,2237
2025-07-06,AG-E-052,ภาคกลาง,114,2194
2025-07-06,AG-E-052,ภาคตะวันออก,81,1370
2025-07-06,AG-E-052,ภาคเหนือ,71,1184
2025-07-06,AG-E-052,ภาคใต้,90,1800
2025-07-07,TK-A-001,กรุงเทพฯ,183,3163
2025-07-07,TK-A-001,ภาคกลาง,139,2690
2025-07-07,TK-A-001,ภาคตะวันออก,102,2166
2025-07-07,TK-A-001,ภาคเหนือ,100,1539
2025-07-07,TK-A-001,ภาคใต้,114,2079
2025-07-07,GL-B-014,กรุงเทพฯ,951,17376
2025-07-07,GL-B-014,ภาคกลาง,769,14489
2025-07-07,GL-B-014,ภาคตะวันออก,536,8834
2025-07-07,GL-B-014,ภาคเหนือ,451,8285
2025-07-07,GL-B-014,ภาคใต้,617,11461
2025-07-07,MK-C-028,กรุงเทพฯ,657,10742
2025-07-07,MK-C-028,ภาคกลาง,497,10323
2025-07-07,MK-C-028,ภาคตะวันออก,380,6729
2025-07-07,MK-C-028,ภาคเหนือ,369,6904
2025-07-07,MK-C-028,ภาคใต้,487,9146
2025-07-07,SY-D-039,กรุงเทพฯ,435,8847
2025-07-07,SY-D-039,ภาคกลาง,356,6444
2025-07-07,SY-D-039,ภาคตะวันออก,247,4578
2025-07-07,SY-D-039,ภาคเหนือ,231,4645
2025-07-07,SY-D-039,ภาคใต้,312,6188
2025-07-07,AG-E-052,กรุงเทพฯ,145,2591
2025-07-07,AG-E-052,ภาคกลาง,118,2083
2025-07-07,AG-E-052,ภาคตะวันออก,73,1507
2025-07-07,AG-E-052,ภาคเหนือ,72,1187
2025-07-07,AG-E-052,ภาคใต้,85,1480
2025-07-08,TK-A-001,กรุงเทพฯ,179,3039
2025-07-08,TK-A-001,ภาคกลาง,136,2502
2025-07-08,TK-A-001,ภาคตะวันออก,115,1849
2025-07-08,TK-A-001,ภาคเหนือ,91,1960
2025-07-08,TK-A-001,ภาคใต้,130,2329
2025-07-08,GL-B-014,กรุงเทพฯ,849,16265
2025-07-08,GL-B-014,ภาคกลาง,789,12559
2025-07-08,GL-B-014,ภาคตะวันออก,602,9118
2025-07-08,GL-B-014,ภาคเหนือ,505,9940
2025-07-08,GL-B-014,ภาคใต้,585,10914
2025-07-08,MK-C-028,กรุงเทพฯ,734,11270
2025-07-08,MK-C-028,ภาคกลาง,562,9259
2025-07-08,MK-C-028,ภาคตะวันออก,441,7442
2025-07-08,MK-C-028,ภาคเหนือ,395,7206
2025-07-08,MK-C-028,ภาคใต้,444,8154
2025-07-08,SY-D-039,กรุงเทพฯ,445,7099
2025-07-08,SY-D-039,ภาคกลาง,380,5524
2025-07-08,SY-D-039,ภาคตะวันออก,248,4740
2025-07-08,SY-D-039,ภาคเหนือ,249,3932
2025-07-08,SY-D-039,ภาคใต้,292,6045
2025-07-08,AG-E-052,กรุงเทพฯ,134,2415
2025-07-08,AG-E-052,ภาคกลาง,98,2156
2025-07-08,AG-E-052,ภาคตะวันออก,85,1573
2025-07-08,AG-E-052,ภาคเหนือ,65,1414
2025-07-08,AG-E-052,ภาคใต้,83,1410
2025-07-09,TK-A-001,กรุงเทพฯ,190,3086
2025-07-09,TK-A-001,ภาคกลาง,158,2496
2025-07-09,TK-A-001,ภาคตะวันออก,114,1950
2025-07-09,TK-A-001,ภาคเหนือ,87,1545
2025-07-09,TK-A-001,ภาคใต้,118,2368
2025-07-09,GL-B-014,กรุงเทพฯ,927,14440
2025-07-09,GL-B-014,ภาคกลาง,756,14597
2025-07-09,GL-B-014,ภาคตะวันออก,525,10612
2025-07-09,GL-B-014,ภาคเหนือ,535,10093
2025-07-09,GL-B-014,ภาคใต้,560,11405
2025-07-09,MK-C-028,กรุงเทพฯ,683,11337
2025-07-09,MK-C-028,ภาคกลาง,543,9371
2025-07-09,MK-C-028,ภาคตะวันออก,430,6430
2025-07-09,MK-C-028,ภาคเหนือ,367,6211
2025-07-09,MK-C-028,ภาคใต้,420,7848
2025-07-09,SY-D-039,กรุงเทพฯ,454,8244
2025-07-09,SY-D-039,ภาคกลาง,348,5517
2025-07-09,SY-D-039,ภาคตะวันออก,264,5542
2025-07-09,SY-D-039,ภาคเหนือ,251,4737
2025-07-09,SY-D-039,ภาคใต้,328,6135
2025-07-09,AG-E-052,กรุงเทพฯ,148,2284
2025-07-09,AG-E-052,ภาคกลาง,109,1957
2025-07-09,AG-E-052,ภาคตะวันออก,85,1279
2025-07-09,AG-E-052,ภาคเหนือ,70,1196
2025-07-09,AG-E-052,ภาคใต้,96,1735
2025-07-10,TK-A-001,กรุงเทพฯ,167,3663
2025-07-10,TK-A-001,ภาคกลาง,145,2668
2025-07-10,TK-A-001,ภาคตะวันออก,114,1898
2025-07-10,TK-A-001,ภาคเหนือ,92,1737
2025-07-10,TK-A-001,ภาคใต้,113,2438
2025-07-10,GL-B-014,กรุงเทพฯ,956,18620
2025-07-10,GL-B-014,ภาคกลาง,769,15341
2025-07-10,GL-B-014,ภาคตะวันออก,562,8556
2025-07-10,GL-B-014,ภาคเหนือ,524,9906
2025-07-10,GL-B-014,ภาคใต้,654,10171
2025-07-10,MK-C-028,กรุงเทพฯ,701,13699
2025-07-10,MK-C-028,ภาคกลาง,519,10383
2025-07-10,MK-C-028,ภาคตะวันออก,366,7085
2025-07-10,MK-C-028,ภาคเหนือ,334,6546
2025-07-10,MK-C-028,ภาคใต้,454,8175
2025-07-10,SY-D-039,กรุงเทพฯ,453,8581
2025-07-10,SY-D-039,ภาคกลาง,353,7395
2025-07-10,SY-D-039,ภาคตะวันออก,274,5152
2025-07-10,SY-D-039,ภาคเหนือ,217,3689
2025-07-10,SY-D-039,ภาคใต้,288,4681
2025-07-10,AG-E-052,กรุงเทพฯ,148,2074
2025-07-10,AG-E-052,ภาคกลาง,98,2221
2025-07-10,AG-E-052,ภาคตะวันออก,89,1648
2025-07-10,AG-E-052,ภาคเหนือ,72,1106
2025-07-10,AG-E-052,ภาคใต้,94,1427
2025-07-11,TK-A-001,กรุงเทพฯ,191,3641
2025-07-11,TK-A-001,ภาคกลาง,143,2552
2025-07-11,TK-A-001,ภาคตะวันออก,116,1713
2025-07-11,TK-A-001,ภาคเหนือ,102,1906
2025-07-11,TK-A-001,ภาคใต้,112,2177
2025-07-11,GL-B-014,กรุงเทพฯ,1015,16077
2025-07-11,GL-B-014,ภาคกลาง,675,14503
2025-07-11,GL-B-014,ภาคตะวันออก,521,10239
2025-07-11,GL-B-014,ภาคเหนือ,512,9608
2025-07-11,GL-B-014,ภาคใต้,609,9561
2025-07-11,MK-C-028,กรุงเทพฯ,673,11271
2025-07-11,MK-C-028,ภาคกลาง,582,10769
2025-07-11,MK-C-028,ภาคตะวันออก,365,6763
2025-07-11,MK-C-028,ภาคเหนือ,373,7345
2025-07-11,MK-C-028,ภาคใต้,459,8745
2025-07-11,SY-D-039,กรุงเทพฯ,483,9120
2025-07-11,SY-D-039,ภาคกลาง,348,6537
2025-07-11,SY-D-039,ภาคตะวันออก,287,4665
2025-07-11,SY-D-039,ภาคเหนือ,218,3680
2025-07-11,SY-D-039,ภาคใต้,293,5700
2025-07-11,AG-E-052,กรุงเทพฯ,129,2280
2025-07-11,AG-E-052,ภาคกลาง,107,1956
2025-07-11,AG-E-052,ภาคตะวันออก,85,1242
2025-07-11,AG-E-052,ภาคเหนือ,76,1416
2025-07-11,AG-E-052,ภาคใต้,88,1501
2025-07-12,TK-A-001,กรุงเทพฯ,175,3499
2025-07-12,TK-A-001,ภาคกลาง,142,2392
2025-07-12,TK-A-001,ภาคตะวันออก,105,1901
2025-07-12,TK-A-001,ภาคเหนือ,94,1531
2025-07-12,TK-A-001,ภาคใต้,128,2168
2025-07-12,GL-B-014,กรุงเทพฯ,983,14688
2025-07-12,GL-B-014,ภาคกลาง,794,14421
2025-07-12,GL-B-014,ภาคตะวันออก,564,11444
2025-07-12,GL-B-014,ภาคเหนือ,495,10194
2025-07-12,GL-B-014,ภาคใต้,569,11455
2025-07-12,MK-C-028,กรุงเทพฯ,699,12096
2025-07-12,MK-C-028,ภาคกลาง,501,10874
2025-07-12,MK-C-028,ภาคตะวันออก,421,7749
2025-07-12,MK-C-028,ภาคเหนือ,356,6475
2025-07-12,MK-C-028,ภาคใต้,470,9296
2025-07-12,SY-D-039,กรุงเทพฯ,409,6952
2025-07-12,SY-D-039,ภาคกลาง,360,5538
2025-07-12,SY-D-039,ภาคตะวันออก,275,5152
2025-07-12,SY-D-039,ภาคเหนือ,231,4149
2025-07-12,SY-D-039,ภาคใต้,279,5846
2025-07-12,AG-E-052,กรุงเทพฯ,128,2128
2025-07-12,AG-E-052,ภาคกลาง,103,2172
2025-07-12,AG-E-052,ภาคตะวันออก,77,1351
2025-07-12,AG-E-052,ภาคเหนือ,69,1279
2025-07-12,AG-E-052,ภาคใต้,91,1384
2025-07-13,TK-A-001,กรุงเทพฯ,168,3321
2025-07-13,TK-A-001,ภาคกลาง,134,2593
2025-07-13,TK-A-001,ภาคตะวันออก,109,1776
2025-07-13,TK-A-001,ภาคเหนือ,89,1784
2025-07-13,TK-A-001,ภาคใต้,116,2122
2025-07-13,GL-B-014,กรุงเทพฯ,896,17309
2025-07-13,GL-B-014,ภาคกลาง,735,12290
2025-07-13,GL-B-014,ภาคตะวันออก,588,11536
2025-07-13,GL-B-014,ภาคเหนือ,478,10012
2025-07-13,GL-B-014,ภาคใต้,589,9628
2025-07-13,MK-C-028,กรุงเทพฯ,662,11326
2025-07-13,MK-C-028,ภาคกลาง,534,8439
2025-07-13,MK-C-028,ภาคตะวันออก,422,6504
2025-07-13,MK-C-028,ภาคเหนือ,385,6027
2025-07-13,MK-C-028,ภาคใต้,491,8282
2025-07-13,SY-D-039,กรุงเทพฯ,432,8573
2025-07-13,SY-D-039,ภาคกลาง,348,6098
2025-07-13,SY-D-039,ภาคตะวันออก,286,5142
2025-07-13,SY-D-039,ภาคเหนือ,236,4910
2025-07-13,SY-D-039,ภาคใต้,323,5957
2025-07-13,AG-E-052,กรุงเทพฯ,122,2143
2025-07-13,AG-E-052,ภาคกลาง,98,1868
2025-07-13,AG-E-052,ภาคตะวันออก,75,1384
2025-07-13,AG-E-052,ภาคเหนือ,70,1250
2025-07-13,AG-E-052,ภาคใต้,97,1720
2025-07-14,TK-A-001,กรุงเทพฯ,168,3252
2025-07-14,TK-A-001,ภาคกลาง,140,2585
2025-07-14,TK-A-001,ภาคตะวันออก,113,2115
2025-07-14,TK-A-001,ภาคเหนือ,88,1936
2025-07-14,TK-A-001,ภาคใต้,114,2380
2025-07-14,GL-B-014,กรุงเทพฯ,963,15295
2025-07-14,GL-B-014,ภาคกลาง,716,14056
2025-07-14,GL-B-014,ภาคตะวันออก,560,10458
2025-07-14,GL-B-014,ภาคเหนือ,456,9533
2025-07-14,GL-B-014,ภาคใต้,658,11715
2025-07-14,MK-C-028,กรุงเทพฯ,738,13952
2025-07-14,MK-C-028,ภาคกลาง,536,10707
2025-07-14,MK-C-028,ภาคตะวันออก,385,6558
2025-07-14,MK-C-028,ภาคเหนือ,344,5799
2025-07-14,MK-C-028,ภาคใต้,471,7631
2025-07-14,SY-D-039,กรุงเทพฯ,438,8180
2025-07-14,SY-D-039,ภาคกลาง,367,6563
2025-07-14,SY-D-039,ภาคตะวันออก,268,4321
2025-07-14,SY-D-039,ภาคเหนือ,228,4436
2025-07-14,SY-D-039,ภาคใต้,324,5083
2025-07-14,AG-E-052,กรุงเทพฯ,126,2231
2025-07-14,AG-E-052,ภาคกลาง,101,1998
2025-07-14,AG-E-052,ภาคตะวันออก,80,1254
2025-07-14,AG-E-052,ภาคเหนือ,73,1122
2025-07-14,AG-E-052,ภาคใต้,83,1846
2025-07-15,TK-A-001,กรุงเทพฯ,196,3445
2025-07-15,TK-A-001,ภาคกลาง,132,2665
2025-07-15,TK-A-001,ภาคตะวันออก,98,1689
2025-07-15,TK-A-001,ภาคเหนือ,96,1522
2025-07-15,TK-A-001,ภาคใต้,125,2369
2025-07-15,GL-B-014,กรุงเทพฯ,948,16003
2025-07-15,GL-B-014,ภาคกลาง,795,12955
2025-07-15,GL-B-014,ภาคตะวันออก,559,10353
2025-07-15,GL-B-014,ภาคเหนือ,465,9526
2025-07-15,GL-B-014,ภาคใต้,658,11856
2025-07-15,MK-C-028,กรุงเทพฯ,726,12393
2025-07-15,MK-C-028,ภาคกลาง,519,10845
2025-07-15,MK-C-028,ภาคตะวันออก,432,6782
2025-07-15,MK-C-028,ภาคเหนือ,379,6210
2025-07-15,MK-C-028,ภาคใต้,420,8328
2025-07-15,SY-D-039,กรุงเทพฯ,431,8056
2025-07-15,SY-D-039,ภาคกลาง,334,6064
2025-07-15,SY-D-039,ภาคตะวันออก,281,4318
2025-07-15,SY-D-039,ภาคเหนือ,238,4034
2025-07-15,SY-D-039,ภาคใต้,282,5387
2025-07-15,AG-E-052,กรุงเทพฯ,143,2658
2025-07-15,AG-E-052,ภาคกลาง,118,1978
2025-07-15,AG-E-052,ภาคตะวันออก,76,1618
2025-07-15,AG-E-052,ภาคเหนือ,72,1437
2025-07-15,AG-E-052,ภาคใต้,85,1683
2025-07-16,TK-A-001,กรุงเทพฯ,163,3105
2025-07-16,TK-A-001,ภาคกลาง,137,2964
2025-07-16,TK-A-001,ภาคตะวันออก,106,1930
2025-07-16,TK-A-001,ภาคเหนือ,99,1529
2025-07-16,TK-A-001,ภาคใต้,124,2263
2025-07-16,GL-B-014,กรุงเทพฯ,1014,18679
2025-07-16,GL-B-014,ภาคกลาง,779,11578
2025-07-16,GL-B-014,ภาคตะวันออก,605,9790
2025-07-16,GL-B-014,ภาคเหนือ,455,7686
2025-07-16,GL-B-014,ภาคใต้,669,9727
2025-07-16,MK-C-028,กรุงเทพฯ,725,13402
2025-07-16,MK-C-028,ภาคกลาง,563,10933
2025-07-16,MK-C-028,ภาคตะวันออก,369,7094
2025-07-16,MK-C-028,ภาคเหนือ,343,5740
2025-07-16,MK-C-028,ภาคใต้,452,7367
2025-07-16,SY-D-039,กรุงเทพฯ,438,6981
2025-07-16,SY-D-039,ภาคกลาง,345,6900
2025-07-16,SY-D-039,ภาคตะวันออก,277,5457
2025-07-16,SY-D-039,ภาคเหนือ,227,4788
2025-07-16,SY-D-039,ภาคใต้,287,5152
2025-07-16,AG-E-052,กรุงเทพฯ,143,2354
2025-07-16,AG-E-052,ภาคกลาง,106,1728
2025-07-16,AG-E-052,ภาคตะวันออก,73,1301
2025-07-16,AG-E-052,ภาคเหนือ,78,1472
2025-07-16,AG-E-052,ภาคใต้,85,1722
2025-07-17,TK-A-001,กรุงเทพฯ,194,2849
2025-07-17,TK-A-001,ภาคกลาง,158,2881
2025-07-17,TK-A-001,ภาคตะวันออก,100,1799
2025-07-17,TK-A-001,ภาคเหนือ,94,1912
2025-07-17,TK-A-001,ภาคใต้,125,2415
2025-07-17,GL-B-014,กรุงเทพฯ,881,15167
2025-07-17,GL-B-014,ภาคกลาง,755,15269
2025-07-17,GL-B-014,ภาคตะวันออก,588,11219
2025-07-17,GL-B-014,ภาคเหนือ,542,9754
2025-07-17,GL-B-014,ภาคใต้,621,9842
2025-07-17,MK-C-028,กรุงเทพฯ,613,12132
2025-07-17,MK-C-028,ภาคกลาง,493,9691
2025-07-17,MK-C-028,ภาคตะวันออก,442,6429
2025-07-17,MK-C-028,ภาคเหนือ,336,7334
2025-07-17,MK-C-028,ภาคใต้,479,8284
2025-07-17,SY-D-039,กรุงเทพฯ,493,8090
2025-07-17,SY-D-039,ภาคกลาง,352,5691
2025-07-17,SY-D-039,ภาคตะวันออก,248,4853
2025-07-17,SY-D-039,ภาคเหนือ,237,4024
2025-07-17,SY-D-039,ภาคใต้,319,5053
2025-07-17,AG-E-052,กรุงเทพฯ,125,2434
2025-07-17,AG-E-052,ภาคกลาง,112,1716
2025-07-17,AG-E-052,ภาคตะวันออก,88,1352
2025-07-17,AG-E-052,ภาคเหนือ,70,1473
2025-07-17,AG-E-052,ภาคใต้,93,1474
2025-07-18,TK-A-001,กรุงเทพฯ,163,3222
2025-07-18,TK-A-001,ภาคกลาง,154,2533
2025-07-18,TK-A-001,ภาคตะวันออก,110,1836
2025-07-18,TK-A-001,ภาคเหนือ,103,1558
2025-07-18,TK-A-001,ภาคใต้,127,2047
2025-07-18,GL-B-014,กรุงเทพฯ,955,18220
2025-07-18,GL-B-014,ภาคกลาง,789,14161
2025-07-18,GL-B-014,ภาคตะวันออก,577,11177
2025-07-18,GL-B-014,ภาคเหนือ,515,9821
2025-07-18,GL-B-014,ภาคใต้,635,12005
2025-07-18,MK-C-028,กรุงเทพฯ,651,12344
2025-07-18,MK-C-028,ภาคกลาง,487,10751
2025-07-18,MK-C-028,ภาคตะวันออก,406,8272
2025-07-18,MK-C-028,ภาคเหนือ,372,6641
2025-07-18,MK-C-028,ภาคใต้,470,9162
2025-07-18,SY-D-039,กรุงเทพฯ,444,8560
2025-07-18,SY-D-039,ภาคกลาง,365,6398
2025-07-18,SY-D-039,ภาคตะวันออก,259,4607
2025-07-18,SY-D-039,ภาคเหนือ,258,4572
2025-07-18,SY-D-039,ภาคใต้,287,5020
2025-07-18,AG-E-052,กรุงเทพฯ,122,2711
2025-07-18,AG-E-052,ภาคกลาง,105,2204
2025-07-18,AG-E-052,ภาคตะวันออก,74,1479
2025-07-18,AG-E-052,ภาคเหนือ,72,1232
2025-07-18,AG-E-052,ภาคใต้,87,1479
2025-07-19,TK-A-001,กรุงเทพฯ,174,3532
2025-07-19,TK-A-001,ภาคกลาง,137,2949
2025-07-19,TK-A-001,ภาคตะวันออก,113,1893
2025-07-19,TK-A-001,ภาคเหนือ,102,1673
2025-07-19,TK-A-001,ภาคใต้,112,2124
2025-07-19,GL-B-014,กรุงเทพฯ,900,18315
2025-07-19,GL-B-014,ภาคกลาง,740,15232
2025-07-19,GL-B-014,ภาคตะวันออก,610,10682
2025-07-19,GL-B-014,ภาคเหนือ,506,9525
2025-07-19,GL-B-014,ภาคใต้,627,12532
2025-07-19,MK-C-028,กรุงเทพฯ,648,13603
2025-07-19,MK-C-028,ภาคกลาง,538,10907
2025-07-19,MK-C-028,ภาคตะวันออก,382,6619
2025-07-19,MK-C-028,ภาคเหนือ,382,6035
2025-07-19,MK-C-028,ภาคใต้,483,7972
2025-07-19,SY-D-039,กรุงเทพฯ,463,7260
2025-07-19,SY-D-039,ภาคกลาง,388,7161
2025-07-19,SY-D-039,ภาคตะวันออก,251,4511
2025-07-19,SY-D-039,ภาคเหนือ,240,3979
2025-07-19,SY-D-039,ภาคใต้,280,5942
2025-07-19,AG-E-052,กรุงเทพฯ,146,2189
2025-07-19,AG-E-052,ภาคกลาง,106,1953
2025-07-19,AG-E-052,ภาคตะวันออก,78,1575
2025-07-19,AG-E-052,ภาคเหนือ,65,1149
2025-07-19,AG-E-052,ภาคใต้,92,1601
2025-07-20,TK-A-001,กรุงเทพฯ,185,3427
2025-07-20,TK-A-001,ภาคกลาง,155,2331
2025-07-20,TK-A-001,ภาคตะวันออก,103,1876
2025-07-20,TK-A-001,ภาคเหนือ,96,1744
2025-07-20,TK-A-001,ภาคใต้,129,1847
2025-07-20,GL-B-014,กรุงเทพฯ,905,15522
2025-07-20,GL-B-014,ภาคกลาง,689,12968
2025-07-20,GL-B-014,ภาคตะวันออก,524,10538
2025-07-20,GL-B-014,ภาคเหนือ,537,9368
2025-07-20,GL-B-014,ภาคใต้,623,12688
2025-07-20,MK-C-028,กรุงเทพฯ,711,11653
2025-07-20,MK-C-028,ภาคกลาง,549,10936
2025-07-20,MK-C-028,ภาคตะวันออก,437,8228
2025-07-20,MK-C-028,ภาคเหนือ,389,7362
2025-07-20,MK-C-028,ภาคใต้,455,8753
2025-07-20,SY-D-039,กรุงเทพฯ,478,8626
2025-07-20,SY-D-039,ภาคกลาง,347,5949
2025-07-20,SY-D-039,ภาคตะวันออก,287,5201
2025-07-20,SY-D-039,ภาคเหนือ,220,3682
2025-07-20,SY-D-039,ภาคใต้,313,5849
2025-07-20,AG-E-052,กรุงเทพฯ,147,2721
2025-07-20,AG-E-052,ภาคกลาง,115,2174
2025-07-20,AG-E-052,ภาคตะวันออก,80,1617
2025-07-20,AG-E-052,ภาคเหนือ,77,1231
2025-07-20,AG-E-052,ภาคใต้,92,1782
2025-07-21,TK-A-001,กรุงเทพฯ,192,3514
2025-07-21,TK-A-001,ภาคกลาง,138,2808
2025-07-21,TK-A-001,ภาคตะวันออก,118,2044
2025-07-21,TK-A-001,ภาคเหนือ,97,1930
2025-07-21,TK-A-001,ภาคใต้,121,2119
2025-07-21,GL-B-014,กรุงเทพฯ,921,18939
2025-07-21,GL-B-014,ภาคกลาง,725,15381
2025-07-21,GL-B-014,ภาคตะวันออก,517,8994
2025-07-21,GL-B-014,ภาคเหนือ,536,9881
2025-07-21,GL-B-014,ภาคใต้,566,10088
2025-07-21,MK-C-028,กรุงเทพฯ,668,12456
2025-07-21,MK-C-028,ภาคกลาง,519,11120
2025-07-21,MK-C-028,ภาคตะวันออก,410,7432
2025-07-21,MK-C-028,ภาคเหนือ,332,6867
2025-07-21,MK-C-028,ภาคใต้,493,7548
2025-07-21,SY-D-039,กรุงเทพฯ,467,9025
2025-07-21,SY-D-039,ภาคกลาง,347,6480
2025-07-21,SY-D-039,ภาคตะวันออก,290,4972
2025-07-21,SY-D-039,ภาคเหนือ,262,3988
2025-07-21,SY-D-039,ภาคใต้,323,4895
2025-07-21,AG-E-052,กรุงเทพฯ,148,2218
2025-07-21,AG-E-052,ภาคกลาง,110,1721
2025-07-21,AG-E-052,ภาคตะวันออก,74,1296
2025-07-21,AG-E-052,ภาคเหนือ,77,1319
2025-07-21,AG-E-052,ภาคใต้,94,1550
2025-07-22,TK-A-001,กรุงเทพฯ,195,2754
2025-07-22,TK-A-001,ภาคกลาง,143,2536
2025-07-22,TK-A-001,ภาคตะวันออก,100,1814
2025-07-22,TK-A-001,ภาคเหนือ,90,1755
2025-07-22,TK-A-001,ภาคใต้,128,1991
2025-07-22,GL-B-014,กรุงเทพฯ,933,15402
2025-07-22,GL-B-014,ภาคกลาง,777,12895
2025-07-22,GL-B-014,ภาคตะวันออก,596,9977
2025-07-22,GL-B-014,ภาคเหนือ,470,10169
2025-07-22,GL-B-014,ภาคใต้,643,10415
2025-07-22,MK-C-028,กรุงเทพฯ,630,12403
2025-07-22,MK-C-028,ภาคกลาง,517,9264
2025-07-22,MK-C-028,ภาคตะวันออก,429,8380
2025-07-22,MK-C-028,ภาคเหนือ,345,6050
2025-07-22,MK-C-028,ภาคใต้,441,9295
2025-07-22,SY-D-039,กรุงเทพฯ,481,8442
2025-07-22,SY-D-039,ภาคกลาง,383,6039
2025-07-22,SY-D-039,ภาคตะวันออก,279,5024
2025-07-22,SY-D-039,ภาคเหนือ,233,4657
2025-07-22,SY-D-039,ภาคใต้,316,4941
2025-07-22,AG-E-052,กรุงเทพฯ,128,2086
2025-07-22,AG-E-052,ภาคกลาง,117,1821
2025-07-22,AG-E-052,ภาคตะวันออก,83,1388
2025-07-22,AG-E-052,ภาคเหนือ,66,1358
2025-07-22,AG-E-052,ภาคใต้,92,1787
2025-07-23,TK-A-001,กรุงเทพฯ,174,2988
2025-07-23,TK-A-001,ภาคกลาง,142,2771
2025-07-23,TK-A-001,ภาคตะวันออก,118,2231
2025-07-23,TK-A-001,ภาคเหนือ,87,1715
2025-07-23,TK-A-001,ภาคใต้,111,2441
2025-07-23,GL-B-014,กรุงเทพฯ,871,16486
2025-07-23,GL-B-014,ภาคกลาง,763,14164
2025-07-23,GL-B-014,ภาคตะวันออก,560,10062
2025-07-23,GL-B-014,ภาคเหนือ,454,8320
2025-07-23,GL-B-014,ภาคใต้,633,10671
2025-07-23,MK-C-028,กรุงเทพฯ,710,10328
2025-07-23,MK-C-028,ภาคกลาง,486,10624
2025-07-23,MK-C-028,ภาคตะวันออก,393,8036
2025-07-23,MK-C-028,ภาคเหนือ,371,5990
2025-07-23,MK-C-028,ภาคใต้,468,8256
2025-07-23,SY-D-039,กรุงเทพฯ,464,8891
2025-07-23,SY-D-039,ภาคกลาง,343,6349
2025-07-23,SY-D-039,ภาคตะวันออก,270,4596
2025-07-23,SY-D-039,ภาคเหนือ,261,4170
2025-07-23,SY-D-039,ภาคใต้,281,5632
2025-07-23,AG-E-052,กรุงเทพฯ,130,2729
2025-07-23,AG-E-052,ภาคกลาง,113,1875
2025-07-23,AG-E-052,ภาคตะวันออก,79,1271
2025-07-23,AG-E-052,ภาคเหนือ,68,1455
2025-07-23,AG-E-052,ภาคใต้,97,1557
2025-07-24,TK-A-001,กรุงเทพฯ,174,3662
2025-07-24,TK-A-001,ภาคกลาง,158,2530
2025-07-24,TK-A-001,ภาคตะวันออก,114,1964
2025-07-24,TK-A-001,ภาคเหนือ,97,1791
2025-07-24,TK-A-001,ภาคใต้,112,1852
2025-07-24,GL-B-014,กรุงเทพฯ,861,15713
2025-07-24,GL-B-014,ภาคกลาง,767,12276
2025-07-24,GL-B-014,ภาคตะวันออก,610,11481
2025-07-24,GL-B-014,ภาคเหนือ,539,10109
2025-07-24,GL-B-014,ภาคใต้,615,12252
2025-07-24,MK-C-028,กรุงเทพฯ,633,13263
2025-07-24,MK-C-028,ภาคกลาง,498,9294
2025-07-24,MK-C-028,ภาคตะวันออก,432,7713
2025-07-24,MK-C-028,ภาคเหนือ,346,7292
2025-07-24,MK-C-028,ภาคใต้,467,7850
2025-07-24,SY-D-039,กรุงเทพฯ,437,8572
2025-07-24,SY-D-039,ภาคกลาง,379,6150
2025-07-24,SY-D-039,ภาคตะวันออก,279,4239
2025-07-24,SY-D-039,ภาคเหนือ,227,4130
2025-07-24,SY-D-039,ภาคใต้,327,5709
2025-07-24,AG-E-052,กรุงเทพฯ,145,2105
2025-07-24,AG-E-052,ภาคกลาง,114,1962
2025-07-24,AG-E-052,ภาคตะวันออก,79,1261
2025-07-24,AG-E-052,ภาคเหนือ,66,1424
2025-07-24,AG-E-052,ภาคใต้,82,1451
2025-07-25,TK-A-001,กรุงเทพฯ,169,3438
2025-07-25,TK-A-001,ภาคกลาง,158,2564
2025-07-25,TK-A-001,ภาคตะวันออก,109,2083
2025-07-25,TK-A-001,ภาคเหนือ,98,1853
2025-07-25,TK-A-001,ภาคใต้,119,2451
2025-07-25,GL-B-014,กรุงเทพฯ,870,17173
2025-07-25,GL-B-014,ภาคกลาง,671,14848
2025-07-25,GL-B-014,ภาคตะวันออก,597,9519
2025-07-25,GL-B-014,ภาคเหนือ,489,9290
2025-07-25,GL-B-014,ภาคใต้,569,11569
2025-07-25,MK-C-028,กรุงเทพฯ,687,11911
2025-07-25,MK-C-028,ภาคกลาง,570,8747
2025-07-25,MK-C-028,ภาคตะวันออก,439,7346
2025-07-25,MK-C-028,ภาคเหนือ,328,5554
2025-07-25,MK-C-028,ภาคใต้,440,8753
2025-07-25,SY-D-039,กรุงเทพฯ,495,8002
2025-07-25,SY-D-039,ภาคกลาง,338,6441
2025-07-25,SY-D-039,ภาคตะวันออก,274,4606
2025-07-25,SY-D-039,ภาคเหนือ,230,4792
2025-07-25,SY-D-039,ภาคใต้,296,5131
2025-07-25,AG-E-052,กรุงเทพฯ,144,2401
2025-07-25,AG-E-052,ภาคกลาง,107,2117
2025-07-25,AG-E-052,ภาคตะวันออก,80,1380
2025-07-25,AG-E-052,ภาคเหนือ,69,1357
2025-07-25,AG-E-052,ภาคใต้,86,1793
2025-07-26,TK-A-001,กรุงเทพฯ,165,3627
2025-07-26,TK-A-001,ภาคกลาง,134,2645
2025-07-26,TK-A-001,ภาคตะวันออก,100,2032
2025-07-26,TK-A-001,ภาคเหนือ,100,1529
2025-07-26,TK-A-001,ภาคใต้,120,2204
2025-07-26,GL-B-014,กรุงเทพฯ,984,16275
2025-07-26,GL-B-014,ภาคกลาง,759,12704
2025-07-26,GL-B-014,ภาคตะวันออก,606,10638
2025-07-26,GL-B-014,ภาคเหนือ,535,8395
2025-07-26,GL-B-014,ภาคใต้,624,12369
2025-07-26,MK-C-028,กรุงเทพฯ,728,13014
2025-07-26,MK-C-028,ภาคกลาง,518,9213
2025-07-26,MK-C-028,ภาคตะวันออก,435,6306
2025-07-26,MK-C-028,ภาคเหนือ,346,6176
2025-07-26,MK-C-028,ภาคใต้,466,6912
2025-07-26,SY-D-039,กรุงเทพฯ,457,8265
2025-07-26,SY-D-039,ภาคกลาง,392,7343
2025-07-26,SY-D-039,ภาคตะวันออก,244,4331
2025-07-26,SY-D-039,ภาคเหนือ,235,3990
2025-07-26,SY-D-039,ภาคใต้,283,5745
2025-07-26,AG-E-052,กรุงเทพฯ,122,2654
2025-07-26,AG-E-052,ภาคกลาง,105,1759
2025-07-26,AG-E-052,ภาคตะวันออก,81,1315
2025-07-26,AG-E-052,ภาคเหนือ,68,1481
2025-07-26,AG-E-052,ภาคใต้,98,1621
2025-07-27,TK-A-001,กรุงเทพฯ,169,2936
2025-07-27,TK-A-001,ภาคกลาง,155,2721
2025-07-27,TK-A-001,ภาคตะวันออก,109,2234
2025-07-27,TK-A-001,ภาคเหนือ,90,1508
2025-07-27,TK-A-001,ภาคใต้,122,1857
2025-07-27,GL-B-014,กรุงเทพฯ,873,14392
2025-07-27,GL-B-014,ภาคกลาง,691,14112
2025-07-27,GL-B-014,ภาคตะวันออก,549,10717
2025-07-27,GL-B-014,ภาคเหนือ,459,8958
2025-07-27,GL-B-014,ภาคใต้,602,9969
2025-07-27,MK-C-028,กรุงเทพฯ,660,11454
2025-07-27,MK-C-028,ภาคกลาง,531,9920
2025-07-27,MK-C-028,ภาคตะวันออก,388,6989
2025-07-27,MK-C-028,ภาคเหนือ,332,6215
2025-07-27,MK-C-028,ภาคใต้,435,6910
2025-07-27,SY-D-039,กรุงเทพฯ,473,7480
2025-07-27,SY-D-039,ภาคกลาง,386,6729
2025-07-27,SY-D-039,ภาคตะวันออก,273,4554
2025-07-27,SY-D-039,ภาคเหนือ,231,4325
2025-07-27,SY-D-039,ภาคใต้,313,5074
2025-07-27,AG-E-052,กรุงเทพฯ,128,2298
2025-07-27,AG-E-052,ภาคกลาง,117,1836
2025-07-27,AG-E-052,ภาคตะวันออก,75,1317
2025-07-27,AG-E-052,ภาคเหนือ,69,1259
2025-07-27,AG-E-052,ภาคใต้,83,1567
2025-07-28,TK-A-001,กรุงเทพฯ,164,3719
2025-07-28,TK-A-001,ภาคกลาง,131,2570
2025-07-28,TK-A-001,ภาคตะวันออก,98,1876
2025-07-28,TK-A-001,ภาคเหนือ,104,1489
2025-07-28,TK-A-001,ภาคใต้,122,1979
2025-07-28,GL-B-014,กรุงเทพฯ,997,17144
2025-07-28,GL-B-014,ภาคกลาง,719,11580
2025-07-28,GL-B-014,ภาคตะวันออก,579,9433
2025-07-28,GL-B-014,ภาคเหนือ,480,8212
2025-07-28,GL-B-014,ภาคใต้,563,11006
2025-07-28,MK-C-028,กรุงเทพฯ,654,13445
2025-07-28,MK-C-028,ภาคกลาง,532,11061
2025-07-28,MK-C-028,ภาคตะวันออก,412,7090
2025-07-28,MK-C-028,ภาคเหนือ,336,5754
2025-07-28,MK-C-028,ภาคใต้,433,7750
2025-07-28,SY-D-039,กรุงเทพฯ,423,8839
2025-07-28,SY-D-039,ภาคกลาง,382,7241
2025-07-28,SY-D-039,ภาคตะวันออก,294,4641
2025-07-28,SY-D-039,ภาคเหนือ,251,4299
2025-07-28,SY-D-039,ภาคใต้,314,4808
2025-07-28,AG-E-052,กรุงเทพฯ,144,2080
2025-07-28,AG-E-052,ภาคกลาง,115,1967
2025-07-28,AG-E-052,ภาคตะวันออก,85,1518
2025-07-28,AG-E-052,ภาคเหนือ,72,1349
2025-07-28,AG-E-052,ภาคใต้,97,1654
2025-07-29,TK-A-001,กรุงเทพฯ,169,2787
2025-07-29,TK-A-001,ภาคกลาง,141,2654
2025-07-29,TK-A-001,ภาคตะวันออก,107,1969
2025-07-29,TK-A-001,ภาคเหนือ,102,1891
2025-07-29,TK-A-001,ภาคใต้,111,2271
2025-07-29,GL-B-014,กรุงเทพฯ,892,15002
2025-07-29,GL-B-014,ภาคกลาง,718,11812
2025-07-29,GL-B-014,ภาคตะวันออก,520,9718
2025-07-29,GL-B-014,ภาคเหนือ,512,9375
2025-07-29,GL-B-014,ภาคใต้,663,12194
2025-07-29,MK-C-028,กรุงเทพฯ,655,11791
2025-07-29,MK-C-028,ภาคกลาง,550,11143
2025-07-29,MK-C-028,ภาคตะวันออก,414,7985
2025-07-29,MK-C-028,ภาคเหนือ,395,7322
2025-07-29,MK-C-028,ภาคใต้,476,7900
2025-07-29,SY-D-039,กรุงเทพฯ,424,8897
2025-07-29,SY-D-039,ภาคกลาง,331,5523
2025-07-29,SY-D-039,ภาคตะวันออก,285,4145
2025-07-29,SY-D-039,ภาคเหนือ,255,4297
2025-07-29,SY-D-039,ภาคใต้,325,6186
2025-07-29,AG-E-052,กรุงเทพฯ,133,2088
2025-07-29,AG-E-052,ภาคกลาง,99,1988
2025-07-29,AG-E-052,ภาคตะวันออก,73,1670
2025-07-29,AG-E-052,ภาคเหนือ,78,1296
2025-07-29,AG-E-052,ภาคใต้,94,1730
2025-07-30,TK-A-001,กรุงเทพฯ,172,3725
2025-07-30,TK-A-001,ภาคกลาง,145,2528
2025-07-30,TK-A-001,ภาคตะวันออก,104,1832
2025-07-30,TK-A-001,ภาคเหนือ,87,1691
2025-07-30,TK-A-001,ภาคใต้,113,1880
2025-07-30,GL-B-014,กรุงเทพฯ,956,17933
2025-07-30,GL-B-014,ภาคกลาง,739,15369
2025-07-30,GL-B-014,ภาคตะวันออก,606,10702
2025-07-30,GL-B-014,ภาคเหนือ,530,8628
2025-07-30,GL-B-014,ภาคใต้,559,9554
2025-07-30,MK-C-028,กรุงเทพฯ,608,11534
2025-07-30,MK-C-028,ภาคกลาง,569,9740
2025-07-30,MK-C-028,ภาคตะวันออก,401,7506
2025-07-30,MK-C-028,ภาคเหนือ,355,6376
2025-07-30,MK-C-028,ภาคใต้,428,8519
2025-07-30,SY-D-039,กรุงเทพฯ,457,7886
2025-07-30,SY-D-039,ภาคกลาง,355,6277
2025-07-30,SY-D-039,ภาคตะวันออก,252,4991
2025-07-30,SY-D-039,ภาคเหนือ,225,3819
2025-07-30,SY-D-039,ภาคใต้,288,5332
2025-07-30,AG-E-052,กรุงเทพฯ,133,2336
2025-07-30,AG-E-052,ภาคกลาง,115,1666
2025-07-30,AG-E-052,ภาคตะวันออก,75,1456
2025-07-30,AG-E-052,ภาคเหนือ,76,1135
2025-07-30,AG-E-052,ภาคใต้,90,1698
2025-07-31,TK-A-001,กรุงเทพฯ,191,2977
2025-07-31,TK-A-001,ภาคกลาง,156,2368
2025-07-31,TK-A-001,ภาคตะวันออก,103,1930
2025-07-31,TK-A-001,ภาคเหนือ,92,1681
2025-07-31,TK-A-001,ภาคใต้,118,2378
2025-07-31,GL-B-014,กรุงเทพฯ,925,18364
2025-07-31,GL-B-014,ภาคกลาง,735,12108
2025-07-31,GL-B-014,ภาคตะวันออก,524,8680
2025-07-31,GL-B-014,ภาคเหนือ,476,8000
2025-07-31,GL-B-014,ภาคใต้,587,11135
2025-07-31,MK-C-028,กรุงเทพฯ,734,10596
2025-07-31,MK-C-028,ภาคกลาง,573,9363
2025-07-31,MK-C-028,ภาคตะวันออก,420,6257
2025-07-31,MK-C-028,ภาคเหนือ,326,5953
2025-07-31,MK-C-028,ภาคใต้,466,8365
2025-07-31,SY-D-039,กรุงเทพฯ,424,8033
2025-07-31,SY-D-039,ภาคกลาง,328,5521
2025-07-31,SY-D-039,ภาคตะวันออก,257,5506
2025-07-31,SY-D-039,ภาคเหนือ,241,4182
2025-07-31,SY-D-039,ภาคใต้,297,5223
2025-07-31,AG-E-052,กรุงเทพฯ,133,2664
2025-07-31,AG-E-052,ภาคกลาง,102,1837
2025-07-31,AG-E-052,ภาคตะวันออก,82,1270
2025-07-31,AG-E-052,ภาคเหนือ,65,1375
2025-07-31,AG-E-052,ภาคใต้,83,1460
2025-08-01,TK-A-001,กรุงเทพฯ,170,3226
2025-08-01,TK-A-001,ภาคกลาง,157,2608
2025-08-01,TK-A-001,ภาคตะวันออก,107,2134
2025-08-01,TK-A-001,ภาคเหนือ,92,1902
2025-08-01,TK-A-001,ภาคใต้,110,2180
2025-08-01,GL-B-014,กรุงเทพฯ,923,16060
2025-08-01,GL-B-014,ภาคกลาง,798,12097
2025-08-01,GL-B-014,ภาคตะวันออก,587,8781
2025-08-01,GL-B-014,ภาคเหนือ,493,9705
2025-08-01,GL-B-014,ภาคใต้,601,12143
2025-08-01,MK-C-028,กรุงเทพฯ,715,10821
2025-08-01,MK-C-028,ภาคกลาง,543,9421
2025-08-01,MK-C-028,ภาคตะวันออก,395,8319
2025-08-01,MK-C-028,ภาคเหนือ,390,6867
2025-08-01,MK-C-028,ภาคใต้,480,8866
2025-08-01,SY-D-039,กรุงเทพฯ,491,8183
2025-08-01,SY-D-039,ภาคกลาง,371,5675
2025-08-01,SY-D-039,ภาคตะวันออก,278,4307
2025-08-01,SY-D-039,ภาคเหนือ,238,4525
2025-08-01,SY-D-039,ภาคใต้,290,5976
2025-08-01,AG-E-052,กรุงเทพฯ,138,2210
2025-08-01,AG-E-052,ภาคกลาง,117,1657
2025-08-01,AG-E-052,ภาคตะวันออก,88,1602
2025-08-01,AG-E-052,ภาคเหนือ,66,1104
2025-08-01,AG-E-052,ภาคใต้,93,1850
2025-08-02,TK-A-001,กรุงเทพฯ,166,3034
2025-08-02,TK-A-001,ภาคกลาง,136,2541
2025-08-02,TK-A-001,ภาคตะวันออก,108,2172
2025-08-02,TK-A-001,ภาคเหนือ,89,1498
2025-08-02,TK-A-001,ภาคใต้,121,2004
2025-08-02,GL-B-014,กรุงเทพฯ,856,16941
2025-08-02,GL-B-014,ภาคกลาง,710,15249
2025-08-02,GL-B-014,ภาคตะวันออก,594,9263
2025-08-02,GL-B-014,ภาคเหนือ,529,8328
2025-08-02,GL-B-014,ภาคใต้,559,9542
2025-08-02,MK-C-028,กรุงเทพฯ,618,13348
2025-08-02,MK-C-028,ภาคกลาง,501,9652
2025-08-02,MK-C-028,ภาคตะวันออก,419,7882
2025-08-02,MK-C-028,ภาคเหนือ,350,5869
2025-08-02,MK-C-028,ภาคใต้,427,7292
2025-08-02,SY-D-039,กรุงเทพฯ,477,8510
2025-08-02,SY-D-039,ภาคกลาง,357,6612
2025-08-02,SY-D-039,ภาคตะวันออก,279,4544
2025-08-02,SY-D-039,ภาคเหนือ,251,4908
2025-08-02,SY-D-039,ภาคใต้,322,5071
2025-08-02,AG-E-052,กรุงเทพฯ,130,2446
2025-08-02,AG-E-052,ภาคกลาง,114,2082
2025-08-02,AG-E-052,ภาคตะวันออก,84,1240
2025-08-02,AG-E-052,ภาคเหนือ,76,1432
2025-08-02,AG-E-052,ภาคใต้,92,1603
2025-08-03,TK-A-001,กรุงเทพฯ,172,2997
2025-08-03,TK-A-001,ภาคกลาง,144,2841
2025-08-03,TK-A-001,ภาคตะวันออก,108,1692
2025-08-03,TK-A-001,ภาคเหนือ,92,1710
2025-08-03,TK-A-001,ภาคใต้,124,2294
2025-08-03,GL-B-014,กรุงเทพฯ,976,18120
2025-08-03,GL-B-014,ภาคกลาง,749,11383
2025-08-03,GL-B-014,ภาคตะวันออก,558,9742
2025-08-03,GL-B-014,ภาคเหนือ,449,9950
2025-08-03,GL-B-014,ภาคใต้,586,11386
2025-08-03,MK-C-028,กรุงเทพฯ,650,13503
2025-08-03,MK-C-028,ภาคกลาง,582,10709
2025-08-03,MK-C-028,ภาคตะวันออก,398,8310
2025-08-03,MK-C-028,ภาคเหนือ,387,5568
2025-08-03,MK-C-028,ภาคใต้,439,8750
2025-08-03,SY-D-039,กรุงเทพฯ,451,7482
2025-08-03,SY-D-039,ภาคกลาง,354,7272
2025-08-03,SY-D-039,ภาคตะวันออก,253,4462
2025-08-03,SY-D-039,ภาคเหนือ,252,3836
2025-08-03,SY-D-039,ภาคใต้,284,5369
2025-08-03,AG-E-052,กรุงเทพฯ,144,2471
2025-08-03,AG-E-052,ภาคกลาง,100,2159
2025-08-03,AG-E-052,ภาคตะวันออก,78,1260
2025-08-03,AG-E-052,ภาคเหนือ,75,1347
2025-08-03,AG-E-052,ภาคใต้,85,1684
2025-08-04,TK-A-001,กรุงเทพฯ,185,2794
2025-08-04,TK-A-001,ภาคกลาง,142,2521
2025-08-04,TK-A-001,ภาคตะวันออก,118,1733
2025-08-04,TK-A-001,ภาคเหนือ,105,1726
2025-08-04,TK-A-001,ภาคใต้,127,1998
2025-08-04,GL-B-014,กรุงเทพฯ,868,18239
2025-08-04,GL-B-014,ภาคกลาง,739,12397
2025-08-04,GL-B-014,ภาคตะวันออก,576,10778
2025-08-04,GL-B-014,ภาคเหนือ,484,9655
2025-08-04,GL-B-014,ภาคใต้,586,10353
2025-08-04,MK-C-028,กรุงเทพฯ,716,13188
2025-08-04,MK-C-028,ภาคกลาง,523,10013
2025-08-04,MK-C-028,ภาคตะวันออก,370,6888
2025-08-04,MK-C-028,ภาคเหนือ,354,7152
2025-08-04,MK-C-028,ภาคใต้,491,7336
2025-08-04,SY-D-039,กรุงเทพฯ,429,7217
2025-08-04,SY-D-039,ภาคกลาง,345,5532
2025-08-04,SY-D-039,ภาคตะวันออก,265,5581
2025-08-04,SY-D-039,ภาคเหนือ,219,4873
2025-08-04,SY-D-039,ภาคใต้,327,5063
2025-08-04,AG-E-052,กรุงเทพฯ,134,2571
2025-08-04,AG-E-052,ภาคกลาง,108,2062
2025-08-04,AG-E-052,ภาคตะวันออก,86,1326
2025-08-04,AG-E-052,ภาคเหนือ,68,1379
2025-08-04,AG-E-052,ภาคใต้,98,1622
2025-08-05,TK-A-001,กรุงเทพฯ,182,3265
2025-08-05,TK-A-001,ภาคกลาง,136,2920
2025-08-05,TK-A-001,ภาคตะวันออก,103,1892
2025-08-05,TK-A-001,ภาคเหนือ,95,1891
2025-08-05,TK-A-001,ภาคใต้,126,2082
2025-08-05,GL-B-014,กรุงเทพฯ,927,14563
2025-08-05,GL-B-014,ภาคกลาง,682,12214
2025-08-05,GL-B-014,ภาคตะวันออก,516,9882
2025-08-05,GL-B-014,ภาคเหนือ,521,8028
2025-08-05,GL-B-014,ภาคใต้,629,10452
2025-08-05,MK-C-028,กรุงเทพฯ,664,10427
2025-08-05,MK-C-028,ภาคกลาง,489,8906
2025-08-05,MK-C-028,ภาคตะวันออก,407,6620
2025-08-05,MK-C-028,ภาคเหนือ,335,7215
2025-08-05,MK-C-028,ภาคใต้,428,9267
2025-08-05,SY-D-039,กรุงเทพฯ,441,8844
2025-08-05,SY-D-039,ภาคกลาง,366,6361
2025-08-05,SY-D-039,ภาคตะวันออก,277,4156
2025-08-05,SY-D-039,ภาคเหนือ,223,4007
2025-08-05,SY-D-039,ภาคใต้,285,6025
2025-08-05,AG-E-052,กรุงเทพฯ,125,2493
2025-08-05,AG-E-052,ภาคกลาง,117,1859
2025-08-05,AG-E-052,ภาคตะวันออก,84,1612
2025-08-05,AG-E-052,ภาคเหนือ,75,1349
2025-08-05,AG-E-052,ภาคใต้,85,1818
2025-08-06,TK-A-001,กรุงเทพฯ,191,3615
2025-08-06,TK-A-001,ภาคกลาง,156,2262
2025-08-06,TK-A-001,ภาคตะวันออก,115,1955
2025-08-06,TK-A-001,ภาคเหนือ,88,1954
2025-08-06,TK-A-001,ภาคใต้,124,1938
2025-08-06,GL-B-014,กรุงเทพฯ,853,18767
2025-08-06,GL-B-014,ภาคกลาง,803,12927
2025-08-06,GL-B-014,ภาคตะวันออก,554,11450
2025-08-06,GL-B-014,ภาคเหนือ,544,9655
2025-08-06,GL-B-014,ภาคใต้,561,9891
2025-08-06,MK-C-028,กรุงเทพฯ,687,13550
2025-08-06,MK-C-028,ภาคกลาง,489,9316
2025-08-06,MK-C-028,ภาคตะวันออก,393,6650
2025-08-06,MK-C-028,ภาคเหนือ,326,6069
2025-08-06,MK-C-028,ภาคใต้,431,7383
2025-08-06,SY-D-039,กรุงเทพฯ,480,8507
2025-08-06,SY-D-039,ภาคกลาง,395,7375
2025-08-06,SY-D-039,ภาคตะวันออก,272,4883
2025-08-06,SY-D-039,ภาคเหนือ,228,3809
2025-08-06,SY-D-039,ภาคใต้,321,5477
2025-08-06,AG-E-052,กรุงเทพฯ,143,2785
2025-08-06,AG-E-052,ภาคกลาง,118,1682
2025-08-06,AG-E-052,ภาคตะวันออก,77,1359
2025-08-06,AG-E-052,ภาคเหนือ,73,1307
2025-08-06,AG-E-052,ภาคใต้,85,1603
2025-08-07,TK-A-001,กรุงเทพฯ,180,3412
2025-08-07,TK-A-001,ภาคกลาง,151,2972
2025-08-07,TK-A-001,ภาคตะวันออก,113,1972
2025-08-07,TK-A-001,ภาคเหนือ,90,1916
2025-08-07,TK-A-001,ภาคใต้,112,2440
2025-08-07,GL-B-014,กรุงเทพฯ,970,14736
2025-08-07,GL-B-014,ภาคกลาง,799,12752
2025-08-07,GL-B-014,ภาคตะวันออก,521,9534
2025-08-07,GL-B-014,ภาคเหนือ,530,7932
2025-08-07,GL-B-014,ภาคใต้,674,10573
2025-08-07,MK-C-028,กรุงเทพฯ,640,12523
2025-08-07,MK-C-028,ภาคกลาง,536,9404
2025-08-07,MK-C-028,ภาคตะวันออก,374,6613
2025-08-07,MK-C-028,ภาคเหนือ,386,7140
2025-08-07,MK-C-028,ภาคใต้,463,9300
2025-08-07,SY-D-039,กรุงเทพฯ,411,9205
2025-08-07,SY-D-039,ภาคกลาง,369,6111
2025-08-07,SY-D-039,ภาคตะวันออก,249,4435
2025-08-07,SY-D-039,ภาคเหนือ,231,4898
2025-08-07,SY-D-039,ภาคใต้,281,5621
2025-08-07,AG-E-052,กรุงเทพฯ,126,2361
2025-08-07,AG-E-052,ภาคกลาง,108,2004
2025-08-07,AG-E-052,ภาคตะวันออก,87,1360
2025-08-07,AG-E-052,ภาคเหนือ,70,1255
2025-08-07,AG-E-052,ภาคใต้,98,1570
2025-08-08,TK-A-001,กรุงเทพฯ,183,3092
2025-08-08,TK-A-001,ภาคกลาง,142,2689
2025-08-08,TK-A-001,ภาคตะวันออก,116,1930
2025-08-08,TK-A-001,ภาคเหนือ,103,1622
2025-08-08,TK-A-001,ภาคใต้,128,2337
2025-08-08,GL-B-014,กรุงเทพฯ,939,17707
2025-08-08,GL-B-014,ภาคกลาง,705,14109
2025-08-08,GL-B-014,ภาคตะวันออก,507,8852
2025-08-08,GL-B-014,ภาคเหนือ,472,8605
2025-08-08,GL-B-014,ภาคใต้,628,10508
2025-08-08,MK-C-028,กรุงเทพฯ,693,13682
2025-08-08,MK-C-028,ภาคกลาง,488,9808
2025-08-08,MK-C-028,ภาคตะวันออก,430,6889
2025-08-08,MK-C-028,ภาคเหนือ,374,6045
2025-08-08,MK-C-028,ภาคใต้,438,7189
2025-08-08,SY-D-039,กรุงเทพฯ,444,8119
2025-08-08,SY-D-039,ภาคกลาง,332,5851
2025-08-08,SY-D-039,ภาคตะวันออก,262,4264
2025-08-08,SY-D-039,ภาคเหนือ,250,4218
2025-08-08,SY-D-039,ภาคใต้,303,5466
2025-08-08,AG-E-052,กรุงเทพฯ,145,2135
2025-08-08,AG-E-052,ภาคกลาง,108,1887
2025-08-08,AG-E-052,ภาคตะวันออก,78,1523
2025-08-08,AG-E-052,ภาคเหนือ,77,1432
2025-08-08,AG-E-052,ภาคใต้,97,1458
2025-08-09,TK-A-001,กรุงเทพฯ,164,3076
2025-08-09,TK-A-001,ภาคกลาง,132,2348
2025-08-09,TK-A-001,ภาคตะวันออก,115,1847
2025-08-09,TK-A-001,ภาคเหนือ,94,1560
2025-08-09,TK-A-001,ภาคใต้,117,2223
2025-08-09,GL-B-014,กรุงเทพฯ,841,14621
2025-08-09,GL-B-014,ภาคกลาง,739,12801
2025-08-09,GL-B-014,ภาคตะวันออก,556,10464
2025-08-09,GL-B-014,ภาคเหนือ,519,8754
2025-08-09,GL-B-014,ภาคใต้,559,11124
2025-08-09,MK-C-028,กรุงเทพฯ,668,11441
2025-08-09,MK-C-028,ภาคกลาง,524,8706
2025-08-09,MK-C-028,ภาคตะวันออก,443,6970
2025-08-09,MK-C-028,ภาคเหนือ,372,6404
2025-08-09,MK-C-028,ภาคใต้,471,6974
2025-08-09,SY-D-039,กรุงเทพฯ,473,7037
2025-08-09,SY-D-039,ภาคกลาง,335,6835
2025-08-09,SY-D-039,ภาคตะวันออก,273,5566
2025-08-09,SY-D-039,ภาคเหนือ,245,3735
2025-08-09,SY-D-039,ภาคใต้,314,5311
2025-08-09,AG-E-052,กรุงเทพฯ,129,2755
2025-08-09,AG-E-052,ภาคกลาง,117,1876
2025-08-09,AG-E-052,ภาคตะวันออก,84,1469
2025-08-09,AG-E-052,ภาคเหนือ,77,1254
2025-08-09,AG-E-052,ภาคใต้,82,1397
2025-08-10,TK-A-001,กรุงเทพฯ,169,2771
2025-08-10,TK-A-001,ภาคกลาง,156,2336
2025-08-10,TK-A-001,ภาคตะวันออก,103,2016
2025-08-10,TK-A-001,ภาคเหนือ,100,1590
2025-08-10,TK-A-001,ภาคใต้,125,2019
2025-08-10,GL-B-014,กรุงเทพฯ,987,18554
2025-08-10,GL-B-014,ภาคกลาง,807,12945
2025-08-10,GL-B-014,ภาคตะวันออก,609,11459
2025-08-10,GL-B-014,ภาคเหนือ,486,10109
2025-08-10,GL-B-014,ภาคใต้,624,9838
2025-08-10,MK-C-028,กรุงเทพฯ,722,12924
2025-08-10,MK-C-028,ภาคกลาง,488,9676
2025-08-10,MK-C-028,ภาคตะวันออก,418,7842
2025-08-10,MK-C-028,ภาคเหนือ,341,6131
2025-08-10,MK-C-028,ภาคใต้,455,9127
2025-08-10,SY-D-039,กรุงเทพฯ,451,7477
2025-08-10,SY-D-039,ภาคกลาง,332,6330
2025-08-10,SY-D-039,ภาคตะวันออก,259,5475
2025-08-10,SY-D-039,ภาคเหนือ,227,4333
2025-08-10,SY-D-039,ภาคใต้,309,4882
2025-08-10,AG-E-052,กรุงเทพฯ,140,2695
2025-08-10,AG-E-052,ภาคกลาง,113,1781
2025-08-10,AG-E-052,ภาคตะวันออก,80,1368
2025-08-10,AG-E-052,ภาคเหนือ,70,1396
2025-08-10,AG-E-052,ภาคใต้,88,1747
2025-08-11,TK-A-001,กรุงเทพฯ,187,2891
2025-08-11,TK-A-001,ภาคกลาง,143,2901
2025-08-11,TK-A-001,ภาคตะวันออก,108,2136
2025-08-11,TK-A-001,ภาคเหนือ,98,1713
2025-08-11,TK-A-001,ภาคใต้,128,2315
2025-08-11,GL-B-014,กรุงเทพฯ,1019,16946
2025-08-11,GL-B-014,ภาคกลาง,696,12735
2025-08-11,GL-B-014,ภาคตะวันออก,611,9141
2025-08-11,GL-B-014,ภาคเหนือ,542,9051
2025-08-11,GL-B-014,ภาคใต้,628,9981
2025-08-11,MK-C-028,กรุงเทพฯ,622,13187
2025-08-11,MK-C-028,ภาคกลาง,562,9808
2025-08-11,MK-C-028,ภาคตะวันออก,424,7766
2025-08-11,MK-C-028,ภาคเหนือ,370,6976
2025-08-11,MK-C-028,ภาคใต้,490,8246
2025-08-11,SY-D-039,กรุงเทพฯ,471,7450
2025-08-11,SY-D-039,ภาคกลาง,338,7443
2025-08-11,SY-D-039,ภาคตะวันออก,295,4490
2025-08-11,SY-D-039,ภาคเหนือ,254,3734
2025-08-11,SY-D-039,ภาคใต้,279,5247
2025-08-11,AG-E-052,กรุงเทพฯ,138,2418
2025-08-11,AG-E-052,ภาคกลาง,113,1880
2025-08-11,AG-E-052,ภาคตะวันออก,86,1485
2025-08-11,AG-E-052,ภาคเหนือ,70,1460
2025-08-11,AG-E-052,ภาคใต้,86,1491
2025-08-12,TK-A-001,กรุงเทพฯ,168,2944
2025-08-12,TK-A-001,ภาคกลาง,147,2274
2025-08-12,TK-A-001,ภาคตะวันออก,114,1762
2025-08-12,TK-A-001,ภาคเหนือ,96,1808
2025-08-12,TK-A-001,ภาคใต้,128,2210
2025-08-12,GL-B-014,กรุงเทพฯ,869,18503
2025-08-12,GL-B-014,ภาคกลาง,807,12239
2025-08-12,GL-B-014,ภาคตะวันออก,523,10680
2025-08-12,GL-B-014,ภาคเหนือ,474,8483
2025-08-12,GL-B-014,ภาคใต้,606,11698
2025-08-12,MK-C-028,กรุงเทพฯ,668,10330
2025-08-12,MK-C-028,ภาคกลาง,522,11059
2025-08-12,MK-C-028,ภาคตะวันออก,402,7155
2025-08-12,MK-C-028,ภาคเหนือ,389,5738
2025-08-12,MK-C-028,ภาคใต้,433,7469
2025-08-12,SY-D-039,กรุงเทพฯ,469,7814
2025-08-12,SY-D-039,ภาคกลาง,367,6758
2025-08-12,SY-D-039,ภาคตะวันออก,293,5001
2025-08-12,SY-D-039,ภาคเหนือ,254,4086
2025-08-12,SY-D-039,ภาคใต้,282,4656
2025-08-12,AG-E-052,กรุงเทพฯ,137,2353
2025-08-12,AG-E-052,ภาคกลาง,102,1683
2025-08-12,AG-E-052,ภาคตะวันออก,88,1521
2025-08-12,AG-E-052,ภาคเหนือ,77,1309
2025-08-12,AG-E-052,ภาคใต้,83,1408
2025-08-13,TK-A-001,กรุงเทพฯ,195,3378
2025-08-13,TK-A-001,ภาคกลาง,147,2419
2025-08-13,TK-A-001,ภาคตะวันออก,101,1813
2025-08-13,TK-A-001,ภาคเหนือ,88,1720
2025-08-13,TK-A-001,ภาคใต้,127,1936
2025-08-13,GL-B-014,กรุงเทพฯ,872,18664
2025-08-13,GL-B-014,ภาคกลาง,762,13737
2025-08-13,GL-B-014,ภาคตะวันออก,509,10969
2025-08-13,GL-B-014,ภาคเหนือ,459,8269
2025-08-13,GL-B-014,ภาคใต้,629,12786
2025-08-13,MK-C-028,กรุงเทพฯ,691,12460
2025-08-13,MK-C-028,ภาคกลาง,547,10212
2025-08-13,MK-C-028,ภาคตะวันออก,443,7382
2025-08-13,MK-C-028,ภาคเหนือ,330,6566
2025-08-13,MK-C-028,ภาคใต้,434,9100
2025-08-13,SY-D-039,กรุงเทพฯ,463,8505
2025-08-13,SY-D-039,ภาคกลาง,349,6323
2025-08-13,SY-D-039,ภาคตะวันออก,279,5352
2025-08-13,SY-D-039,ภาคเหนือ,262,3990
2025-08-13,SY-D-039,ภาคใต้,307,4836
2025-08-13,AG-E-052,กรุงเทพฯ,137,2629
2025-08-13,AG-E-052,ภาคกลาง,114,2036
2025-08-13,AG-E-052,ภาคตะวันออก,80,1522
2025-08-13,AG-E-052,ภาคเหนือ,71,1231
2025-08-13,AG-E-052,ภาคใต้,91,1603
2025-08-14,TK-A-001,กรุงเทพฯ,191,3557
2025-08-14,TK-A-001,ภาคกลาง,158,2749
2025-08-14,TK-A-001,ภาคตะวันออก,110,2054
2025-08-14,TK-A-001,ภาคเหนือ,90,1805
2025-08-14,TK-A-001,ภาคใต้,111,1842
2025-08-14,GL-B-014,กรุงเทพฯ,989,16728
2025-08-14,GL-B-014,ภาคกลาง,799,14203
2025-08-14,GL-B-014,ภาคตะวันออก,599,11169
2025-08-14,GL-B-014,ภาคเหนือ,491,9886
2025-08-14,GL-B-014,ภาคใต้,665,10768
2025-08-14,MK-C-028,กรุงเทพฯ,625,13596
2025-08-14,MK-C-028,ภาคกลาง,491,8352
2025-08-14,MK-C-028,ภาคตะวันออก,383,7182
2025-08-14,MK-C-028,ภาคเหนือ,370,6607
2025-08-14,MK-C-028,ภาคใต้,415,7354
2025-08-14,SY-D-039,กรุงเทพฯ,473,7102
2025-08-14,SY-D-039,ภาคกลาง,329,5623
2025-08-14,SY-D-039,ภาคตะวันออก,248,4873
2025-08-14,SY-D-039,ภาคเหนือ,246,4413
2025-08-14,SY-D-039,ภาคใต้,287,5650
2025-08-14,AG-E-052,กรุงเทพฯ,124,2222
2025-08-14,AG-E-052,ภาคกลาง,109,1738
2025-08-14,AG-E-052,ภาคตะวันออก,78,1264
2025-08-14,AG-E-052,ภาคเหนือ,79,1233
2025-08-14,AG-E-052,ภาคใต้,95,1423
2025-08-15,TK-A-001,กรุงเทพฯ,187,3636
2025-08-15,TK-A-001,ภาคกลาง,156,2980
2025-08-15,TK-A-001,ภาคตะวันออก,115,2199
2025-08-15,TK-A-001,ภาคเหนือ,89,1585
2025-08-15,TK-A-001,ภาคใต้,124,2193
2025-08-15,GL-B-014,กรุงเทพฯ,894,17692
2025-08-15,GL-B-014,ภาคกลาง,762,13129
2025-08-15,GL-B-014,ภาคตะวันออก,595,9980
2025-08-15,GL-B-014,ภาคเหนือ,464,9797
2025-08-15,GL-B-014,ภาคใต้,654,10375
2025-08-15,MK-C-028,กรุงเทพฯ,681,13231
2025-08-15,MK-C-028,ภาคกลาง,551,9461
2025-08-15,MK-C-028,ภาคตะวันออก,421,8201
2025-08-15,MK-C-028,ภาคเหนือ,336,7348
2025-08-15,MK-C-028,ภาคใต้,436,8340
2025-08-15,SY-D-039,กรุงเทพฯ,430,9034
2025-08-15,SY-D-039,ภาคกลาง,375,6945
2025-08-15,SY-D-039,ภาคตะวันออก,266,4963
2025-08-15,SY-D-039,ภาคเหนือ,230,4263
2025-08-15,SY-D-039,ภาคใต้,295,4624
2025-08-15,AG-E-052,กรุงเทพฯ,148,2076
2025-08-15,AG-E-052,ภาคกลาง,113,1916
2025-08-15,AG-E-052,ภาคตะวันออก,77,1355
2025-08-15,AG-E-052,ภาคเหนือ,71,1280
2025-08-15,AG-E-052,ภาคใต้,82,1461
2025-08-16,TK-A-001,กรุงเทพฯ,171,3282
2025-08-16,TK-A-001,ภาคกลาง,157,2408
2025-08-16,TK-A-001,ภาคตะวันออก,108,2195
2025-08-16,TK-A-001,ภาคเหนือ,97,1504
2025-08-16,TK-A-001,ภาคใต้,115,2429
2025-08-16,GL-B-014,กรุงเทพฯ,847,18732
2025-08-16,GL-B-014,ภาคกลาง,750,11939
2025-08-16,GL-B-014,ภาคตะวันออก,585,10056
2025-08-16,GL-B-014,ภาคเหนือ,466,9058
2025-08-16,GL-B-014,ภาคใต้,626,11164
2025-08-16,MK-C-028,กรุงเทพฯ,665,13825
2025-08-16,MK-C-028,ภาคกลาง,500,9913
2025-08-16,MK-C-028,ภาคตะวันออก,434,7154
2025-08-16,MK-C-028,ภาคเหนือ,329,7058
2025-08-16,MK-C-028,ภาคใต้,421,9201
2025-08-16,SY-D-039,กรุงเทพฯ,409,8780
2025-08-16,SY-D-039,ภาคกลาง,356,5520
2025-08-16,SY-D-039,ภาคตะวันออก,257,4419
2025-08-16,SY-D-039,ภาคเหนือ,218,3908
2025-08-16,SY-D-039,ภาคใต้,289,4700
2025-08-16,AG-E-052,กรุงเทพฯ,124,2673
2025-08-16,AG-E-052,ภาคกลาง,104,2192
2025-08-16,AG-E-052,ภาคตะวันออก,89,1391
2025-08-16,AG-E-052,ภาคเหนือ,66,1307
2025-08-16,AG-E-052,ภาคใต้,98,1717
2025-08-17,TK-A-001,กรุงเทพฯ,181,3670
2025-08-17,TK-A-001,ภาคกลาง,155,2389
2025-08-17,TK-A-001,ภาคตะวันออก,110,1666
2025-08-17,TK-A-001,ภาคเหนือ,99,1952
2025-08-17,TK-A-001,ภาคใต้,124,2290
2025-08-17,GL-B-014,กรุงเทพฯ,866,16686
2025-08-17,GL-B-014,ภาคกลาง,812,13692
2025-08-17,GL-B-014,ภาคตะวันออก,600,8795
2025-08-17,GL-B-014,ภาคเหนือ,448,9449
2025-08-17,GL-B-014,ภาคใต้,673,11667
2025-08-17,MK-C-028,กรุงเทพฯ,648,12448
2025-08-17,MK-C-028,ภาคกลาง,569,10892
2025-08-17,MK-C-028,ภาคตะวันออก,424,8008
2025-08-17,MK-C-028,ภาคเหนือ,394,6638
2025-08-17,MK-C-028,ภาคใต้,461,8940
2025-08-17,SY-D-039,กรุงเทพฯ,445,8381
2025-08-17,SY-D-039,ภาคกลาง,385,6675
2025-08-17,SY-D-039,ภาคตะวันออก,294,4326
2025-08-17,SY-D-039,ภาคเหนือ,258,4197
2025-08-17,SY-D-039,ภาคใต้,321,5483
2025-08-17,AG-E-052,กรุงเทพฯ,122,2137
2025-08-17,AG-E-052,ภาคกลาง,106,1755
2025-08-17,AG-E-052,ภาคตะวันออก,75,1322
2025-08-17,AG-E-052,ภาคเหนือ,68,1117
2025-08-17,AG-E-052,ภาคใต้,90,1767
2025-08-18,TK-A-001,กรุงเทพฯ,171,3634
2025-08-18,TK-A-001,ภาคกลาง,152,2577
2025-08-18,TK-A-001,ภาคตะวันออก,98,2031
2025-08-18,TK-A-001,ภาคเหนือ,87,1576
2025-08-18,TK-A-001,ภาคใต้,125,2151
2025-08-18,GL-B-014,กรุงเทพฯ,957,15169
2025-08-18,GL-B-014,ภาคกลาง,781,14286
2025-08-18,GL-B-014,ภาคตะวันออก,612,9296
2025-08-18,GL-B-014,ภาคเหนือ,457,10267
2025-08-18,GL-B-014,ภาคใต้,626,12612
2025-08-18,MK-C-028,กรุงเทพฯ,710,11182
2025-08-18,MK-C-028,ภาคกลาง,518,9911
2025-08-18,MK-C-028,ภาคตะวันออก,436,7726
2025-08-18,MK-C-028,ภาคเหนือ,356,7376
2025-08-18,MK-C-028,ภาคใต้,425,9207
2025-08-18,SY-D-039,กรุงเทพฯ,477,8155
2025-08-18,SY-D-039,ภาคกลาง,355,6645
2025-08-18,SY-D-039,ภาคตะวันออก,243,5354
2025-08-18,SY-D-039,ภาคเหนือ,230,4877
2025-08-18,SY-D-039,ภาคใต้,291,4773
2025-08-18,AG-E-052,กรุงเทพฯ,130,2275
2025-08-18,AG-E-052,ภาคกลาง,98,2231
2025-08-18,AG-E-052,ภาคตะวันออก,88,1357
2025-08-18,AG-E-052,ภาคเหนือ,66,1344
2025-08-18,AG-E-052,ภาคใต้,86,1507
2025-08-19,TK-A-001,กรุงเทพฯ,168,2787
2025-08-19,TK-A-001,ภาคกลาง,140,2400
2025-08-19,TK-A-001,ภาคตะวันออก,117,1729
2025-08-19,TK-A-001,ภาคเหนือ,94,1637
2025-08-19,TK-A-001,ภาคใต้,114,2437
2025-08-19,GL-B-014,กรุงเทพฯ,1001,17980
2025-08-19,GL-B-014,ภาคกลาง,777,14638
2025-08-19,GL-B-014,ภาคตะวันออก,540,9782
2025-08-19,GL-B-014,ภาคเหนือ,480,10088
2025-08-19,GL-B-014,ภาคใต้,631,12598
2025-08-19,MK-C-028,กรุงเทพฯ,737,10519
2025-08-19,MK-C-028,ภาคกลาง,576,10565
2025-08-19,MK-C-028,ภาคตะวันออก,382,7067
2025-08-19,MK-C-028,ภาคเหนือ,345,6159
2025-08-19,MK-C-028,ภาคใต้,422,7851
2025-08-19,SY-D-039,กรุงเทพฯ,468,7978
2025-08-19,SY-D-039,ภาคกลาง,344,6161
2025-08-19,SY-D-039,ภาคตะวันออก,256,4430
2025-08-19,SY-D-039,ภาคเหนือ,247,4032
2025-08-19,SY-D-039,ภาคใต้,305,6035
2025-08-19,AG-E-052,กรุงเทพฯ,134,2670
2025-08-19,AG-E-052,ภาคกลาง,103,1744
2025-08-19,AG-E-052,ภาคตะวันออก,87,1490
2025-08-19,AG-E-052,ภาคเหนือ,68,1175
2025-08-19,AG-E-052,ภาคใต้,83,1495
2025-08-20,TK-A-001,กรุงเทพฯ,184,2909
2025-08-20,TK-A-001,ภาคกลาง,144,2968
2025-08-20,TK-A-001,ภาคตะวันออก,100,1870
2025-08-20,TK-A-001,ภาคเหนือ,87,1599
2025-08-20,TK-A-001,ภาคใต้,113,2371
2025-08-20,GL-B-014,กรุงเทพฯ,1015,15274
2025-08-20,GL-B-014,ภาคกลาง,687,11918
2025-08-20,GL-B-014,ภาคตะวันออก,557,10555
2025-08-20,GL-B-014,ภาคเหนือ,512,7635
2025-08-20,GL-B-014,ภาคใต้,609,12632
2025-08-20,MK-C-028,กรุงเทพฯ,623,13331
2025-08-20,MK-C-028,ภาคกลาง,535,8592
2025-08-20,MK-C-028,ภาคตะวันออก,411,7852
2025-08-20,MK-C-028,ภาคเหนือ,367,6814
2025-08-20,MK-C-028,ภาคใต้,465,8804
2025-08-20,SY-D-039,กรุงเทพฯ,463,7986
2025-08-20,SY-D-039,ภาคกลาง,370,6404
2025-08-20,SY-D-039,ภาคตะวันออก,286,4594
2025-08-20,SY-D-039,ภาคเหนือ,263,4965
2025-08-20,SY-D-039,ภาคใต้,324,4746
2025-08-20,AG-E-052,กรุงเทพฯ,128,2414
2025-08-20,AG-E-052,ภาคกลาง,117,2027
2025-08-20,AG-E-052,ภาคตะวันออก,82,1670
2025-08-20,AG-E-052,ภาคเหนือ,71,1129
2025-08-20,AG-E-052,ภาคใต้,90,1836
2025-08-21,TK-A-001,กรุงเทพฯ,180,3246
2025-08-21,TK-A-001,ภาคกลาง,143,2296
2025-08-21,TK-A-001,ภาคตะวันออก,101,2193
2025-08-21,TK-A-001,ภาคเหนือ,90,1959
2025-08-21,TK-A-001,ภาคใต้,109,2433
2025-08-21,GL-B-014,กรุงเทพฯ,974,15090
2025-08-21,GL-B-014,ภาคกลาง,717,13186
2025-08-21,GL-B-014,ภาคตะวันออก,577,8543
2025-08-21,GL-B-014,ภาคเหนือ,545,10054
2025-08-21,GL-B-014,ภาคใต้,571,10157
2025-08-21,MK-C-028,กรุงเทพฯ,711,10998
2025-08-21,MK-C-028,ภาคกลาง,490,10752
2025-08-21,MK-C-028,ภาคตะวันออก,386,6725
2025-08-21,MK-C-028,ภาคเหนือ,366,6963
2025-08-21,MK-C-028,ภาคใต้,464,8773
2025-08-21,SY-D-039,กรุงเทพฯ,436,8263
2025-08-21,SY-D-039,ภาคกลาง,353,7098
2025-08-21,SY-D-039,ภาคตะวันออก,295,4646
2025-08-21,SY-D-039,ภาคเหนือ,217,3828
2025-08-21,SY-D-039,ภาคใต้,306,6129
2025-08-21,AG-E-052,กรุงเทพฯ,123,2129
2025-08-21,AG-E-052,ภาคกลาง,115,1867
2025-08-21,AG-E-052,ภาคตะวันออก,81,1379
2025-08-21,AG-E-052,ภาคเหนือ,69,1210
2025-08-21,AG-E-052,ภาคใต้,90,1430
2025-08-22,TK-A-001,กรุงเทพฯ,164,2850
2025-08-22,TK-A-001,ภาคกลาง,132,2566
2025-08-22,TK-A-001,ภาคตะวันออก,107,1853
2025-08-22,TK-A-001,ภาคเหนือ,88,1728
2025-08-22,TK-A-001,ภาคใต้,131,1997
2025-08-22,GL-B-014,กรุงเทพฯ,995,15379
2025-08-22,GL-B-014,ภาคกลาง,713,14591
2025-08-22,GL-B-014,ภาคตะวันออก,602,9051
2025-08-22,GL-B-014,ภาคเหนือ,539,9414
2025-08-22,GL-B-014,ภาคใต้,680,10320
2025-08-22,MK-C-028,กรุงเทพฯ,670,13336
2025-08-22,MK-C-028,ภาคกลาง,523,10861
2025-08-22,MK-C-028,ภาคตะวันออก,425,7269
2025-08-22,MK-C-028,ภาคเหนือ,367,6204
2025-08-22,MK-C-028,ภาคใต้,472,7172
2025-08-22,SY-D-039,กรุงเทพฯ,492,8478
2025-08-22,SY-D-039,ภาคกลาง,345,6256
2025-08-22,SY-D-039,ภาคตะวันออก,285,5006
2025-08-22,SY-D-039,ภาคเหนือ,236,3892
2025-08-22,SY-D-039,ภาคใต้,280,5986
2025-08-22,AG-E-052,กรุงเทพฯ,147,2347
2025-08-22,AG-E-052,ภาคกลาง,111,1694
2025-08-22,AG-E-052,ภาคตะวันออก,76,1623
2025-08-22,AG-E-052,ภาคเหนือ,65,1222
2025-08-22,AG-E-052,ภาคใต้,90,1784
2025-08-23,TK-A-001,กรุงเทพฯ,180,3309
2025-08-23,TK-A-001,ภาคกลาง,146,2558
2025-08-23,TK-A-001,ภาคตะวันออก,104,1656
2025-08-23,TK-A-001,ภาคเหนือ,100,1847
2025-08-23,TK-A-001,ภาคใต้,132,1875
2025-08-23,GL-B-014,กรุงเทพฯ,1007,17599
2025-08-23,GL-B-014,ภาคกลาง,718,14530
2025-08-23,GL-B-014,ภาคตะวันออก,521,9537
2025-08-23,GL-B-014,ภาคเหนือ,481,10115
2025-08-23,GL-B-014,ภาคใต้,569,10747
2025-08-23,MK-C-028,กรุงเทพฯ,612,12989
2025-08-23,MK-C-028,ภาคกลาง,506,8665
2025-08-23,MK-C-028,ภาคตะวันออก,423,6528
2025-08-23,MK-C-028,ภาคเหนือ,359,6224
2025-08-23,MK-C-028,ภาคใต้,415,7952
2025-08-23,SY-D-039,กรุงเทพฯ,470,7206
2025-08-23,SY-D-039,ภาคกลาง,367,5595
2025-08-23,SY-D-039,ภาคตะวันออก,287,4936
2025-08-23,SY-D-039,ภาคเหนือ,222,3749
2025-08-23,SY-D-039,ภาคใต้,283,5164
2025-08-23,AG-E-052,กรุงเทพฯ,125,2156
2025-08-23,AG-E-052,ภาคกลาง,104,1897
2025-08-23,AG-E-052,ภาคตะวันออก,85,1314
2025-08-23,AG-E-052,ภาคเหนือ,78,1409
2025-08-23,AG-E-052,ภาคใต้,95,1648
2025-08-24,TK-A-001,กรุงเทพฯ,186,3571
2025-08-24,TK-A-001,ภาคกลาง,130,2558
2025-08-24,TK-A-001,ภาคตะวันออก,113,1982
2025-08-24,TK-A-001,ภาคเหนือ,101,1738
2025-08-24,TK-A-001,ภาคใต้,114,1946
2025-08-24,GL-B-014,กรุงเทพฯ,972,15285
2025-08-24,GL-B-014,ภาคกลาง,749,13209
2025-08-24,GL-B-014,ภาคตะวันออก,583,9550
2025-08-24,GL-B-014,ภาคเหนือ,475,9341
2025-08-24,GL-B-014,ภาคใต้,655,11596
2025-08-24,MK-C-028,กรุงเทพฯ,653,12914
2025-08-24,MK-C-028,ภาคกลาง,534,9584
2025-08-24,MK-C-028,ภาคตะวันออก,375,6573
2025-08-24,MK-C-028,ภาคเหนือ,376,7348
2025-08-24,MK-C-028,ภาคใต้,470,7340
2025-08-24,SY-D-039,กรุงเทพฯ,457,7398
2025-08-24,SY-D-039,ภาคกลาง,364,6026
2025-08-24,SY-D-039,ภาคตะวันออก,255,4639
2025-08-24,SY-D-039,ภาคเหนือ,263,4707
2025-08-24,SY-D-039,ภาคใต้,296,5286
2025-08-24,AG-E-052,กรุงเทพฯ,129,2432
2025-08-24,AG-E-052,ภาคกลาง,112,2079
2025-08-24,AG-E-052,ภาคตะวันออก,85,1358
2025-08-24,AG-E-052,ภาคเหนือ,78,1417
2025-08-24,AG-E-052,ภาคใต้,84,1440
2025-08-25,TK-A-001,กรุงเทพฯ,197,2998
2025-08-25,TK-A-001,ภาคกลาง,141,2375
2025-08-25,TK-A-001,ภาคตะวันออก,106,1741
2025-08-25,TK-A-001,ภาคเหนือ,89,1503
2025-08-25,TK-A-001,ภาคใต้,131,2287
2025-08-25,GL-B-014,กรุงเทพฯ,939,16891
2025-08-25,GL-B-014,ภาคกลาง,783,12866
2025-08-25,GL-B-014,ภาคตะวันออก,534,9096
2025-08-25,GL-B-014,ภาคเหนือ,493,9367
2025-08-25,GL-B-014,ภาคใต้,649,9672
2025-08-25,MK-C-028,กรุงเทพฯ,672,11557
2025-08-25,MK-C-028,ภาคกลาง,581,10940
2025-08-25,MK-C-028,ภาคตะวันออก,375,7425
2025-08-25,MK-C-028,ภาคเหนือ,334,6734
2025-08-25,MK-C-028,ภาคใต้,467,8195
2025-08-25,SY-D-039,กรุงเทพฯ,483,7311
2025-08-25,SY-D-039,ภาคกลาง,336,6302
2025-08-25,SY-D-039,ภาคตะวันออก,250,4699
2025-08-25,SY-D-039,ภาคเหนือ,237,4356
2025-08-25,SY-D-039,ภาคใต้,319,5511
2025-08-25,AG-E-052,กรุงเทพฯ,133,2397
2025-08-25,AG-E-052,ภาคกลาง,105,1888
2025-08-25,AG-E-052,ภาคตะวันออก,87,1329
2025-08-25,AG-E-052,ภาคเหนือ,72,1474
2025-08-25,AG-E-052,ภาคใต้,88,1676
2025-08-26,TK-A-001,กรุงเทพฯ,170,3362
2025-08-26,TK-A-001,ภาคกลาง,147,2906
2025-08-26,TK-A-001,ภาคตะวันออก,99,1826
2025-08-26,TK-A-001,ภาคเหนือ,94,1840
2025-08-26,TK-A-001,ภาคใต้,114,1935
2025-08-26,GL-B-014,กรุงเทพฯ,858,15704
2025-08-26,GL-B-014,ภาคกลาง,790,14654
2025-08-26,GL-B-014,ภาคตะวันออก,573,10167
2025-08-26,GL-B-014,ภาคเหนือ,518,9725
2025-08-26,GL-B-014,ภาคใต้,567,9797
2025-08-26,MK-C-028,กรุงเทพฯ,637,12045
2025-08-26,MK-C-028,ภาคกลาง,527,10343
2025-08-26,MK-C-028,ภาคตะวันออก,437,8318
2025-08-26,MK-C-028,ภาคเหนือ,393,6658
2025-08-26,MK-C-028,ภาคใต้,409,8756
2025-08-26,SY-D-039,กรุงเทพฯ,440,7786
2025-08-26,SY-D-039,ภาคกลาง,325,7218
2025-08-26,SY-D-039,ภาคตะวันออก,275,5574
2025-08-26,SY-D-039,ภาคเหนือ,244,4771
2025-08-26,SY-D-039,ภาคใต้,280,5657
2025-08-26,AG-E-052,กรุงเทพฯ,139,2096
2025-08-26,AG-E-052,ภาคกลาง,113,1974
2025-08-26,AG-E-052,ภาคตะวันออก,83,1632
2025-08-26,AG-E-052,ภาคเหนือ,70,1118
2025-08-26,AG-E-052,ภาคใต้,93,1427
2025-08-27,TK-A-001,กรุงเทพฯ,191,3300
2025-08-27,TK-A-001,ภาคกลาง,132,2900
2025-08-27,TK-A-001,ภาคตะวันออก,105,1894
2025-08-27,TK-A-001,ภาคเหนือ,104,1972
2025-08-27,TK-A-001,ภาคใต้,122,1906
2025-08-27,GL-B-014,กรุงเทพฯ,992,17444
2025-08-27,GL-B-014,ภาคกลาง,757,11570
2025-08-27,GL-B-014,ภาคตะวันออก,512,9335
2025-08-27,GL-B-014,ภาคเหนือ,463,9367
2025-08-27,GL-B-014,ภาคใต้,636,9837
2025-08-27,MK-C-028,กรุงเทพฯ,649,11462
2025-08-27,MK-C-028,ภาคกลาง,557,8488
2025-08-27,MK-C-028,ภาคตะวันออก,415,7270
2025-08-27,MK-C-028,ภาคเหนือ,334,5721
2025-08-27,MK-C-028,ภาคใต้,425,7502
2025-08-27,SY-D-039,กรุงเทพฯ,490,6989
2025-08-27,SY-D-039,ภาคกลาง,333,7163
2025-08-27,SY-D-039,ภาคตะวันออก,284,4560
2025-08-27,SY-D-039,ภาคเหนือ,224,4910
2025-08-27,SY-D-039,ภาคใต้,328,5762
2025-08-27,AG-E-052,กรุงเทพฯ,145,2091
2025-08-27,AG-E-052,ภาคกลาง,118,1893
2025-08-27,AG-E-052,ภาคตะวันออก,87,1552
2025-08-27,AG-E-052,ภาคเหนือ,77,1221
2025-08-27,AG-E-052,ภาคใต้,83,1471
2025-08-28,TK-A-001,กรุงเทพฯ,168,3660
2025-08-28,TK-A-001,ภาคกลาง,158,2239
2025-08-28,TK-A-001,ภาคตะวันออก,110,2012
2025-08-28,TK-A-001,ภาคเหนือ,94,1985
2025-08-28,TK-A-001,ภาคใต้,113,2455
2025-08-28,GL-B-014,กรุงเทพฯ,960,16632
2025-08-28,GL-B-014,ภาคกลาง,792,13121
2025-08-28,GL-B-014,ภาคตะวันออก,570,8788
2025-08-28,GL-B-014,ภาคเหนือ,475,8774
2025-08-28,GL-B-014,ภาคใต้,658,10101
2025-08-28,MK-C-028,กรุงเทพฯ,683,10789
2025-08-28,MK-C-028,ภาคกลาง,525,9301
2025-08-28,MK-C-028,ภาคตะวันออก,420,7855
2025-08-28,MK-C-028,ภาคเหนือ,325,6289
2025-08-28,MK-C-028,ภาคใต้,405,8370
2025-08-28,SY-D-039,กรุงเทพฯ,425,7011
2025-08-28,SY-D-039,ภาคกลาง,382,6521
2025-08-28,SY-D-039,ภาคตะวันออก,278,5133
2025-08-28,SY-D-039,ภาคเหนือ,247,4445
2025-08-28,SY-D-039,ภาคใต้,277,5642
2025-08-28,AG-E-052,กรุงเทพฯ,145,2628
2025-08-28,AG-E-052,ภาคกลาง,98,2216
2025-08-28,AG-E-052,ภาคตะวันออก,73,1311
2025-08-28,AG-E-052,ภาคเหนือ,76,1327
2025-08-28,AG-E-052,ภาคใต้,86,1594
2025-08-29,TK-A-001,กรุงเทพฯ,185,3145
2025-08-29,TK-A-001,ภาคกลาง,131,2713
2025-08-29,TK-A-001,ภาคตะวันออก,102,2095
2025-08-29,TK-A-001,ภาคเหนือ,93,1562
2025-08-29,TK-A-001,ภาคใต้,117,1891
2025-08-29,GL-B-014,กรุงเทพฯ,976,18541
2025-08-29,GL-B-014,ภาคกลาง,714,15055
2025-08-29,GL-B-014,ภาคตะวันออก,583,9722
2025-08-29,GL-B-014,ภาคเหนือ,545,8970
2025-08-29,GL-B-014,ภาคใต้,664,11263
2025-08-29,MK-C-028,กรุงเทพฯ,667,13032
2025-08-29,MK-C-028,ภาคกลาง,526,10370
2025-08-29,MK-C-028,ภาคตะวันออก,397,8210
2025-08-29,MK-C-028,ภาคเหนือ,373,5919
2025-08-29,MK-C-028,ภาคใต้,422,9001
2025-08-29,SY-D-039,กรุงเทพฯ,410,8688
2025-08-29,SY-D-039,ภาคกลาง,339,6222
2025-08-29,SY-D-039,ภาคตะวันออก,280,4659
2025-08-29,SY-D-039,ภาคเหนือ,217,4494
2025-08-29,SY-D-039,ภาคใต้,298,4597
2025-08-29,AG-E-052,กรุงเทพฯ,127,2572
2025-08-29,AG-E-052,ภาคกลาง,111,2125
2025-08-29,AG-E-052,ภาคตะวันออก,76,1527
2025-08-29,AG-E-052,ภาคเหนือ,76,1256
2025-08-29,AG-E-052,ภาคใต้,99,1505
2025-08-30,TK-A-001,กรุงเทพฯ,168,3252
2025-08-30,TK-A-001,ภาคกลาง,144,2410
2025-08-30,TK-A-001,ภาคตะวันออก,119,2121
2025-08-30,TK-A-001,ภาคเหนือ,98,1729
2025-08-30,TK-A-001,ภาคใต้,114,2239
2025-08-30,GL-B-014,กรุงเทพฯ,919,17664
2025-08-30,GL-B-014,ภาคกลาง,748,11746
2025-08-30,GL-B-014,ภาคตะวันออก,545,9400
2025-08-30,GL-B-014,ภาคเหนือ,508,9943
2025-08-30,GL-B-014,ภาคใต้,677,9734
2025-08-30,MK-C-028,กรุงเทพฯ,701,11747
2025-08-30,MK-C-028,ภาคกลาง,534,8605
2025-08-30,MK-C-028,ภาคตะวันออก,409,6863
2025-08-30,MK-C-028,ภาคเหนือ,373,6222
2025-08-30,MK-C-028,ภาคใต้,452,8600
2025-08-30,SY-D-039,กรุงเทพฯ,481,7161
2025-08-30,SY-D-039,ภาคกลาง,357,5917
2025-08-30,SY-D-039,ภาคตะวันออก,295,5465
2025-08-30,SY-D-039,ภาคเหนือ,227,4752
2025-08-30,SY-D-039,ภาคใต้,289,5916
2025-08-30,AG-E-052,กรุงเทพฯ,137,2447
2025-08-30,AG-E-052,ภาคกลาง,100,2208
2025-08-30,AG-E-052,ภาคตะวันออก,77,1494
2025-08-30,AG-E-052,ภาคเหนือ,69,1421
2025-08-30,AG-E-052,ภาคใต้,97,1579
2025-08-31,TK-A-001,กรุงเทพฯ,187,3605
2025-08-31,TK-A-001,ภาคกลาง,153,2452
2025-08-31,TK-A-001,ภาคตะวันออก,116,1763
2025-08-31,TK-A-001,ภาคเหนือ,103,1603
2025-08-31,TK-A-001,ภาคใต้,124,2046
2025-08-31,GL-B-014,กรุงเทพฯ,845,18384
2025-08-31,GL-B-014,ภาคกลาง,681,14220
2025-08-31,GL-B-014,ภาคตะวันออก,552,11176
2025-08-31,GL-B-014,ภาคเหนือ,543,7824
2025-08-31,GL-B-014,ภาคใต้,645,11031
2025-08-31,MK-C-028,กรุงเทพฯ,719,13740
2025-08-31,MK-C-028,ภาคกลาง,594,8615
2025-08-31,MK-C-028,ภาคตะวันออก,434,7977
2025-08-31,MK-C-028,ภาคเหนือ,359,6743
2025-08-31,MK-C-028,ภาคใต้,428,7100
2025-08-31,SY-D-039,กรุงเทพฯ,447,8730
2025-08-31,SY-D-039,ภาคกลาง,351,6555
2025-08-31,SY-D-039,ภาคตะวันออก,285,5019
2025-08-31,SY-D-039,ภาคเหนือ,263,4580
2025-08-31,SY-D-039,ภาคใต้,286,5668
2025-08-31,AG-E-052,กรุงเทพฯ,122,2079
2025-08-31,AG-E-052,ภาคกลาง,100,1998
2025-08-31,AG-E-052,ภาคตะวันออก,80,1297
2025-08-31,AG-E-052,ภาคเหนือ,76,1231
2025-08-31,AG-E-052,ภาคใต้,85,1807
2025-09-01,TK-A-001,กรุงเทพฯ,167,2915
2025-09-01,TK-A-001,ภาคกลาง,139,2881
2025-09-01,TK-A-001,ภาคตะวันออก,100,2060
2025-09-01,TK-A-001,ภาคเหนือ,91,1784
2025-09-01,TK-A-001,ภาคใต้,109,2482
2025-09-01,GL-B-014,กรุงเทพฯ,1020,17515
2025-09-01,GL-B-014,ภาคกลาง,687,12493
2025-09-01,GL-B-014,ภาคตะวันออก,583,9338
2025-09-01,GL-B-014,ภาคเหนือ,511,9994
2025-09-01,GL-B-014,ภาคใต้,565,10813
2025-09-01,MK-C-028,กรุงเทพฯ,727,12513
2025-09-01,MK-C-028,ภาคกลาง,550,8671
2025-09-01,MK-C-028,ภาคตะวันออก,383,6556
2025-09-01,MK-C-028,ภาคเหนือ,394,7329
2025-09-01,MK-C-028,ภาคใต้,486,9289
2025-09-01,SY-D-039,กรุงเทพฯ,490,7157
2025-09-01,SY-D-039,ภาคกลาง,358,5995
2025-09-01,SY-D-039,ภาคตะวันออก,281,4999
2025-09-01,SY-D-039,ภาคเหนือ,219,4477
2025-09-01,SY-D-039,ภาคใต้,328,6008
2025-09-01,AG-E-052,กรุงเทพฯ,132,2607
2025-09-01,AG-E-052,ภาคกลาง,105,1967
2025-09-01,AG-E-052,ภาคตะวันออก,82,1638
2025-09-01,AG-E-052,ภาคเหนือ,78,1476
2025-09-01,AG-E-052,ภาคใต้,93,1696
2025-09-02,TK-A-001,กรุงเทพฯ,166,3699
2025-09-02,TK-A-001,ภาคกลาง,135,2368
2025-09-02,TK-A-001,ภาคตะวันออก,104,1993
2025-09-02,TK-A-001,ภาคเหนือ,93,1484
2025-09-02,TK-A-001,ภาคใต้,131,1912
2025-09-02,GL-B-014,กรุงเทพฯ,891,18377
2025-09-02,GL-B-014,ภาคกลาง,791,12490
2025-09-02,GL-B-014,ภาคตะวันออก,579,11098
2025-09-02,GL-B-014,ภาคเหนือ,508,7669
2025-09-02,GL-B-014,ภาคใต้,585,10573
2025-09-02,MK-C-028,กรุงเทพฯ,695,11652
2025-09-02,MK-C-028,ภาคกลาง,563,9066
2025-09-02,MK-C-028,ภาคตะวันออก,410,6679
2025-09-02,MK-C-028,ภาคเหนือ,356,5865
2025-09-02,MK-C-028,ภาคใต้,472,7466
2025-09-02,SY-D-039,กรุงเทพฯ,415,7324
2025-09-02,SY-D-039,ภาคกลาง,395,5662
2025-09-02,SY-D-039,ภาคตะวันออก,249,5196
2025-09-02,SY-D-039,ภาคเหนือ,220,4251
2025-09-02,SY-D-039,ภาคใต้,286,4599
2025-09-02,AG-E-052,กรุงเทพฯ,147,2155
2025-09-02,AG-E-052,ภาคกลาง,102,1888
2025-09-02,AG-E-052,ภาคตะวันออก,74,1496
2025-09-02,AG-E-052,ภาคเหนือ,79,1461
2025-09-02,AG-E-052,ภาคใต้,91,1403
2025-09-03,TK-A-001,กรุงเทพฯ,177,3074
2025-09-03,TK-A-001,ภาคกลาง,158,2219
2025-09-03,TK-A-001,ภาคตะวันออก,113,1842
2025-09-03,TK-A-001,ภาคเหนือ,87,1792
2025-09-03,TK-A-001,ภาคใต้,113,1963
2025-09-03,GL-B-014,กรุงเทพฯ,908,16269
2025-09-03,GL-B-014,ภาคกลาง,751,13784
2025-09-03,GL-B-014,ภาคตะวันออก,528,9502
2025-09-03,GL-B-014,ภาคเหนือ,534,8831
2025-09-03,GL-B-014,ภาคใต้,664,9586
2025-09-03,MK-C-028,กรุงเทพฯ,644,11194
2025-09-03,MK-C-028,ภาคกลาง,572,10770
2025-09-03,MK-C-028,ภาคตะวันออก,438,8088
2025-09-03,MK-C-028,ภาคเหนือ,359,7369
2025-09-03,MK-C-028,ภาคใต้,467,7530
2025-09-03,SY-D-039,กรุงเทพฯ,464,8087
2025-09-03,SY-D-039,ภาคกลาง,390,5958
2025-09-03,SY-D-039,ภาคตะวันออก,277,5586
2025-09-03,SY-D-039,ภาคเหนือ,261,4906
2025-09-03,SY-D-039,ภาคใต้,298,4797
2025-09-03,AG-E-052,กรุงเทพฯ,129,2523
2025-09-03,AG-E-052,ภาคกลาง,110,1932
2025-09-03,AG-E-052,ภาคตะวันออก,82,1616
2025-09-03,AG-E-052,ภาคเหนือ,67,1199
2025-09-03,AG-E-052,ภาคใต้,85,1764
2025-09-04,TK-A-001,กรุงเทพฯ,182,3566
2025-09-04,TK-A-001,ภาคกลาง,140,2358
2025-09-04,TK-A-001,ภาคตะวันออก,109,2052
2025-09-04,TK-A-001,ภาคเหนือ,94,1948
2025-09-04,TK-A-001,ภาคใต้,115,1840
2025-09-04,GL-B-014,กรุงเทพฯ,882,16689
2025-09-04,GL-B-014,ภาคกลาง,808,11931
2025-09-04,GL-B-014,ภาคตะวันออก,534,10661
2025-09-04,GL-B-014,ภาคเหนือ,479,9336
2025-09-04,GL-B-014,ภาคใต้,595,11303
2025-09-04,MK-C-028,กรุงเทพฯ,724,12400
2025-09-04,MK-C-028,ภาคกลาง,583,10396
2025-09-04,MK-C-028,ภาคตะวันออก,420,6586
2025-09-04,MK-C-028,ภาคเหนือ,325,6968
2025-09-04,MK-C-028,ภาคใต้,489,7812
2025-09-04,SY-D-039,กรุงเทพฯ,415,7353
2025-09-04,SY-D-039,ภาคกลาง,335,6619
2025-09-04,SY-D-039,ภาคตะวันออก,251,5140
2025-09-04,SY-D-039,ภาคเหนือ,245,4199
2025-09-04,SY-D-039,ภาคใต้,309,6011
2025-09-04,AG-E-052,กรุงเทพฯ,130,2104
2025-09-04,AG-E-052,ภาคกลาง,102,1678
2025-09-04,AG-E-052,ภาคตะวันออก,75,1552
2025-09-04,AG-E-052,ภาคเหนือ,73,1297
2025-09-04,AG-E-052,ภาคใต้,95,1640
2025-09-05,TK-A-001,กรุงเทพฯ,182,3544
2025-09-05,TK-A-001,ภาคกลาง,142,2383
2025-09-05,TK-A-001,ภาคตะวันออก,103,1854
2025-09-05,TK-A-001,ภาคเหนือ,94,1947
2025-09-05,TK-A-001,ภาคใต้,126,2406
2025-09-05,GL-B-014,กรุงเทพฯ,905,15103
2025-09-05,GL-B-014,ภาคกลาง,680,12159
2025-09-05,GL-B-014,ภาคตะวันออก,572,8980
2025-09-05,GL-B-014,ภาคเหนือ,538,9851
2025-09-05,GL-B-014,ภาคใต้,626,10458
2025-09-05,MK-C-028,กรุงเทพฯ,684,12508
2025-09-05,MK-C-028,ภาคกลาง,574,8614
2025-09-05,MK-C-028,ภาคตะวันออก,399,6634
2025-09-05,MK-C-028,ภาคเหนือ,373,7295
2025-09-05,MK-C-028,ภาคใต้,417,7990
2025-09-05,SY-D-039,กรุงเทพฯ,472,7918
2025-09-05,SY-D-039,ภาคกลาง,326,7076
2025-09-05,SY-D-039,ภาคตะวันออก,281,5382
2025-09-05,SY-D-039,ภาคเหนือ,234,4814
2025-09-05,SY-D-039,ภาคใต้,275,5948
2025-09-05,AG-E-052,กรุงเทพฯ,144,2564
2025-09-05,AG-E-052,ภาคกลาง,100,1678
2025-09-05,AG-E-052,ภาคตะวันออก,88,1422
2025-09-05,AG-E-052,ภาคเหนือ,79,1364
2025-09-05,AG-E-052,ภาคใต้,91,1433
2025-09-06,TK-A-001,กรุงเทพฯ,172,2803
2025-09-06,TK-A-001,ภาคกลาง,155,2622
2025-09-06,TK-A-001,ภาคตะวันออก,110,2198
2025-09-06,TK-A-001,ภาคเหนือ,99,1501
2025-09-06,TK-A-001,ภาคใต้,130,2090
2025-09-06,GL-B-014,กรุงเทพฯ,984,16592
2025-09-06,GL-B-014,ภาคกลาง,810,12466
2025-09-06,GL-B-014,ภาคตะวันออก,581,11233
2025-09-06,GL-B-014,ภาคเหนือ,488,9301
2025-09-06,GL-B-014,ภาคใต้,587,10586
2025-09-06,MK-C-028,กรุงเทพฯ,679,13070
2025-09-06,MK-C-028,ภาคกลาง,537,9517
2025-09-06,MK-C-028,ภาคตะวันออก,410,6986
2025-09-06,MK-C-028,ภาคเหนือ,388,6607
2025-09-06,MK-C-028,ภาคใต้,422,8030
2025-09-06,SY-D-039,กรุงเทพฯ,463,7589
2025-09-06,SY-D-039,ภาคกลาง,394,7177
2025-09-06,SY-D-039,ภาคตะวันออก,255,5195
2025-09-06,SY-D-039,ภาคเหนือ,264,4872
2025-09-06,SY-D-039,ภาคใต้,271,5498
2025-09-06,AG-E-052,กรุงเทพฯ,144,2595
2025-09-06,AG-E-052,ภาคกลาง,112,1966
2025-09-06,AG-E-052,ภาคตะวันออก,76,1345
2025-09-06,AG-E-052,ภาคเหนือ,68,1404
2025-09-06,AG-E-052,ภาคใต้,93,1485
2025-09-07,TK-A-001,กรุงเทพฯ,186,3004
2025-09-07,TK-A-001,ภาคกลาง,132,2356
2025-09-07,TK-A-001,ภาคตะวันออก,97,1777
2025-09-07,TK-A-001,ภาคเหนือ,103,1700
2025-09-07,TK-A-001,ภาคใต้,122,2103
2025-09-07,GL-B-014,กรุงเทพฯ,897,14508
2025-09-07,GL-B-014,ภาคกลาง,719,13319
2025-09-07,GL-B-014,ภาคตะวันออก,504,9550
2025-09-07,GL-B-014,ภาคเหนือ,459,9672
2025-09-07,GL-B-014,ภาคใต้,665,10239
2025-09-07,MK-C-028,กรุงเทพฯ,687,11978
2025-09-07,MK-C-028,ภาคกลาง,515,9645
2025-09-07,MK-C-028,ภาคตะวันออก,400,7770
2025-09-07,MK-C-028,ภาคเหนือ,337,6893
2025-09-07,MK-C-028,ภาคใต้,473,8059
2025-09-07,SY-D-039,กรุงเทพฯ,464,8602
2025-09-07,SY-D-039,ภาคกลาง,352,7093
2025-09-07,SY-D-039,ภาคตะวันออก,274,4719
2025-09-07,SY-D-039,ภาคเหนือ,260,4911
2025-09-07,SY-D-039,ภาคใต้,271,5521
2025-09-07,AG-E-052,กรุงเทพฯ,123,2656
2025-09-07,AG-E-052,ภาคกลาง,106,1740
2025-09-07,AG-E-052,ภาคตะวันออก,80,1298
2025-09-07,AG-E-052,ภาคเหนือ,66,1319
2025-09-07,AG-E-052,ภาคใต้,82,1800
2025-09-08,TK-A-001,กรุงเทพฯ,182,3404
2025-09-08,TK-A-001,ภาคกลาง,150,2457
2025-09-08,TK-A-001,ภาคตะวันออก,113,1731
2025-09-08,TK-A-001,ภาคเหนือ,105,1552
2025-09-08,TK-A-001,ภาคใต้,127,2002
2025-09-08,GL-B-014,กรุงเทพฯ,889,16074
2025-09-08,GL-B-014,ภาคกลาง,674,13971
2025-09-08,GL-B-014,ภาคตะวันออก,504,10727
2025-09-08,GL-B-014,ภาคเหนือ,484,8423
2025-09-08,GL-B-014,ภาคใต้,660,10850
2025-09-08,MK-C-028,กรุงเทพฯ,694,13881
2025-09-08,MK-C-028,ภาคกลาง,561,10281
2025-09-08,MK-C-028,ภาคตะวันออก,404,7683
2025-09-08,MK-C-028,ภาคเหนือ,359,5537
2025-09-08,MK-C-028,ภาคใต้,422,7021
2025-09-08,SY-D-039,กรุงเทพฯ,426,8756
2025-09-08,SY-D-039,ภาคกลาง,391,7053
2025-09-08,SY-D-039,ภาคตะวันออก,287,4998
2025-09-08,SY-D-039,ภาคเหนือ,245,3884
2025-09-08,SY-D-039,ภาคใต้,306,4722
2025-09-08,AG-E-052,กรุงเทพฯ,144,2538
2025-09-08,AG-E-052,ภาคกลาง,104,1719
2025-09-08,AG-E-052,ภาคตะวันออก,83,1257
2025-09-08,AG-E-052,ภาคเหนือ,66,1216
2025-09-08,AG-E-052,ภาคใต้,88,1649
2025-09-09,TK-A-001,กรุงเทพฯ,180,2897
2025-09-09,TK-A-001,ภาคกลาง,136,2847
2025-09-09,TK-A-001,ภาคตะวันออก,103,1693
2025-09-09,TK-A-001,ภาคเหนือ,99,1870
2025-09-09,TK-A-001,ภาคใต้,121,1982
2025-09-09,GL-B-014,กรุงเทพฯ,928,18296
2025-09-09,GL-B-014,ภาคกลาง,811,14680
2025-09-09,GL-B-014,ภาคตะวันออก,545,11086
2025-09-09,GL-B-014,ภาคเหนือ,494,8932
2025-09-09,GL-B-014,ภาคใต้,674,12728
2025-09-09,MK-C-028,กรุงเทพฯ,625,13178
2025-09-09,MK-C-028,ภาคกลาง,498,10798
2025-09-09,MK-C-028,ภาคตะวันออก,367,7808
2025-09-09,MK-C-028,ภาคเหนือ,357,6197
2025-09-09,MK-C-028,ภาคใต้,490,7861
2025-09-09,SY-D-039,กรุงเทพฯ,495,8085
2025-09-09,SY-D-039,ภาคกลาง,382,6641
2025-09-09,SY-D-039,ภาคตะวันออก,297,4522
2025-09-09,SY-D-039,ภาคเหนือ,264,3713
2025-09-09,SY-D-039,ภาคใต้,328,5826
2025-09-09,AG-E-052,กรุงเทพฯ,131,2203
2025-09-09,AG-E-052,ภาคกลาง,107,1801
2025-09-09,AG-E-052,ภาคตะวันออก,77,1651
2025-09-09,AG-E-052,ภาคเหนือ,77,1400
2025-09-09,AG-E-052,ภาคใต้,89,1434
2025-09-10,TK-A-001,กรุงเทพฯ,184,3638
2025-09-10,TK-A-001,ภาคกลาง,148,2701
2025-09-10,TK-A-001,ภาคตะวันออก,107,1713
2025-09-10,TK-A-001,ภาคเหนือ,91,1767
2025-09-10,TK-A-001,ภาคใต้,131,2158
2025-09-10,GL-B-014,กรุงเทพฯ,1009,16773
2025-09-10,GL-B-014,ภาคกลาง,685,12018
2025-09-10,GL-B-014,ภาคตะวันออก,595,11395
2025-09-10,GL-B-014,ภาคเหนือ,540,8616
2025-09-10,GL-B-014,ภาคใต้,610,11976
2025-09-10,MK-C-028,กรุงเทพฯ,682,10994
2025-09-10,MK-C-028,ภาคกลาง,519,10191
2025-09-10,MK-C-028,ภาคตะวันออก,437,6810
2025-09-10,MK-C-028,ภาคเหนือ,337,6740
2025-09-10,MK-C-028,ภาคใต้,466,7384
2025-09-10,SY-D-039,กรุงเทพฯ,453,7716
2025-09-10,SY-D-039,ภาคกลาง,342,6095
2025-09-10,SY-D-039,ภาคตะวันออก,281,4292
2025-09-10,SY-D-039,ภาคเหนือ,254,4628
2025-09-10,SY-D-039,ภาคใต้,296,5072
2025-09-10,AG-E-052,กรุงเทพฯ,142,2673
2025-09-10,AG-E-052,ภาคกลาง,102,2030
2025-09-10,AG-E-052,ภาคตะวันออก,75,1372
2025-09-10,AG-E-052,ภาคเหนือ,75,1221
2025-09-10,AG-E-052,ภาคใต้,96,1481
2025-09-11,TK-A-001,กรุงเทพฯ,181,3192
2025-09-11,TK-A-001,ภาคกลาง,145,2803
2025-09-11,TK-A-001,ภาคตะวันออก,107,2076
2025-09-11,TK-A-001,ภาคเหนือ,101,1587
2025-09-11,TK-A-001,ภาคใต้,121,2465
2025-09-11,GL-B-014,กรุงเทพฯ,999,16805
2025-09-11,GL-B-014,ภาคกลาง,787,15007
2025-09-11,GL-B-014,ภาคตะวันออก,528,9781
2025-09-11,GL-B-014,ภาคเหนือ,464,9539
2025-09-11,GL-B-014,ภาคใต้,674,10691
2025-09-11,MK-C-028,กรุงเทพฯ,699,13610
2025-09-11,MK-C-028,ภาคกลาง,566,8795
2025-09-11,MK-C-028,ภาคตะวันออก,432,7159
2025-09-11,MK-C-028,ภาคเหนือ,329,6248
2025-09-11,MK-C-028,ภาคใต้,481,8222
2025-09-11,SY-D-039,กรุงเทพฯ,421,8716
2025-09-11,SY-D-039,ภาคกลาง,373,6432
2025-09-11,SY-D-039,ภาคตะวันออก,245,4815
2025-09-11,SY-D-039,ภาคเหนือ,238,4700
2025-09-11,SY-D-039,ภาคใต้,291,6031
2025-09-11,AG-E-052,กรุงเทพฯ,126,2511
2025-09-11,AG-E-052,ภาคกลาง,116,2086
2025-09-11,AG-E-052,ภาคตะวันออก,78,1393
2025-09-11,AG-E-052,ภาคเหนือ,75,1281
2025-09-11,AG-E-052,ภาคใต้,88,1428
2025-09-12,TK-A-001,กรุงเทพฯ,191,3496
2025-09-12,TK-A-001,ภาคกลาง,151,2755
2025-09-12,TK-A-001,ภาคตะวันออก,99,2128
2025-09-12,TK-A-001,ภาคเหนือ,102,1509
2025-09-12,TK-A-001,ภาคใต้,116,2191
2025-09-12,GL-B-014,กรุงเทพฯ,952,16225
2025-09-12,GL-B-014,ภาคกลาง,710,15197
2025-09-12,GL-B-014,ภาคตะวันออก,569,9196
2025-09-12,GL-B-014,ภาคเหนือ,467,8714
2025-09-12,GL-B-014,ภาคใต้,636,11500
2025-09-12,MK-C-028,กรุงเทพฯ,637,12208
2025-09-12,MK-C-028,ภาคกลาง,558,10549
2025-09-12,MK-C-028,ภาคตะวันออก,413,7630
2025-09-12,MK-C-028,ภาคเหนือ,358,5658
2025-09-12,MK-C-028,ภาคใต้,463,8399
2025-09-12,SY-D-039,กรุงเทพฯ,408,9141
2025-09-12,SY-D-039,ภาคกลาง,345,7341
2025-09-12,SY-D-039,ภาคตะวันออก,296,4682
2025-09-12,SY-D-039,ภาคเหนือ,223,4261
2025-09-12,SY-D-039,ภาคใต้,327,5131
2025-09-12,AG-E-052,กรุงเทพฯ,146,2549
2025-09-12,AG-E-052,ภาคกลาง,112,1883
2025-09-12,AG-E-052,ภาคตะวันออก,76,1546
2025-09-12,AG-E-052,ภาคเหนือ,71,1164
2025-09-12,AG-E-052,ภาคใต้,85,1850
2025-09-13,TK-A-001,กรุงเทพฯ,195,2966
2025-09-13,TK-A-001,ภาคกลาง,134,2830
2025-09-13,TK-A-001,ภาคตะวันออก,110,1830
2025-09-13,TK-A-001,ภาคเหนือ,98,1836
2025-09-13,TK-A-001,ภาคใต้,122,2022
2025-09-13,GL-B-014,กรุงเทพฯ,965,14343
2025-09-13,GL-B-014,ภาคกลาง,698,15280
2025-09-13,GL-B-014,ภาคตะวันออก,539,8835
2025-09-13,GL-B-014,ภาคเหนือ,489,9960
2025-09-13,GL-B-014,ภาคใต้,642,10418
2025-09-13,MK-C-028,กรุงเทพฯ,608,12360
2025-09-13,MK-C-028,ภาคกลาง,515,9102
2025-09-13,MK-C-028,ภาคตะวันออก,425,8212
2025-09-13,MK-C-028,ภาคเหนือ,373,7184
2025-09-13,MK-C-028,ภาคใต้,472,8967
2025-09-13,SY-D-039,กรุงเทพฯ,427,8527
2025-09-13,SY-D-039,ภาคกลาง,390,5582
2025-09-13,SY-D-039,ภาคตะวันออก,257,5466
2025-09-13,SY-D-039,ภาคเหนือ,236,4395
2025-09-13,SY-D-039,ภาคใต้,319,4698
2025-09-13,AG-E-052,กรุงเทพฯ,130,2082
2025-09-13,AG-E-052,ภาคกลาง,104,2084
2025-09-13,AG-E-052,ภาคตะวันออก,78,1272
2025-09-13,AG-E-052,ภาคเหนือ,77,1347
2025-09-13,AG-E-052,ภาคใต้,95,1640
2025-09-14,TK-A-001,กรุงเทพฯ,185,3646
2025-09-14,TK-A-001,ภาคกลาง,147,2730
2025-09-14,TK-A-001,ภาคตะวันออก,107,2054
2025-09-14,TK-A-001,ภาคเหนือ,100,1561
2025-09-14,TK-A-001,ภาคใต้,118,1991
2025-09-14,GL-B-014,กรุงเทพฯ,913,18970
2025-09-14,GL-B-014,ภาคกลาง,743,12525
2025-09-14,GL-B-014,ภาคตะวันออก,599,10901
2025-09-14,GL-B-014,ภาคเหนือ,529,8795
2025-09-14,GL-B-014,ภาคใต้,612,11208
2025-09-14,MK-C-028,กรุงเทพฯ,714,12501
2025-09-14,MK-C-028,ภาคกลาง,517,8704
2025-09-14,MK-C-028,ภาคตะวันออก,422,7967
2025-09-14,MK-C-028,ภาคเหนือ,346,5832
2025-09-14,MK-C-028,ภาคใต้,482,7246
2025-09-14,SY-D-039,กรุงเทพฯ,429,9279
2025-09-14,SY-D-039,ภาคกลาง,340,6395
2025-09-14,SY-D-039,ภาคตะวันออก,260,4424
2025-09-14,SY-D-039,ภาคเหนือ,262,4753
2025-09-14,SY-D-039,ภาคใต้,308,4909
2025-09-14,AG-E-052,กรุงเทพฯ,141,2496
2025-09-14,AG-E-052,ภาคกลาง,113,1731
2025-09-14,AG-E-052,ภาคตะวันออก,76,1569
2025-09-14,AG-E-052,ภาคเหนือ,74,1300
2025-09-14,AG-E-052,ภาคใต้,90,1606
2025-09-15,TK-A-001,กรุงเทพฯ,194,3452
2025-09-15,TK-A-001,ภาคกลาง,146,2878
2025-09-15,TK-A-001,ภาคตะวันออก,106,1868
2025-09-15,TK-A-001,ภาคเหนือ,103,1581
2025-09-15,TK-A-001,ภาคใต้,118,1997
2025-09-15,GL-B-014,กรุงเทพฯ,885,16517
2025-09-15,GL-B-014,ภาคกลาง,803,12106
2025-09-15,GL-B-014,ภาคตะวันออก,606,9833
2025-09-15,GL-B-014,ภาคเหนือ,496,8154
2025-09-15,GL-B-014,ภาคใต้,661,10806
2025-09-15,MK-C-028,กรุงเทพฯ,695,13384
2025-09-15,MK-C-028,ภาคกลาง,559,10098
2025-09-15,MK-C-028,ภาคตะวันออก,403,6683
2025-09-15,MK-C-028,ภาคเหนือ,361,5984
2025-09-15,MK-C-028,ภาคใต้,472,8322
2025-09-15,SY-D-039,กรุงเทพฯ,420,8074
2025-09-15,SY-D-039,ภาคกลาง,386,6080
2025-09-15,SY-D-039,ภาคตะวันออก,278,4356
2025-09-15,SY-D-039,ภาคเหนือ,245,3932
2025-09-15,SY-D-039,ภาคใต้,305,6045
2025-09-15,AG-E-052,กรุงเทพฯ,128,2359
2025-09-15,AG-E-052,ภาคกลาง,99,1982
2025-09-15,AG-E-052,ภาคตะวันออก,77,1423
2025-09-15,AG-E-052,ภาคเหนือ,72,1424
2025-09-15,AG-E-052,ภาคใต้,90,1557
2025-09-16,TK-A-001,กรุงเทพฯ,184,3478
2025-09-16,TK-A-001,ภาคกลาง,131,2818
2025-09-16,TK-A-001,ภาคตะวันออก,102,1665
2025-09-16,TK-A-001,ภาคเหนือ,99,1508
2025-09-16,TK-A-001,ภาคใต้,126,1914
2025-09-16,GL-B-014,กรุงเทพฯ,899,17940
2025-09-16,GL-B-014,ภาคกลาง,807,13285
2025-09-16,GL-B-014,ภาคตะวันออก,544,11379
2025-09-16,GL-B-014,ภาคเหนือ,459,8745
2025-09-16,GL-B-014,ภาคใต้,564,12823
2025-09-16,MK-C-028,กรุงเทพฯ,652,13056
2025-09-16,MK-C-028,ภาคกลาง,580,10550
2025-09-16,MK-C-028,ภาคตะวันออก,387,7708
2025-09-16,MK-C-028,ภาคเหนือ,360,6145
2025-09-16,MK-C-028,ภาคใต้,406,7121
2025-09-16,SY-D-039,กรุงเทพฯ,448,9127
2025-09-16,SY-D-039,ภาคกลาง,353,7379
2025-09-16,SY-D-039,ภาคตะวันออก,261,4962
2025-09-16,SY-D-039,ภาคเหนือ,262,4172
2025-09-16,SY-D-039,ภาคใต้,318,5628
2025-09-16,AG-E-052,กรุงเทพฯ,126,2755
2025-09-16,AG-E-052,ภาคกลาง,102,2228
2025-09-16,AG-E-052,ภาคตะวันออก,76,1608
2025-09-16,AG-E-052,ภาคเหนือ,69,1469
2025-09-16,AG-E-052,ภาคใต้,91,1561
2025-09-17,TK-A-001,กรุงเทพฯ,162,3666
2025-09-17,TK-A-001,ภาคกลาง,141,2680
2025-09-17,TK-A-001,ภาคตะวันออก,113,2022
2025-09-17,TK-A-001,ภาคเหนือ,104,1599
2025-09-17,TK-A-001,ภาคใต้,122,2388
2025-09-17,GL-B-014,กรุงเทพฯ,964,14880
2025-09-17,GL-B-014,ภาคกลาง,752,14130
2025-09-17,GL-B-014,ภาคตะวันออก,587,11037
2025-09-17,GL-B-014,ภาคเหนือ,451,8982
2025-09-17,GL-B-014,ภาคใต้,598,10470
2025-09-17,MK-C-028,กรุงเทพฯ,710,13777
2025-09-17,MK-C-028,ภาคกลาง,488,9693
2025-09-17,MK-C-028,ภาคตะวันออก,431,7729
2025-09-17,MK-C-028,ภาคเหนือ,369,6420
2025-09-17,MK-C-028,ภาคใต้,448,7270
2025-09-17,SY-D-039,กรุงเทพฯ,412,7808
2025-09-17,SY-D-039,ภาคกลาง,388,5575
2025-09-17,SY-D-039,ภาคตะวันออก,288,4553
2025-09-17,SY-D-039,ภาคเหนือ,244,4015
2025-09-17,SY-D-039,ภาคใต้,271,5996
2025-09-17,AG-E-052,กรุงเทพฯ,147,2263
2025-09-17,AG-E-052,ภาคกลาง,99,1813
2025-09-17,AG-E-052,ภาคตะวันออก,84,1262
2025-09-17,AG-E-052,ภาคเหนือ,76,1424
2025-09-17,AG-E-052,ภาคใต้,98,1773
2025-09-18,TK-A-001,กรุงเทพฯ,180,3017
2025-09-18,TK-A-001,ภาคกลาง,153,2277
2025-09-18,TK-A-001,ภาคตะวันออก,110,2077
2025-09-18,TK-A-001,ภาคเหนือ,91,1765
2025-09-18,TK-A-001,ภาคใต้,112,2276
2025-09-18,GL-B-014,กรุงเทพฯ,934,14326
2025-09-18,GL-B-014,ภาคกลาง,707,13468
2025-09-18,GL-B-014,ภาคตะวันออก,527,8901
2025-09-18,GL-B-014,ภาคเหนือ,491,9007
2025-09-18,GL-B-014,ภาคใต้,643,9723
2025-09-18,MK-C-028,กรุงเทพฯ,691,11650
2025-09-18,MK-C-028,ภาคกลาง,569,8820
2025-09-18,MK-C-028,ภาคตะวันออก,368,6936
2025-09-18,MK-C-028,ภาคเหนือ,378,5512
2025-09-18,MK-C-028,ภาคใต้,414,7245
2025-09-18,SY-D-039,กรุงเทพฯ,484,7986
2025-09-18,SY-D-039,ภาคกลาง,354,7052
2025-09-18,SY-D-039,ภาคตะวันออก,275,4524
2025-09-18,SY-D-039,ภาคเหนือ,226,4749
2025-09-18,SY-D-039,ภาคใต้,278,5592
2025-09-18,AG-E-052,กรุงเทพฯ,122,2249
2025-09-18,AG-E-052,ภาคกลาง,97,1968
2025-09-18,AG-E-052,ภาคตะวันออก,76,1495
2025-09-18,AG-E-052,ภาคเหนือ,75,1437
2025-09-18,AG-E-052,ภาคใต้,96,1396
2025-09-19,TK-A-001,กรุงเทพฯ,185,3262
2025-09-19,TK-A-001,ภาคกลาง,152,2797
2025-09-19,TK-A-001,ภาคตะวันออก,115,1971
2025-09-19,TK-A-001,ภาคเหนือ,99,1766
2025-09-19,TK-A-001,ภาคใต้,120,1893
2025-09-19,GL-B-014,กรุงเทพฯ,991,17633
2025-09-19,GL-B-014,ภาคกลาง,798,12446
2025-09-19,GL-B-014,ภาคตะวันออก,592,9430
2025-09-19,GL-B-014,ภาคเหนือ,463,9544
2025-09-19,GL-B-014,ภาคใต้,580,10090
2025-09-19,MK-C-028,กรุงเทพฯ,734,11025
2025-09-19,MK-C-028,ภาคกลาง,558,9483
2025-09-19,MK-C-028,ภาคตะวันออก,397,6892
2025-09-19,MK-C-028,ภาคเหนือ,367,5644
2025-09-19,MK-C-028,ภาคใต้,424,8712
2025-09-19,SY-D-039,กรุงเทพฯ,432,8035
2025-09-19,SY-D-039,ภาคกลาง,353,5839
2025-09-19,SY-D-039,ภาคตะวันออก,276,4570
2025-09-19,SY-D-039,ภาคเหนือ,244,4449
2025-09-19,SY-D-039,ภาคใต้,283,5703
2025-09-19,AG-E-052,กรุงเทพฯ,137,2387
2025-09-19,AG-E-052,ภาคกลาง,111,1659
2025-09-19,AG-E-052,ภาคตะวันออก,74,1636
2025-09-19,AG-E-052,ภาคเหนือ,67,1164
2025-09-19,AG-E-052,ภาคใต้,98,1773
2025-09-20,TK-A-001,กรุงเทพฯ,193,3101
2025-09-20,TK-A-001,ภาคกลาง,147,2954
2025-09-20,TK-A-001,ภาคตะวันออก,114,2157
2025-09-20,TK-A-001,ภาคเหนือ,87,1738
2025-09-20,TK-A-001,ภาคใต้,121,1945
2025-09-20,GL-B-014,กรุงเทพฯ,959,14785
2025-09-20,GL-B-014,ภาคกลาง,817,13173
2025-09-20,GL-B-014,ภาคตะวันออก,545,10469
2025-09-20,GL-B-014,ภาคเหนือ,465,8679
2025-09-20,GL-B-014,ภาคใต้,566,12635
2025-09-20,MK-C-028,กรุงเทพฯ,659,13402
2025-09-20,MK-C-028,ภาคกลาง,545,10510
2025-09-20,MK-C-028,ภาคตะวันออก,417,7167
2025-09-20,MK-C-028,ภาคเหนือ,378,7185
2025-09-20,MK-C-028,ภาคใต้,461,8648
2025-09-20,SY-D-039,กรุงเทพฯ,475,9173
2025-09-20,SY-D-039,ภาคกลาง,365,5792
2025-09-20,SY-D-039,ภาคตะวันออก,286,5511
2025-09-20,SY-D-039,ภาคเหนือ,237,4617
2025-09-20,SY-D-039,ภาคใต้,280,6036
2025-09-20,AG-E-052,กรุงเทพฯ,142,2634
2025-09-20,AG-E-052,ภาคกลาง,101,1703
2025-09-20,AG-E-052,ภาคตะวันออก,85,1466
2025-09-20,AG-E-052,ภาคเหนือ,70,1351
2025-09-20,AG-E-052,ภาคใต้,92,1727
2025-09-21,TK-A-001,กรุงเทพฯ,162,3228
2025-09-21,TK-A-001,ภาคกลาง,130,2714
2025-09-21,TK-A-001,ภาคตะวันออก,115,1865
2025-09-21,TK-A-001,ภาคเหนือ,97,1975
2025-09-21,TK-A-001,ภาคใต้,117,2126
2025-09-21,GL-B-014,กรุงเทพฯ,895,15639
2025-09-21,GL-B-014,ภาคกลาง,799,13810
2025-09-21,GL-B-014,ภาคตะวันออก,582,10149
2025-09-21,GL-B-014,ภาคเหนือ,524,8836
2025-09-21,GL-B-014,ภาคใต้,662,11503
2025-09-21,MK-C-028,กรุงเทพฯ,728,13123
2025-09-21,MK-C-028,ภาคกลาง,532,9729
2025-09-21,MK-C-028,ภาคตะวันออก,366,7638
2025-09-21,MK-C-028,ภาคเหนือ,344,5919
2025-09-21,MK-C-028,ภาคใต้,444,9201
2025-09-21,SY-D-039,กรุงเทพฯ,409,7070
2025-09-21,SY-D-039,ภาคกลาง,377,6458
2025-09-21,SY-D-039,ภาคตะวันออก,258,4415
2025-09-21,SY-D-039,ภาคเหนือ,251,3787
2025-09-21,SY-D-039,ภาคใต้,306,5094
2025-09-21,AG-E-052,กรุงเทพฯ,135,2650
2025-09-21,AG-E-052,ภาคกลาง,118,1694
2025-09-21,AG-E-052,ภาคตะวันออก,86,1404
2025-09-21,AG-E-052,ภาคเหนือ,74,1379
2025-09-21,AG-E-052,ภาคใต้,90,1467
2025-09-22,TK-A-001,กรุงเทพฯ,181,3269
2025-09-22,TK-A-001,ภาคกลาง,137,2239
2025-09-22,TK-A-001,ภาคตะวันออก,102,2028
2025-09-22,TK-A-001,ภาคเหนือ,98,1796
2025-09-22,TK-A-001,ภาคใต้,130,2479
2025-09-22,GL-B-014,กรุงเทพฯ,876,16438
2025-09-22,GL-B-014,ภาคกลาง,757,13477
2025-09-22,GL-B-014,ภาคตะวันออก,532,10096
2025-09-22,GL-B-014,ภาคเหนือ,503,10212
2025-09-22,GL-B-014,ภาคใต้,617,10783
2025-09-22,MK-C-028,กรุงเทพฯ,666,13441
2025-09-22,MK-C-028,ภาคกลาง,579,10869
2025-09-22,MK-C-028,ภาคตะวันออก,374,6836
2025-09-22,MK-C-028,ภาคเหนือ,370,7270
2025-09-22,MK-C-028,ภาคใต้,479,7079
2025-09-22,SY-D-039,กรุงเทพฯ,447,7110
2025-09-22,SY-D-039,ภาคกลาง,346,5524
2025-09-22,SY-D-039,ภาคตะวันออก,250,4441
2025-09-22,SY-D-039,ภาคเหนือ,234,3945
2025-09-22,SY-D-039,ภาคใต้,294,5623
2025-09-22,AG-E-052,กรุงเทพฯ,145,2274
2025-09-22,AG-E-052,ภาคกลาง,111,1676
2025-09-22,AG-E-052,ภาคตะวันออก,80,1370
2025-09-22,AG-E-052,ภาคเหนือ,68,1287
2025-09-22,AG-E-052,ภาคใต้,91,1855
2025-09-23,TK-A-001,กรุงเทพฯ,168,3028
2025-09-23,TK-A-001,ภาคกลาง,138,2759
2025-09-23,TK-A-001,ภาคตะวันออก,103,1957
2025-09-23,TK-A-001,ภาคเหนือ,88,1518
2025-09-23,TK-A-001,ภาคใต้,125,2437
2025-09-23,GL-B-014,กรุงเทพฯ,948,15371
2025-09-23,GL-B-014,ภาคกลาง,807,13415
2025-09-23,GL-B-014,ภาคตะวันออก,526,11519
2025-09-23,GL-B-014,ภาคเหนือ,481,8470
2025-09-23,GL-B-014,ภาคใต้,633,12540
2025-09-23,MK-C-028,กรุงเทพฯ,627,10834
2025-09-23,MK-C-028,ภาคกลาง,494,9627
2025-09-23,MK-C-028,ภาคตะวันออก,365,7893
2025-09-23,MK-C-028,ภาคเหนือ,376,7180
2025-09-23,MK-C-028,ภาคใต้,483,8340
2025-09-23,SY-D-039,กรุงเทพฯ,423,8431
2025-09-23,SY-D-039,ภาคกลาง,381,6233
2025-09-23,SY-D-039,ภาคตะวันออก,293,5158
2025-09-23,SY-D-039,ภาคเหนือ,253,4078
2025-09-23,SY-D-039,ภาคใต้,324,5535
2025-09-23,AG-E-052,กรุงเทพฯ,143,2243
2025-09-23,AG-E-052,ภาคกลาง,106,2211
2025-09-23,AG-E-052,ภาคตะวันออก,84,1270
2025-09-23,AG-E-052,ภาคเหนือ,73,1442
2025-09-23,AG-E-052,ภาคใต้,91,1393
2025-09-24,TK-A-001,กรุงเทพฯ,168,2912
2025-09-24,TK-A-001,ภาคกลาง,148,2534
2025-09-24,TK-A-001,ภาคตะวันออก,102,2159
2025-09-24,TK-A-001,ภาคเหนือ,88,1852
2025-09-24,TK-A-001,ภาคใต้,124,2390
2025-09-24,GL-B-014,กรุงเทพฯ,860,16447
2025-09-24,GL-B-014,ภาคกลาง,772,14664
2025-09-24,GL-B-014,ภาคตะวันออก,530,11065
2025-09-24,GL-B-014,ภาคเหนือ,506,8497
2025-09-24,GL-B-014,ภาคใต้,616,11895
2025-09-24,MK-C-028,กรุงเทพฯ,667,13287
2025-09-24,MK-C-028,ภาคกลาง,497,10423
2025-09-24,MK-C-028,ภาคตะวันออก,426,6798
2025-09-24,MK-C-028,ภาคเหนือ,346,6981
2025-09-24,MK-C-028,ภาคใต้,408,8167
2025-09-24,SY-D-039,กรุงเทพฯ,442,8206
2025-09-24,SY-D-039,ภาคกลาง,385,5663
2025-09-24,SY-D-039,ภาคตะวันออก,287,5028
2025-09-24,SY-D-039,ภาคเหนือ,253,4672
2025-09-24,SY-D-039,ภาคใต้,328,4762
2025-09-24,AG-E-052,กรุงเทพฯ,134,2167
2025-09-24,AG-E-052,ภาคกลาง,109,2173
2025-09-24,AG-E-052,ภาคตะวันออก,81,1615
2025-09-24,AG-E-052,ภาคเหนือ,69,1271
2025-09-24,AG-E-052,ภาคใต้,82,1784
2025-09-25,TK-A-001,กรุงเทพฯ,185,2776
2025-09-25,TK-A-001,ภาคกลาง,138,2818
2025-09-25,TK-A-001,ภาคตะวันออก,101,1876
2025-09-25,TK-A-001,ภาคเหนือ,87,1668
2025-09-25,TK-A-001,ภาคใต้,128,2400
2025-09-25,GL-B-014,กรุงเทพฯ,908,15492
2025-09-25,GL-B-014,ภาคกลาง,717,14015
2025-09-25,GL-B-014,ภาคตะวันออก,603,9990
2025-09-25,GL-B-014,ภาคเหนือ,527,9340
2025-09-25,GL-B-014,ภาคใต้,681,10863
2025-09-25,MK-C-028,กรุงเทพฯ,627,10799
2025-09-25,MK-C-028,ภาคกลาง,523,10512
2025-09-25,MK-C-028,ภาคตะวันออก,391,6567
2025-09-25,MK-C-028,ภาคเหนือ,352,6576
2025-09-25,MK-C-028,ภาคใต้,460,8098
2025-09-25,SY-D-039,กรุงเทพฯ,461,7174
2025-09-25,SY-D-039,ภาคกลาง,376,6157
2025-09-25,SY-D-039,ภาคตะวันออก,288,4835
2025-09-25,SY-D-039,ภาคเหนือ,260,3949
2025-09-25,SY-D-039,ภาคใต้,317,5721
2025-09-25,AG-E-052,กรุงเทพฯ,123,2094
2025-09-25,AG-E-052,ภาคกลาง,114,2126
2025-09-25,AG-E-052,ภาคตะวันออก,83,1564
2025-09-25,AG-E-052,ภาคเหนือ,67,1449
2025-09-25,AG-E-052,ภาคใต้,96,1530
2025-09-26,TK-A-001,กรุงเทพฯ,193,3705
2025-09-26,TK-A-001,ภาคกลาง,145,2312
2025-09-26,TK-A-001,ภาคตะวันออก,109,1660
2025-09-26,TK-A-001,ภาคเหนือ,92,1890
2025-09-26,TK-A-001,ภาคใต้,116,1919
2025-09-26,GL-B-014,กรุงเทพฯ,975,18954
2025-09-26,GL-B-014,ภาคกลาง,679,14638
2025-09-26,GL-B-014,ภาคตะวันออก,530,10315
2025-09-26,GL-B-014,ภาคเหนือ,465,9740
2025-09-26,GL-B-014,ภาคใต้,648,10659
2025-09-26,MK-C-028,กรุงเทพฯ,670,13342
2025-09-26,MK-C-028,ภาคกลาง,525,8902
2025-09-26,MK-C-028,ภาคตะวันออก,410,7129
2025-09-26,MK-C-028,ภาคเหนือ,371,6975
2025-09-26,MK-C-028,ภาคใต้,480,8198
2025-09-26,SY-D-039,กรุงเทพฯ,428,7375
2025-09-26,SY-D-039,ภาคกลาง,334,6700
2025-09-26,SY-D-039,ภาคตะวันออก,265,4926
2025-09-26,SY-D-039,ภาคเหนือ,230,4096
2025-09-26,SY-D-039,ภาคใต้,327,5717
2025-09-26,AG-E-052,กรุงเทพฯ,138,2276
2025-09-26,AG-E-052,ภาคกลาง,100,1799
2025-09-26,AG-E-052,ภาคตะวันออก,84,1344
2025-09-26,AG-E-052,ภาคเหนือ,78,1319
2025-09-26,AG-E-052,ภาคใต้,86,1679
2025-09-27,TK-A-001,กรุงเทพฯ,173,3717
2025-09-27,TK-A-001,ภาคกลาง,146,2660
2025-09-27,TK-A-001,ภาคตะวันออก,115,2060
2025-09-27,TK-A-001,ภาคเหนือ,95,1865
2025-09-27,TK-A-001,ภาคใต้,120,1982
2025-09-27,GL-B-014,กรุงเทพฯ,996,15996
2025-09-27,GL-B-014,ภาคกลาง,762,14370
2025-09-27,GL-B-014,ภาคตะวันออก,544,9780
2025-09-27,GL-B-014,ภาคเหนือ,493,9822
2025-09-27,GL-B-014,ภาคใต้,667,10768
2025-09-27,MK-C-028,กรุงเทพฯ,659,10391
2025-09-27,MK-C-028,ภาคกลาง,570,8777
2025-09-27,MK-C-028,ภาคตะวันออก,375,7293
2025-09-27,MK-C-028,ภาคเหนือ,353,6353
2025-09-27,MK-C-028,ภาคใต้,460,8907
2025-09-27,SY-D-039,กรุงเทพฯ,468,8727
2025-09-27,SY-D-039,ภาคกลาง,382,6309
2025-09-27,SY-D-039,ภาคตะวันออก,280,5588
2025-09-27,SY-D-039,ภาคเหนือ,222,3788
2025-09-27,SY-D-039,ภาคใต้,288,6122
2025-09-27,AG-E-052,กรุงเทพฯ,126,2255
2025-09-27,AG-E-052,ภาคกลาง,109,2212
2025-09-27,AG-E-052,ภาคตะวันออก,82,1326
2025-09-27,AG-E-052,ภาคเหนือ,77,1267
2025-09-27,AG-E-052,ภาคใต้,94,1654
2025-09-28,TK-A-001,กรุงเทพฯ,183,2803
2025-09-28,TK-A-001,ภาคกลาง,140,2442
2025-09-28,TK-A-001,ภาคตะวันออก,111,1881
2025-09-28,TK-A-001,ภาคเหนือ,105,1643
2025-09-28,TK-A-001,ภาคใต้,120,1922
2025-09-28,GL-B-014,กรุงเทพฯ,884,18419
2025-09-28,GL-B-014,ภาคกลาง,810,15356
2025-09-28,GL-B-014,ภาคตะวันออก,582,11453
2025-09-28,GL-B-014,ภาคเหนือ,475,8352
2025-09-28,GL-B-014,ภาคใต้,632,10605
2025-09-28,MK-C-028,กรุงเทพฯ,654,12330
2025-09-28,MK-C-028,ภาคกลาง,554,9851
2025-09-28,MK-C-028,ภาคตะวันออก,423,7729
2025-09-28,MK-C-028,ภาคเหนือ,390,6781
2025-09-28,MK-C-028,ภาคใต้,462,8465
2025-09-28,SY-D-039,กรุงเทพฯ,470,7849
2025-09-28,SY-D-039,ภาคกลาง,374,6292
2025-09-28,SY-D-039,ภาคตะวันออก,257,4742
2025-09-28,SY-D-039,ภาคเหนือ,225,4948
2025-09-28,SY-D-039,ภาคใต้,314,6182
2025-09-28,AG-E-052,กรุงเทพฯ,144,2626
2025-09-28,AG-E-052,ภาคกลาง,119,2128
2025-09-28,AG-E-052,ภาคตะวันออก,76,1258
2025-09-28,AG-E-052,ภาคเหนือ,78,1137
2025-09-28,AG-E-052,ภาคใต้,98,1799
2025-09-29,TK-A-001,กรุงเทพฯ,169,3438
2025-09-29,TK-A-001,ภาคกลาง,130,2672
2025-09-29,TK-A-001,ภาคตะวันออก,112,1854
2025-09-29,TK-A-001,ภาคเหนือ,101,1786
2025-09-29,TK-A-001,ภาคใต้,122,1853
2025-09-29,GL-B-014,กรุงเทพฯ,941,14456
2025-09-29,GL-B-014,ภาคกลาง,706,11527
2025-09-29,GL-B-014,ภาคตะวันออก,564,10704
2025-09-29,GL-B-014,ภาคเหนือ,462,9032
2025-09-29,GL-B-014,ภาคใต้,662,11036
2025-09-29,MK-C-028,กรุงเทพฯ,669,11211
2025-09-29,MK-C-028,ภาคกลาง,575,9678
2025-09-29,MK-C-028,ภาคตะวันออก,372,8068
2025-09-29,MK-C-028,ภาคเหนือ,353,6673
2025-09-29,MK-C-028,ภาคใต้,476,7588
2025-09-29,SY-D-039,กรุงเทพฯ,431,7808
2025-09-29,SY-D-039,ภาคกลาง,361,7055
2025-09-29,SY-D-039,ภาคตะวันออก,243,4990
2025-09-29,SY-D-039,ภาคเหนือ,218,4325
2025-09-29,SY-D-039,ภาคใต้,308,5299
2025-09-29,AG-E-052,กรุงเทพฯ,140,2105
2025-09-29,AG-E-052,ภาคกลาง,102,1954
2025-09-29,AG-E-052,ภาคตะวันออก,82,1365
2025-09-29,AG-E-052,ภาคเหนือ,71,1287
2025-09-29,AG-E-052,ภาคใต้,94,1464
2025-09-30,TK-A-001,กรุงเทพฯ,168,3516
2025-09-30,TK-A-001,ภาคกลาง,131,2590
2025-09-30,TK-A-001,ภาคตะวันออก,105,1725
2025-09-30,TK-A-001,ภาคเหนือ,105,1915
2025-09-30,TK-A-001,ภาคใต้,115,2027
2025-09-30,GL-B-014,กรุงเทพฯ,1009,15005
2025-09-30,GL-B-014,ภาคกลาง,795,13995
2025-09-30,GL-B-014,ภาคตะวันออก,596,10155
2025-09-30,GL-B-014,ภาคเหนือ,479,8774
2025-09-30,GL-B-014,ภาคใต้,591,10960
2025-09-30,MK-C-028,กรุงเทพฯ,695,12590
2025-09-30,MK-C-028,ภาคกลาง,530,9171
2025-09-30,MK-C-028,ภาคตะวันออก,442,8222
2025-09-30,MK-C-028,ภาคเหนือ,343,5559
2025-09-30,MK-C-028,ภาคใต้,475,7764
2025-09-30,SY-D-039,กรุงเทพฯ,426,7319
2025-09-30,SY-D-039,ภาคกลาง,325,6209
2025-09-30,SY-D-039,ภาคตะวันออก,257,5164
2025-09-30,SY-D-039,ภาคเหนือ,255,3973
2025-09-30,SY-D-039,ภาคใต้,276,5503
2025-09-30,AG-E-052,กรุงเทพฯ,132,2587
2025-09-30,AG-E-052,ภาคกลาง,107,1858
2025-09-30,AG-E-052,ภาคตะวันออก,77,1552
2025-09-30,AG-E-052,ภาคเหนือ,65,1172
2025-09-30,AG-E-052,ภาคใต้,85,1645
2025-10-01,TK-A-001,กรุงเทพฯ,194,2903
2025-10-01,TK-A-001,ภาคกลาง,152,2444
2025-10-01,TK-A-001,ภาคตะวันออก,100,1767
2025-10-01,TK-A-001,ภาคเหนือ,104,1514
2025-10-01,TK-A-001,ภาคใต้,118,1973
2025-10-01,GL-B-014,กรุงเทพฯ,996,15527
2025-10-01,GL-B-014,ภาคกลาง,774,14224
2025-10-01,GL-B-014,ภาคตะวันออก,561,8709
2025-10-01,GL-B-014,ภาคเหนือ,528,8692
2025-10-01,GL-B-014,ภาคใต้,577,9684
2025-10-01,MK-C-028,กรุงเทพฯ,638,12262
2025-10-01,MK-C-028,ภาคกลาง,585,9434
2025-10-01,MK-C-028,ภาคตะวันออก,428,7566
2025-10-01,MK-C-028,ภาคเหนือ,329,7082
2025-10-01,MK-C-028,ภาคใต้,462,7643
2025-10-01,SY-D-039,กรุงเทพฯ,421,8727
2025-10-01,SY-D-039,ภาคกลาง,341,5935
2025-10-01,SY-D-039,ภาคตะวันออก,265,4650
2025-10-01,SY-D-039,ภาคเหนือ,232,4886
2025-10-01,SY-D-039,ภาคใต้,329,5832
2025-10-01,AG-E-052,กรุงเทพฯ,132,2703
2025-10-01,AG-E-052,ภาคกลาง,99,1802
2025-10-01,AG-E-052,ภาคตะวันออก,84,1354
2025-10-01,AG-E-052,ภาคเหนือ,66,1176
2025-10-01,AG-E-052,ภาคใต้,86,1729
2025-10-02,TK-A-001,กรุงเทพฯ,191,3296
2025-10-02,TK-A-001,ภาคกลาง,134,2321
2025-10-02,TK-A-001,ภาคตะวันออก,117,2147
2025-10-02,TK-A-001,ภาคเหนือ,102,1884
2025-10-02,TK-A-001,ภาคใต้,132,2081
2025-10-02,GL-B-014,กรุงเทพฯ,988,18446
2025-10-02,GL-B-014,ภาคกลาง,817,12815
2025-10-02,GL-B-014,ภาคตะวันออก,571,10932
2025-10-02,GL-B-014,ภาคเหนือ,500,8429
2025-10-02,GL-B-014,ภาคใต้,644,11452
2025-10-02,MK-C-028,กรุงเทพฯ,716,12828
2025-10-02,MK-C-028,ภาคกลาง,489,8636
2025-10-02,MK-C-028,ภาคตะวันออก,433,7617
2025-10-02,MK-C-028,ภาคเหนือ,359,6802
2025-10-02,MK-C-028,ภาคใต้,440,8182
2025-10-02,SY-D-039,กรุงเทพฯ,413,7708
2025-10-02,SY-D-039,ภาคกลาง,378,6252
2025-10-02,SY-D-039,ภาคตะวันออก,289,5073
2025-10-02,SY-D-039,ภาคเหนือ,223,4323
2025-10-02,SY-D-039,ภาคใต้,319,5846
2025-10-02,AG-E-052,กรุงเทพฯ,139,2111
2025-10-02,AG-E-052,ภาคกลาง,105,1654
2025-10-02,AG-E-052,ภาคตะวันออก,84,1280
2025-10-02,AG-E-052,ภาคเหนือ,67,1339
2025-10-02,AG-E-052,ภาคใต้,92,1591
2025-10-03,TK-A-001,กรุงเทพฯ,197,2784
2025-10-03,TK-A-001,ภาคกลาง,153,2606
2025-10-03,TK-A-001,ภาคตะวันออก,108,1748
2025-10-03,TK-A-001,ภาคเหนือ,97,1952
2025-10-03,TK-A-001,ภาคใต้,130,1884
2025-10-03,GL-B-014,กรุงเทพฯ,896,15785
2025-10-03,GL-B-014,ภาคกลาง,761,13506
2025-10-03,GL-B-014,ภาคตะวันออก,552,11234
2025-10-03,GL-B-014,ภาคเหนือ,489,7753
2025-10-03,GL-B-014,ภาคใต้,582,12040
2025-10-03,MK-C-028,กรุงเทพฯ,660,12261
2025-10-03,MK-C-028,ภาคกลาง,565,10338
2025-10-03,MK-C-028,ภาคตะวันออก,429,7004
2025-10-03,MK-C-028,ภาคเหนือ,369,5841
2025-10-03,MK-C-028,ภาคใต้,491,9267
2025-10-03,SY-D-039,กรุงเทพฯ,463,8579
2025-10-03,SY-D-039,ภาคกลาง,333,7414
2025-10-03,SY-D-039,ภาคตะวันออก,254,5427
2025-10-03,SY-D-039,ภาคเหนือ,235,3992
2025-10-03,SY-D-039,ภาคใต้,308,5893
2025-10-03,AG-E-052,กรุงเทพฯ,136,2769
2025-10-03,AG-E-052,ภาคกลาง,99,1767
2025-10-03,AG-E-052,ภาคตะวันออก,74,1302
2025-10-03,AG-E-052,ภาคเหนือ,77,1162
2025-10-03,AG-E-052,ภาคใต้,83,1510
2025-10-04,TK-A-001,กรุงเทพฯ,175,3710
2025-10-04,TK-A-001,ภาคกลาง,146,2299
2025-10-04,TK-A-001,ภาคตะวันออก,117,1872
2025-10-04,TK-A-001,ภาคเหนือ,89,1901
2025-10-04,TK-A-001,ภาคใต้,116,1994
2025-10-04,GL-B-014,กรุงเทพฯ,1003,18202
2025-10-04,GL-B-014,ภาคกลาง,683,14384
2025-10-04,GL-B-014,ภาคตะวันออก,522,11474
2025-10-04,GL-B-014,ภาคเหนือ,536,8605
2025-10-04,GL-B-014,ภาคใต้,643,11914
2025-10-04,MK-C-028,กรุงเทพฯ,677,10938
2025-10-04,MK-C-028,ภาคกลาง,542,8703
2025-10-04,MK-C-028,ภาคตะวันออก,377,6905
2025-10-04,MK-C-028,ภาคเหนือ,372,6695
2025-10-04,MK-C-028,ภาคใต้,456,9145
2025-10-04,SY-D-039,กรุงเทพฯ,433,9279
2025-10-04,SY-D-039,ภาคกลาง,378,6422
2025-10-04,SY-D-039,ภาคตะวันออก,285,5134
2025-10-04,SY-D-039,ภาคเหนือ,256,4071
2025-10-04,SY-D-039,ภาคใต้,279,5592
2025-10-04,AG-E-052,กรุงเทพฯ,139,2369
2025-10-04,AG-E-052,ภาคกลาง,115,1951
2025-10-04,AG-E-052,ภาคตะวันออก,89,1658
2025-10-04,AG-E-052,ภาคเหนือ,70,1250
2025-10-04,AG-E-052,ภาคใต้,93,1630
2025-10-05,TK-A-001,กรุงเทพฯ,188,2777
2025-10-05,TK-A-001,ภาคกลาง,149,2301
2025-10-05,TK-A-001,ภาคตะวันออก,111,2100
2025-10-05,TK-A-001,ภาคเหนือ,91,1612
2025-10-05,TK-A-001,ภาคใต้,117,2444
2025-10-05,GL-B-014,กรุงเทพฯ,934,17676
2025-10-05,GL-B-014,ภาคกลาง,749,14313
2025-10-05,GL-B-014,ภาคตะวันออก,526,9993
2025-10-05,GL-B-014,ภาคเหนือ,528,8764
2025-10-05,GL-B-014,ภาคใต้,593,12716
2025-10-05,MK-C-028,กรุงเทพฯ,637,11336
2025-10-05,MK-C-028,ภาคกลาง,561,8993
2025-10-05,MK-C-028,ภาคตะวันออก,402,6604
2025-10-05,MK-C-028,ภาคเหนือ,386,6279
2025-10-05,MK-C-028,ภาคใต้,406,7849
2025-10-05,SY-D-039,กรุงเทพฯ,489,8833
2025-10-05,SY-D-039,ภาคกลาง,345,6760
2025-10-05,SY-D-039,ภาคตะวันออก,273,5574
2025-10-05,SY-D-039,ภาคเหนือ,233,4036
2025-10-05,SY-D-039,ภาคใต้,289,4736
2025-10-05,AG-E-052,กรุงเทพฯ,123,2584
2025-10-05,AG-E-052,ภาคกลาง,103,2000
2025-10-05,AG-E-052,ภาคตะวันออก,80,1618
2025-10-05,AG-E-052,ภาคเหนือ,70,1193
2025-10-05,AG-E-052,ภาคใต้,97,1702
2025-10-06,TK-A-001,กรุงเทพฯ,196,2760
2025-10-06,TK-A-001,ภาคกลาง,139,2737
2025-10-06,TK-A-001,ภาคตะวันออก,115,2096
2025-10-06,TK-A-001,ภาคเหนือ,95,1697
2025-10-06,TK-A-001,ภาคใต้,126,2380
2025-10-06,GL-B-014,กรุงเทพฯ,951,14453
2025-10-06,GL-B-014,ภาคกลาง,818,14029
2025-10-06,GL-B-014,ภาคตะวันออก,559,9042
2025-10-06,GL-B-014,ภาคเหนือ,511,8308
2025-10-06,GL-B-014,ภาคใต้,652,11105
2025-10-06,MK-C-028,กรุงเทพฯ,695,11256
2025-10-06,MK-C-028,ภาคกลาง,553,8524
2025-10-06,MK-C-028,ภาคตะวันออก,438,7367
2025-10-06,MK-C-028,ภาคเหนือ,387,6639
2025-10-06,MK-C-028,ภาคใต้,455,9045
2025-10-06,SY-D-039,กรุงเทพฯ,460,8693
2025-10-06,SY-D-039,ภาคกลาง,366,6081
2025-10-06,SY-D-039,ภาคตะวันออก,252,4213
2025-10-06,SY-D-039,ภาคเหนือ,251,4203
2025-10-06,SY-D-039,ภาคใต้,282,5358
2025-10-06,AG-E-052,กรุงเทพฯ,127,2621
2025-10-06,AG-E-052,ภาคกลาง,115,1756
2025-10-06,AG-E-052,ภาคตะวันออก,87,1451
2025-10-06,AG-E-052,ภาคเหนือ,78,1200
2025-10-06,AG-E-052,ภาคใต้,90,1706
2025-10-07,TK-A-001,กรุงเทพฯ,182,3238
2025-10-07,TK-A-001,ภาคกลาง,152,2758
2025-10-07,TK-A-001,ภาคตะวันออก,112,2129
2025-10-07,TK-A-001,ภาคเหนือ,105,1510
2025-10-07,TK-A-001,ภาคใต้,126,2416
2025-10-07,GL-B-014,กรุงเทพฯ,1017,17073
2025-10-07,GL-B-014,ภาคกลาง,809,11849
2025-10-07,GL-B-014,ภาคตะวันออก,608,11240
2025-10-07,GL-B-014,ภาคเหนือ,545,10058
2025-10-07,GL-B-014,ภาคใต้,588,9891
2025-10-07,MK-C-028,กรุงเทพฯ,635,10575
2025-10-07,MK-C-028,ภาคกลาง,523,9262
2025-10-07,MK-C-028,ภาคตะวันออก,394,7236
2025-10-07,MK-C-028,ภาคเหนือ,344,6724
2025-10-07,MK-C-028,ภาคใต้,447,8431
2025-10-07,SY-D-039,กรุงเทพฯ,454,7211
2025-10-07,SY-D-039,ภาคกลาง,334,7013
2025-10-07,SY-D-039,ภาคตะวันออก,267,5390
2025-10-07,SY-D-039,ภาคเหนือ,259,3946
2025-10-07,SY-D-039,ภาคใต้,302,5419
2025-10-07,AG-E-052,กรุงเทพฯ,126,2538
2025-10-07,AG-E-052,ภาคกลาง,108,1850
2025-10-07,AG-E-052,ภาคตะวันออก,77,1374
2025-10-07,AG-E-052,ภาคเหนือ,77,1133
2025-10-07,AG-E-052,ภาคใต้,95,1448
2025-10-08,TK-A-001,กรุงเทพฯ,182,3012
2025-10-08,TK-A-001,ภาคกลาง,150,2654
2025-10-08,TK-A-001,ภาคตะวันออก,113,1924
2025-10-08,TK-A-001,ภาคเหนือ,90,1700
2025-10-08,TK-A-001,ภาคใต้,128,2081
2025-10-08,GL-B-014,กรุงเทพฯ,921,14900
2025-10-08,GL-B-014,ภาคกลาง,728,14433
2025-10-08,GL-B-014,ภาคตะวันออก,556,8807
2025-10-08,GL-B-014,ภาคเหนือ,519,9069
2025-10-08,GL-B-014,ภาคใต้,645,10053
2025-10-08,MK-C-028,กรุงเทพฯ,635,13296
2025-10-08,MK-C-028,ภาคกลาง,525,9766
2025-10-08,MK-C-028,ภาคตะวันออก,435,6699
2025-10-08,MK-C-028,ภาคเหนือ,345,7311
2025-10-08,MK-C-028,ภาคใต้,495,7667
2025-10-08,SY-D-039,กรุงเทพฯ,413,9128
2025-10-08,SY-D-039,ภาคกลาง,333,6808
2025-10-08,SY-D-039,ภาคตะวันออก,289,5512
2025-10-08,SY-D-039,ภาคเหนือ,238,4597
2025-10-08,SY-D-039,ภาคใต้,288,5284
2025-10-08,AG-E-052,กรุงเทพฯ,144,2792
2025-10-08,AG-E-052,ภาคกลาง,110,2024
2025-10-08,AG-E-052,ภาคตะวันออก,82,1623
2025-10-08,AG-E-052,ภาคเหนือ,69,1316
2025-10-08,AG-E-052,ภาคใต้,98,1418
2025-10-09,TK-A-001,กรุงเทพฯ,179,2916
2025-10-09,TK-A-001,ภาคกลาง,133,2728
2025-10-09,TK-A-001,ภาคตะวันออก,112,2234
2025-10-09,TK-A-001,ภาคเหนือ,96,1582
2025-10-09,TK-A-001,ภาคใต้,114,2260
2025-10-09,GL-B-014,กรุงเทพฯ,887,15696
2025-10-09,GL-B-014,ภาคกลาง,689,14480
2025-10-09,GL-B-014,ภาคตะวันออก,571,10375
2025-10-09,GL-B-014,ภาคเหนือ,521,9416
2025-10-09,GL-B-014,ภาคใต้,578,10752
2025-10-09,MK-C-028,กรุงเทพฯ,733,12459
2025-10-09,MK-C-028,ภาคกลาง,520,10257
2025-10-09,MK-C-028,ภาคตะวันออก,442,6460
2025-10-09,MK-C-028,ภาคเหนือ,368,5534
2025-10-09,MK-C-028,ภาคใต้,474,8321
2025-10-09,SY-D-039,กรุงเทพฯ,467,7401
2025-10-09,SY-D-039,ภาคกลาง,357,6007
2025-10-09,SY-D-039,ภาคตะวันออก,291,4837
2025-10-09,SY-D-039,ภาคเหนือ,248,4217
2025-10-09,SY-D-039,ภาคใต้,303,4975
2025-10-09,AG-E-052,กรุงเทพฯ,139,2247
2025-10-09,AG-E-052,ภาคกลาง,107,2161
2025-10-09,AG-E-052,ภาคตะวันออก,85,1475
2025-10-09,AG-E-052,ภาคเหนือ,65,1421
2025-10-09,AG-E-052,ภาคใต้,87,1804
2025-10-10,TK-A-001,กรุงเทพฯ,198,3191
2025-10-10,TK-A-001,ภาคกลาง,141,2910
2025-10-10,TK-A-001,ภาคตะวันออก,101,2001
2025-10-10,TK-A-001,ภาคเหนือ,88,1796
2025-10-10,TK-A-001,ภาคใต้,111,2419
2025-10-10,GL-B-014,กรุงเทพฯ,1004,19118
2025-10-10,GL-B-014,ภาคกลาง,786,11973
2025-10-10,GL-B-014,ภาคตะวันออก,593,8751
2025-10-10,GL-B-014,ภาคเหนือ,512,8486
2025-10-10,GL-B-014,ภาคใต้,678,12645
2025-10-10,MK-C-028,กรุงเทพฯ,616,10946
2025-10-10,MK-C-028,ภาคกลาง,530,9865
2025-10-10,MK-C-028,ภาคตะวันออก,399,6506
2025-10-10,MK-C-028,ภาคเหนือ,361,6290
2025-10-10,MK-C-028,ภาคใต้,455,8072
2025-10-10,SY-D-039,กรุงเทพฯ,446,7387
2025-10-10,SY-D-039,ภาคกลาง,367,6719
2025-10-10,SY-D-039,ภาคตะวันออก,253,4453
2025-10-10,SY-D-039,ภาคเหนือ,216,4775
2025-10-10,SY-D-039,ภาคใต้,318,5069
2025-10-10,AG-E-052,กรุงเทพฯ,141,2407
2025-10-10,AG-E-052,ภาคกลาง,103,2112
2025-10-10,AG-E-052,ภาคตะวันออก,79,1480
2025-10-10,AG-E-052,ภาคเหนือ,73,1420
2025-10-10,AG-E-052,ภาคใต้,83,1389
2025-10-11,TK-A-001,กรุงเทพฯ,175,3290
2025-10-11,TK-A-001,ภาคกลาง,152,2866
2025-10-11,TK-A-001,ภาคตะวันออก,116,1929
2025-10-11,TK-A-001,ภาคเหนือ,87,1669
2025-10-11,TK-A-001,ภาคใต้,120,2398
2025-10-11,GL-B-014,กรุงเทพฯ,970,15479
2025-10-11,GL-B-014,ภาคกลาง,794,15058
2025-10-11,GL-B-014,ภาคตะวันออก,518,9430
2025-10-11,GL-B-014,ภาคเหนือ,533,8047
2025-10-11,GL-B-014,ภาคใต้,579,11178
2025-10-11,MK-C-028,กรุงเทพฯ,663,11500
2025-10-11,MK-C-028,ภาคกลาง,592,10756
2025-10-11,MK-C-028,ภาคตะวันออก,367,7191
2025-10-11,MK-C-028,ภาคเหนือ,379,6547
2025-10-11,MK-C-028,ภาคใต้,468,7585
2025-10-11,SY-D-039,กรุงเทพฯ,440,7010
2025-10-11,SY-D-039,ภาคกลาง,379,5618
2025-10-11,SY-D-039,ภาคตะวันออก,251,4243
2025-10-11,SY-D-039,ภาคเหนือ,253,3693
2025-10-11,SY-D-039,ภาคใต้,275,4744
2025-10-11,AG-E-052,กรุงเทพฯ,135,2623
2025-10-11,AG-E-052,ภาคกลาง,103,1766
2025-10-11,AG-E-052,ภาคตะวันออก,75,1602
2025-10-11,AG-E-052,ภาคเหนือ,69,1324
2025-10-11,AG-E-052,ภาคใต้,85,1492
2025-10-12,TK-A-001,กรุงเทพฯ,191,3317
2025-10-12,TK-A-001,ภาคกลาง,146,2975
2025-10-12,TK-A-001,ภาคตะวันออก,109,1887
2025-10-12,TK-A-001,ภาคเหนือ,88,1841
2025-10-12,TK-A-001,ภาคใต้,124,2270
2025-10-12,GL-B-014,กรุงเทพฯ,1021,18469
2025-10-12,GL-B-014,ภาคกลาง,702,13871
2025-10-12,GL-B-014,ภาคตะวันออก,533,8840
2025-10-12,GL-B-014,ภาคเหนือ,497,9160
2025-10-12,GL-B-014,ภาคใต้,582,10323
2025-10-12,MK-C-028,กรุงเทพฯ,678,13819
2025-10-12,MK-C-028,ภาคกลาง,588,9012
2025-10-12,MK-C-028,ภาคตะวันออก,385,8099
2025-10-12,MK-C-028,ภาคเหนือ,382,6203
2025-10-12,MK-C-028,ภาคใต้,433,7497
2025-10-12,SY-D-039,กรุงเทพฯ,421,8635
2025-10-12,SY-D-039,ภาคกลาง,386,5591
2025-10-12,SY-D-039,ภาคตะวันออก,262,5108
2025-10-12,SY-D-039,ภาคเหนือ,219,4512
2025-10-12,SY-D-039,ภาคใต้,323,5651
2025-10-12,AG-E-052,กรุงเทพฯ,122,2779
2025-10-12,AG-E-052,ภาคกลาง,100,1904
2025-10-12,AG-E-052,ภาคตะวันออก,86,1516
2025-10-12,AG-E-052,ภาคเหนือ,66,1161
2025-10-12,AG-E-052,ภาคใต้,97,1415
2025-10-13,TK-A-001,กรุงเทพฯ,185,3070
2025-10-13,TK-A-001,ภาคกลาง,136,2879
2025-10-13,TK-A-001,ภาคตะวันออก,116,2138
2025-10-13,TK-A-001,ภาคเหนือ,104,1610
2025-10-13,TK-A-001,ภาคใต้,115,2147
2025-10-13,GL-B-014,กรุงเทพฯ,998,18477
2025-10-13,GL-B-014,ภาคกลาง,776,14430
2025-10-13,GL-B-014,ภาคตะวันออก,609,11007
2025-10-13,GL-B-014,ภาคเหนือ,462,9715
2025-10-13,GL-B-014,ภาคใต้,579,10632
2025-10-13,MK-C-028,กรุงเทพฯ,689,12760
2025-10-13,MK-C-028,ภาคกลาง,585,10979
2025-10-13,MK-C-028,ภาคตะวันออก,428,7449
2025-10-13,MK-C-028,ภาคเหนือ,385,6875
2025-10-13,MK-C-028,ภาคใต้,460,8126
2025-10-13,SY-D-039,กรุงเทพฯ,408,7378
2025-10-13,SY-D-039,ภาคกลาง,395,6424
2025-10-13,SY-D-039,ภาคตะวันออก,250,5482
2025-10-13,SY-D-039,ภาคเหนือ,217,4071
2025-10-13,SY-D-039,ภาคใต้,323,5972
2025-10-13,AG-E-052,กรุงเทพฯ,146,2618
2025-10-13,AG-E-052,ภาคกลาง,101,1981
2025-10-13,AG-E-052,ภาคตะวันออก,73,1375
2025-10-13,AG-E-052,ภาคเหนือ,73,1407
2025-10-13,AG-E-052,ภาคใต้,96,1806
2025-10-14,TK-A-001,กรุงเทพฯ,182,3174
2025-10-14,TK-A-001,ภาคกลาง,158,2581
2025-10-14,TK-A-001,ภาคตะวันออก,116,1920
2025-10-14,TK-A-001,ภาคเหนือ,94,1659
2025-10-14,TK-A-001,ภาคใต้,123,1927
2025-10-14,GL-B-014,กรุงเทพฯ,890,15736
2025-10-14,GL-B-014,ภาคกลาง,757,13643
2025-10-14,GL-B-014,ภาคตะวันออก,562,11538
2025-10-14,GL-B-014,ภาคเหนือ,462,8740
2025-10-14,GL-B-014,ภาคใต้,647,12260
2025-10-14,MK-C-028,กรุงเทพฯ,735,12206
2025-10-14,MK-C-028,ภาคกลาง,577,9229
2025-10-14,MK-C-028,ภาคตะวันออก,369,6893
2025-10-14,MK-C-028,ภาคเหนือ,355,5837
2025-10-14,MK-C-028,ภาคใต้,482,8761
2025-10-14,SY-D-039,กรุงเทพฯ,461,8180
2025-10-14,SY-D-039,ภาคกลาง,390,5642
2025-10-14,SY-D-039,ภาคตะวันออก,267,4380
2025-10-14,SY-D-039,ภาคเหนือ,241,4890
2025-10-14,SY-D-039,ภาคใต้,292,5389
2025-10-14,AG-E-052,กรุงเทพฯ,144,2766
2025-10-14,AG-E-052,ภาคกลาง,114,1929
2025-10-14,AG-E-052,ภาคตะวันออก,87,1552
2025-10-14,AG-E-052,ภาคเหนือ,78,1212
2025-10-14,AG-E-052,ภาคใต้,85,1806
2025-10-15,TK-A-001,กรุงเทพฯ,196,3597
2025-10-15,TK-A-001,ภาคกลาง,135,2683
2025-10-15,TK-A-001,ภาคตะวันออก,101,2188
2025-10-15,TK-A-001,ภาคเหนือ,100,1846
2025-10-15,TK-A-001,ภาคใต้,117,2451
2025-10-15,GL-B-014,กรุงเทพฯ,992,17042
2025-10-15,GL-B-014,ภาคกลาง,688,13066
2025-10-15,GL-B-014,ภาคตะวันออก,608,10371
2025-10-15,GL-B-014,ภาคเหนือ,451,7879
2025-10-15,GL-B-014,ภาคใต้,668,10185
2025-10-15,MK-C-028,กรุงเทพฯ,739,11085
2025-10-15,MK-C-028,ภาคกลาง,574,10837
2025-10-15,MK-C-028,ภาคตะวันออก,430,7980
2025-10-15,MK-C-028,ภาคเหนือ,391,5832
2025-10-15,MK-C-028,ภาคใต้,428,8828
2025-10-15,SY-D-039,กรุงเทพฯ,437,9297
2025-10-15,SY-D-039,ภาคกลาง,347,5948
2025-10-15,SY-D-039,ภาคตะวันออก,295,5542
2025-10-15,SY-D-039,ภาคเหนือ,255,4726
2025-10-15,SY-D-039,ภาคใต้,325,4770
2025-10-15,AG-E-052,กรุงเทพฯ,134,2137
2025-10-15,AG-E-052,ภาคกลาง,102,2169
2025-10-15,AG-E-052,ภาคตะวันออก,78,1367
2025-10-15,AG-E-052,ภาคเหนือ,70,1338
2025-10-15,AG-E-052,ภาคใต้,90,1384
2025-10-16,TK-A-001,กรุงเทพฯ,169,3290
2025-10-16,TK-A-001,ภาคกลาง,140,2472
2025-10-16,TK-A-001,ภาคตะวันออก,104,1844
2025-10-16,TK-A-001,ภาคเหนือ,93,1953
2025-10-16,TK-A-001,ภาคใต้,125,2084
2025-10-16,GL-B-014,กรุงเทพฯ,1012,14649
2025-10-16,GL-B-014,ภาคกลาง,742,14069
2025-10-16,GL-B-014,ภาคตะวันออก,514,8642
2025-10-16,GL-B-014,ภาคเหนือ,536,9816
2025-10-16,GL-B-014,ภาคใต้,643,12465
2025-10-16,MK-C-028,กรุงเทพฯ,608,12121
2025-10-16,MK-C-028,ภาคกลาง,535,10853
2025-10-16,MK-C-028,ภาคตะวันออก,405,7159
2025-10-16,MK-C-028,ภาคเหนือ,373,7424
2025-10-16,MK-C-028,ภาคใต้,488,8907
2025-10-16,SY-D-039,กรุงเทพฯ,412,9152
2025-10-16,SY-D-039,ภาคกลาง,393,6886
2025-10-16,SY-D-039,ภาคตะวันออก,277,4595
2025-10-16,SY-D-039,ภาคเหนือ,248,4216
2025-10-16,SY-D-039,ภาคใต้,297,5022
2025-10-16,AG-E-052,กรุงเทพฯ,143,2633
2025-10-16,AG-E-052,ภาคกลาง,115,2093
2025-10-16,AG-E-052,ภาคตะวันออก,83,1249
2025-10-16,AG-E-052,ภาคเหนือ,68,1393
2025-10-16,AG-E-052,ภาคใต้,97,1826
2025-10-17,TK-A-001,กรุงเทพฯ,181,3338
2025-10-17,TK-A-001,ภาคกลาง,152,2667
2025-10-17,TK-A-001,ภาคตะวันออก,101,1900
2025-10-17,TK-A-001,ภาคเหนือ,105,1916
2025-10-17,TK-A-001,ภาคใต้,130,2099
2025-10-17,GL-B-014,กรุงเทพฯ,902,15442
2025-10-17,GL-B-014,ภาคกลาง,792,12329
2025-10-17,GL-B-014,ภาคตะวันออก,606,11167
2025-10-17,GL-B-014,ภาคเหนือ,514,7904
2025-10-17,GL-B-014,ภาคใต้,638,12791
2025-10-17,MK-C-028,กรุงเทพฯ,648,10622
2025-10-17,MK-C-028,ภาคกลาง,550,10366
2025-10-17,MK-C-028,ภาคตะวันออก,378,7323
2025-10-17,MK-C-028,ภาคเหนือ,379,6234
2025-10-17,MK-C-028,ภาคใต้,424,7270
2025-10-17,SY-D-039,กรุงเทพฯ,412,7894
2025-10-17,SY-D-039,ภาคกลาง,394,7403
2025-10-17,SY-D-039,ภาคตะวันออก,272,5375
2025-10-17,SY-D-039,ภาคเหนือ,250,4494
2025-10-17,SY-D-039,ภาคใต้,307,5807
2025-10-17,AG-E-052,กรุงเทพฯ,127,2460
2025-10-17,AG-E-052,ภาคกลาง,107,1656
2025-10-17,AG-E-052,ภาคตะวันออก,78,1511
2025-10-17,AG-E-052,ภาคเหนือ,67,1370
2025-10-17,AG-E-052,ภาคใต้,88,1529
2025-10-18,TK-A-001,กรุงเทพฯ,184,3299
2025-10-18,TK-A-001,ภาคกลาง,137,2569
2025-10-18,TK-A-001,ภาคตะวันออก,103,1965
2025-10-18,TK-A-001,ภาคเหนือ,97,1540
2025-10-18,TK-A-001,ภาคใต้,131,1990
2025-10-18,GL-B-014,กรุงเทพฯ,885,16104
2025-10-18,GL-B-014,ภาคกลาง,802,15110
2025-10-18,GL-B-014,ภาคตะวันออก,564,10409
2025-10-18,GL-B-014,ภาคเหนือ,460,8648
2025-10-18,GL-B-014,ภาคใต้,579,10417
2025-10-18,MK-C-028,กรุงเทพฯ,643,12707
2025-10-18,MK-C-028,ภาคกลาง,505,9593
2025-10-18,MK-C-028,ภาคตะวันออก,441,7278
2025-10-18,MK-C-028,ภาคเหนือ,384,5740
2025-10-18,MK-C-028,ภาคใต้,490,7517
2025-10-18,SY-D-039,กรุงเทพฯ,443,7007
2025-10-18,SY-D-039,ภาคกลาง,354,6236
2025-10-18,SY-D-039,ภาคตะวันออก,284,4654
2025-10-18,SY-D-039,ภาคเหนือ,253,4312
2025-10-18,SY-D-039,ภาคใต้,273,5359
2025-10-18,AG-E-052,กรุงเทพฯ,127,2312
2025-10-18,AG-E-052,ภาคกลาง,101,2140
2025-10-18,AG-E-052,ภาคตะวันออก,73,1474
2025-10-18,AG-E-052,ภาคเหนือ,75,1384
2025-10-18,AG-E-052,ภาคใต้,98,1405
2025-10-19,TK-A-001,กรุงเทพฯ,193,3669
2025-10-19,TK-A-001,ภาคกลาง,144,2257
2025-10-19,TK-A-001,ภาคตะวันออก,113,1824
2025-10-19,TK-A-001,ภาคเหนือ,100,1615
2025-10-19,TK-A-001,ภาคใต้,114,1891
2025-10-19,GL-B-014,กรุงเทพฯ,993,14907
2025-10-19,GL-B-014,ภาคกลาง,739,11607
2025-10-19,GL-B-014,ภาคตะวันออก,549,9638
2025-10-19,GL-B-014,ภาคเหนือ,492,8915
2025-10-19,GL-B-014,ภาคใต้,652,12249
2025-10-19,MK-C-028,กรุงเทพฯ,742,12009
2025-10-19,MK-C-028,ภาคกลาง,552,10017
2025-10-19,MK-C-028,ภาคตะวันออก,402,6895
2025-10-19,MK-C-028,ภาคเหนือ,350,7009
2025-10-19,MK-C-028,ภาคใต้,470,7010
2025-10-19,SY-D-039,กรุงเทพฯ,480,7811
2025-10-19,SY-D-039,ภาคกลาง,341,5585
2025-10-19,SY-D-039,ภาคตะวันออก,275,4795
2025-10-19,SY-D-039,ภาคเหนือ,228,4030
2025-10-19,SY-D-039,ภาคใต้,299,4827
2025-10-19,AG-E-052,กรุงเทพฯ,125,2213
2025-10-19,AG-E-052,ภาคกลาง,112,1839
2025-10-19,AG-E-052,ภาคตะวันออก,89,1516
2025-10-19,AG-E-052,ภาคเหนือ,72,1169
2025-10-19,AG-E-052,ภาคใต้,83,1600
2025-10-20,TK-A-001,กรุงเทพฯ,188,3445
2025-10-20,TK-A-001,ภาคกลาง,136,2287
2025-10-20,TK-A-001,ภาคตะวันออก,102,1743
2025-10-20,TK-A-001,ภาคเหนือ,90,1945
2025-10-20,TK-A-001,ภาคใต้,113,2235
2025-10-20,GL-B-014,กรุงเทพฯ,990,18960
2025-10-20,GL-B-014,ภาคกลาง,697,13813
2025-10-20,GL-B-014,ภาคตะวันออก,599,10993
2025-10-20,GL-B-014,ภาคเหนือ,515,8174
2025-10-20,GL-B-014,ภาคใต้,615,11836
2025-10-20,MK-C-028,กรุงเทพฯ,628,10570
2025-10-20,MK-C-028,ภาคกลาง,557,9675
2025-10-20,MK-C-028,ภาคตะวันออก,413,6796
2025-10-20,MK-C-028,ภาคเหนือ,353,6793
2025-10-20,MK-C-028,ภาคใต้,411,7232
2025-10-20,SY-D-039,กรุงเทพฯ,461,8483
2025-10-20,SY-D-039,ภาคกลาง,388,6064
2025-10-20,SY-D-039,ภาคตะวันออก,292,4861
2025-10-20,SY-D-039,ภาคเหนือ,222,4101
2025-10-20,SY-D-039,ภาคใต้,279,4690
2025-10-20,AG-E-052,กรุงเทพฯ,148,2432
2025-10-20,AG-E-052,ภาคกลาง,99,1838
2025-10-20,AG-E-052,ภาคตะวันออก,87,1534
2025-10-20,AG-E-052,ภาคเหนือ,72,1233
2025-10-20,AG-E-052,ภาคใต้,92,1727
2025-10-21,TK-A-001,กรุงเทพฯ,180,3676
2025-10-21,TK-A-001,ภาคกลาง,145,2379
2025-10-21,TK-A-001,ภาคตะวันออก,110,1811
2025-10-21,TK-A-001,ภาคเหนือ,104,1940
2025-10-21,TK-A-001,ภาคใต้,108,2226
2025-10-21,GL-B-014,กรุงเทพฯ,840,15833
2025-10-21,GL-B-014,ภาคกลาง,673,12689
2025-10-21,GL-B-014,ภาคตะวันออก,528,10458
2025-10-21,GL-B-014,ภาคเหนือ,509,9754
2025-10-21,GL-B-014,ภาคใต้,611,11709
2025-10-21,MK-C-028,กรุงเทพฯ,703,12161
2025-10-21,MK-C-028,ภาคกลาง,535,9196
2025-10-21,MK-C-028,ภาคตะวันออก,408,7679
2025-10-21,MK-C-028,ภาคเหนือ,353,5973
2025-10-21,MK-C-028,ภาคใต้,489,8123
2025-10-21,SY-D-039,กรุงเทพฯ,408,7553
2025-10-21,SY-D-039,ภาคกลาง,386,6427
2025-10-21,SY-D-039,ภาคตะวันออก,271,4146
2025-10-21,SY-D-039,ภาคเหนือ,239,3971
2025-10-21,SY-D-039,ภาคใต้,286,5545
2025-10-21,AG-E-052,กรุงเทพฯ,148,2425
2025-10-21,AG-E-052,ภาคกลาง,114,1917
2025-10-21,AG-E-052,ภาคตะวันออก,81,1469
2025-10-21,AG-E-052,ภาคเหนือ,72,1415
2025-10-21,AG-E-052,ภาคใต้,87,1511
2025-10-22,TK-A-001,กรุงเทพฯ,171,3621
2025-10-22,TK-A-001,ภาคกลาง,155,2456
2025-10-22,TK-A-001,ภาคตะวันออก,111,1892
2025-10-22,TK-A-001,ภาคเหนือ,87,1520
2025-10-22,TK-A-001,ภาคใต้,123,2257
2025-10-22,GL-B-014,กรุงเทพฯ,881,14505
2025-10-22,GL-B-014,ภาคกลาง,715,11982
2025-10-22,GL-B-014,ภาคตะวันออก,556,10969
2025-10-22,GL-B-014,ภาคเหนือ,540,7616
2025-10-22,GL-B-014,ภาคใต้,603,10695
2025-10-22,MK-C-028,กรุงเทพฯ,683,10814
2025-10-22,MK-C-028,ภาคกลาง,525,11033
2025-10-22,MK-C-028,ภาคตะวันออก,389,8376
2025-10-22,MK-C-028,ภาคเหนือ,352,5797
2025-10-22,MK-C-028,ภาคใต้,430,8791
2025-10-22,SY-D-039,กรุงเทพฯ,443,7430
2025-10-22,SY-D-039,ภาคกลาง,377,7366
2025-10-22,SY-D-039,ภาคตะวันออก,263,5498
2025-10-22,SY-D-039,ภาคเหนือ,254,4411
2025-10-22,SY-D-039,ภาคใต้,287,4968
2025-10-22,AG-E-052,กรุงเทพฯ,123,2765
2025-10-22,AG-E-052,ภาคกลาง,109,1962
2025-10-22,AG-E-052,ภาคตะวันออก,82,1486
2025-10-22,AG-E-052,ภาคเหนือ,74,1321
2025-10-22,AG-E-052,ภาคใต้,94,1386
2025-10-23,TK-A-001,กรุงเทพฯ,198,3712
2025-10-23,TK-A-001,ภาคกลาง,157,2835
2025-10-23,TK-A-001,ภาคตะวันออก,100,1750
2025-10-23,TK-A-001,ภาคเหนือ,87,1524
2025-10-23,TK-A-001,ภาคใต้,111,2429
2025-10-23,GL-B-014,กรุงเทพฯ,983,16846
2025-10-23,GL-B-014,ภาคกลาง,758,11608
2025-10-23,GL-B-014,ภาคตะวันออก,505,11549
2025-10-23,GL-B-014,ภาคเหนือ,492,7807
2025-10-23,GL-B-014,ภาคใต้,618,9632
2025-10-23,MK-C-028,กรุงเทพฯ,610,11486
2025-10-23,MK-C-028,ภาคกลาง,550,10962
2025-10-23,MK-C-028,ภาคตะวันออก,372,6893
2025-10-23,MK-C-028,ภาคเหนือ,382,6851
2025-10-23,MK-C-028,ภาคใต้,413,7939
2025-10-23,SY-D-039,กรุงเทพฯ,475,6954
2025-10-23,SY-D-039,ภาคกลาง,378,6982
2025-10-23,SY-D-039,ภาคตะวันออก,289,4641
2025-10-23,SY-D-039,ภาคเหนือ,225,4858
2025-10-23,SY-D-039,ภาคใต้,330,5626
2025-10-23,AG-E-052,กรุงเทพฯ,131,2337
2025-10-23,AG-E-052,ภาคกลาง,100,2186
2025-10-23,AG-E-052,ภาคตะวันออก,73,1348
2025-10-23,AG-E-052,ภาคเหนือ,69,1246
2025-10-23,AG-E-052,ภาคใต้,83,1777
2025-10-24,TK-A-001,กรุงเทพฯ,180,3272
2025-10-24,TK-A-001,ภาคกลาง,151,2329
2025-10-24,TK-A-001,ภาคตะวันออก,114,1659
2025-10-24,TK-A-001,ภาคเหนือ,93,1796
2025-10-24,TK-A-001,ภาคใต้,124,2263
2025-10-24,GL-B-014,กรุงเทพฯ,994,15156
2025-10-24,GL-B-014,ภาคกลาง,672,12354
2025-10-24,GL-B-014,ภาคตะวันออก,577,10526
2025-10-24,GL-B-014,ภาคเหนือ,544,10064
2025-10-24,GL-B-014,ภาคใต้,584,11312
2025-10-24,MK-C-028,กรุงเทพฯ,691,10913
2025-10-24,MK-C-028,ภาคกลาง,570,10871
2025-10-24,MK-C-028,ภาคตะวันออก,370,7991
2025-10-24,MK-C-028,ภาคเหนือ,338,6213
2025-10-24,MK-C-028,ภาคใต้,468,8392
2025-10-24,SY-D-039,กรุงเทพฯ,489,8235
2025-10-24,SY-D-039,ภาคกลาง,392,5883
2025-10-24,SY-D-039,ภาคตะวันออก,294,4356
2025-10-24,SY-D-039,ภาคเหนือ,243,4161
2025-10-24,SY-D-039,ภาคใต้,324,5415
2025-10-24,AG-E-052,กรุงเทพฯ,137,2464
2025-10-24,AG-E-052,ภาคกลาง,106,2039
2025-10-24,AG-E-052,ภาคตะวันออก,79,1265
2025-10-24,AG-E-052,ภาคเหนือ,71,1490
2025-10-24,AG-E-052,ภาคใต้,86,1457
2025-10-25,TK-A-001,กรุงเทพฯ,193,3713
2025-10-25,TK-A-001,ภาคกลาง,157,2929
2025-10-25,TK-A-001,ภาคตะวันออก,104,2053
2025-10-25,TK-A-001,ภาคเหนือ,91,1491
2025-10-25,TK-A-001,ภาคใต้,110,1856
2025-10-25,GL-B-014,กรุงเทพฯ,923,16743
2025-10-25,GL-B-014,ภาคกลาง,691,11401
2025-10-25,GL-B-014,ภาคตะวันออก,517,10435
2025-10-25,GL-B-014,ภาคเหนือ,537,8294
2025-10-25,GL-B-014,ภาคใต้,619,12474
2025-10-25,MK-C-028,กรุงเทพฯ,662,13313
2025-10-25,MK-C-028,ภาคกลาง,574,9390
2025-10-25,MK-C-028,ภาคตะวันออก,416,7928
2025-10-25,MK-C-028,ภาคเหนือ,383,5675
2025-10-25,MK-C-028,ภาคใต้,430,7893
2025-10-25,SY-D-039,กรุงเทพฯ,493,7264
2025-10-25,SY-D-039,ภาคกลาง,372,6954
2025-10-25,SY-D-039,ภาคตะวันออก,268,5482
2025-10-25,SY-D-039,ภาคเหนือ,262,4685
2025-10-25,SY-D-039,ภาคใต้,329,5143
2025-10-25,AG-E-052,กรุงเทพฯ,147,2770
2025-10-25,AG-E-052,ภาคกลาง,114,2218
2025-10-25,AG-E-052,ภาคตะวันออก,83,1336
2025-10-25,AG-E-052,ภาคเหนือ,74,1453
2025-10-25,AG-E-052,ภาคใต้,97,1394
2025-10-26,TK-A-001,กรุงเทพฯ,183,2876
2025-10-26,TK-A-001,ภาคกลาง,151,2403
2025-10-26,TK-A-001,ภาคตะวันออก,104,1749
2025-10-26,TK-A-001,ภาคเหนือ,102,1767
2025-10-26,TK-A-001,ภาคใต้,115,1920
2025-10-26,GL-B-014,กรุงเทพฯ,875,18602
2025-10-26,GL-B-014,ภาคกลาง,751,13128
2025-10-26,GL-B-014,ภาคตะวันออก,506,11258
2025-10-26,GL-B-014,ภาคเหนือ,470,9763
2025-10-26,GL-B-014,ภาคใต้,672,9613
2025-10-26,MK-C-028,กรุงเทพฯ,662,11892
2025-10-26,MK-C-028,ภาคกลาง,542,11066
2025-10-26,MK-C-028,ภาคตะวันออก,438,6603
2025-10-26,MK-C-028,ภาคเหนือ,387,6642
2025-10-26,MK-C-028,ภาคใต้,445,8167
2025-10-26,SY-D-039,กรุงเทพฯ,490,8321
2025-10-26,SY-D-039,ภาคกลาง,353,6189
2025-10-26,SY-D-039,ภาคตะวันออก,289,4637
2025-10-26,SY-D-039,ภาคเหนือ,257,4738
2025-10-26,SY-D-039,ภาคใต้,301,4743
2025-10-26,AG-E-052,กรุงเทพฯ,144,2214
2025-10-26,AG-E-052,ภาคกลาง,114,2038
2025-10-26,AG-E-052,ภาคตะวันออก,85,1672
2025-10-26,AG-E-052,ภาคเหนือ,69,1151
2025-10-26,AG-E-052,ภาคใต้,96,1845
2025-10-27,TK-A-001,กรุงเทพฯ,179,2894
2025-10-27,TK-A-001,ภาคกลาง,141,2959
2025-10-27,TK-A-001,ภาคตะวันออก,116,2170
2025-10-27,TK-A-001,ภาคเหนือ,88,1735
2025-10-27,TK-A-001,ภาคใต้,109,2355
2025-10-27,GL-B-014,กรุงเทพฯ,943,16583
2025-10-27,GL-B-014,ภาคกลาง,687,13933
2025-10-27,GL-B-014,ภาคตะวันออก,613,10173
2025-10-27,GL-B-014,ภาคเหนือ,538,8771
2025-10-27,GL-B-014,ภาคใต้,675,10320
2025-10-27,MK-C-028,กรุงเทพฯ,723,12174
2025-10-27,MK-C-028,ภาคกลาง,529,9778
2025-10-27,MK-C-028,ภาคตะวันออก,385,7088
2025-10-27,MK-C-028,ภาคเหนือ,369,6024
2025-10-27,MK-C-028,ภาคใต้,457,8474
2025-10-27,SY-D-039,กรุงเทพฯ,429,8003
2025-10-27,SY-D-039,ภาคกลาง,330,6705
2025-10-27,SY-D-039,ภาคตะวันออก,277,4987
2025-10-27,SY-D-039,ภาคเหนือ,240,4565
2025-10-27,SY-D-039,ภาคใต้,301,5428
2025-10-27,AG-E-052,กรุงเทพฯ,148,2727
2025-10-27,AG-E-052,ภาคกลาง,107,1738
2025-10-27,AG-E-052,ภาคตะวันออก,78,1434
2025-10-27,AG-E-052,ภาคเหนือ,78,1250
2025-10-27,AG-E-052,ภาคใต้,84,1727
2025-10-28,TK-A-001,กรุงเทพฯ,193,3037
2025-10-28,TK-A-001,ภาคกลาง,136,2242
2025-10-28,TK-A-001,ภาคตะวันออก,98,1942
2025-10-28,TK-A-001,ภาคเหนือ,95,1500
2025-10-28,TK-A-001,ภาคใต้,118,1938
2025-10-28,GL-B-014,กรุงเทพฯ,844,15767
2025-10-28,GL-B-014,ภาคกลาง,695,11711
2025-10-28,GL-B-014,ภาคตะวันออก,539,10941
2025-10-28,GL-B-014,ภาคเหนือ,493,9862
2025-10-28,GL-B-014,ภาคใต้,593,10809
2025-10-28,MK-C-028,กรุงเทพฯ,681,13852
2025-10-28,MK-C-028,ภาคกลาง,493,9047
2025-10-28,MK-C-028,ภาคตะวันออก,429,7143
2025-10-28,MK-C-028,ภาคเหนือ,342,7222
2025-10-28,MK-C-028,ภาคใต้,431,7494
2025-10-28,SY-D-039,กรุงเทพฯ,411,7353
2025-10-28,SY-D-039,ภาคกลาง,371,6959
2025-10-28,SY-D-039,ภาคตะวันออก,267,4187
2025-10-28,SY-D-039,ภาคเหนือ,252,4653
2025-10-28,SY-D-039,ภาคใต้,325,6043
2025-10-28,AG-E-052,กรุงเทพฯ,141,2076
2025-10-28,AG-E-052,ภาคกลาง,111,1932
2025-10-28,AG-E-052,ภาคตะวันออก,83,1376
2025-10-28,AG-E-052,ภาคเหนือ,78,1437
2025-10-28,AG-E-052,ภาคใต้,83,1513
2025-10-29,TK-A-001,กรุงเทพฯ,179,2860
2025-10-29,TK-A-001,ภาคกลาง,142,2853
2025-10-29,TK-A-001,ภาคตะวันออก,106,1988
2025-10-29,TK-A-001,ภาคเหนือ,96,1808
2025-10-29,TK-A-001,ภาคใต้,124,2082
2025-10-29,GL-B-014,กรุงเทพฯ,969,15405
2025-10-29,GL-B-014,ภาคกลาง,685,14172
2025-10-29,GL-B-014,ภาคตะวันออก,518,9644
2025-10-29,GL-B-014,ภาคเหนือ,517,9908
2025-10-29,GL-B-014,ภาคใต้,632,9893
2025-10-29,MK-C-028,กรุงเทพฯ,711,12235
2025-10-29,MK-C-028,ภาคกลาง,523,10124
2025-10-29,MK-C-028,ภาคตะวันออก,382,6522
2025-10-29,MK-C-028,ภาคเหนือ,343,6168
2025-10-29,MK-C-028,ภาคใต้,477,8856
2025-10-29,SY-D-039,กรุงเทพฯ,455,7761
2025-10-29,SY-D-039,ภาคกลาง,375,5531
2025-10-29,SY-D-039,ภาคตะวันออก,269,4564
2025-10-29,SY-D-039,ภาคเหนือ,249,4773
2025-10-29,SY-D-039,ภาคใต้,315,5546
2025-10-29,AG-E-052,กรุงเทพฯ,124,2760
2025-10-29,AG-E-052,ภาคกลาง,104,1723
2025-10-29,AG-E-052,ภาคตะวันออก,89,1629
2025-10-29,AG-E-052,ภาคเหนือ,78,1435
2025-10-29,AG-E-052,ภาคใต้,93,1379
2025-10-30,TK-A-001,กรุงเทพฯ,186,3356
2025-10-30,TK-A-001,ภาคกลาง,153,2883
2025-10-30,TK-A-001,ภาคตะวันออก,105,1820
2025-10-30,TK-A-001,ภาคเหนือ,97,1919
2025-10-30,TK-A-001,ภาคใต้,113,1871
2025-10-30,GL-B-014,กรุงเทพฯ,1005,16599
2025-10-30,GL-B-014,ภาคกลาง,735,13473
2025-10-30,GL-B-014,ภาคตะวันออก,507,9639
2025-10-30,GL-B-014,ภาคเหนือ,450,9548
2025-10-30,GL-B-014,ภาคใต้,597,10950
2025-10-30,MK-C-028,กรุงเทพฯ,614,12046
2025-10-30,MK-C-028,ภาคกลาง,593,8829
2025-10-30,MK-C-028,ภาคตะวันออก,421,7080
2025-10-30,MK-C-028,ภาคเหนือ,365,6039
2025-10-30,MK-C-028,ภาคใต้,428,9016
2025-10-30,SY-D-039,กรุงเทพฯ,425,6888
2025-10-30,SY-D-039,ภาคกลาง,324,6439
2025-10-30,SY-D-039,ภาคตะวันออก,269,4439
2025-10-30,SY-D-039,ภาคเหนือ,220,4536
2025-10-30,SY-D-039,ภาคใต้,289,5834
2025-10-30,AG-E-052,กรุงเทพฯ,123,2100
2025-10-30,AG-E-052,ภาคกลาง,106,1945
2025-10-30,AG-E-052,ภาคตะวันออก,77,1302
2025-10-30,AG-E-052,ภาคเหนือ,78,1299
2025-10-30,AG-E-052,ภาคใต้,89,1727
2025-10-31,TK-A-001,กรุงเทพฯ,171,2769
2025-10-31,TK-A-001,ภาคกลาง,133,2968
2025-10-31,TK-A-001,ภาคตะวันออก,112,1812
2025-10-31,TK-A-001,ภาคเหนือ,88,1612
2025-10-31,TK-A-001,ภาคใต้,127,1943
2025-10-31,GL-B-014,กรุงเทพฯ,900,14403
2025-10-31,GL-B-014,ภาคกลาง,794,13336
2025-10-31,GL-B-014,ภาคตะวันออก,583,8944
2025-10-31,GL-B-014,ภาคเหนือ,528,7926
2025-10-31,GL-B-014,ภาคใต้,580,12633
2025-10-31,MK-C-028,กรุงเทพฯ,611,12365
2025-10-31,MK-C-028,ภาคกลาง,492,10063
2025-10-31,MK-C-028,ภาคตะวันออก,414,7039
2025-10-31,MK-C-028,ภาคเหนือ,345,6616
2025-10-31,MK-C-028,ภาคใต้,420,8963
2025-10-31,SY-D-039,กรุงเทพฯ,493,6997
2025-10-31,SY-D-039,ภาคกลาง,335,6654
2025-10-31,SY-D-039,ภาคตะวันออก,293,4519
2025-10-31,SY-D-039,ภาคเหนือ,239,4892
2025-10-31,SY-D-039,ภาคใต้,274,5624
2025-10-31,AG-E-052,กรุงเทพฯ,143,2585
2025-10-31,AG-E-052,ภาคกลาง,98,2174
2025-10-31,AG-E-052,ภาคตะวันออก,77,1311
2025-10-31,AG-E-052,ภาคเหนือ,78,1188
2025-10-31,AG-E-052,ภาคใต้,91,1637
2025-11-01,TK-A-001,กรุงเทพฯ,180,3456
2025-11-01,TK-A-001,ภาคกลาง,133,2614
2025-11-01,TK-A-001,ภาคตะวันออก,115,2098
2025-11-01,TK-A-001,ภาคเหนือ,104,1695
2025-11-01,TK-A-001,ภาคใต้,120,1893
2025-11-01,GL-B-014,กรุงเทพฯ,1021,18762
2025-11-01,GL-B-014,ภาคกลาง,685,14193
2025-11-01,GL-B-014,ภาคตะวันออก,535,10017
2025-11-01,GL-B-014,ภาคเหนือ,521,10023
2025-11-01,GL-B-014,ภาคใต้,611,11238
2025-11-01,MK-C-028,กรุงเทพฯ,727,10654
2025-11-01,MK-C-028,ภาคกลาง,574,10872
2025-11-01,MK-C-028,ภาคตะวันออก,440,8331
2025-11-01,MK-C-028,ภาคเหนือ,367,7098
2025-11-01,MK-C-028,ภาคใต้,475,8302
2025-11-01,SY-D-039,กรุงเทพฯ,410,8557
2025-11-01,SY-D-039,ภาคกลาง,339,5664
2025-11-01,SY-D-039,ภาคตะวันออก,291,4921
2025-11-01,SY-D-039,ภาคเหนือ,244,3918
2025-11-01,SY-D-039,ภาคใต้,328,5878
2025-11-01,AG-E-052,กรุงเทพฯ,140,2753
2025-11-01,AG-E-052,ภาคกลาง,97,1782
2025-11-01,AG-E-052,ภาคตะวันออก,75,1620
2025-11-01,AG-E-052,ภาคเหนือ,73,1250
2025-11-01,AG-E-052,ภาคใต้,84,1842
2025-11-02,TK-A-001,กรุงเทพฯ,182,3652
2025-11-02,TK-A-001,ภาคกลาง,136,2930
2025-11-02,TK-A-001,ภาคตะวันออก,103,1954
2025-11-02,TK-A-001,ภาคเหนือ,96,1856
2025-11-02,TK-A-001,ภาคใต้,119,2038
2025-11-02,GL-B-014,กรุงเทพฯ,906,15521
2025-11-02,GL-B-014,ภาคกลาง,711,12016
2025-11-02,GL-B-014,ภาคตะวันออก,579,10154
2025-11-02,GL-B-014,ภาคเหนือ,505,7706
2025-11-02,GL-B-014,ภาคใต้,562,10491
2025-11-02,MK-C-028,กรุงเทพฯ,663,11902
2025-11-02,MK-C-028,ภาคกลาง,528,9225
2025-11-02,MK-C-028,ภาคตะวันออก,380,7219
2025-11-02,MK-C-028,ภาคเหนือ,364,7361
2025-11-02,MK-C-028,ภาคใต้,461,7491
2025-11-02,SY-D-039,กรุงเทพฯ,483,9092
2025-11-02,SY-D-039,ภาคกลาง,383,6725
2025-11-02,SY-D-039,ภาคตะวันออก,259,4395
2025-11-02,SY-D-039,ภาคเหนือ,246,3947
2025-11-02,SY-D-039,ภาคใต้,322,5614
2025-11-02,AG-E-052,กรุงเทพฯ,143,2490
2025-11-02,AG-E-052,ภาคกลาง,116,1939
2025-11-02,AG-E-052,ภาคตะวันออก,87,1610
2025-11-02,AG-E-052,ภาคเหนือ,74,1127
2025-11-02,AG-E-052,ภาคใต้,87,1404
2025-11-03,TK-A-001,กรุงเทพฯ,176,2953
2025-11-03,TK-A-001,ภาคกลาง,133,2315
2025-11-03,TK-A-001,ภาคตะวันออก,117,1886
2025-11-03,TK-A-001,ภาคเหนือ,105,1658
2025-11-03,TK-A-001,ภาคใต้,125,2189
2025-11-03,GL-B-014,กรุงเทพฯ,944,16297
2025-11-03,GL-B-014,ภาคกลาง,817,14249
2025-11-03,GL-B-014,ภาคตะวันออก,610,10621
2025-11-03,GL-B-014,ภาคเหนือ,531,9035
2025-11-03,GL-B-014,ภาคใต้,637,10964
2025-11-03,MK-C-028,กรุงเทพฯ,742,10354
2025-11-03,MK-C-028,ภาคกลาง,584,10161
2025-11-03,MK-C-028,ภาคตะวันออก,405,7803
2025-11-03,MK-C-028,ภาคเหนือ,332,7428
2025-11-03,MK-C-028,ภาคใต้,494,7107
2025-11-03,SY-D-039,กรุงเทพฯ,408,7318
2025-11-03,SY-D-039,ภาคกลาง,354,6897
2025-11-03,SY-D-039,ภาคตะวันออก,248,4943
2025-11-03,SY-D-039,ภาคเหนือ,230,4006
2025-11-03,SY-D-039,ภาคใต้,274,5760
2025-11-03,AG-E-052,กรุงเทพฯ,122,2391
2025-11-03,AG-E-052,ภาคกลาง,104,1952
2025-11-03,AG-E-052,ภาคตะวันออก,87,1579
2025-11-03,AG-E-052,ภาคเหนือ,75,1397
2025-11-03,AG-E-052,ภาคใต้,83,1583
2025-11-04,TK-A-001,กรุงเทพฯ,165,3235
2025-11-04,TK-A-001,ภาคกลาง,146,2361
2025-11-04,TK-A-001,ภาคตะวันออก,109,2010
2025-11-04,TK-A-001,ภาคเหนือ,94,1800
2025-11-04,TK-A-001,ภาคใต้,130,1926
2025-11-04,GL-B-014,กรุงเทพฯ,1014,16731
2025-11-04,GL-B-014,ภาคกลาง,766,13753
2025-11-04,GL-B-014,ภาคตะวันออก,540,9580
2025-11-04,GL-B-014,ภาคเหนือ,492,7923
2025-11-04,GL-B-014,ภาคใต้,608,12689
2025-11-04,MK-C-028,กรุงเทพฯ,702,11880
2025-11-04,MK-C-028,ภาคกลาง,487,10187
2025-11-04,MK-C-028,ภาคตะวันออก,387,7354
2025-11-04,MK-C-028,ภาคเหนือ,324,7362
2025-11-04,MK-C-028,ภาคใต้,459,7000
2025-11-04,SY-D-039,กรุงเทพฯ,483,9196
2025-11-04,SY-D-039,ภาคกลาง,390,6462
2025-11-04,SY-D-039,ภาคตะวันออก,248,4863
2025-11-04,SY-D-039,ภาคเหนือ,253,4505
2025-11-04,SY-D-039,ภาคใต้,316,4685
2025-11-04,AG-E-052,กรุงเทพฯ,143,2202
2025-11-04,AG-E-052,ภาคกลาง,119,2013
2025-11-04,AG-E-052,ภาคตะวันออก,88,1260
2025-11-04,AG-E-052,ภาคเหนือ,78,1225
2025-11-04,AG-E-052,ภาคใต้,90,1439
2025-11-05,TK-A-001,กรุงเทพฯ,192,3247
2025-11-05,TK-A-001,ภาคกลาง,141,2544
2025-11-05,TK-A-001,ภาคตะวันออก,99,1882
2025-11-05,TK-A-001,ภาคเหนือ,98,1862
2025-11-05,TK-A-001,ภาคใต้,116,2197
2025-11-05,GL-B-014,กรุงเทพฯ,865,15990
2025-11-05,GL-B-014,ภาคกลาง,726,15162
2025-11-05,GL-B-014,ภาคตะวันออก,530,9665
2025-11-05,GL-B-014,ภาคเหนือ,522,7963
2025-11-05,GL-B-014,ภาคใต้,577,12809
2025-11-05,MK-C-028,กรุงเทพฯ,724,10520
2025-11-05,MK-C-028,ภาคกลาง,488,9280
2025-11-05,MK-C-028,ภาคตะวันออก,435,6718
2025-11-05,MK-C-028,ภาคเหนือ,363,7226
2025-11-05,MK-C-028,ภาคใต้,453,8220
2025-11-05,SY-D-039,กรุงเทพฯ,464,8535
2025-11-05,SY-D-039,ภาคกลาง,393,7206
2025-11-05,SY-D-039,ภาคตะวันออก,251,5300
2025-11-05,SY-D-039,ภาคเหนือ,250,3747
2025-11-05,SY-D-039,ภาคใต้,277,5939
2025-11-05,AG-E-052,กรุงเทพฯ,147,2319
2025-11-05,AG-E-052,ภาคกลาง,112,1677
2025-11-05,AG-E-052,ภาคตะวันออก,80,1640
2025-11-05,AG-E-052,ภาคเหนือ,69,1459
2025-11-05,AG-E-052,ภาคใต้,92,1526
2025-11-06,TK-A-001,กรุงเทพฯ,182,3719
2025-11-06,TK-A-001,ภาคกลาง,155,2889
2025-11-06,TK-A-001,ภาคตะวันออก,105,1750
2025-11-06,TK-A-001,ภาคเหนือ,97,1779
2025-11-06,TK-A-001,ภาคใต้,109,1844
2025-11-06,GL-B-014,กรุงเทพฯ,1001,17580
2025-11-06,GL-B-014,ภาคกลาง,737,14251
2025-11-06,GL-B-014,ภาคตะวันออก,603,11457
2025-11-06,GL-B-014,ภาคเหนือ,471,9291
2025-11-06,GL-B-014,ภาคใต้,611,10368
2025-11-06,MK-C-028,กรุงเทพฯ,629,12908
2025-11-06,MK-C-028,ภาคกลาง,514,9848
2025-11-06,MK-C-028,ภาคตะวันออก,404,6363
2025-11-06,MK-C-028,ภาคเหนือ,352,5706
2025-11-06,MK-C-028,ภาคใต้,449,8657
2025-11-06,SY-D-039,กรุงเทพฯ,435,7230
2025-11-06,SY-D-039,ภาคกลาง,344,5612
2025-11-06,SY-D-039,ภาคตะวันออก,250,4149
2025-11-06,SY-D-039,ภาคเหนือ,232,4339
2025-11-06,SY-D-039,ภาคใต้,291,5224
2025-11-06,AG-E-052,กรุงเทพฯ,145,2741
2025-11-06,AG-E-052,ภาคกลาง,104,2235
2025-11-06,AG-E-052,ภาคตะวันออก,83,1676
2025-11-06,AG-E-052,ภาคเหนือ,73,1359
2025-11-06,AG-E-052,ภาคใต้,89,1444
2025-11-07,TK-A-001,กรุงเทพฯ,188,3559
2025-11-07,TK-A-001,ภาคกลาง,152,2725
2025-11-07,TK-A-001,ภาคตะวันออก,116,2127
2025-11-07,TK-A-001,ภาคเหนือ,99,1977
2025-11-07,TK-A-001,ภาคใต้,108,2114
2025-11-07,GL-B-014,กรุงเทพฯ,889,15401
2025-11-07,GL-B-014,ภาคกลาง,751,14371
2025-11-07,GL-B-014,ภาคตะวันออก,611,10528
2025-11-07,GL-B-014,ภาคเหนือ,529,7883
2025-11-07,GL-B-014,ภาคใต้,561,11461
2025-11-07,MK-C-028,กรุงเทพฯ,712,13110
2025-11-07,MK-C-028,ภาคกลาง,528,10278
2025-11-07,MK-C-028,ภาคตะวันออก,421,7453
2025-11-07,MK-C-028,ภาคเหนือ,391,5761
2025-11-07,MK-C-028,ภาคใต้,460,8777
2025-11-07,SY-D-039,กรุงเทพฯ,485,8306
2025-11-07,SY-D-039,ภาคกลาง,332,7004
2025-11-07,SY-D-039,ภาคตะวันออก,281,4618
2025-11-07,SY-D-039,ภาคเหนือ,253,4037
2025-11-07,SY-D-039,ภาคใต้,287,5987
2025-11-07,AG-E-052,กรุงเทพฯ,140,2453
2025-11-07,AG-E-052,ภาคกลาง,105,2055
2025-11-07,AG-E-052,ภาคตะวันออก,81,1309
2025-11-07,AG-E-052,ภาคเหนือ,75,1249
2025-11-07,AG-E-052,ภาคใต้,86,1399
2025-11-08,TK-A-001,กรุงเทพฯ,169,3650
2025-11-08,TK-A-001,ภาคกลาง,148,2447
2025-11-08,TK-A-001,ภาคตะวันออก,114,2210
2025-11-08,TK-A-001,ภาคเหนือ,93,1535
2025-11-08,TK-A-001,ภาคใต้,118,2178
2025-11-08,GL-B-014,กรุงเทพฯ,925,14678
2025-11-08,GL-B-014,ภาคกลาง,677,12709
2025-11-08,GL-B-014,ภาคตะวันออก,520,9476
2025-11-08,GL-B-014,ภาคเหนือ,468,9306
2025-11-08,GL-B-014,ภาคใต้,568,11232
2025-11-08,MK-C-028,กรุงเทพฯ,639,11822
2025-11-08,MK-C-028,ภาคกลาง,512,10423
2025-11-08,MK-C-028,ภาคตะวันออก,407,6604
2025-11-08,MK-C-028,ภาคเหนือ,345,6269
2025-11-08,MK-C-028,ภาคใต้,495,8958
2025-11-08,SY-D-039,กรุงเทพฯ,475,9056
2025-11-08,SY-D-039,ภาคกลาง,344,6218
2025-11-08,SY-D-039,ภาคตะวันออก,296,4269
2025-11-08,SY-D-039,ภาคเหนือ,227,4898
2025-11-08,SY-D-039,ภาคใต้,278,4749
2025-11-08,AG-E-052,กรุงเทพฯ,127,2390
2025-11-08,AG-E-052,ภาคกลาง,105,1841
2025-11-08,AG-E-052,ภาคตะวันออก,87,1592
2025-11-08,AG-E-052,ภาคเหนือ,71,1443
2025-11-08,AG-E-052,ภาคใต้,87,1796
2025-11-09,TK-A-001,กรุงเทพฯ,172,3302
2025-11-09,TK-A-001,ภาคกลาง,140,2893
2025-11-09,TK-A-001,ภาคตะวันออก,99,1710
2025-11-09,TK-A-001,ภาคเหนือ,100,1799
2025-11-09,TK-A-001,ภาคใต้,125,2091
2025-11-09,GL-B-014,กรุงเทพฯ,954,18261
2025-11-09,GL-B-014,ภาคกลาง,764,15122
2025-11-09,GL-B-014,ภาคตะวันออก,532,8855
2025-11-09,GL-B-014,ภาคเหนือ,462,9227
2025-11-09,GL-B-014,ภาคใต้,642,11041
2025-11-09,MK-C-028,กรุงเทพฯ,667,12602
2025-11-09,MK-C-028,ภาคกลาง,545,11057
2025-11-09,MK-C-028,ภาคตะวันออก,380,6556
2025-11-09,MK-C-028,ภาคเหนือ,367,6526
2025-11-09,MK-C-028,ภาคใต้,444,7127
2025-11-09,SY-D-039,กรุงเทพฯ,458,8327
2025-11-09,SY-D-039,ภาคกลาง,329,7237
2025-11-09,SY-D-039,ภาคตะวันออก,261,4328
2025-11-09,SY-D-039,ภาคเหนือ,218,4122
2025-11-09,SY-D-039,ภาคใต้,271,5860
2025-11-09,AG-E-052,กรุงเทพฯ,132,2119
2025-11-09,AG-E-052,ภาคกลาง,116,1669
2025-11-09,AG-E-052,ภาคตะวันออก,76,1518
2025-11-09,AG-E-052,ภาคเหนือ,77,1356
2025-11-09,AG-E-052,ภาคใต้,95,1777
2025-11-10,TK-A-001,กรุงเทพฯ,164,3621
2025-11-10,TK-A-001,ภาคกลาง,134,2630
2025-11-10,TK-A-001,ภาคตะวันออก,115,2221
2025-11-10,TK-A-001,ภาคเหนือ,100,1595
2025-11-10,TK-A-001,ภาคใต้,131,1882
2025-11-10,GL-B-014,กรุงเทพฯ,989,18277
2025-11-10,GL-B-014,ภาคกลาง,714,14451
2025-11-10,GL-B-014,ภาคตะวันออก,550,9845
2025-11-10,GL-B-014,ภาคเหนือ,523,9131
2025-11-10,GL-B-014,ภาคใต้,631,12597
2025-11-10,MK-C-028,กรุงเทพฯ,695,11052
2025-11-10,MK-C-028,ภาคกลาง,554,9118
2025-11-10,MK-C-028,ภาคตะวันออก,391,7087
2025-11-10,MK-C-028,ภาคเหนือ,380,6861
2025-11-10,MK-C-028,ภาคใต้,439,8958
2025-11-10,SY-D-039,กรุงเทพฯ,465,7230
2025-11-10,SY-D-039,ภาคกลาง,335,5875
2025-11-10,SY-D-039,ภาคตะวันออก,282,4742
2025-11-10,SY-D-039,ภาคเหนือ,246,3972
2025-11-10,SY-D-039,ภาคใต้,297,4834
2025-11-10,AG-E-052,กรุงเทพฯ,122,2149
2025-11-10,AG-E-052,ภาคกลาง,101,1672
2025-11-10,AG-E-052,ภาคตะวันออก,78,1513
2025-11-10,AG-E-052,ภาคเหนือ,74,1329
2025-11-10,AG-E-052,ภาคใต้,84,1478
2025-11-11,TK-A-001,กรุงเทพฯ,184,3720
2025-11-11,TK-A-001,ภาคกลาง,158,2421
2025-11-11,TK-A-001,ภาคตะวันออก,111,2158
2025-11-11,TK-A-001,ภาคเหนือ,87,1933
2025-11-11,TK-A-001,ภาคใต้,126,2480
2025-11-11,GL-B-014,กรุงเทพฯ,980,18594
2025-11-11,GL-B-014,ภาคกลาง,817,13118
2025-11-11,GL-B-014,ภาคตะวันออก,573,11227
2025-11-11,GL-B-014,ภาคเหนือ,450,8888
2025-11-11,GL-B-014,ภาคใต้,629,10456
2025-11-11,MK-C-028,กรุงเทพฯ,693,11877
2025-11-11,MK-C-028,ภาคกลาง,509,9423
2025-11-11,MK-C-028,ภาคตะวันออก,373,6236
2025-11-11,MK-C-028,ภาคเหนือ,339,6993
2025-11-11,MK-C-028,ภาคใต้,418,7338
2025-11-11,SY-D-039,กรุงเทพฯ,483,8357
2025-11-11,SY-D-039,ภาคกลาง,364,6271
2025-11-11,SY-D-039,ภาคตะวันออก,269,4504
2025-11-11,SY-D-039,ภาคเหนือ,226,4397
2025-11-11,SY-D-039,ภาคใต้,296,5441
2025-11-11,AG-E-052,กรุงเทพฯ,136,2517
2025-11-11,AG-E-052,ภาคกลาง,111,1769
2025-11-11,AG-E-052,ภาคตะวันออก,75,1244
2025-11-11,AG-E-052,ภาคเหนือ,66,1148
2025-11-11,AG-E-052,ภาคใต้,91,1717
2025-11-12,TK-A-001,กรุงเทพฯ,181,3280
2025-11-12,TK-A-001,ภาคกลาง,138,2640
2025-11-12,TK-A-001,ภาคตะวันออก,107,2088
2025-11-12,TK-A-001,ภาคเหนือ,92,1574
2025-11-12,TK-A-001,ภาคใต้,111,1893
2025-11-12,GL-B-014,กรุงเทพฯ,982,16894
2025-11-12,GL-B-014,ภาคกลาง,693,15109
2025-11-12,GL-B-014,ภาคตะวันออก,542,10584
2025-11-12,GL-B-014,ภาคเหนือ,530,8074
2025-11-12,GL-B-014,ภาคใต้,568,9800
2025-11-12,MK-C-028,กรุงเทพฯ,646,11825
2025-11-12,MK-C-028,ภาคกลาง,537,10791
2025-11-12,MK-C-028,ภาคตะวันออก,385,7662
2025-11-12,MK-C-028,ภาคเหนือ,377,6772
2025-11-12,MK-C-028,ภาคใต้,494,8251
2025-11-12,SY-D-039,กรุงเทพฯ,426,8626
2025-11-12,SY-D-039,ภาคกลาง,356,5905
2025-11-12,SY-D-039,ภาคตะวันออก,253,4139
2025-11-12,SY-D-039,ภาคเหนือ,260,3750
2025-11-12,SY-D-039,ภาคใต้,288,4963
2025-11-12,AG-E-052,กรุงเทพฯ,145,2675
2025-11-12,AG-E-052,ภาคกลาง,109,1866
2025-11-12,AG-E-052,ภาคตะวันออก,76,1635
2025-11-12,AG-E-052,ภาคเหนือ,72,1145
2025-11-12,AG-E-052,ภาคใต้,96,1833
2025-11-13,TK-A-001,กรุงเทพฯ,185,2892
2025-11-13,TK-A-001,ภาคกลาง,152,2779
2025-11-13,TK-A-001,ภาคตะวันออก,118,1787
2025-11-13,TK-A-001,ภาคเหนือ,95,1693
2025-11-13,TK-A-001,ภาคใต้,126,2208
2025-11-13,GL-B-014,กรุงเทพฯ,959,16712
2025-11-13,GL-B-014,ภาคกลาง,751,14988
2025-11-13,GL-B-014,ภาคตะวันออก,550,9525
2025-11-13,GL-B-014,ภาคเหนือ,537,8014
2025-11-13,GL-B-014,ภาคใต้,597,10548
2025-11-13,MK-C-028,กรุงเทพฯ,725,13784
2025-11-13,MK-C-028,ภาคกลาง,582,9944
2025-11-13,MK-C-028,ภาคตะวันออก,431,8148
2025-11-13,MK-C-028,ภาคเหนือ,326,7156
2025-11-13,MK-C-028,ภาคใต้,490,8465
2025-11-13,SY-D-039,กรุงเทพฯ,435,7471
2025-11-13,SY-D-039,ภาคกลาง,329,6153
2025-11-13,SY-D-039,ภาคตะวันออก,272,5273
2025-11-13,SY-D-039,ภาคเหนือ,240,4204
2025-11-13,SY-D-039,ภาคใต้,318,6159
2025-11-13,AG-E-052,กรุงเทพฯ,131,2402
2025-11-13,AG-E-052,ภาคกลาง,105,2099
2025-11-13,AG-E-052,ภาคตะวันออก,81,1372
2025-11-13,AG-E-052,ภาคเหนือ,75,1408
2025-11-13,AG-E-052,ภาคใต้,95,1558
2025-11-14,TK-A-001,กรุงเทพฯ,185,3314
2025-11-14,TK-A-001,ภาคกลาง,149,2520
2025-11-14,TK-A-001,ภาคตะวันออก,104,1772
2025-11-14,TK-A-001,ภาคเหนือ,89,1865
2025-11-14,TK-A-001,ภาคใต้,122,2255
2025-11-14,GL-B-014,กรุงเทพฯ,878,19043
2025-11-14,GL-B-014,ภาคกลาง,740,13902
2025-11-14,GL-B-014,ภาคตะวันออก,541,9266
2025-11-14,GL-B-014,ภาคเหนือ,496,9961
2025-11-14,GL-B-014,ภาคใต้,615,10515
2025-11-14,MK-C-028,กรุงเทพฯ,667,10646
2025-11-14,MK-C-028,ภาคกลาง,489,9545
2025-11-14,MK-C-028,ภาคตะวันออก,382,7955
2025-11-14,MK-C-028,ภาคเหนือ,364,6868
2025-11-14,MK-C-028,ภาคใต้,470,7579
2025-11-14,SY-D-039,กรุงเทพฯ,482,9207
2025-11-14,SY-D-039,ภาคกลาง,346,7396
2025-11-14,SY-D-039,ภาคตะวันออก,263,5388
2025-11-14,SY-D-039,ภาคเหนือ,256,4893
2025-11-14,SY-D-039,ภาคใต้,287,4736
2025-11-14,AG-E-052,กรุงเทพฯ,141,2627
2025-11-14,AG-E-052,ภาคกลาง,104,1888
2025-11-14,AG-E-052,ภาคตะวันออก,80,1443
2025-11-14,AG-E-052,ภาคเหนือ,67,1259
2025-11-14,AG-E-052,ภาคใต้,82,1606
2025-11-15,TK-A-001,กรุงเทพฯ,173,2780
2025-11-15,TK-A-001,ภาคกลาง,134,2923
2025-11-15,TK-A-001,ภาคตะวันออก,107,1708
2025-11-15,TK-A-001,ภาคเหนือ,91,1788
2025-11-15,TK-A-001,ภาคใต้,127,2195
2025-11-15,GL-B-014,กรุงเทพฯ,1013,16013
2025-11-15,GL-B-014,ภาคกลาง,671,12048
2025-11-15,GL-B-014,ภาคตะวันออก,517,10697
2025-11-15,GL-B-014,ภาคเหนือ,517,9645
2025-11-15,GL-B-014,ภาคใต้,662,10630
2025-11-15,MK-C-028,กรุงเทพฯ,668,11888
2025-11-15,MK-C-028,ภาคกลาง,500,9026
2025-11-15,MK-C-028,ภาคตะวันออก,427,6317
2025-11-15,MK-C-028,ภาคเหนือ,364,7355
2025-11-15,MK-C-028,ภาคใต้,408,7634
2025-11-15,SY-D-039,กรุงเทพฯ,488,6990
2025-11-15,SY-D-039,ภาคกลาง,363,7213
2025-11-15,SY-D-039,ภาคตะวันออก,267,5516
2025-11-15,SY-D-039,ภาคเหนือ,247,4273
2025-11-15,SY-D-039,ภาคใต้,294,5865
2025-11-15,AG-E-052,กรุงเทพฯ,140,2095
2025-11-15,AG-E-052,ภาคกลาง,98,1860
2025-11-15,AG-E-052,ภาคตะวันออก,87,1333
2025-11-15,AG-E-052,ภาคเหนือ,69,1142
2025-11-15,AG-E-052,ภาคใต้,88,1758
2025-11-16,TK-A-001,กรุงเทพฯ,175,3028
2025-11-16,TK-A-001,ภาคกลาง,157,2819
2025-11-16,TK-A-001,ภาคตะวันออก,106,2088
2025-11-16,TK-A-001,ภาคเหนือ,98,1825
2025-11-16,TK-A-001,ภาคใต้,116,1905
2025-11-16,GL-B-014,กรุงเทพฯ,870,16186
2025-11-16,GL-B-014,ภาคกลาง,711,12115
2025-11-16,GL-B-014,ภาคตะวันออก,570,9651
2025-11-16,GL-B-014,ภาคเหนือ,479,10141
2025-11-16,GL-B-014,ภาคใต้,664,9601
2025-11-16,MK-C-028,กรุงเทพฯ,668,12075
2025-11-16,MK-C-028,ภาคกลาง,525,8349
2025-11-16,MK-C-028,ภาคตะวันออก,435,7238
2025-11-16,MK-C-028,ภาคเหนือ,380,6033
2025-11-16,MK-C-028,ภาคใต้,445,8107
2025-11-16,SY-D-039,กรุงเทพฯ,423,8769
2025-11-16,SY-D-039,ภาคกลาง,326,7397
2025-11-16,SY-D-039,ภาคตะวันออก,268,5078
2025-11-16,SY-D-039,ภาคเหนือ,222,4223
2025-11-16,SY-D-039,ภาคใต้,297,5843
2025-11-16,AG-E-052,กรุงเทพฯ,132,2640
2025-11-16,AG-E-052,ภาคกลาง,111,1677
2025-11-16,AG-E-052,ภาคตะวันออก,83,1478
2025-11-16,AG-E-052,ภาคเหนือ,65,1187
2025-11-16,AG-E-052,ภาคใต้,91,1405
2025-11-17,TK-A-001,กรุงเทพฯ,184,3484
2025-11-17,TK-A-001,ภาคกลาง,132,2540
2025-11-17,TK-A-001,ภาคตะวันออก,104,1712
2025-11-17,TK-A-001,ภาคเหนือ,93,1848
2025-11-17,TK-A-001,ภาคใต้,130,2127
2025-11-17,GL-B-014,กรุงเทพฯ,932,16044
2025-11-17,GL-B-014,ภาคกลาง,799,14621
2025-11-17,GL-B-014,ภาคตะวันออก,519,11387
2025-11-17,GL-B-014,ภาคเหนือ,532,10050
2025-11-17,GL-B-014,ภาคใต้,632,9747
2025-11-17,MK-C-028,กรุงเทพฯ,650,12136
2025-11-17,MK-C-028,ภาคกลาง,539,10225
2025-11-17,MK-C-028,ภาคตะวันออก,377,7530
2025-11-17,MK-C-028,ภาคเหนือ,394,7207
2025-11-17,MK-C-028,ภาคใต้,436,7717
2025-11-17,SY-D-039,กรุงเทพฯ,453,8612
2025-11-17,SY-D-039,ภาคกลาง,372,5527
2025-11-17,SY-D-039,ภาคตะวันออก,294,5543
2025-11-17,SY-D-039,ภาคเหนือ,249,4371
2025-11-17,SY-D-039,ภาคใต้,302,6157
2025-11-17,AG-E-052,กรุงเทพฯ,127,2667
2025-11-17,AG-E-052,ภาคกลาง,116,1772
2025-11-17,AG-E-052,ภาคตะวันออก,76,1303
2025-11-17,AG-E-052,ภาคเหนือ,74,1128
2025-11-17,AG-E-052,ภาคใต้,87,1850
2025-11-18,TK-A-001,กรุงเทพฯ,167,2816
2025-11-18,TK-A-001,ภาคกลาง,153,2776
2025-11-18,TK-A-001,ภาคตะวันออก,109,1810
2025-11-18,TK-A-001,ภาคเหนือ,92,1672
2025-11-18,TK-A-001,ภาคใต้,121,2471
2025-11-18,GL-B-014,กรุงเทพฯ,848,18552
2025-11-18,GL-B-014,ภาคกลาง,703,14169
2025-11-18,GL-B-014,ภาคตะวันออก,513,10525
2025-11-18,GL-B-014,ภาคเหนือ,491,10218
2025-11-18,GL-B-014,ภาคใต้,565,10568
2025-11-18,MK-C-028,กรุงเทพฯ,701,13445
2025-11-18,MK-C-028,ภาคกลาง,517,9490
2025-11-18,MK-C-028,ภาคตะวันออก,390,7593
2025-11-18,MK-C-028,ภาคเหนือ,389,6028
2025-11-18,MK-C-028,ภาคใต้,419,8176
2025-11-18,SY-D-039,กรุงเทพฯ,430,8435
2025-11-18,SY-D-039,ภาคกลาง,390,6124
2025-11-18,SY-D-039,ภาคตะวันออก,245,4247
2025-11-18,SY-D-039,ภาคเหนือ,246,4862
2025-11-18,SY-D-039,ภาคใต้,295,5629
2025-11-18,AG-E-052,กรุงเทพฯ,124,2616
2025-11-18,AG-E-052,ภาคกลาง,113,1710
2025-11-18,AG-E-052,ภาคตะวันออก,77,1288
2025-11-18,AG-E-052,ภาคเหนือ,68,1103
2025-11-18,AG-E-052,ภาคใต้,99,1838
2025-11-19,TK-A-001,กรุงเทพฯ,181,2892
2025-11-19,TK-A-001,ภาคกลาง,135,2900
2025-11-19,TK-A-001,ภาคตะวันออก,111,1779
2025-11-19,TK-A-001,ภาคเหนือ,105,1647
2025-11-19,TK-A-001,ภาคใต้,129,2384
2025-11-19,GL-B-014,กรุงเทพฯ,991,18524
2025-11-19,GL-B-014,ภาคกลาง,734,12156
2025-11-19,GL-B-014,ภาคตะวันออก,503,9602
2025-11-19,GL-B-014,ภาคเหนือ,509,9771
2025-11-19,GL-B-014,ภาคใต้,671,12093
2025-11-19,MK-C-028,กรุงเทพฯ,682,12371
2025-11-19,MK-C-028,ภาคกลาง,562,8768
2025-11-19,MK-C-028,ภาคตะวันออก,439,7468
2025-11-19,MK-C-028,ภาคเหนือ,396,6279
2025-11-19,MK-C-028,ภาคใต้,461,8818
2025-11-19,SY-D-039,กรุงเทพฯ,479,9124
2025-11-19,SY-D-039,ภาคกลาง,378,6257
2025-11-19,SY-D-039,ภาคตะวันออก,273,4742
2025-11-19,SY-D-039,ภาคเหนือ,239,3858
2025-11-19,SY-D-039,ภาคใต้,293,4722
2025-11-19,AG-E-052,กรุงเทพฯ,146,2620
2025-11-19,AG-E-052,ภาคกลาง,109,2170
2025-11-19,AG-E-052,ภาคตะวันออก,85,1401
2025-11-19,AG-E-052,ภาคเหนือ,70,1205
2025-11-19,AG-E-052,ภาคใต้,94,1831
2025-11-20,TK-A-001,กรุงเทพฯ,188,3576
2025-11-20,TK-A-001,ภาคกลาง,145,2443
2025-11-20,TK-A-001,ภาคตะวันออก,116,1818
2025-11-20,TK-A-001,ภาคเหนือ,90,1490
2025-11-20,TK-A-001,ภาคใต้,115,2039
2025-11-20,GL-B-014,กรุงเทพฯ,861,15463
2025-11-20,GL-B-014,ภาคกลาง,685,13523
2025-11-20,GL-B-014,ภาคตะวันออก,598,8981
2025-11-20,GL-B-014,ภาคเหนือ,486,9142
2025-11-20,GL-B-014,ภาคใต้,651,9770
2025-11-20,MK-C-028,กรุงเทพฯ,674,12840
2025-11-20,MK-C-028,ภาคกลาง,574,8529
2025-11-20,MK-C-028,ภาคตะวันออก,430,7959
2025-11-20,MK-C-028,ภาคเหนือ,357,6192
2025-11-20,MK-C-028,ภาคใต้,476,8640
2025-11-20,SY-D-039,กรุงเทพฯ,493,7204
2025-11-20,SY-D-039,ภาคกลาง,362,7337
2025-11-20,SY-D-039,ภาคตะวันออก,243,5584
2025-11-20,SY-D-039,ภาคเหนือ,239,3948
2025-11-20,SY-D-039,ภาคใต้,282,5252
2025-11-20,AG-E-052,กรุงเทพฯ,142,2760
2025-11-20,AG-E-052,ภาคกลาง,116,1661
2025-11-20,AG-E-052,ภาคตะวันออก,87,1673
2025-11-20,AG-E-052,ภาคเหนือ,72,1189
2025-11-20,AG-E-052,ภาคใต้,91,1554
2025-11-21,TK-A-001,กรุงเทพฯ,170,3608
2025-11-21,TK-A-001,ภาคกลาง,148,2269
2025-11-21,TK-A-001,ภาคตะวันออก,108,1725
2025-11-21,TK-A-001,ภาคเหนือ,101,1528
2025-11-21,TK-A-001,ภาคใต้,109,2341
2025-11-21,GL-B-014,กรุงเทพฯ,851,19118
2025-11-21,GL-B-014,ภาคกลาง,752,14620
2025-11-21,GL-B-014,ภาคตะวันออก,608,10684
2025-11-21,GL-B-014,ภาคเหนือ,479,9432
2025-11-21,GL-B-014,ภาคใต้,657,10045
2025-11-21,MK-C-028,กรุงเทพฯ,674,13325
2025-11-21,MK-C-028,ภาคกลาง,552,10394
2025-11-21,MK-C-028,ภาคตะวันออก,383,6675
2025-11-21,MK-C-028,ภาคเหนือ,327,5675
2025-11-21,MK-C-028,ภาคใต้,486,7164
2025-11-21,SY-D-039,กรุงเทพฯ,486,8309
2025-11-21,SY-D-039,ภาคกลาง,352,6122
2025-11-21,SY-D-039,ภาคตะวันออก,271,4513
2025-11-21,SY-D-039,ภาคเหนือ,253,4122
2025-11-21,SY-D-039,ภาคใต้,279,5633
2025-11-21,AG-E-052,กรุงเทพฯ,129,2609
2025-11-21,AG-E-052,ภาคกลาง,115,2146
2025-11-21,AG-E-052,ภาคตะวันออก,75,1265
2025-11-21,AG-E-052,ภาคเหนือ,76,1350
2025-11-21,AG-E-052,ภาคใต้,92,1572
2025-11-22,TK-A-001,กรุงเทพฯ,180,3172
2025-11-22,TK-A-001,ภาคกลาง,150,2686
2025-11-22,TK-A-001,ภาคตะวันออก,111,1884
2025-11-22,TK-A-001,ภาคเหนือ,102,1689
2025-11-22,TK-A-001,ภาคใต้,119,1954
2025-11-22,GL-B-014,กรุงเทพฯ,969,14346
2025-11-22,GL-B-014,ภาคกลาง,754,14940
2025-11-22,GL-B-014,ภาคตะวันออก,561,8959
2025-11-22,GL-B-014,ภาคเหนือ,470,8378
2025-11-22,GL-B-014,ภาคใต้,629,10997
2025-11-22,MK-C-028,กรุงเทพฯ,668,12358
2025-11-22,MK-C-028,ภาคกลาง,508,10569
2025-11-22,MK-C-028,ภาคตะวันออก,409,7825
2025-11-22,MK-C-028,ภาคเหนือ,392,6855
2025-11-22,MK-C-028,ภาคใต้,477,6939
2025-11-22,SY-D-039,กรุงเทพฯ,480,7138
2025-11-22,SY-D-039,ภาคกลาง,367,6214
2025-11-22,SY-D-039,ภาคตะวันออก,272,4638
2025-11-22,SY-D-039,ภาคเหนือ,236,3703
2025-11-22,SY-D-039,ภาคใต้,306,5650
2025-11-22,AG-E-052,กรุงเทพฯ,144,2228
2025-11-22,AG-E-052,ภาคกลาง,100,2151
2025-11-22,AG-E-052,ภาคตะวันออก,85,1559
2025-11-22,AG-E-052,ภาคเหนือ,75,1120
2025-11-22,AG-E-052,ภาคใต้,86,1539
2025-11-23,TK-A-001,กรุงเทพฯ,190,3075
2025-11-23,TK-A-001,ภาคกลาง,149,2470
2025-11-23,TK-A-001,ภาคตะวันออก,99,2187
2025-11-23,TK-A-001,ภาคเหนือ,99,1807
2025-11-23,TK-A-001,ภาคใต้,124,1977
2025-11-23,GL-B-014,กรุงเทพฯ,865,19246
2025-11-23,GL-B-014,ภาคกลาง,761,14286
2025-11-23,GL-B-014,ภาคตะวันออก,565,9766
2025-11-23,GL-B-014,ภาคเหนือ,503,9590
2025-11-23,GL-B-014,ภาคใต้,562,9539
2025-11-23,MK-C-028,กรุงเทพฯ,704,11717
2025-11-23,MK-C-028,ภาคกลาง,565,10394
2025-11-23,MK-C-028,ภาคตะวันออก,441,6674
2025-11-23,MK-C-028,ภาคเหนือ,380,6330
2025-11-23,MK-C-028,ภาคใต้,464,8560
2025-11-23,SY-D-039,กรุงเทพฯ,459,8359
2025-11-23,SY-D-039,ภาคกลาง,346,5667
2025-11-23,SY-D-039,ภาคตะวันออก,274,5323
2025-11-23,SY-D-039,ภาคเหนือ,241,4412
2025-11-23,SY-D-039,ภาคใต้,298,4801
2025-11-23,AG-E-052,กรุงเทพฯ,137,2679
2025-11-23,AG-E-052,ภาคกลาง,118,1961
2025-11-23,AG-E-052,ภาคตะวันออก,79,1297
2025-11-23,AG-E-052,ภาคเหนือ,68,1133
2025-11-23,AG-E-052,ภาคใต้,91,1751
2025-11-24,TK-A-001,กรุงเทพฯ,171,2855
2025-11-24,TK-A-001,ภาคกลาง,147,2618
2025-11-24,TK-A-001,ภาคตะวันออก,112,2123
2025-11-24,TK-A-001,ภาคเหนือ,93,1690
2025-11-24,TK-A-001,ภาคใต้,112,1891
2025-11-24,GL-B-014,กรุงเทพฯ,840,17584
2025-11-24,GL-B-014,ภาคกลาง,730,13081
2025-11-24,GL-B-014,ภาคตะวันออก,511,8555
2025-11-24,GL-B-014,ภาคเหนือ,491,7927
2025-11-24,GL-B-014,ภาคใต้,593,11692
2025-11-24,MK-C-028,กรุงเทพฯ,626,11485
2025-11-24,MK-C-028,ภาคกลาง,526,9663
2025-11-24,MK-C-028,ภาคตะวันออก,412,7081
2025-11-24,MK-C-028,ภาคเหนือ,352,5824
2025-11-24,MK-C-028,ภาคใต้,478,9265
2025-11-24,SY-D-039,กรุงเทพฯ,412,8258
2025-11-24,SY-D-039,ภาคกลาง,360,6181
2025-11-24,SY-D-039,ภาคตะวันออก,297,4846
2025-11-24,SY-D-039,ภาคเหนือ,219,3839
2025-11-24,SY-D-039,ภาคใต้,275,5390
2025-11-24,AG-E-052,กรุงเทพฯ,137,2554
2025-11-24,AG-E-052,ภาคกลาง,99,1967
2025-11-24,AG-E-052,ภาคตะวันออก,79,1312
2025-11-24,AG-E-052,ภาคเหนือ,66,1337
2025-11-24,AG-E-052,ภาคใต้,86,1738
2025-11-25,TK-A-001,กรุงเทพฯ,180,3277
2025-11-25,TK-A-001,ภาคกลาง,152,2928
2025-11-25,TK-A-001,ภาคตะวันออก,105,2090
2025-11-25,TK-A-001,ภาคเหนือ,95,1593
2025-11-25,TK-A-001,ภาคใต้,121,2223
2025-11-25,GL-B-014,กรุงเทพฯ,1010,18134
2025-11-25,GL-B-014,ภาคกลาง,810,13353
2025-11-25,GL-B-014,ภาคตะวันออก,596,8931
2025-11-25,GL-B-014,ภาคเหนือ,530,7823
2025-11-25,GL-B-014,ภาคใต้,577,12677
2025-11-25,MK-C-028,กรุงเทพฯ,669,10834
2025-11-25,MK-C-028,ภาคกลาง,568,11067
2025-11-25,MK-C-028,ภาคตะวันออก,365,7978
2025-11-25,MK-C-028,ภาคเหนือ,368,6093
2025-11-25,MK-C-028,ภาคใต้,422,8318
2025-11-25,SY-D-039,กรุงเทพฯ,473,8023
2025-11-25,SY-D-039,ภาคกลาง,361,5542
2025-11-25,SY-D-039,ภาคตะวันออก,260,4522
2025-11-25,SY-D-039,ภาคเหนือ,229,4929
2025-11-25,SY-D-039,ภาคใต้,278,5374
2025-11-25,AG-E-052,กรุงเทพฯ,139,2190
2025-11-25,AG-E-052,ภาคกลาง,110,1785
2025-11-25,AG-E-052,ภาคตะวันออก,86,1284
2025-11-25,AG-E-052,ภาคเหนือ,78,1169
2025-11-25,AG-E-052,ภาคใต้,88,1673
2025-11-26,TK-A-001,กรุงเทพฯ,166,2865
2025-11-26,TK-A-001,ภาคกลาง,136,2812
2025-11-26,TK-A-001,ภาคตะวันออก,111,1985
2025-11-26,TK-A-001,ภาคเหนือ,98,1964
2025-11-26,TK-A-001,ภาคใต้,121,2075
2025-11-26,GL-B-014,กรุงเทพฯ,926,18577
2025-11-26,GL-B-014,ภาคกลาง,681,13120
2025-11-26,GL-B-014,ภาคตะวันออก,607,9626
2025-11-26,GL-B-014,ภาคเหนือ,512,8127
2025-11-26,GL-B-014,ภาคใต้,614,10035
2025-11-26,MK-C-028,กรุงเทพฯ,661,11818
2025-11-26,MK-C-028,ภาคกลาง,500,9937
2025-11-26,MK-C-028,ภาคตะวันออก,379,6550
2025-11-26,MK-C-028,ภาคเหนือ,358,5828
2025-11-26,MK-C-028,ภาคใต้,420,8140
2025-11-26,SY-D-039,กรุงเทพฯ,419,8824
2025-11-26,SY-D-039,ภาคกลาง,395,5557
2025-11-26,SY-D-039,ภาคตะวันออก,283,4936
2025-11-26,SY-D-039,ภาคเหนือ,227,4879
2025-11-26,SY-D-039,ภาคใต้,302,5198
2025-11-26,AG-E-052,กรุงเทพฯ,148,2786
2025-11-26,AG-E-052,ภาคกลาง,117,1972
2025-11-26,AG-E-052,ภาคตะวันออก,76,1280
2025-11-26,AG-E-052,ภาคเหนือ,75,1213
2025-11-26,AG-E-052,ภาคใต้,91,1465
2025-11-27,TK-A-001,กรุงเทพฯ,187,2810
2025-11-27,TK-A-001,ภาคกลาง,133,2295
2025-11-27,TK-A-001,ภาคตะวันออก,104,1914
2025-11-27,TK-A-001,ภาคเหนือ,96,1721
2025-11-27,TK-A-001,ภาคใต้,123,2250
2025-11-27,GL-B-014,กรุงเทพฯ,925,16907
2025-11-27,GL-B-014,ภาคกลาง,801,14776
2025-11-27,GL-B-014,ภาคตะวันออก,584,10576
2025-11-27,GL-B-014,ภาคเหนือ,522,8319
2025-11-27,GL-B-014,ภาคใต้,657,10535
2025-11-27,MK-C-028,กรุงเทพฯ,632,11952
2025-11-27,MK-C-028,ภาคกลาง,505,10768
2025-11-27,MK-C-028,ภาคตะวันออก,402,8277
2025-11-27,MK-C-028,ภาคเหนือ,365,5963
2025-11-27,MK-C-028,ภาคใต้,484,9218
2025-11-27,SY-D-039,กรุงเทพฯ,457,7468
2025-11-27,SY-D-039,ภาคกลาง,347,5666
2025-11-27,SY-D-039,ภาคตะวันออก,260,4919
2025-11-27,SY-D-039,ภาคเหนือ,225,4177
2025-11-27,SY-D-039,ภาคใต้,313,4899
2025-11-27,AG-E-052,กรุงเทพฯ,124,2572
2025-11-27,AG-E-052,ภาคกลาง,108,2190
2025-11-27,AG-E-052,ภาคตะวันออก,83,1413
2025-11-27,AG-E-052,ภาคเหนือ,67,1349
2025-11-27,AG-E-052,ภาคใต้,93,1608
2025-11-28,TK-A-001,กรุงเทพฯ,185,3541
2025-11-28,TK-A-001,ภาคกลาง,150,2582
2025-11-28,TK-A-001,ภาคตะวันออก,114,2094
2025-11-28,TK-A-001,ภาคเหนือ,90,1778
2025-11-28,TK-A-001,ภาคใต้,119,2466
2025-11-28,GL-B-014,กรุงเทพฯ,1014,14266
2025-11-28,GL-B-014,ภาคกลาง,719,15336
2025-11-28,GL-B-014,ภาคตะวันออก,520,9642
2025-11-28,GL-B-014,ภาคเหนือ,462,8755
2025-11-28,GL-B-014,ภาคใต้,630,12649
2025-11-28,MK-C-028,กรุงเทพฯ,661,11560
2025-11-28,MK-C-028,ภาคกลาง,549,10311
2025-11-28,MK-C-028,ภาคตะวันออก,402,7755
2025-11-28,MK-C-028,ภาคเหนือ,372,6581
2025-11-28,MK-C-028,ภาคใต้,411,7019
2025-11-28,SY-D-039,กรุงเทพฯ,430,7847
2025-11-28,SY-D-039,ภาคกลาง,342,6176
2025-11-28,SY-D-039,ภาคตะวันออก,247,5262
2025-11-28,SY-D-039,ภาคเหนือ,252,4364
2025-11-28,SY-D-039,ภาคใต้,279,4919
2025-11-28,AG-E-052,กรุงเทพฯ,140,2610
2025-11-28,AG-E-052,ภาคกลาง,110,1946
2025-11-28,AG-E-052,ภาคตะวันออก,77,1502
2025-11-28,AG-E-052,ภาคเหนือ,73,1393
2025-11-28,AG-E-052,ภาคใต้,98,1566
2025-11-29,TK-A-001,กรุงเทพฯ,164,3354
2025-11-29,TK-A-001,ภาคกลาง,144,2260
2025-11-29,TK-A-001,ภาคตะวันออก,118,1790
2025-11-29,TK-A-001,ภาคเหนือ,92,1603
2025-11-29,TK-A-001,ภาคใต้,122,2396
2025-11-29,GL-B-014,กรุงเทพฯ,839,17515
2025-11-29,GL-B-014,ภาคกลาง,814,15278
2025-11-29,GL-B-014,ภาคตะวันออก,531,10541
2025-11-29,GL-B-014,ภาคเหนือ,540,9032
2025-11-29,GL-B-014,ภาคใต้,623,9904
2025-11-29,MK-C-028,กรุงเทพฯ,656,12878
2025-11-29,MK-C-028,ภาคกลาง,565,9226
2025-11-29,MK-C-028,ภาคตะวันออก,424,8333
2025-11-29,MK-C-028,ภาคเหนือ,364,7165
2025-11-29,MK-C-028,ภาคใต้,449,8751
2025-11-29,SY-D-039,กรุงเทพฯ,410,8869
2025-11-29,SY-D-039,ภาคกลาง,389,7180
2025-11-29,SY-D-039,ภาคตะวันออก,263,5029
2025-11-29,SY-D-039,ภาคเหนือ,216,3764
2025-11-29,SY-D-039,ภาคใต้,301,4991
2025-11-29,AG-E-052,กรุงเทพฯ,128,2312
2025-11-29,AG-E-052,ภาคกลาง,108,2083
2025-11-29,AG-E-052,ภาคตะวันออก,83,1605
2025-11-29,AG-E-052,ภาคเหนือ,71,1239
2025-11-29,AG-E-052,ภาคใต้,95,1843
2025-11-30,TK-A-001,กรุงเทพฯ,194,3277
2025-11-30,TK-A-001,ภาคกลาง,156,2369
2025-11-30,TK-A-001,ภาคตะวันออก,112,2131
2025-11-30,TK-A-001,ภาคเหนือ,98,1681
2025-11-30,TK-A-001,ภาคใต้,121,1890
2025-11-30,GL-B-014,กรุงเทพฯ,880,17565
2025-11-30,GL-B-014,ภาคกลาง,693,15242
2025-11-30,GL-B-014,ภาคตะวันออก,531,8785
2025-11-30,GL-B-014,ภาคเหนือ,522,8302
2025-11-30,GL-B-014,ภาคใต้,629,10119
2025-11-30,MK-C-028,กรุงเทพฯ,651,12839
2025-11-30,MK-C-028,ภาคกลาง,559,9523
2025-11-30,MK-C-028,ภาคตะวันออก,443,6612
2025-11-30,MK-C-028,ภาคเหนือ,370,6174
2025-11-30,MK-C-028,ภาคใต้,458,8864
2025-11-30,SY-D-039,กรุงเทพฯ,480,7292
2025-11-30,SY-D-039,ภาคกลาง,328,7188
2025-11-30,SY-D-039,ภาคตะวันออก,292,4241
2025-11-30,SY-D-039,ภาคเหนือ,229,4504
2025-11-30,SY-D-039,ภาคใต้,311,4975
2025-11-30,AG-E-052,กรุงเทพฯ,129,2221
2025-11-30,AG-E-052,ภาคกลาง,113,1876
2025-11-30,AG-E-052,ภาคตะวันออก,88,1629
2025-11-30,AG-E-052,ภาคเหนือ,79,1352
2025-11-30,AG-E-052,ภาคใต้,95,1572
2025-12-01,TK-A-001,กรุงเทพฯ,179,3505
2025-12-01,TK-A-001,ภาคกลาง,144,2922
2025-12-01,TK-A-001,ภาคตะวันออก,103,1687
2025-12-01,TK-A-001,ภาคเหนือ,100,1711
2025-12-01,TK-A-001,ภาคใต้,130,2180
2025-12-01,GL-B-014,กรุงเทพฯ,1000,15655
2025-12-01,GL-B-014,ภาคกลาง,681,12407
2025-12-01,GL-B-014,ภาคตะวันออก,564,9345
2025-12-01,GL-B-014,ภาคเหนือ,490,9787
2025-12-01,GL-B-014,ภาคใต้,669,11331
2025-12-01,MK-C-028,กรุงเทพฯ,703,11598
2025-12-01,MK-C-028,ภาคกลาง,566,10424
2025-12-01,MK-C-028,ภาคตะวันออก,396,7451
2025-12-01,MK-C-028,ภาคเหนือ,341,6498
2025-12-01,MK-C-028,ภาคใต้,463,8977
2025-12-01,SY-D-039,กรุงเทพฯ,494,8049
2025-12-01,SY-D-039,ภาคกลาง,368,5914
2025-12-01,SY-D-039,ภาคตะวันออก,274,5038
2025-12-01,SY-D-039,ภาคเหนือ,250,4428
2025-12-01,SY-D-039,ภาคใต้,320,5577
2025-12-01,AG-E-052,กรุงเทพฯ,146,2178
2025-12-01,AG-E-052,ภาคกลาง,107,2133
2025-12-01,AG-E-052,ภาคตะวันออก,77,1353
2025-12-01,AG-E-052,ภาคเหนือ,70,1488
2025-12-01,AG-E-052,ภาคใต้,92,1468
2025-12-02,TK-A-001,กรุงเทพฯ,184,3366
2025-12-02,TK-A-001,ภาคกลาง,150,2268
2025-12-02,TK-A-001,ภาคตะวันออก,115,2086
2025-12-02,TK-A-001,ภาคเหนือ,89,1773
2025-12-02,TK-A-001,ภาคใต้,110,2186
2025-12-02,GL-B-014,กรุงเทพฯ,967,19244
2025-12-02,GL-B-014,ภาคกลาง,708,11505
2025-12-02,GL-B-014,ภาคตะวันออก,596,8797
2025-12-02,GL-B-014,ภาคเหนือ,504,9674
2025-12-02,GL-B-014,ภาคใต้,659,12240
2025-12-02,MK-C-028,กรุงเทพฯ,672,11166
2025-12-02,MK-C-028,ภาคกลาง,546,10197
2025-12-02,MK-C-028,ภาคตะวันออก,412,6915
2025-12-02,MK-C-028,ภาคเหนือ,391,5856
2025-12-02,MK-C-028,ภาคใต้,485,7778
2025-12-02,SY-D-039,กรุงเทพฯ,457,7172
2025-12-02,SY-D-039,ภาคกลาง,329,6071
2025-12-02,SY-D-039,ภาคตะวันออก,293,4479
2025-12-02,SY-D-039,ภาคเหนือ,228,4807
2025-12-02,SY-D-039,ภาคใต้,299,5359
2025-12-02,AG-E-052,กรุงเทพฯ,138,2459
2025-12-02,AG-E-052,ภาคกลาง,103,1814
2025-12-02,AG-E-052,ภาคตะวันออก,87,1532
2025-12-02,AG-E-052,ภาคเหนือ,66,1179
2025-12-02,AG-E-052,ภาคใต้,86,1726
2025-12-03,TK-A-001,กรุงเทพฯ,190,2801
2025-12-03,TK-A-001,ภาคกลาง,147,2612
2025-12-03,TK-A-001,ภาคตะวันออก,103,1778
2025-12-03,TK-A-001,ภาคเหนือ,102,1735
2025-12-03,TK-A-001,ภาคใต้,117,2456
2025-12-03,GL-B-014,กรุงเทพฯ,988,18184
2025-12-03,GL-B-014,ภาคกลาง,741,14414
2025-12-03,GL-B-014,ภาคตะวันออก,567,9346
2025-12-03,GL-B-014,ภาคเหนือ,540,7748
2025-12-03,GL-B-014,ภาคใต้,647,10727
2025-12-03,MK-C-028,กรุงเทพฯ,653,13963
2025-12-03,MK-C-028,ภาคกลาง,501,10864
2025-12-03,MK-C-028,ภาคตะวันออก,388,8104
2025-12-03,MK-C-028,ภาคเหนือ,368,5671
2025-12-03,MK-C-028,ภาคใต้,419,8197
2025-12-03,SY-D-039,กรุงเทพฯ,411,7119
2025-12-03,SY-D-039,ภาคกลาง,325,7421
2025-12-03,SY-D-039,ภาคตะวันออก,244,4519
2025-12-03,SY-D-039,ภาคเหนือ,221,4537
2025-12-03,SY-D-039,ภาคใต้,311,6096
2025-12-03,AG-E-052,กรุงเทพฯ,138,2425
2025-12-03,AG-E-052,ภาคกลาง,104,2080
2025-12-03,AG-E-052,ภาคตะวันออก,81,1434
2025-12-03,AG-E-052,ภาคเหนือ,66,1348
2025-12-03,AG-E-052,ภาคใต้,91,1498
2025-12-04,TK-A-001,กรุงเทพฯ,189,2792
2025-12-04,TK-A-001,ภาคกลาง,135,2681
2025-12-04,TK-A-001,ภาคตะวันออก,98,2124
2025-12-04,TK-A-001,ภาคเหนือ,95,1940
2025-12-04,TK-A-001,ภาคใต้,119,1864
2025-12-04,GL-B-014,กรุงเทพฯ,852,15788
2025-12-04,GL-B-014,ภาคกลาง,811,14966
2025-12-04,GL-B-014,ภาคตะวันออก,528,10971
2025-12-04,GL-B-014,ภาคเหนือ,498,9739
2025-12-04,GL-B-014,ภาคใต้,617,11440
2025-12-04,MK-C-028,กรุงเทพฯ,738,13790
2025-12-04,MK-C-028,ภาคกลาง,541,10134
2025-12-04,MK-C-028,ภาคตะวันออก,436,7865
2025-12-04,MK-C-028,ภาคเหนือ,380,6946
2025-12-04,MK-C-028,ภาคใต้,427,8781
2025-12-04,SY-D-039,กรุงเทพฯ,480,9214
2025-12-04,SY-D-039,ภาคกลาง,384,6033
2025-12-04,SY-D-039,ภาคตะวันออก,246,4845
2025-12-04,SY-D-039,ภาคเหนือ,259,4097
2025-12-04,SY-D-039,ภาคใต้,281,5344
2025-12-04,AG-E-052,กรุงเทพฯ,148,2353
2025-12-04,AG-E-052,ภาคกลาง,114,2184
2025-12-04,AG-E-052,ภาคตะวันออก,83,1421
2025-12-04,AG-E-052,ภาคเหนือ,70,1160
2025-12-04,AG-E-052,ภาคใต้,94,1408
2025-12-05,TK-A-001,กรุงเทพฯ,177,2976
2025-12-05,TK-A-001,ภาคกลาง,146,2809
2025-12-05,TK-A-001,ภาคตะวันออก,111,1775
2025-12-05,TK-A-001,ภาคเหนือ,95,1734
2025-12-05,TK-A-001,ภาคใต้,121,2090
2025-12-05,GL-B-014,กรุงเทพฯ,875,16396
2025-12-05,GL-B-014,ภาคกลาง,688,14586
2025-12-05,GL-B-014,ภาคตะวันออก,529,8634
2025-12-05,GL-B-014,ภาคเหนือ,491,8901
2025-12-05,GL-B-014,ภาคใต้,612,10552
2025-12-05,MK-C-028,กรุงเทพฯ,706,12431
2025-12-05,MK-C-028,ภาคกลาง,588,8442
2025-12-05,MK-C-028,ภาคตะวันออก,377,8272
2025-12-05,MK-C-028,ภาคเหนือ,347,6094
2025-12-05,MK-C-028,ภาคใต้,466,7114
2025-12-05,SY-D-039,กรุงเทพฯ,416,8237
2025-12-05,SY-D-039,ภาคกลาง,358,6616
2025-12-05,SY-D-039,ภาคตะวันออก,268,4786
2025-12-05,SY-D-039,ภาคเหนือ,231,4910
2025-12-05,SY-D-039,ภาคใต้,292,5710
2025-12-05,AG-E-052,กรุงเทพฯ,122,2328
2025-12-05,AG-E-052,ภาคกลาง,116,2025
2025-12-05,AG-E-052,ภาคตะวันออก,73,1600
2025-12-05,AG-E-052,ภาคเหนือ,68,1440
2025-12-05,AG-E-052,ภาคใต้,88,1467
2025-12-06,TK-A-001,กรุงเทพฯ,179,3217
2025-12-06,TK-A-001,ภาคกลาง,132,2381
2025-12-06,TK-A-001,ภาคตะวันออก,112,1680
2025-12-06,TK-A-001,ภาคเหนือ,91,1588
2025-12-06,TK-A-001,ภาคใต้,109,2172
2025-12-06,GL-B-014,กรุงเทพฯ,950,15118
2025-12-06,GL-B-014,ภาคกลาง,694,12847
2025-12-06,GL-B-014,ภาคตะวันออก,575,9382
2025-12-06,GL-B-014,ภาคเหนือ,531,9784
2025-12-06,GL-B-014,ภาคใต้,645,11467
2025-12-06,MK-C-028,กรุงเทพฯ,646,10675
2025-12-06,MK-C-028,ภาคกลาง,533,10601
2025-12-06,MK-C-028,ภาคตะวันออก,428,7908
2025-12-06,MK-C-028,ภาคเหนือ,353,6586
2025-12-06,MK-C-028,ภาคใต้,484,9089
2025-12-06,SY-D-039,กรุงเทพฯ,442,8945
2025-12-06,SY-D-039,ภาคกลาง,326,6141
2025-12-06,SY-D-039,ภาคตะวันออก,294,4656
2025-12-06,SY-D-039,ภาคเหนือ,253,4231
2025-12-06,SY-D-039,ภาคใต้,329,5833
2025-12-06,AG-E-052,กรุงเทพฯ,132,2327
2025-12-06,AG-E-052,ภาคกลาง,118,1879
2025-12-06,AG-E-052,ภาคตะวันออก,75,1305
2025-12-06,AG-E-052,ภาคเหนือ,72,1387
2025-12-06,AG-E-052,ภาคใต้,82,1658
2025-12-07,TK-A-001,กรุงเทพฯ,186,3516
2025-12-07,TK-A-001,ภาคกลาง,139,2664
2025-12-07,TK-A-001,ภาคตะวันออก,119,1700
2025-12-07,TK-A-001,ภาคเหนือ,88,1764
2025-12-07,TK-A-001,ภาคใต้,118,2453
2025-12-07,GL-B-014,กรุงเทพฯ,876,18475
2025-12-07,GL-B-014,ภาคกลาง,759,13211
2025-12-07,GL-B-014,ภาคตะวันออก,525,9194
2025-12-07,GL-B-014,ภาคเหนือ,534,9899
2025-12-07,GL-B-014,ภาคใต้,597,10735
2025-12-07,MK-C-028,กรุงเทพฯ,662,13149
2025-12-07,MK-C-028,ภาคกลาง,544,9559
2025-12-07,MK-C-028,ภาคตะวันออก,420,6572
2025-12-07,MK-C-028,ภาคเหนือ,344,5810
2025-12-07,MK-C-028,ภาคใต้,417,6905
2025-12-07,SY-D-039,กรุงเทพฯ,449,7477
2025-12-07,SY-D-039,ภาคกลาง,386,5804
2025-12-07,SY-D-039,ภาคตะวันออก,294,4324
2025-12-07,SY-D-039,ภาคเหนือ,264,4662
2025-12-07,SY-D-039,ภาคใต้,301,4647
2025-12-07,AG-E-052,กรุงเทพฯ,133,2385
2025-12-07,AG-E-052,ภาคกลาง,100,2215
2025-12-07,AG-E-052,ภาคตะวันออก,81,1539
2025-12-07,AG-E-052,ภาคเหนือ,69,1232
2025-12-07,AG-E-052,ภาคใต้,84,1660
2025-12-08,TK-A-001,กรุงเทพฯ,188,2861
2025-12-08,TK-A-001,ภาคกลาง,144,2723
2025-12-08,TK-A-001,ภาคตะวันออก,105,2076
2025-12-08,TK-A-001,ภาคเหนือ,89,1688
2025-12-08,TK-A-001,ภาคใต้,123,1964
2025-12-08,GL-B-014,กรุงเทพฯ,854,18671
2025-12-08,GL-B-014,ภาคกลาง,784,12016
2025-12-08,GL-B-014,ภาคตะวันออก,579,9341
2025-12-08,GL-B-014,ภาคเหนือ,449,9568
2025-12-08,GL-B-014,ภาคใต้,645,11558
2025-12-08,MK-C-028,กรุงเทพฯ,688,12312
2025-12-08,MK-C-028,ภาคกลาง,502,10842
2025-12-08,MK-C-028,ภาคตะวันออก,394,6469
2025-12-08,MK-C-028,ภาคเหนือ,342,7300
2025-12-08,MK-C-028,ภาคใต้,464,8544
2025-12-08,SY-D-039,กรุงเทพฯ,477,7655
2025-12-08,SY-D-039,ภาคกลาง,380,7367
2025-12-08,SY-D-039,ภาคตะวันออก,262,4235
2025-12-08,SY-D-039,ภาคเหนือ,236,4293
2025-12-08,SY-D-039,ภาคใต้,320,5384
2025-12-08,AG-E-052,กรุงเทพฯ,126,2559
2025-12-08,AG-E-052,ภาคกลาง,108,2146
2025-12-08,AG-E-052,ภาคตะวันออก,83,1455
2025-12-08,AG-E-052,ภาคเหนือ,70,1356
2025-12-08,AG-E-052,ภาคใต้,96,1628
2025-12-09,TK-A-001,กรุงเทพฯ,176,3356
2025-12-09,TK-A-001,ภาคกลาง,140,2816
2025-12-09,TK-A-001,ภาคตะวันออก,108,2013
2025-12-09,TK-A-001,ภาคเหนือ,99,1862
2025-12-09,TK-A-001,ภาคใต้,118,1998
2025-12-09,GL-B-014,กรุงเทพฯ,1003,14730
2025-12-09,GL-B-014,ภาคกลาง,767,14671
2025-12-09,GL-B-014,ภาคตะวันออก,582,9459
2025-12-09,GL-B-014,ภาคเหนือ,541,9748
2025-12-09,GL-B-014,ภาคใต้,657,10532
2025-12-09,MK-C-028,กรุงเทพฯ,687,10973
2025-12-09,MK-C-028,ภาคกลาง,571,9909
2025-12-09,MK-C-028,ภาคตะวันออก,440,6375
2025-12-09,MK-C-028,ภาคเหนือ,388,5997
2025-12-09,MK-C-028,ภาคใต้,473,8804
2025-12-09,SY-D-039,กรุงเทพฯ,408,8463
2025-12-09,SY-D-039,ภาคกลาง,353,7334
2025-12-09,SY-D-039,ภาคตะวันออก,272,5279
2025-12-09,SY-D-039,ภาคเหนือ,248,4212
2025-12-09,SY-D-039,ภาคใต้,301,6022
2025-12-09,AG-E-052,กรุงเทพฯ,126,2400
2025-12-09,AG-E-052,ภาคกลาง,112,1798
2025-12-09,AG-E-052,ภาคตะวันออก,78,1586
2025-12-09,AG-E-052,ภาคเหนือ,67,1346
2025-12-09,AG-E-052,ภาคใต้,88,1814
2025-12-10,TK-A-001,กรุงเทพฯ,173,2908
2025-12-10,TK-A-001,ภาคกลาง,144,2778
2025-12-10,TK-A-001,ภาคตะวันออก,102,1896
2025-12-10,TK-A-001,ภาคเหนือ,97,1718
2025-12-10,TK-A-001,ภาคใต้,123,2005
2025-12-10,GL-B-014,กรุงเทพฯ,957,14770
2025-12-10,GL-B-014,ภาคกลาง,766,12972
2025-12-10,GL-B-014,ภาคตะวันออก,505,11424
2025-12-10,GL-B-014,ภาคเหนือ,493,9973
2025-12-10,GL-B-014,ภาคใต้,573,11203
2025-12-10,MK-C-028,กรุงเทพฯ,664,10657
2025-12-10,MK-C-028,ภาคกลาง,493,8375
2025-12-10,MK-C-028,ภาคตะวันออก,432,7567
2025-12-10,MK-C-028,ภาคเหนือ,326,7246
2025-12-10,MK-C-028,ภาคใต้,407,8044
2025-12-10,SY-D-039,กรุงเทพฯ,474,8302
2025-12-10,SY-D-039,ภาคกลาง,353,6053
2025-12-10,SY-D-039,ภาคตะวันออก,292,5420
2025-12-10,SY-D-039,ภาคเหนือ,224,4144
2025-12-10,SY-D-039,ภาคใต้,271,5618
2025-12-10,AG-E-052,กรุงเทพฯ,146,2196
2025-12-10,AG-E-052,ภาคกลาง,108,2231
2025-12-10,AG-E-052,ภาคตะวันออก,75,1281
2025-12-10,AG-E-052,ภาคเหนือ,74,1202
2025-12-10,AG-E-052,ภาคใต้,84,1752
2025-12-11,TK-A-001,กรุงเทพฯ,184,3329
2025-12-11,TK-A-001,ภาคกลาง,150,2631
2025-12-11,TK-A-001,ภาคตะวันออก,104,1761
2025-12-11,TK-A-001,ภาคเหนือ,93,1754
2025-12-11,TK-A-001,ภาคใต้,108,2314
2025-12-11,GL-B-014,กรุงเทพฯ,978,16617
2025-12-11,GL-B-014,ภาคกลาง,690,12543
2025-12-11,GL-B-014,ภาคตะวันออก,514,9346
2025-12-11,GL-B-014,ภาคเหนือ,488,9664
2025-12-11,GL-B-014,ภาคใต้,571,9877
2025-12-11,MK-C-028,กรุงเทพฯ,671,13399
2025-12-11,MK-C-028,ภาคกลาง,500,9689
2025-12-11,MK-C-028,ภาคตะวันออก,408,7899
2025-12-11,MK-C-028,ภาคเหนือ,344,5825
2025-12-11,MK-C-028,ภาคใต้,452,8396
2025-12-11,SY-D-039,กรุงเทพฯ,431,7953
2025-12-11,SY-D-039,ภาคกลาง,331,7046
2025-12-11,SY-D-039,ภาคตะวันออก,277,4146
2025-12-11,SY-D-039,ภาคเหนือ,245,4706
2025-12-11,SY-D-039,ภาคใต้,290,4866
2025-12-11,AG-E-052,กรุงเทพฯ,124,2710
2025-12-11,AG-E-052,ภาคกลาง,100,1846
2025-12-11,AG-E-052,ภาคตะวันออก,83,1525
2025-12-11,AG-E-052,ภาคเหนือ,67,1117
2025-12-11,AG-E-052,ภาคใต้,98,1389
2025-12-12,TK-A-001,กรุงเทพฯ,180,3688
2025-12-12,TK-A-001,ภาคกลาง,147,2283
2025-12-12,TK-A-001,ภาคตะวันออก,111,1948
2025-12-12,TK-A-001,ภาคเหนือ,101,1862
2025-12-12,TK-A-001,ภาคใต้,116,1898
2025-12-12,GL-B-014,กรุงเทพฯ,858,14428
2025-12-12,GL-B-014,ภาคกลาง,682,12280
2025-12-12,GL-B-014,ภาคตะวันออก,599,10657
2025-12-12,GL-B-014,ภาคเหนือ,477,9729
2025-12-12,GL-B-014,ภาคใต้,569,11082
2025-12-12,MK-C-028,กรุงเทพฯ,611,12017
2025-12-12,MK-C-028,ภาคกลาง,584,10751
2025-12-12,MK-C-028,ภาคตะวันออก,384,8006
2025-12-12,MK-C-028,ภาคเหนือ,352,6510
2025-12-12,MK-C-028,ภาคใต้,486,8938
2025-12-12,SY-D-039,กรุงเทพฯ,456,8596
2025-12-12,SY-D-039,ภาคกลาง,372,6994
2025-12-12,SY-D-039,ภาคตะวันออก,274,4305
2025-12-12,SY-D-039,ภาคเหนือ,220,4153
2025-12-12,SY-D-039,ภาคใต้,270,4878
2025-12-12,AG-E-052,กรุงเทพฯ,146,2405
2025-12-12,AG-E-052,ภาคกลาง,114,2062
2025-12-12,AG-E-052,ภาคตะวันออก,81,1583
2025-12-12,AG-E-052,ภาคเหนือ,71,1246
2025-12-12,AG-E-052,ภาคใต้,94,1776
2025-12-13,TK-A-001,กรุงเทพฯ,179,3265
2025-12-13,TK-A-001,ภาคกลาง,153,2386
2025-12-13,TK-A-001,ภาคตะวันออก,116,1719
2025-12-13,TK-A-001,ภาคเหนือ,100,1897
2025-12-13,TK-A-001,ภาคใต้,121,2432
2025-12-13,GL-B-014,กรุงเทพฯ,898,15509
2025-12-13,GL-B-014,ภาคกลาง,782,12716
2025-12-13,GL-B-014,ภาคตะวันออก,593,11458
2025-12-13,GL-B-014,ภาคเหนือ,461,8384
2025-12-13,GL-B-014,ภาคใต้,572,9660
2025-12-13,MK-C-028,กรุงเทพฯ,707,11170
2025-12-13,MK-C-028,ภาคกลาง,590,10953
2025-12-13,MK-C-028,ภาคตะวันออก,438,6201
2025-12-13,MK-C-028,ภาคเหนือ,329,5727
2025-12-13,MK-C-028,ภาคใต้,461,7604
2025-12-13,SY-D-039,กรุงเทพฯ,481,8243
2025-12-13,SY-D-039,ภาคกลาง,395,7360
2025-12-13,SY-D-039,ภาคตะวันออก,258,4304
2025-12-13,SY-D-039,ภาคเหนือ,225,3790
2025-12-13,SY-D-039,ภาคใต้,296,5025
2025-12-13,AG-E-052,กรุงเทพฯ,128,2145
2025-12-13,AG-E-052,ภาคกลาง,99,1754
2025-12-13,AG-E-052,ภาคตะวันออก,75,1625
2025-12-13,AG-E-052,ภาคเหนือ,66,1334
2025-12-13,AG-E-052,ภาคใต้,90,1739
2025-12-14,TK-A-001,กรุงเทพฯ,184,3092
2025-12-14,TK-A-001,ภาคกลาง,138,2257
2025-12-14,TK-A-001,ภาคตะวันออก,117,1768
2025-12-14,TK-A-001,ภาคเหนือ,104,1748
2025-12-14,TK-A-001,ภาคใต้,108,2176
2025-12-14,GL-B-014,กรุงเทพฯ,922,16364
2025-12-14,GL-B-014,ภาคกลาง,733,11680
2025-12-14,GL-B-014,ภาคตะวันออก,541,9949
2025-12-14,GL-B-014,ภาคเหนือ,450,9132
2025-12-14,GL-B-014,ภาคใต้,650,10022
2025-12-14,MK-C-028,กรุงเทพฯ,713,10953
2025-12-14,MK-C-028,ภาคกลาง,557,9821
2025-12-14,MK-C-028,ภาคตะวันออก,397,8020
2025-12-14,MK-C-028,ภาคเหนือ,376,7033
2025-12-14,MK-C-028,ภาคใต้,438,7500
2025-12-14,SY-D-039,กรุงเทพฯ,441,7554
2025-12-14,SY-D-039,ภาคกลาง,365,7224
2025-12-14,SY-D-039,ภาคตะวันออก,284,5290
2025-12-14,SY-D-039,ภาคเหนือ,242,3797
2025-12-14,SY-D-039,ภาคใต้,287,4768
2025-12-14,AG-E-052,กรุงเทพฯ,126,2551
2025-12-14,AG-E-052,ภาคกลาง,103,1748
2025-12-14,AG-E-052,ภาคตะวันออก,76,1242
2025-12-14,AG-E-052,ภาคเหนือ,76,1291
2025-12-14,AG-E-052,ภาคใต้,98,1813
2025-12-15,TK-A-001,กรุงเทพฯ,171,3386
2025-12-15,TK-A-001,ภาคกลาง,143,2694
2025-12-15,TK-A-001,ภาคตะวันออก,119,2147
2025-12-15,TK-A-001,ภาคเหนือ,91,1880
2025-12-15,TK-A-001,ภาคใต้,124,2431
2025-12-15,GL-B-014,กรุงเทพฯ,956,14783
2025-12-15,GL-B-014,ภาคกลาง,682,13006
2025-12-15,GL-B-014,ภาคตะวันออก,516,8874
2025-12-15,GL-B-014,ภาคเหนือ,539,8833
2025-12-15,GL-B-014,ภาคใต้,560,11177
2025-12-15,MK-C-028,กรุงเทพฯ,659,12957
2025-12-15,MK-C-028,ภาคกลาง,489,9744
2025-12-15,MK-C-028,ภาคตะวันออก,418,7003
2025-12-15,MK-C-028,ภาคเหนือ,370,6618
2025-12-15,MK-C-028,ภาคใต้,417,7185
2025-12-15,SY-D-039,กรุงเทพฯ,489,7367
2025-12-15,SY-D-039,ภาคกลาง,340,7152
2025-12-15,SY-D-039,ภาคตะวันออก,274,5332
2025-12-15,SY-D-039,ภาคเหนือ,238,4843
2025-12-15,SY-D-039,ภาคใต้,277,6110
2025-12-15,AG-E-052,กรุงเทพฯ,133,2514
2025-12-15,AG-E-052,ภาคกลาง,111,2193
2025-12-15,AG-E-052,ภาคตะวันออก,78,1392
2025-12-15,AG-E-052,ภาคเหนือ,73,1225
2025-12-15,AG-E-052,ภาคใต้,89,1420
2025-12-16,TK-A-001,กรุงเทพฯ,194,3130
2025-12-16,TK-A-001,ภาคกลาง,150,2654
2025-12-16,TK-A-001,ภาคตะวันออก,113,1859
2025-12-16,TK-A-001,ภาคเหนือ,96,1650
2025-12-16,TK-A-001,ภาคใต้,116,2203
2025-12-16,GL-B-014,กรุงเทพฯ,950,15231
2025-12-16,GL-B-014,ภาคกลาง,686,13098
2025-12-16,GL-B-014,ภาคตะวันออก,596,11494
2025-12-16,GL-B-014,ภาคเหนือ,510,10267
2025-12-16,GL-B-014,ภาคใต้,590,12029
2025-12-16,MK-C-028,กรุงเทพฯ,642,12100
2025-12-16,MK-C-028,ภาคกลาง,571,10203
2025-12-16,MK-C-028,ภาคตะวันออก,370,6278
2025-12-16,MK-C-028,ภาคเหนือ,356,5567
2025-12-16,MK-C-028,ภาคใต้,428,8358
2025-12-16,SY-D-039,กรุงเทพฯ,463,8408
2025-12-16,SY-D-039,ภาคกลาง,331,7032
2025-12-16,SY-D-039,ภาคตะวันออก,285,4267
2025-12-16,SY-D-039,ภาคเหนือ,263,4752
2025-12-16,SY-D-039,ภาคใต้,321,6002
2025-12-16,AG-E-052,กรุงเทพฯ,137,2331
2025-12-16,AG-E-052,ภาคกลาง,98,1791
2025-12-16,AG-E-052,ภาคตะวันออก,84,1395
2025-12-16,AG-E-052,ภาคเหนือ,67,1197
2025-12-16,AG-E-052,ภาคใต้,91,1616
2025-12-17,TK-A-001,กรุงเทพฯ,185,3413
2025-12-17,TK-A-001,ภาคกลาง,143,2965
2025-12-17,TK-A-001,ภาคตะวันออก,113,1831
2025-12-17,TK-A-001,ภาคเหนือ,95,1653
2025-12-17,TK-A-001,ภาคใต้,113,1885
2025-12-17,GL-B-014,กรุงเทพฯ,989,18847
2025-12-17,GL-B-014,ภาคกลาง,770,15391
2025-12-17,GL-B-014,ภาคตะวันออก,613,10995
2025-12-17,GL-B-014,ภาคเหนือ,448,9935
2025-12-17,GL-B-014,ภาคใต้,587,12511
2025-12-17,MK-C-028,กรุงเทพฯ,627,10872
2025-12-17,MK-C-028,ภาคกลาง,557,10936
2025-12-17,MK-C-028,ภาคตะวันออก,420,7212
2025-12-17,MK-C-028,ภาคเหนือ,332,6653
2025-12-17,MK-C-028,ภาคใต้,481,8790
2025-12-17,SY-D-039,กรุงเทพฯ,459,8601
2025-12-17,SY-D-039,ภาคกลาง,386,5747
2025-12-17,SY-D-039,ภาคตะวันออก,257,4555
2025-12-17,SY-D-039,ภาคเหนือ,241,3973
2025-12-17,SY-D-039,ภาคใต้,284,5189
2025-12-17,AG-E-052,กรุงเทพฯ,147,2656
2025-12-17,AG-E-052,ภาคกลาง,117,1666
2025-12-17,AG-E-052,ภาคตะวันออก,80,1269
2025-12-17,AG-E-052,ภาคเหนือ,69,1366
2025-12-17,AG-E-052,ภาคใต้,99,1738
2025-12-18,TK-A-001,กรุงเทพฯ,181,3580
2025-12-18,TK-A-001,ภาคกลาง,131,2867
2025-12-18,TK-A-001,ภาคตะวันออก,112,2093
2025-12-18,TK-A-001,ภาคเหนือ,95,1888
2025-12-18,TK-A-001,ภาคใต้,128,2196
2025-12-18,GL-B-014,กรุงเทพฯ,937,17685
2025-12-18,GL-B-014,ภาคกลาง,737,11913
2025-12-18,GL-B-014,ภาคตะวันออก,521,10834
2025-12-18,GL-B-014,ภาคเหนือ,516,9248
2025-12-18,GL-B-014,ภาคใต้,645,11456
2025-12-18,MK-C-028,กรุงเทพฯ,708,10877
2025-12-18,MK-C-028,ภาคกลาง,540,9035
2025-12-18,MK-C-028,ภาคตะวันออก,397,7312
2025-12-18,MK-C-028,ภาคเหนือ,367,6795
2025-12-18,MK-C-028,ภาคใต้,422,8469
2025-12-18,SY-D-039,กรุงเทพฯ,421,8624
2025-12-18,SY-D-039,ภาคกลาง,364,6064
2025-12-18,SY-D-039,ภาคตะวันออก,266,4285
2025-12-18,SY-D-039,ภาคเหนือ,251,4949
2025-12-18,SY-D-039,ภาคใต้,305,6052
2025-12-18,AG-E-052,กรุงเทพฯ,136,2440
2025-12-18,AG-E-052,ภาคกลาง,108,1657
2025-12-18,AG-E-052,ภาคตะวันออก,76,1385
2025-12-18,AG-E-052,ภาคเหนือ,77,1283
2025-12-18,AG-E-052,ภาคใต้,92,1617
2025-12-19,TK-A-001,กรุงเทพฯ,165,3701
2025-12-19,TK-A-001,ภาคกลาง,136,2472
2025-12-19,TK-A-001,ภาคตะวันออก,102,1755
2025-12-19,TK-A-001,ภาคเหนือ,91,1886
2025-12-19,TK-A-001,ภาคใต้,122,2194
2025-12-19,GL-B-014,กรุงเทพฯ,857,14666
2025-12-19,GL-B-014,ภาคกลาง,693,11440
2025-12-19,GL-B-014,ภาคตะวันออก,572,9004
2025-12-19,GL-B-014,ภาคเหนือ,497,8880
2025-12-19,GL-B-014,ภาคใต้,642,10473
2025-12-19,MK-C-028,กรุงเทพฯ,610,10628
2025-12-19,MK-C-028,ภาคกลาง,491,9865
2025-12-19,MK-C-028,ภาคตะวันออก,426,7827
2025-12-19,MK-C-028,ภาคเหนือ,341,7362
2025-12-19,MK-C-028,ภาคใต้,426,7636
2025-12-19,SY-D-039,กรุงเทพฯ,433,8752
2025-12-19,SY-D-039,ภาคกลาง,374,6369
2025-12-19,SY-D-039,ภาคตะวันออก,287,4393
2025-12-19,SY-D-039,ภาคเหนือ,261,4940
2025-12-19,SY-D-039,ภาคใต้,305,4842
2025-12-19,AG-E-052,กรุงเทพฯ,137,2408
2025-12-19,AG-E-052,ภาคกลาง,119,1896
2025-12-19,AG-E-052,ภาคตะวันออก,81,1268
2025-12-19,AG-E-052,ภาคเหนือ,75,1384
2025-12-19,AG-E-052,ภาคใต้,94,1383
2025-12-20,TK-A-001,กรุงเทพฯ,175,3675
2025-12-20,TK-A-001,ภาคกลาง,133,2504
2025-12-20,TK-A-001,ภาคตะวันออก,103,1990
2025-12-20,TK-A-001,ภาคเหนือ,90,1912
2025-12-20,TK-A-001,ภาคใต้,120,2299
2025-12-20,GL-B-014,กรุงเทพฯ,949,17081
2025-12-20,GL-B-014,ภาคกลาง,804,13911
2025-12-20,GL-B-014,ภาคตะวันออก,604,10040
2025-12-20,GL-B-014,ภาคเหนือ,495,8810
2025-12-20,GL-B-014,ภาคใต้,566,12208
2025-12-20,MK-C-028,กรุงเทพฯ,697,12672
2025-12-20,MK-C-028,ภาคกลาง,544,8532
2025-12-20,MK-C-028,ภาคตะวันออก,375,6529
2025-12-20,MK-C-028,ภาคเหนือ,374,6471
2025-12-20,MK-C-028,ภาคใต้,445,8339
2025-12-20,SY-D-039,กรุงเทพฯ,478,7316
2025-12-20,SY-D-039,ภาคกลาง,358,7036
2025-12-20,SY-D-039,ภาคตะวันออก,282,4943
2025-12-20,SY-D-039,ภาคเหนือ,229,4119
2025-12-20,SY-D-039,ภาคใต้,291,4986
2025-12-20,AG-E-052,กรุงเทพฯ,126,2368
2025-12-20,AG-E-052,ภาคกลาง,104,2074
2025-12-20,AG-E-052,ภาคตะวันออก,74,1496
2025-12-20,AG-E-052,ภาคเหนือ,69,1141
2025-12-20,AG-E-052,ภาคใต้,84,1647
2025-12-21,TK-A-001,กรุงเทพฯ,180,3263
2025-12-21,TK-A-001,ภาคกลาง,155,2338
2025-12-21,TK-A-001,ภาคตะวันออก,102,1685
2025-12-21,TK-A-001,ภาคเหนือ,90,1926
2025-12-21,TK-A-001,ภาคใต้,118,1925
2025-12-21,GL-B-014,กรุงเทพฯ,845,17731
2025-12-21,GL-B-014,ภาคกลาง,777,15053
2025-12-21,GL-B-014,ภาคตะวันออก,571,9233
2025-12-21,GL-B-014,ภาคเหนือ,475,7691
2025-12-21,GL-B-014,ภาคใต้,596,10884
2025-12-21,MK-C-028,กรุงเทพฯ,692,13149
2025-12-21,MK-C-028,ภาคกลาง,581,10982
2025-12-21,MK-C-028,ภาคตะวันออก,418,7194
2025-12-21,MK-C-028,ภาคเหนือ,327,6450
2025-12-21,MK-C-028,ภาคใต้,474,8492
2025-12-21,SY-D-039,กรุงเทพฯ,461,7951
2025-12-21,SY-D-039,ภาคกลาง,370,6785
2025-12-21,SY-D-039,ภาคตะวันออก,286,4833
2025-12-21,SY-D-039,ภาคเหนือ,220,4903
2025-12-21,SY-D-039,ภาคใต้,288,5028
2025-12-21,AG-E-052,กรุงเทพฯ,128,2086
2025-12-21,AG-E-052,ภาคกลาง,106,1815
2025-12-21,AG-E-052,ภาคตะวันออก,85,1505
2025-12-21,AG-E-052,ภาคเหนือ,69,1211
2025-12-21,AG-E-052,ภาคใต้,94,1853
2025-12-22,TK-A-001,กรุงเทพฯ,188,2944
2025-12-22,TK-A-001,ภาคกลาง,133,2405
2025-12-22,TK-A-001,ภาคตะวันออก,112,1783
2025-12-22,TK-A-001,ภาคเหนือ,88,1808
2025-12-22,TK-A-001,ภาคใต้,129,2153
2025-12-22,GL-B-014,กรุงเทพฯ,911,14454
2025-12-22,GL-B-014,ภาคกลาง,751,13966
2025-12-22,GL-B-014,ภาคตะวันออก,550,9928
2025-12-22,GL-B-014,ภาคเหนือ,455,7939
2025-12-22,GL-B-014,ภาคใต้,610,10530
2025-12-22,MK-C-028,กรุงเทพฯ,724,10564
2025-12-22,MK-C-028,ภาคกลาง,570,9435
2025-12-22,MK-C-028,ภาคตะวันออก,371,8215
2025-12-22,MK-C-028,ภาคเหนือ,346,5709
2025-12-22,MK-C-028,ภาคใต้,480,8128
2025-12-22,SY-D-039,กรุงเทพฯ,445,7444
2025-12-22,SY-D-039,ภาคกลาง,327,7272
2025-12-22,SY-D-039,ภาคตะวันออก,284,4810
2025-12-22,SY-D-039,ภาคเหนือ,261,4088
2025-12-22,SY-D-039,ภาคใต้,322,5253
2025-12-22,AG-E-052,กรุงเทพฯ,125,2135
2025-12-22,AG-E-052,ภาคกลาง,110,1984
2025-12-22,AG-E-052,ภาคตะวันออก,81,1363
2025-12-22,AG-E-052,ภาคเหนือ,69,1448
2025-12-22,AG-E-052,ภาคใต้,91,1626
2025-12-23,TK-A-001,กรุงเทพฯ,170,3373
2025-12-23,TK-A-001,ภาคกลาง,152,2271
2025-12-23,TK-A-001,ภาคตะวันออก,112,2062
2025-12-23,TK-A-001,ภาคเหนือ,90,1750
2025-12-23,TK-A-001,ภาคใต้,114,2285
2025-12-23,GL-B-014,กรุงเทพฯ,938,14628
2025-12-23,GL-B-014,ภาคกลาง,733,12772
2025-12-23,GL-B-014,ภาคตะวันออก,602,10367
2025-12-23,GL-B-014,ภาคเหนือ,463,7897
2025-12-23,GL-B-014,ภาคใต้,621,10616
2025-12-23,MK-C-028,กรุงเทพฯ,672,10366
2025-12-23,MK-C-028,ภาคกลาง,493,8647
2025-12-23,MK-C-028,ภาคตะวันออก,368,6208
2025-12-23,MK-C-028,ภาคเหนือ,394,5616
2025-12-23,MK-C-028,ภาคใต้,425,8345
2025-12-23,SY-D-039,กรุงเทพฯ,422,8938
2025-12-23,SY-D-039,ภาคกลาง,346,6232
2025-12-23,SY-D-039,ภาคตะวันออก,257,4479
2025-12-23,SY-D-039,ภาคเหนือ,243,4414
2025-12-23,SY-D-039,ภาคใต้,308,5200
2025-12-23,AG-E-052,กรุงเทพฯ,138,2157
2025-12-23,AG-E-052,ภาคกลาง,109,2070
2025-12-23,AG-E-052,ภาคตะวันออก,75,1494
2025-12-23,AG-E-052,ภาคเหนือ,66,1171
2025-12-23,AG-E-052,ภาคใต้,95,1805
2025-12-24,TK-A-001,กรุงเทพฯ,182,3204
2025-12-24,TK-A-001,ภาคกลาง,138,2946
2025-12-24,TK-A-001,ภาคตะวันออก,109,2089
2025-12-24,TK-A-001,ภาคเหนือ,99,1768
2025-12-24,TK-A-001,ภาคใต้,115,1985
2025-12-24,GL-B-014,กรุงเทพฯ,958,19003
2025-12-24,GL-B-014,ภาคกลาง,683,12093
2025-12-24,GL-B-014,ภาคตะวันออก,525,11303
2025-12-24,GL-B-014,ภาคเหนือ,542,8924
2025-12-24,GL-B-014,ภาคใต้,575,12367
2025-12-24,MK-C-028,กรุงเทพฯ,712,13942
2025-12-24,MK-C-028,ภาคกลาง,563,10016
2025-12-24,MK-C-028,ภาคตะวันออก,442,7804
2025-12-24,MK-C-028,ภาคเหนือ,361,7265
2025-12-24,MK-C-028,ภาคใต้,447,7695
2025-12-24,SY-D-039,กรุงเทพฯ,474,7827
2025-12-24,SY-D-039,ภาคกลาง,371,7384
2025-12-24,SY-D-039,ภาคตะวันออก,284,5504
2025-12-24,SY-D-039,ภาคเหนือ,221,4228
2025-12-24,SY-D-039,ภาคใต้,305,6152
2025-12-24,AG-E-052,กรุงเทพฯ,141,2545
2025-12-24,AG-E-052,ภาคกลาง,110,1653
2025-12-24,AG-E-052,ภาคตะวันออก,81,1407
2025-12-24,AG-E-052,ภาคเหนือ,68,1345
2025-12-24,AG-E-052,ภาคใต้,98,1826
2025-12-25,TK-A-001,กรุงเทพฯ,164,3352
2025-12-25,TK-A-001,ภาคกลาง,151,2423
2025-12-25,TK-A-001,ภาคตะวันออก,99,2104
2025-12-25,TK-A-001,ภาคเหนือ,99,1481
2025-12-25,TK-A-001,ภาคใต้,110,2465
2025-12-25,GL-B-014,กรุงเทพฯ,871,17299
2025-12-25,GL-B-014,ภาคกลาง,685,12257
2025-12-25,GL-B-014,ภาคตะวันออก,591,9111
2025-12-25,GL-B-014,ภาคเหนือ,475,9927
2025-12-25,GL-B-014,ภาคใต้,669,12769
2025-12-25,MK-C-028,กรุงเทพฯ,653,11401
2025-12-25,MK-C-028,ภาคกลาง,525,10498
2025-12-25,MK-C-028,ภาคตะวันออก,409,7334
2025-12-25,MK-C-028,ภาคเหนือ,381,5835
2025-12-25,MK-C-028,ภาคใต้,452,8840
2025-12-25,SY-D-039,กรุงเทพฯ,455,8462
2025-12-25,SY-D-039,ภาคกลาง,326,5687
2025-12-25,SY-D-039,ภาคตะวันออก,258,4820
2025-12-25,SY-D-039,ภาคเหนือ,246,4646
2025-12-25,SY-D-039,ภาคใต้,298,4669
2025-12-25,AG-E-052,กรุงเทพฯ,146,2176
2025-12-25,AG-E-052,ภาคกลาง,106,1874
2025-12-25,AG-E-052,ภาคตะวันออก,81,1634
2025-12-25,AG-E-052,ภาคเหนือ,70,1321
2025-12-25,AG-E-052,ภาคใต้,87,1791
2025-12-26,TK-A-001,กรุงเทพฯ,188,3280
2025-12-26,TK-A-001,ภาคกลาง,148,2322
2025-12-26,TK-A-001,ภาคตะวันออก,103,1981
2025-12-26,TK-A-001,ภาคเหนือ,97,1973
2025-12-26,TK-A-001,ภาคใต้,120,1877
2025-12-26,GL-B-014,กรุงเทพฯ,1001,17801
2025-12-26,GL-B-014,ภาคกลาง,768,14955
2025-12-26,GL-B-014,ภาคตะวันออก,588,10787
2025-12-26,GL-B-014,ภาคเหนือ,520,7893
2025-12-26,GL-B-014,ภาคใต้,606,9799
2025-12-26,MK-C-028,กรุงเทพฯ,627,13452
2025-12-26,MK-C-028,ภาคกลาง,534,9762
2025-12-26,MK-C-028,ภาคตะวันออก,406,8024
2025-12-26,MK-C-028,ภาคเหนือ,356,7312
2025-12-26,MK-C-028,ภาคใต้,407,8311
2025-12-26,SY-D-039,กรุงเทพฯ,441,7347
2025-12-26,SY-D-039,ภาคกลาง,328,6628
2025-12-26,SY-D-039,ภาคตะวันออก,266,4970
2025-12-26,SY-D-039,ภาคเหนือ,232,4493
2025-12-26,SY-D-039,ภาคใต้,277,5455
2025-12-26,AG-E-052,กรุงเทพฯ,130,2378
2025-12-26,AG-E-052,ภาคกลาง,117,1979
2025-12-26,AG-E-052,ภาคตะวันออก,80,1648
2025-12-26,AG-E-052,ภาคเหนือ,79,1194
2025-12-26,AG-E-052,ภาคใต้,84,1418
2025-12-27,TK-A-001,กรุงเทพฯ,190,3545
2025-12-27,TK-A-001,ภาคกลาง,138,2259
2025-12-27,TK-A-001,ภาคตะวันออก,114,2139
2025-12-27,TK-A-001,ภาคเหนือ,105,1470
2025-12-27,TK-A-001,ภาคใต้,112,2312
2025-12-27,GL-B-014,กรุงเทพฯ,840,18454
2025-12-27,GL-B-014,ภาคกลาง,811,12976
2025-12-27,GL-B-014,ภาคตะวันออก,607,11187
2025-12-27,GL-B-014,ภาคเหนือ,447,7729
2025-12-27,GL-B-014,ภาคใต้,604,9949
2025-12-27,MK-C-028,กรุงเทพฯ,649,10602
2025-12-27,MK-C-028,ภาคกลาง,489,9581
2025-12-27,MK-C-028,ภาคตะวันออก,370,7322
2025-12-27,MK-C-028,ภาคเหนือ,360,5812
2025-12-27,MK-C-028,ภาคใต้,446,7933
2025-12-27,SY-D-039,กรุงเทพฯ,421,8329
2025-12-27,SY-D-039,ภาคกลาง,353,6241
2025-12-27,SY-D-039,ภาคตะวันออก,264,5437
2025-12-27,SY-D-039,ภาคเหนือ,237,4432
2025-12-27,SY-D-039,ภาคใต้,292,5774
2025-12-27,AG-E-052,กรุงเทพฯ,141,2585
2025-12-27,AG-E-052,ภาคกลาง,116,2227
2025-12-27,AG-E-052,ภาคตะวันออก,81,1321
2025-12-27,AG-E-052,ภาคเหนือ,67,1324
2025-12-27,AG-E-052,ภาคใต้,97,1633
2025-12-28,TK-A-001,กรุงเทพฯ,165,3550
2025-12-28,TK-A-001,ภาคกลาง,150,2340
2025-12-28,TK-A-001,ภาคตะวันออก,110,1740
2025-12-28,TK-A-001,ภาคเหนือ,95,1829
2025-12-28,TK-A-001,ภาคใต้,127,1837
2025-12-28,GL-B-014,กรุงเทพฯ,1006,16191
2025-12-28,GL-B-014,ภาคกลาง,683,12094
2025-12-28,GL-B-014,ภาคตะวันออก,522,10661
2025-12-28,GL-B-014,ภาคเหนือ,529,7877
2025-12-28,GL-B-014,ภาคใต้,624,12667
2025-12-28,MK-C-028,กรุงเทพฯ,680,12891
2025-12-28,MK-C-028,ภาคกลาง,578,8868
2025-12-28,MK-C-028,ภาคตะวันออก,400,7851
2025-12-28,MK-C-028,ภาคเหนือ,362,6434
2025-12-28,MK-C-028,ภาคใต้,493,7139
2025-12-28,SY-D-039,กรุงเทพฯ,480,7844
2025-12-28,SY-D-039,ภาคกลาง,329,7443
2025-12-28,SY-D-039,ภาคตะวันออก,263,4302
2025-12-28,SY-D-039,ภาคเหนือ,218,4149
2025-12-28,SY-D-039,ภาคใต้,327,4873
2025-12-28,AG-E-052,กรุงเทพฯ,141,2792
2025-12-28,AG-E-052,ภาคกลาง,100,1877
2025-12-28,AG-E-052,ภาคตะวันออก,87,1544
2025-12-28,AG-E-052,ภาคเหนือ,69,1167
2025-12-28,AG-E-052,ภาคใต้,98,1409
2025-12-29,TK-A-001,กรุงเทพฯ,185,3539
2025-12-29,TK-A-001,ภาคกลาง,140,2535
2025-12-29,TK-A-001,ภาคตะวันออก,100,1955
2025-12-29,TK-A-001,ภาคเหนือ,89,1971
2025-12-29,TK-A-001,ภาคใต้,123,2087
2025-12-29,GL-B-014,กรุงเทพฯ,929,15507
2025-12-29,GL-B-014,ภาคกลาง,805,13413
2025-12-29,GL-B-014,ภาคตะวันออก,590,10235
2025-12-29,GL-B-014,ภาคเหนือ,537,9953
2025-12-29,GL-B-014,ภาคใต้,644,12087
2025-12-29,MK-C-028,กรุงเทพฯ,645,13884
2025-12-29,MK-C-028,ภาคกลาง,491,10432
2025-12-29,MK-C-028,ภาคตะวันออก,440,8141
2025-12-29,MK-C-028,ภาคเหนือ,325,6183
2025-12-29,MK-C-028,ภาคใต้,417,8332
2025-12-29,SY-D-039,กรุงเทพฯ,480,8602
2025-12-29,SY-D-039,ภาคกลาง,387,6958
2025-12-29,SY-D-039,ภาคตะวันออก,290,4480
2025-12-29,SY-D-039,ภาคเหนือ,257,4837
2025-12-29,SY-D-039,ภาคใต้,305,5428
2025-12-29,AG-E-052,กรุงเทพฯ,129,2244
2025-12-29,AG-E-052,ภาคกลาง,104,1727
2025-12-29,AG-E-052,ภาคตะวันออก,80,1310
2025-12-29,AG-E-052,ภาคเหนือ,74,1490
2025-12-29,AG-E-052,ภาคใต้,89,1454
2025-12-30,TK-A-001,กรุงเทพฯ,193,3607
2025-12-30,TK-A-001,ภาคกลาง,155,2264
2025-12-30,TK-A-001,ภาคตะวันออก,117,2194
2025-12-30,TK-A-001,ภาคเหนือ,88,1767
2025-12-30,TK-A-001,ภาคใต้,127,2255
2025-12-30,GL-B-014,กรุงเทพฯ,919,15550
2025-12-30,GL-B-014,ภาคกลาง,759,13569
2025-12-30,GL-B-014,ภาคตะวันออก,598,8695
2025-12-30,GL-B-014,ภาคเหนือ,476,8405
2025-12-30,GL-B-014,ภาคใต้,570,11329
2025-12-30,MK-C-028,กรุงเทพฯ,733,11681
2025-12-30,MK-C-028,ภาคกลาง,497,9939
2025-12-30,MK-C-028,ภาคตะวันออก,427,6545
2025-12-30,MK-C-028,ภาคเหนือ,395,5736
2025-12-30,MK-C-028,ภาคใต้,476,7748
2025-12-30,SY-D-039,กรุงเทพฯ,461,7704
2025-12-30,SY-D-039,ภาคกลาง,330,7450
2025-12-30,SY-D-039,ภาคตะวันออก,295,4733
2025-12-30,SY-D-039,ภาคเหนือ,257,4072
2025-12-30,SY-D-039,ภาคใต้,297,5116
2025-12-30,AG-E-052,กรุงเทพฯ,124,2389
2025-12-30,AG-E-052,ภาคกลาง,101,2180
2025-12-30,AG-E-052,ภาคตะวันออก,76,1533
2025-12-30,AG-E-052,ภาคเหนือ,75,1381
2025-12-30,AG-E-052,ภาคใต้,98,1676
2025-12-31,TK-A-001,กรุงเทพฯ,188,3369
2025-12-31,TK-A-001,ภาคกลาง,149,2655
2025-12-31,TK-A-001,ภาคตะวันออก,112,1715
2025-12-31,TK-A-001,ภาคเหนือ,101,1526
2025-12-31,TK-A-001,ภาคใต้,118,2214
2025-12-31,GL-B-014,กรุงเทพฯ,928,15554
2025-12-31,GL-B-014,ภาคกลาง,753,13431
2025-12-31,GL-B-014,ภาคตะวันออก,613,9436
2025-12-31,GL-B-014,ภาคเหนือ,496,9902
2025-12-31,GL-B-014,ภาคใต้,658,11909
2025-12-31,MK-C-028,กรุงเทพฯ,719,11119
2025-12-31,MK-C-028,ภาคกลาง,526,10934
2025-12-31,MK-C-028,ภาคตะวันออก,409,7735
2025-12-31,MK-C-028,ภาคเหนือ,358,6980
2025-12-31,MK-C-028,ภาคใต้,415,7956
2025-12-31,SY-D-039,กรุงเทพฯ,430,9298
2025-12-31,SY-D-039,ภาคกลาง,348,6005
2025-12-31,SY-D-039,ภาคตะวันออก,278,4531
2025-12-31,SY-D-039,ภาคเหนือ,242,4676
2025-12-31,SY-D-039,ภาคใต้,320,4709
2025-12-31,AG-E-052,กรุงเทพฯ,144,2225
2025-12-31,AG-E-052,ภาคกลาง,113,2197
2025-12-31,AG-E-052,ภาคตะวันออก,88,1447
2025-12-31,AG-E-052,ภาคเหนือ,70,1397
2025-12-31,AG-E-052,ภาคใต้,85,1508
2026-01-01,TK-A-001,กรุงเทพฯ,166,2842
2026-01-01,TK-A-001,ภาคกลาง,132,2622
2026-01-01,TK-A-001,ภาคตะวันออก,114,1983
2026-01-01,TK-A-001,ภาคเหนือ,88,1624
2026-01-01,TK-A-001,ภาคใต้,112,1870
2026-01-01,GL-B-014,กรุงเทพฯ,879,17322
2026-01-01,GL-B-014,ภาคกลาง,809,11729
2026-01-01,GL-B-014,ภาคตะวันออก,536,9996
2026-01-01,GL-B-014,ภาคเหนือ,463,9347
2026-01-01,GL-B-014,ภาคใต้,605,11880
2026-01-01,MK-C-028,กรุงเทพฯ,637,12021
2026-01-01,MK-C-028,ภาคกลาง,553,8675
2026-01-01,MK-C-028,ภาคตะวันออก,403,6533
2026-01-01,MK-C-028,ภาคเหนือ,390,6926
2026-01-01,MK-C-028,ภาคใต้,423,7365
2026-01-01,SY-D-039,กรุงเทพฯ,467,7902
2026-01-01,SY-D-039,ภาคกลาง,358,6291
2026-01-01,SY-D-039,ภาคตะวันออก,249,5262
2026-01-01,SY-D-039,ภาคเหนือ,220,3969
2026-01-01,SY-D-039,ภาคใต้,300,5860
2026-01-01,AG-E-052,กรุงเทพฯ,145,2344
2026-01-01,AG-E-052,ภาคกลาง,113,1854
2026-01-01,AG-E-052,ภาคตะวันออก,84,1402
2026-01-01,AG-E-052,ภาคเหนือ,76,1232
2026-01-01,AG-E-052,ภาคใต้,97,1383
2026-01-02,TK-A-001,กรุงเทพฯ,190,3013
2026-01-02,TK-A-001,ภาคกลาง,152,2228
2026-01-02,TK-A-001,ภาคตะวันออก,106,2188
2026-01-02,TK-A-001,ภาคเหนือ,96,1619
2026-01-02,TK-A-001,ภาคใต้,113,2146
2026-01-02,GL-B-014,กรุงเทพฯ,933,15494
2026-01-02,GL-B-014,ภาคกลาง,687,11611
2026-01-02,GL-B-014,ภาคตะวันออก,613,10750
2026-01-02,GL-B-014,ภาคเหนือ,522,9251
2026-01-02,GL-B-014,ภาคใต้,649,9700
2026-01-02,MK-C-028,กรุงเทพฯ,724,12882
2026-01-02,MK-C-028,ภาคกลาง,502,8705
2026-01-02,MK-C-028,ภาคตะวันออก,431,7146
2026-01-02,MK-C-028,ภาคเหนือ,348,5811
2026-01-02,MK-C-028,ภาคใต้,462,8777
2026-01-02,SY-D-039,กรุงเทพฯ,478,8589
2026-01-02,SY-D-039,ภาคกลาง,351,7398
2026-01-02,SY-D-039,ภาคตะวันออก,297,5370
2026-01-02,SY-D-039,ภาคเหนือ,223,4409
2026-01-02,SY-D-039,ภาคใต้,305,5049
2026-01-02,AG-E-052,กรุงเทพฯ,122,2523
2026-01-02,AG-E-052,ภาคกลาง,109,1881
2026-01-02,AG-E-052,ภาคตะวันออก,82,1624
2026-01-02,AG-E-052,ภาคเหนือ,67,1193
2026-01-02,AG-E-052,ภาคใต้,98,1847
2026-01-03,TK-A-001,กรุงเทพฯ,190,3298
2026-01-03,TK-A-001,ภาคกลาง,143,2241
2026-01-03,TK-A-001,ภาคตะวันออก,105,1854
2026-01-03,TK-A-001,ภาคเหนือ,91,1670
2026-01-03,TK-A-001,ภาคใต้,132,2206
2026-01-03,GL-B-014,กรุงเทพฯ,945,17938
2026-01-03,GL-B-014,ภาคกลาง,735,12050
2026-01-03,GL-B-014,ภาคตะวันออก,598,10278
2026-01-03,GL-B-014,ภาคเหนือ,545,8450
2026-01-03,GL-B-014,ภาคใต้,677,11391
2026-01-03,MK-C-028,กรุงเทพฯ,644,12730
2026-01-03,MK-C-028,ภาคกลาง,492,10549
2026-01-03,MK-C-028,ภาคตะวันออก,414,8203
2026-01-03,MK-C-028,ภาคเหนือ,384,6557
2026-01-03,MK-C-028,ภาคใต้,488,7217
2026-01-03,SY-D-039,กรุงเทพฯ,459,9103
2026-01-03,SY-D-039,ภาคกลาง,389,6546
2026-01-03,SY-D-039,ภาคตะวันออก,288,4535
2026-01-03,SY-D-039,ภาคเหนือ,257,4349
2026-01-03,SY-D-039,ภาคใต้,281,5272
2026-01-03,AG-E-052,กรุงเทพฯ,144,2489
2026-01-03,AG-E-052,ภาคกลาง,98,1706
2026-01-03,AG-E-052,ภาคตะวันออก,82,1643
2026-01-03,AG-E-052,ภาคเหนือ,77,1114
2026-01-03,AG-E-052,ภาคใต้,91,1464
2026-01-04,TK-A-001,กรุงเทพฯ,173,3576
2026-01-04,TK-A-001,ภาคกลาง,131,2605
2026-01-04,TK-A-001,ภาคตะวันออก,110,1805
2026-01-04,TK-A-001,ภาคเหนือ,91,1962
2026-01-04,TK-A-001,ภาคใต้,120,2249
2026-01-04,GL-B-014,กรุงเทพฯ,930,17965
2026-01-04,GL-B-014,ภาคกลาง,764,14427
2026-01-04,GL-B-014,ภาคตะวันออก,554,8933
2026-01-04,GL-B-014,ภาคเหนือ,527,8367
2026-01-04,GL-B-014,ภาคใต้,655,12242
2026-01-04,MK-C-028,กรุงเทพฯ,666,11942
2026-01-04,MK-C-028,ภาคกลาง,502,11096
2026-01-04,MK-C-028,ภาคตะวันออก,382,7654
2026-01-04,MK-C-028,ภาคเหนือ,358,6617
2026-01-04,MK-C-028,ภาคใต้,416,8068
2026-01-04,SY-D-039,กรุงเทพฯ,413,8048
2026-01-04,SY-D-039,ภาคกลาง,391,7024
2026-01-04,SY-D-039,ภาคตะวันออก,262,4910
2026-01-04,SY-D-039,ภาคเหนือ,232,3771
2026-01-04,SY-D-039,ภาคใต้,274,5317
2026-01-04,AG-E-052,กรุงเทพฯ,146,2597
2026-01-04,AG-E-052,ภาคกลาง,110,1911
2026-01-04,AG-E-052,ภาคตะวันออก,89,1242
2026-01-04,AG-E-052,ภาคเหนือ,71,1422
2026-01-04,AG-E-052,ภาคใต้,90,1594
2026-01-05,TK-A-001,กรุงเทพฯ,170,3692
2026-01-05,TK-A-001,ภาคกลาง,137,2260
2026-01-05,TK-A-001,ภาคตะวันออก,106,1865
2026-01-05,TK-A-001,ภาคเหนือ,88,1597
2026-01-05,TK-A-001,ภาคใต้,125,2342
2026-01-05,GL-B-014,กรุงเทพฯ,896,15725
2026-01-05,GL-B-014,ภาคกลาง,767,13834
2026-01-05,GL-B-014,ภาคตะวันออก,586,9152
2026-01-05,GL-B-014,ภาคเหนือ,489,10181
2026-01-05,GL-B-014,ภาคใต้,632,12651
2026-01-05,MK-C-028,กรุงเทพฯ,725,11022
2026-01-05,MK-C-028,ภาคกลาง,501,9213
2026-01-05,MK-C-028,ภาคตะวันออก,381,7721
2026-01-05,MK-C-028,ภาคเหนือ,371,6213
2026-01-05,MK-C-028,ภาคใต้,449,7899
2026-01-05,SY-D-039,กรุงเทพฯ,428,8234
2026-01-05,SY-D-039,ภาคกลาง,337,5981
2026-01-05,SY-D-039,ภาคตะวันออก,264,5049
2026-01-05,SY-D-039,ภาคเหนือ,225,3934
2026-01-05,SY-D-039,ภาคใต้,292,5513
2026-01-05,AG-E-052,กรุงเทพฯ,130,2290
2026-01-05,AG-E-052,ภาคกลาง,101,1666
2026-01-05,AG-E-052,ภาคตะวันออก,88,1366
2026-01-05,AG-E-052,ภาคเหนือ,65,1259
2026-01-05,AG-E-052,ภาคใต้,89,1694
2026-01-06,TK-A-001,กรุงเทพฯ,168,3036
2026-01-06,TK-A-001,ภาคกลาง,146,2816
2026-01-06,TK-A-001,ภาคตะวันออก,99,2171
2026-01-06,TK-A-001,ภาคเหนือ,103,1494
2026-01-06,TK-A-001,ภาคใต้,122,2315
2026-01-06,GL-B-014,กรุงเทพฯ,991,14413
2026-01-06,GL-B-014,ภาคกลาง,770,14915
2026-01-06,GL-B-014,ภาคตะวันออก,555,10140
2026-01-06,GL-B-014,ภาคเหนือ,462,7955
2026-01-06,GL-B-014,ภาคใต้,589,12036
2026-01-06,MK-C-028,กรุงเทพฯ,686,11501
2026-01-06,MK-C-028,ภาคกลาง,558,11125
2026-01-06,MK-C-028,ภาคตะวันออก,397,7121
2026-01-06,MK-C-028,ภาคเหนือ,344,6591
2026-01-06,MK-C-028,ภาคใต้,431,7189
2026-01-06,SY-D-039,กรุงเทพฯ,444,6889
2026-01-06,SY-D-039,ภาคกลาง,347,5966
2026-01-06,SY-D-039,ภาคตะวันออก,253,5120
2026-01-06,SY-D-039,ภาคเหนือ,232,4755
2026-01-06,SY-D-039,ภาคใต้,290,4778
2026-01-06,AG-E-052,กรุงเทพฯ,143,2246
2026-01-06,AG-E-052,ภาคกลาง,105,1735
2026-01-06,AG-E-052,ภาคตะวันออก,84,1299
2026-01-06,AG-E-052,ภาคเหนือ,77,1211
2026-01-06,AG-E-052,ภาคใต้,88,1533
2026-01-07,TK-A-001,กรุงเทพฯ,179,2893
2026-01-07,TK-A-001,ภาคกลาง,158,2318
2026-01-07,TK-A-001,ภาคตะวันออก,109,2067
2026-01-07,TK-A-001,ภาคเหนือ,102,1709
2026-01-07,TK-A-001,ภาคใต้,124,2347
2026-01-07,GL-B-014,กรุงเทพฯ,887,17014
2026-01-07,GL-B-014,ภาคกลาง,725,11402
2026-01-07,GL-B-014,ภาคตะวันออก,601,10372
2026-01-07,GL-B-014,ภาคเหนือ,541,7931
2026-01-07,GL-B-014,ภาคใต้,600,11270
2026-01-07,MK-C-028,กรุงเทพฯ,729,12508
2026-01-07,MK-C-028,ภาคกลาง,517,8860
2026-01-07,MK-C-028,ภาคตะวันออก,421,7327
2026-01-07,MK-C-028,ภาคเหนือ,350,6467
2026-01-07,MK-C-028,ภาคใต้,408,8159
2026-01-07,SY-D-039,กรุงเทพฯ,437,8369
2026-01-07,SY-D-039,ภาคกลาง,385,6049
2026-01-07,SY-D-039,ภาคตะวันออก,275,5065
2026-01-07,SY-D-039,ภาคเหนือ,225,4300
2026-01-07,SY-D-039,ภาคใต้,276,5093
2026-01-07,AG-E-052,กรุงเทพฯ,140,2562
2026-01-07,AG-E-052,ภาคกลาง,98,1851
2026-01-07,AG-E-052,ภาคตะวันออก,74,1341
2026-01-07,AG-E-052,ภาคเหนือ,68,1468
2026-01-07,AG-E-052,ภาคใต้,85,1489
2026-01-08,TK-A-001,กรุงเทพฯ,170,3048
2026-01-08,TK-A-001,ภาคกลาง,135,2414
2026-01-08,TK-A-001,ภาคตะวันออก,99,1728
2026-01-08,TK-A-001,ภาคเหนือ,105,1613
2026-01-08,TK-A-001,ภาคใต้,113,2209
2026-01-08,GL-B-014,กรุงเทพฯ,923,18580
2026-01-08,GL-B-014,ภาคกลาง,810,11940
2026-01-08,GL-B-014,ภาคตะวันออก,564,11323
2026-01-08,GL-B-014,ภาคเหนือ,468,8526
2026-01-08,GL-B-014,ภาคใต้,568,10707
2026-01-08,MK-C-028,กรุงเทพฯ,621,11554
2026-01-08,MK-C-028,ภาคกลาง,552,9029
2026-01-08,MK-C-028,ภาคตะวันออก,432,7469
2026-01-08,MK-C-028,ภาคเหนือ,346,7120
2026-01-08,MK-C-028,ภาคใต้,417,8022
2026-01-08,SY-D-039,กรุงเทพฯ,442,9098
2026-01-08,SY-D-039,ภาคกลาง,393,6327
2026-01-08,SY-D-039,ภาคตะวันออก,252,5572
2026-01-08,SY-D-039,ภาคเหนือ,226,4636
2026-01-08,SY-D-039,ภาคใต้,270,5991
2026-01-08,AG-E-052,กรุงเทพฯ,145,2399
2026-01-08,AG-E-052,ภาคกลาง,110,1941
2026-01-08,AG-E-052,ภาคตะวันออก,81,1563
2026-01-08,AG-E-052,ภาคเหนือ,78,1362
2026-01-08,AG-E-052,ภาคใต้,89,1755
2026-01-09,TK-A-001,กรุงเทพฯ,170,3236
2026-01-09,TK-A-001,ภาคกลาง,147,2292
2026-01-09,TK-A-001,ภาคตะวันออก,105,2172
2026-01-09,TK-A-001,ภาคเหนือ,92,1900
2026-01-09,TK-A-001,ภาคใต้,124,2175
2026-01-09,GL-B-014,กรุงเทพฯ,840,14854
2026-01-09,GL-B-014,ภาคกลาง,701,15067
2026-01-09,GL-B-014,ภาคตะวันออก,524,8886
2026-01-09,GL-B-014,ภาคเหนือ,473,9418
2026-01-09,GL-B-014,ภาคใต้,650,12745
2026-01-09,MK-C-028,กรุงเทพฯ,646,10505
2026-01-09,MK-C-028,ภาคกลาง,517,10214
2026-01-09,MK-C-028,ภาคตะวันออก,425,6575
2026-01-09,MK-C-028,ภาคเหนือ,389,7365
2026-01-09,MK-C-028,ภาคใต้,432,9134
2026-01-09,SY-D-039,กรุงเทพฯ,453,7804
2026-01-09,SY-D-039,ภาคกลาง,394,5702
2026-01-09,SY-D-039,ภาคตะวันออก,265,4745
2026-01-09,SY-D-039,ภาคเหนือ,236,3996
2026-01-09,SY-D-039,ภาคใต้,283,4743
2026-01-09,AG-E-052,กรุงเทพฯ,138,2514
2026-01-09,AG-E-052,ภาคกลาง,113,1974
2026-01-09,AG-E-052,ภาคตะวันออก,79,1602
2026-01-09,AG-E-052,ภาคเหนือ,71,1322
2026-01-09,AG-E-052,ภาคใต้,86,1554
2026-01-10,TK-A-001,กรุงเทพฯ,189,3674
2026-01-10,TK-A-001,ภาคกลาง,156,2925
2026-01-10,TK-A-001,ภาคตะวันออก,112,1765
2026-01-10,TK-A-001,ภาคเหนือ,89,1595
2026-01-10,TK-A-001,ภาคใต้,121,1852
2026-01-10,GL-B-014,กรุงเทพฯ,903,18939
2026-01-10,GL-B-014,ภาคกลาง,766,13630
2026-01-10,GL-B-014,ภาคตะวันออก,507,9969
2026-01-10,GL-B-014,ภาคเหนือ,483,8224
2026-01-10,GL-B-014,ภาคใต้,560,10660
2026-01-10,MK-C-028,กรุงเทพฯ,702,13350
2026-01-10,MK-C-028,ภาคกลาง,554,11145
2026-01-10,MK-C-028,ภาคตะวันออก,423,6399
2026-01-10,MK-C-028,ภาคเหนือ,376,5611
2026-01-10,MK-C-028,ภาคใต้,482,9101
2026-01-10,SY-D-039,กรุงเทพฯ,442,7181
2026-01-10,SY-D-039,ภาคกลาง,348,7442
2026-01-10,SY-D-039,ภาคตะวันออก,278,5486
2026-01-10,SY-D-039,ภาคเหนือ,243,4270
2026-01-10,SY-D-039,ภาคใต้,318,5608
2026-01-10,AG-E-052,กรุงเทพฯ,130,2717
2026-01-10,AG-E-052,ภาคกลาง,114,2105
2026-01-10,AG-E-052,ภาคตะวันออก,83,1538
2026-01-10,AG-E-052,ภาคเหนือ,73,1490
2026-01-10,AG-E-052,ภาคใต้,87,1739
2026-01-11,TK-A-001,กรุงเทพฯ,196,3273
2026-01-11,TK-A-001,ภาคกลาง,133,2940
2026-01-11,TK-A-001,ภาคตะวันออก,118,1712
2026-01-11,TK-A-001,ภาคเหนือ,103,1881
2026-01-11,TK-A-001,ภาคใต้,117,2370
2026-01-11,GL-B-014,กรุงเทพฯ,928,15411
2026-01-11,GL-B-014,ภาคกลาง,701,11872
2026-01-11,GL-B-014,ภาคตะวันออก,566,10507
2026-01-11,GL-B-014,ภาคเหนือ,533,9749
2026-01-11,GL-B-014,ภาคใต้,639,10708
2026-01-11,MK-C-028,กรุงเทพฯ,713,13333
2026-01-11,MK-C-028,ภาคกลาง,553,8872
2026-01-11,MK-C-028,ภาคตะวันออก,401,6942
2026-01-11,MK-C-028,ภาคเหนือ,329,5625
2026-01-11,MK-C-028,ภาคใต้,413,7200
2026-01-11,SY-D-039,กรุงเทพฯ,414,7694
2026-01-11,SY-D-039,ภาคกลาง,374,6421
2026-01-11,SY-D-039,ภาคตะวันออก,247,5320
2026-01-11,SY-D-039,ภาคเหนือ,254,4960
2026-01-11,SY-D-039,ภาคใต้,304,5248
2026-01-11,AG-E-052,กรุงเทพฯ,136,2216
2026-01-11,AG-E-052,ภาคกลาง,99,1990
2026-01-11,AG-E-052,ภาคตะวันออก,83,1506
2026-01-11,AG-E-052,ภาคเหนือ,73,1358
2026-01-11,AG-E-052,ภาคใต้,92,1689
2026-01-12,TK-A-001,กรุงเทพฯ,196,2992
2026-01-12,TK-A-001,ภาคกลาง,157,2910
2026-01-12,TK-A-001,ภาคตะวันออก,106,1841
2026-01-12,TK-A-001,ภาคเหนือ,93,1654
2026-01-12,TK-A-001,ภาคใต้,118,2459
2026-01-12,GL-B-014,กรุงเทพฯ,931,16230
2026-01-12,GL-B-014,ภาคกลาง,761,13746
2026-01-12,GL-B-014,ภาคตะวันออก,539,8998
2026-01-12,GL-B-014,ภาคเหนือ,497,8258
2026-01-12,GL-B-014,ภาคใต้,582,10422
2026-01-12,MK-C-028,กรุงเทพฯ,716,11717
2026-01-12,MK-C-028,ภาคกลาง,534,8527
2026-01-12,MK-C-028,ภาคตะวันออก,378,8244
2026-01-12,MK-C-028,ภาคเหนือ,330,7269
2026-01-12,MK-C-028,ภาคใต้,454,9208
2026-01-12,SY-D-039,กรุงเทพฯ,455,8946
2026-01-12,SY-D-039,ภาคกลาง,378,7248
2026-01-12,SY-D-039,ภาคตะวันออก,246,4915
2026-01-12,SY-D-039,ภาคเหนือ,225,4050
2026-01-12,SY-D-039,ภาคใต้,308,5209
2026-01-12,AG-E-052,กรุงเทพฯ,142,2507
2026-01-12,AG-E-052,ภาคกลาง,100,1896
2026-01-12,AG-E-052,ภาคตะวันออก,85,1372
2026-01-12,AG-E-052,ภาคเหนือ,74,1455
2026-01-12,AG-E-052,ภาคใต้,91,1631
2026-01-13,TK-A-001,กรุงเทพฯ,167,2903
2026-01-13,TK-A-001,ภาคกลาง,130,2883
2026-01-13,TK-A-001,ภาคตะวันออก,111,1767
2026-01-13,TK-A-001,ภาคเหนือ,87,1601
2026-01-13,TK-A-001,ภาคใต้,114,2104
2026-01-13,GL-B-014,กรุงเทพฯ,942,17670
2026-01-13,GL-B-014,ภาคกลาง,817,12035
2026-01-13,GL-B-014,ภาคตะวันออก,569,10236
2026-01-13,GL-B-014,ภาคเหนือ,522,10114
2026-01-13,GL-B-014,ภาคใต้,662,12397
2026-01-13,MK-C-028,กรุงเทพฯ,686,13236
2026-01-13,MK-C-028,ภาคกลาง,496,8748
2026-01-13,MK-C-028,ภาคตะวันออก,414,8117
2026-01-13,MK-C-028,ภาคเหนือ,353,6435
2026-01-13,MK-C-028,ภาคใต้,487,7836
2026-01-13,SY-D-039,กรุงเทพฯ,460,7751
2026-01-13,SY-D-039,ภาคกลาง,358,6259
2026-01-13,SY-D-039,ภาคตะวันออก,254,5219
2026-01-13,SY-D-039,ภาคเหนือ,248,3762
2026-01-13,SY-D-039,ภาคใต้,311,5293
2026-01-13,AG-E-052,กรุงเทพฯ,130,2512
2026-01-13,AG-E-052,ภาคกลาง,115,1766
2026-01-13,AG-E-052,ภาคตะวันออก,87,1524
2026-01-13,AG-E-052,ภาคเหนือ,69,1472
2026-01-13,AG-E-052,ภาคใต้,92,1832
2026-01-14,TK-A-001,กรุงเทพฯ,194,3258
2026-01-14,TK-A-001,ภาคกลาง,148,2838
2026-01-14,TK-A-001,ภาคตะวันออก,98,2102
2026-01-14,TK-A-001,ภาคเหนือ,88,1753
2026-01-14,TK-A-001,ภาคใต้,121,2034
2026-01-14,GL-B-014,กรุงเทพฯ,886,17145
2026-01-14,GL-B-014,ภาคกลาง,732,15119
2026-01-14,GL-B-014,ภาคตะวันออก,606,9531
2026-01-14,GL-B-014,ภาคเหนือ,530,9082
2026-01-14,GL-B-014,ภาคใต้,597,9777
2026-01-14,MK-C-028,กรุงเทพฯ,609,11518
2026-01-14,MK-C-028,ภาคกลาง,570,8430
2026-01-14,MK-C-028,ภาคตะวันออก,404,6274
2026-01-14,MK-C-028,ภาคเหนือ,384,6892
2026-01-14,MK-C-028,ภาคใต้,487,7401
2026-01-14,SY-D-039,กรุงเทพฯ,410,9086
2026-01-14,SY-D-039,ภาคกลาง,347,6290
2026-01-14,SY-D-039,ภาคตะวันออก,260,4828
2026-01-14,SY-D-039,ภาคเหนือ,221,4317
2026-01-14,SY-D-039,ภาคใต้,329,5030
2026-01-14,AG-E-052,กรุงเทพฯ,122,2204
2026-01-14,AG-E-052,ภาคกลาง,104,2111
2026-01-14,AG-E-052,ภาคตะวันออก,88,1621
2026-01-14,AG-E-052,ภาคเหนือ,67,1456
2026-01-14,AG-E-052,ภาคใต้,98,1656
2026-01-15,TK-A-001,กรุงเทพฯ,178,3194
2026-01-15,TK-A-001,ภาคกลาง,146,2779
2026-01-15,TK-A-001,ภาคตะวันออก,110,1878
2026-01-15,TK-A-001,ภาคเหนือ,101,1967
2026-01-15,TK-A-001,ภาคใต้,109,1879
2026-01-15,GL-B-014,กรุงเทพฯ,986,19016
2026-01-15,GL-B-014,ภาคกลาง,731,14678
2026-01-15,GL-B-014,ภาคตะวันออก,576,9706
2026-01-15,GL-B-014,ภาคเหนือ,484,9329
2026-01-15,GL-B-014,ภาคใต้,616,10761
2026-01-15,MK-C-028,กรุงเทพฯ,636,13886
2026-01-15,MK-C-028,ภาคกลาง,581,10414
2026-01-15,MK-C-028,ภาคตะวันออก,397,7607
2026-01-15,MK-C-028,ภาคเหนือ,347,6034
2026-01-15,MK-C-028,ภาคใต้,465,8437
2026-01-15,SY-D-039,กรุงเทพฯ,495,8742
2026-01-15,SY-D-039,ภาคกลาง,332,5893
2026-01-15,SY-D-039,ภาคตะวันออก,282,4762
2026-01-15,SY-D-039,ภาคเหนือ,216,4075
2026-01-15,SY-D-039,ภาคใต้,324,6092
2026-01-15,AG-E-052,กรุงเทพฯ,133,2623
2026-01-15,AG-E-052,ภาคกลาง,109,1789
2026-01-15,AG-E-052,ภาคตะวันออก,88,1337
2026-01-15,AG-E-052,ภาคเหนือ,78,1119
2026-01-15,AG-E-052,ภาคใต้,93,1390
2026-01-16,TK-A-001,กรุงเทพฯ,167,3148
2026-01-16,TK-A-001,ภาคกลาง,130,2719
2026-01-16,TK-A-001,ภาคตะวันออก,98,2094
2026-01-16,TK-A-001,ภาคเหนือ,95,1533
2026-01-16,TK-A-001,ภาคใต้,111,2262
2026-01-16,GL-B-014,กรุงเทพฯ,1003,17218
2026-01-16,GL-B-014,ภาคกลาง,681,14596
2026-01-16,GL-B-014,ภาคตะวันออก,553,9090
2026-01-16,GL-B-014,ภาคเหนือ,502,7904
2026-01-16,GL-B-014,ภาคใต้,655,11573
2026-01-16,MK-C-028,กรุงเทพฯ,619,10671
2026-01-16,MK-C-028,ภาคกลาง,538,8813
2026-01-16,MK-C-028,ภาคตะวันออก,369,7442
2026-01-16,MK-C-028,ภาคเหนือ,371,5979
2026-01-16,MK-C-028,ภาคใต้,466,8454
2026-01-16,SY-D-039,กรุงเทพฯ,414,7215
2026-01-16,SY-D-039,ภาคกลาง,385,6501
2026-01-16,SY-D-039,ภาคตะวันออก,243,4733
2026-01-16,SY-D-039,ภาคเหนือ,241,4005
2026-01-16,SY-D-039,ภาคใต้,270,5422
2026-01-16,AG-E-052,กรุงเทพฯ,123,2084
2026-01-16,AG-E-052,ภาคกลาง,100,1911
2026-01-16,AG-E-052,ภาคตะวันออก,85,1263
2026-01-16,AG-E-052,ภาคเหนือ,76,1139
2026-01-16,AG-E-052,ภาคใต้,99,1601
2026-01-17,TK-A-001,กรุงเทพฯ,197,2942
2026-01-17,TK-A-001,ภาคกลาง,146,2845
2026-01-17,TK-A-001,ภาคตะวันออก,105,1679
2026-01-17,TK-A-001,ภาคเหนือ,95,1948
2026-01-17,TK-A-001,ภาคใต้,123,2209
2026-01-17,GL-B-014,กรุงเทพฯ,1017,15071
2026-01-17,GL-B-014,ภาคกลาง,802,12696
2026-01-17,GL-B-014,ภาคตะวันออก,517,10314
2026-01-17,GL-B-014,ภาคเหนือ,471,8618
2026-01-17,GL-B-014,ภาคใต้,593,11007
2026-01-17,MK-C-028,กรุงเทพฯ,655,11927
2026-01-17,MK-C-028,ภาคกลาง,506,10642
2026-01-17,MK-C-028,ภาคตะวันออก,410,7128
2026-01-17,MK-C-028,ภาคเหนือ,325,6688
2026-01-17,MK-C-028,ภาคใต้,456,7987
2026-01-17,SY-D-039,กรุงเทพฯ,464,7080
2026-01-17,SY-D-039,ภาคกลาง,331,7393
2026-01-17,SY-D-039,ภาคตะวันออก,276,5132
2026-01-17,SY-D-039,ภาคเหนือ,257,4152
2026-01-17,SY-D-039,ภาคใต้,276,5754
2026-01-17,AG-E-052,กรุงเทพฯ,142,2433
2026-01-17,AG-E-052,ภาคกลาง,105,1821
2026-01-17,AG-E-052,ภาคตะวันออก,77,1581
2026-01-17,AG-E-052,ภาคเหนือ,68,1291
2026-01-17,AG-E-052,ภาคใต้,84,1773
2026-01-18,TK-A-001,กรุงเทพฯ,176,3498
2026-01-18,TK-A-001,ภาคกลาง,139,2862
2026-01-18,TK-A-001,ภาคตะวันออก,114,2193
2026-01-18,TK-A-001,ภาคเหนือ,92,1655
2026-01-18,TK-A-001,ภาคใต้,120,1990
2026-01-18,GL-B-014,กรุงเทพฯ,906,17238
2026-01-18,GL-B-014,ภาคกลาง,813,13585
2026-01-18,GL-B-014,ภาคตะวันออก,613,11481
2026-01-18,GL-B-014,ภาคเหนือ,495,8785
2026-01-18,GL-B-014,ภาคใต้,609,11249
2026-01-18,MK-C-028,กรุงเทพฯ,702,13335
2026-01-18,MK-C-028,ภาคกลาง,575,10848
2026-01-18,MK-C-028,ภาคตะวันออก,443,7059
2026-01-18,MK-C-028,ภาคเหนือ,371,6489
2026-01-18,MK-C-028,ภาคใต้,429,6886
2026-01-18,SY-D-039,กรุงเทพฯ,457,6930
2026-01-18,SY-D-039,ภาคกลาง,384,7085
2026-01-18,SY-D-039,ภาคตะวันออก,268,4159
2026-01-18,SY-D-039,ภาคเหนือ,233,4585
2026-01-18,SY-D-039,ภาคใต้,288,5632
2026-01-18,AG-E-052,กรุงเทพฯ,131,2380
2026-01-18,AG-E-052,ภาคกลาง,117,2064
2026-01-18,AG-E-052,ภาคตะวันออก,75,1410
2026-01-18,AG-E-052,ภาคเหนือ,78,1226
2026-01-18,AG-E-052,ภาคใต้,90,1415
2026-01-19,TK-A-001,กรุงเทพฯ,166,2956
2026-01-19,TK-A-001,ภาคกลาง,135,2646
2026-01-19,TK-A-001,ภาคตะวันออก,107,1745
2026-01-19,TK-A-001,ภาคเหนือ,94,1763
2026-01-19,TK-A-001,ภาคใต้,122,2055
2026-01-19,GL-B-014,กรุงเทพฯ,1021,18661
2026-01-19,GL-B-014,ภาคกลาง,772,12950
2026-01-19,GL-B-014,ภาคตะวันออก,580,9791
2026-01-19,GL-B-014,ภาคเหนือ,533,9084
2026-01-19,GL-B-014,ภาคใต้,653,12680
2026-01-19,MK-C-028,กรุงเทพฯ,669,11241
2026-01-19,MK-C-028,ภาคกลาง,498,9353
2026-01-19,MK-C-028,ภาคตะวันออก,375,7889
2026-01-19,MK-C-028,ภาคเหนือ,325,5668
2026-01-19,MK-C-028,ภาคใต้,458,7324
2026-01-19,SY-D-039,กรุงเทพฯ,490,8724
2026-01-19,SY-D-039,ภาคกลาง,371,6349
2026-01-19,SY-D-039,ภาคตะวันออก,284,5198
2026-01-19,SY-D-039,ภาคเหนือ,229,4105
2026-01-19,SY-D-039,ภาคใต้,315,5556
2026-01-19,AG-E-052,กรุงเทพฯ,142,2752
2026-01-19,AG-E-052,ภาคกลาง,119,2141
2026-01-19,AG-E-052,ภาคตะวันออก,74,1414
2026-01-19,AG-E-052,ภาคเหนือ,65,1337
2026-01-19,AG-E-052,ภาคใต้,87,1571
2026-01-20,TK-A-001,กรุงเทพฯ,165,3658
2026-01-20,TK-A-001,ภาคกลาง,144,2775
2026-01-20,TK-A-001,ภาคตะวันออก,117,2210
2026-01-20,TK-A-001,ภาคเหนือ,105,1797
2026-01-20,TK-A-001,ภาคใต้,118,1874
2026-01-20,GL-B-014,กรุงเทพฯ,1018,18347
2026-01-20,GL-B-014,ภาคกลาง,691,14840
2026-01-20,GL-B-014,ภาคตะวันออก,548,10195
2026-01-20,GL-B-014,ภาคเหนือ,535,9041
2026-01-20,GL-B-014,ภาคใต้,645,9506
2026-01-20,MK-C-028,กรุงเทพฯ,700,13879
2026-01-20,MK-C-028,ภาคกลาง,488,10631
2026-01-20,MK-C-028,ภาคตะวันออก,415,7343
2026-01-20,MK-C-028,ภาคเหนือ,381,6668
2026-01-20,MK-C-028,ภาคใต้,487,8374
2026-01-20,SY-D-039,กรุงเทพฯ,437,8844
2026-01-20,SY-D-039,ภาคกลาง,372,6170
2026-01-20,SY-D-039,ภาคตะวันออก,248,4467
2026-01-20,SY-D-039,ภาคเหนือ,239,4673
2026-01-20,SY-D-039,ภาคใต้,306,6110
2026-01-20,AG-E-052,กรุงเทพฯ,142,2577
2026-01-20,AG-E-052,ภาคกลาง,109,1988
2026-01-20,AG-E-052,ภาคตะวันออก,80,1664
2026-01-20,AG-E-052,ภาคเหนือ,70,1194
2026-01-20,AG-E-052,ภาคใต้,86,1711
2026-01-21,TK-A-001,กรุงเทพฯ,165,3089
2026-01-21,TK-A-001,ภาคกลาง,139,2900
2026-01-21,TK-A-001,ภาคตะวันออก,104,1809
2026-01-21,TK-A-001,ภาคเหนือ,105,1755
2026-01-21,TK-A-001,ภาคใต้,112,2231
2026-01-21,GL-B-014,กรุงเทพฯ,917,18588
2026-01-21,GL-B-014,ภาคกลาง,808,12860
2026-01-21,GL-B-014,ภาคตะวันออก,514,9586
2026-01-21,GL-B-014,ภาคเหนือ,524,8777
2026-01-21,GL-B-014,ภาคใต้,669,9882
2026-01-21,MK-C-028,กรุงเทพฯ,649,10969
2026-01-21,MK-C-028,ภาคกลาง,523,9282
2026-01-21,MK-C-028,ภาคตะวันออก,374,8090
2026-01-21,MK-C-028,ภาคเหนือ,338,7206
2026-01-21,MK-C-028,ภาคใต้,424,8091
2026-01-21,SY-D-039,กรุงเทพฯ,492,7625
2026-01-21,SY-D-039,ภาคกลาง,371,5699
2026-01-21,SY-D-039,ภาคตะวันออก,265,4508
2026-01-21,SY-D-039,ภาคเหนือ,253,4268
2026-01-21,SY-D-039,ภาคใต้,328,5379
2026-01-21,AG-E-052,กรุงเทพฯ,147,2170
2026-01-21,AG-E-052,ภาคกลาง,113,1657
2026-01-21,AG-E-052,ภาคตะวันออก,86,1241
2026-01-21,AG-E-052,ภาคเหนือ,69,1322
2026-01-21,AG-E-052,ภาคใต้,99,1700
2026-01-22,TK-A-001,กรุงเทพฯ,193,3719
2026-01-22,TK-A-001,ภาคกลาง,145,2716
2026-01-22,TK-A-001,ภาคตะวันออก,100,1824
2026-01-22,TK-A-001,ภาคเหนือ,104,1564
2026-01-22,TK-A-001,ภาคใต้,126,2196
2026-01-22,GL-B-014,กรุงเทพฯ,867,17555
2026-01-22,GL-B-014,ภาคกลาง,695,15345
2026-01-22,GL-B-014,ภาคตะวันออก,562,10328
2026-01-22,GL-B-014,ภาคเหนือ,451,9369
2026-01-22,GL-B-014,ภาคใต้,637,10703
2026-01-22,MK-C-028,กรุงเทพฯ,634,13406
2026-01-22,MK-C-028,ภาคกลาง,525,11125
2026-01-22,MK-C-028,ภาคตะวันออก,436,8108
2026-01-22,MK-C-028,ภาคเหนือ,345,7371
2026-01-22,MK-C-028,ภาคใต้,439,7045
2026-01-22,SY-D-039,กรุงเทพฯ,408,8722
2026-01-22,SY-D-039,ภาคกลาง,366,5702
2026-01-22,SY-D-039,ภาคตะวันออก,289,4902
2026-01-22,SY-D-039,ภาคเหนือ,258,4678
2026-01-22,SY-D-039,ภาคใต้,301,4755
2026-01-22,AG-E-052,กรุงเทพฯ,136,2218
2026-01-22,AG-E-052,ภาคกลาง,101,1883
2026-01-22,AG-E-052,ภาคตะวันออก,80,1579
2026-01-22,AG-E-052,ภาคเหนือ,76,1388
2026-01-22,AG-E-052,ภาคใต้,99,1580
2026-01-23,TK-A-001,กรุงเทพฯ,173,3517
2026-01-23,TK-A-001,ภาคกลาง,132,2278
2026-01-23,TK-A-001,ภาคตะวันออก,117,2228
2026-01-23,TK-A-001,ภาคเหนือ,88,1731
2026-01-23,TK-A-001,ภาคใต้,118,2360
2026-01-23,GL-B-014,กรุงเทพฯ,978,16063
2026-01-23,GL-B-014,ภาคกลาง,689,12045
2026-01-23,GL-B-014,ภาคตะวันออก,586,11082
2026-01-23,GL-B-014,ภาคเหนือ,544,9608
2026-01-23,GL-B-014,ภาคใต้,577,12819
2026-01-23,MK-C-028,กรุงเทพฯ,737,11321
2026-01-23,MK-C-028,ภาคกลาง,583,8923
2026-01-23,MK-C-028,ภาคตะวันออก,429,7691
2026-01-23,MK-C-028,ภาคเหนือ,365,5843
2026-01-23,MK-C-028,ภาคใต้,426,6912
2026-01-23,SY-D-039,กรุงเทพฯ,443,8161
2026-01-23,SY-D-039,ภาคกลาง,347,6203
2026-01-23,SY-D-039,ภาคตะวันออก,287,5099
2026-01-23,SY-D-039,ภาคเหนือ,243,3801
2026-01-23,SY-D-039,ภาคใต้,297,4837
2026-01-23,AG-E-052,กรุงเทพฯ,143,2400
2026-01-23,AG-E-052,ภาคกลาง,100,1909
2026-01-23,AG-E-052,ภาคตะวันออก,79,1638
2026-01-23,AG-E-052,ภาคเหนือ,74,1232
2026-01-23,AG-E-052,ภาคใต้,95,1441
2026-01-24,TK-A-001,กรุงเทพฯ,172,2852
2026-01-24,TK-A-001,ภาคกลาง,147,2533
2026-01-24,TK-A-001,ภาคตะวันออก,104,1773
2026-01-24,TK-A-001,ภาคเหนือ,91,1907
2026-01-24,TK-A-001,ภาคใต้,123,1917
2026-01-24,GL-B-014,กรุงเทพฯ,975,16617
2026-01-24,GL-B-014,ภาคกลาง,684,14187
2026-01-24,GL-B-014,ภาคตะวันออก,541,10173
2026-01-24,GL-B-014,ภาคเหนือ,476,10069
2026-01-24,GL-B-014,ภาคใต้,636,10612
2026-01-24,MK-C-028,กรุงเทพฯ,633,11278
2026-01-24,MK-C-028,ภาคกลาง,564,8661
2026-01-24,MK-C-028,ภาคตะวันออก,397,7763
2026-01-24,MK-C-028,ภาคเหนือ,381,6669
2026-01-24,MK-C-028,ภาคใต้,484,7826
2026-01-24,SY-D-039,กรุงเทพฯ,424,7591
2026-01-24,SY-D-039,ภาคกลาง,344,5888
2026-01-24,SY-D-039,ภาคตะวันออก,257,4663
2026-01-24,SY-D-039,ภาคเหนือ,223,4902
2026-01-24,SY-D-039,ภาคใต้,290,5439
2026-01-24,AG-E-052,กรุงเทพฯ,146,2094
2026-01-24,AG-E-052,ภาคกลาง,118,2102
2026-01-24,AG-E-052,ภาคตะวันออก,77,1392
2026-01-24,AG-E-052,ภาคเหนือ,68,1347
2026-01-24,AG-E-052,ภาคใต้,86,1480
2026-01-25,TK-A-001,กรุงเทพฯ,193,3527
2026-01-25,TK-A-001,ภาคกลาง,143,2579
2026-01-25,TK-A-001,ภาคตะวันออก,99,1888
2026-01-25,TK-A-001,ภาคเหนือ,102,1508
2026-01-25,TK-A-001,ภาคใต้,114,2095
2026-01-25,GL-B-014,กรุงเทพฯ,992,16802
2026-01-25,GL-B-014,ภาคกลาง,735,14118
2026-01-25,GL-B-014,ภาคตะวันออก,505,9548
2026-01-25,GL-B-014,ภาคเหนือ,452,10211
2026-01-25,GL-B-014,ภาคใต้,669,11020
2026-01-25,MK-C-028,กรุงเทพฯ,685,12857
2026-01-25,MK-C-028,ภาคกลาง,488,10512
2026-01-25,MK-C-028,ภาคตะวันออก,407,6446
2026-01-25,MK-C-028,ภาคเหนือ,371,6668
2026-01-25,MK-C-028,ภาคใต้,481,8678
2026-01-25,SY-D-039,กรุงเทพฯ,419,8835
2026-01-25,SY-D-039,ภาคกลาง,349,6770
2026-01-25,SY-D-039,ภาคตะวันออก,271,5113
2026-01-25,SY-D-039,ภาคเหนือ,238,3862
2026-01-25,SY-D-039,ภาคใต้,318,5970
2026-01-25,AG-E-052,กรุงเทพฯ,134,2121
2026-01-25,AG-E-052,ภาคกลาง,102,2195
2026-01-25,AG-E-052,ภาคตะวันออก,85,1495
2026-01-25,AG-E-052,ภาคเหนือ,66,1308
2026-01-25,AG-E-052,ภาคใต้,91,1489
2026-01-26,TK-A-001,กรุงเทพฯ,162,3668
2026-01-26,TK-A-001,ภาคกลาง,132,2714
2026-01-26,TK-A-001,ภาคตะวันออก,115,2021
2026-01-26,TK-A-001,ภาคเหนือ,103,1625
2026-01-26,TK-A-001,ภาคใต้,122,2004
2026-01-26,GL-B-014,กรุงเทพฯ,906,18303
2026-01-26,GL-B-014,ภาคกลาง,704,15144
2026-01-26,GL-B-014,ภาคตะวันออก,569,8995
2026-01-26,GL-B-014,ภาคเหนือ,500,9978
2026-01-26,GL-B-014,ภาคใต้,560,11428
2026-01-26,MK-C-028,กรุงเทพฯ,628,13357
2026-01-26,MK-C-028,ภาคกลาง,507,11063
2026-01-26,MK-C-028,ภาคตะวันออก,394,7427
2026-01-26,MK-C-028,ภาคเหนือ,361,5732
2026-01-26,MK-C-028,ภาคใต้,485,8692
2026-01-26,SY-D-039,กรุงเทพฯ,474,7276
2026-01-26,SY-D-039,ภาคกลาง,393,7071
2026-01-26,SY-D-039,ภาคตะวันออก,277,4192
2026-01-26,SY-D-039,ภาคเหนือ,236,4169
2026-01-26,SY-D-039,ภาคใต้,289,5731
2026-01-26,AG-E-052,กรุงเทพฯ,144,2693
2026-01-26,AG-E-052,ภาคกลาง,98,2017
2026-01-26,AG-E-052,ภาคตะวันออก,81,1590
2026-01-26,AG-E-052,ภาคเหนือ,72,1348
2026-01-26,AG-E-052,ภาคใต้,95,1571
2026-01-27,TK-A-001,กรุงเทพฯ,184,2996
2026-01-27,TK-A-001,ภาคกลาง,154,2400
2026-01-27,TK-A-001,ภาคตะวันออก,118,2216
2026-01-27,TK-A-001,ภาคเหนือ,87,1486
2026-01-27,TK-A-001,ภาคใต้,116,1970
2026-01-27,GL-B-014,กรุงเทพฯ,934,18697
2026-01-27,GL-B-014,ภาคกลาง,813,14958
2026-01-27,GL-B-014,ภาคตะวันออก,529,10538
2026-01-27,GL-B-014,ภาคเหนือ,506,9748
2026-01-27,GL-B-014,ภาคใต้,586,10301
2026-01-27,MK-C-028,กรุงเทพฯ,632,11338
2026-01-27,MK-C-028,ภาคกลาง,566,10091
2026-01-27,MK-C-028,ภาคตะวันออก,377,7904
2026-01-27,MK-C-028,ภาคเหนือ,373,6556
2026-01-27,MK-C-028,ภาคใต้,441,8108
2026-01-27,SY-D-039,กรุงเทพฯ,446,8488
2026-01-27,SY-D-039,ภาคกลาง,375,5555
2026-01-27,SY-D-039,ภาคตะวันออก,250,5314
2026-01-27,SY-D-039,ภาคเหนือ,224,4427
2026-01-27,SY-D-039,ภาคใต้,304,5677
2026-01-27,AG-E-052,กรุงเทพฯ,146,2523
2026-01-27,AG-E-052,ภาคกลาง,116,2141
2026-01-27,AG-E-052,ภาคตะวันออก,88,1509
2026-01-27,AG-E-052,ภาคเหนือ,70,1232
2026-01-27,AG-E-052,ภาคใต้,82,1492
2026-01-28,TK-A-001,กรุงเทพฯ,193,3610
2026-01-28,TK-A-001,ภาคกลาง,146,2630
2026-01-28,TK-A-001,ภาคตะวันออก,99,1937
2026-01-28,TK-A-001,ภาคเหนือ,93,1836
2026-01-28,TK-A-001,ภาคใต้,116,1995
2026-01-28,GL-B-014,กรุงเทพฯ,1005,15473
2026-01-28,GL-B-014,ภาคกลาง,800,12751
2026-01-28,GL-B-014,ภาคตะวันออก,549,8857
2026-01-28,GL-B-014,ภาคเหนือ,503,9335
2026-01-28,GL-B-014,ภาคใต้,583,12432
2026-01-28,MK-C-028,กรุงเทพฯ,715,12173
2026-01-28,MK-C-028,ภาคกลาง,491,11098
2026-01-28,MK-C-028,ภาคตะวันออก,416,7092
2026-01-28,MK-C-028,ภาคเหนือ,375,6701
2026-01-28,MK-C-028,ภาคใต้,484,8920
2026-01-28,SY-D-039,กรุงเทพฯ,467,9182
2026-01-28,SY-D-039,ภาคกลาง,344,6320
2026-01-28,SY-D-039,ภาคตะวันออก,272,5046
2026-01-28,SY-D-039,ภาคเหนือ,228,3769
2026-01-28,SY-D-039,ภาคใต้,279,5673
2026-01-28,AG-E-052,กรุงเทพฯ,142,2773
2026-01-28,AG-E-052,ภาคกลาง,99,1904
2026-01-28,AG-E-052,ภาคตะวันออก,78,1376
2026-01-28,AG-E-052,ภาคเหนือ,72,1110
2026-01-28,AG-E-052,ภาคใต้,98,1559
2026-01-29,TK-A-001,กรุงเทพฯ,172,3245
2026-01-29,TK-A-001,ภาคกลาง,131,2416
2026-01-29,TK-A-001,ภาคตะวันออก,113,2039
2026-01-29,TK-A-001,ภาคเหนือ,91,1666
2026-01-29,TK-A-001,ภาคใต้,129,1991
2026-01-29,GL-B-014,กรุงเทพฯ,891,16200
2026-01-29,GL-B-014,ภาคกลาง,792,14902
2026-01-29,GL-B-014,ภาคตะวันออก,573,9836
2026-01-29,GL-B-014,ภาคเหนือ,543,8122
2026-01-29,GL-B-014,ภาคใต้,564,11911
2026-01-29,MK-C-028,กรุงเทพฯ,671,13045
2026-01-29,MK-C-028,ภาคกลาง,490,10342
2026-01-29,MK-C-028,ภาคตะวันออก,402,7726
2026-01-29,MK-C-028,ภาคเหนือ,329,6773
2026-01-29,MK-C-028,ภาคใต้,440,8413
2026-01-29,SY-D-039,กรุงเทพฯ,438,6956
2026-01-29,SY-D-039,ภาคกลาง,361,6835
2026-01-29,SY-D-039,ภาคตะวันออก,255,4727
2026-01-29,SY-D-039,ภาคเหนือ,222,4901
2026-01-29,SY-D-039,ภาคใต้,321,5364
2026-01-29,AG-E-052,กรุงเทพฯ,131,2738
2026-01-29,AG-E-052,ภาคกลาง,101,1901
2026-01-29,AG-E-052,ภาคตะวันออก,80,1370
2026-01-29,AG-E-052,ภาคเหนือ,70,1471
2026-01-29,AG-E-052,ภาคใต้,94,1634
2026-01-30,TK-A-001,กรุงเทพฯ,194,3215
2026-01-30,TK-A-001,ภาคกลาง,135,2868
2026-01-30,TK-A-001,ภาคตะวันออก,118,1903
2026-01-30,TK-A-001,ภาคเหนือ,102,1868
2026-01-30,TK-A-001,ภาคใต้,119,2245
2026-01-30,GL-B-014,กรุงเทพฯ,851,14780
2026-01-30,GL-B-014,ภาคกลาง,687,11882
2026-01-30,GL-B-014,ภาคตะวันออก,604,9191
2026-01-30,GL-B-014,ภาคเหนือ,514,7730
2026-01-30,GL-B-014,ภาคใต้,613,12533
2026-01-30,MK-C-028,กรุงเทพฯ,668,11727
2026-01-30,MK-C-028,ภาคกลาง,528,8773
2026-01-30,MK-C-028,ภาคตะวันออก,372,7436
2026-01-30,MK-C-028,ภาคเหนือ,330,7083
2026-01-30,MK-C-028,ภาคใต้,428,7988
2026-01-30,SY-D-039,กรุงเทพฯ,447,7995
2026-01-30,SY-D-039,ภาคกลาง,371,5639
2026-01-30,SY-D-039,ภาคตะวันออก,266,5208
2026-01-30,SY-D-039,ภาคเหนือ,223,3708
2026-01-30,SY-D-039,ภาคใต้,295,5313
2026-01-30,AG-E-052,กรุงเทพฯ,143,2600
2026-01-30,AG-E-052,ภาคกลาง,103,2223
2026-01-30,AG-E-052,ภาคตะวันออก,86,1509
2026-01-30,AG-E-052,ภาคเหนือ,70,1292
2026-01-30,AG-E-052,ภาคใต้,87,1401
2026-01-31,TK-A-001,กรุงเทพฯ,166,3195
2026-01-31,TK-A-001,ภาคกลาง,152,2773
2026-01-31,TK-A-001,ภาคตะวันออก,112,1994
2026-01-31,TK-A-001,ภาคเหนือ,99,1804
2026-01-31,TK-A-001,ภาคใต้,110,2055
2026-01-31,GL-B-014,กรุงเทพฯ,876,18654
2026-01-31,GL-B-014,ภาคกลาง,791,13012
2026-01-31,GL-B-014,ภาคตะวันออก,585,11395
2026-01-31,GL-B-014,ภาคเหนือ,483,10183
2026-01-31,GL-B-014,ภาคใต้,674,10718
2026-01-31,MK-C-028,กรุงเทพฯ,728,12526
2026-01-31,MK-C-028,ภาคกลาง,532,10134
2026-01-31,MK-C-028,ภาคตะวันออก,385,6357
2026-01-31,MK-C-028,ภาคเหนือ,347,7295
2026-01-31,MK-C-028,ภาคใต้,468,7999
2026-01-31,SY-D-039,กรุงเทพฯ,456,9181
2026-01-31,SY-D-039,ภาคกลาง,370,6117
2026-01-31,SY-D-039,ภาคตะวันออก,258,4294
2026-01-31,SY-D-039,ภาคเหนือ,231,4737
2026-01-31,SY-D-039,ภาคใต้,296,5721
2026-01-31,AG-E-052,กรุงเทพฯ,129,2165
2026-01-31,AG-E-052,ภาคกลาง,108,2013
2026-01-31,AG-E-052,ภาคตะวันออก,77,1403
2026-01-31,AG-E-052,ภาคเหนือ,66,1205
2026-01-31,AG-E-052,ภาคใต้,88,1836
2026-02-01,TK-A-001,กรุงเทพฯ,179,3011
2026-02-01,TK-A-001,ภาคกลาง,137,2356
2026-02-01,TK-A-001,ภาคตะวันออก,113,1794
2026-02-01,TK-A-001,ภาคเหนือ,87,1762
2026-02-01,TK-A-001,ภาคใต้,126,2417
2026-02-01,GL-B-014,กรุงเทพฯ,941,17557
2026-02-01,GL-B-014,ภาคกลาง,718,15356
2026-02-01,GL-B-014,ภาคตะวันออก,586,8699
2026-02-01,GL-B-014,ภาคเหนือ,473,7754
2026-02-01,GL-B-014,ภาคใต้,649,11582
2026-02-01,MK-C-028,กรุงเทพฯ,618,13835
2026-02-01,MK-C-028,ภาคกลาง,511,10562
2026-02-01,MK-C-028,ภาคตะวันออก,417,7308
2026-02-01,MK-C-028,ภาคเหนือ,335,7329
2026-02-01,MK-C-028,ภาคใต้,414,8994
2026-02-01,SY-D-039,กรุงเทพฯ,406,9049
2026-02-01,SY-D-039,ภาคกลาง,369,6451
2026-02-01,SY-D-039,ภาคตะวันออก,293,4512
2026-02-01,SY-D-039,ภาคเหนือ,220,4480
2026-02-01,SY-D-039,ภาคใต้,279,6127
2026-02-01,AG-E-052,กรุงเทพฯ,136,2696
2026-02-01,AG-E-052,ภาคกลาง,109,1779
2026-02-01,AG-E-052,ภาคตะวันออก,74,1298
2026-02-01,AG-E-052,ภาคเหนือ,68,1127
2026-02-01,AG-E-052,ภาคใต้,94,1414
2026-02-02,TK-A-001,กรุงเทพฯ,191,3554
2026-02-02,TK-A-001,ภาคกลาง,135,2886
2026-02-02,TK-A-001,ภาคตะวันออก,99,1772
2026-02-02,TK-A-001,ภาคเหนือ,95,1906
2026-02-02,TK-A-001,ภาคใต้,127,1999
2026-02-02,GL-B-014,กรุงเทพฯ,976,15799
2026-02-02,GL-B-014,ภาคกลาง,797,14859
2026-02-02,GL-B-014,ภาคตะวันออก,511,10796
2026-02-02,GL-B-014,ภาคเหนือ,517,10024
2026-02-02,GL-B-014,ภาคใต้,665,9752
2026-02-02,MK-C-028,กรุงเทพฯ,731,10512
2026-02-02,MK-C-028,ภาคกลาง,516,10007
2026-02-02,MK-C-028,ภาคตะวันออก,370,7986
2026-02-02,MK-C-028,ภาคเหนือ,375,5578
2026-02-02,MK-C-028,ภาคใต้,414,8263
2026-02-02,SY-D-039,กรุงเทพฯ,449,8349
2026-02-02,SY-D-039,ภาคกลาง,382,6115
2026-02-02,SY-D-039,ภาคตะวันออก,268,4264
2026-02-02,SY-D-039,ภาคเหนือ,248,4481
2026-02-02,SY-D-039,ภาคใต้,322,5196
2026-02-02,AG-E-052,กรุงเทพฯ,129,2101
2026-02-02,AG-E-052,ภาคกลาง,108,2152
2026-02-02,AG-E-052,ภาคตะวันออก,84,1568
2026-02-02,AG-E-052,ภาคเหนือ,68,1386
2026-02-02,AG-E-052,ภาคใต้,95,1537
2026-02-03,TK-A-001,กรุงเทพฯ,180,2856
2026-02-03,TK-A-001,ภาคกลาง,134,2221
2026-02-03,TK-A-001,ภาคตะวันออก,118,1839
2026-02-03,TK-A-001,ภาคเหนือ,97,1850
2026-02-03,TK-A-001,ภาคใต้,126,1871
2026-02-03,GL-B-014,กรุงเทพฯ,914,17280
2026-02-03,GL-B-014,ภาคกลาง,679,11545
2026-02-03,GL-B-014,ภาคตะวันออก,540,8761
2026-02-03,GL-B-014,ภาคเหนือ,499,8789
2026-02-03,GL-B-014,ภาคใต้,613,11540
2026-02-03,MK-C-028,กรุงเทพฯ,648,11416
2026-02-03,MK-C-028,ภาคกลาง,565,10133
2026-02-03,MK-C-028,ภาคตะวันออก,391,7199
2026-02-03,MK-C-028,ภาคเหนือ,361,6010
2026-02-03,MK-C-028,ภาคใต้,430,7024
2026-02-03,SY-D-039,กรุงเทพฯ,472,8807
2026-02-03,SY-D-039,ภาคกลาง,352,6284
2026-02-03,SY-D-039,ภาคตะวันออก,266,4636
2026-02-03,SY-D-039,ภาคเหนือ,252,4586
2026-02-03,SY-D-039,ภาคใต้,280,5917
2026-02-03,AG-E-052,กรุงเทพฯ,127,2249
2026-02-03,AG-E-052,ภาคกลาง,106,1688
2026-02-03,AG-E-052,ภาคตะวันออก,86,1564
2026-02-03,AG-E-052,ภาคเหนือ,71,1166
2026-02-03,AG-E-052,ภาคใต้,83,1863
2026-02-04,TK-A-001,กรุงเทพฯ,179,2820
2026-02-04,TK-A-001,ภาคกลาง,138,2415
2026-02-04,TK-A-001,ภาคตะวันออก,98,2188
2026-02-04,TK-A-001,ภาคเหนือ,100,1875
2026-02-04,TK-A-001,ภาคใต้,115,2437
2026-02-04,GL-B-014,กรุงเทพฯ,871,15768
2026-02-04,GL-B-014,ภาคกลาง,752,13953
2026-02-04,GL-B-014,ภาคตะวันออก,612,11141
2026-02-04,GL-B-014,ภาคเหนือ,534,9814
2026-02-04,GL-B-014,ภาคใต้,570,12456
2026-02-04,MK-C-028,กรุงเทพฯ,621,12147
2026-02-04,MK-C-028,ภาคกลาง,546,9403
2026-02-04,MK-C-028,ภาคตะวันออก,407,7580
2026-02-04,MK-C-028,ภาคเหนือ,379,5540
2026-02-04,MK-C-028,ภาคใต้,452,8639
2026-02-04,SY-D-039,กรุงเทพฯ,479,9310
2026-02-04,SY-D-039,ภาคกลาง,361,5917
2026-02-04,SY-D-039,ภาคตะวันออก,278,4717
2026-02-04,SY-D-039,ภาคเหนือ,219,4121
2026-02-04,SY-D-039,ภาคใต้,314,4913
2026-02-04,AG-E-052,กรุงเทพฯ,130,2158
2026-02-04,AG-E-052,ภาคกลาง,111,1660
2026-02-04,AG-E-052,ภาคตะวันออก,82,1371
2026-02-04,AG-E-052,ภาคเหนือ,76,1337
2026-02-04,AG-E-052,ภาคใต้,87,1675
2026-02-05,TK-A-001,กรุงเทพฯ,188,3190
2026-02-05,TK-A-001,ภาคกลาง,140,2810
2026-02-05,TK-A-001,ภาคตะวันออก,115,2202
2026-02-05,TK-A-001,ภาคเหนือ,91,1911
2026-02-05,TK-A-001,ภาคใต้,128,1914
2026-02-05,GL-B-014,กรุงเทพฯ,913,19030
2026-02-05,GL-B-014,ภาคกลาง,737,15004
2026-02-05,GL-B-014,ภาคตะวันออก,607,10324
2026-02-05,GL-B-014,ภาคเหนือ,499,8252
2026-02-05,GL-B-014,ภาคใต้,622,12739
2026-02-05,MK-C-028,กรุงเทพฯ,724,13151
2026-02-05,MK-C-028,ภาคกลาง,581,8417
2026-02-05,MK-C-028,ภาคตะวันออก,378,7643
2026-02-05,MK-C-028,ภาคเหนือ,367,6043
2026-02-05,MK-C-028,ภาคใต้,418,9143
2026-02-05,SY-D-039,กรุงเทพฯ,423,7273
2026-02-05,SY-D-039,ภาคกลาง,371,6335
2026-02-05,SY-D-039,ภาคตะวันออก,289,4494
2026-02-05,SY-D-039,ภาคเหนือ,242,3774
2026-02-05,SY-D-039,ภาคใต้,285,4725
2026-02-05,AG-E-052,กรุงเทพฯ,137,2260
2026-02-05,AG-E-052,ภาคกลาง,104,1746
2026-02-05,AG-E-052,ภาคตะวันออก,84,1401
2026-02-05,AG-E-052,ภาคเหนือ,76,1138
2026-02-05,AG-E-052,ภาคใต้,86,1777
2026-02-06,TK-A-001,กรุงเทพฯ,198,3160
2026-02-06,TK-A-001,ภาคกลาง,134,2423
2026-02-06,TK-A-001,ภาคตะวันออก,108,2077
2026-02-06,TK-A-001,ภาคเหนือ,105,1827
2026-02-06,TK-A-001,ภาคใต้,126,1930
2026-02-06,GL-B-014,กรุงเทพฯ,961,15983
2026-02-06,GL-B-014,ภาคกลาง,757,12439
2026-02-06,GL-B-014,ภาคตะวันออก,514,9466
2026-02-06,GL-B-014,ภาคเหนือ,486,7768
2026-02-06,GL-B-014,ภาคใต้,653,11735
2026-02-06,MK-C-028,กรุงเทพฯ,653,12189
2026-02-06,MK-C-028,ภาคกลาง,532,10077
2026-02-06,MK-C-028,ภาคตะวันออก,427,7737
2026-02-06,MK-C-028,ภาคเหนือ,348,6020
2026-02-06,MK-C-028,ภาคใต้,460,9129
2026-02-06,SY-D-039,กรุงเทพฯ,452,8326
2026-02-06,SY-D-039,ภาคกลาง,396,7230
2026-02-06,SY-D-039,ภาคตะวันออก,253,4422
2026-02-06,SY-D-039,ภาคเหนือ,253,3679
2026-02-06,SY-D-039,ภาคใต้,277,5393
2026-02-06,AG-E-052,กรุงเทพฯ,135,2480
2026-02-06,AG-E-052,ภาคกลาง,115,1990
2026-02-06,AG-E-052,ภาคตะวันออก,76,1259
2026-02-06,AG-E-052,ภาคเหนือ,73,1117
2026-02-06,AG-E-052,ภาคใต้,93,1851
2026-02-07,TK-A-001,กรุงเทพฯ,165,3046
2026-02-07,TK-A-001,ภาคกลาง,143,2321
2026-02-07,TK-A-001,ภาคตะวันออก,108,1830
2026-02-07,TK-A-001,ภาคเหนือ,102,1488
2026-02-07,TK-A-001,ภาคใต้,110,2258
2026-02-07,GL-B-014,กรุงเทพฯ,989,17317
2026-02-07,GL-B-014,ภาคกลาง,697,13309
2026-02-07,GL-B-014,ภาคตะวันออก,605,9010
2026-02-07,GL-B-014,ภาคเหนือ,448,9476
2026-02-07,GL-B-014,ภาคใต้,618,11378
2026-02-07,MK-C-028,กรุงเทพฯ,656,11854
2026-02-07,MK-C-028,ภาคกลาง,582,9089
2026-02-07,MK-C-028,ภาคตะวันออก,371,7369
2026-02-07,MK-C-028,ภาคเหนือ,356,7365
2026-02-07,MK-C-028,ภาคใต้,489,6927
2026-02-07,SY-D-039,กรุงเทพฯ,432,7594
2026-02-07,SY-D-039,ภาคกลาง,363,5987
2026-02-07,SY-D-039,ภาคตะวันออก,282,5371
2026-02-07,SY-D-039,ภาคเหนือ,252,4174
2026-02-07,SY-D-039,ภาคใต้,319,5694
2026-02-07,AG-E-052,กรุงเทพฯ,141,2650
2026-02-07,AG-E-052,ภาคกลาง,104,1672
2026-02-07,AG-E-052,ภาคตะวันออก,80,1613
2026-02-07,AG-E-052,ภาคเหนือ,66,1330
2026-02-07,AG-E-052,ภาคใต้,85,1708
2026-02-08,TK-A-001,กรุงเทพฯ,182,3644
2026-02-08,TK-A-001,ภาคกลาง,137,2794
2026-02-08,TK-A-001,ภาคตะวันออก,101,1713
2026-02-08,TK-A-001,ภาคเหนือ,87,1646
2026-02-08,TK-A-001,ภาคใต้,115,2337
2026-02-08,GL-B-014,กรุงเทพฯ,867,14675
2026-02-08,GL-B-014,ภาคกลาง,777,15059
2026-02-08,GL-B-014,ภาคตะวันออก,589,10023
2026-02-08,GL-B-014,ภาคเหนือ,481,8340
2026-02-08,GL-B-014,ภาคใต้,661,12478
2026-02-08,MK-C-028,กรุงเทพฯ,677,11218
2026-02-08,MK-C-028,ภาคกลาง,496,8806
2026-02-08,MK-C-028,ภาคตะวันออก,417,7005
2026-02-08,MK-C-028,ภาคเหนือ,373,6560
2026-02-08,MK-C-028,ภาคใต้,458,7166
2026-02-08,SY-D-039,กรุงเทพฯ,493,8618
2026-02-08,SY-D-039,ภาคกลาง,326,6272
2026-02-08,SY-D-039,ภาคตะวันออก,248,5253
2026-02-08,SY-D-039,ภาคเหนือ,218,4869
2026-02-08,SY-D-039,ภาคใต้,283,5106
2026-02-08,AG-E-052,กรุงเทพฯ,133,2505
2026-02-08,AG-E-052,ภาคกลาง,110,1977
2026-02-08,AG-E-052,ภาคตะวันออก,78,1379
2026-02-08,AG-E-052,ภาคเหนือ,78,1384
2026-02-08,AG-E-052,ภาคใต้,93,1834
2026-02-09,TK-A-001,กรุงเทพฯ,168,3534
2026-02-09,TK-A-001,ภาคกลาง,132,2520
2026-02-09,TK-A-001,ภาคตะวันออก,118,1933
2026-02-09,TK-A-001,ภาคเหนือ,88,1544
2026-02-09,TK-A-001,ภาคใต้,123,2369
2026-02-09,GL-B-014,กรุงเทพฯ,939,15506
2026-02-09,GL-B-014,ภาคกลาง,794,11747
2026-02-09,GL-B-014,ภาคตะวันออก,512,9028
2026-02-09,GL-B-014,ภาคเหนือ,542,9340
2026-02-09,GL-B-014,ภาคใต้,636,11875
2026-02-09,MK-C-028,กรุงเทพฯ,630,13953
2026-02-09,MK-C-028,ภาคกลาง,495,10826
2026-02-09,MK-C-028,ภาคตะวันออก,429,6584
2026-02-09,MK-C-028,ภาคเหนือ,350,6594
2026-02-09,MK-C-028,ภาคใต้,450,7710
2026-02-09,SY-D-039,กรุงเทพฯ,429,7277
2026-02-09,SY-D-039,ภาคกลาง,325,5595
2026-02-09,SY-D-039,ภาคตะวันออก,245,5487
2026-02-09,SY-D-039,ภาคเหนือ,222,4404
2026-02-09,SY-D-039,ภาคใต้,296,4927
2026-02-09,AG-E-052,กรุงเทพฯ,129,2377
2026-02-09,AG-E-052,ภาคกลาง,117,1708
2026-02-09,AG-E-052,ภาคตะวันออก,88,1591
2026-02-09,AG-E-052,ภาคเหนือ,66,1186
2026-02-09,AG-E-052,ภาคใต้,94,1654
2026-02-10,TK-A-001,กรุงเทพฯ,177,3263
2026-02-10,TK-A-001,ภาคกลาง,144,2281
2026-02-10,TK-A-001,ภาคตะวันออก,102,1866
2026-02-10,TK-A-001,ภาคเหนือ,99,1551
2026-02-10,TK-A-001,ภาคใต้,131,2007
2026-02-10,GL-B-014,กรุงเทพฯ,980,16355
2026-02-10,GL-B-014,ภาคกลาง,780,11779
2026-02-10,GL-B-014,ภาคตะวันออก,538,10061
2026-02-10,GL-B-014,ภาคเหนือ,479,9336
2026-02-10,GL-B-014,ภาคใต้,616,11223
2026-02-10,MK-C-028,กรุงเทพฯ,638,13002
2026-02-10,MK-C-028,ภาคกลาง,576,9846
2026-02-10,MK-C-028,ภาคตะวันออก,406,6878
2026-02-10,MK-C-028,ภาคเหนือ,325,6579
2026-02-10,MK-C-028,ภาคใต้,446,7801
2026-02-10,SY-D-039,กรุงเทพฯ,493,8411
2026-02-10,SY-D-039,ภาคกลาง,344,6442
2026-02-10,SY-D-039,ภาคตะวันออก,285,4958
2026-02-10,SY-D-039,ภาคเหนือ,236,3868
2026-02-10,SY-D-039,ภาคใต้,284,4852
2026-02-10,AG-E-052,กรุงเทพฯ,127,2536
2026-02-10,AG-E-052,ภาคกลาง,105,2104
2026-02-10,AG-E-052,ภาคตะวันออก,87,1562
2026-02-10,AG-E-052,ภาคเหนือ,77,1110
2026-02-10,AG-E-052,ภาคใต้,86,1615
2026-02-11,TK-A-001,กรุงเทพฯ,192,3364
2026-02-11,TK-A-001,ภาคกลาง,147,2380
2026-02-11,TK-A-001,ภาคตะวันออก,114,2123
2026-02-11,TK-A-001,ภาคเหนือ,88,1546
2026-02-11,TK-A-001,ภาคใต้,112,2307
2026-02-11,GL-B-014,กรุงเทพฯ,992,15694
2026-02-11,GL-B-014,ภาคกลาง,683,14972
2026-02-11,GL-B-014,ภาคตะวันออก,558,10920
2026-02-11,GL-B-014,ภาคเหนือ,510,9018
2026-02-11,GL-B-014,ภาคใต้,666,11680
2026-02-11,MK-C-028,กรุงเทพฯ,736,11430
2026-02-11,MK-C-028,ภาคกลาง,488,9694
2026-02-11,MK-C-028,ภาคตะวันออก,400,8152
2026-02-11,MK-C-028,ภาคเหนือ,372,7240
2026-02-11,MK-C-028,ภาคใต้,410,7819
2026-02-11,SY-D-039,กรุงเทพฯ,463,7948
2026-02-11,SY-D-039,ภาคกลาง,328,6246
2026-02-11,SY-D-039,ภาคตะวันออก,260,4892
2026-02-11,SY-D-039,ภาคเหนือ,259,4075
2026-02-11,SY-D-039,ภาคใต้,287,5298
2026-02-11,AG-E-052,กรุงเทพฯ,123,2382
2026-02-11,AG-E-052,ภาคกลาง,118,1908
2026-02-11,AG-E-052,ภาคตะวันออก,76,1407
2026-02-11,AG-E-052,ภาคเหนือ,75,1389
2026-02-11,AG-E-052,ภาคใต้,94,1541
2026-02-12,TK-A-001,กรุงเทพฯ,178,3361
2026-02-12,TK-A-001,ภาคกลาง,142,2319
2026-02-12,TK-A-001,ภาคตะวันออก,101,1749
2026-02-12,TK-A-001,ภาคเหนือ,100,1979
2026-02-12,TK-A-001,ภาคใต้,111,1966
2026-02-12,GL-B-014,กรุงเทพฯ,887,15920
2026-02-12,GL-B-014,ภาคกลาง,740,13666
2026-02-12,GL-B-014,ภาคตะวันออก,510,9941
2026-02-12,GL-B-014,ภาคเหนือ,526,9672
2026-02-12,GL-B-014,ภาคใต้,583,11490
2026-02-12,MK-C-028,กรุงเทพฯ,687,12435
2026-02-12,MK-C-028,ภาคกลาง,590,9651
2026-02-12,MK-C-028,ภาคตะวันออก,427,6463
2026-02-12,MK-C-028,ภาคเหนือ,342,5637
2026-02-12,MK-C-028,ภาคใต้,405,8547
2026-02-12,SY-D-039,กรุงเทพฯ,460,8155
2026-02-12,SY-D-039,ภาคกลาง,367,5766
2026-02-12,SY-D-039,ภาคตะวันออก,276,5183
2026-02-12,SY-D-039,ภาคเหนือ,238,4467
2026-02-12,SY-D-039,ภาคใต้,293,6129
2026-02-12,AG-E-052,กรุงเทพฯ,134,2164
2026-02-12,AG-E-052,ภาคกลาง,108,1988
2026-02-12,AG-E-052,ภาคตะวันออก,78,1254
2026-02-12,AG-E-052,ภาคเหนือ,76,1405
2026-02-12,AG-E-052,ภาคใต้,84,1612
2026-02-13,TK-A-001,กรุงเทพฯ,198,3404
2026-02-13,TK-A-001,ภาคกลาง,142,2636
2026-02-13,TK-A-001,ภาคตะวันออก,109,1863
2026-02-13,TK-A-001,ภาคเหนือ,91,1716
2026-02-13,TK-A-001,ภาคใต้,129,2398
2026-02-13,GL-B-014,กรุงเทพฯ,984,14574
2026-02-13,GL-B-014,ภาคกลาง,672,14734
2026-02-13,GL-B-014,ภาคตะวันออก,557,10298
2026-02-13,GL-B-014,ภาคเหนือ,510,8914
2026-02-13,GL-B-014,ภาคใต้,608,10680
2026-02-13,MK-C-028,กรุงเทพฯ,630,11789
2026-02-13,MK-C-028,ภาคกลาง,497,11159
2026-02-13,MK-C-028,ภาคตะวันออก,412,7843
2026-02-13,MK-C-028,ภาคเหนือ,394,5627
2026-02-13,MK-C-028,ภาคใต้,407,7904
2026-02-13,SY-D-039,กรุงเทพฯ,406,7997
2026-02-13,SY-D-039,ภาคกลาง,384,7396
2026-02-13,SY-D-039,ภาคตะวันออก,248,5492
2026-02-13,SY-D-039,ภาคเหนือ,219,4061
2026-02-13,SY-D-039,ภาคใต้,306,5340
2026-02-13,AG-E-052,กรุงเทพฯ,135,2549
2026-02-13,AG-E-052,ภาคกลาง,117,1892
2026-02-13,AG-E-052,ภาคตะวันออก,83,1336
2026-02-13,AG-E-052,ภาคเหนือ,78,1378
2026-02-13,AG-E-052,ภาคใต้,98,1570
2026-02-14,TK-A-001,กรุงเทพฯ,182,3236
2026-02-14,TK-A-001,ภาคกลาง,139,2708
2026-02-14,TK-A-001,ภาคตะวันออก,107,2177
2026-02-14,TK-A-001,ภาคเหนือ,88,1712
2026-02-14,TK-A-001,ภาคใต้,128,2458
2026-02-14,GL-B-014,กรุงเทพฯ,989,17669
2026-02-14,GL-B-014,ภาคกลาง,784,14771
2026-02-14,GL-B-014,ภาคตะวันออก,562,9775
2026-02-14,GL-B-014,ภาคเหนือ,523,9861
2026-02-14,GL-B-014,ภาคใต้,590,10177
2026-02-14,MK-C-028,กรุงเทพฯ,623,13504
2026-02-14,MK-C-028,ภาคกลาง,526,9090
2026-02-14,MK-C-028,ภาคตะวันออก,413,6865
2026-02-14,MK-C-028,ภาคเหนือ,328,7131
2026-02-14,MK-C-028,ภาคใต้,425,8265
2026-02-14,SY-D-039,กรุงเทพฯ,431,8845
2026-02-14,SY-D-039,ภาคกลาง,342,6886
2026-02-14,SY-D-039,ภาคตะวันออก,275,5167
2026-02-14,SY-D-039,ภาคเหนือ,227,4720
2026-02-14,SY-D-039,ภาคใต้,287,5047
2026-02-14,AG-E-052,กรุงเทพฯ,134,2149
2026-02-14,AG-E-052,ภาคกลาง,99,1699
2026-02-14,AG-E-052,ภาคตะวันออก,79,1289
2026-02-14,AG-E-052,ภาคเหนือ,68,1235
2026-02-14,AG-E-052,ภาคใต้,91,1386
2026-02-15,TK-A-001,กรุงเทพฯ,176,3431
2026-02-15,TK-A-001,ภาคกลาง,137,2452
2026-02-15,TK-A-001,ภาคตะวันออก,107,1950
2026-02-15,TK-A-001,ภาคเหนือ,95,1691
2026-02-15,TK-A-001,ภาคใต้,110,1856
2026-02-15,GL-B-014,กรุงเทพฯ,932,16974
2026-02-15,GL-B-014,ภาคกลาง,759,13630
2026-02-15,GL-B-014,ภาคตะวันออก,592,9298
2026-02-15,GL-B-014,ภาคเหนือ,471,8400
2026-02-15,GL-B-014,ภาคใต้,576,11164
2026-02-15,MK-C-028,กรุงเทพฯ,653,12883
2026-02-15,MK-C-028,ภาคกลาง,487,11142
2026-02-15,MK-C-028,ภาคตะวันออก,425,6877
2026-02-15,MK-C-028,ภาคเหนือ,360,5650
2026-02-15,MK-C-028,ภาคใต้,421,8297
2026-02-15,SY-D-039,กรุงเทพฯ,439,8678
2026-02-15,SY-D-039,ภาคกลาง,342,5682
2026-02-15,SY-D-039,ภาคตะวันออก,279,4500
2026-02-15,SY-D-039,ภาคเหนือ,236,3777
2026-02-15,SY-D-039,ภาคใต้,300,5452
2026-02-15,AG-E-052,กรุงเทพฯ,132,2334
2026-02-15,AG-E-052,ภาคกลาง,107,1863
2026-02-15,AG-E-052,ภาคตะวันออก,75,1651
2026-02-15,AG-E-052,ภาคเหนือ,70,1475
2026-02-15,AG-E-052,ภาคใต้,82,1789
2026-02-16,TK-A-001,กรุงเทพฯ,167,3326
2026-02-16,TK-A-001,ภาคกลาง,133,2350
2026-02-16,TK-A-001,ภาคตะวันออก,116,1724
2026-02-16,TK-A-001,ภาคเหนือ,103,1618
2026-02-16,TK-A-001,ภาคใต้,117,2386
2026-02-16,GL-B-014,กรุงเทพฯ,855,16164
2026-02-16,GL-B-014,ภาคกลาง,690,14927
2026-02-16,GL-B-014,ภาคตะวันออก,514,9774
2026-02-16,GL-B-014,ภาคเหนือ,447,10123
2026-02-16,GL-B-014,ภาคใต้,663,11772
2026-02-16,MK-C-028,กรุงเทพฯ,624,11956
2026-02-16,MK-C-028,ภาคกลาง,564,10032
2026-02-16,MK-C-028,ภาคตะวันออก,400,6317
2026-02-16,MK-C-028,ภาคเหนือ,350,6851
2026-02-16,MK-C-028,ภาคใต้,493,7486
2026-02-16,SY-D-039,กรุงเทพฯ,441,8025
2026-02-16,SY-D-039,ภาคกลาง,345,6493
2026-02-16,SY-D-039,ภาคตะวันออก,255,4363
2026-02-16,SY-D-039,ภาคเหนือ,260,3850
2026-02-16,SY-D-039,ภาคใต้,290,4791
2026-02-16,AG-E-052,กรุงเทพฯ,145,2720
2026-02-16,AG-E-052,ภาคกลาง,115,1929
2026-02-16,AG-E-052,ภาคตะวันออก,82,1634
2026-02-16,AG-E-052,ภาคเหนือ,76,1251
2026-02-16,AG-E-052,ภาคใต้,85,1621
2026-02-17,TK-A-001,กรุงเทพฯ,197,3686
2026-02-17,TK-A-001,ภาคกลาง,133,2266
2026-02-17,TK-A-001,ภาคตะวันออก,115,2068
2026-02-17,TK-A-001,ภาคเหนือ,94,1987
2026-02-17,TK-A-001,ภาคใต้,110,1838
2026-02-17,GL-B-014,กรุงเทพฯ,951,14744
2026-02-17,GL-B-014,ภาคกลาง,672,15385
2026-02-17,GL-B-014,ภาคตะวันออก,588,10117
2026-02-17,GL-B-014,ภาคเหนือ,453,10222
2026-02-17,GL-B-014,ภาคใต้,601,11935
2026-02-17,MK-C-028,กรุงเทพฯ,640,10818
2026-02-17,MK-C-028,ภาคกลาง,553,8282
2026-02-17,MK-C-028,ภาคตะวันออก,409,6229
2026-02-17,MK-C-028,ภาคเหนือ,348,7118
2026-02-17,MK-C-028,ภาคใต้,463,7955
2026-02-17,SY-D-039,กรุงเทพฯ,430,8946
2026-02-17,SY-D-039,ภาคกลาง,382,6489
2026-02-17,SY-D-039,ภาคตะวันออก,276,4747
2026-02-17,SY-D-039,ภาคเหนือ,240,4776
2026-02-17,SY-D-039,ภาคใต้,325,6041
2026-02-17,AG-E-052,กรุงเทพฯ,131,2447
2026-02-17,AG-E-052,ภาคกลาง,99,1708
2026-02-17,AG-E-052,ภาคตะวันออก,77,1659
2026-02-17,AG-E-052,ภาคเหนือ,78,1387
2026-02-17,AG-E-052,ภาคใต้,96,1854
2026-02-18,TK-A-001,กรุงเทพฯ,191,3415
2026-02-18,TK-A-001,ภาคกลาง,146,2856
2026-02-18,TK-A-001,ภาคตะวันออก,113,1821
2026-02-18,TK-A-001,ภาคเหนือ,99,1796
2026-02-18,TK-A-001,ภาคใต้,130,2010
2026-02-18,GL-B-014,กรุงเทพฯ,926,17802
2026-02-18,GL-B-014,ภาคกลาง,723,14379
2026-02-18,GL-B-014,ภาคตะวันออก,521,11155
2026-02-18,GL-B-014,ภาคเหนือ,471,9023
2026-02-18,GL-B-014,ภาคใต้,620,10812
2026-02-18,MK-C-028,กรุงเทพฯ,649,13136
2026-02-18,MK-C-028,ภาคกลาง,534,9283
2026-02-18,MK-C-028,ภาคตะวันออก,376,7012
2026-02-18,MK-C-028,ภาคเหนือ,395,6657
2026-02-18,MK-C-028,ภาคใต้,426,7030
2026-02-18,SY-D-039,กรุงเทพฯ,441,7930
2026-02-18,SY-D-039,ภาคกลาง,346,7135
2026-02-18,SY-D-039,ภาคตะวันออก,265,5531
2026-02-18,SY-D-039,ภาคเหนือ,220,3917
2026-02-18,SY-D-039,ภาคใต้,320,5240
2026-02-18,AG-E-052,กรุงเทพฯ,143,2363
2026-02-18,AG-E-052,ภาคกลาง,112,1672
2026-02-18,AG-E-052,ภาคตะวันออก,85,1581
2026-02-18,AG-E-052,ภาคเหนือ,74,1316
2026-02-18,AG-E-052,ภาคใต้,98,1651
2026-02-19,TK-A-001,กรุงเทพฯ,185,3647
2026-02-19,TK-A-001,ภาคกลาง,142,2965
2026-02-19,TK-A-001,ภาคตะวันออก,117,1674
2026-02-19,TK-A-001,ภาคเหนือ,94,1811
2026-02-19,TK-A-001,ภาคใต้,122,2374
2026-02-19,GL-B-014,กรุงเทพฯ,898,15489
2026-02-19,GL-B-014,ภาคกลาง,746,13617
2026-02-19,GL-B-014,ภาคตะวันออก,529,8945
2026-02-19,GL-B-014,ภาคเหนือ,521,8721
2026-02-19,GL-B-014,ภาคใต้,573,11073
2026-02-19,MK-C-028,กรุงเทพฯ,612,13428
2026-02-19,MK-C-028,ภาคกลาง,516,8300
2026-02-19,MK-C-028,ภาคตะวันออก,370,8261
2026-02-19,MK-C-028,ภาคเหนือ,392,6221
2026-02-19,MK-C-028,ภาคใต้,448,6909
2026-02-19,SY-D-039,กรุงเทพฯ,408,8654
2026-02-19,SY-D-039,ภาคกลาง,374,5891
2026-02-19,SY-D-039,ภาคตะวันออก,290,4436
2026-02-19,SY-D-039,ภาคเหนือ,246,4435
2026-02-19,SY-D-039,ภาคใต้,290,5013
2026-02-19,AG-E-052,กรุงเทพฯ,145,2296
2026-02-19,AG-E-052,ภาคกลาง,118,2170
2026-02-19,AG-E-052,ภาคตะวันออก,83,1476
2026-02-19,AG-E-052,ภาคเหนือ,71,1329
2026-02-19,AG-E-052,ภาคใต้,94,1550
2026-02-20,TK-A-001,กรุงเทพฯ,196,2991
2026-02-20,TK-A-001,ภาคกลาง,143,2952
2026-02-20,TK-A-001,ภาคตะวันออก,109,1900
2026-02-20,TK-A-001,ภาคเหนือ,88,1824
2026-02-20,TK-A-001,ภาคใต้,119,2320
2026-02-20,GL-B-014,กรุงเทพฯ,995,17491
2026-02-20,GL-B-014,ภาคกลาง,713,12703
2026-02-20,GL-B-014,ภาคตะวันออก,563,9174
2026-02-20,GL-B-014,ภาคเหนือ,521,8846
2026-02-20,GL-B-014,ภาคใต้,640,11040
2026-02-20,MK-C-028,กรุงเทพฯ,661,10534
2026-02-20,MK-C-028,ภาคกลาง,519,9411
2026-02-20,MK-C-028,ภาคตะวันออก,366,7014
2026-02-20,MK-C-028,ภาคเหนือ,392,6518
2026-02-20,MK-C-028,ภาคใต้,405,7551
2026-02-20,SY-D-039,กรุงเทพฯ,439,7105
2026-02-20,SY-D-039,ภาคกลาง,347,7303
2026-02-20,SY-D-039,ภาคตะวันออก,278,4384
2026-02-20,SY-D-039,ภาคเหนือ,248,4401
2026-02-20,SY-D-039,ภาคใต้,308,4920
2026-02-20,AG-E-052,กรุงเทพฯ,123,2790
2026-02-20,AG-E-052,ภาคกลาง,110,2138
2026-02-20,AG-E-052,ภาคตะวันออก,86,1564
2026-02-20,AG-E-052,ภาคเหนือ,65,1158
2026-02-20,AG-E-052,ภาคใต้,98,1426
2026-02-21,TK-A-001,กรุงเทพฯ,175,3313
2026-02-21,TK-A-001,ภาคกลาง,154,2597
2026-02-21,TK-A-001,ภาคตะวันออก,114,1715
2026-02-21,TK-A-001,ภาคเหนือ,97,1960
2026-02-21,TK-A-001,ภาคใต้,119,2211
2026-02-21,GL-B-014,กรุงเทพฯ,946,16088
2026-02-21,GL-B-014,ภาคกลาง,794,12034
2026-02-21,GL-B-014,ภาคตะวันออก,573,9348
2026-02-21,GL-B-014,ภาคเหนือ,475,8579
2026-02-21,GL-B-014,ภาคใต้,642,12590
2026-02-21,MK-C-028,กรุงเทพฯ,622,10857
2026-02-21,MK-C-028,ภาคกลาง,548,8275
2026-02-21,MK-C-028,ภาคตะวันออก,390,8105
2026-02-21,MK-C-028,ภาคเหนือ,336,6334
2026-02-21,MK-C-028,ภาคใต้,491,7815
2026-02-21,SY-D-039,กรุงเทพฯ,482,8767
2026-02-21,SY-D-039,ภาคกลาง,353,6064
2026-02-21,SY-D-039,ภาคตะวันออก,289,5077
2026-02-21,SY-D-039,ภาคเหนือ,250,3943
2026-02-21,SY-D-039,ภาคใต้,316,5677
2026-02-21,AG-E-052,กรุงเทพฯ,148,2620
2026-02-21,AG-E-052,ภาคกลาง,100,1721
2026-02-21,AG-E-052,ภาคตะวันออก,76,1374
2026-02-21,AG-E-052,ภาคเหนือ,78,1242
2026-02-21,AG-E-052,ภาคใต้,88,1811
2026-02-22,TK-A-001,กรุงเทพฯ,178,3332
2026-02-22,TK-A-001,ภาคกลาง,143,2874
2026-02-22,TK-A-001,ภาคตะวันออก,98,1948
2026-02-22,TK-A-001,ภาคเหนือ,95,1488
2026-02-22,TK-A-001,ภาคใต้,113,2426
2026-02-22,GL-B-014,กรุงเทพฯ,886,16819
2026-02-22,GL-B-014,ภาคกลาง,761,13329
2026-02-22,GL-B-014,ภาคตะวันออก,574,9789
2026-02-22,GL-B-014,ภาคเหนือ,497,7853
2026-02-22,GL-B-014,ภาคใต้,565,9987
2026-02-22,MK-C-028,กรุงเทพฯ,739,11913
2026-02-22,MK-C-028,ภาคกลาง,590,8429
2026-02-22,MK-C-028,ภาคตะวันออก,445,8030
2026-02-22,MK-C-028,ภาคเหนือ,370,6422
2026-02-22,MK-C-028,ภาคใต้,479,8377
2026-02-22,SY-D-039,กรุงเทพฯ,429,8197
2026-02-22,SY-D-039,ภาคกลาง,375,5934
2026-02-22,SY-D-039,ภาคตะวันออก,250,4727
2026-02-22,SY-D-039,ภาคเหนือ,243,3745
2026-02-22,SY-D-039,ภาคใต้,275,5476
2026-02-22,AG-E-052,กรุงเทพฯ,130,2657
2026-02-22,AG-E-052,ภาคกลาง,115,1848
2026-02-22,AG-E-052,ภาคตะวันออก,89,1483
2026-02-22,AG-E-052,ภาคเหนือ,68,1193
2026-02-22,AG-E-052,ภาคใต้,95,1402
2026-02-23,TK-A-001,กรุงเทพฯ,171,2837
2026-02-23,TK-A-001,ภาคกลาง,147,2949
2026-02-23,TK-A-001,ภาคตะวันออก,113,1895
2026-02-23,TK-A-001,ภาคเหนือ,104,1953
2026-02-23,TK-A-001,ภาคใต้,115,2349
2026-02-23,GL-B-014,กรุงเทพฯ,964,18061
2026-02-23,GL-B-014,ภาคกลาง,736,13618
2026-02-23,GL-B-014,ภาคตะวันออก,519,8642
2026-02-23,GL-B-014,ภาคเหนือ,455,9042
2026-02-23,GL-B-014,ภาคใต้,613,9606
2026-02-23,MK-C-028,กรุงเทพฯ,635,12421
2026-02-23,MK-C-028,ภาคกลาง,494,10644
2026-02-23,MK-C-028,ภาคตะวันออก,408,8033
2026-02-23,MK-C-028,ภาคเหนือ,345,6759
2026-02-23,MK-C-028,ภาคใต้,464,8019
2026-02-23,SY-D-039,กรุงเทพฯ,450,7556
2026-02-23,SY-D-039,ภาคกลาง,347,7210
2026-02-23,SY-D-039,ภาคตะวันออก,260,5284
2026-02-23,SY-D-039,ภาคเหนือ,232,4628
2026-02-23,SY-D-039,ภาคใต้,273,6024
2026-02-23,AG-E-052,กรุงเทพฯ,129,2518
2026-02-23,AG-E-052,ภาคกลาง,107,2164
2026-02-23,AG-E-052,ภาคตะวันออก,85,1521
2026-02-23,AG-E-052,ภาคเหนือ,69,1433
2026-02-23,AG-E-052,ภาคใต้,96,1729
2026-02-24,TK-A-001,กรุงเทพฯ,166,3393
2026-02-24,TK-A-001,ภาคกลาง,143,2395
2026-02-24,TK-A-001,ภาคตะวันออก,111,2058
2026-02-24,TK-A-001,ภาคเหนือ,93,1586
2026-02-24,TK-A-001,ภาคใต้,123,2307
2026-02-24,GL-B-014,กรุงเทพฯ,939,15686
2026-02-24,GL-B-014,ภาคกลาง,733,11891
2026-02-24,GL-B-014,ภาคตะวันออก,581,8785
2026-02-24,GL-B-014,ภาคเหนือ,528,8409
2026-02-24,GL-B-014,ภาคใต้,631,12415
2026-02-24,MK-C-028,กรุงเทพฯ,729,11228
2026-02-24,MK-C-028,ภาคกลาง,576,9740
2026-02-24,MK-C-028,ภาคตะวันออก,421,6963
2026-02-24,MK-C-028,ภาคเหนือ,338,7363
2026-02-24,MK-C-028,ภาคใต้,462,7033
2026-02-24,SY-D-039,กรุงเทพฯ,435,7167
2026-02-24,SY-D-039,ภาคกลาง,334,7376
2026-02-24,SY-D-039,ภาคตะวันออก,261,5069
2026-02-24,SY-D-039,ภาคเหนือ,240,4052
2026-02-24,SY-D-039,ภาคใต้,280,6039
2026-02-24,AG-E-052,กรุงเทพฯ,137,2149
2026-02-24,AG-E-052,ภาคกลาง,116,1848
2026-02-24,AG-E-052,ภาคตะวันออก,76,1471
2026-02-24,AG-E-052,ภาคเหนือ,71,1479
2026-02-24,AG-E-052,ภาคใต้,81,1721
2026-02-25,TK-A-001,กรุงเทพฯ,165,3370
2026-02-25,TK-A-001,ภาคกลาง,141,2713
2026-02-25,TK-A-001,ภาคตะวันออก,100,1772
2026-02-25,TK-A-001,ภาคเหนือ,99,1939
2026-02-25,TK-A-001,ภาคใต้,112,1899
2026-02-25,GL-B-014,กรุงเทพฯ,918,17381
2026-02-25,GL-B-014,ภาคกลาง,688,13739
2026-02-25,GL-B-014,ภาคตะวันออก,528,10988
2026-02-25,GL-B-014,ภาคเหนือ,449,9725
2026-02-25,GL-B-014,ภาคใต้,615,11278
2026-02-25,MK-C-028,กรุงเทพฯ,739,11978
2026-02-25,MK-C-028,ภาคกลาง,541,9562
2026-02-25,MK-C-028,ภาคตะวันออก,437,7695
2026-02-25,MK-C-028,ภาคเหนือ,347,7433
2026-02-25,MK-C-028,ภาคใต้,406,8123
2026-02-25,SY-D-039,กรุงเทพฯ,488,6956
2026-02-25,SY-D-039,ภาคกลาง,337,7012
2026-02-25,SY-D-039,ภาคตะวันออก,290,5334
2026-02-25,SY-D-039,ภาคเหนือ,235,4540
2026-02-25,SY-D-039,ภาคใต้,286,5558
2026-02-25,AG-E-052,กรุงเทพฯ,129,2162
2026-02-25,AG-E-052,ภาคกลาง,118,1710
2026-02-25,AG-E-052,ภาคตะวันออก,77,1548
2026-02-25,AG-E-052,ภาคเหนือ,68,1456
2026-02-25,AG-E-052,ภาคใต้,90,1715
2026-02-26,TK-A-001,กรุงเทพฯ,191,3166
2026-02-26,TK-A-001,ภาคกลาง,151,2754
2026-02-26,TK-A-001,ภาคตะวันออก,105,2052
2026-02-26,TK-A-001,ภาคเหนือ,87,1923
2026-02-26,TK-A-001,ภาคใต้,113,2222
2026-02-26,GL-B-014,กรุงเทพฯ,930,16086
2026-02-26,GL-B-014,ภาคกลาง,775,11901
2026-02-26,GL-B-014,ภาคตะวันออก,612,8559
2026-02-26,GL-B-014,ภาคเหนือ,545,9051
2026-02-26,GL-B-014,ภาคใต้,665,9694
2026-02-26,MK-C-028,กรุงเทพฯ,738,13251
2026-02-26,MK-C-028,ภาคกลาง,530,9932
2026-02-26,MK-C-028,ภาคตะวันออก,387,7504
2026-02-26,MK-C-028,ภาคเหนือ,338,6955
2026-02-26,MK-C-028,ภาคใต้,413,8777
2026-02-26,SY-D-039,กรุงเทพฯ,456,7554
2026-02-26,SY-D-039,ภาคกลาง,338,5583
2026-02-26,SY-D-039,ภาคตะวันออก,266,5112
2026-02-26,SY-D-039,ภาคเหนือ,248,3835
2026-02-26,SY-D-039,ภาคใต้,278,6049
2026-02-26,AG-E-052,กรุงเทพฯ,127,2071
2026-02-26,AG-E-052,ภาคกลาง,107,2193
2026-02-26,AG-E-052,ภาคตะวันออก,84,1544
2026-02-26,AG-E-052,ภาคเหนือ,70,1102
2026-02-26,AG-E-052,ภาคใต้,97,1712
2026-02-27,TK-A-001,กรุงเทพฯ,189,3478
2026-02-27,TK-A-001,ภาคกลาง,157,2381
2026-02-27,TK-A-001,ภาคตะวันออก,111,1876
2026-02-27,TK-A-001,ภาคเหนือ,95,1897
2026-02-27,TK-A-001,ภาคใต้,110,2278
2026-02-27,GL-B-014,กรุงเทพฯ,1022,18083
2026-02-27,GL-B-014,ภาคกลาง,773,13110
2026-02-27,GL-B-014,ภาคตะวันออก,575,10164
2026-02-27,GL-B-014,ภาคเหนือ,451,9089
2026-02-27,GL-B-014,ภาคใต้,646,10791
2026-02-27,MK-C-028,กรุงเทพฯ,625,11053
2026-02-27,MK-C-028,ภาคกลาง,535,9621
2026-02-27,MK-C-028,ภาคตะวันออก,437,6759
2026-02-27,MK-C-028,ภาคเหนือ,345,5985
2026-02-27,MK-C-028,ภาคใต้,407,7787
2026-02-27,SY-D-039,กรุงเทพฯ,493,7374
2026-02-27,SY-D-039,ภาคกลาง,349,6062
2026-02-27,SY-D-039,ภาคตะวันออก,296,5460
2026-02-27,SY-D-039,ภาคเหนือ,237,4951
2026-02-27,SY-D-039,ภาคใต้,287,4693
2026-02-27,AG-E-052,กรุงเทพฯ,134,2208
2026-02-27,AG-E-052,ภาคกลาง,101,1686
2026-02-27,AG-E-052,ภาคตะวันออก,76,1241
2026-02-27,AG-E-052,ภาคเหนือ,73,1165
2026-02-27,AG-E-052,ภาคใต้,92,1760
2026-02-28,TK-A-001,กรุงเทพฯ,174,3169
2026-02-28,TK-A-001,ภาคกลาง,140,2723
2026-02-28,TK-A-001,ภาคตะวันออก,99,2114
2026-02-28,TK-A-001,ภาคเหนือ,95,1543
2026-02-28,TK-A-001,ภาคใต้,111,1916
2026-02-28,GL-B-014,กรุงเทพฯ,895,17707
2026-02-28,GL-B-014,ภาคกลาง,697,11823
2026-02-28,GL-B-014,ภาคตะวันออก,603,9894
2026-02-28,GL-B-014,ภาคเหนือ,498,8167
2026-02-28,GL-B-014,ภาคใต้,613,10335
2026-02-28,MK-C-028,กรุงเทพฯ,694,10943
2026-02-28,MK-C-028,ภาคกลาง,534,10208
2026-02-28,MK-C-028,ภาคตะวันออก,370,7638
2026-02-28,MK-C-028,ภาคเหนือ,327,7058
2026-02-28,MK-C-028,ภาคใต้,482,7433
2026-02-28,SY-D-039,กรุงเทพฯ,423,9260
2026-02-28,SY-D-039,ภาคกลาง,326,6510
2026-02-28,SY-D-039,ภาคตะวันออก,261,5090
2026-02-28,SY-D-039,ภาคเหนือ,218,4163
2026-02-28,SY-D-039,ภาคใต้,282,4699
2026-02-28,AG-E-052,กรุงเทพฯ,146,2430
2026-02-28,AG-E-052,ภาคกลาง,107,1938
2026-02-28,AG-E-052,ภาคตะวันออก,85,1466
2026-02-28,AG-E-052,ภาคเหนือ,75,1185
2026-02-28,AG-E-052,ภาคใต้,93,1782
2026-03-01,TK-A-001,กรุงเทพฯ,183,3250
2026-03-01,TK-A-001,ภาคกลาง,134,2652
2026-03-01,TK-A-001,ภาคตะวันออก,111,1760
2026-03-01,TK-A-001,ภาคเหนือ,90,1680
2026-03-01,TK-A-001,ภาคใต้,111,2199
2026-03-01,GL-B-014,กรุงเทพฯ,955,14825
2026-03-01,GL-B-014,ภาคกลาง,791,15209
2026-03-01,GL-B-014,ภาคตะวันออก,610,9324
2026-03-01,GL-B-014,ภาคเหนือ,535,10185
2026-03-01,GL-B-014,ภาคใต้,585,10175
2026-03-01,MK-C-028,กรุงเทพฯ,714,11122
2026-03-01,MK-C-028,ภาคกลาง,544,9365
2026-03-01,MK-C-028,ภาคตะวันออก,393,6718
2026-03-01,MK-C-028,ภาคเหนือ,350,6688
2026-03-01,MK-C-028,ภาคใต้,415,8708
2026-03-01,SY-D-039,กรุงเทพฯ,411,8792
2026-03-01,SY-D-039,ภาคกลาง,329,6547
2026-03-01,SY-D-039,ภาคตะวันออก,265,4574
2026-03-01,SY-D-039,ภาคเหนือ,221,4365
2026-03-01,SY-D-039,ภาคใต้,286,6155
2026-03-01,AG-E-052,กรุงเทพฯ,122,2793
2026-03-01,AG-E-052,ภาคกลาง,109,1836
2026-03-01,AG-E-052,ภาคตะวันออก,81,1563
2026-03-01,AG-E-052,ภาคเหนือ,78,1334
2026-03-01,AG-E-052,ภาคใต้,83,1794
2026-03-02,TK-A-001,กรุงเทพฯ,175,3555
2026-03-02,TK-A-001,ภาคกลาง,139,2580
2026-03-02,TK-A-001,ภาคตะวันออก,119,1994
2026-03-02,TK-A-001,ภาคเหนือ,101,1662
2026-03-02,TK-A-001,ภาคใต้,109,2250
2026-03-02,GL-B-014,กรุงเทพฯ,909,16431
2026-03-02,GL-B-014,ภาคกลาง,691,13059
2026-03-02,GL-B-014,ภาคตะวันออก,541,10225
2026-03-02,GL-B-014,ภาคเหนือ,529,10109
2026-03-02,GL-B-014,ภาคใต้,627,10191
2026-03-02,MK-C-028,กรุงเทพฯ,622,13352
2026-03-02,MK-C-028,ภาคกลาง,489,10501
2026-03-02,MK-C-028,ภาคตะวันออก,408,6987
2026-03-02,MK-C-028,ภาคเหนือ,355,6613
2026-03-02,MK-C-028,ภาคใต้,437,8802
2026-03-02,SY-D-039,กรุงเทพฯ,438,6970
2026-03-02,SY-D-039,ภาคกลาง,333,6219
2026-03-02,SY-D-039,ภาคตะวันออก,267,4804
2026-03-02,SY-D-039,ภาคเหนือ,237,4682
2026-03-02,SY-D-039,ภาคใต้,278,5036
2026-03-02,AG-E-052,กรุงเทพฯ,126,2760
2026-03-02,AG-E-052,ภาคกลาง,117,2154
2026-03-02,AG-E-052,ภาคตะวันออก,87,1418
2026-03-02,AG-E-052,ภาคเหนือ,67,1207
2026-03-02,AG-E-052,ภาคใต้,95,1697
2026-03-03,TK-A-001,กรุงเทพฯ,166,3149
2026-03-03,TK-A-001,ภาคกลาง,149,2451
2026-03-03,TK-A-001,ภาคตะวันออก,103,1933
2026-03-03,TK-A-001,ภาคเหนือ,87,1929
2026-03-03,TK-A-001,ภาคใต้,122,2402
2026-03-03,GL-B-014,กรุงเทพฯ,891,16359
2026-03-03,GL-B-014,ภาคกลาง,704,14033
2026-03-03,GL-B-014,ภาคตะวันออก,508,10166
2026-03-03,GL-B-014,ภาคเหนือ,478,8779
2026-03-03,GL-B-014,ภาคใต้,576,10974
2026-03-03,MK-C-028,กรุงเทพฯ,704,11364
2026-03-03,MK-C-028,ภาคกลาง,558,11069
2026-03-03,MK-C-028,ภาคตะวันออก,444,7948
2026-03-03,MK-C-028,ภาคเหนือ,390,6986
2026-03-03,MK-C-028,ภาคใต้,452,8845
2026-03-03,SY-D-039,กรุงเทพฯ,450,7385
2026-03-03,SY-D-039,ภาคกลาง,357,5547
2026-03-03,SY-D-039,ภาคตะวันออก,250,4979
2026-03-03,SY-D-039,ภาคเหนือ,248,4583
2026-03-03,SY-D-039,ภาคใต้,317,5561
2026-03-03,AG-E-052,กรุงเทพฯ,126,2277
2026-03-03,AG-E-052,ภาคกลาง,107,1898
2026-03-03,AG-E-052,ภาคตะวันออก,83,1391
2026-03-03,AG-E-052,ภาคเหนือ,73,1349
2026-03-03,AG-E-052,ภาคใต้,92,1588
2026-03-04,TK-A-001,กรุงเทพฯ,183,3623
2026-03-04,TK-A-001,ภาคกลาง,144,2740
2026-03-04,TK-A-001,ภาคตะวันออก,112,1749
2026-03-04,TK-A-001,ภาคเหนือ,87,1597
2026-03-04,TK-A-001,ภาคใต้,121,2360
2026-03-04,GL-B-014,กรุงเทพฯ,961,18032
2026-03-04,GL-B-014,ภาคกลาง,687,15037
2026-03-04,GL-B-014,ภาคตะวันออก,588,10506
2026-03-04,GL-B-014,ภาคเหนือ,513,9185
2026-03-04,GL-B-014,ภาคใต้,658,12663
2026-03-04,MK-C-028,กรุงเทพฯ,735,11349
2026-03-04,MK-C-028,ภาคกลาง,513,10181
2026-03-04,MK-C-028,ภาคตะวันออก,382,6260
2026-03-04,MK-C-028,ภาคเหนือ,369,5831
2026-03-04,MK-C-028,ภาคใต้,495,8142
2026-03-04,SY-D-039,กรุงเทพฯ,458,7203
2026-03-04,SY-D-039,ภาคกลาง,345,6029
2026-03-04,SY-D-039,ภาคตะวันออก,260,5207
2026-03-04,SY-D-039,ภาคเหนือ,257,3845
2026-03-04,SY-D-039,ภาคใต้,294,5225
2026-03-04,AG-E-052,กรุงเทพฯ,139,2220
2026-03-04,AG-E-052,ภาคกลาง,100,1751
2026-03-04,AG-E-052,ภาคตะวันออก,83,1534
2026-03-04,AG-E-052,ภาคเหนือ,76,1339
2026-03-04,AG-E-052,ภาคใต้,94,1458
2026-03-05,TK-A-001,กรุงเทพฯ,166,3425
2026-03-05,TK-A-001,ภาคกลาง,132,2819
2026-03-05,TK-A-001,ภาคตะวันออก,119,1664
2026-03-05,TK-A-001,ภาคเหนือ,97,1894
2026-03-05,TK-A-001,ภาคใต้,125,2249
2026-03-05,GL-B-014,กรุงเทพฯ,939,17390
2026-03-05,GL-B-014,ภาคกลาง,799,15171
2026-03-05,GL-B-014,ภาคตะวันออก,504,10158
2026-03-05,GL-B-014,ภาคเหนือ,509,9257
2026-03-05,GL-B-014,ภาคใต้,580,11217
2026-03-05,MK-C-028,กรุงเทพฯ,678,12613
2026-03-05,MK-C-028,ภาคกลาง,573,11065
2026-03-05,MK-C-028,ภาคตะวันออก,422,7371
2026-03-05,MK-C-028,ภาคเหนือ,393,7418
2026-03-05,MK-C-028,ภาคใต้,460,9068
2026-03-05,SY-D-039,กรุงเทพฯ,476,9141
2026-03-05,SY-D-039,ภาคกลาง,378,6189
2026-03-05,SY-D-039,ภาคตะวันออก,251,4239
2026-03-05,SY-D-039,ภาคเหนือ,243,4478
2026-03-05,SY-D-039,ภาคใต้,274,5723
2026-03-05,AG-E-052,กรุงเทพฯ,135,2601
2026-03-05,AG-E-052,ภาคกลาง,104,2232
2026-03-05,AG-E-052,ภาคตะวันออก,85,1667
2026-03-05,AG-E-052,ภาคเหนือ,73,1296
2026-03-05,AG-E-052,ภาคใต้,95,1618
2026-03-06,TK-A-001,กรุงเทพฯ,163,2799
2026-03-06,TK-A-001,ภาคกลาง,152,2632
2026-03-06,TK-A-001,ภาคตะวันออก,102,1869
2026-03-06,TK-A-001,ภาคเหนือ,95,1891
2026-03-06,TK-A-001,ภาคใต้,130,2417
2026-03-06,GL-B-014,กรุงเทพฯ,856,15375
2026-03-06,GL-B-014,ภาคกลาง,755,12754
2026-03-06,GL-B-014,ภาคตะวันออก,577,9457
2026-03-06,GL-B-014,ภาคเหนือ,491,7979
2026-03-06,GL-B-014,ภาคใต้,571,12541
2026-03-06,MK-C-028,กรุงเทพฯ,618,13597
2026-03-06,MK-C-028,ภาคกลาง,487,10846
2026-03-06,MK-C-028,ภาคตะวันออก,390,6659
2026-03-06,MK-C-028,ภาคเหนือ,387,5604
2026-03-06,MK-C-028,ภาคใต้,406,8781
2026-03-06,SY-D-039,กรุงเทพฯ,483,8001
2026-03-06,SY-D-039,ภาคกลาง,337,6534
2026-03-06,SY-D-039,ภาคตะวันออก,278,5538
2026-03-06,SY-D-039,ภาคเหนือ,253,3788
2026-03-06,SY-D-039,ภาคใต้,313,5244
2026-03-06,AG-E-052,กรุงเทพฯ,125,2106
2026-03-06,AG-E-052,ภาคกลาง,107,1660
2026-03-06,AG-E-052,ภาคตะวันออก,87,1544
2026-03-06,AG-E-052,ภาคเหนือ,73,1446
2026-03-06,AG-E-052,ภาคใต้,94,1427
2026-03-07,TK-A-001,กรุงเทพฯ,192,3282
2026-03-07,TK-A-001,ภาคกลาง,143,2959
2026-03-07,TK-A-001,ภาคตะวันออก,106,2219
2026-03-07,TK-A-001,ภาคเหนือ,94,1707
2026-03-07,TK-A-001,ภาคใต้,122,2271
2026-03-07,GL-B-014,กรุงเทพฯ,915,18407
2026-03-07,GL-B-014,ภาคกลาง,771,13673
2026-03-07,GL-B-014,ภาคตะวันออก,594,11091
2026-03-07,GL-B-014,ภาคเหนือ,499,9921
2026-03-07,GL-B-014,ภาคใต้,669,9777
2026-03-07,MK-C-028,กรุงเทพฯ,616,10922
2026-03-07,MK-C-028,ภาคกลาง,514,10235
2026-03-07,MK-C-028,ภาคตะวันออก,400,7007
2026-03-07,MK-C-028,ภาคเหนือ,373,5720
2026-03-07,MK-C-028,ภาคใต้,488,7791
2026-03-07,SY-D-039,กรุงเทพฯ,412,7175
2026-03-07,SY-D-039,ภาคกลาง,393,6227
2026-03-07,SY-D-039,ภาคตะวันออก,288,5314
2026-03-07,SY-D-039,ภาคเหนือ,222,4095
2026-03-07,SY-D-039,ภาคใต้,294,5393
2026-03-07,AG-E-052,กรุงเทพฯ,139,2111
2026-03-07,AG-E-052,ภาคกลาง,99,2199
2026-03-07,AG-E-052,ภาคตะวันออก,87,1606
2026-03-07,AG-E-052,ภาคเหนือ,72,1478
2026-03-07,AG-E-052,ภาคใต้,97,1609
2026-03-08,TK-A-001,กรุงเทพฯ,189,3402
2026-03-08,TK-A-001,ภาคกลาง,140,2516
2026-03-08,TK-A-001,ภาคตะวันออก,113,1976
2026-03-08,TK-A-001,ภาคเหนือ,93,1531
2026-03-08,TK-A-001,ภาคใต้,109,2178
2026-03-08,GL-B-014,กรุงเทพฯ,1013,14250
2026-03-08,GL-B-014,ภาคกลาง,674,13185
2026-03-08,GL-B-014,ภาคตะวันออก,580,9895
2026-03-08,GL-B-014,ภาคเหนือ,478,9280
2026-03-08,GL-B-014,ภาคใต้,676,11946
2026-03-08,MK-C-028,กรุงเทพฯ,732,12710
2026-03-08,MK-C-028,ภาคกลาง,518,8685
2026-03-08,MK-C-028,ภาคตะวันออก,400,6648
2026-03-08,MK-C-028,ภาคเหนือ,375,5943
2026-03-08,MK-C-028,ภาคใต้,420,9150
2026-03-08,SY-D-039,กรุงเทพฯ,429,7349
2026-03-08,SY-D-039,ภาคกลาง,328,6396
2026-03-08,SY-D-039,ภาคตะวันออก,280,5420
2026-03-08,SY-D-039,ภาคเหนือ,260,3756
2026-03-08,SY-D-039,ภาคใต้,326,5862
2026-03-08,AG-E-052,กรุงเทพฯ,128,2594
2026-03-08,AG-E-052,ภาคกลาง,111,2217
2026-03-08,AG-E-052,ภาคตะวันออก,80,1423
2026-03-08,AG-E-052,ภาคเหนือ,69,1120
2026-03-08,AG-E-052,ภาคใต้,95,1851
2026-03-09,TK-A-001,กรุงเทพฯ,194,3180
2026-03-09,TK-A-001,ภาคกลาง,145,2861
2026-03-09,TK-A-001,ภาคตะวันออก,105,1969
2026-03-09,TK-A-001,ภาคเหนือ,87,1768
2026-03-09,TK-A-001,ภาคใต้,118,2254
2026-03-09,GL-B-014,กรุงเทพฯ,866,18542
2026-03-09,GL-B-014,ภาคกลาง,683,13905
2026-03-09,GL-B-014,ภาคตะวันออก,530,9790
2026-03-09,GL-B-014,ภาคเหนือ,495,9800
2026-03-09,GL-B-014,ภาคใต้,565,10012
2026-03-09,MK-C-028,กรุงเทพฯ,682,12482
2026-03-09,MK-C-028,ภาคกลาง,552,9150
2026-03-09,MK-C-028,ภาคตะวันออก,431,7088
2026-03-09,MK-C-028,ภาคเหนือ,372,6373
2026-03-09,MK-C-028,ภาคใต้,489,8396
2026-03-09,SY-D-039,กรุงเทพฯ,467,8622
2026-03-09,SY-D-039,ภาคกลาง,337,5759
2026-03-09,SY-D-039,ภาคตะวันออก,281,4955
2026-03-09,SY-D-039,ภาคเหนือ,226,4428
2026-03-09,SY-D-039,ภาคใต้,303,5911
2026-03-09,AG-E-052,กรุงเทพฯ,145,2772
2026-03-09,AG-E-052,ภาคกลาง,102,2204
2026-03-09,AG-E-052,ภาคตะวันออก,87,1503
2026-03-09,AG-E-052,ภาคเหนือ,70,1424
2026-03-09,AG-E-052,ภาคใต้,88,1813
2026-03-10,TK-A-001,กรุงเทพฯ,173,3106
2026-03-10,TK-A-001,ภาคกลาง,130,2567
2026-03-10,TK-A-001,ภาคตะวันออก,112,2058
2026-03-10,TK-A-001,ภาคเหนือ,105,1685
2026-03-10,TK-A-001,ภาคใต้,116,1841
2026-03-10,GL-B-014,กรุงเทพฯ,1017,18471
2026-03-10,GL-B-014,ภาคกลาง,695,11583
2026-03-10,GL-B-014,ภาคตะวันออก,545,11410
2026-03-10,GL-B-014,ภาคเหนือ,521,9941
2026-03-10,GL-B-014,ภาคใต้,633,10486
2026-03-10,MK-C-028,กรุงเทพฯ,721,12211
2026-03-10,MK-C-028,ภาคกลาง,568,8320
2026-03-10,MK-C-028,ภาคตะวันออก,401,7224
2026-03-10,MK-C-028,ภาคเหนือ,338,5770
2026-03-10,MK-C-028,ภาคใต้,416,7642
2026-03-10,SY-D-039,กรุงเทพฯ,434,7416
2026-03-10,SY-D-039,ภาคกลาง,373,7042
2026-03-10,SY-D-039,ภาคตะวันออก,278,4201
2026-03-10,SY-D-039,ภาคเหนือ,224,3874
2026-03-10,SY-D-039,ภาคใต้,293,4664
2026-03-10,AG-E-052,กรุงเทพฯ,135,2558
2026-03-10,AG-E-052,ภาคกลาง,111,1994
2026-03-10,AG-E-052,ภาคตะวันออก,89,1462
2026-03-10,AG-E-052,ภาคเหนือ,69,1300
2026-03-10,AG-E-052,ภาคใต้,97,1588
2026-03-11,TK-A-001,กรุงเทพฯ,195,3164
2026-03-11,TK-A-001,ภาคกลาง,155,2283
2026-03-11,TK-A-001,ภาคตะวันออก,107,1985
2026-03-11,TK-A-001,ภาคเหนือ,94,1875
2026-03-11,TK-A-001,ภาคใต้,121,2125
2026-03-11,GL-B-014,กรุงเทพฯ,986,18266
2026-03-11,GL-B-014,ภาคกลาง,736,12862
2026-03-11,GL-B-014,ภาคตะวันออก,515,8907
2026-03-11,GL-B-014,ภาคเหนือ,480,9376
2026-03-11,GL-B-014,ภาคใต้,658,12074
2026-03-11,MK-C-028,กรุงเทพฯ,627,11400
2026-03-11,MK-C-028,ภาคกลาง,556,8522
2026-03-11,MK-C-028,ภาคตะวันออก,387,8205
2026-03-11,MK-C-028,ภาคเหนือ,360,7347
2026-03-11,MK-C-028,ภาคใต้,493,8960
2026-03-11,SY-D-039,กรุงเทพฯ,432,7992
2026-03-11,SY-D-039,ภาคกลาง,326,6266
2026-03-11,SY-D-039,ภาคตะวันออก,287,5332
2026-03-11,SY-D-039,ภาคเหนือ,225,4125
2026-03-11,SY-D-039,ภาคใต้,326,5112
2026-03-11,AG-E-052,กรุงเทพฯ,135,2768
2026-03-11,AG-E-052,ภาคกลาง,106,1989
2026-03-11,AG-E-052,ภาคตะวันออก,77,1403
2026-03-11,AG-E-052,ภาคเหนือ,71,1346
2026-03-11,AG-E-052,ภาคใต้,89,1554
2026-03-12,TK-A-001,กรุงเทพฯ,182,3203
2026-03-12,TK-A-001,ภาคกลาง,132,2295
2026-03-12,TK-A-001,ภาคตะวันออก,111,2219
2026-03-12,TK-A-001,ภาคเหนือ,90,1531
2026-03-12,TK-A-001,ภาคใต้,127,2191
2026-03-12,GL-B-014,กรุงเทพฯ,978,16678
2026-03-12,GL-B-014,ภาคกลาง,807,14387
2026-03-12,GL-B-014,ภาคตะวันออก,537,9573
2026-03-12,GL-B-014,ภาคเหนือ,533,9621
2026-03-12,GL-B-014,ภาคใต้,673,9616
2026-03-12,MK-C-028,กรุงเทพฯ,657,12489
2026-03-12,MK-C-028,ภาคกลาง,553,9177
2026-03-12,MK-C-028,ภาคตะวันออก,406,6697
2026-03-12,MK-C-028,ภาคเหนือ,352,6906
2026-03-12,MK-C-028,ภาคใต้,432,7241
2026-03-12,SY-D-039,กรุงเทพฯ,481,9021
2026-03-12,SY-D-039,ภาคกลาง,359,7382
2026-03-12,SY-D-039,ภาคตะวันออก,284,4750
2026-03-12,SY-D-039,ภาคเหนือ,247,3830
2026-03-12,SY-D-039,ภาคใต้,309,5676
2026-03-12,AG-E-052,กรุงเทพฯ,135,2667
2026-03-12,AG-E-052,ภาคกลาง,103,1869
2026-03-12,AG-E-052,ภาคตะวันออก,84,1542
2026-03-12,AG-E-052,ภาคเหนือ,74,1151
2026-03-12,AG-E-052,ภาคใต้,90,1773
2026-03-13,TK-A-001,กรุงเทพฯ,176,3019
2026-03-13,TK-A-001,ภาคกลาง,140,2348
2026-03-13,TK-A-001,ภาคตะวันออก,108,1844
2026-03-13,TK-A-001,ภาคเหนือ,94,1824
2026-03-13,TK-A-001,ภาคใต้,129,2055
2026-03-13,GL-B-014,กรุงเทพฯ,904,14730
2026-03-13,GL-B-014,ภาคกลาง,812,14031
2026-03-13,GL-B-014,ภาคตะวันออก,597,11103
2026-03-13,GL-B-014,ภาคเหนือ,503,7791
2026-03-13,GL-B-014,ภาคใต้,605,10884
2026-03-13,MK-C-028,กรุงเทพฯ,616,11251
2026-03-13,MK-C-028,ภาคกลาง,593,10067
2026-03-13,MK-C-028,ภาคตะวันออก,389,8198
2026-03-13,MK-C-028,ภาคเหนือ,351,5989
2026-03-13,MK-C-028,ภาคใต้,449,7575
2026-03-13,SY-D-039,กรุงเทพฯ,418,8653
2026-03-13,SY-D-039,ภาคกลาง,328,6747
2026-03-13,SY-D-039,ภาคตะวันออก,245,5250
2026-03-13,SY-D-039,ภาคเหนือ,253,3730
2026-03-13,SY-D-039,ภาคใต้,326,4918
2026-03-13,AG-E-052,กรุงเทพฯ,148,2516
2026-03-13,AG-E-052,ภาคกลาง,99,1936
2026-03-13,AG-E-052,ภาคตะวันออก,84,1612
2026-03-13,AG-E-052,ภาคเหนือ,79,1305
2026-03-13,AG-E-052,ภาคใต้,92,1807
2026-03-14,TK-A-001,กรุงเทพฯ,192,3546
2026-03-14,TK-A-001,ภาคกลาง,152,2790
2026-03-14,TK-A-001,ภาคตะวันออก,101,1710
2026-03-14,TK-A-001,ภาคเหนือ,87,1980
2026-03-14,TK-A-001,ภาคใต้,124,2453
2026-03-14,GL-B-014,กรุงเทพฯ,971,14566
2026-03-14,GL-B-014,ภาคกลาง,756,11619
2026-03-14,GL-B-014,ภาคตะวันออก,523,10572
2026-03-14,GL-B-014,ภาคเหนือ,529,7808
2026-03-14,GL-B-014,ภาคใต้,559,11823
2026-03-14,MK-C-028,กรุงเทพฯ,697,11647
2026-03-14,MK-C-028,ภาคกลาง,507,9433
2026-03-14,MK-C-028,ภาคตะวันออก,430,8125
2026-03-14,MK-C-028,ภาคเหนือ,360,6105
2026-03-14,MK-C-028,ภาคใต้,440,7385
2026-03-14,SY-D-039,กรุงเทพฯ,478,8386
2026-03-14,SY-D-039,ภาคกลาง,352,6181
2026-03-14,SY-D-039,ภาคตะวันออก,252,4516
2026-03-14,SY-D-039,ภาคเหนือ,250,4656
2026-03-14,SY-D-039,ภาคใต้,323,6048
2026-03-14,AG-E-052,กรุงเทพฯ,125,2737
2026-03-14,AG-E-052,ภาคกลาง,115,1902
2026-03-14,AG-E-052,ภาคตะวันออก,83,1327
2026-03-14,AG-E-052,ภาคเหนือ,77,1443
2026-03-14,AG-E-052,ภาคใต้,92,1840
2026-03-15,TK-A-001,กรุงเทพฯ,193,3464
2026-03-15,TK-A-001,ภาคกลาง,151,2261
2026-03-15,TK-A-001,ภาคตะวันออก,103,2226
2026-03-15,TK-A-001,ภาคเหนือ,103,1698
2026-03-15,TK-A-001,ภาคใต้,116,2212
2026-03-15,GL-B-014,กรุงเทพฯ,973,19025
2026-03-15,GL-B-014,ภาคกลาง,789,15390
2026-03-15,GL-B-014,ภาคตะวันออก,600,8914
2026-03-15,GL-B-014,ภาคเหนือ,508,7788
2026-03-15,GL-B-014,ภาคใต้,656,10913
2026-03-15,MK-C-028,กรุงเทพฯ,670,11894
2026-03-15,MK-C-028,ภาคกลาง,514,10741
2026-03-15,MK-C-028,ภาคตะวันออก,421,6245
2026-03-15,MK-C-028,ภาคเหนือ,337,6231
2026-03-15,MK-C-028,ภาคใต้,471,8576
2026-03-15,SY-D-039,กรุงเทพฯ,457,7566
2026-03-15,SY-D-039,ภาคกลาง,395,7036
2026-03-15,SY-D-039,ภาคตะวันออก,244,4975
2026-03-15,SY-D-039,ภาคเหนือ,231,3815
2026-03-15,SY-D-039,ภาคใต้,291,6049
2026-03-15,AG-E-052,กรุงเทพฯ,138,2743
2026-03-15,AG-E-052,ภาคกลาง,114,2034
2026-03-15,AG-E-052,ภาคตะวันออก,73,1544
2026-03-15,AG-E-052,ภาคเหนือ,72,1234
2026-03-15,AG-E-052,ภาคใต้,91,1708
2026-03-16,TK-A-001,กรุงเทพฯ,173,3000
2026-03-16,TK-A-001,ภาคกลาง,150,2824
2026-03-16,TK-A-001,ภาคตะวันออก,105,1658
2026-03-16,TK-A-001,ภาคเหนือ,103,1577
2026-03-16,TK-A-001,ภาคใต้,118,2238
2026-03-16,GL-B-014,กรุงเทพฯ,928,16871
2026-03-16,GL-B-014,ภาคกลาง,734,11562
2026-03-16,GL-B-014,ภาคตะวันออก,509,10682
2026-03-16,GL-B-014,ภาคเหนือ,535,8773
2026-03-16,GL-B-014,ภาคใต้,629,12782
2026-03-16,MK-C-028,กรุงเทพฯ,655,12397
2026-03-16,MK-C-028,ภาคกลาง,528,9177
2026-03-16,MK-C-028,ภาคตะวันออก,402,6229
2026-03-16,MK-C-028,ภาคเหนือ,368,6168
2026-03-16,MK-C-028,ภาคใต้,477,7520
2026-03-16,SY-D-039,กรุงเทพฯ,441,8786
2026-03-16,SY-D-039,ภาคกลาง,382,6909
2026-03-16,SY-D-039,ภาคตะวันออก,289,5129
2026-03-16,SY-D-039,ภาคเหนือ,250,3997
2026-03-16,SY-D-039,ภาคใต้,290,4673
2026-03-16,AG-E-052,กรุงเทพฯ,135,2664
2026-03-16,AG-E-052,ภาคกลาง,106,2074
2026-03-16,AG-E-052,ภาคตะวันออก,76,1371
2026-03-16,AG-E-052,ภาคเหนือ,75,1319
2026-03-16,AG-E-052,ภาคใต้,90,1649
2026-03-17,TK-A-001,กรุงเทพฯ,185,3005
2026-03-17,TK-A-001,ภาคกลาง,153,2462
2026-03-17,TK-A-001,ภาคตะวันออก,100,1885
2026-03-17,TK-A-001,ภาคเหนือ,102,1768
2026-03-17,TK-A-001,ภาคใต้,122,2166
2026-03-17,GL-B-014,กรุงเทพฯ,985,15401
2026-03-17,GL-B-014,ภาคกลาง,754,12513
2026-03-17,GL-B-014,ภาคตะวันออก,548,10460
2026-03-17,GL-B-014,ภาคเหนือ,475,8172
2026-03-17,GL-B-014,ภาคใต้,612,9489
2026-03-17,MK-C-028,กรุงเทพฯ,683,11469
2026-03-17,MK-C-028,ภาคกลาง,586,10243
2026-03-17,MK-C-028,ภาคตะวันออก,410,7490
2026-03-17,MK-C-028,ภาคเหนือ,340,5875
2026-03-17,MK-C-028,ภาคใต้,471,8293
2026-03-17,SY-D-039,กรุงเทพฯ,454,7262
2026-03-17,SY-D-039,ภาคกลาง,351,5586
2026-03-17,SY-D-039,ภาคตะวันออก,271,5099
2026-03-17,SY-D-039,ภาคเหนือ,256,4383
2026-03-17,SY-D-039,ภาคใต้,277,5735
2026-03-17,AG-E-052,กรุงเทพฯ,138,2602
2026-03-17,AG-E-052,ภาคกลาง,115,2050
2026-03-17,AG-E-052,ภาคตะวันออก,82,1363
2026-03-17,AG-E-052,ภาคเหนือ,79,1157
2026-03-17,AG-E-052,ภาคใต้,95,1854
2026-03-18,TK-A-001,กรุงเทพฯ,182,3014
2026-03-18,TK-A-001,ภาคกลาง,147,2564
2026-03-18,TK-A-001,ภาคตะวันออก,100,2076
2026-03-18,TK-A-001,ภาคเหนือ,102,1672
2026-03-18,TK-A-001,ภาคใต้,117,2431
2026-03-18,GL-B-014,กรุงเทพฯ,979,15393
2026-03-18,GL-B-014,ภาคกลาง,731,14513
2026-03-18,GL-B-014,ภาคตะวันออก,597,11218
2026-03-18,GL-B-014,ภาคเหนือ,469,9211
2026-03-18,GL-B-014,ภาคใต้,563,12283
2026-03-18,MK-C-028,กรุงเทพฯ,696,12524
2026-03-18,MK-C-028,ภาคกลาง,508,9742
2026-03-18,MK-C-028,ภาคตะวันออก,417,6432
2026-03-18,MK-C-028,ภาคเหนือ,380,5691
2026-03-18,MK-C-028,ภาคใต้,484,8586
2026-03-18,SY-D-039,กรุงเทพฯ,434,6918
2026-03-18,SY-D-039,ภาคกลาง,394,6742
2026-03-18,SY-D-039,ภาคตะวันออก,295,5113
2026-03-18,SY-D-039,ภาคเหนือ,256,4087
2026-03-18,SY-D-039,ภาคใต้,317,5138
2026-03-18,AG-E-052,กรุงเทพฯ,145,2634
2026-03-18,AG-E-052,ภาคกลาง,109,1754
2026-03-18,AG-E-052,ภาคตะวันออก,75,1376
2026-03-18,AG-E-052,ภาคเหนือ,71,1420
2026-03-18,AG-E-052,ภาคใต้,91,1757
2026-03-19,TK-A-001,กรุงเทพฯ,191,2785
2026-03-19,TK-A-001,ภาคกลาง,156,2426
2026-03-19,TK-A-001,ภาคตะวันออก,110,1805
2026-03-19,TK-A-001,ภาคเหนือ,94,1517
2026-03-19,TK-A-001,ภาคใต้,126,1984
2026-03-19,GL-B-014,กรุงเทพฯ,886,14747
2026-03-19,GL-B-014,ภาคกลาง,690,14608
2026-03-19,GL-B-014,ภาคตะวันออก,560,9336
2026-03-19,GL-B-014,ภาคเหนือ,519,9782
2026-03-19,GL-B-014,ภาคใต้,659,11666
2026-03-19,MK-C-028,กรุงเทพฯ,723,12491
2026-03-19,MK-C-028,ภาคกลาง,515,8691
2026-03-19,MK-C-028,ภาคตะวันออก,432,6790
2026-03-19,MK-C-028,ภาคเหนือ,348,7374
2026-03-19,MK-C-028,ภาคใต้,480,7608
2026-03-19,SY-D-039,กรุงเทพฯ,491,7847
2026-03-19,SY-D-039,ภาคกลาง,373,6701
2026-03-19,SY-D-039,ภาคตะวันออก,274,5024
2026-03-19,SY-D-039,ภาคเหนือ,257,4181
2026-03-19,SY-D-039,ภาคใต้,309,5071
2026-03-19,AG-E-052,กรุงเทพฯ,122,2355
2026-03-19,AG-E-052,ภาคกลาง,115,1929
2026-03-19,AG-E-052,ภาคตะวันออก,85,1367
2026-03-19,AG-E-052,ภาคเหนือ,77,1451
2026-03-19,AG-E-052,ภาคใต้,89,1608
2026-03-20,TK-A-001,กรุงเทพฯ,163,3468
2026-03-20,TK-A-001,ภาคกลาง,134,2420
2026-03-20,TK-A-001,ภาคตะวันออก,109,1924
2026-03-20,TK-A-001,ภาคเหนือ,94,1773
2026-03-20,TK-A-001,ภาคใต้,116,2004
2026-03-20,GL-B-014,กรุงเทพฯ,1001,15444
2026-03-20,GL-B-014,ภาคกลาง,798,12289
2026-03-20,GL-B-014,ภาคตะวันออก,585,10828
2026-03-20,GL-B-014,ภาคเหนือ,481,8283
2026-03-20,GL-B-014,ภาคใต้,643,10300
2026-03-20,MK-C-028,กรุงเทพฯ,649,11986
2026-03-20,MK-C-028,ภาคกลาง,488,9783
2026-03-20,MK-C-028,ภาคตะวันออก,442,6772
2026-03-20,MK-C-028,ภาคเหนือ,395,7216
2026-03-20,MK-C-028,ภาคใต้,461,8969
2026-03-20,SY-D-039,กรุงเทพฯ,425,9136
2026-03-20,SY-D-039,ภาคกลาง,365,6316
2026-03-20,SY-D-039,ภาคตะวันออก,277,4807
2026-03-20,SY-D-039,ภาคเหนือ,222,4011
2026-03-20,SY-D-039,ภาคใต้,328,5227
2026-03-20,AG-E-052,กรุงเทพฯ,123,2121
2026-03-20,AG-E-052,ภาคกลาง,114,1668
2026-03-20,AG-E-052,ภาคตะวันออก,82,1515
2026-03-20,AG-E-052,ภาคเหนือ,73,1239
2026-03-20,AG-E-052,ภาคใต้,84,1735
2026-03-21,TK-A-001,กรุงเทพฯ,186,2864
2026-03-21,TK-A-001,ภาคกลาง,149,2501
2026-03-21,TK-A-001,ภาคตะวันออก,105,2072
2026-03-21,TK-A-001,ภาคเหนือ,99,1597
2026-03-21,TK-A-001,ภาคใต้,128,2102
2026-03-21,GL-B-014,กรุงเทพฯ,885,14408
2026-03-21,GL-B-014,ภาคกลาง,765,12002
2026-03-21,GL-B-014,ภาคตะวันออก,576,9640
2026-03-21,GL-B-014,ภาคเหนือ,541,8057
2026-03-21,GL-B-014,ภาคใต้,644,9951
2026-03-21,MK-C-028,กรุงเทพฯ,659,10909
2026-03-21,MK-C-028,ภาคกลาง,494,10010
2026-03-21,MK-C-028,ภาคตะวันออก,438,7236
2026-03-21,MK-C-028,ภาคเหนือ,337,6566
2026-03-21,MK-C-028,ภาคใต้,434,9269
2026-03-21,SY-D-039,กรุงเทพฯ,413,7805
2026-03-21,SY-D-039,ภาคกลาง,334,6002
2026-03-21,SY-D-039,ภาคตะวันออก,269,5552
2026-03-21,SY-D-039,ภาคเหนือ,241,4083
2026-03-21,SY-D-039,ภาคใต้,302,5455
2026-03-21,AG-E-052,กรุงเทพฯ,140,2205
2026-03-21,AG-E-052,ภาคกลาง,100,2183
2026-03-21,AG-E-052,ภาคตะวันออก,86,1609
2026-03-21,AG-E-052,ภาคเหนือ,74,1135
2026-03-21,AG-E-052,ภาคใต้,91,1567
2026-03-22,TK-A-001,กรุงเทพฯ,178,3513
2026-03-22,TK-A-001,ภาคกลาง,142,2641
2026-03-22,TK-A-001,ภาคตะวันออก,111,1857
2026-03-22,TK-A-001,ภาคเหนือ,87,1919
2026-03-22,TK-A-001,ภาคใต้,128,2150
2026-03-22,GL-B-014,กรุงเทพฯ,942,18897
2026-03-22,GL-B-014,ภาคกลาง,714,12800
2026-03-22,GL-B-014,ภาคตะวันออก,518,11159
2026-03-22,GL-B-014,ภาคเหนือ,526,8126
2026-03-22,GL-B-014,ภาคใต้,572,12298
2026-03-22,MK-C-028,กรุงเทพฯ,732,12355
2026-03-22,MK-C-028,ภาคกลาง,492,11106
2026-03-22,MK-C-028,ภาคตะวันออก,407,7360
2026-03-22,MK-C-028,ภาคเหนือ,351,6272
2026-03-22,MK-C-028,ภาคใต้,416,9086
2026-03-22,SY-D-039,กรุงเทพฯ,462,6984
2026-03-22,SY-D-039,ภาคกลาง,392,7348
2026-03-22,SY-D-039,ภาคตะวันออก,293,4832
2026-03-22,SY-D-039,ภาคเหนือ,243,3903
2026-03-22,SY-D-039,ภาคใต้,275,6112
2026-03-22,AG-E-052,กรุงเทพฯ,134,2460
2026-03-22,AG-E-052,ภาคกลาง,107,1764
2026-03-22,AG-E-052,ภาคตะวันออก,75,1524
2026-03-22,AG-E-052,ภาคเหนือ,73,1148
2026-03-22,AG-E-052,ภาคใต้,84,1431
2026-03-23,TK-A-001,กรุงเทพฯ,187,2772
2026-03-23,TK-A-001,ภาคกลาง,151,2263
2026-03-23,TK-A-001,ภาคตะวันออก,115,2219
2026-03-23,TK-A-001,ภาคเหนือ,97,1746
2026-03-23,TK-A-001,ภาคใต้,120,2411
2026-03-23,GL-B-014,กรุงเทพฯ,959,19155
2026-03-23,GL-B-014,ภาคกลาง,700,11426
2026-03-23,GL-B-014,ภาคตะวันออก,512,9970
2026-03-23,GL-B-014,ภาคเหนือ,519,10257
2026-03-23,GL-B-014,ภาคใต้,603,10351
2026-03-23,MK-C-028,กรุงเทพฯ,649,13504
2026-03-23,MK-C-028,ภาคกลาง,582,9387
2026-03-23,MK-C-028,ภาคตะวันออก,418,7207
2026-03-23,MK-C-028,ภาคเหนือ,326,5689
2026-03-23,MK-C-028,ภาคใต้,489,7161
2026-03-23,SY-D-039,กรุงเทพฯ,440,8905
2026-03-23,SY-D-039,ภาคกลาง,388,7035
2026-03-23,SY-D-039,ภาคตะวันออก,272,4402
2026-03-23,SY-D-039,ภาคเหนือ,220,4763
2026-03-23,SY-D-039,ภาคใต้,287,4796
2026-03-23,AG-E-052,กรุงเทพฯ,143,2158
2026-03-23,AG-E-052,ภาคกลาง,99,1826
2026-03-23,AG-E-052,ภาคตะวันออก,89,1300
2026-03-23,AG-E-052,ภาคเหนือ,68,1212
2026-03-23,AG-E-052,ภาคใต้,93,1568
2026-03-24,TK-A-001,กรุงเทพฯ,169,2847
2026-03-24,TK-A-001,ภาคกลาง,135,2439
2026-03-24,TK-A-001,ภาคตะวันออก,116,1808
2026-03-24,TK-A-001,ภาคเหนือ,93,1541
2026-03-24,TK-A-001,ภาคใต้,123,2049
2026-03-24,GL-B-014,กรุงเทพฯ,966,18828
2026-03-24,GL-B-014,ภาคกลาง,789,13672
2026-03-24,GL-B-014,ภาคตะวันออก,534,9374
2026-03-24,GL-B-014,ภาคเหนือ,501,8400
2026-03-24,GL-B-014,ภาคใต้,587,11835
2026-03-24,MK-C-028,กรุงเทพฯ,695,10684
2026-03-24,MK-C-028,ภาคกลาง,536,10041
2026-03-24,MK-C-028,ภาคตะวันออก,388,7654
2026-03-24,MK-C-028,ภาคเหนือ,359,5923
2026-03-24,MK-C-028,ภาคใต้,409,7776
2026-03-24,SY-D-039,กรุงเทพฯ,463,7273
2026-03-24,SY-D-039,ภาคกลาง,383,6523
2026-03-24,SY-D-039,ภาคตะวันออก,269,4606
2026-03-24,SY-D-039,ภาคเหนือ,218,3687
2026-03-24,SY-D-039,ภาคใต้,279,5113
2026-03-24,AG-E-052,กรุงเทพฯ,141,2675
2026-03-24,AG-E-052,ภาคกลาง,118,1969
2026-03-24,AG-E-052,ภาคตะวันออก,74,1506
2026-03-24,AG-E-052,ภาคเหนือ,72,1426
2026-03-24,AG-E-052,ภาคใต้,92,1461
2026-03-25,TK-A-001,กรุงเทพฯ,195,2869
2026-03-25,TK-A-001,ภาคกลาง,143,2834
2026-03-25,TK-A-001,ภาคตะวันออก,102,1968
2026-03-25,TK-A-001,ภาคเหนือ,94,1848
2026-03-25,TK-A-001,ภาคใต้,132,2471
2026-03-25,GL-B-014,กรุงเทพฯ,964,18230
2026-03-25,GL-B-014,ภาคกลาง,747,15347
2026-03-25,GL-B-014,ภาคตะวันออก,576,10643
2026-03-25,GL-B-014,ภาคเหนือ,470,8887
2026-03-25,GL-B-014,ภาคใต้,667,9568
2026-03-25,MK-C-028,กรุงเทพฯ,654,13314
2026-03-25,MK-C-028,ภาคกลาง,499,10945
2026-03-25,MK-C-028,ภาคตะวันออก,419,8312
2026-03-25,MK-C-028,ภาคเหนือ,336,6112
2026-03-25,MK-C-028,ภาคใต้,425,9312
2026-03-25,SY-D-039,กรุงเทพฯ,426,9006
2026-03-25,SY-D-039,ภาคกลาง,326,5727
2026-03-25,SY-D-039,ภาคตะวันออก,265,4441
2026-03-25,SY-D-039,ภาคเหนือ,228,4739
2026-03-25,SY-D-039,ภาคใต้,305,6146
2026-03-25,AG-E-052,กรุงเทพฯ,136,2164
2026-03-25,AG-E-052,ภาคกลาง,111,2075
2026-03-25,AG-E-052,ภาคตะวันออก,76,1575
2026-03-25,AG-E-052,ภาคเหนือ,76,1146
2026-03-25,AG-E-052,ภาคใต้,94,1755
2026-03-26,TK-A-001,กรุงเทพฯ,192,3034
2026-03-26,TK-A-001,ภาคกลาง,147,2308
2026-03-26,TK-A-001,ภาคตะวันออก,117,2068
2026-03-26,TK-A-001,ภาคเหนือ,95,1526
2026-03-26,TK-A-001,ภาคใต้,123,1911
2026-03-26,GL-B-014,กรุงเทพฯ,848,16822
2026-03-26,GL-B-014,ภาคกลาง,748,14614
2026-03-26,GL-B-014,ภาคตะวันออก,587,9017
2026-03-26,GL-B-014,ภาคเหนือ,460,9795
2026-03-26,GL-B-014,ภาคใต้,593,9715
2026-03-26,MK-C-028,กรุงเทพฯ,641,12704
2026-03-26,MK-C-028,ภาคกลาง,583,9222
2026-03-26,MK-C-028,ภาคตะวันออก,426,7028
2026-03-26,MK-C-028,ภาคเหนือ,366,6678
2026-03-26,MK-C-028,ภาคใต้,487,8314
2026-03-26,SY-D-039,กรุงเทพฯ,453,8474
2026-03-26,SY-D-039,ภาคกลาง,336,6217
2026-03-26,SY-D-039,ภาคตะวันออก,254,4832
2026-03-26,SY-D-039,ภาคเหนือ,229,3902
2026-03-26,SY-D-039,ภาคใต้,317,5967
2026-03-26,AG-E-052,กรุงเทพฯ,127,2461
2026-03-26,AG-E-052,ภาคกลาง,112,1848
2026-03-26,AG-E-052,ภาคตะวันออก,77,1545
2026-03-26,AG-E-052,ภาคเหนือ,73,1174
2026-03-26,AG-E-052,ภาคใต้,83,1739
2026-03-27,TK-A-001,กรุงเทพฯ,182,3325
2026-03-27,TK-A-001,ภาคกลาง,154,2927
2026-03-27,TK-A-001,ภาคตะวันออก,112,1749
2026-03-27,TK-A-001,ภาคเหนือ,93,1505
2026-03-27,TK-A-001,ภาคใต้,123,2347
2026-03-27,GL-B-014,กรุงเทพฯ,903,15545
2026-03-27,GL-B-014,ภาคกลาง,737,11459
2026-03-27,GL-B-014,ภาคตะวันออก,514,9721
2026-03-27,GL-B-014,ภาคเหนือ,529,9652
2026-03-27,GL-B-014,ภาคใต้,620,9831
2026-03-27,MK-C-028,กรุงเทพฯ,721,10381
2026-03-27,MK-C-028,ภาคกลาง,508,8803
2026-03-27,MK-C-028,ภาคตะวันออก,434,7527
2026-03-27,MK-C-028,ภาคเหนือ,387,6703
2026-03-27,MK-C-028,ภาคใต้,414,8275
2026-03-27,SY-D-039,กรุงเทพฯ,471,8472
2026-03-27,SY-D-039,ภาคกลาง,385,6276
2026-03-27,SY-D-039,ภาคตะวันออก,245,5225
2026-03-27,SY-D-039,ภาคเหนือ,227,3929
2026-03-27,SY-D-039,ภาคใต้,276,4881
2026-03-27,AG-E-052,กรุงเทพฯ,129,2671
2026-03-27,AG-E-052,ภาคกลาง,100,2009
2026-03-27,AG-E-052,ภาคตะวันออก,83,1340
2026-03-27,AG-E-052,ภาคเหนือ,75,1137
2026-03-27,AG-E-052,ภาคใต้,95,1679
2026-03-28,TK-A-001,กรุงเทพฯ,164,2858
2026-03-28,TK-A-001,ภาคกลาง,147,2505
2026-03-28,TK-A-001,ภาคตะวันออก,101,2073
2026-03-28,TK-A-001,ภาคเหนือ,90,1827
2026-03-28,TK-A-001,ภาคใต้,118,2445
2026-03-28,GL-B-014,กรุงเทพฯ,909,14995
2026-03-28,GL-B-014,ภาคกลาง,710,14622
2026-03-28,GL-B-014,ภาคตะวันออก,546,9173
2026-03-28,GL-B-014,ภาคเหนือ,504,9983
2026-03-28,GL-B-014,ภาคใต้,633,12631
2026-03-28,MK-C-028,กรุงเทพฯ,613,10957
2026-03-28,MK-C-028,ภาคกลาง,537,9532
2026-03-28,MK-C-028,ภาคตะวันออก,429,7150
2026-03-28,MK-C-028,ภาคเหนือ,346,5693
2026-03-28,MK-C-028,ภาคใต้,488,8712
2026-03-28,SY-D-039,กรุงเทพฯ,482,7737
2026-03-28,SY-D-039,ภาคกลาง,363,6743
2026-03-28,SY-D-039,ภาคตะวันออก,286,5160
2026-03-28,SY-D-039,ภาคเหนือ,224,4840
2026-03-28,SY-D-039,ภาคใต้,299,4816
2026-03-28,AG-E-052,กรุงเทพฯ,136,2350
2026-03-28,AG-E-052,ภาคกลาง,111,1777
2026-03-28,AG-E-052,ภาคตะวันออก,87,1256
2026-03-28,AG-E-052,ภาคเหนือ,65,1279
2026-03-28,AG-E-052,ภาคใต้,88,1849
2026-03-29,TK-A-001,กรุงเทพฯ,187,3580
2026-03-29,TK-A-001,ภาคกลาง,148,2663
2026-03-29,TK-A-001,ภาคตะวันออก,102,1952
2026-03-29,TK-A-001,ภาคเหนือ,100,1918
2026-03-29,TK-A-001,ภาคใต้,113,2406
2026-03-29,GL-B-014,กรุงเทพฯ,958,15494
2026-03-29,GL-B-014,ภาคกลาง,717,15339
2026-03-29,GL-B-014,ภาคตะวันออก,578,11439
2026-03-29,GL-B-014,ภาคเหนือ,539,9349
2026-03-29,GL-B-014,ภาคใต้,626,11348
2026-03-29,MK-C-028,กรุงเทพฯ,663,12941
2026-03-29,MK-C-028,ภาคกลาง,554,8290
2026-03-29,MK-C-028,ภาคตะวันออก,396,7279
2026-03-29,MK-C-028,ภาคเหนือ,369,6991
2026-03-29,MK-C-028,ภาคใต้,494,7502
2026-03-29,SY-D-039,กรุงเทพฯ,455,7900
2026-03-29,SY-D-039,ภาคกลาง,335,6181
2026-03-29,SY-D-039,ภาคตะวันออก,281,4209
2026-03-29,SY-D-039,ภาคเหนือ,240,3900
2026-03-29,SY-D-039,ภาคใต้,311,5174
2026-03-29,AG-E-052,กรุงเทพฯ,127,2284
2026-03-29,AG-E-052,ภาคกลาง,111,1677
2026-03-29,AG-E-052,ภาคตะวันออก,89,1348
2026-03-29,AG-E-052,ภาคเหนือ,70,1176
2026-03-29,AG-E-052,ภาคใต้,86,1807
2026-03-30,TK-A-001,กรุงเทพฯ,166,3332
2026-03-30,TK-A-001,ภาคกลาง,151,2505
2026-03-30,TK-A-001,ภาคตะวันออก,111,1751
2026-03-30,TK-A-001,ภาคเหนือ,94,1567
2026-03-30,TK-A-001,ภาคใต้,119,2464
2026-03-30,GL-B-014,กรุงเทพฯ,864,16408
2026-03-30,GL-B-014,ภาคกลาง,706,13403
2026-03-30,GL-B-014,ภาคตะวันออก,542,10939
2026-03-30,GL-B-014,ภาคเหนือ,497,8283
2026-03-30,GL-B-014,ภาคใต้,598,11963
2026-03-30,MK-C-028,กรุงเทพฯ,652,12892
2026-03-30,MK-C-028,ภาคกลาง,531,9791
2026-03-30,MK-C-028,ภาคตะวันออก,403,6529
2026-03-30,MK-C-028,ภาคเหนือ,337,6618
2026-03-30,MK-C-028,ภาคใต้,460,7493
2026-03-30,SY-D-039,กรุงเทพฯ,480,9273
2026-03-30,SY-D-039,ภาคกลาง,326,5518
2026-03-30,SY-D-039,ภาคตะวันออก,258,4596
2026-03-30,SY-D-039,ภาคเหนือ,225,4408
2026-03-30,SY-D-039,ภาคใต้,309,6119
2026-03-30,AG-E-052,กรุงเทพฯ,127,2232
2026-03-30,AG-E-052,ภาคกลาง,115,1959
2026-03-30,AG-E-052,ภาคตะวันออก,86,1379
2026-03-30,AG-E-052,ภาคเหนือ,71,1305
2026-03-30,AG-E-052,ภาคใต้,93,1855
2026-03-31,TK-A-001,กรุงเทพฯ,188,3458
2026-03-31,TK-A-001,ภาคกลาง,153,2211
2026-03-31,TK-A-001,ภาคตะวันออก,103,1755
2026-03-31,TK-A-001,ภาคเหนือ,101,1567
2026-03-31,TK-A-001,ภาคใต้,126,1891
2026-03-31,GL-B-014,กรุงเทพฯ,945,18744
2026-03-31,GL-B-014,ภาคกลาง,734,13394
2026-03-31,GL-B-014,ภาคตะวันออก,600,11101
2026-03-31,GL-B-014,ภาคเหนือ,523,9950
2026-03-31,GL-B-014,ภาคใต้,624,10272
2026-03-31,MK-C-028,กรุงเทพฯ,675,13450
2026-03-31,MK-C-028,ภาคกลาง,549,10263
2026-03-31,MK-C-028,ภาคตะวันออก,434,7869
2026-03-31,MK-C-028,ภาคเหนือ,376,7045
2026-03-31,MK-C-028,ภาคใต้,442,8834
2026-03-31,SY-D-039,กรุงเทพฯ,420,7080
2026-03-31,SY-D-039,ภาคกลาง,376,7165
2026-03-31,SY-D-039,ภาคตะวันออก,295,5181
2026-03-31,SY-D-039,ภาคเหนือ,239,4103
2026-03-31,SY-D-039,ภาคใต้,323,5144
2026-03-31,AG-E-052,กรุงเทพฯ,124,2522
2026-03-31,AG-E-052,ภาคกลาง,109,2075
2026-03-31,AG-E-052,ภาคตะวันออก,83,1650
2026-03-31,AG-E-052,ภาคเหนือ,74,1209
2026-03-31,AG-E-052,ภาคใต้,81,1693
2026-04-01,TK-A-001,กรุงเทพฯ,183,3265
2026-04-01,TK-A-001,ภาคกลาง,144,2577
2026-04-01,TK-A-001,ภาคตะวันออก,102,1692
2026-04-01,TK-A-001,ภาคเหนือ,98,1514
2026-04-01,TK-A-001,ภาคใต้,122,2268
2026-04-01,GL-B-014,กรุงเทพฯ,1004,18545
2026-04-01,GL-B-014,ภาคกลาง,734,13321
2026-04-01,GL-B-014,ภาคตะวันออก,547,8682
2026-04-01,GL-B-014,ภาคเหนือ,471,9213
2026-04-01,GL-B-014,ภาคใต้,679,11227
2026-04-01,MK-C-028,กรุงเทพฯ,628,11685
2026-04-01,MK-C-028,ภาคกลาง,593,10400
2026-04-01,MK-C-028,ภาคตะวันออก,365,6502
2026-04-01,MK-C-028,ภาคเหนือ,377,6975
2026-04-01,MK-C-028,ภาคใต้,457,8103
2026-04-01,SY-D-039,กรุงเทพฯ,482,7855
2026-04-01,SY-D-039,ภาคกลาง,385,5751
2026-04-01,SY-D-039,ภาคตะวันออก,270,5329
2026-04-01,SY-D-039,ภาคเหนือ,247,4549
2026-04-01,SY-D-039,ภาคใต้,270,4805
2026-04-01,AG-E-052,กรุงเทพฯ,127,2449
2026-04-01,AG-E-052,ภาคกลาง,105,2164
2026-04-01,AG-E-052,ภาคตะวันออก,77,1327
2026-04-01,AG-E-052,ภาคเหนือ,76,1273
2026-04-01,AG-E-052,ภาคใต้,95,1749
2026-04-02,TK-A-001,กรุงเทพฯ,196,3456
2026-04-02,TK-A-001,ภาคกลาง,152,2688
2026-04-02,TK-A-001,ภาคตะวันออก,117,2030
2026-04-02,TK-A-001,ภาคเหนือ,96,1670
2026-04-02,TK-A-001,ภาคใต้,129,2065
2026-04-02,GL-B-014,กรุงเทพฯ,932,18379
2026-04-02,GL-B-014,ภาคกลาง,684,11830
2026-04-02,GL-B-014,ภาคตะวันออก,561,8673
2026-04-02,GL-B-014,ภาคเหนือ,503,8492
2026-04-02,GL-B-014,ภาคใต้,589,10806
2026-04-02,MK-C-028,กรุงเทพฯ,661,11224
2026-04-02,MK-C-028,ภาคกลาง,537,10527
2026-04-02,MK-C-028,ภาคตะวันออก,372,8363
2026-04-02,MK-C-028,ภาคเหนือ,382,6132
2026-04-02,MK-C-028,ภาคใต้,410,7764
2026-04-02,SY-D-039,กรุงเทพฯ,431,8403
2026-04-02,SY-D-039,ภาคกลาง,390,6234
2026-04-02,SY-D-039,ภาคตะวันออก,291,4155
2026-04-02,SY-D-039,ภาคเหนือ,250,4080
2026-04-02,SY-D-039,ภาคใต้,314,5469
2026-04-02,AG-E-052,กรุงเทพฯ,145,2136
2026-04-02,AG-E-052,ภาคกลาง,109,2019
2026-04-02,AG-E-052,ภาคตะวันออก,82,1663
2026-04-02,AG-E-052,ภาคเหนือ,71,1345
2026-04-02,AG-E-052,ภาคใต้,82,1834
2026-04-03,TK-A-001,กรุงเทพฯ,173,3415
2026-04-03,TK-A-001,ภาคกลาง,150,2571
2026-04-03,TK-A-001,ภาคตะวันออก,106,2033
2026-04-03,TK-A-001,ภาคเหนือ,87,1617
2026-04-03,TK-A-001,ภาคใต้,124,1844
2026-04-03,GL-B-014,กรุงเทพฯ,880,15968
2026-04-03,GL-B-014,ภาคกลาง,696,15153
2026-04-03,GL-B-014,ภาคตะวันออก,570,9630
2026-04-03,GL-B-014,ภาคเหนือ,488,7721
2026-04-03,GL-B-014,ภาคใต้,663,10766
2026-04-03,MK-C-028,กรุงเทพฯ,690,12150
2026-04-03,MK-C-028,ภาคกลาง,527,9133
2026-04-03,MK-C-028,ภาคตะวันออก,382,6995
2026-04-03,MK-C-028,ภาคเหนือ,338,6205
2026-04-03,MK-C-028,ภาคใต้,409,8188
2026-04-03,SY-D-039,กรุงเทพฯ,465,9303
2026-04-03,SY-D-039,ภาคกลาง,325,6622
2026-04-03,SY-D-039,ภาคตะวันออก,262,4951
2026-04-03,SY-D-039,ภาคเหนือ,225,3953
2026-04-03,SY-D-039,ภาคใต้,325,5895
2026-04-03,AG-E-052,กรุงเทพฯ,144,2445
2026-04-03,AG-E-052,ภาคกลาง,107,1729
2026-04-03,AG-E-052,ภาคตะวันออก,81,1584
2026-04-03,AG-E-052,ภาคเหนือ,65,1114
2026-04-03,AG-E-052,ภาคใต้,86,1765
2026-04-04,TK-A-001,กรุงเทพฯ,170,2950
2026-04-04,TK-A-001,ภาคกลาง,133,2971
2026-04-04,TK-A-001,ภาคตะวันออก,114,1785
2026-04-04,TK-A-001,ภาคเหนือ,94,1763
2026-04-04,TK-A-001,ภาคใต้,127,2399
2026-04-04,GL-B-014,กรุงเทพฯ,919,18110
2026-04-04,GL-B-014,ภาคกลาง,703,12666
2026-04-04,GL-B-014,ภาคตะวันออก,549,10608
2026-04-04,GL-B-014,ภาคเหนือ,477,10184
2026-04-04,GL-B-014,ภาคใต้,577,10696
2026-04-04,MK-C-028,กรุงเทพฯ,651,12301
2026-04-04,MK-C-028,ภาคกลาง,554,8744
2026-04-04,MK-C-028,ภาคตะวันออก,435,7640
2026-04-04,MK-C-028,ภาคเหนือ,387,6648
2026-04-04,MK-C-028,ภาคใต้,448,7306
2026-04-04,SY-D-039,กรุงเทพฯ,424,9121
2026-04-04,SY-D-039,ภาคกลาง,348,7116
2026-04-04,SY-D-039,ภาคตะวันออก,264,4950
2026-04-04,SY-D-039,ภาคเหนือ,227,3803
2026-04-04,SY-D-039,ภาคใต้,297,5966
2026-04-04,AG-E-052,กรุงเทพฯ,129,2280
2026-04-04,AG-E-052,ภาคกลาง,105,2038
2026-04-04,AG-E-052,ภาคตะวันออก,88,1320
2026-04-04,AG-E-052,ภาคเหนือ,72,1186
2026-04-04,AG-E-052,ภาคใต้,81,1789
2026-04-05,TK-A-001,กรุงเทพฯ,190,3536
2026-04-05,TK-A-001,ภาคกลาง,144,2546
2026-04-05,TK-A-001,ภาคตะวันออก,114,1856
2026-04-05,TK-A-001,ภาคเหนือ,98,1507
2026-04-05,TK-A-001,ภาคใต้,124,1882
2026-04-05,GL-B-014,กรุงเทพฯ,926,14415
2026-04-05,GL-B-014,ภาคกลาง,802,13980
2026-04-05,GL-B-014,ภาคตะวันออก,513,8586
2026-04-05,GL-B-014,ภาคเหนือ,517,9211
2026-04-05,GL-B-014,ภาคใต้,637,9805
2026-04-05,MK-C-028,กรุงเทพฯ,610,13609
2026-04-05,MK-C-028,ภาคกลาง,545,10094
2026-04-05,MK-C-028,ภาคตะวันออก,382,8061
2026-04-05,MK-C-028,ภาคเหนือ,334,6122
2026-04-05,MK-C-028,ภาคใต้,417,9159
2026-04-05,SY-D-039,กรุงเทพฯ,444,7020
2026-04-05,SY-D-039,ภาคกลาง,370,5692
2026-04-05,SY-D-039,ภาคตะวันออก,272,4722
2026-04-05,SY-D-039,ภาคเหนือ,240,4388
2026-04-05,SY-D-039,ภาคใต้,322,5760
2026-04-05,AG-E-052,กรุงเทพฯ,143,2291
2026-04-05,AG-E-052,ภาคกลาง,115,1841
2026-04-05,AG-E-052,ภาคตะวันออก,87,1584
2026-04-05,AG-E-052,ภาคเหนือ,65,1191
2026-04-05,AG-E-052,ภาคใต้,90,1537
2026-04-06,TK-A-001,กรุงเทพฯ,187,3080
2026-04-06,TK-A-001,ภาคกลาง,135,2583
2026-04-06,TK-A-001,ภาคตะวันออก,109,1694
2026-04-06,TK-A-001,ภาคเหนือ,105,1640
2026-04-06,TK-A-001,ภาคใต้,123,2412
2026-04-06,GL-B-014,กรุงเทพฯ,842,15195
2026-04-06,GL-B-014,ภาคกลาง,681,12017
2026-04-06,GL-B-014,ภาคตะวันออก,558,10368
2026-04-06,GL-B-014,ภาคเหนือ,469,8355
2026-04-06,GL-B-014,ภาคใต้,588,10594
2026-04-06,MK-C-028,กรุงเทพฯ,716,10889
2026-04-06,MK-C-028,ภาคกลาง,579,10292
2026-04-06,MK-C-028,ภาคตะวันออก,417,6601
2026-04-06,MK-C-028,ภาคเหนือ,364,6937
2026-04-06,MK-C-028,ภาคใต้,414,8417
2026-04-06,SY-D-039,กรุงเทพฯ,439,8769
2026-04-06,SY-D-039,ภาคกลาง,388,7262
2026-04-06,SY-D-039,ภาคตะวันออก,268,4801
2026-04-06,SY-D-039,ภาคเหนือ,225,3704
2026-04-06,SY-D-039,ภาคใต้,293,5239
2026-04-06,AG-E-052,กรุงเทพฯ,130,2456
2026-04-06,AG-E-052,ภาคกลาง,115,2186
2026-04-06,AG-E-052,ภาคตะวันออก,88,1422
2026-04-06,AG-E-052,ภาคเหนือ,68,1314
2026-04-06,AG-E-052,ภาคใต้,84,1810
2026-04-07,TK-A-001,กรุงเทพฯ,197,3065
2026-04-07,TK-A-001,ภาคกลาง,147,2299
2026-04-07,TK-A-001,ภาคตะวันออก,99,2209
2026-04-07,TK-A-001,ภาคเหนือ,91,1588
2026-04-07,TK-A-001,ภาคใต้,115,2131
2026-04-07,GL-B-014,กรุงเทพฯ,994,14661
2026-04-07,GL-B-014,ภาคกลาง,817,14633
2026-04-07,GL-B-014,ภาคตะวันออก,546,11032
2026-04-07,GL-B-014,ภาคเหนือ,514,9567
2026-04-07,GL-B-014,ภาคใต้,614,9799
2026-04-07,MK-C-028,กรุงเทพฯ,697,12892
2026-04-07,MK-C-028,ภาคกลาง,531,9248
2026-04-07,MK-C-028,ภาคตะวันออก,369,7534
2026-04-07,MK-C-028,ภาคเหนือ,363,7073
2026-04-07,MK-C-028,ภาคใต้,486,9175
2026-04-07,SY-D-039,กรุงเทพฯ,470,9260
2026-04-07,SY-D-039,ภาคกลาง,393,5962
2026-04-07,SY-D-039,ภาคตะวันออก,272,4988
2026-04-07,SY-D-039,ภาคเหนือ,234,3850
2026-04-07,SY-D-039,ภาคใต้,283,5430
2026-04-07,AG-E-052,กรุงเทพฯ,131,2425
2026-04-07,AG-E-052,ภาคกลาง,103,1749
2026-04-07,AG-E-052,ภาคตะวันออก,76,1295
2026-04-07,AG-E-052,ภาคเหนือ,68,1140
2026-04-07,AG-E-052,ภาคใต้,83,1537
2026-04-08,TK-A-001,กรุงเทพฯ,173,2838
2026-04-08,TK-A-001,ภาคกลาง,153,2362
2026-04-08,TK-A-001,ภาคตะวันออก,107,2139
2026-04-08,TK-A-001,ภาคเหนือ,89,1658
2026-04-08,TK-A-001,ภาคใต้,130,2478
2026-04-08,GL-B-014,กรุงเทพฯ,953,17527
2026-04-08,GL-B-014,ภาคกลาง,815,12427
2026-04-08,GL-B-014,ภาคตะวันออก,606,11139
2026-04-08,GL-B-014,ภาคเหนือ,523,9480
2026-04-08,GL-B-014,ภาคใต้,587,11570
2026-04-08,MK-C-028,กรุงเทพฯ,667,12384
2026-04-08,MK-C-028,ภาคกลาง,567,11097
2026-04-08,MK-C-028,ภาคตะวันออก,443,6512
2026-04-08,MK-C-028,ภาคเหนือ,395,6000
2026-04-08,MK-C-028,ภาคใต้,415,8471
2026-04-08,SY-D-039,กรุงเทพฯ,438,7636
2026-04-08,SY-D-039,ภาคกลาง,375,5536
2026-04-08,SY-D-039,ภาคตะวันออก,263,4415
2026-04-08,SY-D-039,ภาคเหนือ,222,3690
2026-04-08,SY-D-039,ภาคใต้,292,5951
2026-04-08,AG-E-052,กรุงเทพฯ,139,2320
2026-04-08,AG-E-052,ภาคกลาง,113,1872
2026-04-08,AG-E-052,ภาคตะวันออก,87,1416
2026-04-08,AG-E-052,ภาคเหนือ,79,1132
2026-04-08,AG-E-052,ภาคใต้,91,1786
2026-04-09,TK-A-001,กรุงเทพฯ,191,2869
2026-04-09,TK-A-001,ภาคกลาง,132,2462
2026-04-09,TK-A-001,ภาคตะวันออก,109,2000
2026-04-09,TK-A-001,ภาคเหนือ,105,1985
2026-04-09,TK-A-001,ภาคใต้,120,2186
2026-04-09,GL-B-014,กรุงเทพฯ,944,16154
2026-04-09,GL-B-014,ภาคกลาง,749,14758
2026-04-09,GL-B-014,ภาคตะวันออก,579,8814
2026-04-09,GL-B-014,ภาคเหนือ,506,8387
2026-04-09,GL-B-014,ภาคใต้,621,10558
2026-04-09,MK-C-028,กรุงเทพฯ,734,11333
2026-04-09,MK-C-028,ภาคกลาง,569,11054
2026-04-09,MK-C-028,ภาคตะวันออก,420,7551
2026-04-09,MK-C-028,ภาคเหนือ,393,5558
2026-04-09,MK-C-028,ภาคใต้,457,8897
2026-04-09,SY-D-039,กรุงเทพฯ,424,8244
2026-04-09,SY-D-039,ภาคกลาง,387,6791
2026-04-09,SY-D-039,ภาคตะวันออก,270,4487
2026-04-09,SY-D-039,ภาคเหนือ,247,4504
2026-04-09,SY-D-039,ภาคใต้,320,5239
2026-04-09,AG-E-052,กรุงเทพฯ,148,2188
2026-04-09,AG-E-052,ภาคกลาง,117,1731
2026-04-09,AG-E-052,ภาคตะวันออก,73,1308
2026-04-09,AG-E-052,ภาคเหนือ,68,1388
2026-04-09,AG-E-052,ภาคใต้,87,1602
2026-04-10,TK-A-001,กรุงเทพฯ,193,3384
2026-04-10,TK-A-001,ภาคกลาง,157,2585
2026-04-10,TK-A-001,ภาคตะวันออก,116,2001
2026-04-10,TK-A-001,ภาคเหนือ,87,1847
2026-04-10,TK-A-001,ภาคใต้,125,2290
2026-04-10,GL-B-014,กรุงเทพฯ,948,14915
2026-04-10,GL-B-014,ภาคกลาง,810,13913
2026-04-10,GL-B-014,ภาคตะวันออก,603,10383
2026-04-10,GL-B-014,ภาคเหนือ,484,8045
2026-04-10,GL-B-014,ภาคใต้,657,12734
2026-04-10,MK-C-028,กรุงเทพฯ,698,13029
2026-04-10,MK-C-028,ภาคกลาง,582,8686
2026-04-10,MK-C-028,ภาคตะวันออก,376,7744
2026-04-10,MK-C-028,ภาคเหนือ,368,6630
2026-04-10,MK-C-028,ภาคใต้,445,8268
2026-04-10,SY-D-039,กรุงเทพฯ,418,9240
2026-04-10,SY-D-039,ภาคกลาง,377,6186
2026-04-10,SY-D-039,ภาคตะวันออก,263,5421
2026-04-10,SY-D-039,ภาคเหนือ,219,4649
2026-04-10,SY-D-039,ภาคใต้,304,6011
2026-04-10,AG-E-052,กรุงเทพฯ,131,2759
2026-04-10,AG-E-052,ภาคกลาง,104,1716
2026-04-10,AG-E-052,ภาคตะวันออก,74,1250
2026-04-10,AG-E-052,ภาคเหนือ,79,1361
2026-04-10,AG-E-052,ภาคใต้,93,1590
2026-04-11,TK-A-001,กรุงเทพฯ,187,2769
2026-04-11,TK-A-001,ภาคกลาง,132,2283
2026-04-11,TK-A-001,ภาคตะวันออก,113,1832
2026-04-11,TK-A-001,ภาคเหนือ,88,1910
2026-04-11,TK-A-001,ภาคใต้,121,2155
2026-04-11,GL-B-014,กรุงเทพฯ,895,16308
2026-04-11,GL-B-014,ภาคกลาง,686,13075
2026-04-11,GL-B-014,ภาคตะวันออก,609,9208
2026-04-11,GL-B-014,ภาคเหนือ,454,8742
2026-04-11,GL-B-014,ภาคใต้,678,11536
2026-04-11,MK-C-028,กรุงเทพฯ,621,10564
2026-04-11,MK-C-028,ภาคกลาง,567,9013
2026-04-11,MK-C-028,ภาคตะวันออก,394,8225
2026-04-11,MK-C-028,ภาคเหนือ,389,7295
2026-04-11,MK-C-028,ภาคใต้,473,8935
2026-04-11,SY-D-039,กรุงเทพฯ,454,8892
2026-04-11,SY-D-039,ภาคกลาง,386,7051
2026-04-11,SY-D-039,ภาคตะวันออก,255,4531
2026-04-11,SY-D-039,ภาคเหนือ,225,4090
2026-04-11,SY-D-039,ภาคใต้,291,5029
2026-04-11,AG-E-052,กรุงเทพฯ,133,2338
2026-04-11,AG-E-052,ภาคกลาง,117,1826
2026-04-11,AG-E-052,ภาคตะวันออก,74,1569
2026-04-11,AG-E-052,ภาคเหนือ,73,1306
2026-04-11,AG-E-052,ภาคใต้,96,1708
2026-04-12,TK-A-001,กรุงเทพฯ,187,2816
2026-04-12,TK-A-001,ภาคกลาง,149,2297
2026-04-12,TK-A-001,ภาคตะวันออก,111,1681
2026-04-12,TK-A-001,ภาคเหนือ,102,1911
2026-04-12,TK-A-001,ภาคใต้,126,2285
2026-04-12,GL-B-014,กรุงเทพฯ,959,16696
2026-04-12,GL-B-014,ภาคกลาง,744,13658
2026-04-12,GL-B-014,ภาคตะวันออก,592,11236
2026-04-12,GL-B-014,ภาคเหนือ,514,9591
2026-04-12,GL-B-014,ภาคใต้,571,11760
2026-04-12,MK-C-028,กรุงเทพฯ,641,12605
2026-04-12,MK-C-028,ภาคกลาง,513,10508
2026-04-12,MK-C-028,ภาคตะวันออก,391,7180
2026-04-12,MK-C-028,ภาคเหนือ,351,5953
2026-04-12,MK-C-028,ภาคใต้,405,9237
2026-04-12,SY-D-039,กรุงเทพฯ,428,8758
2026-04-12,SY-D-039,ภาคกลาง,389,6871
2026-04-12,SY-D-039,ภาคตะวันออก,266,5156
2026-04-12,SY-D-039,ภาคเหนือ,242,4595
2026-04-12,SY-D-039,ภาคใต้,273,4951
2026-04-12,AG-E-052,กรุงเทพฯ,148,2740
2026-04-12,AG-E-052,ภาคกลาง,111,1819
2026-04-12,AG-E-052,ภาคตะวันออก,77,1390
2026-04-12,AG-E-052,ภาคเหนือ,77,1293
2026-04-12,AG-E-052,ภาคใต้,92,1726
2026-04-13,TK-A-001,กรุงเทพฯ,179,3435
2026-04-13,TK-A-001,ภาคกลาง,156,2611
2026-04-13,TK-A-001,ภาคตะวันออก,105,1834
2026-04-13,TK-A-001,ภาคเหนือ,99,1626
2026-04-13,TK-A-001,ภาคใต้,112,2120
2026-04-13,GL-B-014,กรุงเทพฯ,985,17791
2026-04-13,GL-B-014,ภาคกลาง,807,13017
2026-04-13,GL-B-014,ภาคตะวันออก,586,11013
2026-04-13,GL-B-014,ภาคเหนือ,511,8378
2026-04-13,GL-B-014,ภาคใต้,639,11436
2026-04-13,MK-C-028,กรุงเทพฯ,735,11983
2026-04-13,MK-C-028,ภาคกลาง,584,9441
2026-04-13,MK-C-028,ภาคตะวันออก,398,6703
2026-04-13,MK-C-028,ภาคเหนือ,379,6085
2026-04-13,MK-C-028,ภาคใต้,424,7694
2026-04-13,SY-D-039,กรุงเทพฯ,473,7085
2026-04-13,SY-D-039,ภาคกลาง,352,6548
2026-04-13,SY-D-039,ภาคตะวันออก,253,4907
2026-04-13,SY-D-039,ภาคเหนือ,243,4580
2026-04-13,SY-D-039,ภาคใต้,270,5395
2026-04-13,AG-E-052,กรุงเทพฯ,126,2283
2026-04-13,AG-E-052,ภาคกลาง,116,1866
2026-04-13,AG-E-052,ภาคตะวันออก,77,1623
2026-04-13,AG-E-052,ภาคเหนือ,78,1267
2026-04-13,AG-E-052,ภาคใต้,95,1479
2026-04-14,TK-A-001,กรุงเทพฯ,197,3679
2026-04-14,TK-A-001,ภาคกลาง,150,2236
2026-04-14,TK-A-001,ภาคตะวันออก,117,1720
2026-04-14,TK-A-001,ภาคเหนือ,90,1812
2026-04-14,TK-A-001,ภาคใต้,116,1847
2026-04-14,GL-B-014,กรุงเทพฯ,844,17964
2026-04-14,GL-B-014,ภาคกลาง,705,13163
2026-04-14,GL-B-014,ภาคตะวันออก,514,9020
2026-04-14,GL-B-014,ภาคเหนือ,518,8035
2026-04-14,GL-B-014,ภาคใต้,559,11908
2026-04-14,MK-C-028,กรุงเทพฯ,675,13491
2026-04-14,MK-C-028,ภาคกลาง,558,8428
2026-04-14,MK-C-028,ภาคตะวันออก,390,6206
2026-04-14,MK-C-028,ภาคเหนือ,364,5602
2026-04-14,MK-C-028,ภาคใต้,458,7402
2026-04-14,SY-D-039,กรุงเทพฯ,441,8319
2026-04-14,SY-D-039,ภาคกลาง,346,5630
2026-04-14,SY-D-039,ภาคตะวันออก,293,4946
2026-04-14,SY-D-039,ภาคเหนือ,236,3996
2026-04-14,SY-D-039,ภาคใต้,323,4974
2026-04-14,AG-E-052,กรุงเทพฯ,135,2465
2026-04-14,AG-E-052,ภาคกลาง,105,2020
2026-04-14,AG-E-052,ภาคตะวันออก,85,1285
2026-04-14,AG-E-052,ภาคเหนือ,65,1250
2026-04-14,AG-E-052,ภาคใต้,98,1813
2026-04-15,TK-A-001,กรุงเทพฯ,171,2988
2026-04-15,TK-A-001,ภาคกลาง,138,2560
2026-04-15,TK-A-001,ภาคตะวันออก,112,1821
2026-04-15,TK-A-001,ภาคเหนือ,98,1545
2026-04-15,TK-A-001,ภาคใต้,109,2072
2026-04-15,GL-B-014,กรุงเทพฯ,928,17202
2026-04-15,GL-B-014,ภาคกลาง,700,13006
2026-04-15,GL-B-014,ภาคตะวันออก,523,8880
2026-04-15,GL-B-014,ภาคเหนือ,508,9346
2026-04-15,GL-B-014,ภาคใต้,653,10167
2026-04-15,MK-C-028,กรุงเทพฯ,622,13776
2026-04-15,MK-C-028,ภาคกลาง,491,9398
2026-04-15,MK-C-028,ภาคตะวันออก,367,7233
2026-04-15,MK-C-028,ภาคเหนือ,364,5649
2026-04-15,MK-C-028,ภาคใต้,464,8905
2026-04-15,SY-D-039,กรุงเทพฯ,406,7248
2026-04-15,SY-D-039,ภาคกลาง,339,5885
2026-04-15,SY-D-039,ภาคตะวันออก,272,4885
2026-04-15,SY-D-039,ภาคเหนือ,258,4836
2026-04-15,SY-D-039,ภาคใต้,292,5834
2026-04-15,AG-E-052,กรุงเทพฯ,145,2682
2026-04-15,AG-E-052,ภาคกลาง,115,2044
2026-04-15,AG-E-052,ภาคตะวันออก,74,1436
2026-04-15,AG-E-052,ภาคเหนือ,78,1200
2026-04-15,AG-E-052,ภาคใต้,84,1407
2026-04-16,TK-A-001,กรุงเทพฯ,177,3310
2026-04-16,TK-A-001,ภาคกลาง,130,2286
2026-04-16,TK-A-001,ภาคตะวันออก,97,1939
2026-04-16,TK-A-001,ภาคเหนือ,104,1644
2026-04-16,TK-A-001,ภาคใต้,117,1874
2026-04-16,GL-B-014,กรุงเทพฯ,968,19110
2026-04-16,GL-B-014,ภาคกลาง,798,12579
2026-04-16,GL-B-014,ภาคตะวันออก,529,10344
2026-04-16,GL-B-014,ภาคเหนือ,486,8901
2026-04-16,GL-B-014,ภาคใต้,616,9868
2026-04-16,MK-C-028,กรุงเทพฯ,684,11401
2026-04-16,MK-C-028,ภาคกลาง,588,8538
2026-04-16,MK-C-028,ภาคตะวันออก,394,6771
2026-04-16,MK-C-028,ภาคเหนือ,394,6192
2026-04-16,MK-C-028,ภาคใต้,452,8310
2026-04-16,SY-D-039,กรุงเทพฯ,435,8307
2026-04-16,SY-D-039,ภาคกลาง,379,5811
2026-04-16,SY-D-039,ภาคตะวันออก,270,4658
2026-04-16,SY-D-039,ภาคเหนือ,251,4004
2026-04-16,SY-D-039,ภาคใต้,309,5983
2026-04-16,AG-E-052,กรุงเทพฯ,132,2414
2026-04-16,AG-E-052,ภาคกลาง,118,1707
2026-04-16,AG-E-052,ภาคตะวันออก,76,1533
2026-04-16,AG-E-052,ภาคเหนือ,66,1317
2026-04-16,AG-E-052,ภาคใต้,82,1392
2026-04-17,TK-A-001,กรุงเทพฯ,177,3237
2026-04-17,TK-A-001,ภาคกลาง,142,2675
2026-04-17,TK-A-001,ภาคตะวันออก,102,1821
2026-04-17,TK-A-001,ภาคเหนือ,93,1926
2026-04-17,TK-A-001,ภาคใต้,109,2202
2026-04-17,GL-B-014,กรุงเทพฯ,1006,15071
2026-04-17,GL-B-014,ภาคกลาง,715,11826
2026-04-17,GL-B-014,ภาคตะวันออก,535,11428
2026-04-17,GL-B-014,ภาคเหนือ,448,9428
2026-04-17,GL-B-014,ภาคใต้,657,11303
2026-04-17,MK-C-028,กรุงเทพฯ,721,11270
2026-04-17,MK-C-028,ภาคกลาง,537,9561
2026-04-17,MK-C-028,ภาคตะวันออก,398,6880
2026-04-17,MK-C-028,ภาคเหนือ,359,6589
2026-04-17,MK-C-028,ภาคใต้,476,7454
2026-04-17,SY-D-039,กรุงเทพฯ,476,9296
2026-04-17,SY-D-039,ภาคกลาง,341,7322
2026-04-17,SY-D-039,ภาคตะวันออก,264,4187
2026-04-17,SY-D-039,ภาคเหนือ,236,3911
2026-04-17,SY-D-039,ภาคใต้,302,5799
2026-04-17,AG-E-052,กรุงเทพฯ,138,2336
2026-04-17,AG-E-052,ภาคกลาง,111,1657
2026-04-17,AG-E-052,ภาคตะวันออก,83,1502
2026-04-17,AG-E-052,ภาคเหนือ,71,1175
2026-04-17,AG-E-052,ภาคใต้,93,1563
2026-04-18,TK-A-001,กรุงเทพฯ,164,3396
2026-04-18,TK-A-001,ภาคกลาง,157,2459
2026-04-18,TK-A-001,ภาคตะวันออก,115,2108
2026-04-18,TK-A-001,ภาคเหนือ,89,1768
2026-04-18,TK-A-001,ภาคใต้,131,1956
2026-04-18,GL-B-014,กรุงเทพฯ,1010,18697
2026-04-18,GL-B-014,ภาคกลาง,778,13130
2026-04-18,GL-B-014,ภาคตะวันออก,519,10464
2026-04-18,GL-B-014,ภาคเหนือ,466,8598
2026-04-18,GL-B-014,ภาคใต้,588,9874
2026-04-18,MK-C-028,กรุงเทพฯ,638,13166
2026-04-18,MK-C-028,ภาคกลาง,488,10827
2026-04-18,MK-C-028,ภาคตะวันออก,372,6343
2026-04-18,MK-C-028,ภาคเหนือ,344,5699
2026-04-18,MK-C-028,ภาคใต้,469,7502
2026-04-18,SY-D-039,กรุงเทพฯ,429,7076
2026-04-18,SY-D-039,ภาคกลาง,371,6233
2026-04-18,SY-D-039,ภาคตะวันออก,262,4778
2026-04-18,SY-D-039,ภาคเหนือ,229,3685
2026-04-18,SY-D-039,ภาคใต้,292,5656
2026-04-18,AG-E-052,กรุงเทพฯ,139,2612
2026-04-18,AG-E-052,ภาคกลาง,105,2150
2026-04-18,AG-E-052,ภาคตะวันออก,75,1510
2026-04-18,AG-E-052,ภาคเหนือ,79,1163
2026-04-18,AG-E-052,ภาคใต้,97,1796
2026-04-19,TK-A-001,กรุงเทพฯ,170,3723
2026-04-19,TK-A-001,ภาคกลาง,136,2672
2026-04-19,TK-A-001,ภาคตะวันออก,116,1669
2026-04-19,TK-A-001,ภาคเหนือ,94,1605
2026-04-19,TK-A-001,ภาคใต้,122,2304
2026-04-19,GL-B-014,กรุงเทพฯ,942,18083
2026-04-19,GL-B-014,ภาคกลาง,697,14325
2026-04-19,GL-B-014,ภาคตะวันออก,608,11237
2026-04-19,GL-B-014,ภาคเหนือ,473,9079
2026-04-19,GL-B-014,ภาคใต้,572,10677
2026-04-19,MK-C-028,กรุงเทพฯ,672,10912
2026-04-19,MK-C-028,ภาคกลาง,517,9397
2026-04-19,MK-C-028,ภาคตะวันออก,398,7358
2026-04-19,MK-C-028,ภาคเหนือ,345,5527
2026-04-19,MK-C-028,ภาคใต้,424,7765
2026-04-19,SY-D-039,กรุงเทพฯ,466,7334
2026-04-19,SY-D-039,ภาคกลาง,385,6125
2026-04-19,SY-D-039,ภาคตะวันออก,288,4928
2026-04-19,SY-D-039,ภาคเหนือ,257,4430
2026-04-19,SY-D-039,ภาคใต้,298,5343
2026-04-19,AG-E-052,กรุงเทพฯ,128,2555
2026-04-19,AG-E-052,ภาคกลาง,109,1971
2026-04-19,AG-E-052,ภาคตะวันออก,81,1515
2026-04-19,AG-E-052,ภาคเหนือ,74,1452
2026-04-19,AG-E-052,ภาคใต้,97,1472
2026-04-20,TK-A-001,กรุงเทพฯ,168,3482
2026-04-20,TK-A-001,ภาคกลาง,130,2602
2026-04-20,TK-A-001,ภาคตะวันออก,106,1770
2026-04-20,TK-A-001,ภาคเหนือ,100,1683
2026-04-20,TK-A-001,ภาคใต้,119,2014
2026-04-20,GL-B-014,กรุงเทพฯ,1015,16490
2026-04-20,GL-B-014,ภาคกลาง,691,13366
2026-04-20,GL-B-014,ภาคตะวันออก,547,8978
2026-04-20,GL-B-014,ภาคเหนือ,537,9307
2026-04-20,GL-B-014,ภาคใต้,658,9965
2026-04-20,MK-C-028,กรุงเทพฯ,734,12127
2026-04-20,MK-C-028,ภาคกลาง,532,8905
2026-04-20,MK-C-028,ภาคตะวันออก,376,7526
2026-04-20,MK-C-028,ภาคเหนือ,383,6255
2026-04-20,MK-C-028,ภาคใต้,454,8117
2026-04-20,SY-D-039,กรุงเทพฯ,420,8028
2026-04-20,SY-D-039,ภาคกลาง,383,7106
2026-04-20,SY-D-039,ภาคตะวันออก,275,5553
2026-04-20,SY-D-039,ภาคเหนือ,231,3975
2026-04-20,SY-D-039,ภาคใต้,292,4691
2026-04-20,AG-E-052,กรุงเทพฯ,145,2272
2026-04-20,AG-E-052,ภาคกลาง,118,2207
2026-04-20,AG-E-052,ภาคตะวันออก,74,1408
2026-04-20,AG-E-052,ภาคเหนือ,67,1153
2026-04-20,AG-E-052,ภาคใต้,95,1679
2026-04-21,TK-A-001,กรุงเทพฯ,187,2875
2026-04-21,TK-A-001,ภาคกลาง,137,2300
2026-04-21,TK-A-001,ภาคตะวันออก,111,2075
2026-04-21,TK-A-001,ภาคเหนือ,104,1560
2026-04-21,TK-A-001,ภาคใต้,122,2444
2026-04-21,GL-B-014,กรุงเทพฯ,1014,15703
2026-04-21,GL-B-014,ภาคกลาง,685,11649
2026-04-21,GL-B-014,ภาคตะวันออก,600,11281
2026-04-21,GL-B-014,ภาคเหนือ,451,9283
2026-04-21,GL-B-014,ภาคใต้,565,11121
2026-04-21,MK-C-028,กรุงเทพฯ,717,10778
2026-04-21,MK-C-028,ภาคกลาง,580,8587
2026-04-21,MK-C-028,ภาคตะวันออก,417,7771
2026-04-21,MK-C-028,ภาคเหนือ,362,7291
2026-04-21,MK-C-028,ภาคใต้,422,8094
2026-04-21,SY-D-039,กรุงเทพฯ,436,9125
2026-04-21,SY-D-039,ภาคกลาง,373,7025
2026-04-21,SY-D-039,ภาคตะวันออก,276,4255
2026-04-21,SY-D-039,ภาคเหนือ,251,4471
2026-04-21,SY-D-039,ภาคใต้,297,5686
2026-04-21,AG-E-052,กรุงเทพฯ,139,2476
2026-04-21,AG-E-052,ภาคกลาง,103,1820
2026-04-21,AG-E-052,ภาคตะวันออก,81,1347
2026-04-21,AG-E-052,ภาคเหนือ,75,1122
2026-04-21,AG-E-052,ภาคใต้,87,1572
2026-04-22,TK-A-001,กรุงเทพฯ,180,3648
2026-04-22,TK-A-001,ภาคกลาง,155,2450
2026-04-22,TK-A-001,ภาคตะวันออก,114,1673
2026-04-22,TK-A-001,ภาคเหนือ,87,1957
2026-04-22,TK-A-001,ภาคใต้,128,2218
2026-04-22,GL-B-014,กรุงเทพฯ,936,14470
2026-04-22,GL-B-014,ภาคกลาง,811,14135
2026-04-22,GL-B-014,ภาคตะวันออก,611,9109
2026-04-22,GL-B-014,ภาคเหนือ,543,7741
2026-04-22,GL-B-014,ภาคใต้,566,10843
2026-04-22,MK-C-028,กรุงเทพฯ,645,13012
2026-04-22,MK-C-028,ภาคกลาง,564,10754
2026-04-22,MK-C-028,ภาคตะวันออก,381,8322
2026-04-22,MK-C-028,ภาคเหนือ,395,7172
2026-04-22,MK-C-028,ภาคใต้,430,9294
2026-04-22,SY-D-039,กรุงเทพฯ,447,6938
2026-04-22,SY-D-039,ภาคกลาง,337,6353
2026-04-22,SY-D-039,ภาคตะวันออก,290,4776
2026-04-22,SY-D-039,ภาคเหนือ,259,4363
2026-04-22,SY-D-039,ภาคใต้,318,4799
2026-04-22,AG-E-052,กรุงเทพฯ,138,2330
2026-04-22,AG-E-052,ภาคกลาง,99,1748
2026-04-22,AG-E-052,ภาคตะวันออก,81,1569
2026-04-22,AG-E-052,ภาคเหนือ,65,1202
2026-04-22,AG-E-052,ภาคใต้,82,1705
2026-04-23,TK-A-001,กรุงเทพฯ,173,3415
2026-04-23,TK-A-001,ภาคกลาง,130,2350
2026-04-23,TK-A-001,ภาคตะวันออก,119,2084
2026-04-23,TK-A-001,ภาคเหนือ,101,1615
2026-04-23,TK-A-001,ภาคใต้,114,2039
2026-04-23,GL-B-014,กรุงเทพฯ,1007,15086
2026-04-23,GL-B-014,ภาคกลาง,779,11651
2026-04-23,GL-B-014,ภาคตะวันออก,559,11237
2026-04-23,GL-B-014,ภาคเหนือ,480,8598
2026-04-23,GL-B-014,ภาคใต้,630,10460
2026-04-23,MK-C-028,กรุงเทพฯ,644,10771
2026-04-23,MK-C-028,ภาคกลาง,564,10156
2026-04-23,MK-C-028,ภาคตะวันออก,417,7959
2026-04-23,MK-C-028,ภาคเหนือ,354,6818
2026-04-23,MK-C-028,ภาคใต้,433,8643
2026-04-23,SY-D-039,กรุงเทพฯ,439,8164
2026-04-23,SY-D-039,ภาคกลาง,360,5717
2026-04-23,SY-D-039,ภาคตะวันออก,255,4229
2026-04-23,SY-D-039,ภาคเหนือ,234,4288
2026-04-23,SY-D-039,ภาคใต้,280,5570
2026-04-23,AG-E-052,กรุงเทพฯ,141,2516
2026-04-23,AG-E-052,ภาคกลาง,109,2083
2026-04-23,AG-E-052,ภาคตะวันออก,81,1648
2026-04-23,AG-E-052,ภาคเหนือ,73,1147
2026-04-23,AG-E-052,ภาคใต้,87,1414
2026-04-24,TK-A-001,กรุงเทพฯ,169,2942
2026-04-24,TK-A-001,ภาคกลาง,141,2272
2026-04-24,TK-A-001,ภาคตะวันออก,103,1835
2026-04-24,TK-A-001,ภาคเหนือ,103,1734
2026-04-24,TK-A-001,ภาคใต้,123,2287
2026-04-24,GL-B-014,กรุงเทพฯ,944,14961
2026-04-24,GL-B-014,ภาคกลาง,695,11992
2026-04-24,GL-B-014,ภาคตะวันออก,519,9839
2026-04-24,GL-B-014,ภาคเหนือ,502,9222
2026-04-24,GL-B-014,ภาคใต้,605,11635
2026-04-24,MK-C-028,กรุงเทพฯ,733,13181
2026-04-24,MK-C-028,ภาคกลาง,575,9271
2026-04-24,MK-C-028,ภาคตะวันออก,418,7392
2026-04-24,MK-C-028,ภาคเหนือ,337,7166
2026-04-24,MK-C-028,ภาคใต้,433,8984
2026-04-24,SY-D-039,กรุงเทพฯ,434,8284
2026-04-24,SY-D-039,ภาคกลาง,334,6151
2026-04-24,SY-D-039,ภาคตะวันออก,286,4898
2026-04-24,SY-D-039,ภาคเหนือ,248,4544
2026-04-24,SY-D-039,ภาคใต้,291,5230
2026-04-24,AG-E-052,กรุงเทพฯ,137,2629
2026-04-24,AG-E-052,ภาคกลาง,111,2188
2026-04-24,AG-E-052,ภาคตะวันออก,80,1259
2026-04-24,AG-E-052,ภาคเหนือ,66,1287
2026-04-24,AG-E-052,ภาคใต้,93,1502
2026-04-25,TK-A-001,กรุงเทพฯ,169,2900
2026-04-25,TK-A-001,ภาคกลาง,154,2289
2026-04-25,TK-A-001,ภาคตะวันออก,114,2033
2026-04-25,TK-A-001,ภาคเหนือ,89,1546
2026-04-25,TK-A-001,ภาคใต้,120,2404
2026-04-25,GL-B-014,กรุงเทพฯ,901,18539
2026-04-25,GL-B-014,ภาคกลาง,673,15342
2026-04-25,GL-B-014,ภาคตะวันออก,588,11535
2026-04-25,GL-B-014,ภาคเหนือ,516,8283
2026-04-25,GL-B-014,ภาคใต้,630,11158
2026-04-25,MK-C-028,กรุงเทพฯ,681,10881
2026-04-25,MK-C-028,ภาคกลาง,507,9892
2026-04-25,MK-C-028,ภาคตะวันออก,397,6761
2026-04-25,MK-C-028,ภาคเหนือ,327,6777
2026-04-25,MK-C-028,ภาคใต้,457,7232
2026-04-25,SY-D-039,กรุงเทพฯ,418,8480
2026-04-25,SY-D-039,ภาคกลาง,369,5975
2026-04-25,SY-D-039,ภาคตะวันออก,294,4620
2026-04-25,SY-D-039,ภาคเหนือ,253,4024
2026-04-25,SY-D-039,ภาคใต้,300,5891
2026-04-25,AG-E-052,กรุงเทพฯ,128,2714
2026-04-25,AG-E-052,ภาคกลาง,99,2103
2026-04-25,AG-E-052,ภาคตะวันออก,84,1456
2026-04-25,AG-E-052,ภาคเหนือ,72,1367
2026-04-25,AG-E-052,ภาคใต้,99,1591
2026-04-26,TK-A-001,กรุงเทพฯ,195,2770
2026-04-26,TK-A-001,ภาคกลาง,153,2245
2026-04-26,TK-A-001,ภาคตะวันออก,119,1894
2026-04-26,TK-A-001,ภาคเหนือ,87,1580
2026-04-26,TK-A-001,ภาคใต้,120,2079
2026-04-26,GL-B-014,กรุงเทพฯ,883,16285
2026-04-26,GL-B-014,ภาคกลาง,775,14000
2026-04-26,GL-B-014,ภาคตะวันออก,517,9978
2026-04-26,GL-B-014,ภาคเหนือ,500,9352
2026-04-26,GL-B-014,ภาคใต้,660,11205
2026-04-26,MK-C-028,กรุงเทพฯ,704,12041
2026-04-26,MK-C-028,ภาคกลาง,520,10021
2026-04-26,MK-C-028,ภาคตะวันออก,426,6711
2026-04-26,MK-C-028,ภาคเหนือ,384,6239
2026-04-26,MK-C-028,ภาคใต้,476,7107
2026-04-26,SY-D-039,กรุงเทพฯ,423,8227
2026-04-26,SY-D-039,ภาคกลาง,388,7263
2026-04-26,SY-D-039,ภาคตะวันออก,263,5518
2026-04-26,SY-D-039,ภาคเหนือ,261,4193
2026-04-26,SY-D-039,ภาคใต้,316,5665
2026-04-26,AG-E-052,กรุงเทพฯ,124,2478
2026-04-26,AG-E-052,ภาคกลาง,100,1847
2026-04-26,AG-E-052,ภาคตะวันออก,73,1368
2026-04-26,AG-E-052,ภาคเหนือ,76,1397
2026-04-26,AG-E-052,ภาคใต้,85,1733
2026-04-27,TK-A-001,กรุงเทพฯ,194,3014
2026-04-27,TK-A-001,ภาคกลาง,137,2835
2026-04-27,TK-A-001,ภาคตะวันออก,114,1977
2026-04-27,TK-A-001,ภาคเหนือ,92,1896
2026-04-27,TK-A-001,ภาคใต้,120,2466
2026-04-27,GL-B-014,กรุงเทพฯ,843,14853
2026-04-27,GL-B-014,ภาคกลาง,740,13000
2026-04-27,GL-B-014,ภาคตะวันออก,606,9402
2026-04-27,GL-B-014,ภาคเหนือ,483,8318
2026-04-27,GL-B-014,ภาคใต้,628,10443
2026-04-27,MK-C-028,กรุงเทพฯ,739,11450
2026-04-27,MK-C-028,ภาคกลาง,586,9808
2026-04-27,MK-C-028,ภาคตะวันออก,416,6306
2026-04-27,MK-C-028,ภาคเหนือ,381,7135
2026-04-27,MK-C-028,ภาคใต้,436,7630
2026-04-27,SY-D-039,กรุงเทพฯ,475,8506
2026-04-27,SY-D-039,ภาคกลาง,382,5510
2026-04-27,SY-D-039,ภาคตะวันออก,252,4420
2026-04-27,SY-D-039,ภาคเหนือ,256,3826
2026-04-27,SY-D-039,ภาคใต้,293,4708
2026-04-27,AG-E-052,กรุงเทพฯ,122,2581
2026-04-27,AG-E-052,ภาคกลาง,112,2169
2026-04-27,AG-E-052,ภาคตะวันออก,83,1296
2026-04-27,AG-E-052,ภาคเหนือ,76,1395
2026-04-27,AG-E-052,ภาคใต้,96,1388
2026-04-28,TK-A-001,กรุงเทพฯ,193,3274
2026-04-28,TK-A-001,ภาคกลาง,135,2732
2026-04-28,TK-A-001,ภาคตะวันออก,116,1960
2026-04-28,TK-A-001,ภาคเหนือ,98,1870
2026-04-28,TK-A-001,ภาคใต้,125,2314
2026-04-28,GL-B-014,กรุงเทพฯ,870,17605
2026-04-28,GL-B-014,ภาคกลาง,725,11464
2026-04-28,GL-B-014,ภาคตะวันออก,534,10826
2026-04-28,GL-B-014,ภาคเหนือ,543,9456
2026-04-28,GL-B-014,ภาคใต้,662,11107
2026-04-28,MK-C-028,กรุงเทพฯ,684,12031
2026-04-28,MK-C-028,ภาคกลาง,504,8510
2026-04-28,MK-C-028,ภาคตะวันออก,387,7694
2026-04-28,MK-C-028,ภาคเหนือ,331,5891
2026-04-28,MK-C-028,ภาคใต้,443,7712
2026-04-28,SY-D-039,กรุงเทพฯ,468,8803
2026-04-28,SY-D-039,ภาคกลาง,352,6130
2026-04-28,SY-D-039,ภาคตะวันออก,247,4333
2026-04-28,SY-D-039,ภาคเหนือ,243,4673
2026-04-28,SY-D-039,ภาคใต้,280,5878
2026-04-28,AG-E-052,กรุงเทพฯ,136,2544
2026-04-28,AG-E-052,ภาคกลาง,103,2081
2026-04-28,AG-E-052,ภาคตะวันออก,79,1592
2026-04-28,AG-E-052,ภาคเหนือ,78,1167
2026-04-28,AG-E-052,ภาคใต้,94,1417
2026-04-29,TK-A-001,กรุงเทพฯ,172,3413
2026-04-29,TK-A-001,ภาคกลาง,131,2550
2026-04-29,TK-A-001,ภาคตะวันออก,99,2053
2026-04-29,TK-A-001,ภาคเหนือ,91,1485
2026-04-29,TK-A-001,ภาคใต้,132,2096
2026-04-29,GL-B-014,กรุงเทพฯ,858,16918
2026-04-29,GL-B-014,ภาคกลาง,779,14326
2026-04-29,GL-B-014,ภาคตะวันออก,524,10094
2026-04-29,GL-B-014,ภาคเหนือ,491,9928
2026-04-29,GL-B-014,ภาคใต้,601,10919
2026-04-29,MK-C-028,กรุงเทพฯ,741,12092
2026-04-29,MK-C-028,ภาคกลาง,591,9588
2026-04-29,MK-C-028,ภาคตะวันออก,392,7734
2026-04-29,MK-C-028,ภาคเหนือ,349,6460
2026-04-29,MK-C-028,ภาคใต้,428,7918
2026-04-29,SY-D-039,กรุงเทพฯ,489,8898
2026-04-29,SY-D-039,ภาคกลาง,381,6579
2026-04-29,SY-D-039,ภาคตะวันออก,291,4718
2026-04-29,SY-D-039,ภาคเหนือ,229,3891
2026-04-29,SY-D-039,ภาคใต้,275,5630
2026-04-29,AG-E-052,กรุงเทพฯ,148,2693
2026-04-29,AG-E-052,ภาคกลาง,105,1817
2026-04-29,AG-E-052,ภาคตะวันออก,84,1499
2026-04-29,AG-E-052,ภาคเหนือ,77,1374
2026-04-29,AG-E-052,ภาคใต้,86,1814
2026-04-30,TK-A-001,กรุงเทพฯ,176,3351
2026-04-30,TK-A-001,ภาคกลาง,130,2428
2026-04-30,TK-A-001,ภาคตะวันออก,115,1769
2026-04-30,TK-A-001,ภาคเหนือ,98,1527
2026-04-30,TK-A-001,ภาคใต้,115,2479
2026-04-30,GL-B-014,กรุงเทพฯ,957,15804
2026-04-30,GL-B-014,ภาคกลาง,779,11851
2026-04-30,GL-B-014,ภาคตะวันออก,516,10903
2026-04-30,GL-B-014,ภาคเหนือ,528,9412
2026-04-30,GL-B-014,ภาคใต้,644,10394
2026-04-30,MK-C-028,กรุงเทพฯ,653,11906
2026-04-30,MK-C-028,ภาคกลาง,540,8344
2026-04-30,MK-C-028,ภาคตะวันออก,444,8336
2026-04-30,MK-C-028,ภาคเหนือ,328,6855
2026-04-30,MK-C-028,ภาคใต้,442,7267
2026-04-30,SY-D-039,กรุงเทพฯ,456,7036
2026-04-30,SY-D-039,ภาคกลาง,366,6292
2026-04-30,SY-D-039,ภาคตะวันออก,277,5203
2026-04-30,SY-D-039,ภาคเหนือ,256,3880
2026-04-30,SY-D-039,ภาคใต้,275,5928
2026-04-30,AG-E-052,กรุงเทพฯ,129,2566
2026-04-30,AG-E-052,ภาคกลาง,105,1764
2026-04-30,AG-E-052,ภาคตะวันออก,84,1602
2026-04-30,AG-E-052,ภาคเหนือ,68,1447
2026-04-30,AG-E-052,ภาคใต้,89,1659
2026-05-01,TK-A-001,กรุงเทพฯ,186,3539
2026-05-01,TK-A-001,ภาคกลาง,145,2611
2026-05-01,TK-A-001,ภาคตะวันออก,108,2049
2026-05-01,TK-A-001,ภาคเหนือ,105,1713
2026-05-01,TK-A-001,ภาคใต้,117,2436
2026-05-01,GL-B-014,กรุงเทพฯ,931,18578
2026-05-01,GL-B-014,ภาคกลาง,764,11518
2026-05-01,GL-B-014,ภาคตะวันออก,573,11006
2026-05-01,GL-B-014,ภาคเหนือ,506,8735
2026-05-01,GL-B-014,ภาคใต้,657,12192
2026-05-01,MK-C-028,กรุงเทพฯ,646,10459
2026-05-01,MK-C-028,ภาคกลาง,577,9423
2026-05-01,MK-C-028,ภาคตะวันออก,416,8367
2026-05-01,MK-C-028,ภาคเหนือ,391,6577
2026-05-01,MK-C-028,ภาคใต้,411,7362
2026-05-01,SY-D-039,กรุงเทพฯ,406,7739
2026-05-01,SY-D-039,ภาคกลาง,387,6811
2026-05-01,SY-D-039,ภาคตะวันออก,254,4484
2026-05-01,SY-D-039,ภาคเหนือ,249,4868
2026-05-01,SY-D-039,ภาคใต้,313,4693
2026-05-01,AG-E-052,กรุงเทพฯ,123,2626
2026-05-01,AG-E-052,ภาคกลาง,103,1953
2026-05-01,AG-E-052,ภาคตะวันออก,86,1377
2026-05-01,AG-E-052,ภาคเหนือ,79,1429
2026-05-01,AG-E-052,ภาคใต้,82,1401
2026-05-02,TK-A-001,กรุงเทพฯ,181,3551
2026-05-02,TK-A-001,ภาคกลาง,143,2408
2026-05-02,TK-A-001,ภาคตะวันออก,110,1889
2026-05-02,TK-A-001,ภาคเหนือ,96,1590
2026-05-02,TK-A-001,ภาคใต้,109,2205
2026-05-02,GL-B-014,กรุงเทพฯ,1007,18622
2026-05-02,GL-B-014,ภาคกลาง,765,12186
2026-05-02,GL-B-014,ภาคตะวันออก,552,11044
2026-05-02,GL-B-014,ภาคเหนือ,539,7886
2026-05-02,GL-B-014,ภาคใต้,595,10123
2026-05-02,MK-C-028,กรุงเทพฯ,708,12192
2026-05-02,MK-C-028,ภาคกลาง,516,9062
2026-05-02,MK-C-028,ภาคตะวันออก,386,7283
2026-05-02,MK-C-028,ภาคเหนือ,370,5959
2026-05-02,MK-C-028,ภาคใต้,479,7856
2026-05-02,SY-D-039,กรุงเทพฯ,457,7754
2026-05-02,SY-D-039,ภาคกลาง,387,5650
2026-05-02,SY-D-039,ภาคตะวันออก,268,4650
2026-05-02,SY-D-039,ภาคเหนือ,244,4242
2026-05-02,SY-D-039,ภาคใต้,322,4599
2026-05-02,AG-E-052,กรุงเทพฯ,127,2706
2026-05-02,AG-E-052,ภาคกลาง,99,2187
2026-05-02,AG-E-052,ภาคตะวันออก,76,1363
2026-05-02,AG-E-052,ภาคเหนือ,77,1234
2026-05-02,AG-E-052,ภาคใต้,86,1796
2026-05-03,TK-A-001,กรุงเทพฯ,172,2992
2026-05-03,TK-A-001,ภาคกลาง,156,2221
2026-05-03,TK-A-001,ภาคตะวันออก,102,1696
2026-05-03,TK-A-001,ภาคเหนือ,100,1937
2026-05-03,TK-A-001,ภาคใต้,125,2449
2026-05-03,GL-B-014,กรุงเทพฯ,866,16133
2026-05-03,GL-B-014,ภาคกลาง,679,12160
2026-05-03,GL-B-014,ภาคตะวันออก,573,10494
2026-05-03,GL-B-014,ภาคเหนือ,524,8901
2026-05-03,GL-B-014,ภาคใต้,678,11789
2026-05-03,MK-C-028,กรุงเทพฯ,691,13897
2026-05-03,MK-C-028,ภาคกลาง,492,8768
2026-05-03,MK-C-028,ภาคตะวันออก,366,6505
2026-05-03,MK-C-028,ภาคเหนือ,339,6893
2026-05-03,MK-C-028,ภาคใต้,492,7679
2026-05-03,SY-D-039,กรุงเทพฯ,484,7928
2026-05-03,SY-D-039,ภาคกลาง,339,5854
2026-05-03,SY-D-039,ภาคตะวันออก,263,4512
2026-05-03,SY-D-039,ภาคเหนือ,262,4162
2026-05-03,SY-D-039,ภาคใต้,283,5448
2026-05-03,AG-E-052,กรุงเทพฯ,146,2385
2026-05-03,AG-E-052,ภาคกลาง,112,2013
2026-05-03,AG-E-052,ภาคตะวันออก,87,1446
2026-05-03,AG-E-052,ภาคเหนือ,74,1426
2026-05-03,AG-E-052,ภาคใต้,91,1460
2026-05-04,TK-A-001,กรุงเทพฯ,172,3519
2026-05-04,TK-A-001,ภาคกลาง,144,2517
2026-05-04,TK-A-001,ภาคตะวันออก,114,2149
2026-05-04,TK-A-001,ภาคเหนือ,93,1572
2026-05-04,TK-A-001,ภาคใต้,111,2193
2026-05-04,GL-B-014,กรุงเทพฯ,852,19216
2026-05-04,GL-B-014,ภาคกลาง,716,15191
2026-05-04,GL-B-014,ภาคตะวันออก,533,9765
2026-05-04,GL-B-014,ภาคเหนือ,491,8497
2026-05-04,GL-B-014,ภาคใต้,605,12747
2026-05-04,MK-C-028,กรุงเทพฯ,741,13524
2026-05-04,MK-C-028,ภาคกลาง,493,9790
2026-05-04,MK-C-028,ภาคตะวันออก,445,8177
2026-05-04,MK-C-028,ภาคเหนือ,372,5879
2026-05-04,MK-C-028,ภาคใต้,483,7165
2026-05-04,SY-D-039,กรุงเทพฯ,460,7441
2026-05-04,SY-D-039,ภาคกลาง,343,7121
2026-05-04,SY-D-039,ภาคตะวันออก,250,4285
2026-05-04,SY-D-039,ภาคเหนือ,216,3689
2026-05-04,SY-D-039,ภาคใต้,321,5508
2026-05-04,AG-E-052,กรุงเทพฯ,123,2662
2026-05-04,AG-E-052,ภาคกลาง,115,2016
2026-05-04,AG-E-052,ภาคตะวันออก,76,1571
2026-05-04,AG-E-052,ภาคเหนือ,70,1366
2026-05-04,AG-E-052,ภาคใต้,96,1778
2026-05-05,TK-A-001,กรุงเทพฯ,173,2975
2026-05-05,TK-A-001,ภาคกลาง,150,2318
2026-05-05,TK-A-001,ภาคตะวันออก,104,2145
2026-05-05,TK-A-001,ภาคเหนือ,92,1980
2026-05-05,TK-A-001,ภาคใต้,123,2108
2026-05-05,GL-B-014,กรุงเทพฯ,853,15149
2026-05-05,GL-B-014,ภาคกลาง,715,14705
2026-05-05,GL-B-014,ภาคตะวันออก,610,9620
2026-05-05,GL-B-014,ภาคเหนือ,448,8901
2026-05-05,GL-B-014,ภาคใต้,681,11037
2026-05-05,MK-C-028,กรุงเทพฯ,659,12332
2026-05-05,MK-C-028,ภาคกลาง,585,9667
2026-05-05,MK-C-028,ภาคตะวันออก,389,7470
2026-05-05,MK-C-028,ภาคเหนือ,339,6288
2026-05-05,MK-C-028,ภาคใต้,487,7055
2026-05-05,SY-D-039,กรุงเทพฯ,440,8687
2026-05-05,SY-D-039,ภาคกลาง,358,5667
2026-05-05,SY-D-039,ภาคตะวันออก,276,4493
2026-05-05,SY-D-039,ภาคเหนือ,257,4797
2026-05-05,SY-D-039,ภาคใต้,306,5494
2026-05-05,AG-E-052,กรุงเทพฯ,126,2292
2026-05-05,AG-E-052,ภาคกลาง,103,2196
2026-05-05,AG-E-052,ภาคตะวันออก,85,1438
2026-05-05,AG-E-052,ภาคเหนือ,74,1247
2026-05-05,AG-E-052,ภาคใต้,91,1639
2026-05-06,TK-A-001,กรุงเทพฯ,178,3444
2026-05-06,TK-A-001,ภาคกลาง,158,2423
2026-05-06,TK-A-001,ภาคตะวันออก,105,1924
2026-05-06,TK-A-001,ภาคเหนือ,104,1628
2026-05-06,TK-A-001,ภาคใต้,131,2240
2026-05-06,GL-B-014,กรุงเทพฯ,855,19155
2026-05-06,GL-B-014,ภาคกลาง,718,13640
2026-05-06,GL-B-014,ภาคตะวันออก,555,8719
2026-05-06,GL-B-014,ภาคเหนือ,486,9696
2026-05-06,GL-B-014,ภาคใต้,565,12473
2026-05-06,MK-C-028,กรุงเทพฯ,713,11308
2026-05-06,MK-C-028,ภาคกลาง,513,8535
2026-05-06,MK-C-028,ภาคตะวันออก,386,7203
2026-05-06,MK-C-028,ภาคเหนือ,367,7307
2026-05-06,MK-C-028,ภาคใต้,488,7675
2026-05-06,SY-D-039,กรุงเทพฯ,414,8867
2026-05-06,SY-D-039,ภาคกลาง,366,7379
2026-05-06,SY-D-039,ภาคตะวันออก,290,5187
2026-05-06,SY-D-039,ภาคเหนือ,259,4513
2026-05-06,SY-D-039,ภาคใต้,300,5105
2026-05-06,AG-E-052,กรุงเทพฯ,127,2339
2026-05-06,AG-E-052,ภาคกลาง,112,1736
2026-05-06,AG-E-052,ภาคตะวันออก,74,1332
2026-05-06,AG-E-052,ภาคเหนือ,76,1204
2026-05-06,AG-E-052,ภาคใต้,87,1414
2026-05-07,TK-A-001,กรุงเทพฯ,176,2796
2026-05-07,TK-A-001,ภาคกลาง,141,2766
2026-05-07,TK-A-001,ภาคตะวันออก,100,1696
2026-05-07,TK-A-001,ภาคเหนือ,88,1504
2026-05-07,TK-A-001,ภาคใต้,113,2087
2026-05-07,GL-B-014,กรุงเทพฯ,941,14809
2026-05-07,GL-B-014,ภาคกลาง,787,13220
2026-05-07,GL-B-014,ภาคตะวันออก,521,8945
2026-05-07,GL-B-014,ภาคเหนือ,476,9374
2026-05-07,GL-B-014,ภาคใต้,636,12360
2026-05-07,MK-C-028,กรุงเทพฯ,646,11093
2026-05-07,MK-C-028,ภาคกลาง,544,10617
2026-05-07,MK-C-028,ภาคตะวันออก,370,7548
2026-05-07,MK-C-028,ภาคเหนือ,349,5656
2026-05-07,MK-C-028,ภาคใต้,479,7776
2026-05-07,SY-D-039,กรุงเทพฯ,414,7203
2026-05-07,SY-D-039,ภาคกลาง,360,6042
2026-05-07,SY-D-039,ภาคตะวันออก,283,4827
2026-05-07,SY-D-039,ภาคเหนือ,237,4501
2026-05-07,SY-D-039,ภาคใต้,306,5006
2026-05-07,AG-E-052,กรุงเทพฯ,138,2295
2026-05-07,AG-E-052,ภาคกลาง,112,1713
2026-05-07,AG-E-052,ภาคตะวันออก,84,1319
2026-05-07,AG-E-052,ภาคเหนือ,71,1430
2026-05-07,AG-E-052,ภาคใต้,95,1730
2026-05-08,TK-A-001,กรุงเทพฯ,183,3607
2026-05-08,TK-A-001,ภาคกลาง,155,2715
2026-05-08,TK-A-001,ภาคตะวันออก,113,1813
2026-05-08,TK-A-001,ภาคเหนือ,93,1879
2026-05-08,TK-A-001,ภาคใต้,111,2474
2026-05-08,GL-B-014,กรุงเทพฯ,993,17391
2026-05-08,GL-B-014,ภาคกลาง,677,14074
2026-05-08,GL-B-014,ภาคตะวันออก,521,9648
2026-05-08,GL-B-014,ภาคเหนือ,540,7698
2026-05-08,GL-B-014,ภาคใต้,594,10331
2026-05-08,MK-C-028,กรุงเทพฯ,719,13009
2026-05-08,MK-C-028,ภาคกลาง,527,9737
2026-05-08,MK-C-028,ภาคตะวันออก,415,6410
2026-05-08,MK-C-028,ภาคเหนือ,383,6063
2026-05-08,MK-C-028,ภาคใต้,426,7888
2026-05-08,SY-D-039,กรุงเทพฯ,480,7736
2026-05-08,SY-D-039,ภาคกลาง,359,6371
2026-05-08,SY-D-039,ภาคตะวันออก,260,4735
2026-05-08,SY-D-039,ภาคเหนือ,238,4108
2026-05-08,SY-D-039,ภาคใต้,279,5201
2026-05-08,AG-E-052,กรุงเทพฯ,138,2229
2026-05-08,AG-E-052,ภาคกลาง,119,2169
2026-05-08,AG-E-052,ภาคตะวันออก,88,1289
2026-05-08,AG-E-052,ภาคเหนือ,69,1465
2026-05-08,AG-E-052,ภาคใต้,97,1802
2026-05-09,TK-A-001,กรุงเทพฯ,166,3195
2026-05-09,TK-A-001,ภาคกลาง,150,2525
2026-05-09,TK-A-001,ภาคตะวันออก,114,1706
2026-05-09,TK-A-001,ภาคเหนือ,87,1657
2026-05-09,TK-A-001,ภาคใต้,108,2251
2026-05-09,GL-B-014,กรุงเทพฯ,982,18547
2026-05-09,GL-B-014,ภาคกลาง,709,14643
2026-05-09,GL-B-014,ภาคตะวันออก,595,9274
2026-05-09,GL-B-014,ภาคเหนือ,541,8419
2026-05-09,GL-B-014,ภาคใต้,617,12006
2026-05-09,MK-C-028,กรุงเทพฯ,722,11863
2026-05-09,MK-C-028,ภาคกลาง,524,9828
2026-05-09,MK-C-028,ภาคตะวันออก,394,7395
2026-05-09,MK-C-028,ภาคเหนือ,330,6654
2026-05-09,MK-C-028,ภาคใต้,493,7883
2026-05-09,SY-D-039,กรุงเทพฯ,420,7849
2026-05-09,SY-D-039,ภาคกลาง,377,7188
2026-05-09,SY-D-039,ภาคตะวันออก,259,4719
2026-05-09,SY-D-039,ภาคเหนือ,252,4360
2026-05-09,SY-D-039,ภาคใต้,315,5585
2026-05-09,AG-E-052,กรุงเทพฯ,122,2577
2026-05-09,AG-E-052,ภาคกลาง,117,2185
2026-05-09,AG-E-052,ภาคตะวันออก,88,1332
2026-05-09,AG-E-052,ภาคเหนือ,78,1460
2026-05-09,AG-E-052,ภาคใต้,92,1500
2026-05-10,TK-A-001,กรุงเทพฯ,182,3229
2026-05-10,TK-A-001,ภาคกลาง,142,2432
2026-05-10,TK-A-001,ภาคตะวันออก,99,1719
2026-05-10,TK-A-001,ภาคเหนือ,103,1783
2026-05-10,TK-A-001,ภาคใต้,115,2434
2026-05-10,GL-B-014,กรุงเทพฯ,907,14547
2026-05-10,GL-B-014,ภาคกลาง,701,15296
2026-05-10,GL-B-014,ภาคตะวันออก,548,9084
2026-05-10,GL-B-014,ภาคเหนือ,500,7645
2026-05-10,GL-B-014,ภาคใต้,659,11520
2026-05-10,MK-C-028,กรุงเทพฯ,740,10410
2026-05-10,MK-C-028,ภาคกลาง,537,9705
2026-05-10,MK-C-028,ภาคตะวันออก,444,6202
2026-05-10,MK-C-028,ภาคเหนือ,386,6449
2026-05-10,MK-C-028,ภาคใต้,466,7064
2026-05-10,SY-D-039,กรุงเทพฯ,442,7449
2026-05-10,SY-D-039,ภาคกลาง,356,6892
2026-05-10,SY-D-039,ภาคตะวันออก,269,5147
2026-05-10,SY-D-039,ภาคเหนือ,258,4453
2026-05-10,SY-D-039,ภาคใต้,293,5613
2026-05-10,AG-E-052,กรุงเทพฯ,145,2535
2026-05-10,AG-E-052,ภาคกลาง,115,2228
2026-05-10,AG-E-052,ภาคตะวันออก,76,1646
2026-05-10,AG-E-052,ภาคเหนือ,75,1172
2026-05-10,AG-E-052,ภาคใต้,90,1759
2026-05-11,TK-A-001,กรุงเทพฯ,168,3178
2026-05-11,TK-A-001,ภาคกลาง,133,2366
2026-05-11,TK-A-001,ภาคตะวันออก,117,2020
2026-05-11,TK-A-001,ภาคเหนือ,102,1603
2026-05-11,TK-A-001,ภาคใต้,113,2085
2026-05-11,GL-B-014,กรุงเทพฯ,839,15462
2026-05-11,GL-B-014,ภาคกลาง,816,12631
2026-05-11,GL-B-014,ภาคตะวันออก,606,10926
2026-05-11,GL-B-014,ภาคเหนือ,475,9347
2026-05-11,GL-B-014,ภาคใต้,681,9826
2026-05-11,MK-C-028,กรุงเทพฯ,690,13130
2026-05-11,MK-C-028,ภาคกลาง,564,11147
2026-05-11,MK-C-028,ภาคตะวันออก,434,6424
2026-05-11,MK-C-028,ภาคเหนือ,395,6552
2026-05-11,MK-C-028,ภาคใต้,473,8630
2026-05-11,SY-D-039,กรุงเทพฯ,421,7905
2026-05-11,SY-D-039,ภาคกลาง,368,6400
2026-05-11,SY-D-039,ภาคตะวันออก,288,4498
2026-05-11,SY-D-039,ภาคเหนือ,254,4054
2026-05-11,SY-D-039,ภาคใต้,314,5433
2026-05-11,AG-E-052,กรุงเทพฯ,129,2430
2026-05-11,AG-E-052,ภาคกลาง,107,2201
2026-05-11,AG-E-052,ภาคตะวันออก,77,1516
2026-05-11,AG-E-052,ภาคเหนือ,76,1220
2026-05-11,AG-E-052,ภาคใต้,94,1634
2026-05-12,TK-A-001,กรุงเทพฯ,163,2912
2026-05-12,TK-A-001,ภาคกลาง,134,2782
2026-05-12,TK-A-001,ภาคตะวันออก,101,2174
2026-05-12,TK-A-001,ภาคเหนือ,87,1554
2026-05-12,TK-A-001,ภาคใต้,116,1853
2026-05-12,GL-B-014,กรุงเทพฯ,994,17865
2026-05-12,GL-B-014,ภาคกลาง,769,14794
2026-05-12,GL-B-014,ภาคตะวันออก,575,9881
2026-05-12,GL-B-014,ภาคเหนือ,457,9404
2026-05-12,GL-B-014,ภาคใต้,605,10329
2026-05-12,MK-C-028,กรุงเทพฯ,697,11506
2026-05-12,MK-C-028,ภาคกลาง,537,8975
2026-05-12,MK-C-028,ภาคตะวันออก,390,7536
2026-05-12,MK-C-028,ภาคเหนือ,366,6322
2026-05-12,MK-C-028,ภาคใต้,486,6950
2026-05-12,SY-D-039,กรุงเทพฯ,437,9311
2026-05-12,SY-D-039,ภาคกลาง,382,7048
2026-05-12,SY-D-039,ภาคตะวันออก,273,5387
2026-05-12,SY-D-039,ภาคเหนือ,223,4968
2026-05-12,SY-D-039,ภาคใต้,279,5803
2026-05-12,AG-E-052,กรุงเทพฯ,141,2486
2026-05-12,AG-E-052,ภาคกลาง,115,1774
2026-05-12,AG-E-052,ภาคตะวันออก,73,1327
2026-05-12,AG-E-052,ภาคเหนือ,70,1294
2026-05-12,AG-E-052,ภาคใต้,83,1605
2026-05-13,TK-A-001,กรุงเทพฯ,195,3574
2026-05-13,TK-A-001,ภาคกลาง,158,2911
2026-05-13,TK-A-001,ภาคตะวันออก,106,2155
2026-05-13,TK-A-001,ภาคเหนือ,100,1816
2026-05-13,TK-A-001,ภาคใต้,125,2464
2026-05-13,GL-B-014,กรุงเทพฯ,843,18934
2026-05-13,GL-B-014,ภาคกลาง,719,11695
2026-05-13,GL-B-014,ภาคตะวันออก,548,9889
2026-05-13,GL-B-014,ภาคเหนือ,467,7593
2026-05-13,GL-B-014,ภาคใต้,680,11658
2026-05-13,MK-C-028,กรุงเทพฯ,619,11282
2026-05-13,MK-C-028,ภาคกลาง,519,9210
2026-05-13,MK-C-028,ภาคตะวันออก,433,6771
2026-05-13,MK-C-028,ภาคเหนือ,350,7081
2026-05-13,MK-C-028,ภาคใต้,452,6966
2026-05-13,SY-D-039,กรุงเทพฯ,440,7036
2026-05-13,SY-D-039,ภาคกลาง,357,7433
2026-05-13,SY-D-039,ภาคตะวันออก,273,4461
2026-05-13,SY-D-039,ภาคเหนือ,256,4221
2026-05-13,SY-D-039,ภาคใต้,299,5357
2026-05-13,AG-E-052,กรุงเทพฯ,142,2547
2026-05-13,AG-E-052,ภาคกลาง,98,1780
2026-05-13,AG-E-052,ภาคตะวันออก,81,1286
2026-05-13,AG-E-052,ภาคเหนือ,68,1119
2026-05-13,AG-E-052,ภาคใต้,88,1680
2026-05-14,TK-A-001,กรุงเทพฯ,185,3617
2026-05-14,TK-A-001,ภาคกลาง,155,2934
2026-05-14,TK-A-001,ภาคตะวันออก,100,1861
2026-05-14,TK-A-001,ภาคเหนือ,96,1495
2026-05-14,TK-A-001,ภาคใต้,126,1970
2026-05-14,GL-B-014,กรุงเทพฯ,932,18320
2026-05-14,GL-B-014,ภาคกลาง,763,12765
2026-05-14,GL-B-014,ภาคตะวันออก,504,9113
2026-05-14,GL-B-014,ภาคเหนือ,530,10053
2026-05-14,GL-B-014,ภาคใต้,627,12257
2026-05-14,MK-C-028,กรุงเทพฯ,642,11558
2026-05-14,MK-C-028,ภาคกลาง,512,11031
2026-05-14,MK-C-028,ภาคตะวันออก,430,6765
2026-05-14,MK-C-028,ภาคเหนือ,344,6976
2026-05-14,MK-C-028,ภาคใต้,483,9174
2026-05-14,SY-D-039,กรุงเทพฯ,429,8748
2026-05-14,SY-D-039,ภาคกลาง,361,6416
2026-05-14,SY-D-039,ภาคตะวันออก,284,5363
2026-05-14,SY-D-039,ภาคเหนือ,261,4597
2026-05-14,SY-D-039,ภาคใต้,316,5915
2026-05-14,AG-E-052,กรุงเทพฯ,130,2161
2026-05-14,AG-E-052,ภาคกลาง,105,2190
2026-05-14,AG-E-052,ภาคตะวันออก,87,1527
2026-05-14,AG-E-052,ภาคเหนือ,71,1305
2026-05-14,AG-E-052,ภาคใต้,95,1543
2026-05-15,TK-A-001,กรุงเทพฯ,184,3533
2026-05-15,TK-A-001,ภาคกลาง,142,2615
2026-05-15,TK-A-001,ภาคตะวันออก,99,1868
2026-05-15,TK-A-001,ภาคเหนือ,90,1805
2026-05-15,TK-A-001,ภาคใต้,127,1848
2026-05-15,GL-B-014,กรุงเทพฯ,882,19058
2026-05-15,GL-B-014,ภาคกลาง,809,11565
2026-05-15,GL-B-014,ภาคตะวันออก,566,11065
2026-05-15,GL-B-014,ภาคเหนือ,545,9918
2026-05-15,GL-B-014,ภาคใต้,589,10788
2026-05-15,MK-C-028,กรุงเทพฯ,740,13561
2026-05-15,MK-C-028,ภาคกลาง,510,9794
2026-05-15,MK-C-028,ภาคตะวันออก,422,7872
2026-05-15,MK-C-028,ภาคเหนือ,351,7053
2026-05-15,MK-C-028,ภาคใต้,456,8442
2026-05-15,SY-D-039,กรุงเทพฯ,476,8212
2026-05-15,SY-D-039,ภาคกลาง,333,7258
2026-05-15,SY-D-039,ภาคตะวันออก,252,4523
2026-05-15,SY-D-039,ภาคเหนือ,244,4362
2026-05-15,SY-D-039,ภาคใต้,276,4877
2026-05-15,AG-E-052,กรุงเทพฯ,143,2227
2026-05-15,AG-E-052,ภาคกลาง,108,1870
2026-05-15,AG-E-052,ภาคตะวันออก,79,1525
2026-05-15,AG-E-052,ภาคเหนือ,68,1163
2026-05-15,AG-E-052,ภาคใต้,82,1733
2026-05-16,TK-A-001,กรุงเทพฯ,175,3074
2026-05-16,TK-A-001,ภาคกลาง,156,2716
2026-05-16,TK-A-001,ภาคตะวันออก,110,1963
2026-05-16,TK-A-001,ภาคเหนือ,104,1513
2026-05-16,TK-A-001,ภาคใต้,125,1840
2026-05-16,GL-B-014,กรุงเทพฯ,1019,18132
2026-05-16,GL-B-014,ภาคกลาง,797,12551
2026-05-16,GL-B-014,ภาคตะวันออก,546,10066
2026-05-16,GL-B-014,ภาคเหนือ,484,9543
2026-05-16,GL-B-014,ภาคใต้,612,9916
2026-05-16,MK-C-028,กรุงเทพฯ,667,13399
2026-05-16,MK-C-028,ภาคกลาง,558,8316
2026-05-16,MK-C-028,ภาคตะวันออก,370,8171
2026-05-16,MK-C-028,ภาคเหนือ,350,6217
2026-05-16,MK-C-028,ภาคใต้,455,7582
2026-05-16,SY-D-039,กรุงเทพฯ,460,9268
2026-05-16,SY-D-039,ภาคกลาง,346,6355
2026-05-16,SY-D-039,ภาคตะวันออก,279,5027
2026-05-16,SY-D-039,ภาคเหนือ,244,4319
2026-05-16,SY-D-039,ภาคใต้,325,6127
2026-05-16,AG-E-052,กรุงเทพฯ,139,2788
2026-05-16,AG-E-052,ภาคกลาง,103,2086
2026-05-16,AG-E-052,ภาคตะวันออก,80,1255
2026-05-16,AG-E-052,ภาคเหนือ,77,1426
2026-05-16,AG-E-052,ภาคใต้,95,1396
2026-05-17,TK-A-001,กรุงเทพฯ,188,3654
2026-05-17,TK-A-001,ภาคกลาง,133,2859
2026-05-17,TK-A-001,ภาคตะวันออก,106,1879
2026-05-17,TK-A-001,ภาคเหนือ,99,1845
2026-05-17,TK-A-001,ภาคใต้,125,2178
2026-05-17,GL-B-014,กรุงเทพฯ,1013,18166
2026-05-17,GL-B-014,ภาคกลาง,719,15363
2026-05-17,GL-B-014,ภาคตะวันออก,607,10227
2026-05-17,GL-B-014,ภาคเหนือ,527,8417
2026-05-17,GL-B-014,ภาคใต้,608,12757
2026-05-17,MK-C-028,กรุงเทพฯ,648,13057
2026-05-17,MK-C-028,ภาคกลาง,519,10897
2026-05-17,MK-C-028,ภาคตะวันออก,431,8229
2026-05-17,MK-C-028,ภาคเหนือ,368,7346
2026-05-17,MK-C-028,ภาคใต้,407,9125
2026-05-17,SY-D-039,กรุงเทพฯ,473,7552
2026-05-17,SY-D-039,ภาคกลาง,389,7005
2026-05-17,SY-D-039,ภาคตะวันออก,248,4977
2026-05-17,SY-D-039,ภาคเหนือ,250,4506
2026-05-17,SY-D-039,ภาคใต้,280,5357
2026-05-17,AG-E-052,กรุงเทพฯ,123,2118
2026-05-17,AG-E-052,ภาคกลาง,107,2187
2026-05-17,AG-E-052,ภาคตะวันออก,75,1662
2026-05-17,AG-E-052,ภาคเหนือ,77,1300
2026-05-17,AG-E-052,ภาคใต้,85,1561
2026-05-18,TK-A-001,กรุงเทพฯ,170,3453
2026-05-18,TK-A-001,ภาคกลาง,138,2367
2026-05-18,TK-A-001,ภาคตะวันออก,119,1857
2026-05-18,TK-A-001,ภาคเหนือ,87,1625
2026-05-18,TK-A-001,ภาคใต้,128,2410
2026-05-18,GL-B-014,กรุงเทพฯ,960,17425
2026-05-18,GL-B-014,ภาคกลาง,757,13277
2026-05-18,GL-B-014,ภาคตะวันออก,599,10305
2026-05-18,GL-B-014,ภาคเหนือ,477,9356
2026-05-18,GL-B-014,ภาคใต้,663,10887
2026-05-18,MK-C-028,กรุงเทพฯ,727,11164
2026-05-18,MK-C-028,ภาคกลาง,583,9728
2026-05-18,MK-C-028,ภาคตะวันออก,411,7622
2026-05-18,MK-C-028,ภาคเหนือ,326,7330
2026-05-18,MK-C-028,ภาคใต้,434,6993
2026-05-18,SY-D-039,กรุงเทพฯ,429,8190
2026-05-18,SY-D-039,ภาคกลาง,345,6834
2026-05-18,SY-D-039,ภาคตะวันออก,286,4691
2026-05-18,SY-D-039,ภาคเหนือ,232,4182
2026-05-18,SY-D-039,ภาคใต้,274,5248
2026-05-18,AG-E-052,กรุงเทพฯ,124,2378
2026-05-18,AG-E-052,ภาคกลาง,110,2046
2026-05-18,AG-E-052,ภาคตะวันออก,77,1508
2026-05-18,AG-E-052,ภาคเหนือ,77,1248
2026-05-18,AG-E-052,ภาคใต้,94,1809
2026-05-19,TK-A-001,กรุงเทพฯ,190,3415
2026-05-19,TK-A-001,ภาคกลาง,137,2616
2026-05-19,TK-A-001,ภาคตะวันออก,111,2180
2026-05-19,TK-A-001,ภาคเหนือ,93,1812
2026-05-19,TK-A-001,ภาคใต้,113,2333
2026-05-19,GL-B-014,กรุงเทพฯ,937,18626
2026-05-19,GL-B-014,ภาคกลาง,758,13694
2026-05-19,GL-B-014,ภาคตะวันออก,592,8614
2026-05-19,GL-B-014,ภาคเหนือ,475,9329
2026-05-19,GL-B-014,ภาคใต้,579,11307
2026-05-19,MK-C-028,กรุงเทพฯ,618,11663
2026-05-19,MK-C-028,ภาคกลาง,486,10724
2026-05-19,MK-C-028,ภาคตะวันออก,429,7421
2026-05-19,MK-C-028,ภาคเหนือ,357,6759
2026-05-19,MK-C-028,ภาคใต้,451,7430
2026-05-19,SY-D-039,กรุงเทพฯ,438,7569
2026-05-19,SY-D-039,ภาคกลาง,331,6909
2026-05-19,SY-D-039,ภาคตะวันออก,247,4665
2026-05-19,SY-D-039,ภาคเหนือ,246,4893
2026-05-19,SY-D-039,ภาคใต้,292,5112
2026-05-19,AG-E-052,กรุงเทพฯ,147,2168
2026-05-19,AG-E-052,ภาคกลาง,105,2043
2026-05-19,AG-E-052,ภาคตะวันออก,78,1398
2026-05-19,AG-E-052,ภาคเหนือ,65,1145
2026-05-19,AG-E-052,ภาคใต้,98,1725
2026-05-20,TK-A-001,กรุงเทพฯ,186,3502
2026-05-20,TK-A-001,ภาคกลาง,131,2891
2026-05-20,TK-A-001,ภาคตะวันออก,110,1717
2026-05-20,TK-A-001,ภาคเหนือ,95,1803
2026-05-20,TK-A-001,ภาคใต้,127,2128
2026-05-20,GL-B-014,กรุงเทพฯ,1001,15658
2026-05-20,GL-B-014,ภาคกลาง,700,11581
2026-05-20,GL-B-014,ภาคตะวันออก,505,9029
2026-05-20,GL-B-014,ภาคเหนือ,480,8070
2026-05-20,GL-B-014,ภาคใต้,561,12348
2026-05-20,MK-C-028,กรุงเทพฯ,696,12911
2026-05-20,MK-C-028,ภาคกลาง,565,9940
2026-05-20,MK-C-028,ภาคตะวันออก,401,6292
2026-05-20,MK-C-028,ภาคเหนือ,389,7158
2026-05-20,MK-C-028,ภาคใต้,423,8122
2026-05-20,SY-D-039,กรุงเทพฯ,456,8381
2026-05-20,SY-D-039,ภาคกลาง,340,6459
2026-05-20,SY-D-039,ภาคตะวันออก,289,4481
2026-05-20,SY-D-039,ภาคเหนือ,237,4848
2026-05-20,SY-D-039,ภาคใต้,314,4769
2026-05-20,AG-E-052,กรุงเทพฯ,134,2707
2026-05-20,AG-E-052,ภาคกลาง,105,2117
2026-05-20,AG-E-052,ภาคตะวันออก,77,1506
2026-05-20,AG-E-052,ภาคเหนือ,71,1474
2026-05-20,AG-E-052,ภาคใต้,87,1798
2026-05-21,TK-A-001,กรุงเทพฯ,195,3203
2026-05-21,TK-A-001,ภาคกลาง,153,2673
2026-05-21,TK-A-001,ภาคตะวันออก,100,1895
2026-05-21,TK-A-001,ภาคเหนือ,90,1765
2026-05-21,TK-A-001,ภาคใต้,114,1874
2026-05-21,GL-B-014,กรุงเทพฯ,952,19174
2026-05-21,GL-B-014,ภาคกลาง,755,14259
2026-05-21,GL-B-014,ภาคตะวันออก,558,10272
2026-05-21,GL-B-014,ภาคเหนือ,476,8368
2026-05-21,GL-B-014,ภาคใต้,639,11547
2026-05-21,MK-C-028,กรุงเทพฯ,623,13840
2026-05-21,MK-C-028,ภาคกลาง,546,10393
2026-05-21,MK-C-028,ภาคตะวันออก,432,6357
2026-05-21,MK-C-028,ภาคเหนือ,365,6649
2026-05-21,MK-C-028,ภาคใต้,476,7808
2026-05-21,SY-D-039,กรุงเทพฯ,458,8776
2026-05-21,SY-D-039,ภาคกลาง,346,5819
2026-05-21,SY-D-039,ภาคตะวันออก,294,4847
2026-05-21,SY-D-039,ภาคเหนือ,258,4755
2026-05-21,SY-D-039,ภาคใต้,319,5850
2026-05-21,AG-E-052,กรุงเทพฯ,137,2135
2026-05-21,AG-E-052,ภาคกลาง,109,1951
2026-05-21,AG-E-052,ภาคตะวันออก,74,1549
2026-05-21,AG-E-052,ภาคเหนือ,71,1240
2026-05-21,AG-E-052,ภาคใต้,82,1607
2026-05-22,TK-A-001,กรุงเทพฯ,192,3067
2026-05-22,TK-A-001,ภาคกลาง,134,2236
2026-05-22,TK-A-001,ภาคตะวันออก,116,2093
2026-05-22,TK-A-001,ภาคเหนือ,95,1733
2026-05-22,TK-A-001,ภาคใต้,113,2355
2026-05-22,GL-B-014,กรุงเทพฯ,889,14421
2026-05-22,GL-B-014,ภาคกลาง,813,14253
2026-05-22,GL-B-014,ภาคตะวันออก,507,11323
2026-05-22,GL-B-014,ภาคเหนือ,511,9081
2026-05-22,GL-B-014,ภาคใต้,661,12276
2026-05-22,MK-C-028,กรุงเทพฯ,637,10838
2026-05-22,MK-C-028,ภาคกลาง,549,8679
2026-05-22,MK-C-028,ภาคตะวันออก,391,6774
2026-05-22,MK-C-028,ภาคเหนือ,377,6693
2026-05-22,MK-C-028,ภาคใต้,426,8357
2026-05-22,SY-D-039,กรุงเทพฯ,466,8835
2026-05-22,SY-D-039,ภาคกลาง,330,7092
2026-05-22,SY-D-039,ภาคตะวันออก,270,4146
2026-05-22,SY-D-039,ภาคเหนือ,216,4524
2026-05-22,SY-D-039,ภาคใต้,319,5525
2026-05-22,AG-E-052,กรุงเทพฯ,126,2271
2026-05-22,AG-E-052,ภาคกลาง,112,2158
2026-05-22,AG-E-052,ภาคตะวันออก,81,1647
2026-05-22,AG-E-052,ภาคเหนือ,78,1222
2026-05-22,AG-E-052,ภาคใต้,82,1714
2026-05-23,TK-A-001,กรุงเทพฯ,162,2986
2026-05-23,TK-A-001,ภาคกลาง,133,2273
2026-05-23,TK-A-001,ภาคตะวันออก,103,1921
2026-05-23,TK-A-001,ภาคเหนือ,91,1791
2026-05-23,TK-A-001,ภาคใต้,131,2336
2026-05-23,GL-B-014,กรุงเทพฯ,900,17044
2026-05-23,GL-B-014,ภาคกลาง,763,14878
2026-05-23,GL-B-014,ภาคตะวันออก,508,10302
2026-05-23,GL-B-014,ภาคเหนือ,448,8555
2026-05-23,GL-B-014,ภาคใต้,594,9804
2026-05-23,MK-C-028,กรุงเทพฯ,734,13331
2026-05-23,MK-C-028,ภาคกลาง,551,9011
2026-05-23,MK-C-028,ภาคตะวันออก,400,6472
2026-05-23,MK-C-028,ภาคเหนือ,366,5778
2026-05-23,MK-C-028,ภาคใต้,449,7967
2026-05-23,SY-D-039,กรุงเทพฯ,483,8080
2026-05-23,SY-D-039,ภาคกลาง,365,6885
2026-05-23,SY-D-039,ภาคตะวันออก,245,4149
2026-05-23,SY-D-039,ภาคเหนือ,222,4174
2026-05-23,SY-D-039,ภาคใต้,311,4861
2026-05-23,AG-E-052,กรุงเทพฯ,141,2700
2026-05-23,AG-E-052,ภาคกลาง,108,2180
2026-05-23,AG-E-052,ภาคตะวันออก,77,1609
2026-05-23,AG-E-052,ภาคเหนือ,78,1424
2026-05-23,AG-E-052,ภาคใต้,93,1578
2026-05-24,TK-A-001,กรุงเทพฯ,192,3414
2026-05-24,TK-A-001,ภาคกลาง,135,2886
2026-05-24,TK-A-001,ภาคตะวันออก,110,1746
2026-05-24,TK-A-001,ภาคเหนือ,98,1680
2026-05-24,TK-A-001,ภาคใต้,127,2158
2026-05-24,GL-B-014,กรุงเทพฯ,910,14442
2026-05-24,GL-B-014,ภาคกลาง,696,12386
2026-05-24,GL-B-014,ภาคตะวันออก,592,10729
2026-05-24,GL-B-014,ภาคเหนือ,462,8242
2026-05-24,GL-B-014,ภาคใต้,675,10625
2026-05-24,MK-C-028,กรุงเทพฯ,738,12818
2026-05-24,MK-C-028,ภาคกลาง,560,10915
2026-05-24,MK-C-028,ภาคตะวันออก,422,7891
2026-05-24,MK-C-028,ภาคเหนือ,379,6440
2026-05-24,MK-C-028,ภาคใต้,434,7967
2026-05-24,SY-D-039,กรุงเทพฯ,455,7664
2026-05-24,SY-D-039,ภาคกลาง,361,7402
2026-05-24,SY-D-039,ภาคตะวันออก,261,4782
2026-05-24,SY-D-039,ภาคเหนือ,226,4488
2026-05-24,SY-D-039,ภาคใต้,324,5612
2026-05-24,AG-E-052,กรุงเทพฯ,123,2519
2026-05-24,AG-E-052,ภาคกลาง,98,1879
2026-05-24,AG-E-052,ภาคตะวันออก,84,1662
2026-05-24,AG-E-052,ภาคเหนือ,67,1338
2026-05-24,AG-E-052,ภาคใต้,90,1414
2026-05-25,TK-A-001,กรุงเทพฯ,196,3544
2026-05-25,TK-A-001,ภาคกลาง,143,2327
2026-05-25,TK-A-001,ภาคตะวันออก,100,1782
2026-05-25,TK-A-001,ภาคเหนือ,91,1865
2026-05-25,TK-A-001,ภาคใต้,115,1899
2026-05-25,GL-B-014,กรุงเทพฯ,922,14396
2026-05-25,GL-B-014,ภาคกลาง,811,11610
2026-05-25,GL-B-014,ภาคตะวันออก,610,10037
2026-05-25,GL-B-014,ภาคเหนือ,500,8422
2026-05-25,GL-B-014,ภาคใต้,636,11172
2026-05-25,MK-C-028,กรุงเทพฯ,696,10479
2026-05-25,MK-C-028,ภาคกลาง,533,9957
2026-05-25,MK-C-028,ภาคตะวันออก,423,6959
2026-05-25,MK-C-028,ภาคเหนือ,367,6180
2026-05-25,MK-C-028,ภาคใต้,419,8085
2026-05-25,SY-D-039,กรุงเทพฯ,484,8710
2026-05-25,SY-D-039,ภาคกลาง,376,6245
2026-05-25,SY-D-039,ภาคตะวันออก,273,5275
2026-05-25,SY-D-039,ภาคเหนือ,260,4279
2026-05-25,SY-D-039,ภาคใต้,305,6076
2026-05-25,AG-E-052,กรุงเทพฯ,146,2507
2026-05-25,AG-E-052,ภาคกลาง,98,2176
2026-05-25,AG-E-052,ภาคตะวันออก,77,1426
2026-05-25,AG-E-052,ภาคเหนือ,73,1381
2026-05-25,AG-E-052,ภาคใต้,88,1540
2026-05-26,TK-A-001,กรุงเทพฯ,197,3555
2026-05-26,TK-A-001,ภาคกลาง,155,2370
2026-05-26,TK-A-001,ภาคตะวันออก,106,2175
2026-05-26,TK-A-001,ภาคเหนือ,99,1659
2026-05-26,TK-A-001,ภาคใต้,123,2349
2026-05-26,GL-B-014,กรุงเทพฯ,940,15997
2026-05-26,GL-B-014,ภาคกลาง,788,13263
2026-05-26,GL-B-014,ภาคตะวันออก,534,10615
2026-05-26,GL-B-014,ภาคเหนือ,510,10148
2026-05-26,GL-B-014,ภาคใต้,643,11621
2026-05-26,MK-C-028,กรุงเทพฯ,685,12991
2026-05-26,MK-C-028,ภาคกลาง,536,9676
2026-05-26,MK-C-028,ภาคตะวันออก,385,6299
2026-05-26,MK-C-028,ภาคเหนือ,392,5636
2026-05-26,MK-C-028,ภาคใต้,458,7036
2026-05-26,SY-D-039,กรุงเทพฯ,471,7998
2026-05-26,SY-D-039,ภาคกลาง,352,7137
2026-05-26,SY-D-039,ภาคตะวันออก,254,4209
2026-05-26,SY-D-039,ภาคเหนือ,247,4372
2026-05-26,SY-D-039,ภาคใต้,329,5347
2026-05-26,AG-E-052,กรุงเทพฯ,147,2368
2026-05-26,AG-E-052,ภาคกลาง,102,2224
2026-05-26,AG-E-052,ภาคตะวันออก,82,1403
2026-05-26,AG-E-052,ภาคเหนือ,65,1286
2026-05-26,AG-E-052,ภาคใต้,84,1507
2026-05-27,TK-A-001,กรุงเทพฯ,184,2800
2026-05-27,TK-A-001,ภาคกลาง,137,2325
2026-05-27,TK-A-001,ภาคตะวันออก,114,2118
2026-05-27,TK-A-001,ภาคเหนือ,103,1568
2026-05-27,TK-A-001,ภาคใต้,126,2118
2026-05-27,GL-B-014,กรุงเทพฯ,998,18766
2026-05-27,GL-B-014,ภาคกลาง,670,14187
2026-05-27,GL-B-014,ภาคตะวันออก,511,11530
2026-05-27,GL-B-014,ภาคเหนือ,535,9700
2026-05-27,GL-B-014,ภาคใต้,566,12636
2026-05-27,MK-C-028,กรุงเทพฯ,698,11230
2026-05-27,MK-C-028,ภาคกลาง,526,8340
2026-05-27,MK-C-028,ภาคตะวันออก,372,6208
2026-05-27,MK-C-028,ภาคเหนือ,342,6629
2026-05-27,MK-C-028,ภาคใต้,469,8191
2026-05-27,SY-D-039,กรุงเทพฯ,452,8156
2026-05-27,SY-D-039,ภาคกลาง,361,6171
2026-05-27,SY-D-039,ภาคตะวันออก,294,5001
2026-05-27,SY-D-039,ภาคเหนือ,240,3910
2026-05-27,SY-D-039,ภาคใต้,277,5794
2026-05-27,AG-E-052,กรุงเทพฯ,134,2665
2026-05-27,AG-E-052,ภาคกลาง,100,1986
2026-05-27,AG-E-052,ภาคตะวันออก,87,1306
2026-05-27,AG-E-052,ภาคเหนือ,68,1468
2026-05-27,AG-E-052,ภาคใต้,97,1853
2026-05-28,TK-A-001,กรุงเทพฯ,194,3706
2026-05-28,TK-A-001,ภาคกลาง,147,2893
2026-05-28,TK-A-001,ภาคตะวันออก,99,1736
2026-05-28,TK-A-001,ภาคเหนือ,93,1925
2026-05-28,TK-A-001,ภาคใต้,125,1919
2026-05-28,GL-B-014,กรุงเทพฯ,933,18084
2026-05-28,GL-B-014,ภาคกลาง,697,14290
2026-05-28,GL-B-014,ภาคตะวันออก,604,10025
2026-05-28,GL-B-014,ภาคเหนือ,469,10028
2026-05-28,GL-B-014,ภาคใต้,592,12366
2026-05-28,MK-C-028,กรุงเทพฯ,709,13320
2026-05-28,MK-C-028,ภาคกลาง,493,9277
2026-05-28,MK-C-028,ภาคตะวันออก,436,6969
2026-05-28,MK-C-028,ภาคเหนือ,358,7439
2026-05-28,MK-C-028,ภาคใต้,494,8197
2026-05-28,SY-D-039,กรุงเทพฯ,466,8130
2026-05-28,SY-D-039,ภาคกลาง,366,7431
2026-05-28,SY-D-039,ภาคตะวันออก,272,4339
2026-05-28,SY-D-039,ภาคเหนือ,261,4943
2026-05-28,SY-D-039,ภาคใต้,286,6026
2026-05-28,AG-E-052,กรุงเทพฯ,135,2095
2026-05-28,AG-E-052,ภาคกลาง,97,1727
2026-05-28,AG-E-052,ภาคตะวันออก,83,1273
2026-05-28,AG-E-052,ภาคเหนือ,78,1415
2026-05-28,AG-E-052,ภาคใต้,99,1575
2026-05-29,TK-A-001,กรุงเทพฯ,181,3359
2026-05-29,TK-A-001,ภาคกลาง,132,2393
2026-05-29,TK-A-001,ภาคตะวันออก,111,2210
2026-05-29,TK-A-001,ภาคเหนือ,93,1718
2026-05-29,TK-A-001,ภาคใต้,115,2144
2026-05-29,GL-B-014,กรุงเทพฯ,956,18471
2026-05-29,GL-B-014,ภาคกลาง,747,13812
2026-05-29,GL-B-014,ภาคตะวันออก,601,10819
2026-05-29,GL-B-014,ภาคเหนือ,462,8521
2026-05-29,GL-B-014,ภาคใต้,577,11036
2026-05-29,MK-C-028,กรุงเทพฯ,643,10819
2026-05-29,MK-C-028,ภาคกลาง,491,9060
2026-05-29,MK-C-028,ภาคตะวันออก,374,7636
2026-05-29,MK-C-028,ภาคเหนือ,344,7437
2026-05-29,MK-C-028,ภาคใต้,429,9090
2026-05-29,SY-D-039,กรุงเทพฯ,433,8950
2026-05-29,SY-D-039,ภาคกลาง,370,7147
2026-05-29,SY-D-039,ภาคตะวันออก,289,4911
2026-05-29,SY-D-039,ภาคเหนือ,235,4220
2026-05-29,SY-D-039,ภาคใต้,298,4822
2026-05-29,AG-E-052,กรุงเทพฯ,129,2742
2026-05-29,AG-E-052,ภาคกลาง,106,1721
2026-05-29,AG-E-052,ภาคตะวันออก,77,1589
2026-05-29,AG-E-052,ภาคเหนือ,76,1305
2026-05-29,AG-E-052,ภาคใต้,81,1579
2026-05-30,TK-A-001,กรุงเทพฯ,182,2962
2026-05-30,TK-A-001,ภาคกลาง,155,2641
2026-05-30,TK-A-001,ภาคตะวันออก,107,2087
2026-05-30,TK-A-001,ภาคเหนือ,90,1718
2026-05-30,TK-A-001,ภาคใต้,124,1890
2026-05-30,GL-B-014,กรุงเทพฯ,912,18026
2026-05-30,GL-B-014,ภาคกลาง,759,13210
2026-05-30,GL-B-014,ภาคตะวันออก,596,9970
2026-05-30,GL-B-014,ภาคเหนือ,489,10056
2026-05-30,GL-B-014,ภาคใต้,651,10652
2026-05-30,MK-C-028,กรุงเทพฯ,616,12093
2026-05-30,MK-C-028,ภาคกลาง,555,10484
2026-05-30,MK-C-028,ภาคตะวันออก,408,7998
2026-05-30,MK-C-028,ภาคเหนือ,344,7387
2026-05-30,MK-C-028,ภาคใต้,460,9263
2026-05-30,SY-D-039,กรุงเทพฯ,457,8923
2026-05-30,SY-D-039,ภาคกลาง,358,6598
2026-05-30,SY-D-039,ภาคตะวันออก,287,5497
2026-05-30,SY-D-039,ภาคเหนือ,245,4092
2026-05-30,SY-D-039,ภาคใต้,270,5871
2026-05-30,AG-E-052,กรุงเทพฯ,130,2186
2026-05-30,AG-E-052,ภาคกลาง,105,2024
2026-05-30,AG-E-052,ภาคตะวันออก,81,1630
2026-05-30,AG-E-052,ภาคเหนือ,69,1121
2026-05-30,AG-E-052,ภาคใต้,92,1538
2026-05-31,TK-A-001,กรุงเทพฯ,169,2913
2026-05-31,TK-A-001,ภาคกลาง,149,2669
2026-05-31,TK-A-001,ภาคตะวันออก,99,1922
2026-05-31,TK-A-001,ภาคเหนือ,92,1796
2026-05-31,TK-A-001,ภาคใต้,127,2036
2026-05-31,GL-B-014,กรุงเทพฯ,993,15593
2026-05-31,GL-B-014,ภาคกลาง,692,14131
2026-05-31,GL-B-014,ภาคตะวันออก,583,10150
2026-05-31,GL-B-014,ภาคเหนือ,538,9869
2026-05-31,GL-B-014,ภาคใต้,581,12267
2026-05-31,MK-C-028,กรุงเทพฯ,691,13484
2026-05-31,MK-C-028,ภาคกลาง,565,9012
2026-05-31,MK-C-028,ภาคตะวันออก,431,6557
2026-05-31,MK-C-028,ภาคเหนือ,394,6061
2026-05-31,MK-C-028,ภาคใต้,406,8516
2026-05-31,SY-D-039,กรุงเทพฯ,471,7850
2026-05-31,SY-D-039,ภาคกลาง,355,5754
2026-05-31,SY-D-039,ภาคตะวันออก,273,4912
2026-05-31,SY-D-039,ภาคเหนือ,250,4443
2026-05-31,SY-D-039,ภาคใต้,328,5251
2026-05-31,AG-E-052,กรุงเทพฯ,135,2321
2026-05-31,AG-E-052,ภาคกลาง,103,1653
2026-05-31,AG-E-052,ภาคตะวันออก,89,1501
2026-05-31,AG-E-052,ภาคเหนือ,74,1440
2026-05-31,AG-E-052,ภาคใต้,84,1731
2026-06-01,TK-A-001,กรุงเทพฯ,184,2794
2026-06-01,TK-A-001,ภาคกลาง,146,2250
2026-06-01,TK-A-001,ภาคตะวันออก,107,1992
2026-06-01,TK-A-001,ภาคเหนือ,89,1614
2026-06-01,TK-A-001,ภาคใต้,111,1970
2026-06-01,GL-B-014,กรุงเทพฯ,1011,14374
2026-06-01,GL-B-014,ภาคกลาง,769,13211
2026-06-01,GL-B-014,ภาคตะวันออก,525,9515
2026-06-01,GL-B-014,ภาคเหนือ,525,8381
2026-06-01,GL-B-014,ภาคใต้,675,12173
2026-06-01,MK-C-028,กรุงเทพฯ,721,11168
2026-06-01,MK-C-028,ภาคกลาง,576,11036
2026-06-01,MK-C-028,ภาคตะวันออก,366,6674
2026-06-01,MK-C-028,ภาคเหนือ,336,7081
2026-06-01,MK-C-028,ภาคใต้,419,6896
2026-06-01,SY-D-039,กรุงเทพฯ,467,8876
2026-06-01,SY-D-039,ภาคกลาง,331,6836
2026-06-01,SY-D-039,ภาคตะวันออก,284,5305
2026-06-01,SY-D-039,ภาคเหนือ,218,4405
2026-06-01,SY-D-039,ภาคใต้,283,5004
2026-06-01,AG-E-052,กรุงเทพฯ,135,2568
2026-06-01,AG-E-052,ภาคกลาง,116,1878
2026-06-01,AG-E-052,ภาคตะวันออก,86,1477
2026-06-01,AG-E-052,ภาคเหนือ,72,1363
2026-06-01,AG-E-052,ภาคใต้,85,1782
2026-06-02,TK-A-001,กรุงเทพฯ,185,3538
2026-06-02,TK-A-001,ภาคกลาง,137,2495
2026-06-02,TK-A-001,ภาคตะวันออก,115,1824
2026-06-02,TK-A-001,ภาคเหนือ,93,1692
2026-06-02,TK-A-001,ภาคใต้,126,1912
2026-06-02,GL-B-014,กรุงเทพฯ,946,14616
2026-06-02,GL-B-014,ภาคกลาง,778,12198
2026-06-02,GL-B-014,ภาคตะวันออก,568,9858
2026-06-02,GL-B-014,ภาคเหนือ,495,9228
2026-06-02,GL-B-014,ภาคใต้,566,12283
2026-06-02,MK-C-028,กรุงเทพฯ,704,12833
2026-06-02,MK-C-028,ภาคกลาง,564,8885
2026-06-02,MK-C-028,ภาคตะวันออก,407,7476
2026-06-02,MK-C-028,ภาคเหนือ,394,6294
2026-06-02,MK-C-028,ภาคใต้,437,9099
2026-06-02,SY-D-039,กรุงเทพฯ,443,7027
2026-06-02,SY-D-039,ภาคกลาง,327,6299
2026-06-02,SY-D-039,ภาคตะวันออก,271,4600
2026-06-02,SY-D-039,ภาคเหนือ,222,4826
2026-06-02,SY-D-039,ภาคใต้,326,5552
2026-06-02,AG-E-052,กรุงเทพฯ,138,2726
2026-06-02,AG-E-052,ภาคกลาง,115,2196
2026-06-02,AG-E-052,ภาคตะวันออก,84,1583
2026-06-02,AG-E-052,ภาคเหนือ,77,1467
2026-06-02,AG-E-052,ภาคใต้,89,1410
2026-06-03,TK-A-001,กรุงเทพฯ,166,2971
2026-06-03,TK-A-001,ภาคกลาง,155,2594
2026-06-03,TK-A-001,ภาคตะวันออก,115,2069
2026-06-03,TK-A-001,ภาคเหนือ,96,1493
2026-06-03,TK-A-001,ภาคใต้,123,2149
2026-06-03,GL-B-014,กรุงเทพฯ,843,17311
2026-06-03,GL-B-014,ภาคกลาง,784,14717
2026-06-03,GL-B-014,ภาคตะวันออก,589,9985
2026-06-03,GL-B-014,ภาคเหนือ,544,9608
2026-06-03,GL-B-014,ภาคใต้,568,11433
2026-06-03,MK-C-028,กรุงเทพฯ,687,10773
2026-06-03,MK-C-028,ภาคกลาง,541,8653
2026-06-03,MK-C-028,ภาคตะวันออก,393,6447
2026-06-03,MK-C-028,ภาคเหนือ,334,6094
2026-06-03,MK-C-028,ภาคใต้,430,8776
2026-06-03,SY-D-039,กรุงเทพฯ,466,8931
2026-06-03,SY-D-039,ภาคกลาง,382,6995
2026-06-03,SY-D-039,ภาคตะวันออก,275,5524
2026-06-03,SY-D-039,ภาคเหนือ,217,4424
2026-06-03,SY-D-039,ภาคใต้,285,5836
2026-06-03,AG-E-052,กรุงเทพฯ,140,2741
2026-06-03,AG-E-052,ภาคกลาง,116,1756
2026-06-03,AG-E-052,ภาคตะวันออก,79,1660
2026-06-03,AG-E-052,ภาคเหนือ,77,1484
2026-06-03,AG-E-052,ภาคใต้,81,1648
2026-06-04,TK-A-001,กรุงเทพฯ,185,3275
2026-06-04,TK-A-001,ภาคกลาง,143,2887
2026-06-04,TK-A-001,ภาคตะวันออก,101,1850
2026-06-04,TK-A-001,ภาคเหนือ,87,1923
2026-06-04,TK-A-001,ภาคใต้,125,2040
2026-06-04,GL-B-014,กรุงเทพฯ,878,16697
2026-06-04,GL-B-014,ภาคกลาง,772,14103
2026-06-04,GL-B-014,ภาคตะวันออก,586,10638
2026-06-04,GL-B-014,ภาคเหนือ,485,9273
2026-06-04,GL-B-014,ภาคใต้,664,11671
2026-06-04,MK-C-028,กรุงเทพฯ,632,11530
2026-06-04,MK-C-028,ภาคกลาง,547,9974
2026-06-04,MK-C-028,ภาคตะวันออก,396,8017
2026-06-04,MK-C-028,ภาคเหนือ,334,5942
2026-06-04,MK-C-028,ภาคใต้,470,9192
2026-06-04,SY-D-039,กรุงเทพฯ,494,8884
2026-06-04,SY-D-039,ภาคกลาง,355,5994
2026-06-04,SY-D-039,ภาคตะวันออก,292,4400
2026-06-04,SY-D-039,ภาคเหนือ,224,4499
2026-06-04,SY-D-039,ภาคใต้,289,4862
2026-06-04,AG-E-052,กรุงเทพฯ,129,2224
2026-06-04,AG-E-052,ภาคกลาง,112,1987
2026-06-04,AG-E-052,ภาคตะวันออก,78,1412
2026-06-04,AG-E-052,ภาคเหนือ,73,1281
2026-06-04,AG-E-052,ภาคใต้,89,1588
2026-06-05,TK-A-001,กรุงเทพฯ,165,2974
2026-06-05,TK-A-001,ภาคกลาง,146,2890
2026-06-05,TK-A-001,ภาคตะวันออก,102,1663
2026-06-05,TK-A-001,ภาคเหนือ,90,1796
2026-06-05,TK-A-001,ภาคใต้,125,2051
2026-06-05,GL-B-014,กรุงเทพฯ,863,16692
2026-06-05,GL-B-014,ภาคกลาง,713,14763
2026-06-05,GL-B-014,ภาคตะวันออก,575,10191
2026-06-05,GL-B-014,ภาคเหนือ,511,9752
2026-06-05,GL-B-014,ภาคใต้,673,11907
2026-06-05,MK-C-028,กรุงเทพฯ,634,12684
2026-06-05,MK-C-028,ภาคกลาง,572,8923
2026-06-05,MK-C-028,ภาคตะวันออก,399,7230
2026-06-05,MK-C-028,ภาคเหนือ,381,7258
2026-06-05,MK-C-028,ภาคใต้,489,8591
2026-06-05,SY-D-039,กรุงเทพฯ,453,8364
2026-06-05,SY-D-039,ภาคกลาง,379,5602
2026-06-05,SY-D-039,ภาคตะวันออก,271,4368
2026-06-05,SY-D-039,ภาคเหนือ,223,4292
2026-06-05,SY-D-039,ภาคใต้,278,5332
2026-06-05,AG-E-052,กรุงเทพฯ,135,2768
2026-06-05,AG-E-052,ภาคกลาง,104,2117
2026-06-05,AG-E-052,ภาคตะวันออก,78,1287
2026-06-05,AG-E-052,ภาคเหนือ,68,1329
2026-06-05,AG-E-052,ภาคใต้,91,1850
2026-06-06,TK-A-001,กรุงเทพฯ,192,3597
2026-06-06,TK-A-001,ภาคกลาง,133,2725
2026-06-06,TK-A-001,ภาคตะวันออก,105,1881
2026-06-06,TK-A-001,ภาคเหนือ,87,1773
2026-06-06,TK-A-001,ภาคใต้,127,1945
2026-06-06,GL-B-014,กรุงเทพฯ,928,15567
2026-06-06,GL-B-014,ภาคกลาง,692,14279
2026-06-06,GL-B-014,ภาคตะวันออก,524,9503
2026-06-06,GL-B-014,ภาคเหนือ,460,8871
2026-06-06,GL-B-014,ภาคใต้,594,12590
2026-06-06,MK-C-028,กรุงเทพฯ,619,10415
2026-06-06,MK-C-028,ภาคกลาง,563,10433
2026-06-06,MK-C-028,ภาคตะวันออก,433,6493
2026-06-06,MK-C-028,ภาคเหนือ,364,6142
2026-06-06,MK-C-028,ภาคใต้,462,8928
2026-06-06,SY-D-039,กรุงเทพฯ,483,7756
2026-06-06,SY-D-039,ภาคกลาง,332,7300
2026-06-06,SY-D-039,ภาคตะวันออก,247,4574
2026-06-06,SY-D-039,ภาคเหนือ,225,4434
2026-06-06,SY-D-039,ภาคใต้,319,5030
2026-06-06,AG-E-052,กรุงเทพฯ,130,2254
2026-06-06,AG-E-052,ภาคกลาง,117,1772
2026-06-06,AG-E-052,ภาคตะวันออก,79,1530
2026-06-06,AG-E-052,ภาคเหนือ,79,1372
2026-06-06,AG-E-052,ภาคใต้,87,1727
2026-06-07,TK-A-001,กรุงเทพฯ,168,2782
2026-06-07,TK-A-001,ภาคกลาง,133,2879
2026-06-07,TK-A-001,ภาคตะวันออก,104,1800
2026-06-07,TK-A-001,ภาคเหนือ,100,1912
2026-06-07,TK-A-001,ภาคใต้,117,2091
2026-06-07,GL-B-014,กรุงเทพฯ,850,14851
2026-06-07,GL-B-014,ภาคกลาง,671,11763
2026-06-07,GL-B-014,ภาคตะวันออก,603,9481
2026-06-07,GL-B-014,ภาคเหนือ,504,8418
2026-06-07,GL-B-014,ภาคใต้,644,11222
2026-06-07,MK-C-028,กรุงเทพฯ,724,13360
2026-06-07,MK-C-028,ภาคกลาง,570,9155
2026-06-07,MK-C-028,ภาคตะวันออก,442,7881
2026-06-07,MK-C-028,ภาคเหนือ,392,6801
2026-06-07,MK-C-028,ภาคใต้,484,7570
2026-06-07,SY-D-039,กรุงเทพฯ,491,7753
2026-06-07,SY-D-039,ภาคกลาง,380,5798
2026-06-07,SY-D-039,ภาคตะวันออก,268,4659
2026-06-07,SY-D-039,ภาคเหนือ,263,3702
2026-06-07,SY-D-039,ภาคใต้,282,5201
2026-06-07,AG-E-052,กรุงเทพฯ,128,2368
2026-06-07,AG-E-052,ภาคกลาง,104,1986
2026-06-07,AG-E-052,ภาคตะวันออก,85,1574
2026-06-07,AG-E-052,ภาคเหนือ,68,1121
2026-06-07,AG-E-052,ภาคใต้,93,1453
2026-06-08,TK-A-001,กรุงเทพฯ,177,3450
2026-06-08,TK-A-001,ภาคกลาง,130,2613
2026-06-08,TK-A-001,ภาคตะวันออก,97,1958
2026-06-08,TK-A-001,ภาคเหนือ,92,1686
2026-06-08,TK-A-001,ภาคใต้,113,2013
2026-06-08,GL-B-014,กรุงเทพฯ,852,17436
2026-06-08,GL-B-014,ภาคกลาง,773,13122
2026-06-08,GL-B-014,ภาคตะวันออก,575,9621
2026-06-08,GL-B-014,ภาคเหนือ,490,9457
2026-06-08,GL-B-014,ภาคใต้,588,11295
2026-06-08,MK-C-028,กรุงเทพฯ,629,11081
2026-06-08,MK-C-028,ภาคกลาง,558,10307
2026-06-08,MK-C-028,ภาคตะวันออก,434,7621
2026-06-08,MK-C-028,ภาคเหนือ,394,6295
2026-06-08,MK-C-028,ภาคใต้,406,8619
2026-06-08,SY-D-039,กรุงเทพฯ,480,6926
2026-06-08,SY-D-039,ภาคกลาง,395,6557
2026-06-08,SY-D-039,ภาคตะวันออก,292,4962
2026-06-08,SY-D-039,ภาคเหนือ,225,3936
2026-06-08,SY-D-039,ภาคใต้,308,5908
2026-06-08,AG-E-052,กรุงเทพฯ,128,2332
2026-06-08,AG-E-052,ภาคกลาง,117,2107
2026-06-08,AG-E-052,ภาคตะวันออก,76,1489
2026-06-08,AG-E-052,ภาคเหนือ,77,1270
2026-06-08,AG-E-052,ภาคใต้,91,1815
2026-06-09,TK-A-001,กรุงเทพฯ,174,2991
2026-06-09,TK-A-001,ภาคกลาง,150,2921
2026-06-09,TK-A-001,ภาคตะวันออก,99,2097
2026-06-09,TK-A-001,ภาคเหนือ,100,1549
2026-06-09,TK-A-001,ภาคใต้,109,2164
2026-06-09,GL-B-014,กรุงเทพฯ,846,16588
2026-06-09,GL-B-014,ภาคกลาง,694,14457
2026-06-09,GL-B-014,ภาคตะวันออก,530,9073
2026-06-09,GL-B-014,ภาคเหนือ,536,7926
2026-06-09,GL-B-014,ภาคใต้,674,11882
2026-06-09,MK-C-028,กรุงเทพฯ,707,13295
2026-06-09,MK-C-028,ภาคกลาง,554,8710
2026-06-09,MK-C-028,ภาคตะวันออก,368,6570
2026-06-09,MK-C-028,ภาคเหนือ,390,7401
2026-06-09,MK-C-028,ภาคใต้,489,8935
2026-06-09,SY-D-039,กรุงเทพฯ,442,8882
2026-06-09,SY-D-039,ภาคกลาง,341,6530
2026-06-09,SY-D-039,ภาคตะวันออก,262,4402
2026-06-09,SY-D-039,ภาคเหนือ,218,4077
2026-06-09,SY-D-039,ภาคใต้,311,4921
2026-06-09,AG-E-052,กรุงเทพฯ,133,2074
2026-06-09,AG-E-052,ภาคกลาง,98,1686
2026-06-09,AG-E-052,ภาคตะวันออก,77,1667
2026-06-09,AG-E-052,ภาคเหนือ,67,1353
2026-06-09,AG-E-052,ภาคใต้,84,1530
2026-06-10,TK-A-001,กรุงเทพฯ,169,3247
2026-06-10,TK-A-001,ภาคกลาง,140,2582
2026-06-10,TK-A-001,ภาคตะวันออก,112,1752
2026-06-10,TK-A-001,ภาคเหนือ,93,1848
2026-06-10,TK-A-001,ภาคใต้,115,2109
2026-06-10,GL-B-014,กรุงเทพฯ,1018,18113
2026-06-10,GL-B-014,ภาคกลาง,790,11959
2026-06-10,GL-B-014,ภาคตะวันออก,590,10742
2026-06-10,GL-B-014,ภาคเหนือ,452,9549
2026-06-10,GL-B-014,ภาคใต้,562,10390
2026-06-10,MK-C-028,กรุงเทพฯ,619,11239
2026-06-10,MK-C-028,ภาคกลาง,584,9183
2026-06-10,MK-C-028,ภาคตะวันออก,411,7941
2026-06-10,MK-C-028,ภาคเหนือ,331,7332
2026-06-10,MK-C-028,ภาคใต้,471,8807
2026-06-10,SY-D-039,กรุงเทพฯ,459,7385
2026-06-10,SY-D-039,ภาคกลาง,352,5711
2026-06-10,SY-D-039,ภาคตะวันออก,260,4281
2026-06-10,SY-D-039,ภาคเหนือ,235,4038
2026-06-10,SY-D-039,ภาคใต้,271,5945
2026-06-10,AG-E-052,กรุงเทพฯ,137,2263
2026-06-10,AG-E-052,ภาคกลาง,109,1713
2026-06-10,AG-E-052,ภาคตะวันออก,83,1402
2026-06-10,AG-E-052,ภาคเหนือ,72,1164
2026-06-10,AG-E-052,ภาคใต้,83,1559
2026-06-11,TK-A-001,กรุงเทพฯ,183,3488
2026-06-11,TK-A-001,ภาคกลาง,156,2257
2026-06-11,TK-A-001,ภาคตะวันออก,109,1810
2026-06-11,TK-A-001,ภาคเหนือ,89,1773
2026-06-11,TK-A-001,ภาคใต้,117,2243
2026-06-11,GL-B-014,กรุงเทพฯ,887,15651
2026-06-11,GL-B-014,ภาคกลาง,802,14706
2026-06-11,GL-B-014,ภาคตะวันออก,528,8874
2026-06-11,GL-B-014,ภาคเหนือ,481,7945
2026-06-11,GL-B-014,ภาคใต้,593,11762
2026-06-11,MK-C-028,กรุงเทพฯ,669,11453
2026-06-11,MK-C-028,ภาคกลาง,587,9604
2026-06-11,MK-C-028,ภาคตะวันออก,428,7114
2026-06-11,MK-C-028,ภาคเหนือ,392,7153
2026-06-11,MK-C-028,ภาคใต้,468,7036
2026-06-11,SY-D-039,กรุงเทพฯ,428,6910
2026-06-11,SY-D-039,ภาคกลาง,343,5688
2026-06-11,SY-D-039,ภาคตะวันออก,290,5251
2026-06-11,SY-D-039,ภาคเหนือ,249,3898
2026-06-11,SY-D-039,ภาคใต้,273,6044
2026-06-11,AG-E-052,กรุงเทพฯ,127,2602
2026-06-11,AG-E-052,ภาคกลาง,100,2016
2026-06-11,AG-E-052,ภาคตะวันออก,81,1307
2026-06-11,AG-E-052,ภาคเหนือ,78,1184
2026-06-11,AG-E-052,ภาคใต้,86,1500
2026-06-12,TK-A-001,กรุงเทพฯ,183,3612
2026-06-12,TK-A-001,ภาคกลาง,141,2537
2026-06-12,TK-A-001,ภาคตะวันออก,107,1945
2026-06-12,TK-A-001,ภาคเหนือ,92,1474
2026-06-12,TK-A-001,ภาคใต้,131,2308
2026-06-12,GL-B-014,กรุงเทพฯ,922,17457
2026-06-12,GL-B-014,ภาคกลาง,753,13826
2026-06-12,GL-B-014,ภาคตะวันออก,573,10972
2026-06-12,GL-B-014,ภาคเหนือ,468,9681
2026-06-12,GL-B-014,ภาคใต้,667,12119
2026-06-12,MK-C-028,กรุงเทพฯ,694,13194
2026-06-12,MK-C-028,ภาคกลาง,502,10163
2026-06-12,MK-C-028,ภาคตะวันออก,430,6504
2026-06-12,MK-C-028,ภาคเหนือ,366,5744
2026-06-12,MK-C-028,ภาคใต้,489,7281
2026-06-12,SY-D-039,กรุงเทพฯ,489,7713
2026-06-12,SY-D-039,ภาคกลาง,335,6947
2026-06-12,SY-D-039,ภาคตะวันออก,285,5484
2026-06-12,SY-D-039,ภาคเหนือ,221,4306
2026-06-12,SY-D-039,ภาคใต้,283,5995
2026-06-12,AG-E-052,กรุงเทพฯ,147,2075
2026-06-12,AG-E-052,ภาคกลาง,111,1687
2026-06-12,AG-E-052,ภาคตะวันออก,81,1334
2026-06-12,AG-E-052,ภาคเหนือ,69,1347
2026-06-12,AG-E-052,ภาคใต้,97,1800
2026-06-13,TK-A-001,กรุงเทพฯ,197,3059
2026-06-13,TK-A-001,ภาคกลาง,130,2890
2026-06-13,TK-A-001,ภาคตะวันออก,106,1926
2026-06-13,TK-A-001,ภาคเหนือ,105,1983
2026-06-13,TK-A-001,ภาคใต้,112,2232
2026-06-13,GL-B-014,กรุงเทพฯ,885,18275
2026-06-13,GL-B-014,ภาคกลาง,693,13306
2026-06-13,GL-B-014,ภาคตะวันออก,557,9828
2026-06-13,GL-B-014,ภาคเหนือ,529,10247
2026-06-13,GL-B-014,ภาคใต้,645,9795
2026-06-13,MK-C-028,กรุงเทพฯ,636,12828
2026-06-13,MK-C-028,ภาคกลาง,531,9782
2026-06-13,MK-C-028,ภาคตะวันออก,429,7125
2026-06-13,MK-C-028,ภาคเหนือ,326,7387
2026-06-13,MK-C-028,ภาคใต้,472,8097
2026-06-13,SY-D-039,กรุงเทพฯ,441,7194
2026-06-13,SY-D-039,ภาคกลาง,331,6321
2026-06-13,SY-D-039,ภาคตะวันออก,255,4713
2026-06-13,SY-D-039,ภาคเหนือ,247,4946
2026-06-13,SY-D-039,ภาคใต้,293,4852
2026-06-13,AG-E-052,กรุงเทพฯ,148,2401
2026-06-13,AG-E-052,ภาคกลาง,102,1685
2026-06-13,AG-E-052,ภาคตะวันออก,86,1655
2026-06-13,AG-E-052,ภาคเหนือ,75,1277
2026-06-13,AG-E-052,ภาคใต้,82,1503
2026-06-14,TK-A-001,กรุงเทพฯ,197,3299
2026-06-14,TK-A-001,ภาคกลาง,142,2875
2026-06-14,TK-A-001,ภาคตะวันออก,119,2178
2026-06-14,TK-A-001,ภาคเหนือ,93,1884
2026-06-14,TK-A-001,ภาคใต้,116,1875
2026-06-14,GL-B-014,กรุงเทพฯ,969,16958
2026-06-14,GL-B-014,ภาคกลาง,674,15276
2026-06-14,GL-B-014,ภาคตะวันออก,570,9185
2026-06-14,GL-B-014,ภาคเหนือ,467,7910
2026-06-14,GL-B-014,ภาคใต้,561,11810
2026-06-14,MK-C-028,กรุงเทพฯ,608,12018
2026-06-14,MK-C-028,ภาคกลาง,546,9607
2026-06-14,MK-C-028,ภาคตะวันออก,406,8185
2026-06-14,MK-C-028,ภาคเหนือ,375,5987
2026-06-14,MK-C-028,ภาคใต้,467,8446
2026-06-14,SY-D-039,กรุงเทพฯ,427,8881
2026-06-14,SY-D-039,ภาคกลาง,366,6907
2026-06-14,SY-D-039,ภาคตะวันออก,275,4865
2026-06-14,SY-D-039,ภาคเหนือ,235,4487
2026-06-14,SY-D-039,ภาคใต้,297,4923
2026-06-14,AG-E-052,กรุงเทพฯ,125,2637
2026-06-14,AG-E-052,ภาคกลาง,114,1714
2026-06-14,AG-E-052,ภาคตะวันออก,83,1302
2026-06-14,AG-E-052,ภาคเหนือ,67,1207
2026-06-14,AG-E-052,ภาคใต้,95,1577
2026-06-15,TK-A-001,กรุงเทพฯ,170,3537
2026-06-15,TK-A-001,ภาคกลาง,156,2622
2026-06-15,TK-A-001,ภาคตะวันออก,100,1860
2026-06-15,TK-A-001,ภาคเหนือ,91,1695
2026-06-15,TK-A-001,ภาคใต้,127,1872
2026-06-15,GL-B-014,กรุงเทพฯ,974,15042
2026-06-15,GL-B-014,ภาคกลาง,726,12276
2026-06-15,GL-B-014,ภาคตะวันออก,503,11476
2026-06-15,GL-B-014,ภาคเหนือ,534,8681
2026-06-15,GL-B-014,ภาคใต้,627,9527
2026-06-15,MK-C-028,กรุงเทพฯ,740,12549
2026-06-15,MK-C-028,ภาคกลาง,531,9716
2026-06-15,MK-C-028,ภาคตะวันออก,411,7791
2026-06-15,MK-C-028,ภาคเหนือ,369,6915
2026-06-15,MK-C-028,ภาคใต้,467,8366
2026-06-15,SY-D-039,กรุงเทพฯ,462,7421
2026-06-15,SY-D-039,ภาคกลาง,359,5942
2026-06-15,SY-D-039,ภาคตะวันออก,259,5380
2026-06-15,SY-D-039,ภาคเหนือ,252,4765
2026-06-15,SY-D-039,ภาคใต้,327,5872
2026-06-15,AG-E-052,กรุงเทพฯ,147,2264
2026-06-15,AG-E-052,ภาคกลาง,118,1943
2026-06-15,AG-E-052,ภาคตะวันออก,86,1440
2026-06-15,AG-E-052,ภาคเหนือ,75,1222
2026-06-15,AG-E-052,ภาคใต้,81,1418
2026-06-16,TK-A-001,กรุงเทพฯ,179,2932
2026-06-16,TK-A-001,ภาคกลาง,147,2931
2026-06-16,TK-A-001,ภาคตะวันออก,112,2028
2026-06-16,TK-A-001,ภาคเหนือ,101,1551
2026-06-16,TK-A-001,ภาคใต้,113,1910
2026-06-16,GL-B-014,กรุงเทพฯ,898,17757
2026-06-16,GL-B-014,ภาคกลาง,730,11650
2026-06-16,GL-B-014,ภาคตะวันออก,560,10212
2026-06-16,GL-B-014,ภาคเหนือ,498,9503
2026-06-16,GL-B-014,ภาคใต้,587,11402
2026-06-16,MK-C-028,กรุงเทพฯ,671,11062
2026-06-16,MK-C-028,ภาคกลาง,495,11162
2026-06-16,MK-C-028,ภาคตะวันออก,370,7225
2026-06-16,MK-C-028,ภาคเหนือ,396,7421
2026-06-16,MK-C-028,ภาคใต้,485,7579
2026-06-16,SY-D-039,กรุงเทพฯ,425,8694
2026-06-16,SY-D-039,ภาคกลาง,350,5708
2026-06-16,SY-D-039,ภาคตะวันออก,286,4220
2026-06-16,SY-D-039,ภาคเหนือ,252,4630
2026-06-16,SY-D-039,ภาคใต้,273,5144
2026-06-16,AG-E-052,กรุงเทพฯ,125,2099
2026-06-16,AG-E-052,ภาคกลาง,109,1932
2026-06-16,AG-E-052,ภาคตะวันออก,82,1261
2026-06-16,AG-E-052,ภาคเหนือ,73,1146
2026-06-16,AG-E-052,ภาคใต้,83,1493
2026-06-17,TK-A-001,กรุงเทพฯ,167,2896
2026-06-17,TK-A-001,ภาคกลาง,133,2961
2026-06-17,TK-A-001,ภาคตะวันออก,100,1957
2026-06-17,TK-A-001,ภาคเหนือ,94,1583
2026-06-17,TK-A-001,ภาคใต้,129,2290
2026-06-17,GL-B-014,กรุงเทพฯ,989,14434
2026-06-17,GL-B-014,ภาคกลาง,707,12593
2026-06-17,GL-B-014,ภาคตะวันออก,558,10231
2026-06-17,GL-B-014,ภาคเหนือ,519,9773
2026-06-17,GL-B-014,ภาคใต้,662,10755
2026-06-17,MK-C-028,กรุงเทพฯ,620,11905
2026-06-17,MK-C-028,ภาคกลาง,573,9949
2026-06-17,MK-C-028,ภาคตะวันออก,368,6892
2026-06-17,MK-C-028,ภาคเหนือ,360,7160
2026-06-17,MK-C-028,ภาคใต้,438,9113
2026-06-17,SY-D-039,กรุงเทพฯ,462,7811
2026-06-17,SY-D-039,ภาคกลาง,382,5742
2026-06-17,SY-D-039,ภาคตะวันออก,271,4852
2026-06-17,SY-D-039,ภาคเหนือ,219,4137
2026-06-17,SY-D-039,ภาคใต้,324,4954
2026-06-17,AG-E-052,กรุงเทพฯ,134,2769
2026-06-17,AG-E-052,ภาคกลาง,109,1823
2026-06-17,AG-E-052,ภาคตะวันออก,79,1402
2026-06-17,AG-E-052,ภาคเหนือ,70,1171
2026-06-17,AG-E-052,ภาคใต้,88,1854
2026-06-18,TK-A-001,กรุงเทพฯ,182,2987
2026-06-18,TK-A-001,ภาคกลาง,147,2814
2026-06-18,TK-A-001,ภาคตะวันออก,103,1710
2026-06-18,TK-A-001,ภาคเหนือ,101,1497
2026-06-18,TK-A-001,ภาคใต้,120,2304
2026-06-18,GL-B-014,กรุงเทพฯ,875,17641
2026-06-18,GL-B-014,ภาคกลาง,807,15100
2026-06-18,GL-B-014,ภาคตะวันออก,541,8553
2026-06-18,GL-B-014,ภาคเหนือ,523,8195
2026-06-18,GL-B-014,ภาคใต้,658,10195
2026-06-18,MK-C-028,กรุงเทพฯ,641,11359
2026-06-18,MK-C-028,ภาคกลาง,500,9978
2026-06-18,MK-C-028,ภาคตะวันออก,370,6937
2026-06-18,MK-C-028,ภาคเหนือ,349,6043
2026-06-18,MK-C-028,ภาคใต้,453,7849
2026-06-18,SY-D-039,กรุงเทพฯ,449,7602
2026-06-18,SY-D-039,ภาคกลาง,390,5649
2026-06-18,SY-D-039,ภาคตะวันออก,259,5530
2026-06-18,SY-D-039,ภาคเหนือ,230,4088
2026-06-18,SY-D-039,ภาคใต้,271,6168
2026-06-18,AG-E-052,กรุงเทพฯ,141,2432
2026-06-18,AG-E-052,ภาคกลาง,116,2133
2026-06-18,AG-E-052,ภาคตะวันออก,87,1450
2026-06-18,AG-E-052,ภาคเหนือ,74,1204
2026-06-18,AG-E-052,ภาคใต้,87,1723
2026-06-19,TK-A-001,กรุงเทพฯ,175,3716
2026-06-19,TK-A-001,ภาคกลาง,149,2611
2026-06-19,TK-A-001,ภาคตะวันออก,108,2139
2026-06-19,TK-A-001,ภาคเหนือ,91,1495
2026-06-19,TK-A-001,ภาคใต้,120,1859
2026-06-19,GL-B-014,กรุงเทพฯ,978,16700
2026-06-19,GL-B-014,ภาคกลาง,751,13172
2026-06-19,GL-B-014,ภาคตะวันออก,538,10672
2026-06-19,GL-B-014,ภาคเหนือ,538,9502
2026-06-19,GL-B-014,ภาคใต้,572,10457
2026-06-19,MK-C-028,กรุงเทพฯ,641,13308
2026-06-19,MK-C-028,ภาคกลาง,508,10019
2026-06-19,MK-C-028,ภาคตะวันออก,419,7237
2026-06-19,MK-C-028,ภาคเหนือ,365,6452
2026-06-19,MK-C-028,ภาคใต้,427,7639
2026-06-19,SY-D-039,กรุงเทพฯ,494,8269
2026-06-19,SY-D-039,ภาคกลาง,375,7076
2026-06-19,SY-D-039,ภาคตะวันออก,249,4726
2026-06-19,SY-D-039,ภาคเหนือ,240,4213
2026-06-19,SY-D-039,ภาคใต้,315,6015
2026-06-19,AG-E-052,กรุงเทพฯ,138,2342
2026-06-19,AG-E-052,ภาคกลาง,117,1983
2026-06-19,AG-E-052,ภาคตะวันออก,86,1272
2026-06-19,AG-E-052,ภาคเหนือ,73,1124
2026-06-19,AG-E-052,ภาคใต้,85,1384
2026-06-20,TK-A-001,กรุงเทพฯ,189,3121
2026-06-20,TK-A-001,ภาคกลาง,137,2808
2026-06-20,TK-A-001,ภาคตะวันออก,117,1660
2026-06-20,TK-A-001,ภาคเหนือ,94,1708
2026-06-20,TK-A-001,ภาคใต้,112,1969
2026-06-20,GL-B-014,กรุงเทพฯ,955,16812
2026-06-20,GL-B-014,ภาคกลาง,673,13386
2026-06-20,GL-B-014,ภาคตะวันออก,600,11483
2026-06-20,GL-B-014,ภาคเหนือ,456,9513
2026-06-20,GL-B-014,ภาคใต้,587,11190
2026-06-20,MK-C-028,กรุงเทพฯ,650,13453
2026-06-20,MK-C-028,ภาคกลาง,490,10404
2026-06-20,MK-C-028,ภาคตะวันออก,367,7400
2026-06-20,MK-C-028,ภาคเหนือ,349,7020
2026-06-20,MK-C-028,ภาคใต้,474,7137
2026-06-20,SY-D-039,กรุงเทพฯ,493,6959
2026-06-20,SY-D-039,ภาคกลาง,384,6058
2026-06-20,SY-D-039,ภาคตะวันออก,245,4860
2026-06-20,SY-D-039,ภาคเหนือ,249,4066
2026-06-20,SY-D-039,ภาคใต้,296,5098
2026-06-20,AG-E-052,กรุงเทพฯ,123,2602
2026-06-20,AG-E-052,ภาคกลาง,118,1768
2026-06-20,AG-E-052,ภาคตะวันออก,74,1359
2026-06-20,AG-E-052,ภาคเหนือ,77,1110
2026-06-20,AG-E-052,ภาคใต้,95,1654
2026-06-21,TK-A-001,กรุงเทพฯ,167,3465
2026-06-21,TK-A-001,ภาคกลาง,142,2663
2026-06-21,TK-A-001,ภาคตะวันออก,110,1789
2026-06-21,TK-A-001,ภาคเหนือ,91,1573
2026-06-21,TK-A-001,ภาคใต้,130,1903
2026-06-21,GL-B-014,กรุงเทพฯ,942,18825
2026-06-21,GL-B-014,ภาคกลาง,813,11904
2026-06-21,GL-B-014,ภาคตะวันออก,568,8642
2026-06-21,GL-B-014,ภาคเหนือ,539,7815
2026-06-21,GL-B-014,ภาคใต้,588,11566
2026-06-21,MK-C-028,กรุงเทพฯ,688,11293
2026-06-21,MK-C-028,ภาคกลาง,557,11175
2026-06-21,MK-C-028,ภาคตะวันออก,375,7587
2026-06-21,MK-C-028,ภาคเหนือ,329,6967
2026-06-21,MK-C-028,ภาคใต้,473,8497
2026-06-21,SY-D-039,กรุงเทพฯ,410,7868
2026-06-21,SY-D-039,ภาคกลาง,387,5818
2026-06-21,SY-D-039,ภาคตะวันออก,273,4521
2026-06-21,SY-D-039,ภาคเหนือ,248,4599
2026-06-21,SY-D-039,ภาคใต้,323,4764
2026-06-21,AG-E-052,กรุงเทพฯ,124,2470
2026-06-21,AG-E-052,ภาคกลาง,116,2022
2026-06-21,AG-E-052,ภาคตะวันออก,89,1627
2026-06-21,AG-E-052,ภาคเหนือ,78,1486
2026-06-21,AG-E-052,ภาคใต้,90,1417
2026-06-22,TK-A-001,กรุงเทพฯ,169,3426
2026-06-22,TK-A-001,ภาคกลาง,137,2400
2026-06-22,TK-A-001,ภาคตะวันออก,111,2087
2026-06-22,TK-A-001,ภาคเหนือ,103,1498
2026-06-22,TK-A-001,ภาคใต้,120,2393
2026-06-22,GL-B-014,กรุงเทพฯ,942,18376
2026-06-22,GL-B-014,ภาคกลาง,721,15369
2026-06-22,GL-B-014,ภาคตะวันออก,550,9512
2026-06-22,GL-B-014,ภาคเหนือ,541,9331
2026-06-22,GL-B-014,ภาคใต้,570,11877
2026-06-22,MK-C-028,กรุงเทพฯ,655,12812
2026-06-22,MK-C-028,ภาคกลาง,508,9964
2026-06-22,MK-C-028,ภาคตะวันออก,370,7248
2026-06-22,MK-C-028,ภาคเหนือ,383,5664
2026-06-22,MK-C-028,ภาคใต้,441,8898
2026-06-22,SY-D-039,กรุงเทพฯ,454,8104
2026-06-22,SY-D-039,ภาคกลาง,329,7094
2026-06-22,SY-D-039,ภาคตะวันออก,258,5468
2026-06-22,SY-D-039,ภาคเหนือ,251,4388
2026-06-22,SY-D-039,ภาคใต้,307,5627
2026-06-22,AG-E-052,กรุงเทพฯ,124,2513
2026-06-22,AG-E-052,ภาคกลาง,105,2025
2026-06-22,AG-E-052,ภาคตะวันออก,85,1428
2026-06-22,AG-E-052,ภาคเหนือ,79,1181
2026-06-22,AG-E-052,ภาคใต้,97,1417
2026-06-23,TK-A-001,กรุงเทพฯ,172,3215
2026-06-23,TK-A-001,ภาคกลาง,137,2334
2026-06-23,TK-A-001,ภาคตะวันออก,105,2002
2026-06-23,TK-A-001,ภาคเหนือ,103,1861
2026-06-23,TK-A-001,ภาคใต้,116,2282
2026-06-23,GL-B-014,กรุงเทพฯ,869,17078
2026-06-23,GL-B-014,ภาคกลาง,699,14591
2026-06-23,GL-B-014,ภาคตะวันออก,531,11183
2026-06-23,GL-B-014,ภาคเหนือ,454,9202
2026-06-23,GL-B-014,ภาคใต้,664,12260
2026-06-23,MK-C-028,กรุงเทพฯ,688,12232
2026-06-23,MK-C-028,ภาคกลาง,496,8549
2026-06-23,MK-C-028,ภาคตะวันออก,388,7141
2026-06-23,MK-C-028,ภาคเหนือ,328,5797
2026-06-23,MK-C-028,ภาคใต้,409,7465
2026-06-23,SY-D-039,กรุงเทพฯ,438,8059
2026-06-23,SY-D-039,ภาคกลาง,335,7334
2026-06-23,SY-D-039,ภาคตะวันออก,261,5059
2026-06-23,SY-D-039,ภาคเหนือ,235,4921
2026-06-23,SY-D-039,ภาคใต้,295,5945
2026-06-23,AG-E-052,กรุงเทพฯ,132,2718
2026-06-23,AG-E-052,ภาคกลาง,99,1970
2026-06-23,AG-E-052,ภาคตะวันออก,86,1627
2026-06-23,AG-E-052,ภาคเหนือ,65,1233
2026-06-23,AG-E-052,ภาคใต้,91,1549
2026-06-24,TK-A-001,กรุงเทพฯ,164,3540
2026-06-24,TK-A-001,ภาคกลาง,153,2818
2026-06-24,TK-A-001,ภาคตะวันออก,98,1934
2026-06-24,TK-A-001,ภาคเหนือ,94,1854
2026-06-24,TK-A-001,ภาคใต้,123,2418
2026-06-24,GL-B-014,กรุงเทพฯ,900,15804
2026-06-24,GL-B-014,ภาคกลาง,737,12799
2026-06-24,GL-B-014,ภาคตะวันออก,512,10823
2026-06-24,GL-B-014,ภาคเหนือ,487,10233
2026-06-24,GL-B-014,ภาคใต้,676,12801
2026-06-24,MK-C-028,กรุงเทพฯ,639,10978
2026-06-24,MK-C-028,ภาคกลาง,573,8516
2026-06-24,MK-C-028,ภาคตะวันออก,408,7139
2026-06-24,MK-C-028,ภาคเหนือ,325,5755
2026-06-24,MK-C-028,ภาคใต้,460,7443
2026-06-24,SY-D-039,กรุงเทพฯ,421,9126
2026-06-24,SY-D-039,ภาคกลาง,359,6587
2026-06-24,SY-D-039,ภาคตะวันออก,244,4838
2026-06-24,SY-D-039,ภาคเหนือ,260,3685
2026-06-24,SY-D-039,ภาคใต้,320,5087
2026-06-24,AG-E-052,กรุงเทพฯ,135,2621
2026-06-24,AG-E-052,ภาคกลาง,116,2102
2026-06-24,AG-E-052,ภาคตะวันออก,89,1575
2026-06-24,AG-E-052,ภาคเหนือ,66,1212
2026-06-24,AG-E-052,ภาคใต้,90,1837
2026-06-25,TK-A-001,กรุงเทพฯ,177,3673
2026-06-25,TK-A-001,ภาคกลาง,136,2449
2026-06-25,TK-A-001,ภาคตะวันออก,108,2150
2026-06-25,TK-A-001,ภาคเหนือ,100,1583
2026-06-25,TK-A-001,ภาคใต้,125,2058
2026-06-25,GL-B-014,กรุงเทพฯ,845,15096
2026-06-25,GL-B-014,ภาคกลาง,793,14435
2026-06-25,GL-B-014,ภาคตะวันออก,558,11430
2026-06-25,GL-B-014,ภาคเหนือ,520,9195
2026-06-25,GL-B-014,ภาคใต้,566,9497
2026-06-25,MK-C-028,กรุงเทพฯ,702,10571
2026-06-25,MK-C-028,ภาคกลาง,523,8708
2026-06-25,MK-C-028,ภาคตะวันออก,443,7082
2026-06-25,MK-C-028,ภาคเหนือ,379,6248
2026-06-25,MK-C-028,ภาคใต้,449,8260
2026-06-25,SY-D-039,กรุงเทพฯ,475,7055
2026-06-25,SY-D-039,ภาคกลาง,391,5604
2026-06-25,SY-D-039,ภาคตะวันออก,280,5384
2026-06-25,SY-D-039,ภาคเหนือ,231,4951
2026-06-25,SY-D-039,ภาคใต้,286,4979
2026-06-25,AG-E-052,กรุงเทพฯ,122,2649
2026-06-25,AG-E-052,ภาคกลาง,103,1862
2026-06-25,AG-E-052,ภาคตะวันออก,73,1249
2026-06-25,AG-E-052,ภาคเหนือ,73,1390
2026-06-25,AG-E-052,ภาคใต้,86,1416
2026-06-26,TK-A-001,กรุงเทพฯ,171,3594
2026-06-26,TK-A-001,ภาคกลาง,135,2332
2026-06-26,TK-A-001,ภาคตะวันออก,107,2124
2026-06-26,TK-A-001,ภาคเหนือ,89,1709
2026-06-26,TK-A-001,ภาคใต้,118,2113
2026-06-26,GL-B-014,กรุงเทพฯ,906,16067
2026-06-26,GL-B-014,ภาคกลาง,741,14361
2026-06-26,GL-B-014,ภาคตะวันออก,552,9975
2026-06-26,GL-B-014,ภาคเหนือ,479,8930
2026-06-26,GL-B-014,ภาคใต้,584,11103
2026-06-26,MK-C-028,กรุงเทพฯ,696,10843
2026-06-26,MK-C-028,ภาคกลาง,532,8927
2026-06-26,MK-C-028,ภาคตะวันออก,380,7428
2026-06-26,MK-C-028,ภาคเหนือ,373,6613
2026-06-26,MK-C-028,ภาคใต้,427,7975
2026-06-26,SY-D-039,กรุงเทพฯ,464,8901
2026-06-26,SY-D-039,ภาคกลาง,365,5647
2026-06-26,SY-D-039,ภาคตะวันออก,266,5520
2026-06-26,SY-D-039,ภาคเหนือ,256,4702
2026-06-26,SY-D-039,ภาคใต้,279,5639
2026-06-26,AG-E-052,กรุงเทพฯ,135,2589
2026-06-26,AG-E-052,ภาคกลาง,101,1736
2026-06-26,AG-E-052,ภาคตะวันออก,74,1314
2026-06-26,AG-E-052,ภาคเหนือ,74,1239
2026-06-26,AG-E-052,ภาคใต้,85,1381
2026-06-27,TK-A-001,กรุงเทพฯ,165,3279
2026-06-27,TK-A-001,ภาคกลาง,155,2908
2026-06-27,TK-A-001,ภาคตะวันออก,110,2120
2026-06-27,TK-A-001,ภาคเหนือ,96,1538
2026-06-27,TK-A-001,ภาคใต้,116,2459
2026-06-27,GL-B-014,กรุงเทพฯ,896,16518
2026-06-27,GL-B-014,ภาคกลาง,776,14190
2026-06-27,GL-B-014,ภาคตะวันออก,569,9087
2026-06-27,GL-B-014,ภาคเหนือ,509,10203
2026-06-27,GL-B-014,ภาคใต้,561,11189
2026-06-27,MK-C-028,กรุงเทพฯ,628,10730
2026-06-27,MK-C-028,ภาคกลาง,534,10137
2026-06-27,MK-C-028,ภาคตะวันออก,436,6331
2026-06-27,MK-C-028,ภาคเหนือ,330,6286
2026-06-27,MK-C-028,ภาคใต้,489,8732
2026-06-27,SY-D-039,กรุงเทพฯ,479,7432
2026-06-27,SY-D-039,ภาคกลาง,387,6600
2026-06-27,SY-D-039,ภาคตะวันออก,274,5361
2026-06-27,SY-D-039,ภาคเหนือ,238,3866
2026-06-27,SY-D-039,ภาคใต้,324,6206
2026-06-27,AG-E-052,กรุงเทพฯ,147,2405
2026-06-27,AG-E-052,ภาคกลาง,112,2217
2026-06-27,AG-E-052,ภาคตะวันออก,74,1455
2026-06-27,AG-E-052,ภาคเหนือ,68,1425
2026-06-27,AG-E-052,ภาคใต้,99,1858
2026-06-28,TK-A-001,กรุงเทพฯ,172,3408
2026-06-28,TK-A-001,ภาคกลาง,142,2561
2026-06-28,TK-A-001,ภาคตะวันออก,110,1750
2026-06-28,TK-A-001,ภาคเหนือ,87,1981
2026-06-28,TK-A-001,ภาคใต้,114,2028
2026-06-28,GL-B-014,กรุงเทพฯ,946,17886
2026-06-28,GL-B-014,ภาคกลาง,675,11702
2026-06-28,GL-B-014,ภาคตะวันออก,563,8996
2026-06-28,GL-B-014,ภาคเหนือ,453,9170
2026-06-28,GL-B-014,ภาคใต้,594,10688
2026-06-28,MK-C-028,กรุงเทพฯ,721,12744
2026-06-28,MK-C-028,ภาคกลาง,497,8406
2026-06-28,MK-C-028,ภาคตะวันออก,391,6229
2026-06-28,MK-C-028,ภาคเหนือ,395,7404
2026-06-28,MK-C-028,ภาคใต้,477,8670
2026-06-28,SY-D-039,กรุงเทพฯ,466,9198
2026-06-28,SY-D-039,ภาคกลาง,359,6164
2026-06-28,SY-D-039,ภาคตะวันออก,277,5233
2026-06-28,SY-D-039,ภาคเหนือ,223,4759
2026-06-28,SY-D-039,ภาคใต้,309,5385
2026-06-28,AG-E-052,กรุงเทพฯ,132,2469
2026-06-28,AG-E-052,ภาคกลาง,110,1795
2026-06-28,AG-E-052,ภาคตะวันออก,74,1489
2026-06-28,AG-E-052,ภาคเหนือ,66,1148
2026-06-28,AG-E-052,ภาคใต้,87,1432
2026-06-29,TK-A-001,กรุงเทพฯ,181,3691
2026-06-29,TK-A-001,ภาคกลาง,152,2370
2026-06-29,TK-A-001,ภาคตะวันออก,114,1877
2026-06-29,TK-A-001,ภาคเหนือ,95,1706
2026-06-29,TK-A-001,ภาคใต้,124,2390
2026-06-29,GL-B-014,กรุงเทพฯ,1019,17651
2026-06-29,GL-B-014,ภาคกลาง,815,11467
2026-06-29,GL-B-014,ภาคตะวันออก,516,11201
2026-06-29,GL-B-014,ภาคเหนือ,505,8960
2026-06-29,GL-B-014,ภาคใต้,588,12098
2026-06-29,MK-C-028,กรุงเทพฯ,645,13409
2026-06-29,MK-C-028,ภาคกลาง,542,10299
2026-06-29,MK-C-028,ภาคตะวันออก,416,6738
2026-06-29,MK-C-028,ภาคเหนือ,369,7032
2026-06-29,MK-C-028,ภาคใต้,442,8038
2026-06-29,SY-D-039,กรุงเทพฯ,483,8595
2026-06-29,SY-D-039,ภาคกลาง,394,7367
2026-06-29,SY-D-039,ภาคตะวันออก,297,4589
2026-06-29,SY-D-039,ภาคเหนือ,244,4768
2026-06-29,SY-D-039,ภาคใต้,290,6187
2026-06-29,AG-E-052,กรุงเทพฯ,147,2648
2026-06-29,AG-E-052,ภาคกลาง,116,1968
2026-06-29,AG-E-052,ภาคตะวันออก,75,1484
2026-06-29,AG-E-052,ภาคเหนือ,70,1109
2026-06-29,AG-E-052,ภาคใต้,89,1714
2026-06-30,TK-A-001,กรุงเทพฯ,193,3428
2026-06-30,TK-A-001,ภาคกลาง,158,2224
2026-06-30,TK-A-001,ภาคตะวันออก,114,1700
2026-06-30,TK-A-001,ภาคเหนือ,92,1795
2026-06-30,TK-A-001,ภาคใต้,125,2402
2026-06-30,GL-B-014,กรุงเทพฯ,949,16400
2026-06-30,GL-B-014,ภาคกลาง,816,15342
2026-06-30,GL-B-014,ภาคตะวันออก,569,10880
2026-06-30,GL-B-014,ภาคเหนือ,516,8134
2026-06-30,GL-B-014,ภาคใต้,626,11197
2026-06-30,MK-C-028,กรุงเทพฯ,667,10742
2026-06-30,MK-C-028,ภาคกลาง,542,9501
2026-06-30,MK-C-028,ภาคตะวันออก,441,6774
2026-06-30,MK-C-028,ภาคเหนือ,348,5770
2026-06-30,MK-C-028,ภาคใต้,408,8777
2026-06-30,SY-D-039,กรุงเทพฯ,464,8640
2026-06-30,SY-D-039,ภาคกลาง,389,7175
2026-06-30,SY-D-039,ภาคตะวันออก,260,5173
2026-06-30,SY-D-039,ภาคเหนือ,233,4818
2026-06-30,SY-D-039,ภาคใต้,319,4974
2026-06-30,AG-E-052,กรุงเทพฯ,141,2123
2026-06-30,AG-E-052,ภาคกลาง,111,1892
2026-06-30,AG-E-052,ภาคตะวันออก,81,1636
2026-06-30,AG-E-052,ภาคเหนือ,75,1228
2026-06-30,AG-E-052,ภาคใต้,99,1718
2026-07-01,TK-A-001,กรุงเทพฯ,220,728
2026-07-01,TK-A-001,ภาคกลาง,180,587
2026-07-01,TK-A-001,ภาคตะวันออก,113,1831
2026-07-01,TK-A-001,ภาคเหนือ,88,1922
2026-07-01,TK-A-001,ภาคใต้,130,2170
2026-07-01,GL-B-014,กรุงเทพฯ,936,16872
2026-07-01,GL-B-014,ภาคกลาง,792,13267
2026-07-01,GL-B-014,ภาคตะวันออก,520,8934
2026-07-01,GL-B-014,ภาคเหนือ,485,8368
2026-07-01,GL-B-014,ภาคใต้,652,9868
2026-07-01,MK-C-028,กรุงเทพฯ,830,3372
2026-07-01,MK-C-028,ภาคกลาง,699,2586
2026-07-01,MK-C-028,ภาคตะวันออก,411,6263
2026-07-01,MK-C-028,ภาคเหนือ,393,6961
2026-07-01,MK-C-028,ภาคใต้,485,9183
2026-07-01,SY-D-039,กรุงเทพฯ,480,7382
2026-07-01,SY-D-039,ภาคกลาง,383,6050
2026-07-01,SY-D-039,ภาคตะวันออก,288,4679
2026-07-01,SY-D-039,ภาคเหนือ,257,4925
2026-07-01,SY-D-039,ภาคใต้,304,5362
2026-07-01,AG-E-052,กรุงเทพฯ,162,639
2026-07-01,AG-E-052,ภาคกลาง,151,552
2026-07-01,AG-E-052,ภาคตะวันออก,88,1353
2026-07-01,AG-E-052,ภาคเหนือ,69,1471
2026-07-01,AG-E-052,ภาคใต้,96,1786
2026-07-02,TK-A-001,กรุงเทพฯ,242,836
2026-07-02,TK-A-001,ภาคกลาง,193,604
2026-07-02,TK-A-001,ภาคตะวันออก,104,1753
2026-07-02,TK-A-001,ภาคเหนือ,95,1528
2026-07-02,TK-A-001,ภาคใต้,120,1909
2026-07-02,GL-B-014,กรุงเทพฯ,1006,16460
2026-07-02,GL-B-014,ภาคกลาง,684,14149
2026-07-02,GL-B-014,ภาคตะวันออก,596,8698
2026-07-02,GL-B-014,ภาคเหนือ,517,9420
2026-07-02,GL-B-014,ภาคใต้,651,12452
2026-07-02,MK-C-028,กรุงเทพฯ,823,2812
2026-07-02,MK-C-028,ภาคกลาง,712,2638
2026-07-02,MK-C-028,ภาคตะวันออก,445,6378
2026-07-02,MK-C-028,ภาคเหนือ,331,7207
2026-07-02,MK-C-028,ภาคใต้,481,7690
2026-07-02,SY-D-039,กรุงเทพฯ,468,7263
2026-07-02,SY-D-039,ภาคกลาง,341,5567
2026-07-02,SY-D-039,ภาคตะวันออก,296,4360
2026-07-02,SY-D-039,ภาคเหนือ,248,4871
2026-07-02,SY-D-039,ภาคใต้,289,5710
2026-07-02,AG-E-052,กรุงเทพฯ,196,687
2026-07-02,AG-E-052,ภาคกลาง,156,424
2026-07-02,AG-E-052,ภาคตะวันออก,82,1548
2026-07-02,AG-E-052,ภาคเหนือ,72,1247
2026-07-02,AG-E-052,ภาคใต้,81,1833
2026-07-03,TK-A-001,กรุงเทพฯ,239,809
2026-07-03,TK-A-001,ภาคกลาง,205,641
2026-07-03,TK-A-001,ภาคตะวันออก,117,1785
2026-07-03,TK-A-001,ภาคเหนือ,87,1604
2026-07-03,TK-A-001,ภาคใต้,129,2188
2026-07-03,GL-B-014,กรุงเทพฯ,892,18565
2026-07-03,GL-B-014,ภาคกลาง,772,14293
2026-07-03,GL-B-014,ภาคตะวันออก,596,11172
2026-07-03,GL-B-014,ภาคเหนือ,461,8067
2026-07-03,GL-B-014,ภาคใต้,632,11234
2026-07-03,MK-C-028,กรุงเทพฯ,914,3484
2026-07-03,MK-C-028,ภาคกลาง,774,2415
2026-07-03,MK-C-028,ภาคตะวันออก,373,7395
2026-07-03,MK-C-028,ภาคเหนือ,383,6265
2026-07-03,MK-C-028,ภาคใต้,436,8909
2026-07-03,SY-D-039,กรุงเทพฯ,485,8819
2026-07-03,SY-D-039,ภาคกลาง,366,5849
2026-07-03,SY-D-039,ภาคตะวันออก,267,4783
2026-07-03,SY-D-039,ภาคเหนือ,217,4429
2026-07-03,SY-D-039,ภาคใต้,275,4854
2026-07-03,AG-E-052,กรุงเทพฯ,209,690
2026-07-03,AG-E-052,ภาคกลาง,169,518
2026-07-03,AG-E-052,ภาคตะวันออก,88,1564
2026-07-03,AG-E-052,ภาคเหนือ,69,1281
2026-07-03,AG-E-052,ภาคใต้,82,1838
2026-07-04,TK-A-001,กรุงเทพฯ,269,832
2026-07-04,TK-A-001,ภาคกลาง,212,637
2026-07-04,TK-A-001,ภาคตะวันออก,110,1848
2026-07-04,TK-A-001,ภาคเหนือ,91,1481
2026-07-04,TK-A-001,ภาคใต้,119,2126
2026-07-04,GL-B-014,กรุงเทพฯ,952,17887
2026-07-04,GL-B-014,ภาคกลาง,763,14363
2026-07-04,GL-B-014,ภาคตะวันออก,527,9346
2026-07-04,GL-B-014,ภาคเหนือ,513,9252
2026-07-04,GL-B-014,ภาคใต้,576,11622
2026-07-04,MK-C-028,กรุงเทพฯ,1065,3306
2026-07-04,MK-C-028,ภาคกลาง,786,2242
2026-07-04,MK-C-028,ภาคตะวันออก,378,7609
2026-07-04,MK-C-028,ภาคเหนือ,333,5720
2026-07-04,MK-C-028,ภาคใต้,463,9165
2026-07-04,SY-D-039,กรุงเทพฯ,464,6958
2026-07-04,SY-D-039,ภาคกลาง,329,7134
2026-07-04,SY-D-039,ภาคตะวันออก,286,5135
2026-07-04,SY-D-039,ภาคเหนือ,248,4218
2026-07-04,SY-D-039,ภาคใต้,280,4780
2026-07-04,AG-E-052,กรุงเทพฯ,219,547
2026-07-04,AG-E-052,ภาคกลาง,178,422
2026-07-04,AG-E-052,ภาคตะวันออก,84,1278
2026-07-04,AG-E-052,ภาคเหนือ,66,1126
2026-07-04,AG-E-052,ภาคใต้,88,1610
2026-07-05,TK-A-001,กรุงเทพฯ,294,780
2026-07-05,TK-A-001,ภาคกลาง,222,646
2026-07-05,TK-A-001,ภาคตะวันออก,104,1653
2026-07-05,TK-A-001,ภาคเหนือ,104,1972
2026-07-05,TK-A-001,ภาคใต้,118,2111
2026-07-05,GL-B-014,กรุงเทพฯ,876,15660
2026-07-05,GL-B-014,ภาคกลาง,746,15167
2026-07-05,GL-B-014,ภาคตะวันออก,564,8668
2026-07-05,GL-B-014,ภาคเหนือ,509,9102
2026-07-05,GL-B-014,ภาคใต้,581,12779
2026-07-05,MK-C-028,กรุงเทพฯ,972,3399
2026-07-05,MK-C-028,ภาคกลาง,857,2371
2026-07-05,MK-C-028,ภาคตะวันออก,415,7353
2026-07-05,MK-C-028,ภาคเหนือ,365,7412
2026-07-05,MK-C-028,ภาคใต้,407,8836
2026-07-05,SY-D-039,กรุงเทพฯ,426,8328
2026-07-05,SY-D-039,ภาคกลาง,383,7443
2026-07-05,SY-D-039,ภาคตะวันออก,283,5454
2026-07-05,SY-D-039,ภาคเหนือ,233,4027
2026-07-05,SY-D-039,ภาคใต้,289,5562
2026-07-05,AG-E-052,กรุงเทพฯ,218,697
2026-07-05,AG-E-052,ภาคกลาง,168,458
2026-07-05,AG-E-052,ภาคตะวันออก,74,1306
2026-07-05,AG-E-052,ภาคเหนือ,71,1130
2026-07-05,AG-E-052,ภาคใต้,81,1433
2026-07-06,TK-A-001,กรุงเทพฯ,282,834
2026-07-06,TK-A-001,ภาคกลาง,229,722
2026-07-06,TK-A-001,ภาคตะวันออก,105,2026
2026-07-06,TK-A-001,ภาคเหนือ,91,1750
2026-07-06,TK-A-001,ภาคใต้,110,2084
2026-07-06,GL-B-014,กรุงเทพฯ,925,17670
2026-07-06,GL-B-014,ภาคกลาง,695,13864
2026-07-06,GL-B-014,ภาคตะวันออก,519,11199
2026-07-06,GL-B-014,ภาคเหนือ,502,7687
2026-07-06,GL-B-014,ภาคใต้,594,11361
2026-07-06,MK-C-028,กรุงเทพฯ,1085,2596
2026-07-06,MK-C-028,ภาคกลาง,956,2665
2026-07-06,MK-C-028,ภาคตะวันออก,416,7580
2026-07-06,MK-C-028,ภาคเหนือ,358,5679
2026-07-06,MK-C-028,ภาคใต้,472,8991
2026-07-06,SY-D-039,กรุงเทพฯ,417,8305
2026-07-06,SY-D-039,ภาคกลาง,330,5830
2026-07-06,SY-D-039,ภาคตะวันออก,263,4204
2026-07-06,SY-D-039,ภาคเหนือ,250,4784
2026-07-06,SY-D-039,ภาคใต้,275,4929
2026-07-06,AG-E-052,กรุงเทพฯ,206,534
2026-07-06,AG-E-052,ภาคกลาง,194,538
2026-07-06,AG-E-052,ภาคตะวันออก,83,1361
2026-07-06,AG-E-052,ภาคเหนือ,65,1350
2026-07-06,AG-E-052,ภาคใต้,98,1472
2026-07-07,TK-A-001,กรุงเทพฯ,304,885
2026-07-07,TK-A-001,ภาคกลาง,259,605
2026-07-07,TK-A-001,ภาคตะวันออก,111,2016
2026-07-07,TK-A-001,ภาคเหนือ,100,1847
2026-07-07,TK-A-001,ภาคใต้,125,1915
2026-07-07,GL-B-014,กรุงเทพฯ,974,16443
2026-07-07,GL-B-014,ภาคกลาง,688,13079
2026-07-07,GL-B-014,ภาคตะวันออก,542,11308
2026-07-07,GL-B-014,ภาคเหนือ,497,9801
2026-07-07,GL-B-014,ภาคใต้,618,11729
2026-07-07,MK-C-028,กรุงเทพฯ,1312,2893
2026-07-07,MK-C-028,ภาคกลาง,952,2606
2026-07-07,MK-C-028,ภาคตะวันออก,368,7138
2026-07-07,MK-C-028,ภาคเหนือ,346,6255
2026-07-07,MK-C-028,ภาคใต้,487,7044
2026-07-07,SY-D-039,กรุงเทพฯ,478,6952
2026-07-07,SY-D-039,ภาคกลาง,348,6336
2026-07-07,SY-D-039,ภาคตะวันออก,281,4171
2026-07-07,SY-D-039,ภาคเหนือ,244,4721
2026-07-07,SY-D-039,ภาคใต้,293,6023
2026-07-07,AG-E-052,กรุงเทพฯ,240,623
2026-07-07,AG-E-052,ภาคกลาง,182,543
2026-07-07,AG-E-052,ภาคตะวันออก,76,1362
2026-07-07,AG-E-052,ภาคเหนือ,77,1264
2026-07-07,AG-E-052,ภาคใต้,95,1421
2026-07-08,TK-A-001,กรุงเทพฯ,352,751
2026-07-08,TK-A-001,ภาคกลาง,298,639
2026-07-08,TK-A-001,ภาคตะวันออก,104,2106
2026-07-08,TK-A-001,ภาคเหนือ,88,1704
2026-07-08,TK-A-001,ภาคใต้,119,2367
2026-07-08,GL-B-014,กรุงเทพฯ,876,15050
2026-07-08,GL-B-014,ภาคกลาง,758,13423
2026-07-08,GL-B-014,ภาคตะวันออก,541,9341
2026-07-08,GL-B-014,ภาคเหนือ,501,8878
2026-07-08,GL-B-014,ภาคใต้,594,11150
2026-07-08,MK-C-028,กรุงเทพฯ,1334,2779
2026-07-08,MK-C-028,ภาคกลาง,956,2622
2026-07-08,MK-C-028,ภาคตะวันออก,375,7064
2026-07-08,MK-C-028,ภาคเหนือ,365,5534
2026-07-08,MK-C-028,ภาคใต้,419,8218
2026-07-08,SY-D-039,กรุงเทพฯ,470,7319
2026-07-08,SY-D-039,ภาคกลาง,378,6228
2026-07-08,SY-D-039,ภาคตะวันออก,289,5248
2026-07-08,SY-D-039,ภาคเหนือ,221,4300
2026-07-08,SY-D-039,ภาคใต้,297,6107
2026-07-08,AG-E-052,กรุงเทพฯ,265,616
2026-07-08,AG-E-052,ภาคกลาง,204,434
2026-07-08,AG-E-052,ภาคตะวันออก,80,1649
2026-07-08,AG-E-052,ภาคเหนือ,66,1351
2026-07-08,AG-E-052,ภาคใต้,89,1588
2026-07-09,TK-A-001,กรุงเทพฯ,338,812
2026-07-09,TK-A-001,ภาคกลาง,298,681
2026-07-09,TK-A-001,ภาคตะวันออก,118,2170
2026-07-09,TK-A-001,ภาคเหนือ,89,1575
2026-07-09,TK-A-001,ภาคใต้,118,2277
2026-07-09,GL-B-014,กรุงเทพฯ,916,16874
2026-07-09,GL-B-014,ภาคกลาง,672,14901
2026-07-09,GL-B-014,ภาคตะวันออก,577,9590
2026-07-09,GL-B-014,ภาคเหนือ,456,8119
2026-07-09,GL-B-014,ภาคใต้,578,12740
2026-07-09,MK-C-028,กรุงเทพฯ,1405,3351
2026-07-09,MK-C-028,ภาคกลาง,1151,2513
2026-07-09,MK-C-028,ภาคตะวันออก,443,7085
2026-07-09,MK-C-028,ภาคเหนือ,328,7343
2026-07-09,MK-C-028,ภาคใต้,464,7650
2026-07-09,SY-D-039,กรุงเทพฯ,474,7521
2026-07-09,SY-D-039,ภาคกลาง,375,6211
2026-07-09,SY-D-039,ภาคตะวันออก,262,4159
2026-07-09,SY-D-039,ภาคเหนือ,220,3867
2026-07-09,SY-D-039,ภาคใต้,277,5642
2026-07-09,AG-E-052,กรุงเทพฯ,252,615
2026-07-09,AG-E-052,ภาคกลาง,222,544
2026-07-09,AG-E-052,ภาคตะวันออก,84,1424
2026-07-09,AG-E-052,ภาคเหนือ,78,1143
2026-07-09,AG-E-052,ภาคใต้,88,1559
2026-07-10,TK-A-001,กรุงเทพฯ,358,732
2026-07-10,TK-A-001,ภาคกลาง,318,568
2026-07-10,TK-A-001,ภาคตะวันออก,99,1730
2026-07-10,TK-A-001,ภาคเหนือ,94,1766
2026-07-10,TK-A-001,ภาคใต้,130,2151
2026-07-10,GL-B-014,กรุงเทพฯ,920,16749
2026-07-10,GL-B-014,ภาคกลาง,782,15055
2026-07-10,GL-B-014,ภาคตะวันออก,558,9403
2026-07-10,GL-B-014,ภาคเหนือ,489,9914
2026-07-10,GL-B-014,ภาคใต้,577,11805
2026-07-10,MK-C-028,กรุงเทพฯ,1425,2707
2026-07-10,MK-C-028,ภาคกลาง,1216,2112
2026-07-10,MK-C-028,ภาคตะวันออก,435,7351
2026-07-10,MK-C-028,ภาคเหนือ,395,6501
2026-07-10,MK-C-028,ภาคใต้,487,7201
2026-07-10,SY-D-039,กรุงเทพฯ,415,8405
2026-07-10,SY-D-039,ภาคกลาง,356,7200
2026-07-10,SY-D-039,ภาคตะวันออก,260,4927
2026-07-10,SY-D-039,ภาคเหนือ,239,4067
2026-07-10,SY-D-039,ภาคใต้,283,5334
2026-07-10,AG-E-052,กรุงเทพฯ,267,672
2026-07-10,AG-E-052,ภาคกลาง,218,540
2026-07-10,AG-E-052,ภาคตะวันออก,82,1642
2026-07-10,AG-E-052,ภาคเหนือ,69,1185
2026-07-10,AG-E-052,ภาคใต้,87,1691
2026-07-11,TK-A-001,กรุงเทพฯ,437,837
2026-07-11,TK-A-001,ภาคกลาง,330,581
2026-07-11,TK-A-001,ภาคตะวันออก,108,2184
2026-07-11,TK-A-001,ภาคเหนือ,99,1792
2026-07-11,TK-A-001,ภาคใต้,119,2023
2026-07-11,GL-B-014,กรุงเทพฯ,1022,16695
2026-07-11,GL-B-014,ภาคกลาง,675,15319
2026-07-11,GL-B-014,ภาคตะวันออก,525,10471
2026-07-11,GL-B-014,ภาคเหนือ,495,7671
2026-07-11,GL-B-014,ภาคใต้,562,10844
2026-07-11,MK-C-028,กรุงเทพฯ,1703,2657
2026-07-11,MK-C-028,ภาคกลาง,1153,2541
2026-07-11,MK-C-028,ภาคตะวันออก,412,7399
2026-07-11,MK-C-028,ภาคเหนือ,339,6269
2026-07-11,MK-C-028,ภาคใต้,442,8762
2026-07-11,SY-D-039,กรุงเทพฯ,465,8367
2026-07-11,SY-D-039,ภาคกลาง,332,7356
2026-07-11,SY-D-039,ภาคตะวันออก,272,4527
2026-07-11,SY-D-039,ภาคเหนือ,261,4913
2026-07-11,SY-D-039,ภาคใต้,304,5737
2026-07-11,AG-E-052,กรุงเทพฯ,341,581
2026-07-11,AG-E-052,ภาคกลาง,246,535
2026-07-11,AG-E-052,ภาคตะวันออก,82,1314
2026-07-11,AG-E-052,ภาคเหนือ,69,1457
2026-07-11,AG-E-052,ภาคใต้,91,1533
2026-07-12,TK-A-001,กรุงเทพฯ,419,880
2026-07-12,TK-A-001,ภาคกลาง,325,680
2026-07-12,TK-A-001,ภาคตะวันออก,107,2136
2026-07-12,TK-A-001,ภาคเหนือ,87,1525
2026-07-12,TK-A-001,ภาคใต้,123,1843
2026-07-12,GL-B-014,กรุงเทพฯ,970,15736
2026-07-12,GL-B-014,ภาคกลาง,710,14790
2026-07-12,GL-B-014,ภาคตะวันออก,540,10696
2026-07-12,GL-B-014,ภาคเหนือ,452,7926
2026-07-12,GL-B-014,ภาคใต้,582,10408
2026-07-12,MK-C-028,กรุงเทพฯ,1507,3165
2026-07-12,MK-C-028,ภาคกลาง,1312,2618
2026-07-12,MK-C-028,ภาคตะวันออก,385,7050
2026-07-12,MK-C-028,ภาคเหนือ,358,6749
2026-07-12,MK-C-028,ภาคใต้,483,9171
2026-07-12,SY-D-039,กรุงเทพฯ,463,7237
2026-07-12,SY-D-039,ภาคกลาง,325,7236
2026-07-12,SY-D-039,ภาคตะวันออก,257,5050
2026-07-12,SY-D-039,ภาคเหนือ,218,4521
2026-07-12,SY-D-039,ภาคใต้,324,5529
2026-07-12,AG-E-052,กรุงเทพฯ,340,524
2026-07-12,AG-E-052,ภาคกลาง,270,535
2026-07-12,AG-E-052,ภาคตะวันออก,74,1359
2026-07-12,AG-E-052,ภาคเหนือ,69,1437
2026-07-12,AG-E-052,ภาคใต้,97,1591
2026-07-13,TK-A-001,กรุงเทพฯ,476,723
2026-07-13,TK-A-001,ภาคกลาง,345,668
2026-07-13,TK-A-001,ภาคตะวันออก,104,1657
2026-07-13,TK-A-001,ภาคเหนือ,97,1965
2026-07-13,TK-A-001,ภาคใต้,113,2173
2026-07-13,GL-B-014,กรุงเทพฯ,864,18235
2026-07-13,GL-B-014,ภาคกลาง,784,12118
2026-07-13,GL-B-014,ภาคตะวันออก,573,9180
2026-07-13,GL-B-014,ภาคเหนือ,544,9222
2026-07-13,GL-B-014,ภาคใต้,620,11921
2026-07-13,MK-C-028,กรุงเทพฯ,1895,2986
2026-07-13,MK-C-028,ภาคกลาง,1511,2309
2026-07-13,MK-C-028,ภาคตะวันออก,439,6456
2026-07-13,MK-C-028,ภาคเหนือ,335,6738
2026-07-13,MK-C-028,ภาคใต้,449,7602
2026-07-13,SY-D-039,กรุงเทพฯ,423,6924
2026-07-13,SY-D-039,ภาคกลาง,361,5578
2026-07-13,SY-D-039,ภาคตะวันออก,269,4289
2026-07-13,SY-D-039,ภาคเหนือ,225,3753
2026-07-13,SY-D-039,ภาคใต้,282,6076
2026-07-13,AG-E-052,กรุงเทพฯ,363,637
2026-07-13,AG-E-052,ภาคกลาง,282,470
2026-07-13,AG-E-052,ภาคตะวันออก,83,1270
2026-07-13,AG-E-052,ภาคเหนือ,76,1238
2026-07-13,AG-E-052,ภาคใต้,97,1588
2026-07-14,TK-A-001,กรุงเทพฯ,445,925
2026-07-14,TK-A-001,ภาคกลาง,357,674
2026-07-14,TK-A-001,ภาคตะวันออก,99,1827
2026-07-14,TK-A-001,ภาคเหนือ,88,1778
2026-07-14,TK-A-001,ภาคใต้,126,2155
2026-07-14,GL-B-014,กรุงเทพฯ,902,18632
2026-07-14,GL-B-014,ภาคกลาง,772,14311
2026-07-14,GL-B-014,ภาคตะวันออก,531,10475
2026-07-14,GL-B-014,ภาคเหนือ,489,10262
2026-07-14,GL-B-014,ภาคใต้,669,10601
2026-07-14,MK-C-028,กรุงเทพฯ,2006,2793
2026-07-14,MK-C-028,ภาคกลาง,1403,2507
2026-07-14,MK-C-028,ภาคตะวันออก,415,7205
2026-07-14,MK-C-028,ภาคเหนือ,377,6273
2026-07-14,MK-C-028,ภาคใต้,458,9245
2026-07-14,SY-D-039,กรุงเทพฯ,452,7222
2026-07-14,SY-D-039,ภาคกลาง,367,6757
2026-07-14,SY-D-039,ภาคตะวันออก,274,4924
2026-07-14,SY-D-039,ภาคเหนือ,245,4891
2026-07-14,SY-D-039,ภาคใต้,274,5263
2026-07-14,AG-E-052,กรุงเทพฯ,343,563
2026-07-14,AG-E-052,ภาคกลาง,321,475
2026-07-14,AG-E-052,ภาคตะวันออก,79,1473
2026-07-14,AG-E-052,ภาคเหนือ,68,1431
2026-07-14,AG-E-052,ภาคใต้,98,1591
2026-07-15,TK-A-001,กรุงเทพฯ,516,855
2026-07-15,TK-A-001,ภาคกลาง,414,636
2026-07-15,TK-A-001,ภาคตะวันออก,118,2006
2026-07-15,TK-A-001,ภาคเหนือ,87,1762
2026-07-15,TK-A-001,ภาคใต้,116,2286
2026-07-15,GL-B-014,กรุงเทพฯ,921,18328
2026-07-15,GL-B-014,ภาคกลาง,753,15241
2026-07-15,GL-B-014,ภาคตะวันออก,578,9511
2026-07-15,GL-B-014,ภาคเหนือ,543,7618
2026-07-15,GL-B-014,ภาคใต้,669,12276
2026-07-15,MK-C-028,กรุงเทพฯ,1809,2972
2026-07-15,MK-C-028,ภาคกลาง,1679,2170
2026-07-15,MK-C-028,ภาคตะวันออก,386,7718
2026-07-15,MK-C-028,ภาคเหนือ,367,6417
2026-07-15,MK-C-028,ภาคใต้,469,8685
2026-07-15,SY-D-039,กรุงเทพฯ,458,9147
2026-07-15,SY-D-039,ภาคกลาง,367,6352
2026-07-15,SY-D-039,ภาคตะวันออก,274,5079
2026-07-15,SY-D-039,ภาคเหนือ,220,4468
2026-07-15,SY-D-039,ภาคใต้,307,4749
2026-07-15,AG-E-052,กรุงเทพฯ,378,601
2026-07-15,AG-E-052,ภาคกลาง,291,517
2026-07-15,AG-E-052,ภาคตะวันออก,83,1388
2026-07-15,AG-E-052,ภาคเหนือ,71,1461
2026-07-15,AG-E-052,ภาคใต้,81,1538
2026-07-16,TK-A-001,กรุงเทพฯ,495,721
2026-07-16,TK-A-001,ภาคกลาง,429,587
2026-07-16,TK-A-001,ภาคตะวันออก,115,1779
2026-07-16,TK-A-001,ภาคเหนือ,103,1687
2026-07-16,TK-A-001,ภาคใต้,114,2251
2026-07-16,GL-B-014,กรุงเทพฯ,873,17310
2026-07-16,GL-B-014,ภาคกลาง,765,12571
2026-07-16,GL-B-014,ภาคตะวันออก,575,9603
2026-07-16,GL-B-014,ภาคเหนือ,487,9099
2026-07-16,GL-B-014,ภาคใต้,645,10440
2026-07-16,MK-C-028,กรุงเทพฯ,1920,2835
2026-07-16,MK-C-028,ภาคกลาง,1705,2179
2026-07-16,MK-C-028,ภาคตะวันออก,384,7403
2026-07-16,MK-C-028,ภาคเหนือ,349,7304
2026-07-16,MK-C-028,ภาคใต้,470,8548
2026-07-16,SY-D-039,กรุงเทพฯ,475,7493
2026-07-16,SY-D-039,ภาคกลาง,370,6621
2026-07-16,SY-D-039,ภาคตะวันออก,272,5522
2026-07-16,SY-D-039,ภาคเหนือ,237,4135
2026-07-16,SY-D-039,ภาคใต้,283,5025
2026-07-16,AG-E-052,กรุงเทพฯ,392,560
2026-07-16,AG-E-052,ภาคกลาง,288,553
2026-07-16,AG-E-052,ภาคตะวันออก,89,1540
2026-07-16,AG-E-052,ภาคเหนือ,74,1361
2026-07-16,AG-E-052,ภาคใต้,89,1596
2026-07-17,TK-A-001,กรุงเทพฯ,516,926
2026-07-17,TK-A-001,ภาคกลาง,419,580
2026-07-17,TK-A-001,ภาคตะวันออก,101,1747
2026-07-17,TK-A-001,ภาคเหนือ,87,1636
2026-07-17,TK-A-001,ภาคใต้,118,2197
2026-07-17,GL-B-014,กรุงเทพฯ,1016,15087
2026-07-17,GL-B-014,ภาคกลาง,750,15284
2026-07-17,GL-B-014,ภาคตะวันออก,536,9934
2026-07-17,GL-B-014,ภาคเหนือ,458,9423
2026-07-17,GL-B-014,ภาคใต้,653,10412
2026-07-17,MK-C-028,กรุงเทพฯ,2040,3372
2026-07-17,MK-C-028,ภาคกลาง,1741,2459
2026-07-17,MK-C-028,ภาคตะวันออก,421,7261
2026-07-17,MK-C-028,ภาคเหนือ,332,6647
2026-07-17,MK-C-028,ภาคใต้,477,7014
2026-07-17,SY-D-039,กรุงเทพฯ,491,7277
2026-07-17,SY-D-039,ภาคกลาง,375,6978
2026-07-17,SY-D-039,ภาคตะวันออก,284,4997
2026-07-17,SY-D-039,ภาคเหนือ,246,4762
2026-07-17,SY-D-039,ภาคใต้,312,4718
2026-07-17,AG-E-052,กรุงเทพฯ,407,569
2026-07-17,AG-E-052,ภาคกลาง,311,454
2026-07-17,AG-E-052,ภาคตะวันออก,87,1304
2026-07-17,AG-E-052,ภาคเหนือ,67,1372
2026-07-17,AG-E-052,ภาคใต้,96,1399
2026-07-18,TK-A-001,กรุงเทพฯ,601,813
2026-07-18,TK-A-001,ภาคกลาง,460,705
2026-07-18,TK-A-001,ภาคตะวันออก,105,2167
2026-07-18,TK-A-001,ภาคเหนือ,98,1514
2026-07-18,TK-A-001,ภาคใต้,113,2356
2026-07-18,GL-B-014,กรุงเทพฯ,936,17444
2026-07-18,GL-B-014,ภาคกลาง,675,11880
2026-07-18,GL-B-014,ภาคตะวันออก,568,9694
2026-07-18,GL-B-014,ภาคเหนือ,453,8423
2026-07-18,GL-B-014,ภาคใต้,603,11150
2026-07-18,MK-C-028,กรุงเทพฯ,2151,3454
2026-07-18,MK-C-028,ภาคกลาง,1597,2342
2026-07-18,MK-C-028,ภาคตะวันออก,391,6702
2026-07-18,MK-C-028,ภาคเหนือ,372,7229
2026-07-18,MK-C-028,ภาคใต้,489,8667
2026-07-18,SY-D-039,กรุงเทพฯ,461,7859
2026-07-18,SY-D-039,ภาคกลาง,396,6359
2026-07-18,SY-D-039,ภาคตะวันออก,264,4986
2026-07-18,SY-D-039,ภาคเหนือ,233,4569
2026-07-18,SY-D-039,ภาคใต้,281,6000
2026-07-18,AG-E-052,กรุงเทพฯ,382,603
2026-07-18,AG-E-052,ภาคกลาง,341,415
2026-07-18,AG-E-052,ภาคตะวันออก,85,1390
2026-07-18,AG-E-052,ภาคเหนือ,78,1230
2026-07-18,AG-E-052,ภาคใต้,95,1782
2026-07-19,TK-A-001,กรุงเทพฯ,536,783
2026-07-19,TK-A-001,ภาคกลาง,468,584
2026-07-19,TK-A-001,ภาคตะวันออก,108,1814
2026-07-19,TK-A-001,ภาคเหนือ,97,1769
2026-07-19,TK-A-001,ภาคใต้,131,2319
2026-07-19,GL-B-014,กรุงเทพฯ,920,17370
2026-07-19,GL-B-014,ภาคกลาง,684,14689
2026-07-19,GL-B-014,ภาคตะวันออก,552,9270
2026-07-19,GL-B-014,ภาคเหนือ,469,9535
2026-07-19,GL-B-014,ภาคใต้,636,11070
2026-07-19,MK-C-028,กรุงเทพฯ,2311,2712
2026-07-19,MK-C-028,ภาคกลาง,1582,2111
2026-07-19,MK-C-028,ภาคตะวันออก,442,6652
2026-07-19,MK-C-028,ภาคเหนือ,391,6300
2026-07-19,MK-C-028,ภาคใต้,429,8743
2026-07-19,SY-D-039,กรุงเทพฯ,455,8154
2026-07-19,SY-D-039,ภาคกลาง,383,6928
2026-07-19,SY-D-039,ภาคตะวันออก,294,4142
2026-07-19,SY-D-039,ภาคเหนือ,257,4510
2026-07-19,SY-D-039,ภาคใต้,328,4920
2026-07-19,AG-E-052,กรุงเทพฯ,399,652
2026-07-19,AG-E-052,ภาคกลาง,325,558
2026-07-19,AG-E-052,ภาคตะวันออก,77,1276
2026-07-19,AG-E-052,ภาคเหนือ,75,1473
2026-07-19,AG-E-052,ภาคใต้,88,1695
2026-07-20,TK-A-001,กรุงเทพฯ,551,884
2026-07-20,TK-A-001,ภาคกลาง,443,632
2026-07-20,TK-A-001,ภาคตะวันออก,108,1866
2026-07-20,TK-A-001,ภาคเหนือ,103,1840
2026-07-20,TK-A-001,ภาคใต้,119,2145
2026-07-20,GL-B-014,กรุงเทพฯ,955,17064
2026-07-20,GL-B-014,ภาคกลาง,700,13650
2026-07-20,GL-B-014,ภาคตะวันออก,561,10607
2026-07-20,GL-B-014,ภาคเหนือ,456,9843
2026-07-20,GL-B-014,ภาคใต้,574,10656
2026-07-20,MK-C-028,กรุงเทพฯ,2025,2865
2026-07-20,MK-C-028,ภาคกลาง,1872,2313
2026-07-20,MK-C-028,ภาคตะวันออก,438,6289
2026-07-20,MK-C-028,ภาคเหนือ,374,6791
2026-07-20,MK-C-028,ภาคใต้,445,7917
2026-07-20,SY-D-039,กรุงเทพฯ,487,8738
2026-07-20,SY-D-039,ภาคกลาง,390,6183
2026-07-20,SY-D-039,ภาคตะวันออก,290,4727
2026-07-20,SY-D-039,ภาคเหนือ,260,4327
2026-07-20,SY-D-039,ภาคใต้,324,5365
2026-07-20,AG-E-052,กรุงเทพฯ,389,570
2026-07-20,AG-E-052,ภาคกลาง,352,458
2026-07-20,AG-E-052,ภาคตะวันออก,84,1666
2026-07-20,AG-E-052,ภาคเหนือ,72,1248
2026-07-20,AG-E-052,ภาคใต้,83,1435
2026-07-21,TK-A-001,กรุงเทพฯ,526,798
2026-07-21,TK-A-001,ภาคกลาง,467,636
2026-07-21,TK-A-001,ภาคตะวันออก,100,1920
2026-07-21,TK-A-001,ภาคเหนือ,101,1753
2026-07-21,TK-A-001,ภาคใต้,119,2310
2026-07-21,GL-B-014,กรุงเทพฯ,911,15903
2026-07-21,GL-B-014,ภาคกลาง,753,12974
2026-07-21,GL-B-014,ภาคตะวันออก,546,11059
2026-07-21,GL-B-014,ภาคเหนือ,457,7677
2026-07-21,GL-B-014,ภาคใต้,644,12596
2026-07-21,MK-C-028,กรุงเทพฯ,2281,3395
2026-07-21,MK-C-028,ภาคกลาง,1621,2191
2026-07-21,MK-C-028,ภาคตะวันออก,388,6788
2026-07-21,MK-C-028,ภาคเหนือ,328,6678
2026-07-21,MK-C-028,ภาคใต้,466,9004
2026-07-21,SY-D-039,กรุงเทพฯ,437,7779
2026-07-21,SY-D-039,ภาคกลาง,355,5939
2026-07-21,SY-D-039,ภาคตะวันออก,297,4782
2026-07-21,SY-D-039,ภาคเหนือ,260,4286
2026-07-21,SY-D-039,ภาคใต้,275,6002
2026-07-21,AG-E-052,กรุงเทพฯ,403,549
2026-07-21,AG-E-052,ภาคกลาง,344,441
2026-07-21,AG-E-052,ภาคตะวันออก,87,1613
2026-07-21,AG-E-052,ภาคเหนือ,66,1136
2026-07-21,AG-E-052,ภาคใต้,91,1577
2026-07-22,TK-A-001,กรุงเทพฯ,618,789
2026-07-22,TK-A-001,ภาคกลาง,466,708
2026-07-22,TK-A-001,ภาคตะวันออก,107,1661
2026-07-22,TK-A-001,ภาคเหนือ,91,1698
2026-07-22,TK-A-001,ภาคใต้,122,1910
2026-07-22,GL-B-014,กรุงเทพฯ,968,15223
2026-07-22,GL-B-014,ภาคกลาง,756,12146
2026-07-22,GL-B-014,ภาคตะวันออก,505,8939
2026-07-22,GL-B-014,ภาคเหนือ,453,9010
2026-07-22,GL-B-014,ภาคใต้,653,10182
2026-07-22,MK-C-028,กรุงเทพฯ,1972,3445
2026-07-22,MK-C-028,ภาคกลาง,1858,2495
2026-07-22,MK-C-028,ภาคตะวันออก,425,6913
2026-07-22,MK-C-028,ภาคเหนือ,339,6259
2026-07-22,MK-C-028,ภาคใต้,460,9303
2026-07-22,SY-D-039,กรุงเทพฯ,469,8996
2026-07-22,SY-D-039,ภาคกลาง,332,5646
2026-07-22,SY-D-039,ภาคตะวันออก,276,4895
2026-07-22,SY-D-039,ภาคเหนือ,224,4056
2026-07-22,SY-D-039,ภาคใต้,308,5412
2026-07-22,AG-E-052,กรุงเทพฯ,438,519
2026-07-22,AG-E-052,ภาคกลาง,313,462
2026-07-22,AG-E-052,ภาคตะวันออก,88,1357
2026-07-22,AG-E-052,ภาคเหนือ,74,1436
2026-07-22,AG-E-052,ภาคใต้,99,1479
2026-07-23,TK-A-001,กรุงเทพฯ,551,917
2026-07-23,TK-A-001,ภาคกลาง,482,607
2026-07-23,TK-A-001,ภาคตะวันออก,103,1799
2026-07-23,TK-A-001,ภาคเหนือ,94,1943
2026-07-23,TK-A-001,ภาคใต้,122,1965
2026-07-23,GL-B-014,กรุงเทพฯ,865,16883
2026-07-23,GL-B-014,ภาคกลาง,701,15123
2026-07-23,GL-B-014,ภาคตะวันออก,576,9530
2026-07-23,GL-B-014,ภาคเหนือ,492,9730
2026-07-23,GL-B-014,ภาคใต้,632,9714
2026-07-23,MK-C-028,กรุงเทพฯ,1934,3363
2026-07-23,MK-C-028,ภาคกลาง,1750,2526
2026-07-23,MK-C-028,ภาคตะวันออก,438,6649
2026-07-23,MK-C-028,ภาคเหนือ,324,6213
2026-07-23,MK-C-028,ภาคใต้,417,7575
2026-07-23,SY-D-039,กรุงเทพฯ,462,7692
2026-07-23,SY-D-039,ภาคกลาง,371,6295
2026-07-23,SY-D-039,ภาคตะวันออก,254,5578
2026-07-23,SY-D-039,ภาคเหนือ,239,3875
2026-07-23,SY-D-039,ภาคใต้,313,6118
2026-07-23,AG-E-052,กรุงเทพฯ,458,598
2026-07-23,AG-E-052,ภาคกลาง,318,521
2026-07-23,AG-E-052,ภาคตะวันออก,83,1383
2026-07-23,AG-E-052,ภาคเหนือ,72,1472
2026-07-23,AG-E-052,ภาคใต้,98,1786
2026-07-24,TK-A-001,กรุงเทพฯ,602,922
2026-07-24,TK-A-001,ภาคกลาง,459,665
2026-07-24,TK-A-001,ภาคตะวันออก,105,1723
2026-07-24,TK-A-001,ภาคเหนือ,91,1835
2026-07-24,TK-A-001,ภาคใต้,124,2039
2026-07-24,GL-B-014,กรุงเทพฯ,895,16656
2026-07-24,GL-B-014,ภาคกลาง,742,11681
2026-07-24,GL-B-014,ภาคตะวันออก,600,10904
2026-07-24,GL-B-014,ภาคเหนือ,459,9531
2026-07-24,GL-B-014,ภาคใต้,573,12832
2026-07-24,MK-C-028,กรุงเทพฯ,1979,2794
2026-07-24,MK-C-028,ภาคกลาง,1741,2248
2026-07-24,MK-C-028,ภาคตะวันออก,409,7839
2026-07-24,MK-C-028,ภาคเหนือ,360,7441
2026-07-24,MK-C-028,ภาคใต้,417,6966
2026-07-24,SY-D-039,กรุงเทพฯ,429,7647
2026-07-24,SY-D-039,ภาคกลาง,331,5875
2026-07-24,SY-D-039,ภาคตะวันออก,248,4841
2026-07-24,SY-D-039,ภาคเหนือ,242,4278
2026-07-24,SY-D-039,ภาคใต้,321,5670
2026-07-24,AG-E-052,กรุงเทพฯ,402,523
2026-07-24,AG-E-052,ภาคกลาง,304,522
2026-07-24,AG-E-052,ภาคตะวันออก,84,1651
2026-07-24,AG-E-052,ภาคเหนือ,73,1382
2026-07-24,AG-E-052,ภาคใต้,86,1735
2026-07-25,TK-A-001,กรุงเทพฯ,532,732
2026-07-25,TK-A-001,ภาคกลาง,438,635
2026-07-25,TK-A-001,ภาคตะวันออก,106,2039
2026-07-25,TK-A-001,ภาคเหนือ,97,1870
2026-07-25,TK-A-001,ภาคใต้,120,1878
2026-07-25,GL-B-014,กรุงเทพฯ,989,19189
2026-07-25,GL-B-014,ภาคกลาง,776,12704
2026-07-25,GL-B-014,ภาคตะวันออก,517,10150
2026-07-25,GL-B-014,ภาคเหนือ,502,7756
2026-07-25,GL-B-014,ภาคใต้,571,11111
2026-07-25,MK-C-028,กรุงเทพฯ,1916,3384
2026-07-25,MK-C-028,ภาคกลาง,1662,2446
2026-07-25,MK-C-028,ภาคตะวันออก,379,7407
2026-07-25,MK-C-028,ภาคเหนือ,327,6992
2026-07-25,MK-C-028,ภาคใต้,441,7618
2026-07-25,SY-D-039,กรุงเทพฯ,439,8957
2026-07-25,SY-D-039,ภาคกลาง,393,7054
2026-07-25,SY-D-039,ภาคตะวันออก,263,4165
2026-07-25,SY-D-039,ภาคเหนือ,224,4587
2026-07-25,SY-D-039,ภาคใต้,321,4734
2026-07-25,AG-E-052,กรุงเทพฯ,386,677
2026-07-25,AG-E-052,ภาคกลาง,320,495
2026-07-25,AG-E-052,ภาคตะวันออก,88,1439
2026-07-25,AG-E-052,ภาคเหนือ,77,1244
2026-07-25,AG-E-052,ภาคใต้,95,1627
2026-07-26,TK-A-001,กรุงเทพฯ,492,887
2026-07-26,TK-A-001,ภาคกลาง,427,568
2026-07-26,TK-A-001,ภาคตะวันออก,111,2148
2026-07-26,TK-A-001,ภาคเหนือ,98,1782
2026-07-26,TK-A-001,ภาคใต้,131,2292
2026-07-26,GL-B-014,กรุงเทพฯ,928,14596
2026-07-26,GL-B-014,ภาคกลาง,795,13311
2026-07-26,GL-B-014,ภาคตะวันออก,506,10506
2026-07-26,GL-B-014,ภาคเหนือ,510,8409
2026-07-26,GL-B-014,ภาคใต้,664,10659
2026-07-26,MK-C-028,กรุงเทพฯ,1981,2636
2026-07-26,MK-C-028,ภาคกลาง,1528,2782
2026-07-26,MK-C-028,ภาคตะวันออก,394,8023
2026-07-26,MK-C-028,ภาคเหนือ,391,6898
2026-07-26,MK-C-028,ภาคใต้,485,8413
2026-07-26,SY-D-039,กรุงเทพฯ,483,8706
2026-07-26,SY-D-039,ภาคกลาง,387,7312
2026-07-26,SY-D-039,ภาคตะวันออก,295,5578
2026-07-26,SY-D-039,ภาคเหนือ,261,3888
2026-07-26,SY-D-039,ภาคใต้,286,5867
2026-07-26,AG-E-052,กรุงเทพฯ,394,562
2026-07-26,AG-E-052,ภาคกลาง,291,418
2026-07-26,AG-E-052,ภาคตะวันออก,75,1502
2026-07-26,AG-E-052,ภาคเหนือ,70,1203
2026-07-26,AG-E-052,ภาคใต้,88,1579
2026-07-27,TK-A-001,กรุงเทพฯ,476,814
2026-07-27,TK-A-001,ภาคกลาง,442,575
2026-07-27,TK-A-001,ภาคตะวันออก,107,1721
2026-07-27,TK-A-001,ภาคเหนือ,103,1575
2026-07-27,TK-A-001,ภาคใต้,127,2213
2026-07-27,GL-B-014,กรุงเทพฯ,1010,18458
2026-07-27,GL-B-014,ภาคกลาง,766,12892
2026-07-27,GL-B-014,ภาคตะวันออก,575,8896
2026-07-27,GL-B-014,ภาคเหนือ,471,8228
2026-07-27,GL-B-014,ภาคใต้,609,11843
2026-07-27,MK-C-028,กรุงเทพฯ,1729,2768
2026-07-27,MK-C-028,ภาคกลาง,1472,2227
2026-07-27,MK-C-028,ภาคตะวันออก,427,7578
2026-07-27,MK-C-028,ภาคเหนือ,361,7015
2026-07-27,MK-C-028,ภาคใต้,415,8895
2026-07-27,SY-D-039,กรุงเทพฯ,474,7647
2026-07-27,SY-D-039,ภาคกลาง,362,5677
2026-07-27,SY-D-039,ภาคตะวันออก,295,5303
2026-07-27,SY-D-039,ภาคเหนือ,230,3975
2026-07-27,SY-D-039,ภาคใต้,306,5248
2026-07-27,AG-E-052,กรุงเทพฯ,417,695
2026-07-27,AG-E-052,ภาคกลาง,302,429
2026-07-27,AG-E-052,ภาคตะวันออก,78,1548
2026-07-27,AG-E-052,ภาคเหนือ,78,1302
2026-07-27,AG-E-052,ภาคใต้,98,1587
2026-07-28,TK-A-001,กรุงเทพฯ,470,875
2026-07-28,TK-A-001,ภาคกลาง,417,581
2026-07-28,TK-A-001,ภาคตะวันออก,115,2096
2026-07-28,TK-A-001,ภาคเหนือ,93,1870
2026-07-28,TK-A-001,ภาคใต้,113,1929
2026-07-28,GL-B-014,กรุงเทพฯ,853,15573
2026-07-28,GL-B-014,ภาคกลาง,686,14556
2026-07-28,GL-B-014,ภาคตะวันออก,519,11207
2026-07-28,GL-B-014,ภาคเหนือ,531,9444
2026-07-28,GL-B-014,ภาคใต้,624,11106
2026-07-28,MK-C-028,กรุงเทพฯ,1674,3034
2026-07-28,MK-C-028,ภาคกลาง,1369,2283
2026-07-28,MK-C-028,ภาคตะวันออก,428,6421
2026-07-28,MK-C-028,ภาคเหนือ,369,6974
2026-07-28,MK-C-028,ภาคใต้,443,7053
2026-07-28,SY-D-039,กรุงเทพฯ,446,7192
2026-07-28,SY-D-039,ภาคกลาง,346,6954
2026-07-28,SY-D-039,ภาคตะวันออก,278,4331
2026-07-28,SY-D-039,ภาคเหนือ,263,4116
2026-07-28,SY-D-039,ภาคใต้,325,5911
2026-07-28,AG-E-052,กรุงเทพฯ,348,594
2026-07-28,AG-E-052,ภาคกลาง,295,442
2026-07-28,AG-E-052,ภาคตะวันออก,87,1441
2026-07-28,AG-E-052,ภาคเหนือ,65,1373
2026-07-28,AG-E-052,ภาคใต้,85,1603
2026-07-29,TK-A-001,กรุงเทพฯ,500,743
2026-07-29,TK-A-001,ภาคกลาง,357,719
2026-07-29,TK-A-001,ภาคตะวันออก,106,1864
2026-07-29,TK-A-001,ภาคเหนือ,91,1513
2026-07-29,TK-A-001,ภาคใต้,129,1991
2026-07-29,GL-B-014,กรุงเทพฯ,992,17061
2026-07-29,GL-B-014,ภาคกลาง,790,14731
2026-07-29,GL-B-014,ภาคตะวันออก,554,8824
2026-07-29,GL-B-014,ภาคเหนือ,488,9901
2026-07-29,GL-B-014,ภาคใต้,608,12054
2026-07-29,MK-C-028,กรุงเทพฯ,1861,3099
2026-07-29,MK-C-028,ภาคกลาง,1442,2730
2026-07-29,MK-C-028,ภาคตะวันออก,383,8249
2026-07-29,MK-C-028,ภาคเหนือ,370,7015
2026-07-29,MK-C-028,ภาคใต้,478,7516
2026-07-29,SY-D-039,กรุงเทพฯ,406,9011
2026-07-29,SY-D-039,ภาคกลาง,327,5523
2026-07-29,SY-D-039,ภาคตะวันออก,295,4454
2026-07-29,SY-D-039,ภาคเหนือ,258,4271
2026-07-29,SY-D-039,ภาคใต้,272,6030
2026-07-29,AG-E-052,กรุงเทพฯ,371,623
2026-07-29,AG-E-052,ภาคกลาง,258,502
2026-07-29,AG-E-052,ภาคตะวันออก,88,1246
2026-07-29,AG-E-052,ภาคเหนือ,68,1243
2026-07-29,AG-E-052,ภาคใต้,83,1495
2026-07-30,TK-A-001,กรุงเทพฯ,430,728
2026-07-30,TK-A-001,ภาคกลาง,368,608
2026-07-30,TK-A-001,ภาคตะวันออก,103,1931
2026-07-30,TK-A-001,ภาคเหนือ,95,1734
2026-07-30,TK-A-001,ภาคใต้,112,1839
2026-07-30,GL-B-014,กรุงเทพฯ,851,15531
2026-07-30,GL-B-014,ภาคกลาง,769,14402
2026-07-30,GL-B-014,ภาคตะวันออก,587,10350
2026-07-30,GL-B-014,ภาคเหนือ,487,9238
2026-07-30,GL-B-014,ภาคใต้,570,10612
2026-07-30,MK-C-028,กรุงเทพฯ,1539,3426
2026-07-30,MK-C-028,ภาคกลาง,1398,2731
2026-07-30,MK-C-028,ภาคตะวันออก,390,7601
2026-07-30,MK-C-028,ภาคเหนือ,351,5677
2026-07-30,MK-C-028,ภาคใต้,446,7296
2026-07-30,SY-D-039,กรุงเทพฯ,474,7822
2026-07-30,SY-D-039,ภาคกลาง,379,7437
2026-07-30,SY-D-039,ภาคตะวันออก,267,5164
2026-07-30,SY-D-039,ภาคเหนือ,256,4421
2026-07-30,SY-D-039,ภาคใต้,274,5636
2026-07-30,AG-E-052,กรุงเทพฯ,318,562
2026-07-30,AG-E-052,ภาคกลาง,242,463
2026-07-30,AG-E-052,ภาคตะวันออก,89,1241
2026-07-30,AG-E-052,ภาคเหนือ,76,1478
2026-07-30,AG-E-052,ภาคใต้,92,1580
2026-07-31,TK-A-001,กรุงเทพฯ,446,732
2026-07-31,TK-A-001,ภาคกลาง,337,588
2026-07-31,TK-A-001,ภาคตะวันออก,109,1683
2026-07-31,TK-A-001,ภาคเหนือ,98,1951
2026-07-31,TK-A-001,ภาคใต้,123,2107
2026-07-31,GL-B-014,กรุงเทพฯ,904,15283
2026-07-31,GL-B-014,ภาคกลาง,721,13835
2026-07-31,GL-B-014,ภาคตะวันออก,520,8647
2026-07-31,GL-B-014,ภาคเหนือ,464,10223
2026-07-31,GL-B-014,ภาคใต้,559,10288
2026-07-31,MK-C-028,กรุงเทพฯ,1519,3281
2026-07-31,MK-C-028,ภาคกลาง,1152,2392
2026-07-31,MK-C-028,ภาคตะวันออก,431,6405
2026-07-31,MK-C-028,ภาคเหนือ,331,6713
2026-07-31,MK-C-028,ภาคใต้,486,7552
2026-07-31,SY-D-039,กรุงเทพฯ,423,7678
2026-07-31,SY-D-039,ภาคกลาง,335,6744
2026-07-31,SY-D-039,ภาคตะวันออก,247,4489
2026-07-31,SY-D-039,ภาคเหนือ,240,4363
2026-07-31,SY-D-039,ภาคใต้,294,5509
2026-07-31,AG-E-052,กรุงเทพฯ,332,576
2026-07-31,AG-E-052,ภาคกลาง,254,451
2026-07-31,AG-E-052,ภาคตะวันออก,87,1430
2026-07-31,AG-E-052,ภาคเหนือ,75,1261
2026-07-31,AG-E-052,ภาคใต้,87,1737
2026-08-01,TK-A-001,กรุงเทพฯ,378,706
2026-08-01,TK-A-001,ภาคกลาง,293,553
2026-08-01,TK-A-001,ภาคตะวันออก,112,1857
2026-08-01,TK-A-001,ภาคเหนือ,89,1508
2026-08-01,TK-A-001,ภาคใต้,123,2266
2026-08-01,GL-B-014,กรุงเทพฯ,999,18710
2026-08-01,GL-B-014,ภาคกลาง,732,12870
2026-08-01,GL-B-014,ภาคตะวันออก,536,10966
2026-08-01,GL-B-014,ภาคเหนือ,493,8240
2026-08-01,GL-B-014,ภาคใต้,617,11464
2026-08-01,MK-C-028,กรุงเทพฯ,1363,3016
2026-08-01,MK-C-028,ภาคกลาง,1262,2137
2026-08-01,MK-C-028,ภาคตะวันออก,372,6584
2026-08-01,MK-C-028,ภาคเหนือ,357,6641
2026-08-01,MK-C-028,ภาคใต้,431,8238
2026-08-01,SY-D-039,กรุงเทพฯ,460,7020
2026-08-01,SY-D-039,ภาคกลาง,335,6013
2026-08-01,SY-D-039,ภาคตะวันออก,288,4438
2026-08-01,SY-D-039,ภาคเหนือ,235,4381
2026-08-01,SY-D-039,ภาคใต้,303,5856
2026-08-01,AG-E-052,กรุงเทพฯ,294,567
2026-08-01,AG-E-052,ภาคกลาง,237,471
2026-08-01,AG-E-052,ภาคตะวันออก,76,1635
2026-08-01,AG-E-052,ภาคเหนือ,78,1196
2026-08-01,AG-E-052,ภาคใต้,87,1818
2026-08-02,TK-A-001,กรุงเทพฯ,393,728
2026-08-02,TK-A-001,ภาคกลาง,289,630
2026-08-02,TK-A-001,ภาคตะวันออก,107,2206
2026-08-02,TK-A-001,ภาคเหนือ,93,1931
2026-08-02,TK-A-001,ภาคใต้,110,2470
2026-08-02,GL-B-014,กรุงเทพฯ,897,15462
2026-08-02,GL-B-014,ภาคกลาง,809,13222
2026-08-02,GL-B-014,ภาคตะวันออก,600,10250
2026-08-02,GL-B-014,ภาคเหนือ,474,10015
2026-08-02,GL-B-014,ภาคใต้,638,10995
2026-08-02,MK-C-028,กรุงเทพฯ,1364,3191
2026-08-02,MK-C-028,ภาคกลาง,1005,2567
2026-08-02,MK-C-028,ภาคตะวันออก,415,7419
2026-08-02,MK-C-028,ภาคเหนือ,395,6705
2026-08-02,MK-C-028,ภาคใต้,471,9192
2026-08-02,SY-D-039,กรุงเทพฯ,421,8197
2026-08-02,SY-D-039,ภาคกลาง,354,7230
2026-08-02,SY-D-039,ภาคตะวันออก,296,5499
2026-08-02,SY-D-039,ภาคเหนือ,219,3758
2026-08-02,SY-D-039,ภาคใต้,276,5257
2026-08-02,AG-E-052,กรุงเทพฯ,297,653
2026-08-02,AG-E-052,ภาคกลาง,241,497
2026-08-02,AG-E-052,ภาคตะวันออก,82,1646
2026-08-02,AG-E-052,ภาคเหนือ,74,1234
2026-08-02,AG-E-052,ภาคใต้,97,1541
2026-08-03,TK-A-001,กรุงเทพฯ,314,763
2026-08-03,TK-A-001,ภาคกลาง,296,579
2026-08-03,TK-A-001,ภาคตะวันออก,98,1762
2026-08-03,TK-A-001,ภาคเหนือ,87,1658
2026-08-03,TK-A-001,ภาคใต้,109,2169
2026-08-03,GL-B-014,กรุงเทพฯ,1010,16170
2026-08-03,GL-B-014,ภาคกลาง,730,11481
2026-08-03,GL-B-014,ภาคตะวันออก,578,8858
2026-08-03,GL-B-014,ภาคเหนือ,525,8868
2026-08-03,GL-B-014,ภาคใต้,675,11439
2026-08-03,MK-C-028,กรุงเทพฯ,1321,3337
2026-08-03,MK-C-028,ภาคกลาง,1116,2234
2026-08-03,MK-C-028,ภาคตะวันออก,435,8320
2026-08-03,MK-C-028,ภาคเหนือ,388,7265
2026-08-03,MK-C-028,ภาคใต้,461,8090
2026-08-03,SY-D-039,กรุงเทพฯ,449,7986
2026-08-03,SY-D-039,ภาคกลาง,342,5862
2026-08-03,SY-D-039,ภาคตะวันออก,277,4959
2026-08-03,SY-D-039,ภาคเหนือ,243,3876
2026-08-03,SY-D-039,ภาคใต้,306,6205
2026-08-03,AG-E-052,กรุงเทพฯ,244,688
2026-08-03,AG-E-052,ภาคกลาง,223,481
2026-08-03,AG-E-052,ภาคตะวันออก,78,1598
2026-08-03,AG-E-052,ภาคเหนือ,72,1440
2026-08-03,AG-E-052,ภาคใต้,96,1503
2026-08-04,TK-A-001,กรุงเทพฯ,297,831
2026-08-04,TK-A-001,ภาคกลาง,251,611
2026-08-04,TK-A-001,ภาคตะวันออก,101,2209
2026-08-04,TK-A-001,ภาคเหนือ,97,1567
2026-08-04,TK-A-001,ภาคใต้,126,2012
2026-08-04,GL-B-014,กรุงเทพฯ,974,16907
2026-08-04,GL-B-014,ภาคกลาง,758,14991
2026-08-04,GL-B-014,ภาคตะวันออก,522,11487
2026-08-04,GL-B-014,ภาคเหนือ,492,8274
2026-08-04,GL-B-014,ภาคใต้,583,9660
2026-08-04,MK-C-028,กรุงเทพฯ,1144,3347
2026-08-04,MK-C-028,ภาคกลาง,1042,2476
2026-08-04,MK-C-028,ภาคตะวันออก,373,7401
2026-08-04,MK-C-028,ภาคเหนือ,329,7379
2026-08-04,MK-C-028,ภาคใต้,435,9140
2026-08-04,SY-D-039,กรุงเทพฯ,439,7729
2026-08-04,SY-D-039,ภาคกลาง,336,5741
2026-08-04,SY-D-039,ภาคตะวันออก,259,4271
2026-08-04,SY-D-039,ภาคเหนือ,262,4525
2026-08-04,SY-D-039,ภาคใต้,326,5093
2026-08-04,AG-E-052,กรุงเทพฯ,225,584
2026-08-04,AG-E-052,ภาคกลาง,210,490
2026-08-04,AG-E-052,ภาคตะวันออก,74,1250
2026-08-04,AG-E-052,ภาคเหนือ,77,1266
2026-08-04,AG-E-052,ภาคใต้,94,1608
2026-08-05,TK-A-001,กรุงเทพฯ,326,787
2026-08-05,TK-A-001,ภาคกลาง,252,645
2026-08-05,TK-A-001,ภาคตะวันออก,100,1874
2026-08-05,TK-A-001,ภาคเหนือ,98,1708
2026-08-05,TK-A-001,ภาคใต้,126,1881
2026-08-05,GL-B-014,กรุงเทพฯ,856,17900
2026-08-05,GL-B-014,ภาคกลาง,768,13923
2026-08-05,GL-B-014,ภาคตะวันออก,592,9060
2026-08-05,GL-B-014,ภาคเหนือ,533,8965
2026-08-05,GL-B-014,ภาคใต้,597,10436
2026-08-05,MK-C-028,กรุงเทพฯ,1204,3262
2026-08-05,MK-C-028,ภาคกลาง,871,2068
2026-08-05,MK-C-028,ภาคตะวันออก,430,6503
2026-08-05,MK-C-028,ภาคเหนือ,357,7231
2026-08-05,MK-C-028,ภาคใต้,435,7061
2026-08-05,SY-D-039,กรุงเทพฯ,451,7964
2026-08-05,SY-D-039,ภาคกลาง,379,7124
2026-08-05,SY-D-039,ภาคตะวันออก,292,5183
2026-08-05,SY-D-039,ภาคเหนือ,253,4599
2026-08-05,SY-D-039,ภาคใต้,300,5345
2026-08-05,AG-E-052,กรุงเทพฯ,221,577
2026-08-05,AG-E-052,ภาคกลาง,175,477
2026-08-05,AG-E-052,ภาคตะวันออก,76,1604
2026-08-05,AG-E-052,ภาคเหนือ,68,1372
2026-08-05,AG-E-052,ภาคใต้,95,1845
2026-08-06,TK-A-001,กรุงเทพฯ,282,926
2026-08-06,TK-A-001,ภาคกลาง,221,597
2026-08-06,TK-A-001,ภาคตะวันออก,113,1891
2026-08-06,TK-A-001,ภาคเหนือ,90,1779
2026-08-06,TK-A-001,ภาคใต้,123,1993
2026-08-06,GL-B-014,กรุงเทพฯ,1020,15771
2026-08-06,GL-B-014,ภาคกลาง,792,12741
2026-08-06,GL-B-014,ภาคตะวันออก,579,8591
2026-08-06,GL-B-014,ภาคเหนือ,531,9059
2026-08-06,GL-B-014,ภาคใต้,580,10228
2026-08-06,MK-C-028,กรุงเทพฯ,1021,2848
2026-08-06,MK-C-028,ภาคกลาง,883,2453
2026-08-06,MK-C-028,ภาคตะวันออก,429,8167
2026-08-06,MK-C-028,ภาคเหนือ,362,6477
2026-08-06,MK-C-028,ภาคใต้,455,8311
2026-08-06,SY-D-039,กรุงเทพฯ,423,9127
2026-08-06,SY-D-039,ภาคกลาง,353,5666
2026-08-06,SY-D-039,ภาคตะวันออก,272,5368
2026-08-06,SY-D-039,ภาคเหนือ,233,4050
2026-08-06,SY-D-039,ภาคใต้,305,5745
2026-08-06,AG-E-052,กรุงเทพฯ,199,617
2026-08-06,AG-E-052,ภาคกลาง,162,463
2026-08-06,AG-E-052,ภาคตะวันออก,78,1363
2026-08-06,AG-E-052,ภาคเหนือ,75,1387
2026-08-06,AG-E-052,ภาคใต้,88,1457
2026-08-07,TK-A-001,กรุงเทพฯ,263,902
2026-08-07,TK-A-001,ภาคกลาง,216,573
2026-08-07,TK-A-001,ภาคตะวันออก,106,1657
2026-08-07,TK-A-001,ภาคเหนือ,90,1826
2026-08-07,TK-A-001,ภาคใต้,119,1838
2026-08-07,GL-B-014,กรุงเทพฯ,940,17743
2026-08-07,GL-B-014,ภาคกลาง,761,15199
2026-08-07,GL-B-014,ภาคตะวันออก,556,8991
2026-08-07,GL-B-014,ภาคเหนือ,450,10201
2026-08-07,GL-B-014,ภาคใต้,581,12183
2026-08-07,MK-C-028,กรุงเทพฯ,996,3380
2026-08-07,MK-C-028,ภาคกลาง,879,2779
2026-08-07,MK-C-028,ภาคตะวันออก,409,6658
2026-08-07,MK-C-028,ภาคเหนือ,355,6205
2026-08-07,MK-C-028,ภาคใต้,425,8889
2026-08-07,SY-D-039,กรุงเทพฯ,453,9241
2026-08-07,SY-D-039,ภาคกลาง,394,5509
2026-08-07,SY-D-039,ภาคตะวันออก,254,4955
2026-08-07,SY-D-039,ภาคเหนือ,232,4569
2026-08-07,SY-D-039,ภาคใต้,299,4695
2026-08-07,AG-E-052,กรุงเทพฯ,218,617
2026-08-07,AG-E-052,ภาคกลาง,173,536
2026-08-07,AG-E-052,ภาคตะวันออก,89,1537
2026-08-07,AG-E-052,ภาคเหนือ,77,1466
2026-08-07,AG-E-052,ภาคใต้,82,1543
2026-08-08,TK-A-001,กรุงเทพฯ,260,824
2026-08-08,TK-A-001,ภาคกลาง,184,561
2026-08-08,TK-A-001,ภาคตะวันออก,108,1879
2026-08-08,TK-A-001,ภาคเหนือ,100,1877
2026-08-08,TK-A-001,ภาคใต้,118,2224
2026-08-08,GL-B-014,กรุงเทพฯ,869,15315
2026-08-08,GL-B-014,ภาคกลาง,693,13673
2026-08-08,GL-B-014,ภาคตะวันออก,538,9198
2026-08-08,GL-B-014,ภาคเหนือ,509,9535
2026-08-08,GL-B-014,ภาคใต้,667,9797
2026-08-08,MK-C-028,กรุงเทพฯ,891,3491
2026-08-08,MK-C-028,ภาคกลาง,810,2192
2026-08-08,MK-C-028,ภาคตะวันออก,423,7878
2026-08-08,MK-C-028,ภาคเหนือ,364,7116
2026-08-08,MK-C-028,ภาคใต้,468,7851
2026-08-08,SY-D-039,กรุงเทพฯ,446,9311
2026-08-08,SY-D-039,ภาคกลาง,333,6688
2026-08-08,SY-D-039,ภาคตะวันออก,274,5285
2026-08-08,SY-D-039,ภาคเหนือ,263,4132
2026-08-08,SY-D-039,ภาคใต้,306,5830
2026-08-08,AG-E-052,กรุงเทพฯ,181,696
2026-08-08,AG-E-052,ภาคกลาง,162,546
2026-08-08,AG-E-052,ภาคตะวันออก,77,1578
2026-08-08,AG-E-052,ภาคเหนือ,70,1297
2026-08-08,AG-E-052,ภาคใต้,85,1443
2026-08-09,TK-A-001,กรุงเทพฯ,242,760
2026-08-09,TK-A-001,ภาคกลาง,184,581
2026-08-09,TK-A-001,ภาคตะวันออก,104,2079
2026-08-09,TK-A-001,ภาคเหนือ,93,1571
2026-08-09,TK-A-001,ภาคใต้,110,1954
2026-08-09,GL-B-014,กรุงเทพฯ,887,17703
2026-08-09,GL-B-014,ภาคกลาง,781,12690
2026-08-09,GL-B-014,ภาคตะวันออก,581,9949
2026-08-09,GL-B-014,ภาคเหนือ,472,8161
2026-08-09,GL-B-014,ภาคใต้,659,9979
2026-08-09,MK-C-028,กรุงเทพฯ,847,3192
2026-08-09,MK-C-028,ภาคกลาง,746,2404
2026-08-09,MK-C-028,ภาคตะวันออก,423,8357
2026-08-09,MK-C-028,ภาคเหนือ,384,6661
2026-08-09,MK-C-028,ภาคใต้,465,7234
2026-08-09,SY-D-039,กรุงเทพฯ,477,8791
2026-08-09,SY-D-039,ภาคกลาง,357,7366
2026-08-09,SY-D-039,ภาคตะวันออก,260,5473
2026-08-09,SY-D-039,ภาคเหนือ,258,4855
2026-08-09,SY-D-039,ภาคใต้,307,5871
2026-08-09,AG-E-052,กรุงเทพฯ,187,629
2026-08-09,AG-E-052,ภาคกลาง,155,440
2026-08-09,AG-E-052,ภาคตะวันออก,74,1252
2026-08-09,AG-E-052,ภาคเหนือ,71,1143
2026-08-09,AG-E-052,ภาคใต้,82,1387
2026-08-10,TK-A-001,กรุงเทพฯ,213,869
2026-08-10,TK-A-001,ภาคกลาง,185,716
2026-08-10,TK-A-001,ภาคตะวันออก,100,2191
2026-08-10,TK-A-001,ภาคเหนือ,106,1784
2026-08-10,TK-A-001,ภาคใต้,129,1992
2026-08-10,GL-B-014,กรุงเทพฯ,926,18068
2026-08-10,GL-B-014,ภาคกลาง,716,11839
2026-08-10,GL-B-014,ภาคตะวันออก,612,9508
2026-08-10,GL-B-014,ภาคเหนือ,490,8563
2026-08-10,GL-B-014,ภาคใต้,659,10269
2026-08-10,MK-C-028,กรุงเทพฯ,807,2736
2026-08-10,MK-C-028,ภาคกลาง,724,2120
2026-08-10,MK-C-028,ภาคตะวันออก,411,7151
2026-08-10,MK-C-028,ภาคเหนือ,345,5796
2026-08-10,MK-C-028,ภาคใต้,474,9179
2026-08-10,SY-D-039,กรุงเทพฯ,478,8087
2026-08-10,SY-D-039,ภาคกลาง,355,7108
2026-08-10,SY-D-039,ภาคตะวันออก,292,4846
2026-08-10,SY-D-039,ภาคเหนือ,216,3942
2026-08-10,SY-D-039,ภาคใต้,273,4600
2026-08-10,AG-E-052,กรุงเทพฯ,170,541
2026-08-10,AG-E-052,ภาคกลาง,143,459
2026-08-10,AG-E-052,ภาคตะวันออก,74,1248
2026-08-10,AG-E-052,ภาคเหนือ,67,1184
2026-08-10,AG-E-052,ภาคใต้,85,1507
2026-08-11,TK-A-001,กรุงเทพฯ,234,698
2026-08-11,TK-A-001,ภาคกลาง,173,727
2026-08-11,TK-A-001,ภาคตะวันออก,101,1994
2026-08-11,TK-A-001,ภาคเหนือ,103,1584
2026-08-11,TK-A-001,ภาคใต้,127,1864
2026-08-11,GL-B-014,กรุงเทพฯ,898,18500
2026-08-11,GL-B-014,ภาคกลาง,723,13358
2026-08-11,GL-B-014,ภาคตะวันออก,600,10849
2026-08-11,GL-B-014,ภาคเหนือ,527,9186
2026-08-11,GL-B-014,ภาคใต้,598,9879
2026-08-11,MK-C-028,กรุงเทพฯ,865,3036
2026-08-11,MK-C-028,ภาคกลาง,660,2721
2026-08-11,MK-C-028,ภาคตะวันออก,419,6355
2026-08-11,MK-C-028,ภาคเหนือ,369,7164
2026-08-11,MK-C-028,ภาคใต้,492,6931
2026-08-11,SY-D-039,กรุงเทพฯ,467,7172
2026-08-11,SY-D-039,ภาคกลาง,357,6478
2026-08-11,SY-D-039,ภาคตะวันออก,268,4889
2026-08-11,SY-D-039,ภาคเหนือ,229,3999
2026-08-11,SY-D-039,ภาคใต้,325,5420
2026-08-11,AG-E-052,กรุงเทพฯ,170,591
2026-08-11,AG-E-052,ภาคกลาง,121,435
2026-08-11,AG-E-052,ภาคตะวันออก,79,1435
2026-08-11,AG-E-052,ภาคเหนือ,65,1359
2026-08-11,AG-E-052,ภาคใต้,94,1380
2026-08-12,TK-A-001,กรุงเทพฯ,230,786
2026-08-12,TK-A-001,ภาคกลาง,159,644
2026-08-12,TK-A-001,ภาคตะวันออก,99,1859
2026-08-12,TK-A-001,ภาคเหนือ,100,1802
2026-08-12,TK-A-001,ภาคใต้,127,2103
2026-08-12,GL-B-014,กรุงเทพฯ,884,17853
2026-08-12,GL-B-014,ภาคกลาง,750,11784
2026-08-12,GL-B-014,ภาคตะวันออก,587,10395
2026-08-12,GL-B-014,ภาคเหนือ,481,8915
2026-08-12,GL-B-014,ภาคใต้,643,10346
2026-08-12,MK-C-028,กรุงเทพฯ,732,3021
2026-08-12,MK-C-028,ภาคกลาง,647,2257
2026-08-12,MK-C-028,ภาคตะวันออก,377,7574
2026-08-12,MK-C-028,ภาคเหนือ,349,6245
2026-08-12,MK-C-028,ภาคใต้,411,7608
2026-08-12,SY-D-039,กรุงเทพฯ,439,7815
2026-08-12,SY-D-039,ภาคกลาง,343,7004
2026-08-12,SY-D-039,ภาคตะวันออก,297,4740
2026-08-12,SY-D-039,ภาคเหนือ,232,4355
2026-08-12,SY-D-039,ภาคใต้,305,6149
2026-08-12,AG-E-052,กรุงเทพฯ,165,691
2026-08-12,AG-E-052,ภาคกลาง,136,540
2026-08-12,AG-E-052,ภาคตะวันออก,87,1285
2026-08-12,AG-E-052,ภาคเหนือ,75,1187
2026-08-12,AG-E-052,ภาคใต้,95,1504
2026-08-13,TK-A-001,กรุงเทพฯ,204,898
2026-08-13,TK-A-001,ภาคกลาง,170,650
2026-08-13,TK-A-001,ภาคตะวันออก,117,2210
2026-08-13,TK-A-001,ภาคเหนือ,88,1735
2026-08-13,TK-A-001,ภาคใต้,128,2404
2026-08-13,GL-B-014,กรุงเทพฯ,944,15051
2026-08-13,GL-B-014,ภาคกลาง,754,12267
2026-08-13,GL-B-014,ภาคตะวันออก,593,11174
2026-08-13,GL-B-014,ภาคเหนือ,469,9905
2026-08-13,GL-B-014,ภาคใต้,595,11656
2026-08-13,MK-C-028,กรุงเทพฯ,802,2847
2026-08-13,MK-C-028,ภาคกลาง,629,2208
2026-08-13,MK-C-028,ภาคตะวันออก,384,7515
2026-08-13,MK-C-028,ภาคเหนือ,347,6917
2026-08-13,MK-C-028,ภาคใต้,437,9230
2026-08-13,SY-D-039,กรุงเทพฯ,423,7377
2026-08-13,SY-D-039,ภาคกลาง,394,6288
2026-08-13,SY-D-039,ภาคตะวันออก,243,4388
2026-08-13,SY-D-039,ภาคเหนือ,250,3882
2026-08-13,SY-D-039,ภาคใต้,306,5384
2026-08-13,AG-E-052,กรุงเทพฯ,142,537
2026-08-13,AG-E-052,ภาคกลาง,130,480
2026-08-13,AG-E-052,ภาคตะวันออก,78,1606
2026-08-13,AG-E-052,ภาคเหนือ,74,1230
2026-08-13,AG-E-052,ภาคใต้,85,1594
2026-08-14,TK-A-001,กรุงเทพฯ,184,725
2026-08-14,TK-A-001,ภาคกลาง,147,594
2026-08-14,TK-A-001,ภาคตะวันออก,100,1820
2026-08-14,TK-A-001,ภาคเหนือ,89,1792
2026-08-14,TK-A-001,ภาคใต้,109,2003
2026-08-14,GL-B-014,กรุงเทพฯ,856,15928
2026-08-14,GL-B-014,ภาคกลาง,798,14019
2026-08-14,GL-B-014,ภาคตะวันออก,515,9429
2026-08-14,GL-B-014,ภาคเหนือ,492,8308
2026-08-14,GL-B-014,ภาคใต้,632,12457
2026-08-14,MK-C-028,กรุงเทพฯ,779,3217
2026-08-14,MK-C-028,ภาคกลาง,592,2672
2026-08-14,MK-C-028,ภาคตะวันออก,380,6357
2026-08-14,MK-C-028,ภาคเหนือ,370,6263
2026-08-14,MK-C-028,ภาคใต้,461,8584
2026-08-14,SY-D-039,กรุงเทพฯ,476,9002
2026-08-14,SY-D-039,ภาคกลาง,380,6816
2026-08-14,SY-D-039,ภาคตะวันออก,269,5105
2026-08-14,SY-D-039,ภาคเหนือ,228,4774
2026-08-14,SY-D-039,ภาคใต้,323,4945
2026-08-14,AG-E-052,กรุงเทพฯ,159,645
2026-08-14,AG-E-052,ภาคกลาง,117,508
2026-08-14,AG-E-052,ภาคตะวันออก,86,1639
2026-08-14,AG-E-052,ภาคเหนือ,66,1117
2026-08-14,AG-E-052,ภาคใต้,88,1753
2026-08-15,TK-A-001,กรุงเทพฯ,209,801
2026-08-15,TK-A-001,ภาคกลาง,159,692
2026-08-15,TK-A-001,ภาคตะวันออก,117,1865
2026-08-15,TK-A-001,ภาคเหนือ,90,1788
2026-08-15,TK-A-001,ภาคใต้,129,2384
2026-08-15,GL-B-014,กรุงเทพฯ,909,16736
2026-08-15,GL-B-014,ภาคกลาง,674,15080
2026-08-15,GL-B-014,ภาคตะวันออก,560,8694
2026-08-15,GL-B-014,ภาคเหนือ,471,9952
2026-08-15,GL-B-014,ภาคใต้,561,12665
2026-08-15,MK-C-028,กรุงเทพฯ,785,2817
2026-08-15,MK-C-028,ภาคกลาง,605,2622
2026-08-15,MK-C-028,ภาคตะวันออก,417,6300
2026-08-15,MK-C-028,ภาคเหนือ,376,5931
2026-08-15,MK-C-028,ภาคใต้,447,7379
2026-08-15,SY-D-039,กรุงเทพฯ,424,9026
2026-08-15,SY-D-039,ภาคกลาง,349,6582
2026-08-15,SY-D-039,ภาคตะวันออก,286,5034
2026-08-15,SY-D-039,ภาคเหนือ,244,4468
2026-08-15,SY-D-039,ภาคใต้,290,5220
2026-08-15,AG-E-052,กรุงเทพฯ,144,519
2026-08-15,AG-E-052,ภาคกลาง,114,442
2026-08-15,AG-E-052,ภาคตะวันออก,81,1439
2026-08-15,AG-E-052,ภาคเหนือ,71,1230
2026-08-15,AG-E-052,ภาคใต้,88,1589
2026-08-16,TK-A-001,กรุงเทพฯ,194,2858
2026-08-16,TK-A-001,ภาคกลาง,135,2346
2026-08-16,TK-A-001,ภาคตะวันออก,105,2145
2026-08-16,TK-A-001,ภาคเหนือ,101,1725
2026-08-16,TK-A-001,ภาคใต้,113,2332
2026-08-16,GL-B-014,กรุงเทพฯ,889,16439
2026-08-16,GL-B-014,ภาคกลาง,712,15349
2026-08-16,GL-B-014,ภาคตะวันออก,581,8967
2026-08-16,GL-B-014,ภาคเหนือ,466,9940
2026-08-16,GL-B-014,ภาคใต้,602,9704
2026-08-16,MK-C-028,กรุงเทพฯ,732,11781
2026-08-16,MK-C-028,ภาคกลาง,565,9812
2026-08-16,MK-C-028,ภาคตะวันออก,420,6693
2026-08-16,MK-C-028,ภาคเหนือ,340,6324
2026-08-16,MK-C-028,ภาคใต้,472,8724
2026-08-16,SY-D-039,กรุงเทพฯ,449,7456
2026-08-16,SY-D-039,ภาคกลาง,363,6087
2026-08-16,SY-D-039,ภาคตะวันออก,245,4158
2026-08-16,SY-D-039,ภาคเหนือ,226,3743
2026-08-16,SY-D-039,ภาคใต้,298,5869
2026-08-16,AG-E-052,กรุงเทพฯ,137,2582
2026-08-16,AG-E-052,ภาคกลาง,117,1931
2026-08-16,AG-E-052,ภาคตะวันออก,74,1540
2026-08-16,AG-E-052,ภาคเหนือ,66,1316
2026-08-16,AG-E-052,ภาคใต้,95,1596
2026-08-17,TK-A-001,กรุงเทพฯ,163,3510
2026-08-17,TK-A-001,ภาคกลาง,148,2480
2026-08-17,TK-A-001,ภาคตะวันออก,109,2152
2026-08-17,TK-A-001,ภาคเหนือ,93,1964
2026-08-17,TK-A-001,ภาคใต้,119,2373
2026-08-17,GL-B-014,กรุงเทพฯ,941,18131
2026-08-17,GL-B-014,ภาคกลาง,797,13422
2026-08-17,GL-B-014,ภาคตะวันออก,601,11396
2026-08-17,GL-B-014,ภาคเหนือ,487,8558
2026-08-17,GL-B-014,ภาคใต้,667,10179
2026-08-17,MK-C-028,กรุงเทพฯ,717,12365
2026-08-17,MK-C-028,ภาคกลาง,583,8692
2026-08-17,MK-C-028,ภาคตะวันออก,374,6470
2026-08-17,MK-C-028,ภาคเหนือ,390,7032
2026-08-17,MK-C-028,ภาคใต้,441,7909
2026-08-17,SY-D-039,กรุงเทพฯ,487,8691
2026-08-17,SY-D-039,ภาคกลาง,343,6267
2026-08-17,SY-D-039,ภาคตะวันออก,286,5117
2026-08-17,SY-D-039,ภาคเหนือ,249,4032
2026-08-17,SY-D-039,ภาคใต้,329,5746
2026-08-17,AG-E-052,กรุงเทพฯ,146,2633
2026-08-17,AG-E-052,ภาคกลาง,99,1678
2026-08-17,AG-E-052,ภาคตะวันออก,79,1595
2026-08-17,AG-E-052,ภาคเหนือ,67,1467
2026-08-17,AG-E-052,ภาคใต้,84,1568
2026-08-18,TK-A-001,กรุงเทพฯ,185,3548
2026-08-18,TK-A-001,ภาคกลาง,157,2403
2026-08-18,TK-A-001,ภาคตะวันออก,118,1734
2026-08-18,TK-A-001,ภาคเหนือ,88,1607
2026-08-18,TK-A-001,ภาคใต้,117,2017
2026-08-18,GL-B-014,กรุงเทพฯ,848,17889
2026-08-18,GL-B-014,ภาคกลาง,693,13839
2026-08-18,GL-B-014,ภาคตะวันออก,577,8905
2026-08-18,GL-B-014,ภาคเหนือ,455,8859
2026-08-18,GL-B-014,ภาคใต้,569,12551
2026-08-18,MK-C-028,กรุงเทพฯ,623,13195
2026-08-18,MK-C-028,ภาคกลาง,568,9560
2026-08-18,MK-C-028,ภาคตะวันออก,407,7099
2026-08-18,MK-C-028,ภาคเหนือ,373,5589
2026-08-18,MK-C-028,ภาคใต้,477,8357
2026-08-18,SY-D-039,กรุงเทพฯ,410,8993
2026-08-18,SY-D-039,ภาคกลาง,343,5706
2026-08-18,SY-D-039,ภาคตะวันออก,248,4370
2026-08-18,SY-D-039,ภาคเหนือ,237,4574
2026-08-18,SY-D-039,ภาคใต้,294,5991
2026-08-18,AG-E-052,กรุงเทพฯ,144,2343
2026-08-18,AG-E-052,ภาคกลาง,102,2104
2026-08-18,AG-E-052,ภาคตะวันออก,79,1399
2026-08-18,AG-E-052,ภาคเหนือ,75,1400
2026-08-18,AG-E-052,ภาคใต้,96,1654
2026-08-19,TK-A-001,กรุงเทพฯ,193,3448
2026-08-19,TK-A-001,ภาคกลาง,157,2522
2026-08-19,TK-A-001,ภาคตะวันออก,107,1699
2026-08-19,TK-A-001,ภาคเหนือ,88,1957
2026-08-19,TK-A-001,ภาคใต้,129,2099
2026-08-19,GL-B-014,กรุงเทพฯ,946,17908
2026-08-19,GL-B-014,ภาคกลาง,787,11867
2026-08-19,GL-B-014,ภาคตะวันออก,506,11502
2026-08-19,GL-B-014,ภาคเหนือ,518,8637
2026-08-19,GL-B-014,ภาคใต้,638,12088
2026-08-19,MK-C-028,กรุงเทพฯ,739,13837
2026-08-19,MK-C-028,ภาคกลาง,573,9710
2026-08-19,MK-C-028,ภาคตะวันออก,415,6605
2026-08-19,MK-C-028,ภาคเหนือ,373,7001
2026-08-19,MK-C-028,ภาคใต้,472,8586
2026-08-19,SY-D-039,กรุงเทพฯ,477,8072
2026-08-19,SY-D-039,ภาคกลาง,338,6379
2026-08-19,SY-D-039,ภาคตะวันออก,271,5256
2026-08-19,SY-D-039,ภาคเหนือ,262,3691
2026-08-19,SY-D-039,ภาคใต้,274,6036
2026-08-19,AG-E-052,กรุงเทพฯ,144,2394
2026-08-19,AG-E-052,ภาคกลาง,108,1979
2026-08-19,AG-E-052,ภาคตะวันออก,87,1268
2026-08-19,AG-E-052,ภาคเหนือ,76,1136
2026-08-19,AG-E-052,ภาคใต้,88,1803
2026-08-20,TK-A-001,กรุงเทพฯ,188,3045
2026-08-20,TK-A-001,ภาคกลาง,134,2732
2026-08-20,TK-A-001,ภาคตะวันออก,114,1793
2026-08-20,TK-A-001,ภาคเหนือ,100,1948
2026-08-20,TK-A-001,ภาคใต้,120,1860
2026-08-20,GL-B-014,กรุงเทพฯ,840,18607
2026-08-20,GL-B-014,ภาคกลาง,718,13208
2026-08-20,GL-B-014,ภาคตะวันออก,561,10707
2026-08-20,GL-B-014,ภาคเหนือ,502,7627
2026-08-20,GL-B-014,ภาคใต้,619,11686
2026-08-20,MK-C-028,กรุงเทพฯ,695,12984
2026-08-20,MK-C-028,ภาคกลาง,594,8397
2026-08-20,MK-C-028,ภาคตะวันออก,430,7906
2026-08-20,MK-C-028,ภาคเหนือ,384,5878
2026-08-20,MK-C-028,ภาคใต้,473,8686
2026-08-20,SY-D-039,กรุงเทพฯ,471,7823
2026-08-20,SY-D-039,ภาคกลาง,366,5762
2026-08-20,SY-D-039,ภาคตะวันออก,280,4442
2026-08-20,SY-D-039,ภาคเหนือ,228,4229
2026-08-20,SY-D-039,ภาคใต้,299,5032
2026-08-20,AG-E-052,กรุงเทพฯ,133,2679
2026-08-20,AG-E-052,ภาคกลาง,112,2127
2026-08-20,AG-E-052,ภาคตะวันออก,76,1413
2026-08-20,AG-E-052,ภาคเหนือ,70,1475
2026-08-20,AG-E-052,ภาคใต้,92,1491
2026-08-21,TK-A-001,กรุงเทพฯ,189,3235
2026-08-21,TK-A-001,ภาคกลาง,133,2296
2026-08-21,TK-A-001,ภาคตะวันออก,109,1882
2026-08-21,TK-A-001,ภาคเหนือ,87,1750
2026-08-21,TK-A-001,ภาคใต้,131,2204
2026-08-21,GL-B-014,กรุงเทพฯ,996,19125
2026-08-21,GL-B-014,ภาคกลาง,765,13448
2026-08-21,GL-B-014,ภาคตะวันออก,600,8822
2026-08-21,GL-B-014,ภาคเหนือ,512,9839
2026-08-21,GL-B-014,ภาคใต้,654,9763
2026-08-21,MK-C-028,กรุงเทพฯ,697,13411
2026-08-21,MK-C-028,ภาคกลาง,528,9147
2026-08-21,MK-C-028,ภาคตะวันออก,425,7577
2026-08-21,MK-C-028,ภาคเหนือ,384,7353
2026-08-21,MK-C-028,ภาคใต้,434,7918
2026-08-21,SY-D-039,กรุงเทพฯ,493,8049
2026-08-21,SY-D-039,ภาคกลาง,383,5688
2026-08-21,SY-D-039,ภาคตะวันออก,285,5492
2026-08-21,SY-D-039,ภาคเหนือ,224,3700
2026-08-21,SY-D-039,ภาคใต้,272,5308
2026-08-21,AG-E-052,กรุงเทพฯ,133,2680
2026-08-21,AG-E-052,ภาคกลาง,106,1957
2026-08-21,AG-E-052,ภาคตะวันออก,74,1538
2026-08-21,AG-E-052,ภาคเหนือ,65,1477
2026-08-21,AG-E-052,ภาคใต้,92,1821
2026-08-22,TK-A-001,กรุงเทพฯ,193,3163
2026-08-22,TK-A-001,ภาคกลาง,146,2659
2026-08-22,TK-A-001,ภาคตะวันออก,110,2235
2026-08-22,TK-A-001,ภาคเหนือ,89,1476
2026-08-22,TK-A-001,ภาคใต้,108,2125
2026-08-22,GL-B-014,กรุงเทพฯ,883,15253
2026-08-22,GL-B-014,ภาคกลาง,775,14398
2026-08-22,GL-B-014,ภาคตะวันออก,517,8820
2026-08-22,GL-B-014,ภาคเหนือ,538,8247
2026-08-22,GL-B-014,ภาคใต้,595,12115
2026-08-22,MK-C-028,กรุงเทพฯ,718,12280
2026-08-22,MK-C-028,ภาคกลาง,533,8964
2026-08-22,MK-C-028,ภาคตะวันออก,388,7996
2026-08-22,MK-C-028,ภาคเหนือ,338,5787
2026-08-22,MK-C-028,ภาคใต้,429,8026
2026-08-22,SY-D-039,กรุงเทพฯ,448,8991
2026-08-22,SY-D-039,ภาคกลาง,331,7200
2026-08-22,SY-D-039,ภาคตะวันออก,252,5243
2026-08-22,SY-D-039,ภาคเหนือ,241,4913
2026-08-22,SY-D-039,ภาคใต้,313,4950
2026-08-22,AG-E-052,กรุงเทพฯ,126,2741
2026-08-22,AG-E-052,ภาคกลาง,99,1775
2026-08-22,AG-E-052,ภาคตะวันออก,83,1241
2026-08-22,AG-E-052,ภาคเหนือ,73,1187
2026-08-22,AG-E-052,ภาคใต้,96,1539
2026-08-23,TK-A-001,กรุงเทพฯ,197,3598
2026-08-23,TK-A-001,ภาคกลาง,151,2456
2026-08-23,TK-A-001,ภาคตะวันออก,118,1982
2026-08-23,TK-A-001,ภาคเหนือ,103,1476
2026-08-23,TK-A-001,ภาคใต้,113,2468
2026-08-23,GL-B-014,กรุงเทพฯ,933,15690
2026-08-23,GL-B-014,ภาคกลาง,745,12223
2026-08-23,GL-B-014,ภาคตะวันออก,505,8718
2026-08-23,GL-B-014,ภาคเหนือ,453,10198
2026-08-23,GL-B-014,ภาคใต้,660,11700
2026-08-23,MK-C-028,กรุงเทพฯ,626,10699
2026-08-23,MK-C-028,ภาคกลาง,499,8650
2026-08-23,MK-C-028,ภาคตะวันออก,434,6604
2026-08-23,MK-C-028,ภาคเหนือ,350,5790
2026-08-23,MK-C-028,ภาคใต้,434,7541
2026-08-23,SY-D-039,กรุงเทพฯ,486,8528
2026-08-23,SY-D-039,ภาคกลาง,387,7032
2026-08-23,SY-D-039,ภาคตะวันออก,264,5253
2026-08-23,SY-D-039,ภาคเหนือ,259,3929
2026-08-23,SY-D-039,ภาคใต้,273,6113
2026-08-23,AG-E-052,กรุงเทพฯ,137,2126
2026-08-23,AG-E-052,ภาคกลาง,108,1689
2026-08-23,AG-E-052,ภาคตะวันออก,79,1471
2026-08-23,AG-E-052,ภาคเหนือ,68,1421
2026-08-23,AG-E-052,ภาคใต้,90,1449
2026-08-24,TK-A-001,กรุงเทพฯ,180,2797
2026-08-24,TK-A-001,ภาคกลาง,130,2259
2026-08-24,TK-A-001,ภาคตะวันออก,104,1950
2026-08-24,TK-A-001,ภาคเหนือ,103,1834
2026-08-24,TK-A-001,ภาคใต้,114,1860
2026-08-24,GL-B-014,กรุงเทพฯ,849,14839
2026-08-24,GL-B-014,ภาคกลาง,731,15231
2026-08-24,GL-B-014,ภาคตะวันออก,537,9658
2026-08-24,GL-B-014,ภาคเหนือ,511,8345
2026-08-24,GL-B-014,ภาคใต้,563,9817
2026-08-24,MK-C-028,กรุงเทพฯ,639,10868
2026-08-24,MK-C-028,ภาคกลาง,569,8855
2026-08-24,MK-C-028,ภาคตะวันออก,427,7011
2026-08-24,MK-C-028,ภาคเหนือ,339,6471
2026-08-24,MK-C-028,ภาคใต้,438,7342
2026-08-24,SY-D-039,กรุงเทพฯ,441,8188
2026-08-24,SY-D-039,ภาคกลาง,383,6472
2026-08-24,SY-D-039,ภาคตะวันออก,287,4322
2026-08-24,SY-D-039,ภาคเหนือ,249,3938
2026-08-24,SY-D-039,ภาคใต้,294,4852
2026-08-24,AG-E-052,กรุงเทพฯ,132,2425
2026-08-24,AG-E-052,ภาคกลาง,114,2078
2026-08-24,AG-E-052,ภาคตะวันออก,85,1267
2026-08-24,AG-E-052,ภาคเหนือ,68,1413
2026-08-24,AG-E-052,ภาคใต้,92,1730
2026-08-25,TK-A-001,กรุงเทพฯ,165,3536
2026-08-25,TK-A-001,ภาคกลาง,140,2893
2026-08-25,TK-A-001,ภาคตะวันออก,108,2177
2026-08-25,TK-A-001,ภาคเหนือ,96,1863
2026-08-25,TK-A-001,ภาคใต้,118,2387
2026-08-25,GL-B-014,กรุงเทพฯ,838,16234
2026-08-25,GL-B-014,ภาคกลาง,707,14293
2026-08-25,GL-B-014,ภาคตะวันออก,533,11120
2026-08-25,GL-B-014,ภาคเหนือ,540,9882
2026-08-25,GL-B-014,ภาคใต้,639,9722
2026-08-25,MK-C-028,กรุงเทพฯ,609,13197
2026-08-25,MK-C-028,ภาคกลาง,563,9082
2026-08-25,MK-C-028,ภาคตะวันออก,441,6482
2026-08-25,MK-C-028,ภาคเหนือ,347,5672
2026-08-25,MK-C-028,ภาคใต้,431,8268
2026-08-25,SY-D-039,กรุงเทพฯ,470,7910
2026-08-25,SY-D-039,ภาคกลาง,365,6348
2026-08-25,SY-D-039,ภาคตะวันออก,289,4293
2026-08-25,SY-D-039,ภาคเหนือ,246,4400
2026-08-25,SY-D-039,ภาคใต้,318,5759
2026-08-25,AG-E-052,กรุงเทพฯ,146,2370
2026-08-25,AG-E-052,ภาคกลาง,114,2175
2026-08-25,AG-E-052,ภาคตะวันออก,77,1511
2026-08-25,AG-E-052,ภาคเหนือ,74,1266
2026-08-25,AG-E-052,ภาคใต้,93,1573
2026-08-26,TK-A-001,กรุงเทพฯ,168,3395
2026-08-26,TK-A-001,ภาคกลาง,139,2697
2026-08-26,TK-A-001,ภาคตะวันออก,116,1723
2026-08-26,TK-A-001,ภาคเหนือ,92,1694
2026-08-26,TK-A-001,ภาคใต้,119,2038
2026-08-26,GL-B-014,กรุงเทพฯ,960,16737
2026-08-26,GL-B-014,ภาคกลาง,759,11939
2026-08-26,GL-B-014,ภาคตะวันออก,613,10569
2026-08-26,GL-B-014,ภาคเหนือ,516,8859
2026-08-26,GL-B-014,ภาคใต้,565,10859
2026-08-26,MK-C-028,กรุงเทพฯ,660,12887
2026-08-26,MK-C-028,ภาคกลาง,583,8547
2026-08-26,MK-C-028,ภาคตะวันออก,396,6900
2026-08-26,MK-C-028,ภาคเหนือ,338,6416
2026-08-26,MK-C-028,ภาคใต้,493,9169
2026-08-26,SY-D-039,กรุงเทพฯ,413,8106
2026-08-26,SY-D-039,ภาคกลาง,373,5956
2026-08-26,SY-D-039,ภาคตะวันออก,250,4991
2026-08-26,SY-D-039,ภาคเหนือ,228,4561
2026-08-26,SY-D-039,ภาคใต้,273,5935
2026-08-26,AG-E-052,กรุงเทพฯ,139,2242
2026-08-26,AG-E-052,ภาคกลาง,103,2087
2026-08-26,AG-E-052,ภาคตะวันออก,76,1283
2026-08-26,AG-E-052,ภาคเหนือ,75,1414
2026-08-26,AG-E-052,ภาคใต้,88,1540
2026-08-27,TK-A-001,กรุงเทพฯ,195,3232
2026-08-27,TK-A-001,ภาคกลาง,154,2282
2026-08-27,TK-A-001,ภาคตะวันออก,98,2160
2026-08-27,TK-A-001,ภาคเหนือ,95,1740
2026-08-27,TK-A-001,ภาคใต้,121,2372
2026-08-27,GL-B-014,กรุงเทพฯ,946,17291
2026-08-27,GL-B-014,ภาคกลาง,717,13263
2026-08-27,GL-B-014,ภาคตะวันออก,524,10777
2026-08-27,GL-B-014,ภาคเหนือ,482,8557
2026-08-27,GL-B-014,ภาคใต้,569,11503
2026-08-27,MK-C-028,กรุงเทพฯ,712,12472
2026-08-27,MK-C-028,ภาคกลาง,510,9932
2026-08-27,MK-C-028,ภาคตะวันออก,414,7921
2026-08-27,MK-C-028,ภาคเหนือ,372,7424
2026-08-27,MK-C-028,ภาคใต้,486,8515
2026-08-27,SY-D-039,กรุงเทพฯ,480,8730
2026-08-27,SY-D-039,ภาคกลาง,359,6835
2026-08-27,SY-D-039,ภาคตะวันออก,270,4531
2026-08-27,SY-D-039,ภาคเหนือ,232,4701
2026-08-27,SY-D-039,ภาคใต้,309,5487
2026-08-27,AG-E-052,กรุงเทพฯ,132,2502
2026-08-27,AG-E-052,ภาคกลาง,98,1703
2026-08-27,AG-E-052,ภาคตะวันออก,77,1321
2026-08-27,AG-E-052,ภาคเหนือ,68,1437
2026-08-27,AG-E-052,ภาคใต้,82,1616
2026-08-28,TK-A-001,กรุงเทพฯ,173,3192
2026-08-28,TK-A-001,ภาคกลาง,143,2245
2026-08-28,TK-A-001,ภาคตะวันออก,112,1774
2026-08-28,TK-A-001,ภาคเหนือ,103,1696
2026-08-28,TK-A-001,ภาคใต้,120,2435
2026-08-28,GL-B-014,กรุงเทพฯ,979,17763
2026-08-28,GL-B-014,ภาคกลาง,761,13428
2026-08-28,GL-B-014,ภาคตะวันออก,513,10605
2026-08-28,GL-B-014,ภาคเหนือ,489,8996
2026-08-28,GL-B-014,ภาคใต้,586,9493
2026-08-28,MK-C-028,กรุงเทพฯ,702,12747
2026-08-28,MK-C-028,ภาคกลาง,539,8273
2026-08-28,MK-C-028,ภาคตะวันออก,377,7239
2026-08-28,MK-C-028,ภาคเหนือ,380,5759
2026-08-28,MK-C-028,ภาคใต้,471,9201
2026-08-28,SY-D-039,กรุงเทพฯ,445,7724
2026-08-28,SY-D-039,ภาคกลาง,369,6992
2026-08-28,SY-D-039,ภาคตะวันออก,269,5081
2026-08-28,SY-D-039,ภาคเหนือ,239,3997
2026-08-28,SY-D-039,ภาคใต้,320,5935
2026-08-28,AG-E-052,กรุงเทพฯ,133,2430
2026-08-28,AG-E-052,ภาคกลาง,104,2182
2026-08-28,AG-E-052,ภาคตะวันออก,85,1262
2026-08-28,AG-E-052,ภาคเหนือ,69,1115
2026-08-28,AG-E-052,ภาคใต้,90,1433
2026-08-29,TK-A-001,กรุงเทพฯ,180,3443
2026-08-29,TK-A-001,ภาคกลาง,139,2445
2026-08-29,TK-A-001,ภาคตะวันออก,101,1999
2026-08-29,TK-A-001,ภาคเหนือ,88,1646
2026-08-29,TK-A-001,ภาคใต้,121,2055
2026-08-29,GL-B-014,กรุงเทพฯ,891,14665
2026-08-29,GL-B-014,ภาคกลาง,798,11869
2026-08-29,GL-B-014,ภาคตะวันออก,562,8616
2026-08-29,GL-B-014,ภาคเหนือ,503,9956
2026-08-29,GL-B-014,ภาคใต้,566,9524
2026-08-29,MK-C-028,กรุงเทพฯ,738,11900
2026-08-29,MK-C-028,ภาคกลาง,528,10448
2026-08-29,MK-C-028,ภาคตะวันออก,400,8101
2026-08-29,MK-C-028,ภาคเหนือ,375,6603
2026-08-29,MK-C-028,ภาคใต้,475,7097
2026-08-29,SY-D-039,กรุงเทพฯ,431,7504
2026-08-29,SY-D-039,ภาคกลาง,353,5908
2026-08-29,SY-D-039,ภาคตะวันออก,255,4358
2026-08-29,SY-D-039,ภาคเหนือ,239,3994
2026-08-29,SY-D-039,ภาคใต้,279,5711
2026-08-29,AG-E-052,กรุงเทพฯ,127,2384
2026-08-29,AG-E-052,ภาคกลาง,117,1673
2026-08-29,AG-E-052,ภาคตะวันออก,86,1607
2026-08-29,AG-E-052,ภาคเหนือ,69,1365
2026-08-29,AG-E-052,ภาคใต้,97,1538
2026-08-30,TK-A-001,กรุงเทพฯ,196,3726
2026-08-30,TK-A-001,ภาคกลาง,139,2231
2026-08-30,TK-A-001,ภาคตะวันออก,112,1748
2026-08-30,TK-A-001,ภาคเหนือ,105,1859
2026-08-30,TK-A-001,ภาคใต้,123,2429
2026-08-30,GL-B-014,กรุงเทพฯ,896,14393
2026-08-30,GL-B-014,ภาคกลาง,702,11830
2026-08-30,GL-B-014,ภาคตะวันออก,557,11136
2026-08-30,GL-B-014,ภาคเหนือ,461,7750
2026-08-30,GL-B-014,ภาคใต้,566,10074
2026-08-30,MK-C-028,กรุงเทพฯ,610,13963
2026-08-30,MK-C-028,ภาคกลาง,514,10099
2026-08-30,MK-C-028,ภาคตะวันออก,382,6803
2026-08-30,MK-C-028,ภาคเหนือ,389,6207
2026-08-30,MK-C-028,ภาคใต้,486,7158
2026-08-30,SY-D-039,กรุงเทพฯ,490,8473
2026-08-30,SY-D-039,ภาคกลาง,367,7317
2026-08-30,SY-D-039,ภาคตะวันออก,279,5243
2026-08-30,SY-D-039,ภาคเหนือ,256,4558
2026-08-30,SY-D-039,ภาคใต้,306,5067
2026-08-30,AG-E-052,กรุงเทพฯ,122,2564
2026-08-30,AG-E-052,ภาคกลาง,116,2170
2026-08-30,AG-E-052,ภาคตะวันออก,80,1590
2026-08-30,AG-E-052,ภาคเหนือ,76,1151
2026-08-30,AG-E-052,ภาคใต้,97,1421
2026-08-31,TK-A-001,กรุงเทพฯ,170,3639
2026-08-31,TK-A-001,ภาคกลาง,147,2340
2026-08-31,TK-A-001,ภาคตะวันออก,99,2058
2026-08-31,TK-A-001,ภาคเหนือ,90,1982
2026-08-31,TK-A-001,ภาคใต้,130,2066
2026-08-31,GL-B-014,กรุงเทพฯ,866,17612
2026-08-31,GL-B-014,ภาคกลาง,774,13739
2026-08-31,GL-B-014,ภาคตะวันออก,564,10712
2026-08-31,GL-B-014,ภาคเหนือ,481,7762
2026-08-31,GL-B-014,ภาคใต้,632,11851
2026-08-31,MK-C-028,กรุงเทพฯ,730,13303
2026-08-31,MK-C-028,ภาคกลาง,592,8710
2026-08-31,MK-C-028,ภาคตะวันออก,407,7279
2026-08-31,MK-C-028,ภาคเหนือ,383,6288
2026-08-31,MK-C-028,ภาคใต้,454,8163
2026-08-31,SY-D-039,กรุงเทพฯ,421,8140
2026-08-31,SY-D-039,ภาคกลาง,387,6125
2026-08-31,SY-D-039,ภาคตะวันออก,245,5005
2026-08-31,SY-D-039,ภาคเหนือ,262,4957
2026-08-31,SY-D-039,ภาคใต้,302,4680
2026-08-31,AG-E-052,กรุงเทพฯ,141,2311
2026-08-31,AG-E-052,ภาคกลาง,110,2037
2026-08-31,AG-E-052,ภาคตะวันออก,80,1653
2026-08-31,AG-E-052,ภาคเหนือ,70,1294
2026-08-31,AG-E-052,ภาคใต้,88,1726
2026-09-01,TK-A-001,กรุงเทพฯ,163,2833
2026-09-01,TK-A-001,ภาคกลาง,140,2370
2026-09-01,TK-A-001,ภาคตะวันออก,100,1831
2026-09-01,TK-A-001,ภาคเหนือ,96,1743
2026-09-01,TK-A-001,ภาคใต้,110,2440
2026-09-01,GL-B-014,กรุงเทพฯ,959,17557
2026-09-01,GL-B-014,ภาคกลาง,793,14636
2026-09-01,GL-B-014,ภาคตะวันออก,572,10310
2026-09-01,GL-B-014,ภาคเหนือ,523,7843
2026-09-01,GL-B-014,ภาคใต้,567,11006
2026-09-01,MK-C-028,กรุงเทพฯ,642,10549
2026-09-01,MK-C-028,ภาคกลาง,534,10133
2026-09-01,MK-C-028,ภาคตะวันออก,407,6904
2026-09-01,MK-C-028,ภาคเหนือ,391,6721
2026-09-01,MK-C-028,ภาคใต้,453,8272
2026-09-01,SY-D-039,กรุงเทพฯ,438,8903
2026-09-01,SY-D-039,ภาคกลาง,358,5724
2026-09-01,SY-D-039,ภาคตะวันออก,263,5537
2026-09-01,SY-D-039,ภาคเหนือ,244,4747
2026-09-01,SY-D-039,ภาคใต้,283,5381
2026-09-01,AG-E-052,กรุงเทพฯ,140,2338
2026-09-01,AG-E-052,ภาคกลาง,102,1780
2026-09-01,AG-E-052,ภาคตะวันออก,83,1522
2026-09-01,AG-E-052,ภาคเหนือ,75,1196
2026-09-01,AG-E-052,ภาคใต้,90,1834
2026-09-02,TK-A-001,กรุงเทพฯ,179,3335
2026-09-02,TK-A-001,ภาคกลาง,131,2432
2026-09-02,TK-A-001,ภาคตะวันออก,102,1905
2026-09-02,TK-A-001,ภาคเหนือ,87,1919
2026-09-02,TK-A-001,ภาคใต้,113,2221
2026-09-02,GL-B-014,กรุงเทพฯ,961,16636
2026-09-02,GL-B-014,ภาคกลาง,766,14735
2026-09-02,GL-B-014,ภาคตะวันออก,555,10197
2026-09-02,GL-B-014,ภาคเหนือ,461,7908
2026-09-02,GL-B-014,ภาคใต้,674,9868
2026-09-02,MK-C-028,กรุงเทพฯ,625,12892
2026-09-02,MK-C-028,ภาคกลาง,571,10175
2026-09-02,MK-C-028,ภาคตะวันออก,430,8290
2026-09-02,MK-C-028,ภาคเหนือ,357,7264
2026-09-02,MK-C-028,ภาคใต้,485,7203
2026-09-02,SY-D-039,กรุงเทพฯ,424,8999
2026-09-02,SY-D-039,ภาคกลาง,334,6510
2026-09-02,SY-D-039,ภาคตะวันออก,296,5219
2026-09-02,SY-D-039,ภาคเหนือ,235,4585
2026-09-02,SY-D-039,ภาคใต้,328,5325
2026-09-02,AG-E-052,กรุงเทพฯ,143,2724
2026-09-02,AG-E-052,ภาคกลาง,104,2206
2026-09-02,AG-E-052,ภาคตะวันออก,75,1455
2026-09-02,AG-E-052,ภาคเหนือ,78,1338
2026-09-02,AG-E-052,ภาคใต้,97,1528
2026-09-03,TK-A-001,กรุงเทพฯ,175,2999
2026-09-03,TK-A-001,ภาคกลาง,156,2460
2026-09-03,TK-A-001,ภาคตะวันออก,106,2040
2026-09-03,TK-A-001,ภาคเหนือ,93,1839
2026-09-03,TK-A-001,ภาคใต้,110,2266
2026-09-03,GL-B-014,กรุงเทพฯ,979,16372
2026-09-03,GL-B-014,ภาคกลาง,687,11652
2026-09-03,GL-B-014,ภาคตะวันออก,602,11181
2026-09-03,GL-B-014,ภาคเหนือ,524,7893
2026-09-03,GL-B-014,ภาคใต้,613,10415
2026-09-03,MK-C-028,กรุงเทพฯ,732,11016
2026-09-03,MK-C-028,ภาคกลาง,545,10244
2026-09-03,MK-C-028,ภาคตะวันออก,374,8198
2026-09-03,MK-C-028,ภาคเหนือ,353,7250
2026-09-03,MK-C-028,ภาคใต้,484,9187
2026-09-03,SY-D-039,กรุงเทพฯ,455,8704
2026-09-03,SY-D-039,ภาคกลาง,362,5589
2026-09-03,SY-D-039,ภาคตะวันออก,261,4648
2026-09-03,SY-D-039,ภาคเหนือ,229,3978
2026-09-03,SY-D-039,ภาคใต้,276,5248
2026-09-03,AG-E-052,กรุงเทพฯ,133,2220
2026-09-03,AG-E-052,ภาคกลาง,107,2023
2026-09-03,AG-E-052,ภาคตะวันออก,84,1314
2026-09-03,AG-E-052,ภาคเหนือ,72,1464
2026-09-03,AG-E-052,ภาคใต้,91,1763
2026-09-04,TK-A-001,กรุงเทพฯ,197,3532
2026-09-04,TK-A-001,ภาคกลาง,138,2311
2026-09-04,TK-A-001,ภาคตะวันออก,113,1728
2026-09-04,TK-A-001,ภาคเหนือ,99,1734
2026-09-04,TK-A-001,ภาคใต้,123,2136
2026-09-04,GL-B-014,กรุงเทพฯ,977,17649
2026-09-04,GL-B-014,ภาคกลาง,692,12268
2026-09-04,GL-B-014,ภาคตะวันออก,569,11495
2026-09-04,GL-B-014,ภาคเหนือ,483,9167
2026-09-04,GL-B-014,ภาคใต้,668,10029
2026-09-04,MK-C-028,กรุงเทพฯ,725,10435
2026-09-04,MK-C-028,ภาคกลาง,516,8368
2026-09-04,MK-C-028,ภาคตะวันออก,421,7489
2026-09-04,MK-C-028,ภาคเหนือ,379,6033
2026-09-04,MK-C-028,ภาคใต้,451,8114
2026-09-04,SY-D-039,กรุงเทพฯ,411,9041
2026-09-04,SY-D-039,ภาคกลาง,377,6966
2026-09-04,SY-D-039,ภาคตะวันออก,253,4598
2026-09-04,SY-D-039,ภาคเหนือ,219,4369
2026-09-04,SY-D-039,ภาคใต้,303,4720
2026-09-04,AG-E-052,กรุงเทพฯ,141,2751
2026-09-04,AG-E-052,ภาคกลาง,101,1873
2026-09-04,AG-E-052,ภาคตะวันออก,81,1279
2026-09-04,AG-E-052,ภาคเหนือ,69,1208
2026-09-04,AG-E-052,ภาคใต้,82,1705
2026-09-05,TK-A-001,กรุงเทพฯ,181,2935
2026-09-05,TK-A-001,ภาคกลาง,151,2713
2026-09-05,TK-A-001,ภาคตะวันออก,110,2135
2026-09-05,TK-A-001,ภาคเหนือ,105,1704
2026-09-05,TK-A-001,ภาคใต้,115,2427
2026-09-05,GL-B-014,กรุงเทพฯ,935,14249
2026-09-05,GL-B-014,ภาคกลาง,735,12184
2026-09-05,GL-B-014,ภาคตะวันออก,573,9840
2026-09-05,GL-B-014,ภาคเหนือ,501,9476
2026-09-05,GL-B-014,ภาคใต้,627,10372
2026-09-05,MK-C-028,กรุงเทพฯ,667,10918
2026-09-05,MK-C-028,ภาคกลาง,501,9437
2026-09-05,MK-C-028,ภาคตะวันออก,373,6326
2026-09-05,MK-C-028,ภาคเหนือ,342,6104
2026-09-05,MK-C-028,ภาคใต้,473,8893
2026-09-05,SY-D-039,กรุงเทพฯ,462,7082
2026-09-05,SY-D-039,ภาคกลาง,342,5517
2026-09-05,SY-D-039,ภาคตะวันออก,252,4768
2026-09-05,SY-D-039,ภาคเหนือ,226,4294
2026-09-05,SY-D-039,ภาคใต้,286,5741
2026-09-05,AG-E-052,กรุงเทพฯ,138,2135
2026-09-05,AG-E-052,ภาคกลาง,117,1891
2026-09-05,AG-E-052,ภาคตะวันออก,80,1343
2026-09-05,AG-E-052,ภาคเหนือ,75,1483
2026-09-05,AG-E-052,ภาคใต้,82,1481
2026-09-06,TK-A-001,กรุงเทพฯ,185,3483
2026-09-06,TK-A-001,ภาคกลาง,130,2594
2026-09-06,TK-A-001,ภาคตะวันออก,98,1800
2026-09-06,TK-A-001,ภาคเหนือ,99,1572
2026-09-06,TK-A-001,ภาคใต้,109,2087
2026-09-06,GL-B-014,กรุงเทพฯ,981,15465
2026-09-06,GL-B-014,ภาคกลาง,735,11807
2026-09-06,GL-B-014,ภาคตะวันออก,595,9346
2026-09-06,GL-B-014,ภาคเหนือ,454,9199
2026-09-06,GL-B-014,ภาคใต้,570,9788
2026-09-06,MK-C-028,กรุงเทพฯ,655,10985
2026-09-06,MK-C-028,ภาคกลาง,511,9042
2026-09-06,MK-C-028,ภาคตะวันออก,444,6819
2026-09-06,MK-C-028,ภาคเหนือ,343,5918
2026-09-06,MK-C-028,ภาคใต้,413,7751
2026-09-06,SY-D-039,กรุงเทพฯ,412,8649
2026-09-06,SY-D-039,ภาคกลาง,336,6507
2026-09-06,SY-D-039,ภาคตะวันออก,292,4206
2026-09-06,SY-D-039,ภาคเหนือ,222,3961
2026-09-06,SY-D-039,ภาคใต้,288,5764
2026-09-06,AG-E-052,กรุงเทพฯ,132,2382
2026-09-06,AG-E-052,ภาคกลาง,110,2146
2026-09-06,AG-E-052,ภาคตะวันออก,89,1621
2026-09-06,AG-E-052,ภาคเหนือ,77,1327
2026-09-06,AG-E-052,ภาคใต้,94,1599
2026-09-07,TK-A-001,กรุงเทพฯ,168,3686
2026-09-07,TK-A-001,ภาคกลาง,145,2210
2026-09-07,TK-A-001,ภาคตะวันออก,98,1848
2026-09-07,TK-A-001,ภาคเหนือ,104,1866
2026-09-07,TK-A-001,ภาคใต้,124,1859
2026-09-07,GL-B-014,กรุงเทพฯ,862,15983
2026-09-07,GL-B-014,ภาคกลาง,802,11663
2026-09-07,GL-B-014,ภาคตะวันออก,542,8992
2026-09-07,GL-B-014,ภาคเหนือ,531,10162
2026-09-07,GL-B-014,ภาคใต้,666,10728
2026-09-07,MK-C-028,กรุงเทพฯ,708,10389
2026-09-07,MK-C-028,ภาคกลาง,558,8627
2026-09-07,MK-C-028,ภาคตะวันออก,437,7600
2026-09-07,MK-C-028,ภาคเหนือ,386,6168
2026-09-07,MK-C-028,ภาคใต้,464,8089
2026-09-07,SY-D-039,กรุงเทพฯ,479,7826
2026-09-07,SY-D-039,ภาคกลาง,350,6656
2026-09-07,SY-D-039,ภาคตะวันออก,288,5103
2026-09-07,SY-D-039,ภาคเหนือ,219,4520
2026-09-07,SY-D-039,ภาคใต้,318,5521
2026-09-07,AG-E-052,กรุงเทพฯ,147,2303
2026-09-07,AG-E-052,ภาคกลาง,104,1989
2026-09-07,AG-E-052,ภาคตะวันออก,80,1252
2026-09-07,AG-E-052,ภาคเหนือ,77,1232
2026-09-07,AG-E-052,ภาคใต้,90,1661
2026-09-08,TK-A-001,กรุงเทพฯ,173,2836
2026-09-08,TK-A-001,ภาคกลาง,157,2910
2026-09-08,TK-A-001,ภาคตะวันออก,100,2071
2026-09-08,TK-A-001,ภาคเหนือ,87,1651
2026-09-08,TK-A-001,ภาคใต้,130,2020
2026-09-08,GL-B-014,กรุงเทพฯ,901,16863
2026-09-08,GL-B-014,ภาคกลาง,728,14831
2026-09-08,GL-B-014,ภาคตะวันออก,575,10619
2026-09-08,GL-B-014,ภาคเหนือ,530,10155
2026-09-08,GL-B-014,ภาคใต้,647,9602
2026-09-08,MK-C-028,กรุงเทพฯ,689,10339
2026-09-08,MK-C-028,ภาคกลาง,579,9437
2026-09-08,MK-C-028,ภาคตะวันออก,377,7259
2026-09-08,MK-C-028,ภาคเหนือ,356,6164
2026-09-08,MK-C-028,ภาคใต้,456,8882
2026-09-08,SY-D-039,กรุงเทพฯ,463,8057
2026-09-08,SY-D-039,ภาคกลาง,336,5662
2026-09-08,SY-D-039,ภาคตะวันออก,252,5134
2026-09-08,SY-D-039,ภาคเหนือ,261,3730
2026-09-08,SY-D-039,ภาคใต้,315,5231
2026-09-08,AG-E-052,กรุงเทพฯ,122,2298
2026-09-08,AG-E-052,ภาคกลาง,114,1728
2026-09-08,AG-E-052,ภาคตะวันออก,87,1419
2026-09-08,AG-E-052,ภาคเหนือ,65,1168
2026-09-08,AG-E-052,ภาคใต้,96,1382
2026-09-09,TK-A-001,กรุงเทพฯ,183,3474
2026-09-09,TK-A-001,ภาคกลาง,135,2923
2026-09-09,TK-A-001,ภาคตะวันออก,112,1821
2026-09-09,TK-A-001,ภาคเหนือ,95,1650
2026-09-09,TK-A-001,ภาคใต้,118,2281
2026-09-09,GL-B-014,กรุงเทพฯ,1021,16433
2026-09-09,GL-B-014,ภาคกลาง,813,13049
2026-09-09,GL-B-014,ภาคตะวันออก,584,9739
2026-09-09,GL-B-014,ภาคเหนือ,534,7839
2026-09-09,GL-B-014,ภาคใต้,580,11227
2026-09-09,MK-C-028,กรุงเทพฯ,658,13610
2026-09-09,MK-C-028,ภาคกลาง,509,10832
2026-09-09,MK-C-028,ภาคตะวันออก,412,7787
2026-09-09,MK-C-028,ภาคเหนือ,335,6798
2026-09-09,MK-C-028,ภาคใต้,445,7226
2026-09-09,SY-D-039,กรุงเทพฯ,468,7574
2026-09-09,SY-D-039,ภาคกลาง,365,6456
2026-09-09,SY-D-039,ภาคตะวันออก,258,5291
2026-09-09,SY-D-039,ภาคเหนือ,229,4596
2026-09-09,SY-D-039,ภาคใต้,276,5028
2026-09-09,AG-E-052,กรุงเทพฯ,139,2589
2026-09-09,AG-E-052,ภาคกลาง,116,1709
2026-09-09,AG-E-052,ภาคตะวันออก,77,1391
2026-09-09,AG-E-052,ภาคเหนือ,65,1263
2026-09-09,AG-E-052,ภาคใต้,97,1532
2026-09-10,TK-A-001,กรุงเทพฯ,190,2885
2026-09-10,TK-A-001,ภาคกลาง,150,2742
2026-09-10,TK-A-001,ภาคตะวันออก,113,1791
2026-09-10,TK-A-001,ภาคเหนือ,90,1824
2026-09-10,TK-A-001,ภาคใต้,118,2041
2026-09-10,GL-B-014,กรุงเทพฯ,1013,18843
2026-09-10,GL-B-014,ภาคกลาง,670,13638
2026-09-10,GL-B-014,ภาคตะวันออก,593,9882
2026-09-10,GL-B-014,ภาคเหนือ,501,9306
2026-09-10,GL-B-014,ภาคใต้,671,9825
2026-09-10,MK-C-028,กรุงเทพฯ,618,10978
2026-09-10,MK-C-028,ภาคกลาง,499,8339
2026-09-10,MK-C-028,ภาคตะวันออก,397,7904
2026-09-10,MK-C-028,ภาคเหนือ,338,6373
2026-09-10,MK-C-028,ภาคใต้,460,8893
2026-09-10,SY-D-039,กรุงเทพฯ,423,6908
2026-09-10,SY-D-039,ภาคกลาง,365,6396
2026-09-10,SY-D-039,ภาคตะวันออก,247,4575
2026-09-10,SY-D-039,ภาคเหนือ,260,4295
2026-09-10,SY-D-039,ภาคใต้,313,5116
2026-09-10,AG-E-052,กรุงเทพฯ,130,2170
2026-09-10,AG-E-052,ภาคกลาง,109,1666
2026-09-10,AG-E-052,ภาคตะวันออก,88,1658
2026-09-10,AG-E-052,ภาคเหนือ,75,1194
2026-09-10,AG-E-052,ภาคใต้,90,1412
2026-09-11,TK-A-001,กรุงเทพฯ,178,3325
2026-09-11,TK-A-001,ภาคกลาง,146,2850
2026-09-11,TK-A-001,ภาคตะวันออก,111,1746
2026-09-11,TK-A-001,ภาคเหนือ,89,1758
2026-09-11,TK-A-001,ภาคใต้,124,1888
2026-09-11,GL-B-014,กรุงเทพฯ,983,17557
2026-09-11,GL-B-014,ภาคกลาง,688,12450
2026-09-11,GL-B-014,ภาคตะวันออก,535,10449
2026-09-11,GL-B-014,ภาคเหนือ,482,10181
2026-09-11,GL-B-014,ภาคใต้,588,11278
2026-09-11,MK-C-028,กรุงเทพฯ,624,13690
2026-09-11,MK-C-028,ภาคกลาง,578,11174
2026-09-11,MK-C-028,ภาคตะวันออก,389,6586
2026-09-11,MK-C-028,ภาคเหนือ,345,7290
2026-09-11,MK-C-028,ภาคใต้,408,9169
2026-09-11,SY-D-039,กรุงเทพฯ,460,7544
2026-09-11,SY-D-039,ภาคกลาง,343,5521
2026-09-11,SY-D-039,ภาคตะวันออก,288,5325
2026-09-11,SY-D-039,ภาคเหนือ,256,4479
2026-09-11,SY-D-039,ภาคใต้,272,5513
2026-09-11,AG-E-052,กรุงเทพฯ,133,2669
2026-09-11,AG-E-052,ภาคกลาง,107,1815
2026-09-11,AG-E-052,ภาคตะวันออก,77,1519
2026-09-11,AG-E-052,ภาคเหนือ,73,1254
2026-09-11,AG-E-052,ภาคใต้,97,1679
2026-09-12,TK-A-001,กรุงเทพฯ,173,2901
2026-09-12,TK-A-001,ภาคกลาง,132,2752
2026-09-12,TK-A-001,ภาคตะวันออก,106,2128
2026-09-12,TK-A-001,ภาคเหนือ,91,1628
2026-09-12,TK-A-001,ภาคใต้,122,1969
2026-09-12,GL-B-014,กรุงเทพฯ,956,14632
2026-09-12,GL-B-014,ภาคกลาง,691,11408
2026-09-12,GL-B-014,ภาคตะวันออก,526,11243
2026-09-12,GL-B-014,ภาคเหนือ,481,9067
2026-09-12,GL-B-014,ภาคใต้,675,12386
2026-09-12,MK-C-028,กรุงเทพฯ,669,10468
2026-09-12,MK-C-028,ภาคกลาง,518,9615
2026-09-12,MK-C-028,ภาคตะวันออก,373,6984
2026-09-12,MK-C-028,ภาคเหนือ,350,5771
2026-09-12,MK-C-028,ภาคใต้,484,6967
2026-09-12,SY-D-039,กรุงเทพฯ,456,9084
2026-09-12,SY-D-039,ภาคกลาง,388,7270
2026-09-12,SY-D-039,ภาคตะวันออก,248,5379
2026-09-12,SY-D-039,ภาคเหนือ,256,4456
2026-09-12,SY-D-039,ภาคใต้,298,5463
2026-09-12,AG-E-052,กรุงเทพฯ,146,2740
2026-09-12,AG-E-052,ภาคกลาง,114,2026
2026-09-12,AG-E-052,ภาคตะวันออก,78,1510
2026-09-12,AG-E-052,ภาคเหนือ,75,1297
2026-09-12,AG-E-052,ภาคใต้,93,1511
2026-09-13,TK-A-001,กรุงเทพฯ,166,3046
2026-09-13,TK-A-001,ภาคกลาง,133,2408
2026-09-13,TK-A-001,ภาคตะวันออก,99,2217
2026-09-13,TK-A-001,ภาคเหนือ,105,1945
2026-09-13,TK-A-001,ภาคใต้,122,1974
2026-09-13,GL-B-014,กรุงเทพฯ,959,16439
2026-09-13,GL-B-014,ภาคกลาง,786,12033
2026-09-13,GL-B-014,ภาคตะวันออก,600,9166
2026-09-13,GL-B-014,ภาคเหนือ,482,8948
2026-09-13,GL-B-014,ภาคใต้,592,11006
2026-09-13,MK-C-028,กรุงเทพฯ,614,11075
2026-09-13,MK-C-028,ภาคกลาง,591,9721
2026-09-13,MK-C-028,ภาคตะวันออก,440,6322
2026-09-13,MK-C-028,ภาคเหนือ,341,5562
2026-09-13,MK-C-028,ภาคใต้,458,8749
2026-09-13,SY-D-039,กรุงเทพฯ,456,7028
2026-09-13,SY-D-039,ภาคกลาง,337,6062
2026-09-13,SY-D-039,ภาคตะวันออก,253,5038
2026-09-13,SY-D-039,ภาคเหนือ,250,4352
2026-09-13,SY-D-039,ภาคใต้,320,5064
2026-09-13,AG-E-052,กรุงเทพฯ,130,2637
2026-09-13,AG-E-052,ภาคกลาง,101,1694
2026-09-13,AG-E-052,ภาคตะวันออก,80,1431
2026-09-13,AG-E-052,ภาคเหนือ,70,1215
2026-09-13,AG-E-052,ภาคใต้,97,1740
2026-09-14,TK-A-001,กรุงเทพฯ,173,3269
2026-09-14,TK-A-001,ภาคกลาง,132,2857
2026-09-14,TK-A-001,ภาคตะวันออก,102,2052
2026-09-14,TK-A-001,ภาคเหนือ,102,1582
2026-09-14,TK-A-001,ภาคใต้,129,2311
2026-09-14,GL-B-014,กรุงเทพฯ,902,15926
2026-09-14,GL-B-014,ภาคกลาง,797,14608
2026-09-14,GL-B-014,ภาคตะวันออก,590,8943
2026-09-14,GL-B-014,ภาคเหนือ,461,9116
2026-09-14,GL-B-014,ภาคใต้,674,11223
2026-09-14,MK-C-028,กรุงเทพฯ,630,10888
2026-09-14,MK-C-028,ภาคกลาง,500,8882
2026-09-14,MK-C-028,ภาคตะวันออก,414,8306
2026-09-14,MK-C-028,ภาคเหนือ,324,6450
2026-09-14,MK-C-028,ภาคใต้,443,7423
2026-09-14,SY-D-039,กรุงเทพฯ,440,8386
2026-09-14,SY-D-039,ภาคกลาง,388,5658
2026-09-14,SY-D-039,ภาคตะวันออก,282,4400
2026-09-14,SY-D-039,ภาคเหนือ,247,4404
2026-09-14,SY-D-039,ภาคใต้,300,5341
2026-09-14,AG-E-052,กรุงเทพฯ,124,2658
2026-09-14,AG-E-052,ภาคกลาง,117,1983
2026-09-14,AG-E-052,ภาคตะวันออก,82,1341
2026-09-14,AG-E-052,ภาคเหนือ,69,1147
2026-09-14,AG-E-052,ภาคใต้,98,1689
2026-09-15,TK-A-001,กรุงเทพฯ,187,3280
2026-09-15,TK-A-001,ภาคกลาง,132,2590
2026-09-15,TK-A-001,ภาคตะวันออก,118,1838
2026-09-15,TK-A-001,ภาคเหนือ,87,1851
2026-09-15,TK-A-001,ภาคใต้,117,2324
2026-09-15,GL-B-014,กรุงเทพฯ,927,18682
2026-09-15,GL-B-014,ภาคกลาง,734,11829
2026-09-15,GL-B-014,ภาคตะวันออก,546,9801
2026-09-15,GL-B-014,ภาคเหนือ,452,8062
2026-09-15,GL-B-014,ภาคใต้,675,11320
2026-09-15,MK-C-028,กรุงเทพฯ,638,12475
2026-09-15,MK-C-028,ภาคกลาง,562,10943
2026-09-15,MK-C-028,ภาคตะวันออก,419,7307
2026-09-15,MK-C-028,ภาคเหนือ,382,7270
2026-09-15,MK-C-028,ภาคใต้,487,7982
2026-09-15,SY-D-039,กรุงเทพฯ,478,7973
2026-09-15,SY-D-039,ภาคกลาง,387,6252
2026-09-15,SY-D-039,ภาคตะวันออก,260,5075
2026-09-15,SY-D-039,ภาคเหนือ,260,4152
2026-09-15,SY-D-039,ภาคใต้,297,5530
2026-09-15,AG-E-052,กรุงเทพฯ,122,2357
2026-09-15,AG-E-052,ภาคกลาง,118,1657
2026-09-15,AG-E-052,ภาคตะวันออก,78,1315
2026-09-15,AG-E-052,ภาคเหนือ,73,1473
2026-09-15,AG-E-052,ภาคใต้,86,1844
2026-09-16,TK-A-001,กรุงเทพฯ,177,3117
2026-09-16,TK-A-001,ภาคกลาง,145,2859
2026-09-16,TK-A-001,ภาคตะวันออก,104,1820
2026-09-16,TK-A-001,ภาคเหนือ,99,1945
2026-09-16,TK-A-001,ภาคใต้,129,1969
2026-09-16,GL-B-014,กรุงเทพฯ,934,15796
2026-09-16,GL-B-014,ภาคกลาง,747,14113
2026-09-16,GL-B-014,ภาคตะวันออก,545,8660
2026-09-16,GL-B-014,ภาคเหนือ,470,8282
2026-09-16,GL-B-014,ภาคใต้,618,9800
2026-09-16,MK-C-028,กรุงเทพฯ,695,11307
2026-09-16,MK-C-028,ภาคกลาง,587,9091
2026-09-16,MK-C-028,ภาคตะวันออก,404,6482
2026-09-16,MK-C-028,ภาคเหนือ,326,6883
2026-09-16,MK-C-028,ภาคใต้,454,7294
2026-09-16,SY-D-039,กรุงเทพฯ,451,9038
2026-09-16,SY-D-039,ภาคกลาง,325,5719
2026-09-16,SY-D-039,ภาคตะวันออก,256,5479
2026-09-16,SY-D-039,ภาคเหนือ,241,4615
2026-09-16,SY-D-039,ภาคใต้,290,5012
2026-09-16,AG-E-052,กรุงเทพฯ,128,2314
2026-09-16,AG-E-052,ภาคกลาง,115,2134
2026-09-16,AG-E-052,ภาคตะวันออก,75,1285
2026-09-16,AG-E-052,ภาคเหนือ,67,1379
2026-09-16,AG-E-052,ภาคใต้,97,1528
2026-09-17,TK-A-001,กรุงเทพฯ,174,3402
2026-09-17,TK-A-001,ภาคกลาง,141,2321
2026-09-17,TK-A-001,ภาคตะวันออก,110,2217
2026-09-17,TK-A-001,ภาคเหนือ,101,1797
2026-09-17,TK-A-001,ภาคใต้,119,2202
2026-09-17,GL-B-014,กรุงเทพฯ,995,17301
2026-09-17,GL-B-014,ภาคกลาง,814,13395
2026-09-17,GL-B-014,ภาคตะวันออก,540,8987
2026-09-17,GL-B-014,ภาคเหนือ,488,10238
2026-09-17,GL-B-014,ภาคใต้,647,11591
2026-09-17,MK-C-028,กรุงเทพฯ,701,12863
2026-09-17,MK-C-028,ภาคกลาง,532,9293
2026-09-17,MK-C-028,ภาคตะวันออก,385,6351
2026-09-17,MK-C-028,ภาคเหนือ,330,6614
2026-09-17,MK-C-028,ภาคใต้,411,8835
2026-09-17,SY-D-039,กรุงเทพฯ,486,7162
2026-09-17,SY-D-039,ภาคกลาง,352,6904
2026-09-17,SY-D-039,ภาคตะวันออก,262,4360
2026-09-17,SY-D-039,ภาคเหนือ,264,4599
2026-09-17,SY-D-039,ภาคใต้,314,5751
2026-09-17,AG-E-052,กรุงเทพฯ,126,2467
2026-09-17,AG-E-052,ภาคกลาง,106,2190
2026-09-17,AG-E-052,ภาคตะวันออก,87,1484
2026-09-17,AG-E-052,ภาคเหนือ,74,1186
2026-09-17,AG-E-052,ภาคใต้,88,1690
2026-09-18,TK-A-001,กรุงเทพฯ,171,3686
2026-09-18,TK-A-001,ภาคกลาง,137,2275
2026-09-18,TK-A-001,ภาคตะวันออก,100,1717
2026-09-18,TK-A-001,ภาคเหนือ,87,1511
2026-09-18,TK-A-001,ภาคใต้,115,2483
2026-09-18,GL-B-014,กรุงเทพฯ,865,18818
2026-09-18,GL-B-014,ภาคกลาง,761,12609
2026-09-18,GL-B-014,ภาคตะวันออก,605,9540
2026-09-18,GL-B-014,ภาคเหนือ,448,9711
2026-09-18,GL-B-014,ภาคใต้,643,11148
2026-09-18,MK-C-028,กรุงเทพฯ,660,11841
2026-09-18,MK-C-028,ภาคกลาง,542,9504
2026-09-18,MK-C-028,ภาคตะวันออก,407,7976
2026-09-18,MK-C-028,ภาคเหนือ,349,5545
2026-09-18,MK-C-028,ภาคใต้,469,7775
2026-09-18,SY-D-039,กรุงเทพฯ,478,9185
2026-09-18,SY-D-039,ภาคกลาง,350,6021
2026-09-18,SY-D-039,ภาคตะวันออก,245,4159
2026-09-18,SY-D-039,ภาคเหนือ,227,4073
2026-09-18,SY-D-039,ภาคใต้,281,5956
2026-09-18,AG-E-052,กรุงเทพฯ,148,2352
2026-09-18,AG-E-052,ภาคกลาง,105,2151
2026-09-18,AG-E-052,ภาคตะวันออก,88,1611
2026-09-18,AG-E-052,ภาคเหนือ,71,1120
2026-09-18,AG-E-052,ภาคใต้,95,1446
2026-09-19,TK-A-001,กรุงเทพฯ,186,3708
2026-09-19,TK-A-001,ภาคกลาง,155,2660
2026-09-19,TK-A-001,ภาคตะวันออก,110,2179
2026-09-19,TK-A-001,ภาคเหนือ,104,1509
2026-09-19,TK-A-001,ภาคใต้,125,1861
2026-09-19,GL-B-014,กรุงเทพฯ,867,19119
2026-09-19,GL-B-014,ภาคกลาง,745,13043
2026-09-19,GL-B-014,ภาคตะวันออก,516,10545
2026-09-19,GL-B-014,ภาคเหนือ,506,9598
2026-09-19,GL-B-014,ภาคใต้,644,11066
2026-09-19,MK-C-028,กรุงเทพฯ,664,11405
2026-09-19,MK-C-028,ภาคกลาง,570,10701
2026-09-19,MK-C-028,ภาคตะวันออก,416,7591
2026-09-19,MK-C-028,ภาคเหนือ,361,5587
2026-09-19,MK-C-028,ภาคใต้,456,8953
2026-09-19,SY-D-039,กรุงเทพฯ,406,8991
2026-09-19,SY-D-039,ภาคกลาง,363,6570
2026-09-19,SY-D-039,ภาคตะวันออก,273,5476
2026-09-19,SY-D-039,ภาคเหนือ,232,4510
2026-09-19,SY-D-039,ภาคใต้,308,5535
2026-09-19,AG-E-052,กรุงเทพฯ,126,2781
2026-09-19,AG-E-052,ภาคกลาง,99,2089
2026-09-19,AG-E-052,ภาคตะวันออก,83,1243
2026-09-19,AG-E-052,ภาคเหนือ,73,1439
2026-09-19,AG-E-052,ภาคใต้,81,1504
2026-09-20,TK-A-001,กรุงเทพฯ,185,3679
2026-09-20,TK-A-001,ภาคกลาง,137,2460
2026-09-20,TK-A-001,ภาคตะวันออก,114,1936
2026-09-20,TK-A-001,ภาคเหนือ,87,1716
2026-09-20,TK-A-001,ภาคใต้,120,2160
2026-09-20,GL-B-014,กรุงเทพฯ,922,15172
2026-09-20,GL-B-014,ภาคกลาง,798,12226
2026-09-20,GL-B-014,ภาคตะวันออก,540,9344
2026-09-20,GL-B-014,ภาคเหนือ,530,10095
2026-09-20,GL-B-014,ภาคใต้,601,10413
2026-09-20,MK-C-028,กรุงเทพฯ,635,11344
2026-09-20,MK-C-028,ภาคกลาง,590,9469
2026-09-20,MK-C-028,ภาคตะวันออก,392,7782
2026-09-20,MK-C-028,ภาคเหนือ,366,5807
2026-09-20,MK-C-028,ภาคใต้,456,7252
2026-09-20,SY-D-039,กรุงเทพฯ,478,7448
2026-09-20,SY-D-039,ภาคกลาง,351,7313
2026-09-20,SY-D-039,ภาคตะวันออก,243,5286
2026-09-20,SY-D-039,ภาคเหนือ,233,4421
2026-09-20,SY-D-039,ภาคใต้,303,5867
2026-09-20,AG-E-052,กรุงเทพฯ,143,2196
2026-09-20,AG-E-052,ภาคกลาง,105,2208
2026-09-20,AG-E-052,ภาคตะวันออก,80,1672
2026-09-20,AG-E-052,ภาคเหนือ,74,1462
2026-09-20,AG-E-052,ภาคใต้,87,1849
2026-09-21,TK-A-001,กรุงเทพฯ,164,3109
2026-09-21,TK-A-001,ภาคกลาง,143,2351
2026-09-21,TK-A-001,ภาคตะวันออก,106,1713
2026-09-21,TK-A-001,ภาคเหนือ,92,1608
2026-09-21,TK-A-001,ภาคใต้,109,2303
2026-09-21,GL-B-014,กรุงเทพฯ,1005,16092
2026-09-21,GL-B-014,ภาคกลาง,687,11561
2026-09-21,GL-B-014,ภาคตะวันออก,532,9775
2026-09-21,GL-B-014,ภาคเหนือ,514,8877
2026-09-21,GL-B-014,ภาคใต้,600,10921
2026-09-21,MK-C-028,กรุงเทพฯ,637,11036
2026-09-21,MK-C-028,ภาคกลาง,586,9295
2026-09-21,MK-C-028,ภาคตะวันออก,430,7281
2026-09-21,MK-C-028,ภาคเหนือ,373,6679
2026-09-21,MK-C-028,ภาคใต้,457,6903
2026-09-21,SY-D-039,กรุงเทพฯ,472,7380
2026-09-21,SY-D-039,ภาคกลาง,369,6355
2026-09-21,SY-D-039,ภาคตะวันออก,282,4746
2026-09-21,SY-D-039,ภาคเหนือ,253,3706
2026-09-21,SY-D-039,ภาคใต้,275,4703
2026-09-21,AG-E-052,กรุงเทพฯ,146,2091
2026-09-21,AG-E-052,ภาคกลาง,103,2215
2026-09-21,AG-E-052,ภาคตะวันออก,82,1582
2026-09-21,AG-E-052,ภาคเหนือ,78,1193
2026-09-21,AG-E-052,ภาคใต้,83,1448
2026-09-22,TK-A-001,กรุงเทพฯ,196,3172
2026-09-22,TK-A-001,ภาคกลาง,132,2607
2026-09-22,TK-A-001,ภาคตะวันออก,97,2021
2026-09-22,TK-A-001,ภาคเหนือ,98,1790
2026-09-22,TK-A-001,ภาคใต้,120,1852
2026-09-22,GL-B-014,กรุงเทพฯ,974,17731
2026-09-22,GL-B-014,ภาคกลาง,813,13918
2026-09-22,GL-B-014,ภาคตะวันออก,504,11452
2026-09-22,GL-B-014,ภาคเหนือ,504,8006
2026-09-22,GL-B-014,ภาคใต้,606,10671
2026-09-22,MK-C-028,กรุงเทพฯ,659,10876
2026-09-22,MK-C-028,ภาคกลาง,530,10812
2026-09-22,MK-C-028,ภาคตะวันออก,381,8267
2026-09-22,MK-C-028,ภาคเหนือ,338,5975
2026-09-22,MK-C-028,ภาคใต้,488,7047
2026-09-22,SY-D-039,กรุงเทพฯ,484,8090
2026-09-22,SY-D-039,ภาคกลาง,381,5615
2026-09-22,SY-D-039,ภาคตะวันออก,255,5280
2026-09-22,SY-D-039,ภาคเหนือ,256,4898
2026-09-22,SY-D-039,ภาคใต้,324,5527
2026-09-22,AG-E-052,กรุงเทพฯ,139,2655
2026-09-22,AG-E-052,ภาคกลาง,103,2169
2026-09-22,AG-E-052,ภาคตะวันออก,89,1276
2026-09-22,AG-E-052,ภาคเหนือ,78,1254
2026-09-22,AG-E-052,ภาคใต้,83,1694
2026-09-23,TK-A-001,กรุงเทพฯ,182,3207
2026-09-23,TK-A-001,ภาคกลาง,146,2870
2026-09-23,TK-A-001,ภาคตะวันออก,97,1928
2026-09-23,TK-A-001,ภาคเหนือ,90,1940
2026-09-23,TK-A-001,ภาคใต้,125,2422
2026-09-23,GL-B-014,กรุงเทพฯ,876,16226
2026-09-23,GL-B-014,ภาคกลาง,715,12127
2026-09-23,GL-B-014,ภาคตะวันออก,596,11104
2026-09-23,GL-B-014,ภาคเหนือ,517,8212
2026-09-23,GL-B-014,ภาคใต้,663,11357
2026-09-23,MK-C-028,กรุงเทพฯ,740,10625
2026-09-23,MK-C-028,ภาคกลาง,568,8513
2026-09-23,MK-C-028,ภาคตะวันออก,429,6563
2026-09-23,MK-C-028,ภาคเหนือ,395,5929
2026-09-23,MK-C-028,ภาคใต้,484,7109
2026-09-23,SY-D-039,กรุงเทพฯ,471,7493
2026-09-23,SY-D-039,ภาคกลาง,367,7345
2026-09-23,SY-D-039,ภาคตะวันออก,277,5397
2026-09-23,SY-D-039,ภาคเหนือ,237,4340
2026-09-23,SY-D-039,ภาคใต้,302,4628
2026-09-23,AG-E-052,กรุงเทพฯ,129,2773
2026-09-23,AG-E-052,ภาคกลาง,113,1973
2026-09-23,AG-E-052,ภาคตะวันออก,81,1600
2026-09-23,AG-E-052,ภาคเหนือ,72,1276
2026-09-23,AG-E-052,ภาคใต้,93,1516
2026-09-24,TK-A-001,กรุงเทพฯ,166,2814
2026-09-24,TK-A-001,ภาคกลาง,143,2430
2026-09-24,TK-A-001,ภาคตะวันออก,106,1983
2026-09-24,TK-A-001,ภาคเหนือ,96,1903
2026-09-24,TK-A-001,ภาคใต้,114,2171
2026-09-24,GL-B-014,กรุงเทพฯ,850,16274
2026-09-24,GL-B-014,ภาคกลาง,712,12852
2026-09-24,GL-B-014,ภาคตะวันออก,602,10270
2026-09-24,GL-B-014,ภาคเหนือ,469,8088
2026-09-24,GL-B-014,ภาคใต้,643,9954
2026-09-24,MK-C-028,กรุงเทพฯ,676,10462
2026-09-24,MK-C-028,ภาคกลาง,542,9250
2026-09-24,MK-C-028,ภาคตะวันออก,408,7662
2026-09-24,MK-C-028,ภาคเหนือ,353,7416
2026-09-24,MK-C-028,ภาคใต้,447,8222
2026-09-24,SY-D-039,กรุงเทพฯ,416,8302
2026-09-24,SY-D-039,ภาคกลาง,347,6232
2026-09-24,SY-D-039,ภาคตะวันออก,257,5329
2026-09-24,SY-D-039,ภาคเหนือ,262,4370
2026-09-24,SY-D-039,ภาคใต้,273,6044
2026-09-24,AG-E-052,กรุงเทพฯ,126,2282
2026-09-24,AG-E-052,ภาคกลาง,108,2018
2026-09-24,AG-E-052,ภาคตะวันออก,89,1455
2026-09-24,AG-E-052,ภาคเหนือ,77,1235
2026-09-24,AG-E-052,ภาคใต้,92,1448
2026-09-25,TK-A-001,กรุงเทพฯ,162,3665
2026-09-25,TK-A-001,ภาคกลาง,136,2419
2026-09-25,TK-A-001,ภาคตะวันออก,111,2007
2026-09-25,TK-A-001,ภาคเหนือ,105,1851
2026-09-25,TK-A-001,ภาคใต้,122,1946
2026-09-25,GL-B-014,กรุงเทพฯ,1020,18957
2026-09-25,GL-B-014,ภาคกลาง,712,15261
2026-09-25,GL-B-014,ภาคตะวันออก,596,10762
2026-09-25,GL-B-014,ภาคเหนือ,494,9574
2026-09-25,GL-B-014,ภาคใต้,655,12389
2026-09-25,MK-C-028,กรุงเทพฯ,696,10503
2026-09-25,MK-C-028,ภาคกลาง,528,10296
2026-09-25,MK-C-028,ภาคตะวันออก,444,8374
2026-09-25,MK-C-028,ภาคเหนือ,354,5911
2026-09-25,MK-C-028,ภาคใต้,471,7961
2026-09-25,SY-D-039,กรุงเทพฯ,472,7870
2026-09-25,SY-D-039,ภาคกลาง,392,7360
2026-09-25,SY-D-039,ภาคตะวันออก,280,5077
2026-09-25,SY-D-039,ภาคเหนือ,233,3782
2026-09-25,SY-D-039,ภาคใต้,291,5493
2026-09-25,AG-E-052,กรุงเทพฯ,134,2694
2026-09-25,AG-E-052,ภาคกลาง,110,1935
2026-09-25,AG-E-052,ภาคตะวันออก,77,1447
2026-09-25,AG-E-052,ภาคเหนือ,74,1387
2026-09-25,AG-E-052,ภาคใต้,91,1654
2026-09-26,TK-A-001,กรุงเทพฯ,165,3722
2026-09-26,TK-A-001,ภาคกลาง,130,2745
2026-09-26,TK-A-001,ภาคตะวันออก,109,2054
2026-09-26,TK-A-001,ภาคเหนือ,87,1837
2026-09-26,TK-A-001,ภาคใต้,123,1938
2026-09-26,GL-B-014,กรุงเทพฯ,846,15567
2026-09-26,GL-B-014,ภาคกลาง,692,15221
2026-09-26,GL-B-014,ภาคตะวันออก,535,10598
2026-09-26,GL-B-014,ภาคเหนือ,528,9288
2026-09-26,GL-B-014,ภาคใต้,667,12083
2026-09-26,MK-C-028,กรุงเทพฯ,641,13107
2026-09-26,MK-C-028,ภาคกลาง,509,9660
2026-09-26,MK-C-028,ภาคตะวันออก,379,6453
2026-09-26,MK-C-028,ภาคเหนือ,341,6198
2026-09-26,MK-C-028,ภาคใต้,443,7520
2026-09-26,SY-D-039,กรุงเทพฯ,418,7576
2026-09-26,SY-D-039,ภาคกลาง,394,7352
2026-09-26,SY-D-039,ภาคตะวันออก,261,5517
2026-09-26,SY-D-039,ภาคเหนือ,244,3759
2026-09-26,SY-D-039,ภาคใต้,327,6079
2026-09-26,AG-E-052,กรุงเทพฯ,147,2118
2026-09-26,AG-E-052,ภาคกลาง,101,1892
2026-09-26,AG-E-052,ภาคตะวันออก,74,1289
2026-09-26,AG-E-052,ภาคเหนือ,66,1133
2026-09-26,AG-E-052,ภาคใต้,88,1521
2026-09-27,TK-A-001,กรุงเทพฯ,195,3134
2026-09-27,TK-A-001,ภาคกลาง,139,2837
2026-09-27,TK-A-001,ภาคตะวันออก,114,1886
2026-09-27,TK-A-001,ภาคเหนือ,89,1915
2026-09-27,TK-A-001,ภาคใต้,117,1873
2026-09-27,GL-B-014,กรุงเทพฯ,909,17005
2026-09-27,GL-B-014,ภาคกลาง,701,12629
2026-09-27,GL-B-014,ภาคตะวันออก,549,9512
2026-09-27,GL-B-014,ภาคเหนือ,485,9258
2026-09-27,GL-B-014,ภาคใต้,610,11022
2026-09-27,MK-C-028,กรุงเทพฯ,719,12980
2026-09-27,MK-C-028,ภาคกลาง,504,10480
2026-09-27,MK-C-028,ภาคตะวันออก,410,7680
2026-09-27,MK-C-028,ภาคเหนือ,343,6523
2026-09-27,MK-C-028,ภาคใต้,467,8219
2026-09-27,SY-D-039,กรุงเทพฯ,420,7549
2026-09-27,SY-D-039,ภาคกลาง,379,6176
2026-09-27,SY-D-039,ภาคตะวันออก,266,4136
2026-09-27,SY-D-039,ภาคเหนือ,258,4908
2026-09-27,SY-D-039,ภาคใต้,279,5901
2026-09-27,AG-E-052,กรุงเทพฯ,144,2236
2026-09-27,AG-E-052,ภาคกลาง,107,1750
2026-09-27,AG-E-052,ภาคตะวันออก,88,1470
2026-09-27,AG-E-052,ภาคเหนือ,70,1218
2026-09-27,AG-E-052,ภาคใต้,88,1489
2026-09-28,TK-A-001,กรุงเทพฯ,170,3063
2026-09-28,TK-A-001,ภาคกลาง,143,2352
2026-09-28,TK-A-001,ภาคตะวันออก,108,1715
2026-09-28,TK-A-001,ภาคเหนือ,99,1506
2026-09-28,TK-A-001,ภาคใต้,115,1938
2026-09-28,GL-B-014,กรุงเทพฯ,959,18969
2026-09-28,GL-B-014,ภาคกลาง,766,14525
2026-09-28,GL-B-014,ภาคตะวันออก,517,10804
2026-09-28,GL-B-014,ภาคเหนือ,493,8786
2026-09-28,GL-B-014,ภาคใต้,677,10903
2026-09-28,MK-C-028,กรุงเทพฯ,657,10830
2026-09-28,MK-C-028,ภาคกลาง,579,10414
2026-09-28,MK-C-028,ภาคตะวันออก,383,8366
2026-09-28,MK-C-028,ภาคเหนือ,384,6036
2026-09-28,MK-C-028,ภาคใต้,447,8426
2026-09-28,SY-D-039,กรุงเทพฯ,421,9287
2026-09-28,SY-D-039,ภาคกลาง,342,7308
2026-09-28,SY-D-039,ภาคตะวันออก,271,4596
2026-09-28,SY-D-039,ภาคเหนือ,237,3770
2026-09-28,SY-D-039,ภาคใต้,323,5879
2026-09-28,AG-E-052,กรุงเทพฯ,129,2298
2026-09-28,AG-E-052,ภาคกลาง,116,1989
2026-09-28,AG-E-052,ภาคตะวันออก,78,1510
2026-09-28,AG-E-052,ภาคเหนือ,70,1271
2026-09-28,AG-E-052,ภาคใต้,91,1421
2026-09-29,TK-A-001,กรุงเทพฯ,171,2797
2026-09-29,TK-A-001,ภาคกลาง,137,2280
2026-09-29,TK-A-001,ภาคตะวันออก,111,2019
2026-09-29,TK-A-001,ภาคเหนือ,103,1594
2026-09-29,TK-A-001,ภาคใต้,122,2048
2026-09-29,GL-B-014,กรุงเทพฯ,930,17548
2026-09-29,GL-B-014,ภาคกลาง,815,14680
2026-09-29,GL-B-014,ภาคตะวันออก,608,9721
2026-09-29,GL-B-014,ภาคเหนือ,476,7786
2026-09-29,GL-B-014,ภาคใต้,680,11852
2026-09-29,MK-C-028,กรุงเทพฯ,710,11283
2026-09-29,MK-C-028,ภาคกลาง,592,10119
2026-09-29,MK-C-028,ภาคตะวันออก,398,6656
2026-09-29,MK-C-028,ภาคเหนือ,365,5814
2026-09-29,MK-C-028,ภาคใต้,419,9112
2026-09-29,SY-D-039,กรุงเทพฯ,492,8608
2026-09-29,SY-D-039,ภาคกลาง,380,5518
2026-09-29,SY-D-039,ภาคตะวันออก,284,4166
2026-09-29,SY-D-039,ภาคเหนือ,238,3890
2026-09-29,SY-D-039,ภาคใต้,280,5338
2026-09-29,AG-E-052,กรุงเทพฯ,128,2748
2026-09-29,AG-E-052,ภาคกลาง,118,1823
2026-09-29,AG-E-052,ภาคตะวันออก,83,1393
2026-09-29,AG-E-052,ภาคเหนือ,77,1357
2026-09-29,AG-E-052,ภาคใต้,98,1557
2026-09-30,TK-A-001,กรุงเทพฯ,178,2872
2026-09-30,TK-A-001,ภาคกลาง,152,2268
2026-09-30,TK-A-001,ภาคตะวันออก,114,1693
2026-09-30,TK-A-001,ภาคเหนือ,100,1500
2026-09-30,TK-A-001,ภาคใต้,123,2062
2026-09-30,GL-B-014,กรุงเทพฯ,1005,16348
2026-09-30,GL-B-014,ภาคกลาง,674,15014
2026-09-30,GL-B-014,ภาคตะวันออก,535,9891
2026-09-30,GL-B-014,ภาคเหนือ,459,8450
2026-09-30,GL-B-014,ภาคใต้,623,12232
2026-09-30,MK-C-028,กรุงเทพฯ,697,12230
2026-09-30,MK-C-028,ภาคกลาง,493,10567
2026-09-30,MK-C-028,ภาคตะวันออก,394,6242
2026-09-30,MK-C-028,ภาคเหนือ,353,7272
2026-09-30,MK-C-028,ภาคใต้,466,8060
2026-09-30,SY-D-039,กรุงเทพฯ,443,7078
2026-09-30,SY-D-039,ภาคกลาง,367,6512
2026-09-30,SY-D-039,ภาคตะวันออก,266,4242
2026-09-30,SY-D-039,ภาคเหนือ,251,4840
2026-09-30,SY-D-039,ภาคใต้,294,5883
2026-09-30,AG-E-052,กรุงเทพฯ,139,2594
2026-09-30,AG-E-052,ภาคกลาง,106,2166
2026-09-30,AG-E-052,ภาคตะวันออก,78,1285
2026-09-30,AG-E-052,ภาคเหนือ,69,1285
2026-09-30,AG-E-052,ภาคใต้,82,1609
